PROBEID	ENTREZID	SYMBOL	CHR
7896746	100887749	MTND1P23	1
7896754	100287497	SEPTIN7P13	1
7896759	643837	LINC01128	1
7896761	148398	SAMD11	1
7896779	339451	KLHL17	1
7896798	84069	PLEKHN1	1
7896817	9636	ISG15	1
7896822	375790	AGRN	1
7896859	406984	MIR200B	1
7896861	406983	MIR200A	1
7896863	554210	MIR429	1
7896865	254173	TTLL10	1
7896878	126792	B3GALT6	1
7896882	6339	SCNN1D	1
7896908	126789	PUSL1	1
7896917	80772	CPTP	1
7896921	83756	TAS1R3	1
7896929	64856	VWA1	1
7896952	55210	ATAD3A	1
7896985	142678	MIB2	1
7897026	163688	CALML6	1
7897034	2563	GABRD	1
7897044	5590	PRKCZ	1
7897066	199990	FAAP20	1
7897068	6497	SKI	1
7897078	11079	RER1	1
7897089	9651	PLCH2	1
7897119	127281	PRXL2B	1
7897128	140625	ACTRT2	1
7897132	63976	PRDM16	1
7897154	27237	ARHGEF16	1
7897172	127262	TPRG1L	1
7897179	7161	TP73	1
7897196	148870	CCDC27	1
7897210	1677	DFFB	1
7897227	55966	AJAP1	1
7897236	8514	KCNAB2	1
7897257	388591	RNF207	1
7897263	388591	RNF207	1
7897277	148645	ICMT-DT	1
7897280	390992	HES3	1
7897288	83715	ESPN	1
7897295	80835	TAS1R1	1
7897305	3104	ZBTB48	1
7897322	148479	PHF13	1
7897329	90326	THAP3	1
7897339	23261	CAMTA1	1
7897370	9341	VAMP3	1
7897378	8863	PER3	1
7897404	11315	PARK7	1
7897416	50651	SLC45A1	1
7897426	765	CA6	1
7897441	9563	H6PD	1
7897449	80176	SPSB1	1
7897460	84275	SLC25A33	1
7897469	199953	TMEM201	1
7897482	5293	PIK3CD	1
7897509	64802	NMNAT1	1
7897522	116362	RBP7	1
7897527	10277	UBE4B	1
7897561	23095	KIF1B	1
7897620	5226	PGD	1
7897648	5195	PEX14	1
7897663	23435	TARDBP	1
7897675	10218	ANGPTL7	1
7897685	29914	UBIAD1	1
7897691	57540	DISP3	1
7897714	93611	FBXO44	1
7897728	26270	FBXO6	1
7897737	374946	DRAXIN	1
7897745	57085	AGTRAP	1
7897753	284498	C1orf167	1
7897801	26829	RNU5E-1	1
7897803	5351	PLOD1	1
7897824	9927	MFN2	1
7897849	60672	MIIP	1
7897860	943	TNFRSF8	1
7897877	7133	TNFRSF1B	1
7897890	55187	VPS13D	1
7897955	343066	AADACL4	1
7897960	126767	AADACL3	1
7897966	93190	CFAP107	1
7897974	390999	PRAMEF12	1
7897987	65122	PRAMEF2	1
7898057	10630	PDPN	1
7898070	7799	PRDM2	1
7898084	23254	KAZN	1
7898102	23254	KAZN	1
7898115	55092	TMEM51	1
7898124	114827	FHAD1	1
7898161	79180	EFHD2	1
7898167	11330	CTRC	1
7898176	63036	CELA2A	1
7898184	51032	CELA2B	1
7898192	23341	DNAJC16	1
7898227	23207	PLEKHM2	1
7898249	284723	SLC25A34	1
7898256	388595	TMEM82	1
7898263	54751	FBLIM1	1
7898278	23013	SPEN	1
7898296	149563	SRARP	1
7898300	1187	CLCNKA	1
7898314	1188	CLCNKB	1
7898328	26099	SZRD1	1
7898337	55707	NECAP2	1
7898371	103091866	LINC01145	1
7898377	9696	CROCC	1
7898413	29943	PADI1	1
7898431	51702	PADI3	1
7898448	23569	PADI4	1
7898466	353238	PADI6	1
7898483	55160	ARHGEF10L	1
7898516	81569	ACTL8	1
7898521	84966	IGSF21	1
7898533	127707	KLHDC7A	1
7898537	5081	PAX7	1
7898549	51154	MRTO4	1
7898556	54896	SLC66A1	1
7898582	644068	RPS14P3	1
7898594	3362	HTR6	1
7898602	23252	OTUD3	1
7898609	5322	PLA2G5	1
7898616	64600	PLA2G2F	1
7898623	127733	UBXN10	1
7898627	127731	VWA5B1	1
7898653	163933	FAM43B	1
7898655	978	CDA	1
7898677	9394	HS6ST1	2
7898679	84224	NBPF3	1
7898693	249	ALPL	1
7898707	401944	LDLRAD2	1
7898713	23436	CELA3B	1
7898725	10136	CELA3A	1
7898736	29092	LINC00339	1
7898739	998	CDC42	1
7898750	9923	ZBTB40	1
7898773	2046	EPHA8	1
7898793	712	C1QA	1
7898799	714	C1QC	1
7898805	713	C1QB	1
7898809	2048	EPHB2	1
7898833	23028	KDM1A	1
7898858	148898	ZNF436-AS1	1
7898869	259283	MDS2	1
7898875	6135	RPL11	1
7898881	6924	ELOA	1
7898894	57095	PITHD1	1
7898902	11313	LYPLA2	1
7898910	55629	PNRC2	1
7898916	57822	GRHL3	1
7898939	57185	NIPAL3	1
7898957	11123	RCAN3	1
7898967	400746	NCMAP	1
7898975	10250	SRRM1	1
7898988	25932	CLIC4	1
7898998	6007	RHD	1
7899005	23585	TMEM50A	1
7899016	6392	SDHD	11
7899018	55219	MACO1	1
7899023	26119	LDLRAP1	1
7899029	57134	MAN1C1	1
7899043	57190	SELENON	1
7899057	56181	MTFR1L	1
7899075	2134	EXTL1	1
7899087	149420	PDIK1L	1
7899093	79927	FAM110D	1
7899096	51042	ZNF593	1
7899101	10256	CNKSR1	1
7899124	378807	CATSPER4	1
7899134	64793	CEP85	1
7899153	83442	SH3BGRL3	1
7899160	1043	CD52	1
7899167	79727	LIN28A	1
7899173	79947	DHDDS	1
7899187	3151	HMGN2	1
7899192	6195	RPS6KA1	1
7899220	8289	ARID1A	1
7899244	55650	PIGV	1
7899253	84243	ZDHHC18	1
7899265	2810	SFN	1
7899273	10726	NUDC	1
7899284	388610	TRNP1	1
7899289	23038	WDTC1	1
7899310	84065	TMEM222	1
7899323	84958	SYTL1	1
7899343	2827	GPR3	1
7899346	51372	TMA7	3
7899350	199870	FAM76A	1
7899361	23673	STX12	1
7899377	5511	PPP1R8	1
7899392	677774	SCARNA1	1
7899394	9473	THEMIS2	1
7899407	27293	SMPDL3B	1
7899417	55113	XKR8	1
7899424	93974	ATP5IF1	1
7899436	83667	SESN2	1
7899448	54797	MED18	1
7899455	65979	PHACTR4	1
7899486	54952	TRNAU1AP	1
7899499	115273	RAB42	1
7899502	26824	RNU11	1
7899504	10691	GMEB1	1
7899519	51441	YTHDF2	1
7899528	4985	OPRD1	1
7899534	2035	EPB41	1
7899562	10076	PTPRU	1
7899595	100129196	MATN1-AS1	1
7899604	51538	ZCCHC17	1
7899615	347735	SERINC2	1
7899627	64129	TINAGL1	1
7899643	3061	HCRTR1	1
7899654	10657	KHDRBS1	1
7899675	55116	TMEM39B	1
7899688	23633	KPNA6	1
7899703	200081	TXLNA	1
7899719	79140	CCDC28B	1
7899727	55721	IQCC	1
7899737	8668	EIF3I	1
7899750	84734	FAM167B	1
7899753	3932	LCK	1
7899774	3065	HDAC1	1
7899790	81629	TSSK3	1
7899813	5928	RBBP4	1
7899821	57648	NHSL3	1
7899829	64766	S100PBP	1
7899841	3208	HPCA	1
7899851	113451	AZIN2	1
7899870	149076	ZNF362	1
7899884	7579	ZSCAN20	1
7899898	127540	HMGB4	1
7899905	127540	HMGB4	1
7899911	84970	C1orf94	1
7899921	2709	GJB5	1
7899927	127534	GJB4	1
7899932	2707	GJB3	1
7899939	2701	GJA4	1
7899943	79830	ZMYM1	1
7899957	9202	ZMYM4	1
7899990	23154	NCDN	1
7900001	339488	TFAP2E	1
7900009	192670	AGO4	1
7900051	192669	AGO3	1
7900076	27285	TEKT2	1
7900087	54936	ADPRS	1
7900095	55700	MAP7D1	1
7900119	9967	THRAP3	1
7900129	79729	SH3D21	1
7900146	80149	ZC3H12A	1
7900157	6232	RPS27	1
7900159	7802	DNALI1	1
7900167	55143	CDCA8	1
7900183	149175	MANEAL	1
7900192	127687	C1orf122	1
7900201	51118	UTP11	1
7900216	79647	AKIRIN1	1
7900228	4725	NDUFS5	1
7900235	23499	MACF1	1
7900336	23499	MACF1	1
7900340	353500	BMP8A	1
7900354	10450	PPIE	1
7900365	84879	MFSD2A	1
7900382	10487	CAP1	1
7900395	6018	RLF	1
7900409	127391	TMCO2	1
7900413	10269	ZMPSTE24	1
7900426	64744	SMAP2	1
7900438	65243	ZFP69B	1
7900446	339559	ZFP69	1
7900454	64789	EXO5	1
7900461	127396	ZNF684	1
7900468	4802	NFYC	1
7900488	407034	MIR30E	1
7900490	407031	MIR30C1	1
7900492	9132	KCNQ4	1
7900510	1503	CTPS1	1
7900531	2981	GUCA2B	1
7900540	284716	RIMKLA	1
7900546	79717	PPCS	1
7900555	728621	CCDC30	1
7900576	10465	PPIH	1
7900585	4904	YBX1	1
7900597	79078	C1orf50	1
7900603	100129924	TMEM269	1
7900609	114625	ERMAP	1
7900624	51058	ZNF691	1
7900635	440585	CFAP144	1
7900639	149465	CFAP57	1
7900654	128218	TMEM125	1
7900658	7075	TIE1	1
7900683	4352	MPL	1
7900699	991	CDC20	1
7900710	23334	SZT2	1
7900792	5792	PTPRF	1
7900833	9682	KDM4A	1
7900857	6487	ST3GAL3	1
7900878	9048	ARTN	1
7900888	9670	IPO13	1
7900911	1802	DPH2	1
7900922	533	ATP6V0B	1
7900931	8704	B4GALT2	1
7900944	149473	CCDC24	1
7900957	128209	KLF17	1
7900962	55929	DMAP1	1
7900979	55182	RNF220	1
7900999	339541	ARMH1	1
7901010	11004	KIF2C	1
7901038	6202	RPS8	1
7901046	26811	SNORD55	1
7901048	94161	SNORD46	1
7901050	94162	SNORD38A	1
7901052	94163	SNORD38B	1
7901054	1263	PLK3	1
7901073	7389	UROD	1
7901087	84842	HPDL	1
7901091	114034	TOE1	1
7901102	25974	MMACHC	1
7901110	10327	AKR1A1	1
7901123	4678	NASP	1
7901135	51249	TMEM69	1
7901140	23139	MAST2	1
7901175	10103	TSPAN1	1
7901187	541468	LURAP1	1
7901192	8438	RAD54L	1
7901212	7388	UQCRH	1
7901219	387338	NSUN4	1
7901229	2166	FAAH	1
7901247	127343	DMBX1	1
7901253	374973	TEX38	1
7901256	1580	CYP4B1	1
7901272	260293	CYP4X1	1
7901287	199974	CYP4Z1	1
7901293	284541	CYP4A22	1
7901299	51727	CMPK1	1
7901309	2301	FOXE3	1
7901311	2306	FOXD2	1
7901316	200010	SLC5A9	1
7901336	55437	STRADB	2
7901342	1996	ELAVL4	1
7901363	1031	CDKN2C	1
7901376	26994	RNF11	1
7901385	114883	OSBPL9	1
7901418	91408	BTF3L4	1
7901426	9372	ZFYVE9	1
7901445	100420258	PLA2G12AP1	1
7901447	84950	PRPF38A	1
7901460	2882	GPX7	1
7901466	348378	SHISAL2A	1
7901479	79699	ZYG11B	1
7901497	440590	ZYG11A	1
7901513	6342	SCP2	1
7901535	127435	PODN	1
7901549	1376	CPT2	1
7901557	63948	DMRTB1	1
7901565	1733	DIO1	1
7901577	115353	LRRC42	1
7901592	127428	TCEANC2	1
7901601	51253	MRPL37	1
7901611	619518	SSBP3-AS1	1
7901613	26027	ACOT11	1
7901675	163747	CIMAP2	1
7901687	199964	TMEM61	1
7901691	7809	BSND	1
7901696	255738	PCSK9	1
7901720	5563	PRKAA2	1
7901732	731	C8A	1
7901748	55277	FGGY	1
7901765	51361	HOOK1	1
7901788	4774	NFIA	1
7901802	414927	MGC34796	1
7901804	10207	PATJ	1
7901856	106478910	LAMTOR5P1	1
7901860	54596	L1TD1	1
7901867	7398	USP1	1
7901883	27329	ANGPTL3	1
7901895	84938	ATG4C	1
7901913	27022	FOXD3	1
7901915	29929	ALG6	1
7901931	84455	EFCAB7	1
7901948	79469	DLEU2L	1
7901951	5236	PGM1	1
7901969	4919	ROR1	1
7901982	148581	UBE2U	1
7901993	57685	CACHD1	1
7902023	55225	RAVER2	1
7902038	205	AK4	1
7902043	9829	DNAJC6	1
7902104	5142	PDE4B	1
7902127	84251	SGIP1	1
7902158	200132	DYNLT5	1
7902166	57708	MIER1	1
7902189	149233	IL23R	1
7902205	3595	IL12RB2	1
7902227	1647	GADD45A	1
7902235	57554	LRRC7	1
7902267	5301	PIN1P1	1
7902269	9295	SRSF11	1
7902282	11147	ANKRD13C-DT	1
7902290	1491	CTH	1
7902345	127253	TYW3	1
7902353	431707	LHX8	1
7902367	34	ACADM	1
7902382	5876	RABGGTB	1
7902396	692085	SNORD45C	1
7902425	256435	ST6GALNAC3	1
7902441	81849	ST6GALNAC5	1
7902452	26289	AK5	1
7902476	374986	MIGA1	1
7902495	91624	NEXN	1
7902512	11080	DNAJB4	1
7902518	54810	GIPC2	1
7902527	5737	PTGFR	1
7902541	10964	IFI44L	1
7902553	10561	IFI44	1
7902565	23266	ADGRL2	1
7902592	10620	ARID3B	15
7902594	5567	PRKACB	1
7902611	100128775	NEDD8P1	1
7902617	148418	SAMD13	1
7902623	58511	DNASE2B	1
7902634	80135	RPF1	1
7902645	100505741	SPATA1	1
7902660	126820	DNAI3	1
7902687	3491	CCN1	1
7902702	9635	CLCA2	1
7902721	1179	CLCA1	1
7902738	22802	CLCA4	1
7902754	9629	CLCA3P	1
7902771	51100	SH3GLB1	1
7902789	9653	HS2ST1	1
7902799	339524	LINC01140	1
7902808	339524	LINC01140	1
7902810	8543	LMO4	1
7902822	5586	PKN2	1
7902850	163351	GBP6	1
7902861	23507	LRRC8B	1
7902874	84230	LRRC8C	1
7902883	55144	LRRC8D	1
7902891	284695	ZNF326	1
7902913	8317	CDC7	1
7902930	343477	HSP90B3P	1
7902934	676	BRDT	1
7902957	253152	EPHX4	1
7902965	284697	BTBD8	1
7902977	284697	BTBD8	1
7902984	388649	C1orf146	1
7902992	79871	RPAP2	1
7903022	6083	SNORD21	1
7903032	22823	MTF2	1
7903049	343099	CCDC18	1
7903079	1810	DR1	1
7903092	54874	FNBP1L	1
7903119	5825	ABCD3	1
7903144	126969	SLC44A3	1
7903188	58155	PTBP2	1
7903203	51375	SNX7	1
7903214	9890	PLPPR4	1
7903227	54873	PALMD	1
7903239	178	AGL	1
7903281	23443	SLC35A3	1
7903294	64645	MFSD14A	1
7903308	54482	TRMT13	1
7903321	8634	RTCA	1
7903334	8556	CDC14A	1
7903355	54112	GPR88	1
7903358	7412	VCAM1	1
7903369	148867	SLC30A7	1
7903393	1901	S1PR1	1
7903401	94236	DNAJA1P5	1
7903404	55599	RNPC3	1
7903457	55170	PRMT6	1
7903461	22854	NTNG1	1
7903507	284611	EEIG2	1
7903519	55119	PRPF38B	1
7903530	163479	FNDC7	1
7903541	6814	STXBP3	1
7903561	642864	SPATA42	1
7903565	29899	GPSM2	1
7903586	56900	TMEM167B	1
7903592	57535	ELAPOR1	1
7903619	6301	SARS1	1
7903632	1952	CELSR2	1
7903667	284612	SYPL2	1
7903676	127002	ATXN7L2	1
7903688	284613	CYB561D1	1
7903694	83873	GPR61	1
7903703	2773	GNAI3	1
7903717	406974	MIR197	1
7903719	271	AMPD2	1
7903765	2944	GSTM1	1
7903777	2949	GSTM5	1
7903786	1435	CSF1	1
7903803	10768	AHCYL1	1
7903827	85369	STRIP1	1
7903851	164153	UBL4B	1
7903854	388662	SLC6A17	1
7903867	3749	KCNC4	1
7903878	64783	RBM15	1
7903884	84432	PROK1	1
7903893	963	CD53	1
7903908	10390	CEPT1	1
7903920	1117	CHI3L2	1
7903935	149620	CHIAP2	1
7903945	27159	CHIA	1
7903959	128344	CIMAP3	1
7903972	515	ATP5PB	1
7903980	128346	C1orf162	1
7903988	5906	RAP1A	1
7904000	11218	DDX20	1
7904018	55917	CTTNBP2NL	1
7904025	7482	WNT2B	1
7904036	829	CAPZA1	1
7904050	4343	MOV10	1
7904073	284467	TAFA3	1
7904084	246182	AKR7A2P1	1
7904086	9860	LRIG2	1
7904106	260425	MAGI3	1
7904131	64858	DCLRE1B	1
7904137	204851	HIPK1	1
7904158	56944	OLFML3	1
7904168	6847	SYCP1	1
7904203	7252	TSHB	1
7904211	81839	VANGL1	1
7904226	55356	SLC22A15	1
7904244	126868	MAB21L3	1
7904254	476	ATP1A1	1
7904287	914	CD2	1
7904293	5738	PTGFRN	1
7904303	9398	CD101	1
7904314	8458	TTF2	1
7904340	10905	MAN1A2	1
7904361	54855	TENT5C	1
7904364	10885	WDR3	1
7904396	51179	HAO2	1
7904408	3284	HSD3B2	1
7904421	3283	HSD3B1	1
7904429	128102	HSD3BP4	1
7904433	26227	PHGDH	1
7904478	51152	LINC00328	21
7904480	101954272	RNVU1-3	1
7904715	101954276	RNVU1-6	1
7904717	148738	HJV	1
7904726	10628	TXNIP	1
7904737	284615	ANKRD34A	1
7904742	128077	LIX1L	1
7904751	9939	RBM8A	1
7904755	8799	PEX11B	1
7904761	8515	ITGA10	1
7904796	148741	ANKRD35	1
7904812	10401	PIAS3	1
7904830	27246	RNF115	1
7904869	81926	ABHD17A	19
7904883	9557	CHD1L	1
7904907	607	BCL9	1
7904927	2703	GJA8	1
7904948	81926	ABHD17A	19
7904963	101954272	RNVU1-3	1
7904967	101954277	RNVU1-19	1
7904969	81552	VOPP1	7
7904974	767846	PFN1P2	1
7905058	103091866	LINC01145	1
7905088	8338	H2AC20	1
7905092	51027	BOLA1	1
7905099	11311	VPS45	1
7905116	51177	PLEKHO1	1
7905131	23632	CA14	1
7905147	79630	C1orf54	1
7905154	148523	CIART	1
7905163	54460	MRPS21	1
7905171	9129	PRPF3	1
7905185	23248	RPRD2	1
7905198	80222	TARS2	1
7905220	1893	ECM1	1
7905233	54507	ADAMTSL4	1
7905258	9869	SETDB1	1
7905283	8416	ANXA9	1
7905299	58497	PRUNE1	1
7905308	149428	BNIPL	1
7905324	54964	C1orf56	1
7905329	10962	MLLT11	1
7905339	126626	GABPB2	1
7905365	8394	PIP5K1A	1
7905374	5710	PSMD4	1
7905382	57592	ZNF687	1
7905395	5692	PSMB4	1
7905406	57530	CGN	1
7905428	7286	TUFT1	1
7905444	81609	SNX27	1
7905464	284485	RIIAD1	1
7905474	51686	OAZ3	1
7905483	254910	LCE5A	1
7905486	54544	CRCT1	1
7905490	353144	LCE3C	1
7905492	353143	LCE3B	1
7905496	388699	LINC00302	1
7905500	353141	LCE2D	1
7905503	353140	LCE2C	1
7905505	26239	LCE2B	1
7905507	353139	LCE2A	1
7905510	199834	LCE4A	1
7905512	100129271	KPLCE	1
7905515	448834	KPRP	1
7905517	353137	LCE1F	1
7905519	353135	LCE1E	1
7905523	353134	LCE1D	1
7905525	353132	LCE1B	1
7905528	353131	LCE1A	1
7905530	4184	SMCP	1
7905533	3713	IVL	1
7905536	163778	SPRR4	1
7905544	6698	SPRR1A	1
7905548	6707	SPRR3	1
7905553	6699	SPRR1B	1
7905559	149018	LELP1	1
7905563	4014	LORICRIN	1
7905571	6280	S100A9	1
7905576	338324	S100A7A	1
7905581	6271	S100A1	1
7905589	26097	CHTOP	1
7905598	23557	SNAPIN	1
7905606	4881	NPR1	1
7905631	65123	INTS3	1
7905664	11000	SLC27A3	1
7905677	148327	CREB3L4	1
7905700	9898	UBAP2L	1
7905733	10456	HAX1	1
7905746	89872	AQP10	1
7905754	57198	ATP8B2	1
7905789	3570	IL6R	1
7905801	126668	TDRD10	1
7905817	1141	CHRNB2	1
7905826	1163	CKS1B	1
7905831	80308	FLAD1	1
7905848	55891	LENEP	1
7905854	51043	ZBTB7B	1
7905862	149095	DCST1	1
7905881	8751	ADAM15	1
7905909	1945	EFNA4	1
7905918	1944	EFNA3	1
7905929	1942	EFNA1	1
7905938	55974	SLC50A1	1
7905951	80128	TRIM46	1
7905968	4580	MTX1	1
7905974	57657	HCN3	1
7905986	2224	FDPS	1
7905999	23623	RUSC1	1
7906017	645682	POU5F1P4	1
7906041	7818	DAP3	1
7906061	23208	SYT11	1
7906069	339403	RXFP4	1
7906072	28956	LAMTOR2	1
7906079	57111	RAB25	1
7906085	4000	LMNA	1
7906107	64218	SEMA4A	1
7906128	9673	SLC25A44	1
7906146	84283	TMEM79	1
7906154	128229	TSACC	1
7906163	57127	RHBG	1
7906177	164118	TTC24	1
7906185	128240	NAXE	1
7906194	54865	GPATCH4	1
7906197	60484	HAPLN2	1
7906205	63827	BCAN	1
7906223	51093	METTL25B	1
7906235	5546	PRCC	1
7906244	4914	NTRK1	1
7906264	375033	PEAR1	1
7906284	149499	LRRC71	1
7906307	55243	KIRREL1	1
7906330	912	CD1D	1
7906339	909	CD1A	1
7906348	911	CD1C	1
7906355	913	CD1E	1
7906365	391109	OR10K1	1
7906367	343406	OR10R2	1
7906370	391110	OR10R3P	1
7906372	128368	OR10Z1	1
7906374	128371	OR6K6	1
7906377	4332	MNDA	1
7906386	149628	PYHIN1	1
7906400	3428	IFI16	1
7906417	57863	CADM3	1
7906435	2532	ACKR1	1
7906443	2205	FCER1A	1
7906452	26476	OR10J1	1
7906458	325	APCS	1
7906469	54935	DUSP23	1
7906475	343413	FCRL6	1
7906486	56833	SLAMF8	1
7906496	3765	KCNJ9	1
7906501	477	ATP1A2	1
7906527	480	ATP1A4	1
7906552	844	CASQ1	1
7906564	8682	PEA15	1
7906574	474338	SUMO1P3	1
7906576	23385	NCSTN	1
7906597	4807	NHLH1	1
7906602	57216	VANGL2	1
7906613	57823	SLAMF7	1
7906622	4063	LY9	1
7906642	126823	KLHDC9	1
7906652	4817	NIT1	1
7906662	51506	UFC1	1
7906671	27005	USP21	1
7906688	5498	PPOX	1
7906703	4720	NDUFS2	1
7906720	2207	FCER1G	1
7906728	84134	TOMM40L	1
7906742	654790	PCP4L1	1
7906746	6391	SDHC	1
7906757	2212	FCGR2A	1
7906764	3310	HSPA6	1
7906777	2213	FCGR2B	1
7906786	84824	FCRLA	1
7906797	127943	FCRLB	1
7906810	11266	DUSP12	1
7906819	22926	ATF6	1
7906838	9722	NOS1AP	1
7906852	127933	UHMK1	1
7906863	6675	UAP1	1
7906878	4921	DDR2	1
7906900	4921	DDR2	1
7906919	5999	RGS4	1
7906930	83540	NUF2	1
7906954	5087	PBX1	1
7906973	440699	LRRC52	1
7906978	4259	MGST3	1
7906988	440700	LOC440700	1
7906995	7371	UCK2	1
7907012	116123	FMO9P	1
7907024	57645	POGK	1
7907032	84944	MAEL	1
7907053	92235	STYXL2	1
7907058	5451	POU2F1	1
7907079	92241	RCSD1	1
7907092	9019	MPZL1	1
7907104	55827	DCAF6	1
7907124	261726	TIPRL	1
7907135	375035	SFT2D2	1
7907146	9095	TBX19	1
7907156	6375	XCL1	1
7907160	481	ATP1B1	1
7907171	8548	BLZF1	1
7907183	55732	FIRRM	1
7907213	92344	GORAB	1
7907222	5396	PRRX1	1
7907232	80133	MROH9	1
7907249	2328	FMO3	1
7907260	388714	FMO6P	1
7907271	2327	FMO2	1
7907286	2326	FMO1	1
7907297	2329	FMO4	1
7907310	23215	PRRC2C	1
7907353	51603	METTL13	1
7907370	26052	DNM3	1
7907396	92346	C1orf105	1
7907404	51430	SUCO	1
7907430	356	FASLG	1
7907439	9588	PRDX6	1
7907445	27252	KLHL20	1
7907466	55157	DARS2	1
7907486	84614	ZBTB37	1
7907492	9910	RABGAP1L	1
7907531	9293	GPR52	1
7907537	27101	CACYBP	1
7907549	63923	TNN	1
7907568	101928751	LINC01657	1
7907572	60676	PAPPA2	1
7907601	57795	BRINP2	1
7907611	9462	RASAL2	1
7907633	84066	TEX35	1
7907649	400798	C1orf220	1
7907657	55103	RALGPS2	1
7907680	9917	FAM20B	1
7907690	64222	TOR3A	1
7907702	6646	SOAT1	1
7907719	126859	AXDND1	1
7907749	163589	TDRD5	1
7907769	148753	FAM163A	1
7907773	26092	TOR1AIP1	1
7907790	9857	CEP350	1
7907830	5768	QSOX1	1
7907849	89884	LHX4	1
7907861	9213	XPR1	1
7907882	57710	KIAA1614	1
7907893	3140	MR1	1
7907904	51278	IER5	1
7907907	100287948	LINC01699	1
7907911	777	CACNA1E	1
7907972	388719	LINC00272	1
7907977	353299	RGSL1	1
7907986	353299	RGSL1	1
7908003	80896	NPL	1
7908022	1660	DHX9	1
7908041	3915	LAMC1	1
7908072	3918	LAMC2	1
7908097	9887	SMG7	1
7908125	23179	RGL1	1
7908147	116461	TSEN15	1
7908161	81563	C1orf21	1
7908169	6045	RNF2	1
7908178	54823	SWT1	1
7908204	83872	HMCN1	1
7908312	10216	PRG4	1
7908330	54953	ODR4	1
7908351	5321	PLA2G4A	1
7908371	339476	ERVMER61-1	1
7908376	64407	RGS18	1
7908382	431704	RGS21	1
7908388	5996	RGS1	1
7908397	6003	RGS13	1
7908407	6233	RPS27A	2
7908409	5997	RGS2	1
7908421	6738	RO60	1
7908437	79577	CDC73	1
7908459	3075	CFH	1
7908481	10878	CFHR3	1
7908488	3078	CFHR1	1
7908492	10877	CFHR4	1
7908496	3080	CFHR2	1
7908499	81494	CFHR5	1
7908508	23418	CRB1	1
7908525	388722	C1orf53	1
7908529	56956	LHX9	1
7908543	140609	NEK7	1
7908553	5788	PTPRC	1
7908597	2494	NR5A2	1
7908614	23271	CAMSAP2	1
7908637	2848	GPR25	1
7908639	55765	INAVA	1
7908650	91156	IGFN1	1
7908672	5317	PKP1	1
7908692	376693	RPS10P7	1
7908694	89796	NAV1	1
7908732	55705	IPO9	1
7908758	149345	SHISA4	1
7908766	10440	TIMM17A	1
7908779	6051	RNPEP	1
7908793	1999	ELF3	1
7908812	9283	GPR37L1	1
7908816	59352	LGR6	1
7908841	4660	PPP1R12B	1
7908863	641515	MGAT4EP	1
7908879	8497	PPFIA4	1
7908907	134	ADORA1	1
7908917	7832	BTG2	1
7908924	5549	PRELP	1
7908931	26254	OPTC	1
7908940	493	ATP2B4	1
7908966	84719	LINC00260	1
7908968	54900	LAX1	1
7908988	6635	SNRPE	1
7908993	9580	SOX13	1
7909011	4194	MDM4	1
7909027	23114	NFASC	1
7909064	6900	CNTN2	1
7909088	9911	TMCC2	1
7909104	5129	CDK18	1
7909127	148808	MFSD4A	1
7909144	284581	PM20D1-AS1	1
7909155	553	AVPR1B	1
7909164	1510	CTSE	1
7909175	23380	SRGAP2	1
7909188	9641	IKBKE	1
7909214	83593	RASSF5	1
7909225	8444	DYRK3	1
7909236	9261	MAPKAPK2	1
7909250	29949	IL19	1
7909261	50604	IL20	1
7909271	11009	IL24	1
7909285	5208	PFKFB2	1
7909306	725	C4BPB	1
7909318	722	C4BPA	1
7909332	1604	CD55	1
7909350	1380	CR2	1
7909371	1378	CR1	1
7909390	1379	CR1L	1
7909400	4179	CD46	1
7909418	148696	LOC148696	1
7909425	57172	CAMK1G	1
7909441	50486	G0S2	1
7909446	3290	HSD11B1	1
7909455	80342	TRAF3IP3	1
7909478	27042	UTP25	1
7909494	255928	SYT14	1
7909503	56256	SERTAD4	1
7909510	55733	HHAT	1
7909529	55758	RCOR3	1
7909545	7188	TRAF5	1
7909561	84791	LINC00467	1
7909568	51514	DTL	1
7909586	5525	PPP2R5A	1
7909601	692157	SNORA16B	1
7909603	29937	NENF	1
7909610	467	ATF3	1
7909624	149647	GARIN4	1
7909628	28982	FLVCR1	1
7909642	79805	VASH2	1
7909661	26750	RPS6KC1	1
7909681	5629	PROX1	1
7909689	56950	SMYD2	1
7909708	1063	CENPF	1
7909730	3776	KCNK2	1
7909745	51133	KCTD3	1
7909768	128153	SPATA17	1
7909782	51018	RRP15	1
7909789	7042	TGFB2	1
7909801	127018	LYPLAL1	1
7909815	55699	IARS2	1
7909841	4139	MARK1	1
7909862	79762	C1orf115	1
7909866	54996	MTARC2	1
7909877	64757	MTARC1	1
7909890	3142	HLX	1
7909898	375056	MIA3	1
7909931	148362	BROX	1
7909946	400823	FAM177B	1
7909954	84976	DISP1	1
7909965	164127	CCDC185	1
7909967	824	CAPN2	1
7909990	100287497	SEPTIN7P13	1
7909992	23219	FBXO28	1
7910001	8560	DEGS1	1
7910014	29097	CNIH4	1
7910022	149111	CNIH3	1
7910030	127602	DNAH14	1
7910047	127602	DNAH14	1
7910054	127602	DNAH14	1
7910099	6726	SRP9	1
7910111	2052	EPHX1	1
7910134	83881	MIXL1	1
7910142	375057	STUM	1
7910146	5664	PSEN2	1
7910164	56997	COQ8A	1
7910184	503543	BTF3P9	1
7910190	339500	ZNF678	1
7910198	339500	ZNF678	1
7910211	339501	PRSS38	1
7910217	89780	WNT3A	1
7910229	375	ARF1	1
7910241	2987	GUK1	1
7910257	57165	GJC2	1
7910261	200205	IBA57	1
7910265	84033	OBSCN	1
7910369	128312	H2BC26	1
7910372	149603	RNF187	1
7910379	574029	DUSP5P1	1
7910381	574029	DUSP5P1	1
7910387	58480	RHOU	1
7910396	677790	TMEM78	1
7910398	5867	RAB4A	1
7910416	9816	URB2	1
7910427	2590	GALNT2	1
7910446	22796	COG2	1
7910466	10753	CAPN9	1
7910494	64801	ARV1	1
7910503	440730	TRIM67	1
7910520	8443	GNPAT	1
7910539	83932	SPRTN	1
7910589	54627	MAP10	1
7910591	84284	NTPCR	1
7910600	84451	MAP3K21	1
7910611	3775	KCNK1	1
7910618	148641	SLC35F3	1
7910630	388753	COA6	1
7910640	9453	GGPS1	1
7910651	6905	TBCE	1
7910680	7107	GPR137B	1
7910694	128178	EDARADD	1
7910706	3964	LGALS8	1
7910727	88	ACTN2	1
7910752	4548	MTR	1
7910792	6262	RYR2	1
7910901	100130331	LOC100130331	1
7910915	1131	CHRM3	1
7910923	56776	FMN2	1
7910950	8564	KMO	1
7910971	128025	WDR64	1
7910997	9156	EXO1	1
7911017	10806	SDCCAG8	1
7911038	10472	ZBTB18	1
7911045	440742	LOC440742	1
7911049	200159	SPMIP3	1
7911056	257044	CATSPERE	1
7911078	51029	DESI2	1
7911085	116228	COX20	1
7911096	84288	EFCAB2	1
7911112	84288	EFCAB2	1
7911114	55083	KIF26B	1
7911138	163882	CNST	1
7911155	51097	SCCPDH	1
7911170	149134	LINC01341	1
7911174	317705	VN1R5	1
7911178	114548	NLRP3	1
7911197	441932	OR2W5P	1
7911199	148823	GCSAML	1
7911207	81470	OR2G2	1
7911209	81469	OR2G3	1
7911215	81439	OR9H1P	1
7911233	343172	OR2T8	1
7911237	284521	OR2L13	1
7911241	391190	OR2L8	1
7911243	391191	OR2AK2	1
7911248	81466	OR2L5	1
7911252	26246	OR2L2	1
7911258	391192	OR2L3	1
7911263	127059	OR2M5	1
7911265	391194	OR2M2	1
7911267	127062	OR2M3	1
7911269	26245	OR2M4	1
7911271	127066	OR14C36	1
7911273	127074	OR2T4	1
7911276	254879	OR2T6	1
7911278	26696	OR2T1	1
7911287	391211	OR2G6	1
7911289	79894	ZNF672	1
7911301	267002	PGBD2	1
7911351	79854	LINC00115	1
7911359	26155	NOC2L	1
7911371	84808	PERM1	1
7911376	57801	HES4	1
7911383	54991	C1orf159	1
7911403	8784	TNFRSF18	1
7911413	7293	TNFRSF4	1
7911422	51150	SDF4	1
7911435	388581	C1QTNF12	1
7911444	118424	UBE2J2	1
7911458	116983	ACAP3	1
7911486	54973	INTS11	1
7911529	54587	MXRA8	1
7911532	54998	AURKAIP1	1
7911539	81669	CCNL2	1
7911559	55052	MRPL20	1
7911566	55052	MRPL20	1
7911568	29101	SSU72	1
7911600	65220	NADK	1
7911619	2782	GNB1	1
7911634	339456	TMEM52	1
7911643	85452	CFAP74	1
7911657	85452	CFAP74	1
7911659	85452	CFAP74	1
7911681	100506504	PRKCZ-AS1	1
7911683	199990	FAAP20	1
7911701	79906	MORN1	1
7911718	100129534	LOC100129534	1
7911720	5192	PEX10	1
7911730	55229	PANK4	1
7911750	388585	HES5	1
7911754	8764	TNFRSF14	1
7911767	79258	MMEL1	1
7911793	440556	PRDM16-DT	1
7911796	440556	PRDM16-DT	1
7911799	1953	MEGF6	1
7911839	49856	WRAP73	1
7911854	57212	GFOD3P	1
7911862	57470	LRRC47	1
7911870	9731	CEP104	1
7911897	339448	C1orf174	1
7911902	261734	NPHP4	1
7911941	26038	CHD5	1
7911989	6146	RPL22	1
7911993	23463	ICMT	1
7912004	387509	GPR153	1
7912012	11332	ACOT7	1
7912031	54626	HES2	1
7912086	79707	NOL9	1
7912102	9903	KLHL21	1
7912112	55735	DNAJC11	1
7912136	10911	UTS2	1
7912145	3604	TNFRSF9	1
7912157	54206	ERRFI1	1
7912166	473	RERE	1
7912198	2023	ENO1	1
7912211	155184	SLC2A7	1
7912224	6518	SLC2A5	1
7912239	80045	GPR157	1
7912250	106614088	MIR34AHG	1
7912254	644997	PIK3CD-AS1	1
7912257	22883	CLSTN1	1
7912283	56998	CTNNBIP1	1
7912292	84328	LZIC	1
7912303	1676	DFFA	1
7912316	54897	CASZ1	1
7912343	54897	CASZ1	1
7912347	54897	CASZ1	1
7912349	148345	C1orf127	1
7912361	10747	MASP2	1
7912374	6723	SRM	1
7912385	5394	EXOSC10	1
7912412	2475	MTOR	1
7912473	26232	FBXO2	1
7912481	10459	MAD2L2	1
7912496	4524	MTHFR	1
7912511	90231	KIAA2013	1
7912515	4878	NPPA	1
7912520	4879	NPPB	1
7912537	9249	DHRS3	1
7912580	440563	HNRNPCL2	1
7912622	126755	LRRC38	1
7912629	200197	TMEM51-AS1	1
7912638	200197	TMEM51-AS1	1
7912646	842	CASP9	1
7912659	79814	AGMAT	1
7912672	729614	SPEN-AS1	1
7912675	7709	ZBTB17	1
7912692	27129	HSPB7	1
7912701	348487	FAM131C	1
7912706	1969	EPHA2	1
7912724	128272	ARHGEF19	1
7912743	79363	CPLANE2	1
7912750	54455	FBXO42	1
7912764	374955	SPATA21	1
7912784	114819	CROCCP3	1
7912839	84809	CROCCP2	1
7912852	1964	EIF1AX	X
7912854	284729	ESPNP	1
7912861	103091866	LINC01145	1
7912887	4237	MFAP2	1
7912898	23400	ATP13A2	1
7912928	6390	SDHB	1
7912937	11240	PADI2	1
7912956	55920	RCC2	1
7912968	80834	TAS1R2	1
7912975	8659	ALDH4A1	1
7912994	126917	IFFO2	1
7913001	23352	UBR4	1
7913110	23065	EMC1	1
7913138	246181	AKR7L	1
7913146	22977	AKR7A3	1
7913154	100506730	LOC100506730	1
7913156	8574	AKR7A2	1
7913169	832	CAPZB	1
7913187	255104	TMCO4	1
7913206	54546	RNF186	1
7913211	30814	PLA2G2E	1
7913216	5320	PLA2G2A	1
7913226	26279	PLA2G2D	1
7913235	391013	PLA2G2C	1
7913237	55450	CAMK2N1	1
7913242	79594	MUL1	1
7913249	100861548	PINK1-AS	1
7913271	57576	KIF17	1
7913290	400745	SH2D5	1
7913300	50809	HP1BP3	1
7913319	8672	EIF4G3	1
7913357	1889	ECE1	1
7913385	5909	RAP1GAP	1
7913415	84196	USP48	1
7913450	3339	HSPG2	1
7913547	54361	WNT4	1
7913558	7798	LUZP1	1
7913566	3352	HTR1D	1
7913571	10236	HNRNPR	1
7913582	80818	ZNF436	1
7913593	6920	TCEA3	1
7913609	55616	ASAP3	1
7913644	1870	E2F2	1
7913655	3399	ID3	1
7913667	2582	GALE	1
7913682	3155	HMGCL	1
7913694	2517	FUCA1	1
7913705	1269	CNR2	1
7913712	10772	SRSF10	1
7913727	127294	MYOM3	1
7913768	58985	IL22RA1	1
7913776	163702	IFNLR1	1
7913787	90529	STPG1	1
7913805	864	RUNX3	1
7913814	25949	SYF2	1
7913824	57035	RSRP1	1
7913835	6006	RHCE	1
7913850	646471	LOC646471	1
7913852	79000	AUNIP	1
7913858	164091	PAQR7	1
7913864	3925	STMN1	1
7913883	5051	PAFAH2	1
7913896	7780	SLC30A2	1
7913907	84676	TRIM63	1
7913918	91544	UBXN11	1
7913938	55057	CRYBG2	1
7913965	257101	ZNF683	1
7913978	54707	GPN2	1
7913990	63906	GPATCH3	1
7914000	8431	NR0B2	1
7914003	126695	KDF1	1
7914015	115572	TENT5B	1
7914021	6548	SLC9A1	1
7914042	9064	MAP3K6	1
7914075	8547	FCN3	1
7914084	388611	CD164L2	1
7914094	10163	WASF2	1
7914103	27245	AHDC1	1
7914112	2268	FGR	1
7914127	2537	IFI6	1
7914141	6118	RPA2	1
7914153	2140	EYA3	1
7914180	9789	SPCS2	11
7914184	5724	PTAFR	1
7914194	22826	DNAJC8	1
7914202	85028	SNHG12	1
7914218	6883	TAF12	1
7914232	399474	TMEM200B	1
7914235	6429	SRSF4	1
7914245	51102	MECR	1
7914260	4146	MATN1	1
7914270	7805	LAPTM5	1
7914282	9672	SDC3	1
7914296	9698	PUM1	1
7914326	79570	NKAIN1	1
7914334	9410	SNRNP40	1
7914342	2170	FABP3	1
7914354	553115	PEF1	1
7914361	1307	COL16A1	1
7914433	576	ADGRB2	1
7914467	90853	SPOCD1	1
7914489	8073	PTP4A2	1
7914500	56063	TMEM234	1
7914516	339483	MTMR9LP	1
7914525	65108	MARCKSL1	1
7914530	55108	BSDC1	1
7914550	339487	ZBTB8OS	1
7914557	81493	SYNC	1
7914563	8565	YARS1	1
7914580	252995	FNDC5	1
7914592	113452	TMEM54	1
7914603	127544	RNF19B	1
7914617	204	AK2	1
7914630	55223	TRIM62	1
7914643	127550	A3GALT2	1
7914648	1912	PHC2	1
7914667	114784	CSMD2	1
7914750	113444	SMIM12	1
7914758	58512	DLGAP3	1
7914791	6421	SFPQ	1
7914809	79932	KIAA0319L	1
7914834	5690	PSMB2	1
7914847	127703	C1orf216	1
7914851	63967	CLSPN	1
7914878	63967	CLSPN	1
7914880	1296	COL8A2	1
7914887	27095	TRAPPC3	1
7914898	55194	EVA1B	1
7914904	83931	STK40	1
7914917	84967	LSM10	1
7914923	127700	OSCP1	1
7914940	64960	MRPS15	1
7914950	1441	CSF3R	1
7914974	2899	GRIK3	1
7914996	64769	MEAF6	1
7915008	79753	SNIP1	1
7915015	29889	GNL2	1
7915032	284654	RSPO1	1
7915045	54955	AIRIM	1
7915056	284656	EPHA10	1
7915078	284656	EPHA10	1
7915084	79693	YRDC	1
7915091	4520	MTF1	1
7915101	3633	INPP5B	1
7915130	10946	SF3A3	1
7915147	2275	FHL3	1
7915156	5453	POU3F1	1
7915160	64121	RRAGC	1
7915184	54933	RHBDL2	1
7915204	728448	PPIEL	1
7915207	8761	PABPC4	1
7915227	677834	SNORA55	1
7915229	26508	HEYL	1
7915238	84618	NT5C1A	1
7915245	51440	HPCAL4	1
7915252	656	BMP8B	1
7915261	54802	TRIT1	1
7915277	4610	MYCL	1
7915286	5538	PPT1	1
7915297	1298	COL9A2	1
7915333	9783	RIMS3	1
7915347	163732	CITED4	1
7915351	200172	SLFNL1	1
7915363	22955	SCMH1	1
7915385	1907	EDN2	1
7915392	59269	HIVEP3	1
7915404	2980	GUCA2A	1
7915408	22887	FOXJ3	1
7915425	84217	ZMYND12	1
7915435	149461	CLDN19	1
7915444	64175	P3H1	1
7915468	374969	SVBP	1
7915472	6513	SLC2A1	1
7915485	10969	EBNA1BP2	1
7915500	149466	C1orf210	1
7915504	64834	ELOVL1	1
7915516	112950	MED8	1
7915529	81888	HYI	1
7915543	6536	SLC6A9	1
7915567	79033	ERI3	1
7915578	79639	TMEM53	1
7915590	26828	RNU5F-1	1
7915592	26830	RNU5D-1	1
7915598	266675	BEST4	1
7915609	343521	DYNLT4	1
7915612	8643	PTCH2	1
7915614	8643	PTCH2	1
7915640	8891	EIF2B3	1
7915659	79654	HECTD3	1
7915682	57643	ZSWIM5	1
7915695	4595	MUTYH	1
7915718	10420	TESK2	1
7915733	5052	PRDX1	1
7915743	149483	CCDC17	1
7915758	60313	GPBP1L1	1
7915775	3652	IPP	1
7915801	55624	POMGNT1	1
7915827	10489	LRRC41	1
7915841	148930	KNCN	1
7915846	8569	MKNK1	1
7915870	64756	ATPAF1	1
7915882	9813	EFCAB14	1
7915896	163720	CYP4Z2P	1
7915902	1579	CYP4A11	1
7915910	10158	PDZK1IP1	1
7915919	6886	TAL1	1
7915926	6491	STIL	1
7915949	388630	TRABD2B	1
7915955	54558	SPATA6	1
7915971	84871	AGBL4	1
7915982	79656	BEND5	1
7915991	63950	DMRTA2	1
7915995	11124	FAF1	1
7916024	22996	TTC39A	1
7916045	2060	EPS15	1
7916077	4898	NRDC	1
7916112	5865	RAB3B	1
7916120	51060	TXNDC12	1
7916135	200014	CC2D1B	1
7916167	4998	ORC1	1
7916185	23318	TUT4	1
7916219	65260	COA7	1
7916229	55268	ECHDC2	1
7916248	6512	SLC1A7	1
7916262	54987	CZIB	1
7916274	4116	MAGOH	1
7916282	7804	LRP8	1
7916304	148979	GLIS1	1
7916316	55706	NDC1	1
7916343	54432	YIPF1	1
7916356	51668	IFT25	1
7916364	388633	LDLRAD1	1
7916372	9528	TMEM59	1
7916384	200008	CDCP2	1
7916393	606495	CYB5RL	1
7916403	23648	SSBP3	1
7916412	338094	FAM151A	1
7916422	25973	PARS2	1
7916425	55001	TTC22	1
7916432	1718	DHCR24	1
7916443	23358	USP24	1
7916493	8613	PLPP3	1
7916506	199920	FYB2	1
7916526	732	C8B	1
7916541	1600	DAB1	1
7916570	115209	OMA1	1
7916584	4070	TACSTD2	1
7916590	204	AK2	1
7916592	114803	MYSM1	1
7916609	3725	JUN	1
7916616	1573	CYP2J2	1
7916629	127795	C1orf87	1
7916643	83941	TM2D1	1
7916654	163782	KANK4	1
7916669	85440	DOCK7	1
7916727	23421	ITGB3BP	1
7916747	3716	JAK1	1
7916777	406893	MIR101-1	1
7916785	10022	INSL5	1
7916789	79819	DNAI4	1
7916808	23169	SLC35D1	1
7916822	400757	C1orf141	1
7916836	26135	SERBP1	1
7916843	55970	GNG12	1
7916853	9077	DIRAS3	1
7916862	79971	WLS	1
7916882	6121	RPE65	1
7916898	55635	DEPDC1	1
7916910	55631	LRRC40	1
7916928	81573	ANKRD13C	1
7916944	5733	PTGER3	1
7916969	9406	ZRANB2	1
7916984	406962	MIR186	1
7916986	257194	NEGR1	1
7917004	127255	LRRIQ3	1
7917008	127255	LRRIQ3	1
7917015	105378803	LRRC53	1
7917019	127254	ERICH3	1
7917037	1429	CRYZ	1
7917052	204962	SLC44A5	1
7917080	1744	DLSTP1	1
7917082	127247	ASB17	1
7917088	10026	PIGK	1
7917103	26009	ZZZ3	1
7917120	23032	USP33	1
7917148	64853	AIDA	1
7917151	374987	NEXN-AS1	1
7917156	8880	FUBP1	1
7917182	64123	ADGRL4	1
7917199	79739	TTLL7	1
7917232	2787	GNG5	1
7917240	1486	CTBS	1
7917251	439927	LINC01555	1
7917255	117178	SSX2IP	1
7917276	23566	LPAR3	1
7917283	255231	MCOLN2	1
7917304	55283	MCOLN3	1
7917322	84144	SYDE2	1
7917331	148423	C1orf52	1
7917338	8915	BCL10	1
7917347	23576	DDAH1	1
7917359	54680	ZNHIT6	1
7917370	255631	COL24A1	1
7917433	57489	ODF2L	1
7917455	9403	SELENOF	1
7917472	2959	GTF2B	1
7917503	2635	GBP3	1
7917530	2634	GBP2	1
7917532	2634	GBP2	1
7917548	388646	GBP7	1
7917561	115361	GBP4	1
7917576	115362	GBP5	1
7917593	492303	GEMIN8P4	1
7917599	343472	BARHL2	1
7917604	84146	ZNF644	1
7917612	164045	HFM1	1
7917634	164045	HFM1	1
7917649	7049	TGFBR3	1
7917676	11146	GLMN	1
7917697	2672	GFI1	1
7917707	7813	EVI5	1
7917728	388650	DIPK1A	1
7917741	50999	TMED5	1
7917754	8412	BCAR3	1
7917771	30836	DNTTIP2	1
7917779	2730	GCLM	1
7917798	24	ABCA4	1
7917850	9411	ARHGAP29	1
7917875	2152	F3	1
7917885	1266	CNN3	1
7917896	199857	ALG14	1
7917906	6129	RPL7	8
7917912	1806	DPYD	1
7917946	163404	PLPPR5	1
7917954	391059	FRRS1	1
7917976	163786	SASS6	1
7917996	127495	LRRC39	1
7918008	1629	DBT	1
7918026	2135	EXTL2	1
7918034	51611	DPH5	1
7918052	118427	OLFM3	1
7918064	1301	COL11A1	1
7918157	10451	VAV3	1
7918188	29957	SLC25A24	1
7918223	113802	HENMT1	1
7918235	254268	AKNAD1	1
7918255	23155	CLCC1	1
7918275	22911	WDR47	1
7918284	6884	TAF13	1
7918294	127003	CFAP276	1
7918300	84722	PSRC1	1
7918313	343263	MYBPHL	1
7918323	6272	SORT1	1
7918345	5686	PSMA5	1
7918359	57463	AMIGO1	1
7918367	2780	GNAT2	1
7918379	2947	GSTM3	1
7918394	79574	EPS8L3	1
7918416	257	ALX3	1
7918426	9122	SLC16A4	1
7918437	10542	LAMTOR5	1
7918444	3744	KCNA10	1
7918449	3737	KCNA2	1
7918457	3738	KCNA3	1
7918467	55791	LRIF1	1
7918474	128338	DRAM2	1
7918487	79961	DENND2D	1
7918504	5016	OVGP1	1
7918517	79084	WDR77	1
7918552	55924	INKA2	1
7918558	3752	KCND3	1
7918569	54879	ST7L	1
7918593	389	RHOC	1
7918606	333926	PPM1J	1
7918620	100996702	LINC01356	1
7918622	6566	SLC16A1	1
7918634	10745	PHTF1	1
7918657	26191	PTPN22	1
7918681	54665	RSBN1	1
7918694	440603	BCL2L15	1
7918703	10717	AP4B1	1
7918716	148281	SYT6	1
7918725	51592	TRIM33	1
7918759	10286	BCAS2	1
7918768	163259	DENND2C	1
7918794	270	AMPD1	1
7918847	80143	SIKE1	1
7918857	10100	TSPAN2	1
7918869	4803	NGF	1
7918878	845	CASQ2	1
7918891	4808	NHLH2	1
7918902	965	CD58	1
7918913	3321	IGSF3	1
7918925	80263	TRIM45	1
7918936	79679	VTCN1	1
7918955	54834	GDAP2	1
7918973	200162	SPAG17	1
7919028	6913	TBX15	1
7919038	10352	WARS2	1
7919051	90874	ZNF697	1
7919055	3158	HMGCS2	1
7919067	83998	REG4	1
7919080	343505	NBPF7P	1
7919088	11085	ADAM30	1
7919095	4853	NOTCH2	1
7919197	84265	POLR3GL	1
7919208	114814	GNRHR2	1
7919217	200035	NUDT17	1
7919226	10623	POLR3C	1
7919243	11126	CD160	1
7919303	101447996	RNVU1-8	1
7919305	5565	PRKAB2	1
7919314	2330	FMO5	1
7919326	51205	ACP6	1
7919340	2702	GJA5	1
7919394	388685	LINC01138	1
7919560	101954267	RNVU1-15	1
7919570	101954269	RNVU1-17	1
7919578	440570	LOC440570	1
7919594	101954277	RNVU1-19	1
7919637	8349	H2BC21	1
7919642	317772	H2AC21	1
7919645	9900	SV2A	1
7919659	10262	SF3B4	1
7919669	10903	MTMR11	1
7919699	56957	OTUD7B	1
7919715	81611	ANP32E	1
7919729	51107	APH1A	1
7919743	574406	ADAMTSL4-AS1	1
7919751	4170	MCL1	1
7919763	2029	ENSA	1
7919780	55204	GOLPH3L	1
7919787	84072	HORMAD1	1
7919800	1520	CTSS	1
7919815	1513	CTSK	1
7919825	405	ARNT	1
7919856	29956	CERS2	1
7919872	55793	MINDY1	1
7919888	56882	CDC42SE1	1
7919898	10500	SEMA6C	1
7919923	388695	LYSMD1	1
7919929	29765	TMOD4	1
7919940	6944	VPS72	1
7919950	5298	PI4KB	1
7919971	5993	RFX5	1
7919984	8991	SELENBP1	1
7920000	23126	POGZ	1
7920027	11189	CELF3	1
7920047	65005	MRPL9	1
7920057	11022	TDRKH	1
7920082	6097	RORC	1
7920100	284486	THEM5	1
7920114	117145	THEM4	1
7920123	6281	S100A10	1
7920128	6282	S100A11	1
7920135	126637	TCHHL1	1
7920141	7062	TCHH	1
7920146	126638	RPTN	1
7920165	2312	FLG	1
7920175	388698	FLG2	1
7920178	49860	CRNN	1
7920182	353145	LCE3E	1
7920185	84648	LCE3D	1
7920191	353142	LCE3A	1
7920193	353133	LCE1C	1
7920196	6703	SPRR2D	1
7920205	6700	SPRR2A	1
7920210	6701	SPRR2B	1
7920214	6704	SPRR2E	1
7920220	114771	PGLYRP3	1
7920228	57115	PGLYRP4	1
7920238	6283	S100A12	1
7920244	6279	S100A8	1
7920249	645922	S100A7L2	1
7920252	6278	S100A7	1
7920258	6277	S100A6	1
7920264	6276	S100A5	1
7920271	6275	S100A4	1
7920278	6274	S100A3	1
7920285	6273	S100A2	1
7920291	140576	S100A16	1
7920297	57402	S100A14	1
7920303	6284	S100A13	1
7920317	3608	ILF2	1
7920341	57459	GATAD2B	1
7920354	9909	DENND4B	1
7920382	200186	CRTC2	1
7920401	27173	SLC39A1	1
7920409	10899	JTB	1
7920422	5872	RAB13	1
7920426	91181	NUP210L	1
7920472	7170	TPM3	1
7920487	388701	CFAP141	1
7920492	25912	C1orf43	1
7920506	126669	SHE	1
7920515	55585	UBE2Q1	1
7920531	103	ADAR	1
7920552	3782	KCNN3	1
7920567	10654	PMVK	1
7920575	57326	PBXIP1	1
7920594	90780	PYGO2	1
7920600	6464	SHC1	1
7920616	127579	DCST2	1
7920633	54344	DPM3	1
7920642	4582	MUC1	1
7920659	200185	KRTCAP2	1
7920664	7059	THBS3	1
7920687	2630	GBA1LP	1
7920697	2629	GBA1	1
7920707	10712	ENTREP3	1
7920725	10067	SCAMP3	1
7920737	1196	CLK2	1
7920744	5313	PKLR	1
7920757	284618	RUSC1-AS1	1
7920799	55249	YY1AP1	1
7920810	54856	GON4L	1
7920839	6016	RIT1	1
7920852	22889	KHDC4	1
7920873	677823	SNORA80E	1
7920875	677771	SCARNA4	1
7920877	9181	ARHGEF2	1
7920903	6746	SSR2	1
7920912	56893	UBQLN4	1
7920928	79957	PAQR6	1
7920944	23381	SMG5	1
7920971	112770	GLMP	1
7920980	391104	VHLL	1
7920984	7203	CCT3	1
7921003	10485	MIR9-1HG	1
7921012	407046	MIR9-1	1
7921014	4209	MEF2D	1
7921033	128239	IQGAP3	1
7921076	54865	GPATCH4	1
7921088	10763	NES	1
7921099	1382	CRABP2	1
7921110	81875	ISG20L2	1
7921121	79590	MRPL24	1
7921133	3068	HDGF	1
7921144	9047	SH2D2A	1
7921155	3645	INSRR	1
7921179	9826	ARHGEF11	1
7921222	440695	ETV3L	1
7921228	2117	ETV3	1
7921237	83416	FCRL5	1
7921259	83417	FCRL4	1
7921275	115352	FCRL3	1
7921298	79368	FCRL2	1
7921319	115350	FCRL1	1
7921332	922	CD5L	1
7921346	910	CD1B	1
7921354	128360	OR10T2	1
7921356	391107	OR10K2	1
7921360	391112	OR6Y1	1
7921362	128366	OR6P1	1
7921364	128367	OR10X1	1
7921367	6708	SPTA1	1
7921420	81448	OR6K2	1
7921422	391114	OR6K3	1
7921427	128372	OR6N1	1
7921429	81442	OR6N2	1
7921434	9447	AIM2	1
7921445	441911	OR10J3	1
7921447	127385	OR10J5	1
7921449	1401	CRP	1
7921473	25790	CFAP45	1
7921487	8407	TAGLN2	1
7921492	57549	IGSF9	1
7921516	89886	SLAMF9	1
7921526	93183	PIGM	1
7921533	3766	KCNJ10	1
7921538	93185	IGSF8	1
7921552	50717	DCAF8	1
7921571	5824	PEX19	1
7921583	1314	COPA	1
7921625	114836	SLAMF6	1
7921637	8832	CD84	1
7921652	6504	SLAMF1	1
7921667	962	CD48	1
7921677	51744	CD244	1
7921690	55600	ITLN1	1
7921702	142683	ITLN2	1
7921738	7391	USF1	1
7921752	257106	ARHGAP30	1
7921773	81607	NECTIN4	1
7921786	5202	PFDN2	1
7921793	9191	DEDD	1
7921806	8703	B4GALT3	1
7921821	9507	ADAMTS4	1
7921834	336	APOA2	1
7921840	9970	NR1I3	1
7921852	4359	MPZ	1
7921862	257177	CFAP126	1
7921868	2214	FCGR3A	1
7921882	25903	OLFML2B	1
7921895	284680	SPATA46	1
7921900	117157	SH2D1B	1
7921909	339512	CCDC190	1
7921916	8490	RGS5	1
7921936	4009	LMX1A	1
7921955	6258	RXRG	1
7921970	223	ALDH9A1	1
7921987	54499	TMCO1	1
7922001	149297	FAM78B	1
7922008	117143	TADA1	1
7922018	387597	ILDR2	1
7922029	10223	GPA33	1
7922040	919	CD247	1
7922051	8804	CREG1	1
7922058	55811	ADCY10	1
7922095	25874	MPC2	1
7922108	23432	GPR161	1
7922121	84832	ANKRD36BP1	1
7922130	1805	DPT	1
7922137	29922	NME7	1
7922152	57821	CCDC181	1
7922162	10560	SLC19A2	1
7922174	2153	F5	1
7922200	6403	SELP	1
7922219	6402	SELL	1
7922229	6401	SELE	1
7922243	92342	METTL18	1
7922250	57147	SCYL3	1
7922268	22920	KIFAP3	1
7922301	4653	MYOC	1
7922309	8674	VAMP4	1
7922330	5279	PIGC	1
7922337	8995	TNFSF18	1
7922343	7292	TNFSF4	1
7922351	101928673	PRDX6-AS1	1
7922353	284525	SLC9C2	1
7922382	339416	ANKRD45	1
7922391	91687	CENPL	1
7922400	26769	SNORD81	1
7922406	26770	SNORD79	1
7922408	692198	SNORD78	1
7922410	26806	SNORD44	1
7922412	692197	SNORD77	1
7922416	692195	SNORD75	1
7922418	619498	SNORD74	1
7922420	462	SERPINC1	1
7922432	149041	RC3H1	1
7922462	63931	MRPS14	1
7922474	9674	KIAA0040	1
7922482	7143	TNR	1
7922504	64326	COP1	1
7922525	460	ASTN1	1
7922590	400797	CLEC20A	1
7922596	646976	RALGPS2-AS1	1
7922598	9068	ANGPTL1	1
7922610	27	ABL2	1
7922627	7827	NPHS2	1
7922637	163590	TOR1AIP2	1
7922646	163590	TOR1AIP2	1
7922656	84320	ACBD6	1
7922669	10228	STX6	1
7922686	127665	ZNF648	1
7922689	2752	GLUL	1
7922703	127670	TEDDM1	1
7922707	6041	RNASEL	1
7922717	6004	RGS16	1
7922727	85397	RGS8	1
7922737	81626	SHCBP1L	1
7922756	23057	NMNAT2	1
7922773	4688	NCF2	1
7922793	10092	ARPC5	1
7922804	403314	APOBEC4	1
7922807	23127	COLGALT2	1
7922823	80267	EDEM3	1
7922846	116496	NIBAN1	1
7922870	81627	TRMT1L	1
7922889	10625	IVNS1ABP	1
7922912	7175	TPR	1
7922969	5132	PDC	1
7922976	5743	PTGS2	1
7922994	339479	BRINP3	1
7923007	51377	UCHL5	1
7923027	51022	GLRX2	1
7923034	8707	B3GALT2	1
7923043	343450	KCNT2	1
7923073	2165	F13B	1
7923086	259266	ASPM	1
7923119	360023	ZBTB41	1
7923131	163486	DENND1B	1
7923141	163486	DENND1B	1
7923164	127124	ATP6V1G3	1
7923173	406955	MIR181B1	1
7923175	406995	MIR181A1	1
7923183	23528	ZNF281	1
7923189	9928	KIF14	1
7923221	83479	DDX59	1
7923233	23046	KIF21B	1
7923271	779	CACNA1S	1
7923317	647219	ASCL5	1
7923319	252839	TMEM9	1
7923332	7139	TNNT2	1
7923347	3898	LAD1	1
7923360	7135	TNNI1	1
7923372	23612	PHLDA3	1
7923378	1465	CSRP1	1
7923386	25802	LMOD1	1
7923394	127829	ARL8A	1
7923406	5778	PTPN7	1
7923426	29089	UBE2T	1
7923442	127833	SYT2	1
7923453	10765	KDM5B	1
7923483	5877	RABIF	1
7923489	59349	KLHL12	1
7923503	51094	ADIPOR1	1
7923516	51706	CYB5R1	1
7923528	4656	MYOG	1
7923534	4608	MYBPH	1
7923547	1116	CHI3L1	1
7923562	1118	CHIT1	1
7923578	2331	FMOD	1
7923584	284573	LINC00303	1
7923596	55224	ETNK2	1
7923608	5972	REN	1
7923621	3814	KISS1	1
7923628	127845	GOLT1A	1
7923635	22874	PLEKHA6	1
7923659	84919	PPP1R15B	1
7923662	5287	PIK3C2B	1
7923700	10446	LRRN2	1
7923707	388730	TMEM81	1
7923712	5929	RBBP5	1
7923731	25778	DSTYK	1
7923753	81788	NUAK2	1
7923762	55220	KLHDC8A	1
7923772	93273	LEMD1	1
7923778	2005	ELK4	1
7923792	85414	SLC45A3	1
7923798	64710	NUCKS1	1
7923812	8934	RAB29	1
7923824	254428	SLC41A1	1
7923837	148811	PM20D1	1
7923850	115019	SLC26A9	1
7923875	440712	RHEX	1
7923885	574431	IKBKE-AS1	1
7923889	1939	EIF2D	1
7923907	3586	IL10	1
7923917	9214	FCMR	1
7923929	5284	PIGR	1
7923942	83953	FCAMR	1
7923958	79098	C1orf116	1
7923967	55432	YOD1	1
7923978	947	CD34	1
7923991	5362	PLXNA2	1
7924029	3914	LAMB3	1
7924055	148304	C1orf74	1
7924058	3664	IRF6	1
7924071	3756	KCNH1	1
7924085	343035	RD3	1
7924092	7779	SLC30A1	1
7924096	4751	NEK2	1
7924107	9926	LPGAT1	1
7924119	25896	INTS7	1
7924150	55248	PACC1	1
7924166	55509	BATF3	1
7924172	25936	NSL1	1
7924180	149643	SPATA45	1
7924184	642946	FLVCR1-DT	1
7924190	90806	ANGEL2	1
7924207	5784	PTPN14	1
7924230	81926	ABHD17A	19
7924233	7399	USH2A	1
7924309	2104	ESRRG	1
7924327	55105	GPATCH2	1
7924342	55532	SLC30A10	1
7924351	2058	EPRS1	1
7924388	10380	BPNT1	1
7924401	406997	MIR215	1
7924403	406969	MIR194-1	1
7924405	25782	RAB3GAP2	1
7924445	400804	LINC02817	1
7924450	11221	DUSP10	1
7924465	79802	HHIPL2	1
7924476	9015	TAF1A	1
7924491	64853	AIDA	1
7924499	7100	TLR5	1
7924508	55061	SUSD4	1
7924526	7159	TP53BP2	1
7924558	4931	NVL	1
7924582	80232	WDR26	1
7924603	3930	LBR	1
7924619	55740	ENAH	1
7924636	9725	TMEM63A	1
7924663	10637	LEFTY1	1
7924669	29920	PYCR2	1
7924682	7044	LEFTY2	1
7924686	163859	SDE2	1
7924701	64746	ACBD3	1
7924712	286826	LIN9	1
7924733	142	PARP1	1
7924760	3707	ITPKB	1
7924773	8476	CDC42BPA	1
7924821	401983	ZNF847P	1
7924823	65094	JMJD4	1
7924832	7483	WNT9A	1
7924842	79169	C1orf35	1
7924853	128308	MRPL55	1
7924863	574407	OBSCN-AS1	1
7924868	81559	TRIM11	1
7924874	51127	TRIM17	1
7924884	8290	H3-4	1
7924888	92815	H2AC25	1
7924897	126731	CCSAP	1
7924910	58	ACTA1	1
7924923	55746	NUP133	1
7924956	23456	ABCB10	1
7924969	27097	TAF5L	1
7924977	79605	PGBD5	1
7924987	183	AGT	1
7924996	84886	C1orf198	1
7925003	79573	TTC13	1
7925028	375061	FAM89A	1
7925031	149373	TRIM67-AS1	1
7925033	128061	C1orf131	1
7925043	149371	EXOC8	1
7925048	54583	EGLN1	1
7925058	645339	SNRPD2P2	1
7925062	57568	SIPA1L2	1
7925089	80003	PCNX2	1
7925130	6894	TARBP1	1
7925161	359948	IRF2BP2	1
7925170	100130249	LINC02961	1
7925174	9804	TOMM20	1
7925184	23029	RBM34	1
7925201	51742	ARID4B	1
7925229	148789	B3GALNT2	1
7925250	2786	GNG4	1
7925257	1130	LYST	1
7925320	4811	NID1	1
7925342	56605	ERO1B	1
7925361	100287902	LGALS8-AS1	1
7925364	55127	HEATR1	1
7925413	645745	MT1HL1	1
7925419	57829	ZP4	1
7925452	64388	GREM2	1
7925457	6000	RGS7	1
7925480	2271	FH	1
7925492	23596	OPN3	1
7925500	1122	CHML	1
7925504	440738	MAP1LC3C	1
7925511	200150	PLD5	1
7925525	9859	CEP170	1
7925531	10000	AKT3	1
7925550	159	ADSS2	1
7925561	3192	HNRNPU	1
7925565	3192	HNRNPU	1
7925585	101928068	LOC101928068	1
7925589	64754	SMYD3	1
7925611	64216	TFB2M	1
7925677	79862	ZNF669	1
7925687	388759	LINC02897	1
7925691	7678	ZNF124	1
7925705	84838	ZNF496	1
7925718	127623	OR2B11	1
7925726	441933	OR13G1	1
7925728	343169	OR6F1	1
7925732	26188	OR1C1	1
7925735	284532	OR14A16	1
7925737	391189	OR11L1	1
7925745	391196	OR2M7	1
7925751	127069	OR2T10	1
7925755	127077	OR2T11	1
7925759	403239	OR2T27	1
7925761	401994	OR14I1	1
7925763	80851	SH3BP5L	1
7925773	55657	ZNF692	1
7925792	10771	ZMYND11	10
7925813	414235	DIP2C-AS1	10
7925823	23560	GTPBP4	10
7925846	55853	IDI2-AS1	10
7925851	22884	WDR37	10
7925870	399706	LINC00200	10
7925876	5214	PFKP	10
7925904	83592	AKR1E2	10
7925929	8644	AKR1C3	10
7925939	1109	AKR1C4	10
7925950	114131	UCN3	10
7925954	10276	NET1	10
7925972	810	CALML3	10
7925978	54906	TASOR2	10
7925996	84893	FBH1	10
7926021	84991	RBM17	10
7926037	5209	PFKFB3	10
7926061	3698	ITIH2	10
7926084	509	ATP5F1C	10
7926096	83860	TAF3	10
7926105	2625	GATA3	10
7926127	10659	CELF2	10
7926150	107984208	USP6NL-AS1	10
7926152	79746	ECHDC3	10
7926158	254427	PROSER2	10
7926170	55526	DHTKD1	10
7926189	55176	SEC61A2	10
7926207	8872	CDC123	10
7926223	57118	CAMK1D	10
7926239	10133	OPTN	10
7926259	55388	MCM10	10
7926283	8559	PRPF18	10
7926299	51182	HSPA14	10
7926319	79723	SUV39H2	10
7926330	644890	MEIG1	10
7926334	55301	OLAH	10
7926345	10557	RPP38	10
7926356	9317	PTER	10
7926368	7431	VIM	10
7926385	8027	STAM	10
7926403	653567	TMEM236	10
7926410	4360	MRC1	10
7926445	653567	TMEM236	10
7926451	4360	MRC1	10
7926486	221074	SLC39A12	10
7926506	783	CACNB2	10
7926531	221079	ARL5B	10
7926545	84898	PLXDC2	10
7926565	8028	MLLT10	10
7926622	9576	SPAG6	10
7926638	219681	ARMC3	10
7926661	22921	MSRB2	10
7926674	256297	PTF1A	10
7926677	220213	OTUD1	10
7926679	56243	KIAA1217	10
7926708	79896	THNSL1	10
7926715	57512	GPR158	10
7926728	53904	MYO3A	10
7926766	2572	GAD2	10
7926786	54518	APBB1IP	10
7926807	23590	PDSS1	10
7926821	84930	MASTL	10
7926836	22931	RAB18	10
7926851	51322	WAC	10
7926875	25805	BAMBI	10
7926882	283080	C10orf126	10
7926889	84569	LYZL1	10
7926896	1163	CKS1B	1
7926900	1326	MAP3K8	10
7926916	6935	ZEB1	10
7926936	79741	CCDC7	10
7926983	1390	CREM	10
7927008	219771	CCNY	10
7927028	219770	GJD4	10
7927033	91074	ANKRD30A	10
7927062	7581	ZNF33A	10
7927071	7587	ZNF37A	10
7927082	158160	HSD17B7P2	10
7927091	399744	LINC00999	10
7927099	84856	LINC00839	10
7927108	9790	BMS1	10
7927120	5979	RET	10
7927146	55454	CSGALNACT2	10
7927155	53828	FXYD4	10
7927169	642819	ZNF487	10
7927173	220992	ZNF485	10
7927179	643236	TMEM72	10
7927186	83937	RASSF4	10
7927202	7570	ZNF22	10
7927207	338579	ANKRD30BP3	10
7927215	240	ALOX5	10
7927277	9721	GPRIN2	10
7927294	195977	ANTXRL	10
7927383	118738	ZNF488	10
7927389	5599	MAPK8	10
7927405	57705	WDFY4	10
7927425	57705	WDFY4	10
7927474	118461	C10orf71	10
7927482	1103	CHAT	10
7927502	6572	SLC18A3	10
7927505	282966	C10orf53	10
7927529	4477	MSMB	10
7927536	8031	NCOA4	10
7927606	5592	PRKG1	10
7927631	22943	DKK1	10
7927649	55847	CISD1	10
7927658	7321	UBE2D1	10
7927669	7019	TFAM	10
7927681	80114	BICC1	10
7927694	84457	PHYHIPL	10
7927710	983	CDK1	10
7927723	219621	CABCOCO1	10
7927732	84159	ARID5B	10
7927747	22891	ZNF365	10
7927767	84890	ADO	10
7927775	29982	NRBF2	10
7927784	84989	JMJD1C-AS1	10
7927786	221035	REEP3	10
7927799	221035	REEP3	10
7927801	305	ANXA2P3	10
7927803	347731	LRRTM3	10
7927814	23411	SIRT1	10
7927827	84665	MYPN	10
7927854	3189	HNRNPH3	10
7927876	80312	TET1	10
7927889	55749	CCAR1	10
7927915	219736	STOX1	10
7927926	79009	DDX50	10
7927936	9188	DDX21	10
7927955	26128	KIFBP	10
7927964	5552	SRGN	10
7927972	9559	VPS26A	10
7927981	6832	SUPV3L1	10
7927998	80201	HKDC1	10
7928019	3098	HK1	10
7928046	23555	TSPAN15	10
7928064	219738	FAM241B	10
7928069	1305	COL13A1	10
7928107	55506	MACROH2A2	10
7928119	1979	EIF4EBP2	10
7928126	27143	PALD1	10
7928147	140766	ADAMTS14	10
7928171	8879	SGPL1	10
7928189	219699	UNC5B	10
7928208	55315	SLC29A3	10
7928218	64072	CDH23	10
7928291	9469	CHST3	10
7928300	119504	ANAPC16	10
7928308	54541	DDIT4	10
7928318	90550	MCU	10
7928330	170392	OIT3	10
7928342	25961	NUDT13	10
7928354	317662	FAM149B1	10
7928369	9632	SEC24C	10
7928395	170384	FUT11	10
7928401	118487	CHCHD1	10
7928408	23053	ZSWIM8	10
7928411	23053	ZSWIM8	10
7928429	5328	PLAU	10
7928444	7414	VCL	10
7928471	132	ADK	10
7928491	23522	KAT6B	10
7928516	142891	SAMD8	10
7928524	7417	VDAC2	10
7928531	100131213	ZNF503-AS2	10
7928534	83938	LRMDA	10
7928545	100128292	DLG5-AS1	10
7928551	6229	RPS24	10
7928558	57178	ZMIZ1	10
7928589	10105	PPIF	10
7928671	80195	TMEM254	10
7928679	219348	PLAC9	10
7928685	84332	DYDC2	10
7928695	84293	PRXL2A	10
7928705	81619	TSPAN14	10
7928723	387694	SH2D4B	10
7928736	10718	NRG3	10
7928752	27069	GHITM	10
7928766	387695	GPR15LG	10
7928770	92211	CDHR1	10
7928789	5995	RGR	10
7928800	54462	CCSER2	10
7928823	94233	OPN4	10
7928838	11155	LDB3	10
7928855	657	BMPR1A	10
7928872	6623	SNCG	10
7928909	54537	SHLD2	10
7928937	9562	MINPP1	10
7928944	9060	PAPSS2	10
7928959	5728	PTEN	10
7928967	142910	LIPJ	10
7928982	8513	LIPF	10
7928994	643414	LIPK	10
7928999	643418	LIPN	10
7929003	340654	LIPM	10
7929026	100132116	ACTA2-AS1	10
7929032	355	FAS	10
7929047	3433	IFIT2	10
7929052	3437	IFIT3	10
7929061	439996	IFIT1B	10
7929065	3434	IFIT1	10
7929072	24138	IFIT5	10
7929078	9585	KIF20B	10
7929116	10556	RPP30	10
7929132	84333	PCGF5	10
7929145	143279	HECTD2	10
7929168	80351	TNKS2	10
7929201	9044	BTAF1	10
7929243	55651	NHP2	5
7929247	54708	MARCHF5	10
7929258	3832	KIF11	10
7929282	3087	HHEX	10
7929288	54536	EXOC6	10
7929315	340665	CYP26C1	10
7929322	1592	CYP26A1	10
7929334	55165	CEP55	10
7929344	338557	FFAR4	10
7929350	5146	PDE6C	10
7929373	9211	LGI1	10
7929383	159371	SLC35G1	10
7929388	51196	PLCE1	10
7929424	23232	TBC1D12	10
7929438	3070	HELLS	10
7929466	1562	CYP2C18	10
7929478	1557	CYP2C19	10
7929487	1559	CYP2C9	10
7929497	142827	ACSM6	10
7929511	953	ENTPD1	10
7929525	387707	CC2D2B	10
7929533	387707	CC2D2B	10
7929536	387707	CC2D2B	10
7929541	387707	CC2D2B	10
7929550	54619	CCNJ	10
7929562	9849	ZNF518A	10
7929574	1791	DNTT	10
7929596	84458	LCOR	10
7929609	84458	LCOR	10
7929616	10023	FRAT1	10
7929634	84287	ZDHHC16	10
7929649	80019	UBTD1	10
7929653	26287	ANKRD2	10
7929664	112817	HOGA1	10
7929674	414157	C10orf62	10
7929677	55361	PI4K2A	10
7929689	83742	MARVELD1	10
7929692	118813	ZFYVE27	10
7929711	401647	GOLGA7B	10
7929719	27291	R3HCC1L	10
7929732	26507	CNNM1	10
7929744	159296	NKX2-3	10
7929750	57089	ENTPD7	10
7929768	51076	CUTC	10
7929779	1244	ABCC2	10
7929816	6319	SCD	10
7929822	7479	WNT8B	10
7929831	55662	HIF1AN	10
7929840	5076	PAX2	10
7929858	55719	SLF2	10
7929882	57715	SEMA4G	10
7929901	56652	TWNK	10
7929911	84445	LZTS2	10
7929919	81855	SFXN3	10
7929932	81621	KAZALD1	10
7929947	3195	TLX1	10
7929958	8945	BTRC	10
7929976	25911	DPCD	10
7929988	79803	HPS6	10
7929990	23082	PPRC1	10
7930008	9221	NOLC1	10
7930025	83401	ELOVL3	10
7930031	8729	GBF1	10
7930074	4791	NFKB2	10
7930099	79176	FBXL15	10
7930106	79847	MFSD13A	10
7930120	51684	SUFU	10
7930139	81603	TRIM8	10
7930148	118980	SFXN2	10
7930162	54838	WBP1L	10
7930194	54805	CNNM2	10
7930205	729020	RPEL1	10
7930208	9118	INA	10
7930213	6877	TAF5	10
7930226	22984	PDCD11	10
7930264	9148	NEURL1	10
7930276	9748	SLK	10
7930299	119392	SFR1	10
7930304	9446	GSTO1	10
7930311	119391	GSTO2	10
7930320	159686	CFAP58	10
7930341	22986	SORCS3	10
7930380	120	ADD3	10
7930398	4601	MXI1	10
7930413	1847	DUSP5	10
7930422	9126	SMC3	10
7930454	27250	PDCD4	10
7930470	8036	SHOC2	10
7930482	150	ADRA2A	10
7930487	6975	TECTB	10
7930498	51703	ACSL5	10
7930524	143187	VTI1A	10
7930533	143187	VTI1A	10
7930537	6934	TCF7L2	10
7930561	3026	HABP2	10
7930577	840	CASP7	10
7930593	79949	PLEKHS1	10
7930614	374354	NHLRC2	10
7930627	153	ADRB1	10
7930631	56165	TDRD1	10
7930663	340706	VWA2	10
7930682	57700	FHIP2A	10
7930703	142940	TRUB1	10
7930714	26033	ATRNL1	10
7930750	374355	CCDC172	10
7930760	119548	PNLIPRP3	10
7930777	5406	PNLIP	10
7930790	5407	PNLIPRP1	10
7930804	5408	PNLIPRP2	10
7930818	387712	ENO4	10
7930833	338567	KCNK18	10
7930837	6571	SLC18A2	10
7930857	2018	EMX2	10
7930861	255082	CASC2	10
7930870	56993	TOMM22	22
7930872	340719	NANOS1	10
7930894	2869	GRK5	10
7930917	2869	GRK5	10
7930921	9531	BAG3	10
7930927	22876	INPP5F	10
7930956	11196	SEC23IP	10
7930980	196051	PLPP4	10
7930994	404216	LINC01561	10
7930996	55717	WDR11	10
7931031	10579	TACC2	10
7931062	118663	BTBD16	10
7931081	59338	PLEKHA1	10
7931097	5654	HTRA1	10
7931108	1755	DMBT1	10
7931140	375940	DMBT1L1	10
7931155	118670	FAM24A	10
7931159	118672	PSTK	10
7931168	36	ACADSB	10
7931181	340784	HMX3	10
7931184	3167	HMX2	10
7931187	9184	BUB3	10
7931199	2849	GPR26	10
7931204	64077	LHPP	10
7931216	23172	ABRAXAS2	10
7931226	54764	ZRANB1	10
7931239	26098	EDRF1	10
7931268	56647	BCCIP	10
7931281	92565	FANK1	10
7931293	1793	DOCK1	10
7931348	399823	FOXI2	10
7931353	5791	PTPRE	10
7931379	4255	MGMT	10
7931389	119437	CTAGE7P	10
7931393	10539	GLRX3	10
7931405	55844	PPP2R2D	10
7931417	282973	JAKMIP3	10
7931439	10570	DPYSL4	10
7931455	80313	LRRC27	10
7931469	170394	PWWP2B	10
7931473	170393	LINC02870	10
7931479	3632	INPP5A	10
7931500	84435	ADGRA1	10
7931519	85442	KNDC1	10
7931553	8433	UTF1	10
7931556	27287	VENTX	10
7931582	196743	PAOX	10
7931607	92170	MTG1	10
7931623	619207	SCART1	10
7931643	1571	CYP2E1	10
7931674	347688	TUBB8	10
7931683	22982	DIP2C	10
7931728	23185	LARP4B	10
7931748	91734	IDI2	10
7931754	3422	IDI1	10
7931764	105	ADARB2	10
7931778	10531	PITRM1	10
7931810	1316	KLF6	10
7931824	389932	AKR1C6P	10
7931832	1646	AKR1C2	10
7931840	340811	AKR1C8	10
7931852	79861	TUBAL3	10
7931859	51806	CALML5	10
7931863	79754	ASB13	10
7931873	2665	GDI2	10
7931888	54522	ANKRD16	10
7931899	3601	IL15RA	10
7931914	3559	IL2RA	10
7931930	5588	PRKCQ	10
7931951	57713	SFMBT2	10
7931977	80760	ITIH5	10
7932000	22944	KIN	10
7932014	399717	GATA3-AS1	10
7932019	414196	CELF2-AS1	10
7932023	9712	USP6NL	10
7932041	26019	UPF2	10
7932069	11164	NUDT5	10
7932082	83643	CCDC3	10
7932088	221044	UCMA	10
7932094	5264	PHYH	10
7932109	22929	SEPHS1	10
7932118	222389	BEND7	10
7932132	55691	FRMD4A	10
7932160	83641	FAM107B	10
7932177	441549	CDNF	10
7932186	64421	DCLRE1C	10
7932221	221060	RPP38-DT	10
7932227	9397	NMT2	10
7932243	221061	FAM171A1	10
7932254	8516	ITGA8	10
7932285	80013	MINDY3	10
7932308	389941	C1QL3	10
7932311	6251	RSU1	10
7932326	8029	CUBN	10
7932390	1787	TRDMT1	10
7932407	338596	ST8SIA6	10
7932420	9200	HACD1	10
7932433	221078	NSUN6	10
7932453	10529	NEBL	10
7932492	10529	NEBL	10
7932495	399726	MIR1915HG	10
7932498	387640	SKIDA1	10
7932512	64215	DNAJC1	10
7932528	340900	EBLN1	10
7932530	5305	PIP4K2A	10
7932542	256815	C10orf67	10
7932554	57584	ARHGAP21	10
7932584	56952	PRTFDC1	10
7932598	219670	ENKUR	10
7932616	10006	ABI1	10
7932637	22852	ANKRD26	10
7932678	10730	YME1L1	10
7932703	91452	ACBD5	10
7932721	387646	LRRC37A6P	10
7932727	374308	PTCHD3	10
7932733	283078	MKX	10
7932744	55130	ODAD2	10
7932765	143098	MPP7	10
7932796	6840	SVIL	10
7932826	57608	JCAD	10
7932864	119180	LYZL2	10
7932867	220929	ZNF438	10
7932885	94134	ARHGAP12	10
7932909	105376485	LOC105376485	10
7932911	3799	KIF5B	10
7932938	80314	EPC1	10
7932964	10438	C1D	2
7932966	3688	ITGB1	10
7932985	8829	NRP1	10
7933010	56288	PARD3	10
7933047	8453	CUL2	10
7933073	219770	GJD4	10
7933075	8325	FZD8	10
7933084	10135	NAMPT	7
7933092	57209	ZNF248	10
7933105	219749	ZNF25	10
7933121	414194	CCNYL2	10
7933129	100129482	ZNF37BP	10
7933139	7582	ZNF33B	10
7933149	221002	RASGEF1A	10
7933164	3185	HNRNPF	10
7933180	8187	ZNF239	10
7933186	7580	ZNF32	10
7933192	10151	HNRNPA3P1	10
7933194	6387	CXCL12	10
7933204	11067	DEPP1	10
7933209	220979	ZNF22-AS1	10
7933219	79290	OR13A1	10
7933228	220972	MARCHF8	10
7933237	93550	ZFAND4	10
7933263	26095	PTPN20	10
7933359	5949	RBP3	10
7933366	2658	GDF2	10
7933372	2662	GDF10	10
7933379	26095	PTPN20	10
7933437	26095	PTPN20	10
7933442	26095	PTPN20	10
7933469	58504	ARHGAP22	10
7933484	474354	LRRC18	10
7933488	196740	VSTM4	10
7933498	170370	FAM170B	10
7933501	644168	DRGX	10
7933537	55753	OGDHL	10
7933619	259230	SGMS1	10
7933640	29974	A1CF	10
7933659	23283	CSTF2T	10
7933665	4153	MBL2	10
7933672	65217	PCDH15	10
7933707	11130	ZWINT	10
7933723	253430	IPMK	10
7933733	220965	FAM13C	10
7933750	220963	SLC16A9	10
7933760	8030	CCDC6	10
7933772	288	ANK3	10
7933821	9886	RHOBTB1	10
7933842	219623	TMEM26	10
7933855	219790	RTKN2	10
7933872	1959	EGR2	10
7933877	221037	JMJD1C	10
7933904	29119	CTNNA3	10
7933933	56521	DNAJC12	10
7933947	26091	HERC4	10
7933978	220202	ATOH7	10
7933982	64081	PBLD	10
7933999	55680	RUFY2	10
7934026	1763	DNA2	10
7934050	8034	SLC25A16	10
7934074	6865	TACR2	10
7934083	50674	NEUROG3	10
7934101	84883	AIFM2	10
7934114	219743	TYSND1	10
7934122	56681	SAR1A	10
7934133	5464	PPA1	10
7934141	64106	NPFFR1	10
7934145	55222	LRRC20	10
7934156	4838	NODAL	10
7934161	5551	PRF1	10
7934166	219793	TBATA	10
7934178	5092	PCBD1	10
7934185	64115	VSIR	10
7934196	5660	PSAP	10
7934215	9806	SPOCK2	10
7934228	51008	ASCC1	10
7934244	54788	DNAJB12	10
7934255	10367	MICU1	10
7934271	84647	PLA2G12B	10
7934278	5033	P4HA1	10
7934301	11319	ECD	10
7934320	23234	DNAJC9	10
7934326	51021	MRPS16	10
7934334	118491	CFAP70	10
7934367	310	ANXA7	10
7934384	118490	MSS51	10
7934393	5532	PPP3CB	10
7934411	159195	USP54	10
7934434	58529	MYOZ1	10
7934442	79933	SYNPO2L	10
7934459	8509	NDST2	10
7934477	818	CAMK2G	10
7934505	414236	C10orf55	10
7934513	26985	AP3M1	10
7934527	338599	DUSP29	10
7934533	51207	DUSP13B	10
7934544	118881	COMTD1	10
7934553	84858	ZNF503	10
7934570	3778	KCNMA1	10
7934615	9231	DLG5	10
7934653	11128	POLR3A	10
7934690	219654	ZCCHC24	10
7934719	6441	SFTPD	10
7934731	10438	C1D	2
7934733	311	ANXA11	10
7934755	4143	MAT1A	10
7934767	143241	DYDC1	10
7934779	340745	LRIT2	10
7934783	26103	LRIT1	10
7934789	2894	GRID1	10
7934812	23063	WAPL	10
7934842	79812	MMRN2	10
7934870	84896	ATAD1	10
7934885	55328	RNLS	10
7934898	118932	ANKRD22	10
7934906	59	ACTA2	10
7934916	9023	CH25H	10
7934936	387700	SLC16A12	10
7934945	53354	PANK1	10
7934959	406901	MIR107	10
7934961	283011	FLJ37201	10
7934970	3363	HTR7	10
7934979	27063	ANKRD1	10
7934993	119369	NUDT9P1	10
7934997	5507	PPP1R3C	10
7935002	6726	SRP9	1
7935006	143282	FGFBP3	10
7935011	22849	CPEB3	10
7935027	3416	IDE	10
7935058	26509	MYOF	10
7935116	5950	RBP4	10
7935123	118924	FRA10AC1	10
7935139	266971	PIPSL	10
7935146	64318	NOC3L	10
7935169	1558	CYP2C8	10
7935180	9124	PDLIM1	10
7935188	10580	SORBS1	10
7935230	5832	ALDH18A1	10
7935251	26123	TCTN3	10
7935270	29760	BLNK	10
7935288	93377	OPALIN	10
7935296	7093	TLL2	10
7935320	56889	TM9SF3	10
7935337	118788	PIK3AP1	10
7935401	100533184	ARHGAP19-SLIT1	10
7935421	23401	FRAT2	10
7935425	23223	RRP12	10
7935462	51013	EXOSC1	10
7935474	64210	MMS19	10
7935510	118812	MORN4	10
7935521	60370	AVPI1	10
7935528	6425	SFRP5	10
7935535	55118	CRTAC1	10
7935553	84171	LOXL4	10
7935588	3257	HPS1	10
7935613	60495	HPSE2	10
7935627	2805	GOT1	10
7935639	81894	SLC25A28	10
7935647	1355	COX15	10
7935660	23268	DNMBP	10
7935679	1369	CPN1	10
7935692	10613	ERLIN1	10
7935707	1147	CHUK	10
7935730	55280	CWF19L1	10
7935746	282991	BLOC1S2	10
7935756	9033	PKD2L1	10
7935780	25956	SEC31B	10
7935810	4714	NDUFB8	10
7935819	84545	MRPL43	10
7935834	79955	PDZD7	10
7935855	10660	LBX1	10
7935865	27343	POLL	10
7935882	6468	FBXW4	10
7935892	2253	FGF8	10
7935903	10360	NPM3	10
7935910	10724	OGA	10
7935930	30819	KCNIP2	10
7935951	79591	ARMH3	10
7935968	8861	LDB1	10
7935983	5309	PITX3	10
7935990	5662	PSD	10
7936011	79004	CUEDC2	10
7936023	79946	C10orf95	10
7936028	10121	ACTR1A	10
7936041	403	ARL3	10
7936050	1586	CYP17A1	10
7936064	22978	NT5C2	10
7936083	84108	PCGF6	10
7936100	51063	CALHM2	10
7936108	255022	CALHM1	10
7936111	119395	CALHM3	10
7936115	9644	SH3PXD2A	10
7936134	79991	STN1	10
7936144	1308	COL17A1	10
7936201	80217	CFAP43	10
7936242	85450	ITPRIP	10
7936249	114815	SORCS1	10
7936284	7511	XPNPEP1	10
7936307	10285	SMNDC1	10
7936320	644511	RPL13AP6	10
7936322	57678	GPAM	10
7936346	64429	ZDHHC6	10
7936360	4892	NRAP	10
7936408	9937	DCLRE1A	10
7936439	84632	AFAP1L2	10
7936463	3983	ABLIM1	10
7936494	2674	GFRA1	10
7936507	143379	SPMIP5	10
7936516	259217	HSPA12A	10
7936529	57698	SHTN1	10
7936552	11023	VAX1	10
7936559	118987	PDZD8	10
7936567	22841	RAB11FIP2	10
7936578	63877	FAM204A	10
7936590	2834	PRLHR	10
7936596	143384	CACUL1	10
7936614	8661	EIF3A	10
7936637	641451	SNORA19	10
7936641	119559	SFXN4	10
7936661	10935	PRDX3	10
7936673	6001	RGS10	10
7936683	7073	TIAL1	10
7936706	79892	MCMBP	10
7936734	2263	FGFR2	10
7936762	11101	ATE1	10
7936777	54780	NSMCE4A	10
7936793	399814	C10orf120	10
7936817	80007	C10orf88	10
7936826	64376	IKZF5	10
7936856	51363	CHST15	10
7936871	4942	OAT	10
7936882	390010	NKX1-2	10
7936884	9679	FAM53B	10
7936891	399818	EEF1AKMT2	10
7936904	1488	CTBP2	10
7936918	387718	TEX36	10
7936923	228	ALDOAP2	10
7936925	399821	EDRF1-DT	10
7936928	118856	MMP21	10
7936937	7390	UROS	10
7936949	55760	DHX32	10
7936968	8038	ADAM12	10
7936996	118611	C10orf90	10
7937007	642938	INSYN2A	10
7937016	119467	CLRN3	10
7937020	4288	MKI67	10
7937039	253738	EBF3	10
7937059	256536	TCERG1L	10
7937073	399827	LINC01164	10
7937079	664	BNIP3	10
7937089	282974	STK32C	10
7937104	100128830	LINC01165	10
7937106	84504	NKX6-2	10
7937112	54777	CFAP46	10
7937135	54777	CFAP46	10
7937150	101	ADAM8	10
7937175	10844	TUBGCP2	10
7937198	50632	CALY	10
7937200	50632	CALY	10
7937208	282969	FUOM	10
7937217	1892	ECHS1	10
7937228	503542	SPRN	10
7937263	113746	CIMAP1A	11
7937275	60626	RIC8A	11
7937287	5719	PSMD13	11
7937305	171389	NLRP6	11
7937314	80162	PGGHG	11
7937330	10581	IFITM2	11
7937335	8519	IFITM1	11
7937341	338707	B4GALNT4	11
7937363	11187	PKP3	11
7937378	81490	PTDSS2	11
7937391	115399	LRRC56	11
7937404	692247	LMNTD2-AS1	11
7937407	8045	RASSF7	11
7937415	57661	PHRF1	11
7937433	1815	DRD4	11
7937438	283232	TMEM80	11
7937443	64787	EPS8L2	11
7937465	6888	TALDO1	11
7937474	171391	GATD1-DT	11
7937476	6181	RPLP2	11
7937483	619565	SNORA52	11
7937485	57104	PNPLA2	11
7937498	283229	CRACR2B	11
7937508	977	CD151	11
7937518	7106	TSPAN4	11
7937533	161	AP2A2	11
7937560	4583	MUC2	11
7937612	727897	MUC5B	11
7937667	9024	BRSK2	11
7937696	338651	KRTAP5-AS1	11
7937700	439915	KRTAP5-5	11
7937707	387742	FAM99A	11
7937709	440023	KRTAP5-6	11
7937713	90019	SYT8	11
7937728	7136	TNNI2	11
7937749	7140	TNNT3	11
7937763	6150	MRPL23	11
7937772	3481	IGF2	11
7937774	51214	IGF2-AS	11
7937782	10077	TSPAN32	11
7937802	975	CD81	11
7937813	10078	TSSC4	11
7937823	3784	KCNQ1	11
7937847	55539	KCNQ1DN	11
7937852	5002	SLC22A18	11
7937868	283303	MRGPRG-AS1	11
7937878	7221	TRPC2	11
7937882	417	ART1	11
7937892	27315	PGAP2	11
7937900	6786	STIM1	11
7937915	6240	RRM1	11
7937936	387747	OR52B3P	11
7937938	119774	OR52K2	11
7937940	390035	OR52K3P	11
7937942	390036	OR52K1	11
7937944	119772	OR52M1	11
7937946	143502	OR52I2	11
7937948	390037	OR52I1	11
7937950	390038	OR51D1	11
7937952	143503	OR51E1	11
7937961	56547	MMP26	11
7937973	119694	OR51F2	11
7937979	401665	OR51T1	11
7937982	119687	OR51A7	11
7937984	119682	OR51L1	11
7937986	119679	OR52J3	11
7937996	390058	OR51B6	11
7938000	390059	OR51M1	11
7938004	390061	OR51Q1	11
7938006	390064	OR51I2	11
7938008	390066	OR52D1	11
7938010	340980	OR52B6	11
7938035	10346	TRIM22	11
7938049	387748	OR56B1	11
7938053	390072	OR52N4	11
7938059	390077	OR52N2	11
7938061	390081	OR52E4	11
7938066	390083	OR56A3	11
7938072	196335	OR56B4	11
7938076	120787	OR52W1	11
7938078	160298	C11orf42	11
7938082	1262	CNGA4	11
7938090	887	CCKBR	11
7938100	6609	SMPD1	11
7938111	26515	TIMM10B	11
7938118	144132	DNHD1	11
7938128	144132	DNHD1	11
7938133	144132	DNHD1	11
7938139	144132	DNHD1	11
7938154	3611	ILK	11
7938170	144125	OR2AG1	11
7938172	144124	OR10A5	11
7938179	283297	OR10A4	11
7938181	120775	OR2D3	11
7938183	7762	ZNF215	11
7938195	338323	NLRP14	11
7938208	27288	RBMXL2	11
7938213	143425	SYT9	11
7938225	283298	OLFML1	11
7938231	8495	PPFIBP2	11
7938261	26343	OR5E1P	11
7938263	8665	EIF3F	11
7938269	7275	TUB	11
7938286	6157	RPL27A	11
7938291	619562	SNORA3A	11
7938293	677826	SNORA3B	11
7938295	6157	RPL27A	11
7938301	56672	AKIP1	11
7938309	283102	KRT8P41	11
7938313	10527	IPO7	11
7938329	677808	SNORA23	11
7938331	7702	ZNF143	11
7938348	7465	WEE1	11
7938364	7465	WEE1	11
7938366	7465	WEE1	11
7938370	23075	SWAP70	11
7938390	133	ADM	11
7938396	272	AMPD3	11
7938416	100129827	IRAG1-AS1	11
7938422	9646	CTR9	11
7938448	55031	USP47	11
7938481	27122	DKK3	11
7938485	9645	MICAL2	11
7938519	9645	MICAL2	11
7938528	55742	PARVA	11
7938544	7003	TEAD1	11
7938559	644943	RASSF10	11
7938563	406	BMAL1	11
7938592	84188	FAR1	11
7938608	10418	SPON1	11
7938629	5140	PDE3B	11
7938646	797	CALCB	11
7938652	387755	INSC	11
7938669	10944	C11orf58	11
7938687	4925	NUCB2	11
7938702	374383	NCR3LG1	11
7938707	340990	OTOG	11
7938730	4654	MYOD1	11
7938738	3746	KCNC1	11
7938741	117195	MRGPRX3	11
7938746	117196	MRGPRX4	11
7938750	494141	SLC25A51P4	11
7938756	144106	ST13P5	11
7938758	6288	SAA1	11
7938762	2965	GTF2H1	11
7938777	3939	LDHA	11
7938788	3948	LDHC	11
7938800	160287	LDHAL6A	11
7938812	144110	TMEM86A	11
7938816	54503	ZDHHC13	11
7938834	89797	NAV2	11
7938880	10553	HTATIP2	11
7938890	10196	PRMT3	11
7938907	9152	SLC6A5	11
7938925	4745	NELL1	11
7938951	203859	ANO5	11
7938975	57084	SLC17A6	11
7938989	2620	GAS2	11
7939007	338645	LUZP2	11
7939024	63982	ANO3	11
7939052	387758	FIBIN	11
7939056	8424	BBOX1	11
7939068	6230	RPS25	11
7939072	196074	METTL15	11
7939080	2488	FSHB	11
7939087	120534	ARL14EP	11
7939093	120526	DNAJC24	11
7939102	26610	ELP4	11
7939120	5954	RCN1	11
7939131	51352	WT1-AS	11
7939137	10480	EIF3M	11
7939150	79056	PRRG4	11
7939158	79832	QSER1	11
7939173	91614	DEPDC7	11
7939184	55346	TCP11L1	11
7939197	10114	HIPK3	11
7939215	25758	KIAA1549L	11
7939237	25758	KIAA1549L	11
7939242	4076	CAPRIN1	11
7939265	55226	NAT10	11
7939298	847	CAT	11
7939314	26298	EHF	11
7939329	8050	PDHX	11
7939341	960	CD44	11
7939365	24147	FJX1	11
7939368	54765	TRIM44	11
7939376	143458	LDLRAD3	11
7939383	79899	PRR5L	11
7939398	5896	RAG1	11
7939411	119710	IFTAP	11
7939424	8539	API5	11
7939434	55761	TTC17	11
7939463	406918	MIR129-2	11
7939465	51144	HSD17B12	11
7939492	387763	C11orf96	11
7939494	390110	ACCSL	11
7939507	84680	ACCS	11
7939524	2132	EXT2	11
7939546	3732	CD82	11
7939559	90139	TSPAN18	11
7939569	56981	PRDM11	11
7939581	399886	LINC02687	11
7939587	374387	LINC02716	11
7939590	55343	SLC35C1	11
7939595	1408	CRY2	11
7939613	9479	MAPK8IP1	11
7939620	120071	LARGE2	11
7939642	90993	CREB3L1	11
7939657	8525	DGKZ	11
7939665	4192	MDK	11
7939676	9776	ATG13	11
7939699	79797	ZNF408	11
7939706	2147	F2	11
7939723	79096	CSTPP1	11
7939738	1643	DDB2	11
7939751	10062	NR1H3	11
7939767	8567	MADD	11
7939805	91252	SLC39A13	11
7939818	114971	PTPMT1	11
7939825	4722	NDUFS3	11
7939835	399888	FAM180B	11
7939839	5795	PTPRJ	11
7939865	119765	OR4B1	11
7939867	119764	OR4X2	11
7939869	390113	OR4X1	11
7939871	256148	OR4S1	11
7939873	256144	OR4C3	11
7939877	403253	OR4A47	11
7939893	642623	UBTFL1	11
7939900	283092	OR4C13	11
7939902	646813	LOC646813	11
7939910	119749	OR4C46	11
7939912	79097	TRIM48	11
7939916	81327	OR4A16	11
7939918	81328	OR4A15	11
7939924	81309	OR4C15	11
7939926	219428	OR4C16	11
7939928	81300	OR4P4	11
7939930	219431	OR4S2	11
7939932	219432	OR4C6	11
7939940	390142	OR5D13	11
7939942	219436	OR5D14	11
7939944	219437	OR5L1	11
7939946	219438	OR5D18	11
7939948	26338	OR5L2	11
7939950	390144	OR5D16	11
7939954	84767	TRIM51	11
7939959	219447	OR5AS1	11
7939965	120586	OR8I2	11
7939967	390151	OR8H2	11
7939969	390152	OR8H3	11
7939971	282775	OR5J2	11
7939973	390154	OR5T3	11
7939975	390155	OR5T1	11
7939977	219473	OR8K3	11
7939979	390157	OR8K1	11
7939981	219477	OR8J1	11
7939992	219493	OR5AR1	11
7940000	390181	OR5AK2	11
7940002	219527	LRRC55	11
7940005	5024	P2RX3	11
7940022	349667	RTN4RL2	11
7940028	710	SERPING1	11
7940044	406919	MIR130A	11
7940046	10978	CLP1	11
7940051	25921	ZDHHC5	11
7940070	280636	SELENOH	11
7940103	219956	OR9Q1	11
7940108	219952	OR6Q1	11
7940112	219957	OR9Q2	11
7940114	219959	OR1S1	11
7940135	92292	GLYATL1	11
7940147	374393	FAM111B	11
7940153	63901	FAM111A	11
7940160	23220	DTX4	11
7940171	390195	OR5AN1	11
7940173	219982	OR5A1	11
7940175	219983	OR4D6	11
7940177	390197	OR4D10	11
7940187	219986	OR4D11	11
7940189	390199	OR4D9	11
7940191	6809	STX3	11
7940210	219990	OOSP2	11
7940216	932	MS4A3	11
7940226	2206	MS4A2	11
7940237	51338	MS4A4A	11
7940253	245802	MS4A6E	11
7940279	64232	MS4A5	11
7940287	931	MS4A1	11
7940299	54860	MS4A12	11
7940307	503497	MS4A13	11
7940315	283197	LINC00301	11
7940323	83661	MS4A8	11
7940333	219995	MS4A15	11
7940341	341116	MS4A10	11
7940349	79080	CCDC86	11
7940358	22917	ZP1	11
7940372	79073	TMEM109	11
7940377	54972	TMEM132A	11
7940391	923	CD6	11
7940409	921	CD5	11
7940451	26007	TKFC	11
7940473	51524	TMEM138	11
7940479	51259	TMEM216	11
7940486	54949	SDHAF2	11
7940493	220004	SAXO4	11
7940508	747	DAGLA	11
7940530	745	MYRF	11
7940561	2237	FEN1	11
7940565	9415	FADS2	11
7940582	7439	BEST1	11
7940598	399900	LOC399900	11
7940600	3619	INCENP	11
7940622	10648	SCGB1D1	11
7940626	4246	SCGB2A1	11
7940630	10647	SCGB1D2	11
7940636	4250	SCGB2A2	11
7940643	80150	ASRGL1	11
7940654	7356	SCGB1A1	11
7940662	6094	ROM1	11
7940669	790955	UQCC3	11
7940673	2785	GNG3	11
7940679	283237	TTC9C	11
7940688	5436	POLR2G	11
7940698	10629	TAF6L	11
7940711	374395	TMEM179B	11
7940717	6520	SLC3A2	11
7940737	387775	SLC22A10	11
7940749	114571	SLC22A9	11
7940762	85329	LGALS12	11
7940775	5920	PLAAT4	11
7940781	10313	RTN3	11
7940790	144097	SPINDOC	11
7940798	2011	MARK2	11
7940824	79829	NAA40	11
7940835	1351	COX8A	11
7940840	55611	OTUB1	11
7940851	23769	FLRT1	11
7940857	10963	STIP1	11
7940869	83706	FERMT3	11
7940884	84304	NUDT22	11
7940891	3338	DNAJC4	11
7940904	7423	VEGFB	11
7940914	2286	FKBP2	11
7940924	5331	PLCB3	11
7940959	56834	GPR137	11
7940989	2101	ESRRA	11
7940996	25824	PRDX5	11
7941004	283234	CCDC88B	11
7941039	8986	RPS6KA4	11
7941059	100996455	LINC02724	11
7941062	55867	SLC22A11	11
7941074	116085	SLC22A12	11
7941087	5526	PPP2R5B	11
7941122	29901	SAC3D1	11
7941127	7542	ZFPL1	11
7941136	738	VPS51	11
7941148	7108	TM7SF2	11
7941164	740	MRPL49	11
7941172	387778	SPDYC	11
7941179	823	CAPN1	11
7941203	440044	SLC22A20P	11
7941214	23649	POLA2	11
7941236	10435	CDC42EP2	11
7941243	5977	DPF2	11
7941255	220359	TIGD3	11
7941260	83786	FRMD8	11
7941272	378938	MALAT1	11
7941274	57410	SCYL1	11
7941296	10534	ZNRD2	11
7941302	23625	FAM89B	11
7941350	399909	PCNX3	11
7941364	399909	PCNX3	11
7941382	10524	KAT5	11
7941401	5017	OVOL1	11
7941408	254122	SNX32	11
7941425	80198	MUS81	11
7941444	1521	CTSW	11
7941457	11007	CCDC85B	11
7941460	10589	DRAP1	11
7941469	254187	TSGA10IP	11
7941478	9092	SART1	11
7941501	8815	BANF1	11
7941505	1474	CST6	11
7941511	10992	SF3B2	11
7941537	55690	PACS1	11
7941565	64837	KLC2	11
7941583	81876	RAB1B	11
7941587	254263	CNIH2	11
7941594	256472	TMEM151A	11
7941599	266743	NPAS4	11
7941610	246330	PELI3	11
7941621	10072	DPP3	11
7941662	89	ACTN3	11
7941685	9973	CCS	11
7941702	10432	RBM14	11
7941707	10432	RBM14	11
7941743	78999	LRFN4	11
7941746	254439	C11orf86	11
7941749	91683	SYT12	11
7941761	29984	RHOD	11
7941769	22992	KDM2A	11
7941797	156	GRK2	11
7941822	338692	ANKRD13D	11
7941843	54961	SSH3	11
7941879	374403	TBC1D10C	11
7941890	57571	CARNS1	11
7941900	6199	RPS6KB2	11
7941917	57010	CABP4	11
7941927	9049	AIP	11
7941936	2950	GSTP1	11
7941946	4723	NDUFV1	11
7941961	221	ALDH3B1	11
7941976	4728	NDUFS8	11
7941985	10312	TCIRG1	11
7942007	4041	LRP5	11
7942032	55291	PPP6R3	11
7942064	51083	GAL	11
7942073	3508	IGHMBP2	11
7942091	219931	TPCN2	11
7942118	26579	MYEOV	11
7942123	595	CCND1	11
7942135	55107	ANO1	11
7942168	8772	FADD	11
7942174	8500	PPFIA1	11
7942204	2017	CTTN	11
7942228	220070	SHANK2-AS3	11
7942232	55191	NADSYN1	11
7942261	3846	KRTAP5-9	11
7942267	387273	KRTAP5-10	11
7942279	55199	FAM86C1P	11
7942284	245911	DEFB108B	11
7942289	55298	RNF121	11
7942300	10068	IL18BP	11
7942328	2352	FOLR3	11
7942332	2348	FOLR1	11
7942342	3636	INPPL1	11
7942372	2350	FOLR2	11
7942381	89849	ATG16L2	11
7942400	5029	P2RY2	11
7942409	5031	P2RY6	11
7942417	9828	ARHGEF17	11
7942439	84957	RELT	11
7942453	58473	PLEKHB1	11
7942465	51642	MRPL48	11
7942476	80227	PAAF1	11
7942489	374407	DNAJB13	11
7942503	51400	PPME1	11
7942520	100287896	LIPT2-AS1	11
7942527	10714	POLD3	11
7942544	254225	RNF169	11
7942553	9789	SPCS2	11
7942562	10825	NEU3	11
7942569	11309	SLCO2B1	11
7942586	6188	RPS3	11
7942592	6079	SNORD15A	11
7942594	114599	SNORD15B	11
7942596	871	SERPINH1	11
7942603	80168	MOGAT2	11
7942613	84649	DGAT2	11
7942626	7405	UVRAG	11
7942647	100506127	GVQW3	11
7942650	56946	EMSY	11
7942674	25987	TSKU	11
7942679	55331	ACER3	11
7942693	192134	B3GNT6	11
7942697	726	CAPN5	11
7942715	4975	OMP	11
7942717	4647	MYO7A	11
7942771	646029	LINC03030	11
7942774	282679	AQP11	11
7942783	28971	AAMDC	11
7942793	7069	THRSP	11
7942796	100289388	KCTD21-AS1	11
7942798	57558	USP35	11
7942824	6234	RPS28	19
7942832	220042	DDIAS	11
7942839	51585	PCF11	11
7942858	338699	ANKRD42	11
7942879	55863	TMEM126B	11
7942889	84233	TMEM126A	11
7942896	220047	CCDC83	11
7942932	51501	HIKESHI	11
7942941	60494	CCDC81	11
7942957	11098	PRSS23	11
7942964	65084	TMEM135	11
7942991	7299	TYR	11
7943019	84767	TRIM51	11
7943047	642623	UBTFL1	11
7943051	10003	NAALAD2	11
7943075	120114	FAT3	11
7943098	4544	MTNR1B	11
7943103	159989	DEUP1	11
7943126	85459	CEP295	11
7943158	619383	SCARNA9	11
7943160	619383	SCARNA9	11
7943162	28970	C11orf54	11
7943176	9440	MED17	11
7943197	341208	HEPHL1	11
7943218	24145	PANX1	11
7943226	390243	IZUMO1R	11
7943231	54851	ANKRD49	11
7943240	143689	PIWIL4	11
7943263	154810	AMOTL1	11
7943282	55693	KDM4D	11
7943288	10929	SRSF8	11
7943293	23052	ENDOD1	11
7943297	9702	CEP57	11
7943314	8690	JRKL	11
7943319	53942	CNTN5	11
7943349	143872	ARHGAP42	11
7943369	143872	ARHGAP42	11
7943376	57562	CEP126	11
7943387	85016	CFAP300	11
7943398	10413	YAP1	11
7943413	330	BIRC3	11
7943424	329	BIRC2	11
7943442	79659	DYNC2H1	11
7943498	79659	DYNC2H1	11
7943521	414301	DDI1	11
7943530	2893	GRIA4	11
7943552	60496	AASDHPPT	11
7943562	55531	ELMOD1	11
7943573	55531	ELMOD1	11
7943577	54734	RAB39A	11
7943580	8065	CUL5	11
7943605	38	ACAT1	11
7943620	472	ATM	11
7943690	1662	DDX10	11
7943711	399947	C11orf87	11
7943715	85463	ZC3H12C	11
7943721	2230	FDX1	11
7943729	341032	POU2AF2	11
7943736	407041	MIR34B	11
7943740	399949	HOATZ	11
7943749	143903	LAYN	11
7943760	23235	SIK2	11
7943779	64776	CFAP68	11
7943803	85458	DIXDC1	11
7943827	1737	DLAT	11
7943842	55216	NKAPD1	11
7943853	6392	SDHD	11
7943859	56158	TEX12	11
7943867	83875	BCO2	11
7943882	5805	PTS	11
7943890	100132686	LOC100132686	11
7943892	4684	NCAM1	11
7943919	54970	TTC12	11
7943943	255239	ANKK1	11
7943958	9177	HTR3B	11
7943969	3359	HTR3A	11
7943984	7704	ZBTB16	11
7943998	4837	NNMT	11
7944006	10179	RBM7	11
7944011	25996	REXO2	11
7944023	120406	NXPE2	11
7944035	345	APOC3	11
7944042	5049	PAFAH1B2	11
7944049	51092	SIDT2	11
7944082	6876	TAGLN	11
7944096	257160	RNF214	11
7944113	22897	CEP164	11
7944152	3587	IL10RA	11
7944164	56649	TMPRSS4	11
7944179	916	CD3E	11
7944185	917	CD3G	11
7944195	9354	UBE4A	11
7944216	10632	ATP5MG	11
7944223	4297	KMT2A	11
7944262	4297	KMT2A	11
7944271	143941	TTC36	11
7944275	84866	TMEM25	11
7944285	372	ARCN1	11
7944302	23187	PHLDB1	11
7944335	643	CXCR5	11
7944341	7379	UPK2	11
7944351	283150	FOXR1	11
7944365	338657	CENATAC	11
7944375	51399	TRAPPC4	11
7944382	55823	VPS11	11
7944401	3145	HMBS	11
7944418	9854	C2CD2L	11
7944435	25988	HINFP	11
7944447	64137	ABCG4	11
7944463	79671	NLRX1	11
7944478	79849	NHERF4	11
7944493	867	CBL	11
7944510	79102	RNF26	11
7944527	107984399	LOC107984399	11
7944530	220323	OAF	11
7944537	25833	POU2F3	11
7944554	219902	TLCD5	11
7944560	23365	ARHGEF12	11
7944603	2900	GRIK4	11
7944623	219899	TBCEL	11
7944632	7007	TECTA	11
7944656	6309	SC5D	11
7944667	6653	SORL1	11
7944722	84959	UBASH3B	11
7944739	56253	CRTAM	11
7944751	79864	JHY	11
7944769	57476	GRAMD1B	11
7944793	338662	OR8D4	11
7944795	219875	OR4D5	11
7944797	390264	OR10G4	11
7944801	219869	OR10G8	11
7944803	4013	VWA5A	11
7944825	26541	OR10D1P	11
7944827	26497	OR10D3	11
7944834	26492	OR8G2P	11
7944843	390275	OR8A1	11
7944845	116337	PANX3	11
7944850	84897	TBRG1	11
7944869	53340	SPA17	11
7944876	4900	NRGN	11
7944882	64221	ROBO3	11
7944911	641654	HEPN1	11
7944913	80071	CCDC15	11
7944931	219855	SLC37A2	11
7944952	399965	KRT18P59	11
7944955	63876	PKNOX2	11
7944972	403312	LOC403312	11
7944978	9538	EI24	11
7944991	3703	STT3A	11
7945014	1111	CHEK1	11
7945033	160065	PATE1	11
7945040	219844	HYLS1	11
7945045	29118	DDX25	11
7945058	79607	FAM118B	11
7945071	55572	FOXRED1	11
7945086	114609	TIRAP	11
7945101	28960	DCPS	11
7945110	6484	ST3GAL4	11
7945125	283165	KIRREL3-AS3	11
7945132	2313	FLI1	11
7945146	3762	KCNJ5	11
7945162	8538	BARX2	11
7945169	120224	TMEM45B	11
7945177	440072	PRDM10-DT	11
7945182	334	APLP2	11
7945204	6768	ST14	11
7945228	646383	ZBTB44-DT	11
7945232	170689	ADAMTS15	11
7945241	283171	LINC02873	11
7945245	50863	NTM	11
7945262	83700	JAM3	11
7945275	112936	VPS26B	11
7945283	27034	ACAD8	11
7945296	112937	GLB1L3	11
7945321	89944	GLB1L2	11
7945349	51272	BET1L	11
7945357	23410	SIRT3	11
7945368	387733	IFITM5	11
7945371	10410	IFITM3	11
7945377	59307	SIGIRR	11
7945394	338440	ANO9	11
7945420	6050	RNH1	11
7945436	3265	HRAS	11
7945445	256329	LMNTD2	11
7945460	406992	MIR210	11
7945462	3665	IRF7	11
7945475	53841	CDHR5	11
7945498	6343	SCT	11
7945503	10522	DEAF1	11
7945521	347862	GATD1	11
7945536	51286	CEND1	11
7945539	79751	SLC25A22	11
7945550	55367	PIDD1	11
7945573	5441	POLR2L	11
7945579	66005	CHID1	11
7945595	4588	MUC6	11
7945620	54472	TOLLIP	11
7945631	81532	MOB2	11
7945641	1850	DUSP8	11
7945645	387264	KRTAP5-1	11
7945648	440021	KRTAP5-2	11
7945652	387266	KRTAP5-3	11
7945657	387267	KRTAP5-4	11
7945663	402778	IFITM10	11
7945666	1509	CTSD	11
7945712	7054	TH	11
7945730	430	ASCL2	11
7945734	29125	C11orf21	11
7945740	51121	RPL26L1	5
7945742	29850	TRPM5	11
7945767	1028	CDKN1C	11
7945774	5003	SLC22A18AS	11
7945781	7262	PHLDA2	11
7945786	4676	NAP1L4	11
7945801	677833	SNORA54	11
7945803	833	CARS1	11
7945831	114879	OSBPL5	11
7945857	386746	MRGPRG	11
7945859	116534	MRGPRE	11
7945864	7748	ZNF195	11
7945882	116969	ART5	11
7945896	57053	CHRNA10	11
7945902	4928	NUP98	11
7945944	391	RHOG	11
7945958	143496	OR52B4	11
7945962	6737	TRIM21	11
7945974	143501	C11orf40	11
7945979	55128	TRIM68	11
7945991	81285	OR51E2	11
7945999	256892	OR51F1	11
7946001	119695	OR52R1	11
7946004	119692	OR51S1	11
7946011	81282	OR51G2	11
7946013	79324	OR51G1	11
7946015	401666	OR51A4	11
7946017	401667	OR51A2	11
7946019	119678	OR52E2	11
7946021	390053	OR52A4P	11
7946023	390054	OR52A5	11
7946025	23538	OR52A1	11
7946031	283111	OR51V1	11
7946033	3043	HBB	11
7946041	3045	HBD	11
7946061	3046	HBE1	11
7946067	79339	OR51B4	11
7946069	79345	OR51B2	11
7946071	282763	OR51B5	11
7946073	390063	OR51I1	11
7946078	50613	UBQLN3	11
7946082	143630	UBQLNL	11
7946087	390067	OR52H1	11
7946089	85363	TRIM5	11
7946105	390075	OR52N5	11
7946107	79473	OR52N1	11
7946109	390078	OR52E6	11
7946111	390079	OR52E8	11
7946113	390084	OR56A5	11
7946115	338751	OR52L1	11
7946117	120793	OR56A4	11
7946119	120796	OR56A1	11
7946123	81274	OR52B1P	11
7946125	255725	OR52B2	11
7946128	84067	FHIP1B	11
7946142	112464	CAVIN3	11
7946149	322	APBB1	11
7946167	3263	HPX	11
7946180	10612	TRIM3	11
7946201	23647	ARFIP2	11
7946211	23378	RRP8	11
7946221	6881	TAF10	11
7946228	1200	TPP1	11
7946245	8642	DCHS1	11
7946267	63875	MRPL17	11
7946275	387751	GVINP1	11
7946278	338755	OR2AG2	11
7946280	8590	OR6A2	11
7946286	120776	OR2D2	11
7946288	7761	ZNF214	11
7946292	51700	CYB5R2	11
7946306	341277	OVCH2	11
7946321	79283	OR5P1P	11
7946323	120065	OR5P2	11
7946326	120066	OR5P3	11
7946330	390093	OR10A6	11
7946332	26496	OR10A3	11
7946334	338322	NLRP10	11
7946340	79608	RIC3	11
7946354	4004	LMO1	11
7946365	65975	STK33	11
7946380	9866	TRIM66	11
7946401	6764	DENND2B	11
7946428	56673	C11orf16	11
7946436	56676	ASCL3	11
7946439	56674	TMEM9B	11
7946446	56675	NRIP3	11
7946454	57758	SCUBE2	11
7946478	23258	DENND5A	11
7946504	440026	TMEM41B	11
7946516	81846	SBF2	11
7946569	50862	RNF141	11
7946579	10894	LYVE1	11
7946589	10335	IRAG1	11
7946610	1982	EIF4G2	11
7946635	58486	ZBED5	11
7946641	374378	GALNT18	11
7946655	283106	CSNK2A3	11
7946661	27122	DKK3	11
7946680	84280	BTBD10	11
7946687	5741	PTH	11
7946697	22800	RRAS2	11
7946703	1315	COPB1	11
7946728	5682	PSMA1	11
7946742	120227	CYP2R1	11
7946749	796	CALCA	11
7946757	55553	SOX6	11
7946781	144100	PLEKHA7	11
7946812	6207	RPS13	11
7946815	5286	PIK3C2A	11
7946853	3767	KCNJ11	11
7946860	6833	ABCC8	11
7946903	10083	USH1C	11
7946933	26297	SERGEF	11
7946946	7166	TPH1	11
7946957	113174	SAAL1	11
7946972	6290	SAA3P	11
7946983	6289	SAA2	11
7946986	6288	SAA1	11
7946988	11234	HPS5	11
7947015	7251	TSG101	11
7947027	55293	UEVLD	11
7947040	144108	SPTY2D1	11
7947052	283284	IGSF22	11
7947076	84867	PTPN5	11
7947093	259249	MRGPRX1	11
7947096	117194	MRGPRX2	11
7947099	8048	CSRP3	11
7947110	79733	E2F8	11
7947129	120237	DBX1	11
7947138	2188	FANCF	11
7947147	258010	SVIP	11
7947152	554234	RPL36AP40	11
7947156	143662	MUC15	11
7947165	159963	SLC5A12	11
7947189	91057	CCDC34	11
7947199	55366	LGR4	11
7947221	55327	LIN7C	11
7947230	627	BDNF	11
7947245	3324	HSP90AA2P	11
7947248	81930	KIF18A	11
7947270	3739	KCNA4	11
7947274	744	MPPED2	11
7947282	341019	DCDC1	11
7947322	341019	DCDC1	11
7947332	196294	IMMP1L	11
7947338	5080	PAX6	11
7947358	100190939	TPT1-AS1	13
7947363	7490	WT1	11
7947375	493860	CCDC73	11
7947396	1479	CSTF3	11
7947425	966	CD59	11
7947434	26273	FBXO3	11
7947450	4005	LMO2	11
7947462	25841	ABTB2	11
7947481	2001	ELF5	11
7947490	51074	APIP	11
7947496	6506	SLC1A2	11
7947512	25891	PAMR1	11
7947528	29099	COMMD9	11
7947531	29099	COMMD9	11
7947540	7189	TRAF6	11
7947548	5897	RAG2	11
7947553	57689	LRRC4C	11
7947563	60529	ALX4	11
7947570	9537	TP53I11	11
7947590	57586	SYT13	11
7947599	8534	CHST1	11
7947609	9409	PEX16	11
7947624	51317	PHF21A	11
7947649	1132	CHRM4	11
7947652	55626	AMBRA1	11
7947674	100271350	RPS10P19	11
7947676	283254	HARBI1	11
7947681	392	ARHGAP1	11
7947694	9793	CKAP5	11
7947744	4038	LRP4	11
7947784	84364	ARFGAP2	11
7947801	29763	PACSIN3	11
7947815	53	ACP2	11
7947828	4607	MYBPC3	11
7947861	6688	SPI1	11
7947867	5702	PSMC3	11
7947881	5913	RAPSN	11
7947894	10658	CELF1	11
7947917	55709	KBTBD4	11
7947928	114900	C1QTNF4	11
7947934	23788	MTCH2	11
7947947	79841	AGBL2	11
7947969	23360	FNBP4	11
7947991	23279	NUP160	11
7948039	403257	OR4C45	11
7948046	283092	OR4C13	11
7948085	7299	TYR	11
7948088	84275	SLC25A33	1
7948090	283093	OR4C12	11
7948092	441601	SEPTIN7P11	11
7948099	81318	OR4A5	11
7948101	403253	OR4A47	11
7948103	283093	OR4C12	11
7948105	219429	OR4C11	11
7948107	390148	OR5W2	11
7948109	10798	OR5I1	11
7948111	282770	OR10AG1	11
7948115	338674	OR5F1	11
7948119	81168	OR8J3	11
7948121	219453	OR8K5	11
7948125	219464	OR5T2	11
7948127	219469	OR8H1	11
7948129	219479	OR8U3	11
7948131	390162	OR5M9	11
7948133	219482	OR5M3	11
7948137	219484	OR5M8	11
7948144	219487	OR5M11	11
7948148	390167	OR5M10	11
7948150	390168	OR5M1	11
7948155	338675	OR5AP2	11
7948157	283189	OR9G4	11
7948161	81191	OR5G5P	11
7948167	187	APLNR	11
7948176	85456	TNKS1BP1	11
7948192	6749	SSRP1	11
7948211	6749	SSRP1	11
7948213	10394	PRG3	11
7948221	5553	PRG2	11
7948249	8501	SLC43A1	11
7948267	26519	TIMM10	11
7948274	9246	UBE2L6	11
7948282	219539	YPEL4	11
7948293	219541	MED19	11
7948310	219954	OR9I1	11
7948312	219958	OR1S2	11
7948314	219960	OR10Q1	11
7948316	81341	OR10W1	11
7948322	219965	OR5B17	11
7948324	441608	OR5B3	11
7948326	390190	OR5B2	11
7948328	390191	OR5B12	11
7948330	219968	OR5B21	11
7948332	9404	LPXN	11
7948344	10249	GLYAT	11
7948354	219970	GLYATL2	11
7948364	219972	MPEG1	11
7948377	219981	OR5A2	11
7948379	5007	OSBP	11
7948399	219988	PATL1	11
7948418	390201	OR10V1	11
7948424	54948	MRPL16	11
7948433	2694	CBLIF	11
7948444	6947	TCN1	11
7948455	64231	MS4A6A	11
7948470	11251	PTGDR2	11
7948476	27339	PRPF19	11
7948493	51296	SLC15A3	11
7948504	55048	VPS37C	11
7948511	220001	VWCE	11
7948534	1642	DDB1	11
7948565	220002	CYB561A3	11
7948574	79869	CPSF7	11
7948588	9066	SYT7	11
7948599	26070	MYRF-AS1	11
7948606	746	TMEM258	11
7948612	3992	FADS1	11
7948630	3995	FADS3	11
7948643	5866	RAB3IL1	11
7948656	2495	FTH1	11
7948662	404552	SCGB1D4	11
7948667	79026	AHNAK	11
7948679	1937	EEF1G	11
7948696	9219	MTA2	11
7948718	256364	EML3	11
7948741	26229	B3GAT3	11
7948744	23193	GANAB	11
7948772	80789	INTS5	11
7948782	51035	UBXN1	11
7948794	221091	LRRN4CL	11
7948829	79842	ZBTB3	11
7948836	79064	TMEM223	11
7948839	10482	NXF1	11
7948864	6811	STX5	11
7948881	54663	WDR74	11
7948900	9299	SNORD30	11
7948904	9300	SNORD28	11
7948912	1128	CHRM1	11
7948920	9356	SLC22A6	11
7948937	9376	SLC22A8	11
7948951	283238	SLC22A24	11
7948957	387601	SLC22A25	11
7948973	117245	PLAAT5	11
7948982	54979	PLAAT2	11
7948987	11145	PLAAT3	11
7948995	25923	ATL3	11
7948997	25923	ATL3	11
7949015	65998	ZFTA	11
7949021	283248	RCOR2	11
7949033	28992	MACROD1	11
7949046	83707	TRPT1	11
7949067	572	BAD	11
7949075	51504	TRMT112	11
7949080	9379	NRXN2	11
7949104	10235	RASGRP2	11
7949124	5837	PYGM	11
7949146	7536	SF1	11
7949172	5871	MAP4K2	11
7949206	4221	MEN1	11
7949227	55561	CDC42BPG	11
7949264	10938	EHD1	11
7949273	406967	MIR192	11
7949275	406970	MIR194-2	11
7949277	23130	ATG2A	11
7949320	170589	GPHA2	11
7949327	283129	MAJIN	11
7949340	116071	BATF2	11
7949344	10004	NAALADL1	11
7949364	113130	CDCA5	11
7949371	100130348	TMEM262	11
7949373	741	ZNHIT2	11
7949377	2197	FAU	11
7949383	84447	SYVN1	11
7949400	283130	SLC25A45	11
7949412	4054	LTBP3	11
7949444	10089	KCNK7	11
7949454	4296	MAP3K11	11
7949465	5970	RELA	11
7949482	84153	RNASEH2C	11
7949490	91056	AP5B1	11
7949496	1072	CFL1	11
7949503	30008	EFEMP2	11
7949518	9158	FIBP	11
7949532	8061	FOSL1	11
7949540	83638	C11orf68	11
7949545	84285	EIF1AD	11
7949553	117144	CATSPER1	11
7949570	89792	GAL3ST3	11
7949577	10897	YIF1A	11
7949588	57124	CD248	11
7949592	9610	RIN1	11
7949603	25855	BRMS1	11
7949615	11041	B4GAT1	11
7949619	3177	SLC29A2	11
7949637	65003	MRPL11	11
7949645	254359	ZDHHC24	11
7949650	8722	CTSF	11
7949668	55231	CCDC87	11
7949674	83759	RBM4B	11
7949679	6712	SPTBN2	11
7949719	5091	PC	11
7949746	57804	POLD4	11
7949754	23529	CLCF1	11
7949765	5499	PPP1CA	11
7949792	5790	PTPRCAP	11
7949796	390212	GPR152	11
7949798	80194	TMEM134	11
7949808	9600	PITPNM1	11
7949836	10263	CDK2AP2	11
7949843	51475	CABP2	11
7949851	100505621	NDUFV1-DT	11
7949857	254552	NUDT8	11
7949863	347853	TBX10	11
7949873	91703	ACY3	11
7949882	222	ALDH3B2	11
7949896	10819	OR7E14P	11
7949898	645332	FAM86C2P	11
7949904	81622	UNC93B1	11
7949916	1119	CHKA	11
7949931	51111	KMT5B	11
7949948	53838	C11orf24	11
7949956	9633	TESMIN	11
7949971	1374	CPT1A	11
7949995	219927	MRPL21	11
7950003	116512	MRGPRD	11
7950005	116535	MRGPRF	11
7950012	220064	LTO1	11
7950016	220064	LTO1	11
7950023	9965	FGF19	11
7950032	2249	FGF4	11
7950036	2248	FGF3	11
7950042	22941	SHANK2	11
7950064	399923	ACTE1P	11
7950067	1717	DHCR7	11
7950078	440051	KRTAP5-11	11
7950086	4926	NUMA1	11
7950119	55004	LAMTOR1	11
7950128	25906	ANAPC15	11
7950136	401	PHOX2A	11
7950140	220077	LOC220077	11
7950142	81570	CLPB	11
7950162	5138	PDE2A	11
7950195	406931	MIR139	11
7950197	116985	ARAP1	11
7950235	10809	STARD10	11
7950248	9873	FCHSD2	11
7950271	23201	FAM168A	11
7950284	5870	RAB6A	11
7950294	51287	COA4	11
7950307	7351	UCP2	11
7950321	7352	UCP3	11
7950332	26005	C2CD3	11
7950336	26005	C2CD3	11
7950374	283208	P4HA3	11
7950391	283209	PGM2L1	11
7950409	10008	KCNE3	11
7950420	387787	LIPT2	11
7950425	25884	CHRDL2	11
7950447	143570	XRRA1	11
7950471	341152	OR2AT4	11
7950473	408	ARRB1	11
7950490	442900	MIR326	11
7950492	283212	KLHL35	11
7950501	81544	GDPD5	11
7950524	4135	MAP6	11
7950534	7481	WNT11	11
7950544	5612	THAP12	11
7950555	2615	LRRC32	11
7950560	220032	GDPD4	11
7950578	5058	PAK1	11
7950597	1207	CLNS1A	11
7950606	51773	RSF1	11
7950626	729927	RPS20P27	11
7950628	92105	INTS4	11
7950654	79053	ALG8	11
7950669	283219	KCTD21	11
7950671	9846	GAB2	11
7950683	79731	NARS2	11
7950701	26011	TENM4	11
7950726	220382	FAM181B	11
7950731	5547	PRCP	11
7950743	27314	RAB30	11
7950751	100379250	SNORA70E	11
7950753	60492	CCDC90B	11
7950764	1740	DLG2	11
7950796	58487	CREBZF	11
7950804	220388	CCDC89	11
7950810	54843	SYTL2	11
7950838	8301	PICALM	11
7950864	10873	ME3	11
7950883	10820	OR7E13P	11
7950885	8322	FZD4	11
7950899	23682	RAB38	11
7950906	1075	CTSC	11
7950921	2915	GRM5	11
7950933	50507	NOX4	11
7950951	642623	UBTFL1	11
7950977	84767	TRIM51	11
7950983	26973	CHORDC1	11
7950990	120103	SLC36A4	11
7951004	56935	SMCO4	11
7951040	10888	GPR83	11
7951046	4361	MRE11	11
7951068	51503	CWC15	11
7951077	143686	SESN3	11
7951093	143684	FAM76B	11
7951112	8898	MTMR2	11
7951133	84441	MAML2	11
7951144	79780	CCDC82	11
7951165	5241	PGR	11
7951178	7225	TRPC6	11
7951195	253935	ANGPTL5	11
7951207	114908	TMEM123	11
7951217	4316	MMP7	11
7951224	9313	MMP20	11
7951235	64066	MMP27	11
7951246	4317	MMP8	11
7951259	4319	MMP10	11
7951271	4312	MMP1	11
7951284	4314	MMP3	11
7951297	4321	MMP12	11
7951309	4322	MMP13	11
7951325	84259	DCUN1D5	11
7951351	80310	PDGFD	11
7951363	100506742	CASP12	11
7951372	837	CASP4	11
7951385	838	CASP5	11
7951397	834	CASP1	11
7951408	114769	CARD16	11
7951413	440068	CARD17P	11
7951417	59082	CARD18	11
7951422	84437	MSANTD4	11
7951429	143879	KBTBD3	11
7951437	2977	GUCY1A2	11
7951447	143884	CWF19L2	11
7951467	91801	ALKBH8	11
7951479	6588	SLN	11
7951485	54733	SLC35F2	11
7951497	4863	NPAT	11
7951521	160140	C11orf65	11
7951535	143888	POGLUT3	11
7951545	23086	EXPH5	11
7951554	5962	RDX	11
7951565	57569	ARHGAP20	11
7951593	399948	COLCA1	11
7951596	5450	POU2AF1	11
7951604	54766	BTG4	11
7951614	5519	PPP2R1B	11
7951633	79796	ALG9	11
7951654	91893	FDXACB1	11
7951662	1410	CRYAB	11
7951672	120379	PIH1D2	11
7951679	26521	TIMM8B	11
7951686	3606	IL18	11
7951695	349633	PLET1	11
7951703	1813	DRD2	11
7951717	80975	TMPRSS5	11
7951734	9183	ZW10	11
7951752	57646	USP28	11
7951781	54494	C11orf71	11
7951789	120400	NXPE1	11
7951796	54827	NXPE4	11
7951807	23705	CADM1	11
7951826	84811	BUD13	11
7951838	8882	ZPR1	11
7951853	116519	APOA5	11
7951859	337	APOA4	11
7951865	335	APOA1	11
7951873	23387	SIK3	11
7951896	9159	PCSK7	11
7951910	23621	BACE1	11
7951928	57453	DSCAML1	11
7951987	84000	TMPRSS13	11
7952004	6330	SCN4B	11
7952011	6327	SCN2B	11
7952022	120425	JAML	11
7952036	196264	MPZL3	11
7952046	10205	MPZL2	11
7952056	915	CD3D	11
7952069	56912	IFT46	11
7952086	11181	TREH	11
7952103	1656	DDX6	11
7952116	283149	BCL9L	11
7952126	649946	RPL23AP64	11
7952129	6230	RPS25	11
7952132	2542	SLC37A4	11
7952145	10525	HYOU1	11
7952179	3014	H2AX	11
7952185	1798	DPAGT1	11
7952200	283152	CCDC153	11
7952205	4162	MCAM	11
7952249	9099	USP2	11
7952268	7070	THY1	11
7952274	5818	NECTIN1	11
7952290	23650	TRIM29	11
7952305	657	BMPR1A	10
7952307	406911	MIR125B1	11
7952309	414899	BLID	11
7952313	406882	MIRLET7A2	11
7952315	406892	MIR100	11
7952321	390259	BSX	11
7952325	3312	HSPA8	11
7952335	85391	SNORD14E	11
7952339	85389	SNORD14C	11
7952341	79827	CLMP	11
7952350	55800	SCN3B	11
7952361	7753	ZNF202	11
7952373	390260	OR6X1	11
7952375	390261	OR6M1	11
7952377	338661	TMEM225	11
7952382	219874	OR6T1	11
7952384	219873	OR10S1	11
7952388	390265	OR10G7	11
7952392	283159	OR8D1	11
7952394	283160	OR8D2	11
7952402	283162	OR8B4	11
7952404	26493	OR8B8	11
7952406	219858	OR8B12	11
7952408	54414	SIAE	11
7952436	90952	ESAM	11
7952445	79684	MSANTD2	11
7952453	54538	ROBO4	11
7952475	220296	HEPACAM	11
7952484	219854	TMEM218	11
7952490	9638	FEZ1	11
7952503	56	ACRV1	11
7952517	399967	PATE2	11
7952522	83480	PUS3	11
7952526	50937	CDON	11
7952549	84881	RPUSD4	11
7952557	6734	SRPRA	11
7952577	84623	KIRREL3	11
7952601	2113	ETS1	11
7952617	3758	KCNJ1	11
7952626	219833	KCNJ5-AS1	11
7952631	63970	TP53AIP1	11
7952641	9743	ARHGAP32	11
7952673	399975	LOC399975	11
7952677	4798	NFRKB	11
7952707	56980	PRDM10	11
7952739	29068	ZBTB44	11
7952752	11095	ADAMTS8	11
7952768	399979	SNX19	11
7952785	4978	OPCML	11
7952797	219938	SPATA19	11
7952810	22997	IGSF9B	11
7952813	22997	IGSF9B	11
7952830	23310	NCAPD3	11
7952869	29087	THYN1	11
7952884	27087	B3GAT1	11
7952893	440073	IQSEC3	12
7952897	440073	IQSEC3	12
7952914	84318	CCDC77	12
7952927	283358	B4GALNT3	12
7952950	100049716	NINJ2-AS1	12
7952953	65125	WNK1	12
7952986	65125	WNK1	12
7952988	23085	ERC1	12
7953012	81029	WNT5B	12
7953021	79602	ADIPOR2	12
7953032	654429	LRTM2	12
7953040	775	CACNA1C	12
7953094	775	CACNA1C	12
7953100	2288	FKBP4	12
7953130	83695	RHNO1	12
7953135	7289	TULP3	12
7953150	7004	TEAD4	12
7953166	10867	TSPAN9	12
7953181	56341	PRMT8	12
7953200	894	CCND2	12
7953211	57103	TIGAR	12
7953218	10635	RAD51AP1	12
7953229	8798	DYRK4	12
7953243	4704	NDUFA9	12
7953252	26290	GALNT8	12
7953264	3742	KCNA6	12
7953274	3736	KCNA1	12
7953278	3741	KCNA5	12
7953284	4908	NTF3	12
7953291	928	CD9	12
7953303	55200	PLEKHG6	12
7953321	4055	LTBR	12
7953333	939	CD27	12
7953341	55080	TAPBPL	12
7953351	9918	NCAPD2	12
7953383	692148	SCARNA10	12
7953385	2597	GAPDH	12
7953395	50813	COPS7A	12
7953409	5763	PTMS	12
7953418	3902	LAG3	12
7953428	920	CD4	12
7953442	27239	GPR162	12
7953469	2784	GNB3	12
7953483	8078	USP5	12
7953508	7167	TPI1	12
7953516	283345	RPL13P5	12
7953518	171220	DSTNP2	12
7953520	10233	LRRC23	12
7953532	2026	ENO2	12
7953547	1822	ATN1	12
7953564	113246	C12orf57	12
7953569	5777	PTPN6	12
7953590	406985	MIR200C	12
7953592	406933	MIR141	12
7953594	10436	EMG1	12
7953603	716	C1S	12
7953622	283314	C1RL-AS1	12
7953626	9746	CLSTN3	12
7953651	5830	PEX5	12
7953665	359787	DPPA3	12
7953670	360030	NANOGNB	12
7953689	404635	NANOGP1	12
7953699	55810	FOXJ2	12
7953715	25977	NECAP1	12
7953723	50856	CLEC4A	12
7953733	440077	ZNF705A	12
7953735	349196	LINC00965	8
7953737	93978	CLEC6A	12
7953749	338339	CLEC4D	12
7953765	57494	RIMKLB	12
7953775	144568	A2ML1	12
7953812	1911	PHC1	12
7953835	10219	KLRG1	12
7953878	29121	CLEC2D	12
7953892	51348	KLRF1	12
7953901	160364	CLEC12A	12
7953914	387837	CLEC12B	12
7953924	283420	CLEC9A	12
7953936	120939	TMEM52B	12
7953943	23710	GABARAPL1	12
7953949	3824	KLRD1	12
7953965	255308	EIF2S3B	12
7953967	5555	PRH2	12
7953981	2120	ETV6	12
7953993	79370	BCL2L14	12
7954006	5757	PTMA	2
7954012	118426	BORCS5	12
7954021	1389	CREBL2	12
7954029	1027	CDKN1B	12
7954055	81575	APOLD1	12
7954063	387841	RPL13AP20	12
7954065	9052	GPRC5A	12
7954071	93164	HTR7P1	12
7954077	57613	FAM234B	12
7954090	2012	EMP1	12
7954104	55729	ATF7IP	12
7954124	55766	H2AJ	12
7954132	144608	C12orf60	12
7954136	5149	PDE6H	12
7954143	5800	PTPRO	12
7954173	11171	STRAP	12
7954185	51071	DERA	12
7954196	4257	MGST1	12
7954208	5288	PIK3C2G	12
7954240	93661	CAPZA3	12
7954245	54477	PLEKHA5	12
7954279	121536	AEBP2	12
7954293	5139	PDE3A	12
7954312	53919	SLCO1C1	12
7954330	28234	SLCO1B3	12
7954356	10599	SLCO1B1	12
7954377	3375	IAPP	12
7954382	79912	PYROXD1	12
7954388	51026	GOLT1B	12
7954398	80763	SPX	12
7954407	55907	CMAS	12
7954419	55500	ETNK1	12
7954436	4033	IRAG2	12
7954460	144363	ETFRF1	12
7954469	11228	RASSF8	12
7954481	8082	SSPN	12
7954492	26127	FGFR1OP2	12
7954503	9412	MED21	12
7954511	23012	STK38L	12
7954527	56938	BMAL2	12
7954551	341346	SMCO2	12
7954559	8496	PPFIBP1	12
7954589	387849	REP15	12
7954591	60488	MRPS35	12
7954604	57542	KLHL42	12
7954613	55297	CCDC91	12
7954631	55711	FAR2	12
7954645	441631	TSPAN11	12
7954653	441631	TSPAN11	12
7954692	79857	FLJ13224	12
7954701	254013	ETFBKMT	12
7954711	55196	RESF1	12
7954717	636	BICD1	12
7954729	121512	FGD4	12
7954752	10059	DNM1L	12
7954794	283461	C12orf40	12
7954810	120892	LRRK2	12
7954864	283463	MUC19	12
7954899	1272	CNTN1	12
7954926	29951	PDZRN4	12
7954940	51535	PPHLN1	12
7954969	51135	IRAK4	12
7954985	84216	TMEM117	12
7954997	196527	ANO6	12
7955019	196528	ARID2	12
7955045	91523	PCED1B	12
7955055	55652	SLC48A1	12
7955063	79022	TMEM106C	12
7955078	5213	PFKM	12
7955107	387856	CCDC184	12
7955112	341567	H1-7	12
7955117	23519	ANP32D	12
7955119	121273	C12orf54	12
7955129	341568	OR8S1	12
7955135	255411	SPMIP11	12
7955142	784	CACNB3	12
7955156	85478	CCDC65	12
7955170	7471	WNT1	12
7955179	84790	TUBA1C	12
7955184	5630	PRPH	12
7955195	10024	TROAP	12
7955211	79962	DNAJC22	12
7955217	65244	SPATS2	12
7955231	23416	KCNH3	12
7955250	25766	PRPF40B	12
7955277	7009	TMBIM6	12
7955290	359	AQP2	12
7955297	362	AQP5	12
7955305	363	AQP6	12
7955317	41	ASIC1	12
7955331	6602	SMARCD1	12
7955348	2819	GPD1	12
7955358	84987	COX14	12
7955361	113251	LARP4	12
7955376	57609	DIP2B	12
7955425	466	ATF1	12
7955433	283471	TMPRSS12	12
7955441	25840	TMT1A	12
7955450	25875	LETMD1	12
7955464	9802	DAZAP2	12
7955469	9498	SLC4A8	12
7955502	6334	SCN8A	12
7955533	6334	SCN8A	12
7955535	91	ACVR1B	12
7955551	341405	ANKRD33	12
7955562	94	ACVRL1	12
7955578	160622	TAMALIN	12
7955589	3164	NR4A1	12
7955606	60673	ATG101	12
7955613	3855	KRT7	12
7955635	23568	ARL2BP	16
7955637	3875	KRT18	12
7955646	1975	EIF4B	12
7955663	23371	TNS2	12
7955694	3489	IGFBP6	12
7955702	8435	SOAT2	12
7955719	25994	HIGD1A	3
7955721	283337	ZNF740	12
7955729	84975	MFSD5	12
7955736	9700	ESPL1	12
7955768	5204	PFDN5	12
7955777	60314	MYG1	12
7955787	6667	SP1	12
7955797	269	AMHR2	12
7955810	54458	PRR13	12
7955829	6895	TARBP2	12
7955845	3229	HOXC13	12
7955852	3228	HOXC12	12
7955855	3227	HOXC11	12
7955858	3226	HOXC10	12
7955863	406973	MIR196A2	12
7955865	3225	HOXC9	12
7955869	3224	HOXC8	12
7955887	3222	HOXC5	12
7955890	3178	HNRNPA1	12
7955896	22818	COPZ1	12
7955906	442892	MIR148B	12
7955908	3071	NCKAP1L	12
7955943	5153	PDE1B	12
7955963	118430	MUCL1	12
7955974	58158	NEUROD4	12
7955981	441639	OR9K2	12
7955983	121364	OR10A7	12
7955985	254783	OR6C74	12
7955989	390321	OR6C1	12
7955991	254786	OR6C3	12
7955993	390323	OR6C75	12
7955995	403282	OR6C65	12
7955997	390326	OR6C76	12
7955999	341416	OR6C2	12
7956001	403284	OR6C68	12
7956003	341418	OR6C4	12
7956005	121129	OR2AP1	12
7956007	121130	OR10P1	12
7956009	196410	TMT1B	12
7956026	10220	GDF11	12
7956031	29095	ORMDL2	12
7956038	440104	TMEM198B	12
7956046	1606	DGKA	12
7956076	1017	CDK2	12
7956088	5869	RAB5B	12
7956097	6821	SUOX	12
7956105	64375	IKZF4	12
7956120	2065	ERBB3	12
7956152	5036	PA2G4	12
7956159	6171	RPL41	12
7956162	84872	ZC3H10	12
7956166	23344	ESYT1	12
7956200	140465	MYL6B	12
7956211	4637	MYL6	12
7956220	79035	NABP2	12
7956229	283375	SLC39A5	12
7956242	93058	COQ10A	12
7956251	51561	IL23A	12
7956257	283377	SPRYD4	12
7956261	5939	RBMS2	12
7956271	8630	HSD17B6	12
7956281	11318	GPR182	12
7956285	11318	GPR182	12
7956287	4665	NAB2	12
7956301	4035	LRP1	12
7956395	11247	NXPH4	12
7956401	6472	SHMT2	12
7956423	3626	INHBC	12
7956426	83729	INHBE	12
7956430	2735	GLI1	12
7956443	4141	MARS1	12
7956470	114785	MBD6	12
7956488	3798	KIF5A	12
7956522	3798	KIF5A	12
7956524	79837	PIP4K2C	12
7956539	196403	DTX3	12
7956573	65012	SLC26A10P	12
7956593	10956	OS9	12
7956613	6302	TSPAN31	12
7956623	92979	MARCHF9	12
7956631	25895	EEF1AKMT3	12
7956639	10102	TSFM	12
7956648	91419	ATP23	12
7956658	9194	SLC16A7	12
7956670	9958	USP15	12
7956697	23041	MON2	12
7956737	406891	MIRLET7I	12
7956743	9045	RPL14	3
7956749	10329	RXYLT1	12
7956759	57522	SRGAP1	12
7956785	11260	XPOT	12
7956795	29110	TBK1	12
7956819	283349	RASSF3	12
7956826	23329	TBC1D30	12
7956842	23592	LEMD3	12
7956856	253827	MSRB3	12
7956867	8091	HMGA2	12
7956878	11213	IRAK3	12
7956894	92797	HELB	12
7956910	55832	CAND1	12
7956930	8445	DYRK2	12
7956937	5908	RAP1B	12
7956949	57122	NUP107	12
7956978	55508	SLC35E3	12
7956989	4193	MDM2	12
7957008	11052	CPSF6	12
7957023	4069	LYZ	12
7957032	8089	YEATS4	12
7957043	10818	FRS2	12
7957052	10576	CCT2	12
7957072	117177	RAB3IP	12
7957092	196446	MYRFL	12
7957106	4848	CNOT2	12
7957126	27345	KCNMB4	12
7957140	8549	LGR5	12
7957161	83591	THAP2	12
7957167	55266	TMEM19	12
7957177	23011	RAB21	12
7957186	64786	TBC1D15	12
7957205	121278	TPH2	12
7957221	29953	TRHDE	12
7957242	552889	ATXN7L3B	12
7957245	256710	GLIPR1L1	12
7957253	144321	GLIPR1L2	12
7957260	11010	GLIPR1	12
7957277	23390	ZDHHC17	12
7957298	89795	NAV3	12
7957338	6857	SYT1	12
7957351	283310	OTOGL	12
7957373	4618	MYF6	12
7957379	4617	MYF5	12
7957386	79611	ACSS3	12
7957404	84190	METTL25	12
7957417	160335	TMTC2	12
7957433	84125	LRRIQ1	12
7957452	8092	ALX1	12
7957458	4922	NTS	12
7957467	91298	RLIG1	12
7957478	160418	TMTC3	12
7957503	439916	LINC00615	12
7957508	574028	CLLU1	12
7957510	440107	PLEKHG7	12
7957514	440107	PLEKHG7	12
7957530	107984974	LOC107984974	17
7957540	28977	MRPL42	12
7957549	106481123	RN7SL737P	12
7957551	8835	SOCS2	12
7957560	8738	CRADD	12
7957570	10154	PLXNC1	12
7957613	55591	VEZT	12
7957631	442903	MIR331	12
7957633	10988	METAP2	12
7957649	6636	SNRPF	12
7957654	144193	AMDHD1	12
7957665	2004	ELK3	12
7957673	144535	CFAP54	12
7957688	144535	CFAP54	12
7957715	121441	NEDD1	12
7957735	406926	MIR135A2	12
7957737	7112	TMPO	12
7957746	5250	SLC25A3	12
7957759	317	APAF1	12
7957790	196472	GARIN6	12
7957793	64431	ACTR6	12
7957806	55681	SCYL2	12
7957819	246213	SLC17A8	12
7957835	9971	NR1H4	12
7957850	283431	GAS2L3	12
7957861	121601	ANO4	12
7957890	27340	UTP20	12
7957962	121599	SPIC	12
7957966	4604	MYBPC1	12
7958000	56994	CHPT1	12
7958019	55332	DRAM1	12
7958031	55010	PARPBP	12
7958051	429	ASCL1	12
7958056	55576	STAB2	12
7958147	6996	TDG	12
7958158	29915	HCFC2	12
7958174	7296	TXNRD1	12
7958197	6142	RPL18A	19
7958200	493861	EID3	12
7958202	50515	CHST11	12
7958211	121053	NOPCHAP1	12
7958216	23325	WASHC4	12
7958253	387882	C12orf75	12
7958262	255394	TCP11L2	12
7958275	55703	POLR3B	12
7958305	5992	RFX4	12
7958331	55188	RIC8B	12
7958346	90488	TMEM263	12
7958352	121551	ABTB3	12
7958377	121551	ABTB3	12
7958379	11137	PWP1	12
7958396	121549	ASCL4	12
7958398	9671	WSCD2	12
7958410	11153	FICD	12
7958414	23479	ISCU	12
7958425	1610	DAO	12
7958439	84749	USP30	12
7958455	7374	UNG	12
7958466	32	ACACB	12
7958524	283446	MYO1H	12
7958532	89910	UBE3B	12
7958565	4598	MVK	12
7958577	84915	FAM222A	12
7958582	84260	TCHP	12
7958600	88455	ANKRD13A	12
7958620	28981	IFT81	12
7958644	488	ATP2A2	12
7958666	29902	FAM216A	12
7958677	144715	RAD9B	12
7958692	79600	TCTN1	12
7958711	160762	CCDC63	12
7958724	100131138	LINC01405	12
7958726	23316	CUX2	12
7958749	10019	SH2B3	12
7958761	80724	ACAD10	12
7958784	217	ALDH2	12
7958800	8550	MAPKAPK5	12
7958819	10961	ERP29	12
7958828	10906	TRAFD1	12
7958846	5781	PTPN11	12
7958860	22895	RPH3A	12
7958884	4938	OAS1	12
7958895	4940	OAS3	12
7958913	4939	OAS2	12
7958931	1840	DTX1	12
7958942	387885	CFAP73	12
7958948	387885	CFAP73	12
7958950	84934	RITA1	12
7958960	53373	TPCN1	12
7958989	196463	PLBD2	12
7959002	113675	SDSL	12
7959016	100287569	LINC00173	12
7959025	84900	RNFT2	12
7959039	26259	FBXW8	12
7959052	5985	RFC5	12
7959070	5037	PEBP1	12
7959080	64426	SUDS3	12
7959087	84530	SRRM4	12
7959102	26353	HSPB8	12
7959108	160777	CCDC60	12
7959123	5564	PRKAB1	12
7959131	92558	BICDL1	12
7959148	23409	SIRT4	12
7959153	1337	COX6A1	12
7959157	283459	GATC	12
7959164	8655	DYNLL1	12
7959173	9921	RNF10	12
7959195	9478	CABP1	12
7959205	9761	MLEC	12
7959212	84747	UNC119B	12
7959220	35	ACADS	12
7959234	6927	HNF1A	12
7959251	5027	P2RX7	12
7959267	5025	P2RX4	12
7959282	80196	RNF34	12
7959294	84876	ORAI1	12
7959298	144404	TMEM120B	12
7959312	144404	TMEM120B	12
7959314	23067	SETD1B	12
7959322	5715	PSMD9	12
7959330	144406	CFAP251	12
7959354	605	BCL7A	12
7959361	22877	MLXIP	12
7959386	254050	LRRC43	12
7959402	79369	B3GNT4	12
7959408	9735	KNTC1	12
7959473	8562	DENR	12
7959484	84660	CCDC62	12
7959500	9026	HIP1R	12
7959535	79676	OGFOD2	12
7959549	51329	ARL6IP4	12
7959563	91574	MTRFR	12
7959574	387893	KMT5A	12
7959586	11066	SNRNP35	12
7959597	10959	TMED2	12
7959604	57696	DDX55	12
7959623	2967	GTF2H3	12
7959638	79867	TCTN2	12
7959657	23545	ATP6V0A2	12
7959681	196385	DNAH10	12
7959696	196385	DNAH10	12
7959786	65985	AACS	12
7959807	114795	TMEM132B	12
7959818	100507206	LINC00943	12
7959827	92293	TMEM132C	12
7959834	144423	GLT1D1	12
7959850	11211	FZD10	12
7959856	9271	PIWIL1	12
7959882	5901	RAN	12
7959893	283383	ADGRD1	12
7959921	338797	LINC02370	12
7959927	6433	SFSWAP	12
7959946	4326	MMP17	12
7959957	8408	ULK1	12
7959986	80324	PUS1	12
7959995	57634	EP400	12
7960052	677829	SNORA49	12
7960054	347918	EP400P1	12
7960068	79050	NOC4L	12
7960088	57666	FBRSL1	12
7960099	22953	P2RX2	12
7960117	5827	PXMP2	12
7960124	192111	PGAM5	12
7960134	7574	ZNF26	12
7960143	7637	ZNF84	12
7960150	7699	ZNF140	12
7960158	7556	ZNF10	12
7960165	10795	ZNF268	12
7960172	677784	FAM138D	12
7960177	6539	SLC6A12	12
7960201	6540	SLC6A13	12
7960221	5927	KDM5A	12
7960253	4815	NINJ2	12
7960261	5893	RAD52	12
7960280	144699	FBXL14	12
7960283	93589	CACNA2D4	12
7960320	196513	DCP1B	12
7960331	83714	NRIP2	12
7960340	2305	FOXM1	12
7960365	84766	CRACR2A	12
7960370	84766	CRACR2A	12
7960383	57097	PARP11	12
7960397	8074	FGF23	12
7960407	2251	FGF6	12
7960411	57102	C12orf4	12
7960427	10566	AKAP3	12
7960438	57101	ANO2	12
7960464	7450	VWF	12
7960518	7132	TNFRSF1A	12
7960529	6337	SCNN1A	12
7960544	6843	VAMP1	12
7960553	51258	MRPL51	12
7960559	25900	IFFO1	12
7960575	4839	NOP2	12
7960594	1108	CHD4	12
7960635	677780	SCARNA11	12
7960637	57121	LPAR5	12
7960642	84519	ACRBP	12
7960654	51147	ING4	12
7960666	171017	ZNF384	12
7960682	196500	PIANP	12
7960689	8079	MLF2	12
7960702	83461	CDCA3	12
7960709	84727	SPSB2	12
7960716	11331	PHB2	12
7960728	677777	SCARNA12	12
7960730	10162	LPCAT3	12
7960744	715	C1R	12
7960757	51279	C1RL	12
7960764	83758	RBP5	12
7960771	283316	CD163L1	12
7960794	9332	CD163	12
7960821	339	APOBEC1	12
7960828	9573	GDF3	12
7960832	170482	CLEC4C	12
7960850	144195	SLC2A14	12
7960865	6515	SLC2A3	12
7960874	719	C3AR1	12
7960878	642559	POU5F1P3	12
7960881	55138	FAM90A1	12
7960889	653113	FAM86FP	12
7960900	26253	CLEC4E	12
7960910	57379	AICDA	12
7960919	8076	MFAP5	12
7960933	4074	M6PR	12
7960942	253128	LINC00612	12
7960947	2	A2M	12
7960984	5858	PZP	12
7961022	5757	PTMA	2
7961059	3820	KLRB1	12
7961069	160365	CLECL1P	12
7961075	969	CD69	12
7961083	9976	CLEC2B	12
7961091	387836	CLEC2A	12
7961097	400002	CLEC12A-AS1	12
7961102	51266	CLEC1B	12
7961111	51267	CLEC1A	12
7961120	64581	CLEC7A	12
7961142	4973	OLR1	12
7961173	100528032	KLRC4-KLRK1	12
7961175	3823	KLRC3	12
7961187	3821	KLRC1	12
7961198	10748	KLRA1P	12
7961208	55110	MAGOHB	12
7961215	55359	STYK1	12
7961230	8531	YBX3	12
7961239	50837	TAS2R7	12
7961243	50836	TAS2R8	12
7961245	50835	TAS2R9	12
7961249	50839	TAS2R10	12
7961275	50838	TAS2R13	12
7961281	259296	TAS2R50	12
7961285	259295	TAS2R20	12
7961287	259294	TAS2R19	12
7961291	259290	TAS2R31	12
7961293	259292	TAS2R46	12
7961295	259289	TAS2R43	12
7961298	353164	TAS2R42	12
7961300	5544	PRB3	12
7961339	4040	LRP6	12
7961365	54682	MANSC1	12
7961371	80824	DUSP16	12
7961381	2842	GPR19	12
7961386	55507	GPRC5D	12
7961390	50865	HEBP1	12
7961399	83445	GSG1	12
7961413	283422	LINC01559	12
7961422	2904	GRIN2B	12
7961440	79887	PLBD1	12
7961455	2984	GUCY2C	12
7961489	51729	WBP11	12
7961503	440087	SMCO3	12
7961507	420	ART4	12
7961514	4256	MGP	12
7961524	121506	ERP27	12
7961532	397	ARHGDIB	12
7961540	85004	RERG	12
7961546	2059	EPS8	12
7961571	729025	SLC15A5	12
7961580	55885	LMO3	12
7961595	79785	RERGL	12
7961604	89869	PLCZ1	12
7961626	6579	SLCO1A2	12
7961654	5965	RECQL	12
7961673	2998	GYS2	12
7961693	3945	LDHB	12
7961702	3764	KCNJ8	12
7961710	10060	ABCC9	12
7961755	6489	ST8SIA1	12
7961757	6489	ST8SIA1	12
7961767	9847	C2CD5	12
7961798	6660	SOX5	12
7961820	144360	LINC00477	12
7961829	586	BCAT1	12
7961844	55259	DNAI7	12
7961865	3845	KRAS	12
7961875	160492	LMNTD1	12
7961891	79365	BHLHE41	12
7961900	3709	ITPR2	12
7961964	55726	INTS13	12
7961983	51768	TM7SF3	12
7962000	5744	PTHLH	12
7962013	51290	ERGIC2	12
7962029	341350	OVCH1	12
7962058	83857	TMTC1	12
7962085	10526	IPO8	12
7962112	65981	CAPRIN2	12
7962139	144203	OVOS2	12
7962146	58516	SINHCAF	12
7962151	160518	DENND5B	12
7962183	205	AK4	1
7962185	196394	AMN1	12
7962194	440093	H3-5	12
7962203	51067	YARS2	12
7962212	5318	PKP2	12
7962226	341359	SYT10	12
7962250	144402	CPNE8	12
7962274	55605	KIF21A	12
7962312	225	ABCD2	12
7962327	114134	SLC2A13	12
7962349	283464	GXYLT1	12
7962358	10138	YAF2	12
7962367	85437	ZCRB1	12
7962375	144165	PRICKLE1	12
7962384	80070	ADAMTS20	12
7962427	83448	PUS7L	12
7962441	5756	TWF1	12
7962455	4753	NELL2	12
7962481	440097	DBX2	12
7962487	83956	RACGAP1P1	12
7962489	51054	PLEKHA8P1	12
7962499	9169	SCAF11	12
7962516	81539	SLC38A1	12
7962537	54407	SLC38A2	12
7962559	55089	SLC38A4	12
7962579	347902	AMIGO2	12
7962590	79657	RPAP3	12
7962608	8909	ENDOU	12
7962623	10411	RAPGEF3	12
7962625	10411	RAPGEF3	12
7962659	51564	HDAC7	12
7962689	7421	VDR	12
7962703	1280	COL2A1	12
7962760	29843	SENP1	12
7962783	140461	ASB8	12
7962792	121275	OR10AD1	12
7962794	121274	ZNF641	12
7962804	3906	LALBA	12
7962811	54934	KANSL2	12
7962827	677793	SNORA2A	12
7962829	677794	SNORA2B	12
7962831	904	CCNT1	12
7962842	112	ADCY6	12
7962869	9416	DDX23	12
7962884	27289	RND1	12
7962895	51303	FKBP11	12
7962904	377	ARF3	12
7962918	7480	WNT10B	12
7962930	23109	DDN	12
7962935	5571	PRKAG1	12
7962951	8085	KMT2D	12
7963009	121268	RHEBL1	12
7963020	50846	DHH	12
7963024	55716	LMBR1L	12
7963046	10376	TUBA1B	12
7963054	7846	TUBA1A	12
7963061	338761	C1QL4	12
7963064	10445	MCRS1	12
7963084	84070	FAM186B	12
7963092	91010	FMNL3	12
7963121	57701	NCKAP5L	12
7963134	57701	NCKAP5L	12
7963139	144233	BCDIN3D	12
7963142	23017	FAIM2	12
7963157	29127	RACGAP1	12
7963174	91012	CERS5	12
7963187	51474	LIMA1	12
7963203	121006	FAM186A	12
7963212	4891	SLC11A2	12
7963235	81566	CSRNP2	12
7963244	7024	TFCP2	12
7963261	494150	PHB1P19	12
7963265	5463	POU6F1	12
7963280	57228	SMAGP	12
7963289	51411	BIN2	12
7963304	1990	CELA1	12
7963313	11226	GALNT6	12
7963328	401720	FIGNL2	12
7963333	144501	KRT80	12
7963348	85349	KRT87P	12
7963353	3887	KRT81	12
7963359	3889	KRT83	12
7963366	3891	KRT85	12
7963375	3890	KRT84	12
7963386	3888	KRT82	12
7963396	9119	KRT75	12
7963406	3854	KRT6B	12
7963421	3853	KRT6A	12
7963427	3852	KRT5	12
7963438	112802	KRT71	12
7963448	121391	KRT74	12
7963459	140807	KRT72	12
7963471	319101	KRT73	12
7963479	3849	KRT2	12
7963491	3848	KRT1	12
7963502	374454	KRT77	12
7963513	51350	KRT76	12
7963523	3850	KRT3	12
7963534	3851	KRT4	12
7963545	338785	KRT79	12
7963555	196374	KRT78	12
7963567	3856	KRT8	12
7963577	84926	SPRYD3	12
7963590	51380	CSAD	12
7963614	3695	ITGB7	12
7963631	5916	RARG	12
7963646	8086	AAAS	12
7963664	121340	SP7	12
7963670	7786	MAP3K12	12
7963689	8620	NPFF	12
7963698	11016	ATF7	12
7963713	517	ATP5MC2	12
7963721	57658	CALCOCO1	12
7963741	23583	SMUG1	12
7963750	23468	CBX5	12
7963760	4778	NFE2	12
7963770	53831	GPR84	12
7963774	25946	ZNF385A	12
7963786	3678	ITGA5	12
7963817	121355	GTSF1	12
7963826	5502	PPP1R1A	12
7963837	90070	LACRT	12
7963845	117159	DCD	12
7963851	9840	TESPA1	12
7963865	283365	OR6C6	12
7963869	1911	PHC1	12
7963878	390327	OR6C70	12
7963880	3679	ITGA7	12
7963911	967	CD63	12
7963923	84324	SARNP	12
7963935	85406	DNAJC14	12
7963946	4327	MMP19	12
7963965	84305	PYM1	12
7963970	6490	PMEL	12
7963986	5872	RAB13	1
7963988	6601	SMARCC2	12
7964021	10193	RNF41	12
7964033	283373	ANKRD52	12
7964064	1431	CS	12
7964089	9924	PAN2	12
7964119	6773	STAT2	12
7964142	319	APOF	12
7964145	8914	TIMELESS	12
7964177	4284	MIP	12
7964183	27165	GLS2	12
7964203	11176	BAZ2A	12
7964234	506	ATP5F1B	12
7964246	692090	SNORD59B	12
7964248	26789	SNORD59A	12
7964250	10728	PTGES3	12
7964262	4666	NACA	12
7964271	5557	PRIM1	12
7964285	121214	SDR9C7	12
7964292	8608	RDH16	12
7964300	9880	ZBTB39	12
7964303	6866	TAC3	12
7964316	4640	MYO1A	12
7964347	23306	NEMP1	12
7964360	6778	STAT6	12
7964388	56901	NDUFA4L2	12
7964413	22864	R3HDM2	12
7964436	64333	ARHGAP9	12
7964460	1649	DDIT3	12
7964466	10540	DCTN2	12
7964484	2583	B4GALNT1	12
7964499	116986	AGAP2	12
7964522	1019	CDK4	12
7964535	1594	CYP27B1	12
7964548	4234	METTL1	12
7964555	10677	AVIL	12
7964575	10677	AVIL	12
7964579	10106	CTDSP2	12
7964592	407016	MIR26A2	12
7964602	121227	LRIG3	12
7964631	338811	TAFA2	12
7964642	283416	LINC01465	12
7964646	57460	PPM1H	12
7964660	552	AVPR1A	12
7964665	283417	DPY19L2	12
7964677	144577	KICS2	12
7964687	115749	C12orf56	12
7964701	2799	GNS	12
7964722	11197	WIF1	12
7964733	204010	RPSAP52	12
7964739	84298	LLPH	12
7964745	51643	TMBIM4	12
7964759	23426	GRIP1	12
7964787	3458	IFNG	12
7964795	55801	IL26	12
7964803	50616	IL22	12
7964810	56890	MDM1	12
7964830	100379132	SNORA70G	12
7964834	1368	CPM	12
7964846	376132	LRRC10	12
7964852	144453	BEST3	12
7964872	5787	PTPRB	12
7964907	5801	PTPRR	12
7964927	7103	TSPAN8	12
7964937	196441	ZFC3H1	12
7964976	283392	TRHDE-AS1	12
7964987	3747	KCNC2	12
7964997	84698	CAPS2	12
7965022	11103	KRR1	12
7965040	22822	PHLDA1	12
7965048	4673	NAP1L1	12
7965060	79738	BBS10	12
7965064	114882	OSBPL8	12
7965090	1466	CSRP2	12
7965094	144455	E2F7	12
7965112	5074	PAWR	12
7965123	4659	PPP1R12A	12
7965156	8825	LIN7A	12
7965166	8499	PPFIA2	12
7965200	29080	CCDC59	12
7965206	55117	SLC6A15	12
7965226	9182	RASSF9	12
7965231	25834	MGAT4C	12
7965245	400058	MKRN9P	12
7965249	160419	C12orf50	12
7965264	80184	CEP290	12
7965322	4254	KITLG	12
7965335	1848	DUSP6	12
7965359	490	ATP2B1	12
7965384	196477	CCER1	12
7965390	1833	EPYC	12
7965398	11081	KERA	12
7965403	4060	LUM	12
7965410	1634	DCN	12
7965423	694	BTG1	12
7965431	574016	CLLU1-AS1	12
7965436	8411	EEA1	12
7965467	6171	RPL41	12
7965471	7334	UBE2N	12
7965486	51134	CEP83	12
7965510	57458	TMCC3	12
7965515	55967	NDUFA12	12
7965523	7181	NR2C1	12
7965541	55785	FGD6	12
7965565	84101	USP44	12
7965573	59277	NTN4	12
7965589	120935	CCDC38	12
7965606	3034	HAL	12
7965627	4048	LTA4H	12
7965652	5128	CDK17	12
7965681	121457	IKBIP	12
7965686	56899	ANKS1B	12
7965723	23074	BLTP3B	12
7965746	55592	GOLGA2P5	12
7965760	120863	DEPDC4	12
7965769	160728	SLC5A8	12
7965789	400	ARL1	12
7965800	50511	SYCP3	12
7965812	79158	GNPTAB	12
7965846	51019	WASHC3	12
7965855	79023	NUP37	12
7965867	5367	PMCH	12
7965873	3479	IGF1	12
7965884	5053	PAH	12
7965900	374470	C12orf42	12
7965918	51559	NT5DC3	12
7965935	253724	TTC41P	12
7965941	83468	GLT8D2	12
7965956	4801	NFYB	12
7965964	84102	SLC41A2	12
7965979	160428	ALDH1L2	12
7966003	55198	APPL2	12
7966026	9891	NUAK1	12
7966035	10970	CKAP4	12
7966046	80298	MTERF2	12
7966052	1407	CRY1	12
7966072	11108	PRDM4	12
7966089	1240	CMKLR1	12
7966098	9733	SART3	12
7966122	338773	TMEM119	12
7966127	6404	SELPLG	12
7966135	23603	CORO1C	12
7966150	54434	SSH1	12
7966172	55530	SVOP	12
7966183	121642	ALKBH2	12
7966189	121643	FOXN4	12
7966202	83892	KCTD10	12
7966213	326625	MMAB	12
7966229	84983	FAM222A-AS1	12
7966234	59341	TRPV4	12
7966259	51228	GLTP	12
7966268	9815	GIT2	12
7966293	400073	C12orf76	12
7966301	51434	ANAPC7	12
7966315	10094	ARPC3	12
7966321	51184	GPN3	12
7966332	51699	VPS29	12
7966345	160760	PPTC7	12
7966356	84329	HVCN1	12
7966368	5501	PPP1CC	12
7966379	4633	MYL2	12
7966389	144717	PHETA1	12
7966397	6311	ATXN2	12
7966427	8315	BRAP	12
7966441	51275	MAPKAPK5-AS1	12
7966448	89894	TMEM116	12
7966462	80018	NAA25	12
7966488	283450	HECTD4	12
7966517	283450	HECTD4	12
7966542	8437	RASAL1	12
7966570	79039	DDX54	12
7966596	115811	IQCD	12
7966600	80024	SLC8B1	12
7966621	10993	SDS	12
7966631	64211	LHX5	12
7966638	9904	RBM19	12
7966668	6910	TBX5	12
7966690	6926	TBX3	12
7966706	23389	MED13L	12
7966738	79794	SPRING1	12
7966746	8739	HRK	12
7966749	54997	TESC	12
7966760	23014	FBXO21	12
7966779	4842	NOS1	12
7966810	283455	KSR2	12
7966829	55884	WSB2	12
7966839	54621	VSIG10	12
7966851	51347	TAOK3	12
7966878	11113	CIT	12
7966929	11021	RAB35	12
7966938	10985	GCN1	12
7966996	6175	RPLP0	12
7967002	5829	PXN	12
7967021	5829	PXN	12
7967028	26834	RNU4-2	12
7967030	26835	RNU4-1	12
7967034	5319	PLA2G1B	12
7967039	4440	MSI1	12
7967056	51499	TRIAP1	12
7967060	8683	SRSF9	12
7967072	84274	COQ5	12
7967084	51367	POP5	12
7967091	121665	SPPL3	12
7967107	283460	HNF1A-AS1	12
7967109	64897	C12orf43	12
7967117	8638	OASL	12
7967127	10645	CAMKK2	12
7967149	51433	ANAPC5	12
7967175	84678	KDM2B	12
7967193	283385	MORN3	12
7967202	54509	RHOF	12
7967210	338799	LINC01089	12
7967212	3242	HPD	12
7967226	386653	IL31	12
7967230	56616	DIABLO	12
7967240	65082	VPS33A	12
7967255	6249	CLIP1	12
7967287	55596	ZCCHC8	12
7967304	65117	RSRC2	12
7967318	338442	HCAR2	12
7967322	8843	HCAR3	12
7967325	27198	HCAR1	12
7967331	79720	VPS37B	12
7967337	23457	ABCB9	12
7967358	57605	PITPNM2	12
7967386	10198	MPHOSPH9	12
7967412	8099	CDK2AP1	12
7967420	55206	SBNO1	12
7967456	196383	RILPL2	12
7967463	353116	RILPL1	12
7967473	1967	EIF2B1	12
7967486	80212	CCDC92	12
7967493	9612	NCOR2	12
7967544	949	SCARB1	12
7967563	7316	UBC	12
7967588	57647	DHX37	12
7967624	121260	SLC15A4	12
7967641	121256	TMEM132D	12
7967660	23504	RIMBP2	12
7967685	2054	STX2	12
7967711	317781	DDX51	12
7967727	50614	GALNT9	12
7967736	5426	POLE	12
7967789	5827	PXMP2	12
7967794	23141	ANKLE2	12
7967810	2802	GOLGA3	12
7967841	55743	CHFR	12
7967863	100289635	ZNF605	12
7967876	101928697	LOC101928697	13
7967879	92002	CCNQ	X
7967881	54737	MPHOSPH8	13
7967900	7750	ZMYM2	13
7967933	8100	IFT88	13
7967969	53342	IL17D	13
7967976	10284	SAP18	13
7967987	78988	MRPL57	13
7967993	2254	FGF9	13
7968004	6445	SGCG	13
7968015	55504	TNFRSF19	13
7968029	542767	PCOTH	13
7968035	221178	SPATA13	13
7968052	338872	C1QTNF9	13
7968056	374491	TPTE2P6	13
7968062	479	ATP12A	13
7968085	56163	RNF17	13
7968126	4046	LSP1	11
7968128	5042	PABPC3	13
7968132	9818	NUP58	13
7968154	51761	ATP8A2	13
7968199	1024	CDK8	13
7968212	10810	WASF3	13
7968232	26771	SNORD102	13
7968234	619499	SNORA27	13
7968236	387496	RASL11A	13
7968242	2971	GTF3A	13
7968254	51082	POLR1D	13
7968260	219409	GSX1	13
7968265	3651	PDX1	13
7968270	432369	ATP5F1EP2	13
7968274	255967	PAN3	13
7968297	51371	POMP	13
7968307	23281	MTUS2	13
7968323	440131	LINC00544	13
7968331	7332	UBE2L3	22
7968333	10208	USPL1	13
7968344	241	ALOX5AP	13
7968351	84935	MEDAG	13
7968361	122046	TEX26	13
7968370	145173	B3GLCT	13
7968389	122042	RXFP2	13
7968411	196549	EEF1DP3	13
7968417	10129	FRY	13
7968484	675	BRCA2	13
7968516	23047	PDS5B	13
7968556	9365	KL	13
7968563	5983	RFC3	13
7968577	26960	NBEA	13
7968632	100507135	SPART-AS1	13
7968637	8900	CCNA1	13
7968650	400120	SERTM1	13
7968653	5994	RFXAP	13
7968658	11340	EXOSC8	13
7968670	51569	UFM1	13
7968678	341640	FREM2	13
7968703	387921	NHLRC3	13
7968711	57511	COG6	13
7968734	10166	SLC25A15	13
7968746	11193	WBP4	13
7968761	79612	NAA16	13
7968789	28984	RGCC	13
7968800	160851	DGKH	13
7968835	11215	AKAP11	13
7968851	8600	TNFSF11	13
7968866	144809	FAM216B	13
7968872	29103	DNAJC15	13
7968883	144811	LACC1	13
7968890	8525	DGKZ	11
7968892	387923	SERP2	13
7968898	55425	GPALPP1	13
7968915	2963	GTF2F2	13
7968928	100190939	TPT1-AS1	13
7968931	83548	COG3	13
7968957	220082	CBY2	13
7968962	220416	LRRC63	13
7968972	10063	COX17	3
7968976	23143	LRCH1	13
7968999	55270	NUDT15	13
7969003	9445	ITM2B	13
7969017	5925	RB1	13
7969050	57105	CYSLTR2	13
7969060	22862	FNDC3A	13
7969093	2862	MLNR	13
7969096	81602	CDADC1	13
7969114	83852	SETDB2	13
7969129	51131	PHF11	13
7969145	115761	ARL11	13
7969151	220429	CTAGE10P	13
7969171	10301	DLEU1	13
7969177	145165	ST13P4	13
7969179	79621	RNASEH2B	13
7969192	220108	FAM124A	13
7969204	115825	WDFY2	13
7969222	83446	CCDC70	13
7969243	26586	CKAP2	13
7969256	220115	TPTE2P3	13
7969271	10910	SUGT1	13
7969288	10562	OLFM4	13
7969330	27253	PCDH17	13
7969341	81550	TDRD3	13
7969374	79866	BORA	13
7969390	10464	PIBF1	13
7969414	688	KLF5	13
7969428	7347	UCHL3	13
7969438	4008	LMO7	13
7969472	729420	LMO7DN	13
7969479	690	BTF3P11	13
7969482	730249	ACOD1	13
7969488	1203	CLN5	13
7969493	8796	SCEL	13
7969533	122060	SLAIN1	13
7969544	54602	NDFIP2	13
7969569	26050	SLITRK5	13
7969596	2262	GPC5	13
7969613	10082	GPC6	13
7969626	160897	GPR180	13
7969640	9071	CLDN10	13
7969651	5611	DNAJC3	13
7969665	266722	HS6ST3	13
7969677	10150	MBNL2	13
7969693	5911	RAP2A	13
7969703	3843	IPO5	13
7969736	10160	FARP1	13
7969776	337867	UBAC2	13
7969796	9375	TM9SF2	13
7969815	171425	CLYBL	13
7969830	7546	ZIC2	13
7969835	5095	PCCA	13
7969861	9358	ITGBL1	13
7969881	7174	TPP2	13
7969933	54841	BIVM	13
7969955	121952	METTL21EP	13
7969959	267012	DAOA	13
7969979	84945	ABHD13	13
7969986	10673	TNFSF13B	13
7969995	23026	MYO16	13
7970033	1284	COL4A2	13
7970084	55739	NAXD	13
7970096	3621	ING1	13
7970111	8874	ARHGEF7	13
7970139	121793	TEX29	13
7970146	6656	SOX1	13
7970150	122258	SPACA7	13
7970158	400165	ATP11AUN	13
7970162	23250	ATP11A	13
7970194	23263	MCF2L	13
7970232	2155	F7	13
7970241	2159	F10	13
7970251	8858	PROZ	13
7970262	8451	CUL4A	13
7970287	3916	LAMP1	13
7970301	55002	TMCO3	13
7970317	7027	TFDP1	13
7970325	6011	GRK1	13
7970329	2621	GAS6	13
7970347	8881	CDC16	13
7970370	65110	UPF3A	13
7970376	283489	CHAMP1	13
7970381	729171	ANKRD20A8P	2
7970388	284232	ANKRD20A9P	13
7970395	7278	TUBA3C	13
7970404	93492	TPTE2	13
7970413	55269	PSPC1	13
7970428	9205	ZMYM5	13
7970439	2700	GJA3	13
7970441	2706	GJB2	13
7970448	10804	GJB6	13
7970455	51084	CRYL1	13
7970467	221143	EEF1AKMT1	13
7970473	64328	XPO4	13
7970498	26524	LATS2	13
7970513	221150	SKA3	13
7970524	253832	ZDHHC20	13
7970546	221154	MICU2	13
7970569	26278	SACS	13
7970577	4285	MIPEP	13
7970595	387911	C1QTNF9B	13
7970597	400110	ANKRD20A19P	13
7970602	143	PARP4	13
7970624	55835	CENPJ	13
7970648	219287	AMER2	13
7970655	9107	MTMR6	13
7970676	387914	SHISA2	13
7970681	6049	RNF6	13
7970691	2835	GPR12	13
7970696	219333	USP12	13
7970704	219402	MTIF3	13
7970716	222484	LNX2	13
7970727	1045	CDX2	13
7970732	646625	URAD	13
7970737	2322	FLT3	13
7970763	2321	FLT1	13
7970793	283537	SLC46A3	13
7970806	100874107	MTUS2-AS1	13
7970810	6541	SLC7A1	13
7970831	5412	UBL3	13
7970844	84056	KATNAL1	13
7970858	3146	HMGB1	13
7970864	10808	HSPH1	13
7970887	646799	ZAR1L	13
7970892	90634	N4BP2L1	13
7970907	10443	N4BP2L2	13
7970924	90627	STARD13	13
7970949	4081	MAB21L1	13
7970954	9201	DCLK1	13
7970999	23111	SPART	13
7971015	4093	SMAD9	13
7971027	29880	ALG5	13
7971039	55578	SUPT20H	13
7971071	122011	CSNK1A1L	13
7971077	10631	POSTN	13
7971104	7223	TRPC4	13
7971126	161003	STOML3	13
7971134	80209	PROSER1	13
7971150	10186	LHFPL6	13
7971167	646982	LINC00598	13
7971177	2308	FOXO1	13
7971184	10240	MRPS31	13
7971197	1997	ELF1	13
7971208	89890	KBTBD6	13
7971218	84078	KBTBD7	13
7971222	9617	MTRF1	13
7971246	23078	VWA8	13
7971296	94240	EPSTI1	13
7971311	55068	ENOX1	13
7971335	160857	CCDC122	13
7971345	79024	SMIM2	13
7971350	8848	TSC22D1	13
7971361	26747	NUFIP1	13
7971369	386618	KCTD4	13
7971373	7178	TPT1	13
7971375	7178	TPT1	13
7971388	253512	SLC25A30	13
7971400	220081	ERICH6B	13
7971419	283514	SIAH3	13
7971422	23091	ZC3H13	13
7971444	1361	CPB2	13
7971461	3936	LCP1	13
7971486	80183	RUBCNL	13
7971513	2098	ESD	13
7971526	3356	HTR2A	13
7971541	8803	SUCLA2	13
7971550	29079	MED4	13
7971563	57092	PCNP	3
7971565	10161	LPAR6	13
7971573	1102	RCBTB2	13
7971590	81617	CAB39L	13
7971602	55213	RCBTB1	13
7971615	84650	EBPL	13
7971620	3839	KPNA3	13
7971644	57213	SPRYD7	13
7971653	8847	DLEU2	13
7971659	406950	MIR16-1	13
7971661	406948	MIR15A	13
7971663	220107	DLEU7	13
7971671	2974	GUCY1B2	13
7971692	26512	INTS6	13
7971713	79758	DHRS12	13
7971727	220112	CTAGE3P	13
7971731	540	ATP7B	13
7971757	341676	NEK5	13
7971780	4752	NEK3	13
7971813	55901	THSD1	13
7971820	51028	VPS36	13
7971838	11061	CNMD	13
7971850	5100	PCDH8	13
7971866	81624	DIAPH3	13
7971905	64881	PCDH20	13
7971915	102723968	LOC102723968	13
7971922	5101	PCDH9	13
7971937	57626	KLHL1	13
7971950	1602	DACH1	13
7971967	22894	DIS3	13
7972003	11278	KLF12	13
7972018	100288208	LOC100288208	13
7972021	9882	TBC1D4	13
7972044	170622	COMMD6	13
7972055	115207	KCTD12	13
7972062	26224	FBXL3	13
7972069	23077	MYCBP2	13
7972157	1910	EDNRB	13
7972177	5457	POU4F1	13
7972180	79596	OBI1	13
7972190	64062	RBM26	13
7972217	10253	SPRY2	13
7972231	114798	SLITRK1	13
7972239	84189	SLITRK6	13
7972247	160824	SP3P	13
7972259	1638	DCT	13
7972269	23483	TGDS	13
7972291	11166	SOX21	13
7972297	10257	ABCC4	13
7972336	22873	DZIP1	13
7972369	55757	UGGT2	13
7972420	541611	HSP90AB6P	13
7972428	27199	OXGR1	13
7972438	140432	RNF113B	13
7972444	8428	STK24	13
7972461	6564	SLC15A1	13
7972487	23348	DOCK9	13
7972548	2841	GPR18	13
7972557	1880	GPR183	13
7972567	85416	ZIC5	13
7972570	87769	GGACT	13
7972579	84899	TMTC4	13
7972601	259232	NALCN	13
7972650	2259	FGF14	13
7972665	196541	METTL21C	13
7972670	643677	CCDC168	13
7972672	643677	CCDC168	13
7972674	93081	TEX30	13
7972682	79070	POGLUT2	13
7972692	6555	SLC10A2	13
7972699	282706	DAOA-AS1	13
7972713	1948	EFNB2	13
7972723	55082	ARGLU1	13
7972737	3981	LIG4	13
7972745	8660	IRS2	13
7972750	1282	COL4A1	13
7972805	55647	RAB20	13
7972810	79587	CARS2	13
7972826	283487	PRECSIT	13
7972840	10426	TUBGCP3	13
7972867	55795	PCID2	13
7972888	55795	PCID2	13
7972890	79774	GRTP1	13
7972902	113622	ADPRHL1	13
7972912	55208	DCUN1D2	13
7972923	496	ATP4B	13
7972932	650669	GAS6-AS1	13
7972936	348013	TMEM255B	13
7972946	22821	RASA3	13
7973002	503638	DUXAP9	14
7973004	441669	OR4Q3	14
7973010	390429	OR4N2	14
7973012	390431	OR4K2	14
7973014	79317	OR4K5	14
7973016	79544	OR4K1	14
7973018	81127	OR4K15	14
7973022	122742	OR4L1	14
7973024	390436	OR4K17	14
7973026	390437	OR4N5	14
7973028	390439	OR11G2	14
7973030	122748	OR11H6	14
7973034	390442	OR11H4	14
7973036	10038	PARP2	14
7973056	328	APEX1	14
7973067	4860	PNP	14
7973078	338879	RNASE10	14
7973080	254028	RNASE11-AS1	14
7973093	10876	EDDM3A	14
7973098	64184	EDDM3B	14
7973101	6039	RNASE6	14
7973105	6037	RNASE3	14
7973108	643332	RNASE2CP	14
7973110	6036	RNASE2	14
7973116	64745	METTL17	14
7973135	29986	SLC39A2	14
7973142	122664	TPPP2	14
7973149	84659	RNASE7	14
7973156	122665	RNASE8	14
7973158	55701	ARHGEF40	14
7973185	57096	RPGRIP1	14
7973214	9878	TOX4	14
7973296	26686	OR4E2	14
7973306	63874	ABHD4	14
7973314	5018	OXA1L	14
7973327	122704	MRPL52	14
7973336	4323	MMP14	14
7973352	26020	LRP10	14
7973363	161253	REM2	14
7973369	122706	PSMB11	14
7973371	55017	C14orf119	14
7973393	64806	IL25	14
7973403	116173	CMTM5	14
7973414	25983	NGDN	14
7973427	79178	THTPA	14
7973433	10202	DHRS2	14
7973468	90668	CARMIL3	14
7973510	9362	CPNE6	14
7973530	5106	PCK2	14
7973545	80344	DCAF11	14
7973564	5720	PSME1	14
7973580	161247	FITM1	14
7973584	55072	RNF31	14
7973618	10379	IRF9	14
7973629	9985	REC8	14
7973652	283629	TSSK4	14
7973660	51292	GMPR2	14
7973709	4776	NFATC4	14
7973724	57523	NYNRIN	14
7973727	57523	NYNRIN	14
7973732	23351	KHNYN	14
7973745	2290	FOXG1	14
7973748	387978	LINC01551	14
7973756	55632	G2E3	14
7973770	23256	SCFD1	14
7973797	1690	COCH	14
7973813	11154	AP4S1	14
7973826	80224	NUBPL	14
7973840	394	ARHGAP5	14
7973850	9472	AKAP6	14
7973875	64067	NPAS3	14
7973900	280655	IGBP1P1	14
7973902	6729	SRP54	14
7973924	9692	PRORP	14
7973936	5687	PSMA6	14
7973943	84684	INSM2	14
7973948	84312	BRMS1L	14
7973962	400206	DPPA3P2	14
7973966	100506237	NKX2-1-AS1	14
7973974	5083	PAX9	14
7973985	145282	MIPOL1	14
7974008	319089	TTC6	14
7974029	319089	TTC6	14
7974047	6751	SSTR1	14
7974054	8487	GEMIN2	14
7974066	5411	PNN	14
7974080	4253	MIA2	14
7974090	4253	MIA2	14
7974109	145581	LRFN5	14
7974117	122525	C14orf28	14
7974125	23116	TOGARAM1	14
7974146	55015	PRPF39	14
7974166	57697	FANCM	14
7974190	131118	DNAJC19	3
7974198	122769	LRR1	14
7974207	4247	MGAT2	14
7974214	122773	KLHDC1	14
7974229	23588	KLHDC2	14
7974249	382	ARF6	14
7974257	27109	DMAC2L	14
7974270	51062	ATL1	14
7974288	145447	ABHD12B	14
7974303	81542	TMX1	14
7974316	122786	FRMD6	14
7974341	54331	GNG2	14
7974352	51637	RTRAF	14
7974363	5729	PTGDR	14
7974366	5732	PTGER2	14
7974372	283554	GPR137C	14
7974380	5706	PSMC6	14
7974387	6815	STYX	14
7974404	1033	CDKN3	14
7974418	10668	CGRRF1	14
7974425	23034	SAMD4A	14
7974447	122809	SOCS4	14
7974455	93487	MAPK1IP1L	14
7974461	3958	LGALS3	14
7974473	55030	FBXO34	14
7974483	3895	KTN1	14
7974531	645683	RPL13AP3	14
7974533	57161	PELI2	14
7974542	54916	TMEM260	14
7974566	55745	AP5M1	14
7974576	122830	NAA30	14
7974587	55860	ACTR10	14
7974603	5684	PSMA3	14
7974621	5926	ARID4A	14
7974647	387990	TOMM20L	14
7974653	9786	KIAA0586	14
7974689	51339	DACT1	14
7974697	23002	DAAM1	14
7974725	51528	JKAMP	14
7974737	341883	LRRC9	14
7974771	64430	PCNX4	14
7974781	5494	PPM1A	14
7974793	4990	SIX6	14
7974799	4331	MNAT1	14
7974816	145389	SLC38A6	14
7974835	5583	PRKCH	14
7974851	3091	HIF1A	14
7974870	6617	SNAPC1	14
7974882	83851	SYT16	14
7974895	646113	LINC00643	14
7974900	646113	LINC00643	14
7974902	57381	RHOJ	14
7974920	23224	SYNE2	14
7975045	4522	MTHFD1	14
7975066	9495	AKAP5	14
7975068	22890	ZBTB1	14
7975076	3306	HSPA2	14
7975081	145376	PPP1R36	14
7975095	26030	PLEKHG3	14
7975136	2530	FUT8	14
7975154	440184	CCDC196	14
7975167	10243	GPHN	14
7975191	161142	GARIN2	14
7975203	64398	PALS1	14
7975224	1965	EIF2S1	14
7975238	57475	PLEKHH1	14
7975268	384	ARG2	14
7975284	145226	RDH12	14
7975292	5890	RAD51B	14
7975311	55218	EXD2	14
7975324	57452	GALNT16	14
7975344	55334	SLC39A9	14
7975354	400224	PLEKHD1	14
7975361	9766	SUSD6	14
7975368	6430	SRSF5	14
7975390	64093	SMOC1	14
7975406	8747	ADAM21	14
7975412	23508	TTC9	14
7975416	22990	PCNX1	14
7975453	319139	SNORD56B	14
7975459	26037	SIPA1L1	14
7975482	9628	RGS6	14
7975506	26094	DCAF4	14
7975521	58517	RBM25	14
7975545	5663	PSEN1	14
7975562	89932	PAPLN	14
7975595	79697	RIOX1	14
7975598	641371	ACOT1	14
7975602	10965	ACOT2	14
7975607	122970	ACOT4	14
7975613	641372	ACOT6	14
7975616	83544	DNAL1	14
7975632	145482	PTGR2	14
7975645	57862	ZNF410	14
7975661	51004	COQ6	14
7975676	80127	BBOF1	14
7975687	91750	LIN52	14
7975696	338917	VSX2	14
7975702	55237	VRTN	14
7975705	122961	ISCA2	14
7975713	51077	FCF1	14
7975725	56252	YLPM1	14
7975747	1743	DLST	14
7975760	8892	EIF2B2	14
7975772	79696	ZC2HC1C	14
7975779	2353	FOS	14
7975787	122953	JDP2	14
7975793	10538	BATF	14
7975799	55640	FLVCR2	14
7975815	23093	TTLL5	14
7975851	112752	IFT43	14
7975863	55668	GPATCH2L	14
7975876	2103	ESRRB	14
7975889	22846	VASH1	14
7975901	145497	LRRC74A	14
7975926	85457	CIPC	14
7975932	57156	TMEM63C	14
7975956	2954	GSTZ1	14
7975971	161394	SAMD15	14
7975976	10598	AHSA1	14
7975989	81892	SLIRP	14
7975995	283579	C14orf178	14
7976000	57143	ADCK1	14
7976012	9369	NRXN3	14
7976037	7253	TSHR	14
7976073	23768	FLRT2	14
7976080	8477	GPR65	14
7976084	55812	SPATA7	14
7976101	79882	ZC3H14	14
7976128	123016	TTC8	14
7976148	29018	FOXN3-AS2	14
7976160	55775	TDP1	14
7976182	56659	KCNK13	14
7976189	5700	PSMC1	14
7976200	801	CALM1	14
7976216	80017	DGLUCY	14
7976243	53981	CPSF2	14
7976263	123041	SLC24A4	14
7976292	79890	RIN3	14
7976307	9950	GOLGA5	14
7976322	1113	CHGA	14
7976333	26175	LYSET	14
7976336	55148	UBR7	14
7976350	57578	UNC79	14
7976402	341947	COX8C	14
7976407	90050	FAM181A	14
7976412	256369	CCDC197	14
7976425	78990	OTUB2	14
7976436	122509	IFI27L1	14
7976443	3429	IFI27	14
7976451	57718	PPP4R4	14
7976481	5267	SERPINA4	14
7976496	12	SERPINA3	14
7976506	388007	SERPINA13P	14
7976512	400242	DICER1-AS1	14
7976515	51218	GLRX5	14
7976523	27004	TCL6	14
7976544	9623	TCL1B	14
7976556	56967	C14orf132	14
7976560	624	BDKRB2	14
7976567	623	BDKRB1	14
7976571	51527	GSKIP	14
7976578	122481	AK7	14
7976598	10914	PAPOLA	14
7976621	7443	VRK1	14
7976635	283598	LINC02914	14
7976642	51359	ERVH-4	14
7976648	8812	CCNK	14
7976669	84439	HHIPL1	14
7976681	10858	CYP46A1	14
7976698	2009	EML1	14
7976726	51466	EVL	14
7976744	7528	YY1	14
7976755	283600	SLC25A47	14
7976766	79446	WDR25	14
7976778	283601	LINC00523	14
7976783	8788	DLK1	14
7976795	55384	MEG3	14
7976804	406914	MIR127	14
7976806	406927	MIR136	14
7976810	767563	SNORD113-3	14
7976812	767564	SNORD113-4	14
7976814	767578	SNORD114-2	14
7976816	767579	SNORD114-3	14
7976818	767582	SNORD114-6	14
7976826	767606	SNORD114-26	14
7976830	407023	MIR299	14
7976832	442897	MIR323A	14
7976834	574452	MIR494	14
7976836	574453	MIR495	14
7976838	442913	MIR376C	14
7976840	619555	MIR487A	14
7976842	494331	MIR382	14
7976844	406924	MIR134	14
7976846	574436	MIR485	14
7976848	574410	MIR323B	14
7976850	406946	MIR154	14
7976852	494326	MIR377	14
7976854	574433	MIR412	14
7976856	574434	MIR410	14
7976858	1735	DIO3	14
7976863	5527	PPP2R5C	14
7976876	1778	DYNC1H1	14
7976957	91833	WDR20	14
7976967	55778	ZNF839	14
7976976	9895	TECPR2	14
7977003	23186	RCOR1	14
7977018	7187	TRAF3	14
7977033	81693	AMN	14
7977046	7127	TNFAIP2	14
7977058	1983	EIF5	14
7977075	677811	SNORA28	14
7977077	4140	MARK3	14
7977105	115708	TRMT61A	14
7977119	84334	COA8	14
7977127	3831	KLC1	14
7977149	79038	ZFYVE21	14
7977161	122402	TDRD9	14
7977203	374569	ASPG	14
7977214	406986	MIR203A	14
7977216	26153	KIF26A	14
7977234	400258	C14orf180	14
7977241	64423	INF2	14
7977249	64423	INF2	14
7977273	122622	ADSS1	14
7977288	10572	SIVA1	14
7977294	100128927	ZBTB42	14
7977296	196872	LINC00638	14
7977299	283638	CEP170B	14
7977319	122618	PLD4	14
7977331	122616	CLBA1	14
7977340	90135	BTBD6	14
7977344	23241	PACS2	14
7977371	23241	PACS2	14
7977373	9112	MTA1	14
7977397	1397	CRIP2	14
7977409	1396	CRIP1	14
7977418	283643	TEDC1	14
7977432	80757	TMEM121	14
7977440	9834	FAM30A	14
7977445	9834	FAM30A	14
7977447	338005	LINC00221	14
7977452	503638	DUXAP9	14
7977454	641455	POTEM	14
7977476	122740	OR4K14	14
7977478	390433	OR4K13	14
7977482	91875	TTC5	14
7977497	57820	CCNB1IP1	14
7977507	85495	RPPH1	14
7977511	7011	TEP1	14
7977567	123103	KLHL33	14
7977571	55644	OSGEP	14
7977584	90809	PIP4P1	14
7977596	390443	RNASE9	14
7977609	341799	OR6S1	14
7977615	6035	RNASE1	14
7977621	57447	NDRG2	14
7977642	440163	RNASE13	14
7977646	51222	ZNF219	14
7977655	390445	OR5AU1	14
7977674	11198	SUPT16H	14
7977693	57680	CHD8	14
7977732	319103	SNORD8	14
7977736	84932	RAB2B	14
7977749	56339	METTL3	14
7977761	6297	SALL2	14
7977767	26533	OR10G3	14
7977771	26534	OR10G2	14
7977775	1603	DAD1	14
7977786	9056	SLC7A7	14
7977803	55147	RBM23	14
7977820	10419	PRMT5	14
7977841	54930	HAUS4	14
7977854	84962	AJUBA	14
7977868	60686	C14orf93	14
7977879	5693	PSMB5	14
7977888	64403	CDH24	14
7977906	22985	ACIN1	14
7977928	1053	CEBPE	14
7977933	23428	SLC7A8	14
7977965	51310	SLC22A17	14
7977978	10278	EFS	14
7977987	4624	MYH6	14
7978019	406990	MIR208A	14
7978021	4625	MYH7	14
7978056	85446	ZFHX2	14
7978059	85446	ZFHX2	14
7978066	8906	AP1G2	14
7978103	102724845	LINC00596	14
7978107	4901	NRL	14
7978114	51016	EMC9	14
7978123	5721	PSME2	14
7978132	79711	IPO4	14
7978166	10548	TM9SF1	14
7978208	26277	TINF2	14
7978222	7051	TGM1	14
7978239	5875	RABGGTA	14
7978260	115817	DHRS1	14
7978272	27141	CIDEB	14
7978285	196883	ADCY4	14
7978312	11035	RIPK3	14
7978331	643866	CBLN3	14
7978335	56948	SDR39U1	14
7978343	1215	CMA1	14
7978351	1511	CTSG	14
7978360	2999	GZMH	14
7978366	3002	GZMB	14
7978376	29091	STXBP6	14
7978391	4857	NOVA1	14
7978407	5587	PRKD1	14
7978428	29966	STRN3	14
7978449	25831	HECTD1	14
7978492	25938	HEATR5A	14
7978527	112487	DTD2	14
7978538	84837	ARHGAP5-AS1	14
7978542	57456	KIAA1143	3
7978544	112399	EGLN3	14
7978553	171546	SPTSSA	14
7978558	55837	EAPP	14
7978570	58533	SNX6	14
7978586	1073	CFL2	14
7978595	11177	BAZ1A	14
7978628	55012	PPP2R3C	14
7978644	4792	NFKBIA	14
7978653	253959	RALGAPA1	14
7978666	51562	MBIP	14
7978686	26257	NKX2-8	14
7978692	89874	SLC25A21	14
7978706	3169	FOXA1	14
7978712	161198	CLEC14A	14
7978718	10484	SEC23A	14
7978739	122553	TRAPPC6B	14
7978748	254170	FBXO33	14
7978754	10944	C11orf58	11
7978756	84075	FSCB	14
7978760	54813	KLHL28	14
7978766	2287	FKBP3	14
7978776	55320	MIS18BP1	14
7978795	140801	RPL10L	14
7978801	161357	MDGA2	14
7978824	6235	RPS29	14
7978833	6166	RPL36AL	14
7978838	55172	DNAAF2	14
7978846	5427	POLE2	14
7978866	9147	NEMF	14
7978911	283551	LINC01588	14
7978917	196913	LINC01599	14
7978923	79609	VCPKMT	14
7978932	6655	SOS2	14
7978956	79944	L2HGDH	14
7978970	8814	CDKL1	14
7978997	11183	MAP4K5	14
7979033	60485	SAV1	14
7979044	51199	NIN	14
7979085	5836	PYGL	14
7979108	114088	TRIM9	14
7979133	22795	NID2	14
7979158	57544	TXNDC16	14
7979179	30001	ERO1A	14
7979196	64841	GNPNAT1	14
7979204	10979	FERMT2	14
7979223	80821	DDHD1	14
7979241	652	BMP4	14
7979250	10175	CNIH1	14
7979260	2764	GMFB	14
7979269	2643	GCH1	14
7979281	11169	WDHD1	14
7979307	9787	DLGAP5	14
7979328	22863	ATG14	14
7979341	387332	TBPL2	14
7979351	100129075	KTN1-AS1	14
7979357	5015	OTX2	14
7979367	10640	EXOC5	14
7979378	55195	CCDC198	14
7979387	341880	SLC35F4	14
7979400	145407	ARMH4	14
7979416	26520	TIMM9	14
7979426	64582	GPR135	14
7979437	112849	L3HYPDH	14
7979444	729665	CCDC175	14
7979455	6252	RTN1	14
7979473	51635	DHRS7	14
7979483	317761	C14orf39	14
7979505	6495	SIX1	14
7979510	51804	SIX4	14
7979516	57570	TRMT5	14
7979524	161291	TMEM30B	14
7979529	27133	KCNH5	14
7979548	122876	GPHB5	14
7979551	5529	PPP2R5E	14
7979565	112840	WDR89	14
7979574	81537	SGPP1	14
7979583	2100	ESR2	14
7979611	7597	ZBTB25	14
7979615	6710	SPTB	14
7979658	2877	GPX2	14
7979663	376267	RAB15	14
7979671	4149	MAX	14
7979691	100128233	LINC02324	14
7979698	51382	ATP6V1D	14
7979710	26499	PLEK2	14
7979721	161145	TMEM229B	14
7979725	5283	PIGH	14
7979732	10490	VTI1B	14
7979743	51109	RDH11	14
7979757	23503	ZFYVE26	14
7979813	677	ZFP36L1	14
7979820	677	ZFP36L1	14
7979824	87	ACTN1	14
7979849	8816	DCAF5	14
7979864	2079	ERH	14
7979870	56936	CCDC177	14
7979876	56936	CCDC177	14
7979878	6554	SLC10A1	14
7979888	6547	SLC8A3	14
7979925	317760	ADAM20P1	14
7979927	8748	ADAM20	14
7979931	10001	MED6	14
7979943	4293	MAP3K9	14
7979957	105370706	LOC105370706	14
7979963	8110	DPF3	14
7979984	53349	ZFYVE1	14
7980005	8650	NUMB	14
7980024	399671	HEATR4	14
7980044	9240	PNMA1	14
7980051	91748	MIDEAS	14
7980069	145483	FAM161B	14
7980080	957	ENTPD5	14
7980096	4329	ALDH6A1	14
7980098	4329	ALDH6A1	14
7980115	5826	ABCD4	14
7980142	646658	SYNDIG1L	14
7980152	4053	LTBP2	14
7980213	283571	PROX2	14
7980219	83694	RPS6KL1	14
7980233	5228	PGF	14
7980246	27030	MLH3	14
7980265	97	ACYP1	14
7980271	91754	NEK9	14
7980296	10972	TMED10	14
7980309	11161	ERG28	14
7980316	7043	TGFB3	14
7980327	23357	ANGEL1	14
7980338	64207	IRF2BPL	14
7980344	283576	ZDHHC22	14
7980352	58157	NGB	14
7980358	29954	POMT2	14
7980381	283578	TMED8	14
7980390	122945	NOXRED1	14
7980403	63894	VIPAS39	14
7980425	145501	ISM2	14
7980438	9517	SPTLC2	14
7980454	8846	ALKBH1	14
7980463	22938	SNW1	14
7980485	1734	DIO2	14
7980496	145508	CEP128	14
7980523	2957	GTF2A1	14
7980537	85439	STON2	14
7980547	6400	SEL1L	14
7980580	2581	GALC	14
7980605	54207	KCNK10	14
7980616	11099	PTPN21	14
7980636	161436	EML5	14
7980680	1112	FOXN3	14
7980690	90141	EFCAB11	14
7980702	55051	NRDE2	14
7980720	145567	TTC7B	14
7980744	9252	RPS6KA5	14
7980765	8111	GPR68	14
7980773	440193	CCDC88C	14
7980828	440193	CCDC88C	14
7980833	55671	PPP4R3A	14
7980859	101928957	LOC101928957	14
7980861	79820	CATSPERB	14
7980891	123036	TC2N	14
7980908	10516	FBLN5	14
7980923	9321	TRIP11	14
7980940	4287	ATXN3	14
7980955	4707	NDUFB1	14
7980958	5641	LGMN	14
7980970	3705	ITPK1	14
7980983	64112	MOAP1	14
7980990	84520	GON7	14
7980998	55727	BTBD7	14
7981013	145270	PRIMA1	14
7981020	51676	ASB2	14
7981032	57062	DDX24	14
7981046	83982	IFI27L2	14
7981051	51156	SERPINA10	14
7981059	866	SERPINA6	14
7981065	390502	SERPINA2	14
7981068	5265	SERPINA1	14
7981078	256394	SERPINA11	14
7981084	327657	SERPINA9	14
7981098	145264	SERPINA12	14
7981106	145258	GSC	14
7981111	23405	DICER1	14
7981142	79789	CLMN	14
7981157	161176	SYNE3	14
7981161	161176	SYNE3	14
7981183	8115	TCL1A	14
7981192	55102	ATG2B	14
7981217	55102	ATG2B	14
7981237	100129345	LINC02291	14
7981242	64919	BCL11B	14
7981249	84193	SETD3	14
7981266	317762	CCDC85C	14
7981273	317762	CCDC85C	14
7981278	123099	DEGS2	14
7981283	123096	SLC25A29	14
7981290	7453	WARS1	14
7981309	57596	BEGAIN	14
7981322	388015	RTL1	14
7981335	3320	HSP90AA1	14
7981346	5891	MOK	14
7981364	51550	CINP	14
7981377	122416	ANKRD9	14
7981387	9578	CDC42BPB	14
7981425	105370686	LOC105370686	14
7981427	1152	CKB	14
7981439	9529	BAG5	14
7981447	7517	XRCC3	14
7981460	23368	PPP1R13B	14
7981481	9556	ATP5MJ	14
7981488	388021	TMEM179	14
7981490	388021	TMEM179	14
7981494	207	AKT1	14
7981514	113146	AHNAK2	14
7981525	55038	CDCA4	14
7981530	29933	GPR132	14
7981538	3714	JAG2	14
7981566	256281	NUDT14	14
7981573	2972	BRF1	14
7981720	3493	IGHA1	14
7981730	3493	IGHA1	14
7981745	28378	IGHV7-81	14
7981785	390539	OR4N3P	15
7981798	114791	TUBGCP5	15
7981824	23191	CYFIP1	15
7981911	7681	MKRN3	15
7981917	23742	NPAP1	15
7981945	100506965	PWAR6	15
7981949	100033413	SNORD116-1	15
7981951	100033414	SNORD116-2	15
7981960	100033418	SNORD116-6	15
7981968	100033422	SNORD116-10	15
7981970	100033423	SNORD116-11	15
7981972	100033424	SNORD116-12	15
7981974	100033425	SNORD116-13	15
7981976	100033426	SNORD116-14	15
7981978	100033427	SNORD116-15	15
7981980	100033428	SNORD116-16	15
7981984	100033430	SNORD116-18	15
7981988	100033431	SNORD116-20	15
7981990	100033432	SNORD116-21	15
7981992	100033433	SNORD116-22	15
7981994	100033434	SNORD116-23	15
7981996	100033435	SNORD116-24	15
7981998	100033436	SNORD116-25	15
7982000	100033438	SNORD116-26	15
7982002	100033439	SNORD116-27	15
7982004	100033820	SNORD116-28	15
7982006	100033821	SNORD116-29	15
7982010	100033437	SNORD115-2	15
7982012	100033440	SNORD115-3	15
7982014	100033441	SNORD115-4	15
7982022	100033445	SNORD115-8	15
7982026	100033447	SNORD115-10	15
7982034	100033451	SNORD115-14	15
7982036	100033453	SNORD115-15	15
7982048	100033603	SNORD115-21	15
7982054	100036563	SNORD115-24	15
7982056	100033801	SNORD115-25	15
7982060	100036564	SNORD115-27	15
7982062	100036565	SNORD115-28	15
7982068	100033805	SNORD115-31	15
7982070	100033806	SNORD115-32	15
7982072	100033807	SNORD115-33	15
7982074	100033808	SNORD115-34	15
7982076	100033809	SNORD115-35	15
7982080	100033811	SNORD115-37	15
7982082	100033812	SNORD115-38	15
7982086	100033814	SNORD115-40	15
7982088	100033815	SNORD115-41	15
7982094	100033818	SNORD115-44	15
7982096	100033822	SNORD115-48	15
7982102	2558	GABRA5	15
7982117	2567	GABRG3	15
7982129	6171	RPL41	12
7982187	321	APBA2	15
7982252	26082	LINC02249	15
7982287	89839	ARHGAP11B	15
7982309	22909	FAN1	15
7982326	51621	KLF13	15
7982341	1139	CHRNA7	15
7982358	9824	ARHGAP11A	15
7982366	6447	SCG5	15
7982377	26585	GREM1	15
7982392	6263	RYR3	15
7982497	1133	CHRM5	15
7982504	161779	PGBD4	15
7982507	51234	EMC4	15
7982516	256646	NUTM1	15
7982535	84529	CDIN1	15
7982552	145942	TMCO5A	15
7982564	161742	SPRED1	15
7982574	283742	FAM98B	15
7982587	400359	LINC02694	15
7982593	400360	LINC02915	15
7982597	7057	THBS1	15
7982620	440275	EIF2AK4	15
7982703	85455	DISP2	15
7982712	90417	KNSTRN	15
7982723	3712	IVD	15
7982738	22893	BAHD1	15
7982745	113189	CHST14	15
7982753	27079	RPUSD2	15
7982757	57082	KNL1	15
7982792	5888	RAD51	15
7982805	2644	GCHFR	15
7982810	643338	C15orf62	15
7982812	84936	ZFYVE19	15
7982829	6692	SPINT1	15
7982845	57617	VPS18	15
7982854	54567	DLL4	15
7982868	79094	CHAC1	15
7982878	11261	CHP1	15
7982889	51203	NUSAP1	15
7982904	23168	RTF1	15
7982927	3706	ITPKA	15
7982938	7301	TYRO3	15
7982957	23269	MGA	15
7982985	23005	MAPKBP1	15
7983051	105370792	LOC105370792	15
7983111	8773	SNAP23	15
7983123	55142	HAUS2	15
7983132	57519	STARD9	15
7983143	57519	STARD9	15
7983145	57519	STARD9	15
7983157	80021	TMEM62	15
7983173	23582	CCNDBP1	15
7983191	161823	ADAL	15
7983206	27229	TUBGCP4	15
7983306	79968	WDR76	15
7983321	113201	GOLM2	15
7983335	51496	CTDSPL2	15
7983350	8669	EIF3J	15
7983360	567	B2M	15
7983381	145645	TERB2	15
7983393	6652	SORD	15
7983405	405753	DUOXA2	15
7983413	53905	DUOX1	15
7983447	9153	SLC28A2	15
7983469	79029	AFG2B	15
7983490	283651	HMGN2P46	15
7983502	26258	BLOC1S6	15
7983512	58472	SQOR	15
7983527	80031	SEMA6D	15
7983553	283652	SLC24A5	15
7983564	6557	SLC12A1	15
7983594	1854	DUT	15
7983606	23741	EID1	15
7983616	2585	GALK2	15
7983630	2252	FGF7	15
7983638	56986	DTWD1	15
7983650	11001	SLC27A2	15
7983663	9101	USP8	15
7983679	23431	AP4E1	15
7983704	342035	GLDN	15
7983718	29106	SCG3	15
7983734	29767	TMOD2	15
7983744	29766	TMOD3	15
7983763	5597	MAPK6	15
7983779	440279	UNC13C	15
7983811	9488	PIGB	15
7983828	374618	TEX9	15
7983843	6938	TCF12	15
7983867	84952	CGNL1	15
7983910	366	AQP9	15
7983928	3990	LIPC	15
7983940	54629	MINDY2	15
7983953	54778	RNF111	15
7983969	9133	CCNB2	15
7983985	92483	LDHAL6B	15
7983991	145773	FAM81A	15
7984001	9245	GCNT3	15
7984011	27023	FOXB1	15
7984016	145741	C2CD4A	15
7984019	83660	TLN2	15
7984077	406965	MIR190A	15
7984079	7168	TPM1	15
7984103	114294	LACTB	15
7984112	51762	RAB8B	15
7984124	83464	APH1B	15
7984132	9960	USP3	15
7984152	283807	FBXL22	15
7984155	6642	SNX1	15
7984174	79856	SNX22	15
7984190	9325	TRIP4	15
7984203	23060	ZNF609	15
7984217	80301	PLEKHO2	15
7984227	348094	ANKDD1A	15
7984245	123264	SLC51B	15
7984253	390594	KBTBD13	15
7984257	26831	RNU5A-1	15
7984259	26832	RNU5B-1	15
7984263	51495	HACD3	15
7984276	9187	SLC24A1	15
7984289	8766	RAB11A	15
7984298	115752	DIS3L	15
7984319	5604	MAP2K1	15
7984330	55055	ZWILCH	15
7984353	4091	SMAD6	15
7984364	4088	SMAD3	15
7984380	64799	IQCH	15
7984405	145853	C15orf61	15
7984408	5607	MAP2K5	15
7984436	390598	SKOR1	15
7984453	8554	PIAS1	15
7984470	10116	FEM1B	15
7984475	10391	CORO2B	15
7984511	283673	EWSAT1	15
7984517	26035	GLCE	15
7984524	54852	PAQR5	15
7984540	9493	KIF23	15
7984562	6176	RPLP1	15
7984569	54839	LRRC49	15
7984588	79875	THSD4	15
7984606	10002	NR2E3	15
7984626	123228	SENP8	15
7984631	80072	HEXA-AS1	15
7984635	338949	TMEM202	15
7984641	25820	ARIH1	15
7984686	585	BBS4	15
7984704	4756	NEO1	15
7984736	283677	REC114	15
7984743	80381	CD276	15
7984759	161514	TBC1D21	15
7984771	4016	LOXL1	15
7984779	5371	PML	15
7984802	57611	ISLR2	15
7984813	3671	ISLR	15
7984819	80125	CCDC33	15
7984843	10620	ARID3B	15
7984846	1198	CLK3	15
7984862	1544	CYP1A2	15
7984871	1445	CSK	15
7984892	79748	LMAN1L	15
7984914	594855	CPLX3	15
7984922	4351	MPI	15
7984932	192683	SCAMP5	15
7984943	60490	PPCDC	15
7984952	56905	C15orf39	15
7984989	54939	COMMD4	15
7985001	79661	NEIL1	15
7985016	257364	SNX33	15
7985025	161753	CIMAP1C	15
7985039	441728	GOLGA6EP	15
7985044	92912	UBE2Q2	15
7985053	26263	FBXO22	15
7985066	123591	TMEM266	15
7985080	64843	ISL2	15
7985089	5955	RCN2	15
7985099	9051	PSTPIP1	15
7985119	10363	HMG20A	15
7985130	646892	SH2D7	15
7985134	3419	IDH3A	15
7985147	55466	DNAJA4	15
7985159	1381	CRABP1	15
7985166	3658	IREB2	15
7985192	123688	HYKK	15
7985202	5685	PSMA4	15
7985213	1138	CHRNA5	15
7985226	10933	MORF4L1	15
7985233	100129540	LOC100129540	15
7985236	406960	MIR184	15
7985238	390616	ANKRD34C	15
7985240	23423	TMED3	15
7985248	23251	MINAR1	15
7985253	283687	ST20-AS1	15
7985259	54469	ZFAND6	15
7985268	2184	FAH	15
7985285	9915	ARNT2	15
7985310	58489	ABHD17C	15
7985317	57214	CEMIP	15
7985349	59274	TLNRD1	15
7985352	161502	CFAP161	15
7985364	3603	IL16	15
7985398	283726	SAXO2	15
7985402	100134869	UBE2Q2P2	15
7985416	114817	CSPG4P5	15
7985418	440300	LOC440300	15
7985457	114817	CSPG4P5	15
7985459	440300	LOC440300	15
7985482	123720	WHAMM	15
7985488	83640	RAMAC	15
7985493	53346	TM6SF1	15
7985507	6457	SH3GL3	15
7985522	57188	ADAMTSL3	15
7985560	114817	CSPG4P5	15
7985577	54993	ZSCAN2	15
7985587	54581	SCAND2P	15
7985605	9640	ZNF592	15
7985620	57538	ALPK3	15
7985636	9154	SLC28A1	15
7985662	5151	PDE8A	15
7985688	114817	CSPG4P5	15
7985690	440300	LOC440300	15
7985695	11214	AKAP13	15
7985741	123624	AGBL1	15
7985752	145978	LINC00052	15
7985757	64963	MRPS11	15
7985765	407044	MIR7-2	15
7985767	64782	AEN	15
7985777	3669	ISG20	15
7985786	176	ACAN	15
7985809	11057	ABHD2	15
7985829	55215	FANCI	15
7985871	407051	MIR9-3	15
7985873	90381	TICRR	15
7985898	56964	WDR93	15
7985920	145873	MESP2	15
7985924	374655	ZNF710	15
7985934	10509	SEMA4B	15
7985959	390637	GDPGP1	15
7985963	440307	TTLL13	15
7985983	51335	NGRN	15
7985997	51335	NGRN	15
7986004	342132	ZNF774	15
7986010	8826	IQGAP1	15
7986049	64784	CRTC3	15
7986068	641	BLM	15
7986092	5045	FURIN	15
7986110	2242	FES	15
7986132	4122	MAN2A2	15
7986160	55898	UNC45A	15
7986186	91433	RCCD1	15
7986195	9899	SV2B	15
7986214	28232	SLCO3A1	15
7986229	8128	ST8SIA2	15
7986239	145858	C15orf32	15
7986246	3150	HMGN1	21
7986250	1106	CHD2	15
7986293	55784	MCTP2	15
7986323	440311	LOC440311	15
7986329	7026	NR2F2	15
7986340	145946	SPATA8	15
7986350	91947	ARRDC4	15
7986359	3480	IGF1R	15
7986383	3480	IGF1R	15
7986385	23336	SYNM	15
7986394	123355	LRRC28	15
7986407	7190	HSP90B2P	15
7986411	4205	MEF2A	15
7986428	400464	LOC400464	15
7986433	140460	ASB7	15
7986444	105369201	GCAWKR	15
7986446	220	ALDH1A3	15
7986463	79705	LRRK1	15
7986503	196968	DNM1P46	15
7986530	390648	OR4F6	15
7986532	390649	OR4F15	15
7986536	390651	OR4F13P	15
7986603	646214	LOC646214	15
7986629	8755	ADAM6	14
7986639	102724971	LOC102724971	15
7986665	81614	NIPA2	15
7986675	123606	NIPA1	15
7986744	283685	GOLGA6L2	15
7986755	54551	MAGEL2	15
7986757	4692	NDN	15
7986765	6125	RPL5	1
7986769	7337	UBE3A	15
7986789	57194	ATP10A	15
7986822	2562	GABRB3	15
7986838	4948	OCA2	15
7986863	8924	HERC2	15
7986960	23359	ENTREP2	15
7986969	56160	NSMCE3	15
7986977	7082	TJP1	15
7987010	127833	SYT2	1
7987048	54893	MTMR10	15
7987068	4308	TRPM1	15
7987097	406993	MIR211	15
7987099	161725	OTUD7A	15
7987145	342184	FMN1	15
7987163	342184	FMN1	15
7987165	57099	AVEN	15
7987172	56851	EMC7	15
7987192	9990	SLC12A6	15
7987225	55505	NOP10	15
7987230	254531	LPCAT4	15
7987310	57369	GJD2	15
7987315	70	ACTC1	15
7987325	9716	AQR	15
7987361	54989	ZNF770	15
7987369	89978	DPH6	15
7987381	161635	CSNK1A1P1	15
7987385	4212	MEIS2	15
7987405	10125	RASGRP1	15
7987426	161835	FSIP1	15
7987439	11245	GPR176	15
7987449	6727	SRP14	15
7987454	90427	BMF	15
7987472	644809	PAK6-AS1	15
7987475	5330	PLCB2	15
7987511	388115	CCDC9B	15
7987536	55177	RMDN3	15
7987554	55192	DNAJC17	15
7987565	54866	PPP1R14D	15
7987574	171177	RHOV	15
7987584	54617	INO80	15
7987623	161829	EXD1	15
7987636	11339	OIP5	15
7987642	51103	NDUFAF1	15
7987650	4058	LTK	15
7987675	26015	RPAP1	15
7987701	51332	SPTBN5	15
7987772	30844	EHD4	15
7987780	123745	PLA2G4E	15
7987792	283748	PLA2G4D	15
7987815	255189	PLA2G4F	15
7987840	23339	VPS39	15
7987869	25963	TMEM87A	15
7987892	64397	ZNF106	15
7987916	255252	LRRC57	15
7987928	146059	CDAN1	15
7987960	146057	TTBK2	15
7987981	197131	UBR1	15
7988031	6189	RPS3A	4
7988033	2038	EPB42	15
7988050	9333	TGM5	15
7988064	116179	TGM7	15
7988077	9836	LCMT2	15
7988082	146050	ZSCAN29	15
7988093	7158	TP53BP1	15
7988124	9677	PPIP5K1	15
7988163	117155	CATSPER2	15
7988208	440278	CATSPER2P1	15
7988212	80237	ELL3	15
7988227	619189	SERINC4	15
7988245	4236	MFAP1	15
7988260	84978	FRMD5	15
7988283	645212	EIF3J-DT	15
7988286	80208	SPG11	15
7988327	197135	PATL2	15
7988350	50506	DUOX2	15
7988380	90527	DUOXA1	15
7988400	90525	SHF	15
7988414	2628	GATM	15
7988426	7782	SLC30A4	15
7988444	50804	MYEF2	15
7988467	2200	FBN1	15
7988537	22995	CEP152	15
7988563	399694	SHC4	15
7988581	9728	SECISBP2L	15
7988605	9318	COPS2	15
7988625	196951	FAM227B	15
7988644	79895	ATP8B4	15
7988672	3067	HDC	15
7988687	2553	GABPB1	15
7988705	373509	USP50	15
7988713	54822	TRPM7	15
7988753	84888	SPPL2A	15
7988763	388121	TNFAIP8L3	15
7988767	1588	CYP19A1	15
7988789	23312	DMXL2	15
7988833	256586	LYSMD2	15
7988838	123169	LEO1	15
7988852	10017	BCL2L10	15
7988859	10681	GNB5	15
7988876	55930	MYO5C	15
7988921	4644	MYO5A	15
7988963	10776	ARPP19	15
7988970	56204	ATOSA	15
7988987	3175	ONECUT1	15
7988990	256764	WDR72	15
7989013	51187	RSL24D1	15
7989023	5873	RAB27A	15
7989069	26108	PYGO1	15
7989073	283659	PRTG	15
7989094	4734	NEDD4	15
7989128	246175	CNOT6L	4
7989132	64864	RFX7	15
7989146	55329	MNS1	15
7989159	54816	ZNF280D	15
7989199	8854	ALDH1A2	15
7989224	102	ADAM10	15
7989245	664618	HSP90AB4P	15
7989253	79811	SLTM	15
7989277	4643	MYO1E	15
7989315	2958	GTF2A2	15
7989323	663	BNIP2	15
7989335	302	ANXA2	15
7989347	79664	ICE2	15
7989365	6095	RORA	15
7989387	54832	VPS13C	15
7989473	388125	C2CD4B	15
7989476	255180	GOLGA2P11	15
7989491	111064646	TPM1-AS	15
7989493	51065	RPS27L	15
7989501	771	CA12	15
7989516	8925	HERC1	15
7989596	23604	DAPK2	15
7989611	84191	CIAO2A	15
7989619	5479	PPIB	15
7989628	53944	CSNK1G1	15
7989647	9768	PCLAF	15
7989661	4947	OAZ2	15
7989670	348093	RBPMS2	15
7989680	80119	PIF1	15
7989696	51324	SPG21	15
7989708	123263	MTFMT	15
7989718	51285	RASL12	15
7989725	10081	PDCD7	15
7989735	10845	CLPX	15
7989750	8483	CILP	15
7989759	54956	PARP16	15
7989770	9543	IGDCC3	15
7989785	57722	IGDCC4	15
7989806	54878	DPP8	15
7989834	81556	INTS14	15
7989849	10260	DENND4A	15
7989887	84465	MEGF11	15
7989915	54962	TIPIN	15
7989922	692149	SCARNA14	15
7989924	10302	SNAPC5	15
7989932	6124	RPL4	15
7989937	197021	LCTL	15
7989953	79719	AAGAB	15
7989968	91860	CALML4	15
7989975	54982	CLN6	15
7989985	22801	ITGA11	15
7990020	8125	ANP32A	15
7990027	80035	ANP32A-IT1	15
7990033	7090	TLE3	15
7990054	55075	UACA	15
7990080	55323	LARP6	15
7990086	56906	THAP10	15
7990092	4649	MYO9A	15
7990138	196996	GRAMD2A	15
7990151	5315	PKM	15
7990165	56965	PARP6	15
7990191	60677	CELF6	15
7990211	3073	HEXA	15
7990231	83440	ADPGK	15
7990244	10021	HCN4	15
7990253	27020	NPTN	15
7990269	388135	INSYN1	15
7990273	9399	STOML1	15
7990309	64220	STRA6	15
7990333	1583	CYP11A1	15
7990345	8482	SEMA7A	15
7990361	84993	UBL7	15
7990379	80153	EDC3	15
7990391	1543	CYP1A1	15
7990400	25989	ULK3	15
7990417	10066	SCAMP2	15
7990429	57184	FAM219B	15
7990436	9377	COX5A	15
7990442	54913	RPP25	15
7990457	4123	MAN2C1	15
7990487	25942	SIN3A	15
7990511	5780	PTPN9	15
7990528	10073	SNUPN	15
7990540	55272	IMP3	15
7990545	1464	CSPG4	15
7990555	145957	NRG4	15
7990566	2108	ETFA	15
7990582	49855	SCAPER	15
7990620	10099	TSPAN3	15
7990632	79834	PEAK1	15
7990636	81698	LINC00597	15
7990643	84894	LINGO1	15
7990657	23102	TBC1D2B	15
7990674	10518	CIB2	15
7990683	23205	ACSBG1	15
7990700	80349	SKIC8	15
7990714	1136	CHRNA3	15
7990729	1143	CHRNB4	15
7990736	11173	ADAMTS7	15
7990757	1512	CTSH	15
7990774	5923	RASGRF1	15
7990815	400410	ST20	15
7990818	597	BCL2A1	15
7990830	23184	MESD	15
7990839	80765	STARD5	15
7990848	342125	TMC3	15
7990873	84206	MEX3B	15
7990879	79631	EFL1	15
7990916	6218	RPS17	15
7990928	440300	LOC440300	15
7990941	114817	CSPG4P5	15
7990965	6218	RPS17	15
7990971	64506	CPEB1	15
7990987	8120	AP3B2	15
7991017	283693	ACTG1P17	15
7991019	123722	FSD2	15
7991034	9455	HOMER2	15
7991049	123207	C15orf40	15
7991057	53339	BTBD1	15
7991070	50810	HDGFL3	15
7991080	646	BNC1	15
7991106	114817	CSPG4P5	15
7991120	388165	UBE2Q2P1	15
7991126	84942	WDR73	15
7991138	4828	NMB	15
7991143	23478	SEC11A	15
7991173	64410	KLHL25	15
7991186	4916	NTRK3	15
7991209	26589	MRPL46	15
7991214	55070	DET1	15
7991216	55070	DET1	15
7991224	145864	HAPLN3	15
7991234	4240	MFGE8	15
7991246	6017	RLBP1	15
7991258	5428	POLG	15
7991283	51458	RHCG	15
7991296	374654	KIF7	15
7991313	5346	PLIN1	15
7991323	8800	PEX11A	15
7991332	55897	MESP1	15
7991335	290	ANPEP	15
7991374	3418	IDH2	15
7991386	10519	CIB1	15
7991395	23766	GABARAPL3	15
7991401	374659	HDDC3	15
7991406	9055	PRC1	15
7991427	26276	VPS33B	15
7991453	400451	FAM174B	15
7991459	56963	RGMA	15
7991469	283777	FAM169BP	15
7991478	145814	PGPEP1L	15
7991485	64927	TTC23	15
7991503	145748	LYSMD4	15
7991512	196968	DNM1P46	15
7991516	170691	ADAMTS17	15
7991542	388182	SPATA41	15
7991546	204219	CERS3	15
7991562	441733	PRKXP1	15
7991566	55180	LINS1	15
7991577	440313	LOC440313	15
7991581	22856	CHSY1	15
7991587	55829	SELENOS	15
7991598	6627	SNRPA1	15
7991602	5046	PCSK6	15
7991630	80213	TM2D3	15
7991640	123283	TARS3	15
7991731	100132169	WASIR2	16
7991735	79622	SNRNP25	16
7991742	4350	MPG	16
7991750	3050	HBZ	16
7991754	3050	HBZ	16
7991758	3042	HBM	16
7991772	3049	HBQ1	16
7991779	83986	FAM234A	16
7991800	398	ARHGDIG	16
7991815	64714	PDIA2	16
7991835	729480	RPL23AP5	16
7991837	4833	NME4	16
7991860	9727	RAB11FIP3	16
7991877	6650	CAPN15	16
7991893	146325	PRR35	16
7991898	283948	NHLRC4	16
7991904	9091	PIGQ	16
7991917	57799	RAB40C	16
7991927	117166	WFIKKN1	16
7991932	84331	MCRIP2	16
7991939	197335	WDR90	16
7991989	89941	RHOT2	16
7992010	9028	RHBDL1	16
7992021	10273	STUB1	16
7992038	79006	METRN	16
7992043	65990	ANTKMT	16
7992049	84264	HAGHL	16
7992071	10232	MSLN	16
7992092	63922	CHTF18	16
7992121	388199	PRR25	16
7992125	30812	SOX8	16
7992145	6755	SSTR5	16
7992147	8912	CACNA1H	16
7992191	23430	TPSD1	16
7992205	7329	UBE2I	16
7992219	8938	BAIAP3	16
7992255	84572	GNPTG	16
7992271	9894	TELO2	16
7992293	79652	TMEM204	16
7992302	57585	CRAMP1	16
7992337	90861	JPT2	16
7992347	23162	MAPK8IP3	16
7992379	197342	EME2	16
7992388	10101	NUBP2	16
7992396	81889	FAHD1	16
7992402	4716	NDUFB10	16
7992409	146310	RNF151	16
7992414	10607	TBL3	16
7992439	2671	GFER	16
7992447	9143	SYNGR3	16
7992460	283869	NPW	16
7992463	9351	NHERF2	16
7992474	7249	TSC2	16
7992518	25837	RAB26	16
7992529	84231	TRAF7	16
7992552	64223	MLST8	16
7992568	1877	E4F1	16
7992584	1775	DNASE1L2	16
7992594	899	CCNF	16
7992614	80178	TEDC2	16
7992632	4917	NTN3	16
7992639	57465	TBC1D24	16
7992646	527	ATP6V0C	16
7992656	51005	AMDHD2	16
7992670	5170	PDPK1	16
7992678	652276	LOC652276	16
7992682	645644	FLJ42627	16
7992685	54442	KCTD5	16
7992692	23524	SRRM2	16
7992716	360226	PRSS41	16
7992722	10942	PRSS21	16
7992732	124220	ZG16B	16
7992737	114984	FLYWCH2	16
7992744	84256	FLYWCH1	16
7992758	79412	KREMEN2	16
7992775	124222	PAQR4	16
7992782	9080	CLDN9	16
7992789	51330	TNFRSF12A	16
7992795	79228	THOC6	16
7992811	64386	MMP25	16
7992828	9235	IL32	16
7992845	7755	ZNF205	16
7992854	7760	ZNF213	16
7992863	4992	OR1F1	16
7992865	26184	OR1F2P	16
7992867	283876	LINC00921	16
7992870	10127	ZNF263	16
7992877	7627	ZNF75A	16
7992887	7627	ZNF75A	16
7992889	4993	OR2C1	16
7992897	7727	ZNF174	16
7992905	79903	NAA60	16
7992917	23059	CLUAP1	16
7992934	1773	DNASE1	16
7992956	84662	GLIS2	16
7992967	114990	VASN	16
7992973	9093	DNAJA3	16
7992987	3163	HMOX2	16
7992998	23295	MGRN1	16
7993019	84309	NUDT16L1	16
7993024	146562	DNAAF8	16
7993035	29855	UBN1	16
7993054	9717	SEC14L5	16
7993071	56052	ALG1	16
7993083	54715	RBFOX1	16
7993114	79091	METTL22	16
7993126	18	ABAT	16
7993148	5373	PMM2	16
7993159	29035	HAPSTR1	16
7993167	80063	ATF7IP2	16
7993185	4682	NUBP1	16
7993195	4261	CIITA	16
7993223	23274	CLEC16A	16
7993259	8303	SNN	16
7993267	608	TNFRSF17	16
7993274	92017	SNX29	16
7993281	92017	SNX29	16
7993296	729993	SHISA9	16
7993298	2072	ERCC4	16
7993310	57496	MRTFB	16
7993337	100126355	MIR365A	16
7993341	51283	BFAR	16
7993433	23042	PDXDC1	16
7993453	255027	MPV17L	16
7993458	89927	BMERB1	16
7993467	54820	NDE1	16
7993478	4363	ABCC1	16
7993588	79905	TMC7	16
7993608	10229	COQ7	16
7993622	162073	ITPRIPL2	16
7993624	51760	SYT17	16
7993632	728276	CLEC19A	16
7993638	79838	TMC5	16
7993664	9738	CCP110	16
7993680	57020	VPS35L	16
7993713	124152	IQCK	16
7993726	54988	ACSM5	16
7993754	123876	ACSM2A	16
7993756	6296	ACSM3	16
7993776	81691	REXO5	16
7993800	57149	LYRM1	16
7993807	57146	LDAF1	16
7993815	257629	ANKS4B	16
7993821	400508	CRYM-AS1	16
7993833	51108	METTL9	16
7993848	146183	OTOA	16
7993872	7385	UQCRC2	16
7993889	730094	MOSMO	16
7993898	146177	VWA3A	16
7993946	29904	EEF2K	16
7993973	55718	POLR3E	16
7994052	9956	HS3ST2	16
7994058	6340	SCNN1G	16
7994074	6338	SCNN1B	16
7994095	56061	UBFD1	16
7994102	84516	DCTN5	16
7994109	5347	PLK1	16
7994123	63928	CHP2	16
7994131	5579	PRKCB	16
7994152	10368	CACNG3	16
7994161	5930	RBBP6	16
7994187	27327	TNRC6A	16
7994216	115584	SLC5A11	16
7994235	554206	LOC554206	16
7994237	51451	LCMT1	16
7994252	343	AQP8	16
7994260	9951	HS3ST4	16
7994267	162083	C16orf82	16
7994269	79831	KDM8	16
7994280	3566	IL4R	16
7994292	50615	IL21R	16
7994308	23247	KATNIP	16
7994345	388228	SBK1	16
7994353	55911	APOBR	16
7994362	112869	SGF29	16
7994386	11273	ATXN2L	16
7994445	25970	SH2B1	16
7994463	487	ATP2A1	16
7994487	930	CD19	16
7994506	84901	NFATC2IP	16
7994518	83985	SPNS1	16
7994541	27040	LAT	16
7994572	440352	SNX29P2	16
7994603	6693	SPN	16
7994609	23475	QPRT	16
7994615	653808	ZG16	16
7994620	3835	KIF22	16
7994637	4150	MAZ	16
7994647	112476	PRRT2	16
7994655	79447	PAGR1	16
7994659	9961	MVP	16
7994675	253982	ASPHD1	16
7994683	124446	TMEM219	16
7994692	9344	TAOK2	16
7994715	283899	INO80E	16
7994730	146378	C16orf92	16
7994756	5531	PPP4C	16
7994769	11151	CORO1A	16
7994804	29895	MYL11	16
7994813	197407	ZNF48	16
7994817	51333	ZNF771	16
7994826	3683	ITGAL	16
7994858	78994	PRR14	16
7994874	64319	FBRS	16
7994926	677813	SNORA30	16
7994928	5261	PHKG2	16
7994939	9810	RNF40	16
7994961	1489	CTF1	16
7994967	54620	FBXL19	16
7994981	93129	ORAI3	16
7994985	9739	SETD1A	16
7995007	80270	HSD3B7	16
7995017	6810	STX4	16
7995033	9726	ZNF646	16
7995040	10295	BCKDK	16
7995055	84148	KAT8	16
7995069	2521	FUS	16
7995088	493829	TRIM72	16
7995096	3684	ITGAM	16
7995128	3687	ITGAX	16
7995161	3681	ITGAD	16
7995193	79798	ARMC5	16
7995206	7041	TGFB1I1	16
7995222	6524	SLC5A2	16
7995237	51327	AHSP	16
7995242	100132341	CLUHP3	16
7995252	124411	KRBOX5	16
7995258	10308	ZNF267	16
7995263	3493	IGHA1	14
7995310	162137	LOC162137	16
7995312	102724485	CCNYL1B	16
7995334	400533	LINC02167	16
7995354	23594	ORC6	16
7995362	84706	GPT2	16
7995382	5257	PHKB	16
7995421	83752	LONP2	16
7995442	123970	C16orf78	16
7995448	255919	CNEP1R1	16
7995456	55027	HEATR3	16
7995479	64282	TENT4B	16
7995492	113	ADCY7	16
7995525	85407	NKD1	16
7995539	64127	NOD2	16
7995552	1540	CYLD	16
7995583	80205	CHD9	16
7995631	5934	RBL2	16
7995655	79068	FTO	16
7995668	10265	IRX5	16
7995674	79190	IRX6	16
7995681	4313	MMP2	16
7995697	54947	LPCAT2	16
7995712	84290	CAPNS2	16
7995714	6530	SLC6A2	16
7995729	51716	CES1P1	16
7995739	2775	GNAO1	16
7995755	55239	OGFOD1	16
7995772	84560	MT4	16
7995776	4504	MT3	16
7995783	4502	MT2A	16
7995787	4499	MT1M	16
7995793	4500	MT1L	16
7995797	4493	MT1E	16
7995803	4498	MT1JP	16
7995806	4489	MT1A	16
7995813	326343	MT1DP	16
7995820	4490	MT1B	16
7995825	4494	MT1F	16
7995829	4496	MT1H	16
7995834	644314	MT1IP	16
7995838	4501	MT1X	16
7995843	9688	NUP93	16
7995866	406930	MIR138-2	16
7995868	6559	SLC12A3	16
7995895	9709	HERPUD1	16
7995907	1071	CETP	16
7995926	84166	NLRC5	16
7995976	221184	CPNE2	16
7995994	89970	RSPRY1	16
7996012	23568	ARL2BP	16
7996022	6367	CCL22	16
7996027	6376	CX3CL1	16
7996034	6361	CCL17	16
7996041	57017	COQ9	16
7996051	5432	POLR2C	16
7996064	221188	ADGRG5	16
7996081	9289	ADGRG1	16
7996100	222487	ADGRG3	16
7996117	84229	DRC7	16
7996137	10300	KATNB1	16
7996160	388282	LOC388282	16
7996164	374739	SPMIP8	16
7996174	79650	USB1	16
7996185	4324	MMP15	16
7996198	29070	CCDC113	16
7996211	64785	GINS3	16
7996219	65009	NDRG4	16
7996241	79918	SETD6	16
7996264	1003	CDH5	16
7996281	146227	BEAN1	16
7996313	146225	CMTM2	16
7996318	123920	CMTM3	16
7996331	766	CA7	16
7996341	57546	PDP2	16
7996345	8824	CES2	16
7996361	23491	CES3	16
7996377	283848	CES4A	16
7996393	865	CBFB	16
7996403	80262	PHAF1	16
7996448	8996	NOL3	16
7996455	1874	E2F4	16
7996468	79767	ELMO3	16
7996490	29100	TMEM208	16
7996498	6553	SLC9A5	16
7996516	25894	PLEKHG4	16
7996546	55282	LRRC36	16
7996563	3291	HSD11B2	16
7996571	79567	RIPOR1	16
7996593	10664	CTCF	16
7996608	146206	CARMIL2	16
7996647	50855	PARD6A	16
7996651	388284	C16orf86	16
7996654	55815	TSNAXIP1	16
7996675	57215	THAP11	16
7996677	10204	NUTF2	16
7996715	123904	NRN1L	16
7996720	5681	PSKH1	16
7996725	54920	DUS2	16
7996744	4775	NFATC3	16
7996761	23659	PLA2G15	16
7996772	9057	SLC7A6	16
7996785	54496	PRMT7	16
7996807	146198	ZFP90	16
7996819	1001	CDH3	16
7996837	999	CDH1	16
7996860	79613	TANGO6	16
7996883	3038	HAS3	16
7996891	84916	UTP4	16
7996908	6645	SNTB2	16
7996919	27183	VPS4A	16
7996934	51388	NIP7	16
7996947	80777	CYB5B	16
7996954	10725	NFAT5	16
7996976	11060	WWP2	16
7997008	406932	MIR140	16
7997025	55066	PDPR	16
7997048	11269	DDX19B	16
7997059	55308	DDX19A	16
7997072	197258	FCSK	16
7997099	23450	SF3B3	16
7997128	146433	IL34	16
7997139	794	CALB2	16
7997152	10164	CHST4	16
7997158	91862	MARVELD3	16
7997168	9798	IST1	16
7997179	1723	DHODH	16
7997188	3240	HP	16
7997192	3250	HPR	16
7997197	9785	DHX38	16
7997230	5713	PSMD7	16
7997247	84937	ZNRF1	16
7997257	162239	ZFP1	16
7997272	11345	GABARAPL2	16
7997281	54386	TERF2IP	16
7997289	85445	CNTNAP4	16
7997332	283927	NUDT7	16
7997336	57687	VAT1L	16
7997346	10143	CLEC3A	16
7997352	51741	WWOX	16
7997374	83657	DYNLRB2	16
7997381	55839	CENPN	16
7997396	23300	ATMIN	16
7997401	53630	BCO1	16
7997414	8139	GAN	16
7997427	80790	CMIP	16
7997453	5336	PLCG2	16
7997489	5336	PLCG2	16
7997491	3294	HSD17B2	16
7997504	1012	CDH13	16
7997520	3281	HSBP1	16
7997525	23417	MLYCD	16
7997533	29948	OSGIN1	16
7997542	54550	NECAB2	16
7997556	123872	DNAAF1	16
7997569	161931	ADAD2	16
7997582	58189	WFDC1	16
7997593	9914	ATP2C2	16
7997626	79786	KLHL36	16
7997633	9100	USP10	16
7997642	83716	CRISPLD2	16
7997662	9764	KIAA0513	16
7997676	197196	LINC00311	16
7997680	23199	GSE1	16
7997702	1327	COX4I1	16
7997712	3394	IRF8	16
7997726	2294	FOXF1	16
7997731	146512	FLJ30679	16
7997733	2303	FOXC2	16
7997735	2300	FOXL1	16
7997740	81631	MAP1LC3B	16
7997746	57338	JPH3	16
7997755	54971	BANP	16
7997765	84627	ZNF469	16
7997767	161882	ZFPM1	16
7997779	124245	ZC3H18	16
7997801	27189	IL17C	16
7997808	197187	SNAI3-AS1	16
7997810	348180	CTU2	16
7997829	100289580	LOC100289580	16
7997832	339059	LOC339059	16
7997839	81620	CDT1	16
7997852	51693	TRAPPC2L	16
7997863	197322	ACSF3	16
7997875	283860	LINC00304	16
7997880	1013	CDH15	16
7997896	197320	ZNF778	16
7997909	6687	SPG7	16
7997933	6137	RPL13	16
7997942	27132	CPNE7	16
7997962	1800	DPEP1	16
7997976	124045	SPATA33	16
7997982	8558	CDK10	16
7998002	92822	ZNF276	16
7998015	84501	SPIRE2	16
7998033	22980	TCF25	16
7998055	4157	MC1R	16
7998072	54849	DEF8	16
7998083	172	AFG3L1P	16
7998103	2622	GAS8	16
7998129	51728	POLR3K	16
7998136	64285	RHBDF1	16
7998157	8131	NPRL3	16
7998174	55692	LUC7L	16
7998190	8786	RGS11	16
7998211	8312	AXIN1	16
7998222	10573	MRPL28	16
7998233	58986	PGAP6	16
7998251	84326	METTL26	16
7998267	339123	JMJD8	16
7998280	84219	WDR24	16
7998297	146330	FBXL16	16
7998307	124093	CCDC78	16
7998336	64428	CIAO3	16
7998367	113000	RPUSD1	16
7998374	51764	GNG13	16
7998381	64788	LMF1	16
7998405	146336	SSTR5-AS1	16
7998407	390664	C1QTNF8	16
7998427	25823	TPSG1	16
7998444	123787	PRSS29P	16
7998449	115939	TSR3	16
7998457	64718	UNKL	16
7998466	64718	UNKL	16
7998494	645811	CCDC154	16
7998510	1186	CLCN7	16
7998538	390667	PTX4	16
7998542	9742	IFT140	16
7998577	4832	NME3	16
7998585	65993	MRPS34	16
7998590	90864	SPSB3	16
7998601	3483	IGFALS	16
7998604	3029	HAGH	16
7998615	254528	MEIOB	16
7998634	64711	HS3ST6	16
7998637	51734	MSRB1	16
7998643	6123	RPL3L	16
7998655	6187	RPS2	16
7998664	574042	SNORA10	16
7998668	124056	NOXO1	16
7998679	90850	ZNF598	16
7998692	4913	NTHL1	16
7998700	5310	PKD1	16
7998722	26788	SNORD60	16
7998724	57524	CASKIN1	16
7998749	283870	BRICD5	16
7998759	283871	PGP	16
7998762	1632	ECI1	16
7998774	10921	RNPS1	16
7998784	21	ABCA3	16
7998817	752014	CEMP1	16
7998820	645644	FLJ42627	16
7998825	5170	PDPK1	16
7998835	100507321	ERVK13-1	16
7998843	83886	PRSS27	16
7998852	6923	ELOB	16
7998861	260429	PRSS33	16
7998872	124221	PRSS30P	16
7998878	64063	PRSS22	16
7998886	9088	PKMYT1	16
7998898	9074	CLDN6	16
7998902	54985	HCFC1R1	16
7998910	146439	BICDL2	16
7998921	84891	ZSCAN10	16
7998931	7752	ZNF200	16
7998940	4210	MEFV	16
7998952	91151	TIGD7	16
7998967	54925	ZSCAN32	16
7998978	146434	ZNF597	16
7998983	197358	NLRC3	16
7999008	84464	SLX4	16
7999025	10131	TRAP1	16
7999044	1387	CREBBP	16
7999079	115	ADCY9	16
7999093	6345	SRL	16
7999102	7023	TFAP4	16
7999149	57407	NMRAL1	16
7999160	29965	CDIP1	16
7999173	124402	UBALD1	16
7999177	124401	ANKS3	16
7999196	26048	ZNF500	16
7999206	124404	SEPTIN12	16
7999217	79641	ROGDI	16
7999233	84656	GLYR1	16
7999253	5493	PPL	16
7999279	51172	NAGPA	16
7999291	146556	C16orf89	16
7999304	196483	EEF2KMT	16
7999317	25880	TMEM186	16
7999319	23589	CARHSP1	16
7999326	7874	USP7	16
7999364	2903	GRIN2A	16
7999387	2013	EMP2	16
7999396	146279	TEKT5	16
7999412	780776	TVP23A	16
7999419	28955	DEXI	16
7999423	8651	SOCS1	16
7999427	7142	TNP2	16
7999431	58531	PRM3	16
7999435	5620	PRM2	16
7999440	5619	PRM1	16
7999447	400499	LOC400499	16
7999468	9516	LITAF	16
7999478	51061	TXNDC11	16
7999496	29066	ZC3H7A	16
7999520	26156	RSL1D1	16
7999532	2935	GSPT1	16
7999550	642696	LOC642696	16
7999553	55313	CPPED1	16
7999562	5073	PARN	16
7999588	8399	PLA2G10	16
7999598	123803	NTAN1	16
7999608	54700	RRN3	16
7999642	9665	MARF1	16
7999674	4629	MYH11	16
7999718	123811	CEP20	16
7999727	368	ABCC6	16
7999752	57226	LYRM2	6
7999754	64131	XYLT1	16
7999827	6210	RPS15A	16
7999834	23204	ARL6IP1	16
7999841	23049	SMG1	16
7999886	105371114	LOC105371114	16
7999889	51573	GDE1	16
7999903	400506	KNOP1	16
7999909	51704	GPRC5B	16
7999916	124274	GPR139	16
7999920	2813	GP2	16
7999936	7369	UMOD	16
7999952	204474	PDILT	16
7999981	116285	ACSM1	16
8000003	55623	THUMPD1	16
8000013	112479	ERI2	16
8000028	123879	DCUN1D3	16
8000034	55567	DNAH3	16
8000097	7783	ZP2	16
8000117	1428	CRYM	16
8000184	10261	IGSF6	16
8000229	255762	PDZD9	16
8000236	1039	CDR2	16
8000244	57478	USP31	16
8000263	91949	COG7	16
8000284	23062	GGA2	16
8000310	124454	EARS2	16
8000323	4706	NDUFAB1	16
8000329	79728	PALB2	16
8000346	10595	ERN2	16
8000371	400511	LINC01567	16
8000375	55114	ARHGAP17	16
8000399	342357	ZKSCAN2	16
8000413	197370	NSMCE1	16
8000425	2975	GTF3C1	16
8000467	146395	GSG1L	16
8000482	23214	XPO6	16
8000543	1201	CLN3	16
8000567	246778	IL27	16
8000574	26471	NUPR1	16
8000582	6799	SULT1A2	16
8000590	6817	SULT1A1	16
8000603	7284	TUFM	16
8000616	79874	RABEP2	16
8000702	283897	C16orf54	16
8000706	10423	CDIPT	16
8000716	26470	SEZ6L2	16
8000738	253980	KCTD13	16
8000748	8479	HIRIP3	16
8000757	8448	DOC2A	16
8000772	83723	TLCD3B	16
8000779	6911	TBX6	16
8000791	83719	YPEL3	16
8000799	79153	GDPD3	16
8000811	5595	MAPK3	16
8000848	10421	CD2BP2	16
8000856	26000	TBC1D10B	16
8000869	1731	SEPTIN1	16
8000884	79077	DCTPP1	16
8000890	22928	SEPHS2	16
8000903	65988	ZNF747	16
8000906	92595	ZNF764	16
8000910	146542	ZNF688	16
8000917	146540	ZNF785	16
8000924	115509	ZNF689	16
8000932	90835	CFAP119	16
8000941	23361	ZNF629	16
8000948	9274	BCL7C	16
8000957	283932	FBXL19-AS1	16
8000963	112755	STX1B	16
8000974	79759	ZNF668	16
8000978	339105	PRSS53	16
8000998	79001	VKORC1	16
8001007	5652	PRSS8	16
8001014	146547	PRSS36	16
8001030	29108	PYCARD	16
8001037	260434	PYDC1	16
8001041	1339	COX6A2	16
8001046	283933	ZNF843	16
8001048	64755	RUSF1	16
8001064	317702	VN1R3	16
8001104	3493	IGHA1	14
8001108	105369183	LOC105369183	16
8001111	606551	UBE2MP1	16
8001113	124149	ANKRD26P1	16
8001133	79801	SHCBP1	16
8001149	55737	VPS35	16
8001163	91807	MYLK3	16
8001178	388272	C16orf87	16
8001185	10294	DNAJA2	16
8001197	81831	NETO2	16
8001211	81533	ITFG1	16
8001235	94160	ABCC12	16
8001271	85320	ABCC11	16
8001306	6477	SIAH1	16
8001317	9683	N4BP1	16
8001329	869	CBLN1	16
8001337	23090	ZNF423	16
8001350	29117	BRD7	16
8001373	124460	SNX20	16
8001387	6299	SALL1	16
8001394	27324	TOX3	16
8001402	80205	CHD9	16
8001410	64400	AKTIP	16
8001423	23322	RPGRIP1L	16
8001449	79191	IRX3	16
8001457	1066	CES1	16
8001464	221223	CES5A	16
8001477	267	AMFR	16
8001496	11051	NUDT21	16
8001507	583	BBS2	16
8001531	4495	MT1G	16
8001537	80011	PSME3IP1	16
8001547	51090	PLLP	16
8001552	57019	CIAPIN1	16
8001564	55715	DOK4	16
8001576	92922	CCDC102A	16
8001587	3801	KIFC3	16
8001615	1258	CNGB1	16
8001651	57567	ZNF319	16
8001658	29105	CFAP20	16
8001666	1459	CSNK2A2	16
8001682	221191	PRSS54	16
8001693	23019	CNOT1	16
8001746	677827	SNORA46	16
8001748	677830	SNORA50A	16
8001750	55238	SLC38A7	16
8001764	2806	GOT2	16
8001782	6233	RPS27A	2
8001784	1006	CDH8	16
8001800	1009	CDH11	16
8001816	146227	BEAN1	16
8001818	7084	TK2	16
8001830	146223	CMTM4	16
8001841	1783	DYNC1LI2	16
8001858	283847	TERB1	16
8001876	8883	NAE1	16
8001898	1014	CDH16	16
8001918	6236	RRAD	16
8001924	51647	CIAO2B	16
8001932	84752	B3GNT9	16
8001938	8717	TRADD	16
8001946	653319	MATCAP1	16
8001953	283849	EXOC3L1	16
8001971	26231	FBXL9P	16
8001981	29109	FHOD1	16
8002005	146212	KCTD19	16
8002020	51673	TPPP3	16
8002029	29800	ZDHHC1	16
8002041	9114	ATP6V0D1	16
8002051	181	AGRP	16
8002057	65057	ACD	16
8002072	84080	ENKD1	16
8002082	81577	GFOD2	16
8002087	57610	RANBP10	16
8002104	80152	CENPT	16
8002121	1506	CTRL	16
8002133	5699	PSMB10	16
8002152	6560	SLC12A4	16
8002181	64180	DPEP3	16
8002194	64174	DPEP2	16
8002211	55794	DDX28	16
8002218	80004	ESRP2	16
8002237	84138	SLC7A6OS	16
8002249	55512	SMPD3	16
8002283	146456	TMED6	16
8002289	7014	TERF2	16
8002303	1728	NQO1	16
8002312	28987	NOB1	16
8002322	283970	PDXDC2P-NPIPB14P	16
8002344	118460	EXOSC6	16
8002347	16	AARS1	16
8002370	6483	ST3GAL2	16
8002381	25839	COG4	16
8002403	92154	MTSS2	16
8002421	55697	VAC14	16
8002444	55697	VAC14	16
8002446	54768	HYDIN	16
8002523	55783	CMTR2	16
8002533	7571	ZNF23	16
8002547	7567	ZNF19	16
8002556	6898	TAT	16
8002571	23035	PHLPP2	16
8002590	100379141	SNORA70D	16
8002592	164	AP1G1	16
8002618	55565	ZNF821	16
8002629	342372	PKD1L3	16
8002660	54957	TXNL4B	16
8002667	83449	PMFBP1	16
8002692	463	ZFHX3	16
8002729	2734	GLG1	16
8002762	55159	RFWD3	16
8002778	197259	MLKL	16
8002792	79152	FA2H	16
8002802	79726	WDR59	16
8002830	197257	LDHD	16
8002854	9564	BCAR1	16
8002865	10428	CFDP1	16
8002878	124491	TMEM170A	16
8002882	4166	CHST6	16
8002891	23563	CHST5	16
8002897	79583	TMEM231	16
8002904	23536	ADAT1	16
8002919	3735	KARS1	16
8002941	170692	ADAMTS18	16
8002969	4094	MAF	16
8002975	124359	CDYL2	16
8002987	56942	CMC2	16
8002992	123775	C16orf46	16
8003007	114780	PKD1L2	16
8003060	93517	SDR42E1	16
8003068	10200	MPHOSPH6	16
8003077	146167	SLC38A8	16
8003089	8720	MBTPS1	16
8003116	83693	HSDL1	16
8003125	9013	TAF1C	16
8003145	654780	LOC654780	16
8003149	93107	KCNG4	16
8003158	57707	MEAK7	16
8003171	23406	COTL1	16
8003180	55625	ZDHHC7	16
8003193	339145	CIBAR2	16
8003204	51659	GINS2	16
8003210	404550	C16orf74	16
8003217	10328	EMC8	16
8003230	732275	LINC00917	16
8003233	64779	MTHFSD	16
8003243	100506581	C16orf95	16
8003249	79791	FBXO31	16
8003263	23174	ZCCHC14	16
8003283	54758	KLHDC4	16
8003298	8140	SLC7A5	16
8003313	763	CA5A	16
8003318	400555	ZC3H18-AS1	16
8003322	1535	CYBA	16
8003332	4597	MVD	16
8003344	333929	SNAI3	16
8003348	115992	RNF166	16
8003357	9780	PIEZO1	16
8003401	353	APRT	16
8003410	2588	GALNS	16
8003425	863	CBFA2T3	16
8003444	146429	SLC22A31	16
8003448	29123	ANKRD11	16
8003467	5119	CHMP1A	16
8003478	124044	SPATA2L	16
8003484	9605	VPS9D1	16
8003503	2175	FANCA	16
8003553	92806	CENPBD1P	16
8003560	79007	DBNDD1	16
8003566	750	GAS8-AS1	16
8003571	11105	PRDM7	16
8003578	653808	ZG16	16
8003583	3835	KIF22	16
8003601	283897	C16orf54	16
8003607	400566	LIAT1	17
8003611	79850	TLCD3A	17
8003619	100131454	DBIL5P	17
8003621	55178	MRM3	17
8003627	29928	TIMM22	17
8003633	727857	BHLHA9	17
8003635	286753	TRARG1	17
8003639	124997	WDR81	17
8003656	5345	SERPINF2	17
8003667	5176	SERPINF1	17
8003679	6117	RPA1	17
8003719	3090	HIC1	17
8003722	63826	SRR	17
8003733	9905	SGSM2	17
8003758	5048	PAFAH1B1	17
8003773	23108	RAP1GAP2	17
8003802	26189	OR1A2	17
8003804	8383	OR1A1	17
8003808	390756	OR3A4P	17
8003812	8392	OR3A3	17
8003814	443	ASPA	17
8003824	1497	CTNS	17
8003840	83460	EMC6	17
8003844	83903	HASPIN	17
8003850	124936	CYB5D2	17
8003861	201305	SPNS3	17
8003875	124976	SPNS2	17
8003892	342527	SMTNL2	17
8003903	409	ARRB2	17
8003922	400569	MED11	17
8003926	84225	ZMYND15	17
8003939	9032	TM4SF5	17
8003948	388323	GLTPD2	17
8003953	5694	PSMB6	17
8003962	5338	PLD2	17
8003991	50488	MINK1	17
8004024	2811	GP1BA	17
8004030	26001	RNF167	17
8004043	2027	ENO3	17
8004057	10749	KIF1C	17
8004081	124961	ZFP3	17
8004086	9098	USP6	17
8004111	9135	RABEP1	17
8004133	84268	RPAIN	17
8004144	79003	MIS12	17
8004152	23302	WSCD1	17
8004167	54478	PIMREG	17
8004175	84817	TXNDC17	17
8004184	54739	XAF1	17
8004195	162517	FBXO39	17
8004201	245	ALOX12P2	17
8004221	239	ALOX12	17
8004255	255877	BCL6B	17
8004271	37	ACADVL	17
8004293	23587	ELP5	17
8004309	6517	SLC2A4	17
8004325	1984	EIF5A	17
8004360	147040	KCTD11	17
8004364	339168	TMEM95	17
8004372	8711	TNK1	17
8004385	57555	NLGN2	17
8004394	374768	SPEM1	17
8004400	201243	SPEM2	17
8004404	284114	TMEM102	17
8004408	2256	FGF11	17
8004431	5430	POLR2A	17
8004510	968	CD68	17
8004521	9526	MPDU1	17
8004534	6462	SHBG	17
8004545	482	ATP1B2	17
8004556	55135	WRAP53	17
8004571	1949	EFNB3	17
8004580	146754	DNAH2	17
8004671	23135	KDM6B	17
8004691	92162	TMEM88	17
8004694	124637	CYB5D1	17
8004699	1107	CHD3	17
8004741	116840	CNTROB	17
8004763	3000	GUCY2D	17
8004784	247	ALOX15B	17
8004804	5198	PFAS	17
8004832	29098	RANGRF	17
8004842	22899	ARHGEF15	17
8004861	146852	ODF4	17
8004867	81565	NDEL1	17
8004880	9423	NTN1	17
8004889	146845	CFAP52	17
8004905	124739	USP43	17
8004922	9340	GLP2R	17
8004940	56985	ADPRM	17
8004948	388336	SHISA6	17
8004955	388336	SHISA6	17
8004957	1770	DNAH9	17
8005029	6416	MAP2K4	17
8005043	284034	LINC00670	17
8005048	93649	MYOCD	17
8005064	9912	ARHGAP44	17
8005089	1352	COX10	17
8005097	9953	HS3ST3B1	17
8005106	7577	ZNF29P	17
8005117	353149	TBC1D26	17
8005134	136	ADORA2B	17
8005141	54902	TTC19	17
8005157	9487	PIGL	17
8005166	7314	UBB	17
8005171	51393	TRPV2	17
8005191	125144	SNHG29	17
8005202	26800	SNORD49A	17
8005225	162632	USP32P1	17
8005235	23164	MPRIP	17
8005247	56953	NT5M	17
8005260	55090	MED9	17
8005267	10743	RAI1	17
8005289	83450	DRC3	17
8005305	79018	GID4	17
8005313	1819	DRG2	17
8005328	51168	MYO15A	17
8005399	54890	ALKBH5	17
8005407	3996	LLGL1	17
8005435	125170	MIEF2	17
8005441	140775	SMCR8	17
8005444	400579	LINC02076	17
8005446	339240	KRT17P5	17
8005471	6234	RPS28	19
8005512	5636	PRPSAP2	17
8005529	125206	SLC5A10	17
8005555	79999	GRAPL-AS1	17
8005557	22905	EPN2	17
8005576	5598	MAPK7	17
8005586	7732	RNF112	17
8005603	55244	SLC47A1	17
8005638	224	ALDH3A2	17
8005659	100131943	LOC100131943	17
8005661	92521	SPECC1	17
8005699	25979	DHRS7B	17
8005707	5606	MAP2K3	17
8005739	284123	FAM27E5	17
8005743	284124	FLJ36000	17
8005765	26118	WSB1	17
8005777	440419	TBC1D3P5	17
8005785	8844	KSR1	17
8005809	3965	LGALS9	17
8005814	51701	NLK	17
8005833	23615	PYY2	17
8005836	23614	PPY2P	17
8005839	27346	TMEM97	17
8005847	7126	TNFAIP1	17
8005857	147007	TMEM199	17
8005865	23098	SARM1	17
8005877	388363	RPS7P1	17
8005879	9058	SLC13A2	17
8005894	8456	FOXN1	17
8005903	6830	SUPT6H	17
8005953	26773	SNORD4A	17
8005955	26809	SNORD42A	17
8005957	26772	SNORD4B	17
8005959	284086	NEK8	17
8005978	9618	TRAF4	17
8005994	26284	ERAL1	17
8006005	51268	PIPOX	17
8006019	1411	CRYBA1	17
8006030	57551	TAOK1	17
8006052	90313	TP53I13	17
8006063	124930	ANKRD13B	17
8006085	374786	EFCAB5	17
8006112	84081	NSRP1	17
8006119	494335	MIR423	17
8006123	1362	CPD	17
8006148	9527	GOSR1	17
8006161	26083	TBC1D29P	17
8006183	440423	SUZ12P1	17
8006187	79915	ATAD5	17
8006214	55803	ADAP2	17
8006229	84282	RNF135	17
8006237	107984974	LOC107984974	17
8006239	4763	NF1	17
8006321	406968	MIR193A	17
8006325	23512	SUZ12	17
8006336	114659	LRRC37B	17
8006345	55288	RHOT1	17
8006367	162494	RHBDL3	17
8006392	5717	PSMD11	17
8006409	8851	CDK5R1	17
8006415	26022	TMEM98	17
8006423	124912	SPACA3	17
8006433	6347	CCL2	17
8006440	6354	CCL7	17
8006445	6356	CCL11	17
8006453	6355	CCL8	17
8006459	6357	CCL13	17
8006466	124842	TMEM132E	17
8006477	91603	ZNF830	17
8006479	3980	LIG3	17
8006504	54752	FNDC8	17
8006509	146862	UNC45B	17
8006531	162394	SLFN5	17
8006540	692076	SNORD7	17
8006542	163	AP2B1	17
8006562	91608	RASL10B	17
8006569	146853	C17orf50	17
8006573	8148	TAF15	17
8006594	6362	CCL18	17
8006602	6351	CCL4	17
8006627	9326	ZNHIT3	17
8006634	284098	PIGW	17
8006638	79893	GGNBP2	17
8006655	79154	DHRS11	17
8006668	79922	MRM1	17
8006681	3975	LHX1	17
8006690	26574	AATF	17
8006706	284099	C17orf78	17
8006715	6871	TADA2A	17
8006736	11072	DUSP14	17
8006762	84311	MRPL45	17
8006768	30837	SOCS7	17
8006779	57636	ARHGAP23	17
8006786	57636	ARHGAP23	17
8006788	4302	MLLT6	17
8006812	5691	PSMB3	17
8006820	3927	LASP1	17
8006836	342666	LRRC37A11P	17
8006845	6143	RPL19	17
8006850	51755	CDK12	17
8006865	84152	PPP1R1B	17
8006877	10948	STARD3	17
8006896	8557	TCAP	17
8006900	5409	PNMT	17
8006906	2064	ERBB2	17
8006940	2886	GRB7	17
8006958	124626	ZPBP2	17
8006968	284110	GSDMA	17
8006984	5709	PSMD3	17
8006999	1440	CSF3	17
8007008	7067	THRA	17
8007023	339287	MSL1	17
8007028	22794	CASC3	17
8007043	51195	RAPGEFL1	17
8007058	147179	WIPF2	17
8007071	990	CDC6	17
8007084	5914	RARA	17
8007100	3487	IGFBP4	17
8007108	147184	KRT10-AS1	17
8007118	728318	KRTAP9-1	17
8007127	83900	KRTAP9-3	17
8007141	10209	EIF1	17
8007148	2520	GAST	17
8007154	60681	FKBP10	17
8007169	317719	KLHL10	17
8007176	83538	ODAD4	17
8007188	1267	CNP	17
8007197	28511	NKIRAS2	17
8007208	94086	HSPB9	17
8007212	6776	STAT5A	17
8007228	535	ATP6V0A1	17
8007250	4669	NAGLU	17
8007263	3292	HSD17B1	17
8007272	80347	COASY	17
8007290	6945	MLX	17
8007302	7283	TUBG1	17
8007312	27175	TUBG2	17
8007323	8506	CNTNAP1	17
8007348	10266	RAMP2	17
8007355	84313	VPS25	17
8007363	65266	WNK4	17
8007388	124817	CNTD1	17
8007397	10197	PSME3	17
8007414	314	AOC2	17
8007420	8639	AOC3	17
8007427	8639	AOC3	17
8007429	2538	G6PC1	17
8007435	146923	RUNDC1	17
8007441	6155	RPL27	17
8007446	3430	IFI35	17
8007454	8153	RND2	17
8007462	10230	NBR2	17
8007471	4077	NBR1	17
8007483	113277	TMEM106A	17
8007493	379	ARL4D	17
8007505	1659	DHX8	17
8007530	284067	CFAP97D1	17
8007537	146894	CD300LG	17
8007548	23591	FAM215A	17
8007550	162417	NAGS	17
8007561	92579	G6PC3	17
8007569	78995	HROB	17
8007584	92591	ASB16	17
8007594	79089	TMUB2	17
8007607	10900	RUNDC3A	17
8007620	2896	GRN	17
8007637	2535	FZD2	17
8007643	284071	MEIOC	17
8007651	80174	DBF4B	17
8007673	80174	DBF4B	17
8007675	4185	ADAM11	17
8007701	51751	HIGD1B	17
8007707	388389	CCDC103	17
8007715	4836	NMT1	17
8007730	79777	ACBD4	17
8007745	10614	HEXIM1	17
8007750	124790	HEXIM2	17
8007757	752	FMNL1	17
8007790	100133991	MAP3K14-AS1	17
8007797	6231	RPS26	12
8007803	147081	LINC02210	17
8007826	162540	SPPL2C	17
8007828	4137	MAPT	17
8007846	246744	STH	17
8007885	4905	NSF	17
8007895	7484	WNT9B	17
8007904	9570	GOSR2	17
8007921	4635	MYL4	17
8007931	3690	ITGB3	17
8007949	124989	EFCAB13	17
8007976	9520	NPEPPS	17
8007992	3837	KPNB1	17
8008016	9755	TBKBP1	17
8008029	30009	TBX21	17
8008040	90506	LRRC46	17
8008052	6668	SP2	17
8008064	55163	PNPO	17
8008074	80279	CDK5RAP3	17
8008087	4779	NFE2L1	17
8008096	29916	SNX11	17
8008110	404266	HOXB-AS3	17
8008113	10241	CALCOCO2	17
8008132	516	ATP5MC1	17
8008139	65264	UBE2Z	17
8008151	10642	IGF2BP1	17
8008172	124872	B4GALNT2	17
8008185	51225	ABI3	17
8008195	124871	FLJ40194	17
8008201	4804	NGFR	17
8008208	11248	NXPH3	17
8008213	11143	KAT7	17
8008228	1748	DLX4	17
8008237	3675	ITGA3	17
8008263	5164	PDK2	17
8008277	6442	SGCA	17
8008289	162461	TMEM92	17
8008297	64132	XYLT2	17
8008310	146956	EME1	17
8008321	80221	ACSF2	17
8008339	55316	RSAD1	17
8008350	84073	MYCBPAP	17
8008372	55040	EPN3	17
8008388	64847	SPATA20	17
8008409	8913	CACNA1G	17
8008454	8714	ABCC3	17
8008493	51747	LUC7L3	17
8008511	124857	WFIKKN2	17
8008530	51096	UTP18	17
8008540	440446	LINC02072	17
8008544	84643	KIF2B	17
8008547	10040	TOM1L1	17
8008564	10040	TOM1L1	17
8008566	252983	STXBP4	17
8008588	3131	HLF	17
8008598	58488	PCTP	17
8008609	162282	ANKFN1	17
8008627	9241	NOG	17
8008629	8526	DGKE	17
8008646	59342	SCPEP1	17
8008662	376412	RNF126P1	17
8008664	8165	AKAP1	17
8008682	124540	MSI2	17
8008706	140735	DYNLL2	17
8008711	26689	OR4D1	17
8008716	55545	MSX2P1	17
8008718	124538	OR4D2	17
8008723	8288	EPX	17
8008736	4025	LPO	17
8008754	5889	RAD51C	17
8008768	22843	PPM1E	17
8008784	55771	PRR11	17
8008795	55181	SMG8	17
8008802	284161	GDPD1	17
8008819	388403	YPEL2	17
8008825	79665	DHX40	17
8008834	1213	CLTC	17
8008885	406991	MIR21	17
8008887	6198	RPS6KB1	17
8008900	762	CA4	17
8008914	124773	CHCT1	17
8008922	8493	PPM1D	17
8008933	54828	BCAS3	17
8008969	6909	TBX2	17
8008980	388407	LINC02875	17
8008982	9496	TBX4	17
8008995	146779	EFCAB3	17
8009008	339175	METTL2A	17
8009014	11011	TLK2	17
8009040	9902	MRC2	17
8009075	26115	TANC2	17
8009096	1636	ACE	17
8009145	81033	KCNH6	17
8009164	10238	DCAF7	17
8009176	51204	TACO1	17
8009183	4215	MAP3K3	17
8009205	11325	DDX42	17
8009227	5705	PSMC5	17
8009241	692227	SNORD104	17
8009243	284021	MILR1	17
8009255	90799	CEP95	17
8009277	8787	RGS9	17
8009301	5578	PRKCA	17
8009326	27091	CACNG5	17
8009334	27092	CACNG4	17
8009343	786	CACNG1	17
8009353	26207	PITPNC1	17
8009366	25926	NOL11	17
8009380	100124536	SNORA38B	17
8009382	2186	BPTF	17
8009417	3838	KPNA2	17
8009430	440461	ARHGAP27P2	17
8009432	51321	AMZ2	17
8009443	22901	ARSG	17
8009457	5573	PRKAR1A	17
8009476	5608	MAP2K6	17
8009493	3773	KCNJ16	17
8009502	3759	KCNJ2	17
8009515	102606463	LINC01152	17
8009517	6662	SOX9	17
8009526	6752	SSTR2	17
8009533	9382	COG1	17
8009552	55028	C17orf80	17
8009561	6169	RPL38	17
8009568	94015	TTYH2	17
8009585	64446	DNAI2	17
8009602	124602	KIF19	17
8009631	350383	GPR142	17
8009639	55890	GPRC5C	17
8009653	11314	CD300A	17
8009662	146723	CD300LD-AS1	17
8009666	326624	RAB37	17
8009693	54868	TMEM104	17
8009705	92736	OTOP2	17
8009713	347741	OTOP3	17
8009721	30850	CDR2L	17
8009727	3396	MRPL58	17
8009737	23510	KCTD2	17
8009746	9121	SLC16A5	17
8009755	79637	ARMC7	17
8009761	79902	NUP85	17
8009784	51081	MRPS7	17
8009796	9772	TMEM94	17
8009832	283989	TSEN54	17
8009844	3993	LLGL2	17
8009873	80022	MYO15B	17
8009875	80022	MYO15B	17
8009913	80022	MYO15B	17
8009929	643008	SMIM5	17
8009932	29115	SAP30BP	17
8009951	3691	ITGB4	17
8009995	85451	UNK	17
8010030	8811	GALR2	17
8010036	353174	ZACN	17
8010050	283991	UBALD2	17
8010061	8877	SPHK1	17
8010071	15	AANAT	17
8010080	677849	SNORD1B	17
8010082	677848	SNORD1A	17
8010086	124512	METTL23	17
8010092	79157	MFSD11	17
8010113	146664	MGAT5B	17
8010139	6397	SEC14L1	17
8010161	10801	SEPTIN9	17
8010188	57690	TNRC6C	17
8010212	147138	TMC8	17
8010237	100141515	C17orf99	17
8010243	9144	SYNGR2	17
8010248	125061	AFMID	17
8010260	332	BIRC5	17
8010271	9489	PGS1	17
8010287	114897	C1QTNF1	17
8010295	64772	ENGASE	17
8010313	339221	ENPP7	17
8010320	84733	CBX2	17
8010328	55036	CCDC40	17
8010354	2548	GAA	17
8010379	79092	CARD14	17
8010405	284129	SLC26A11	17
8010426	57674	RNF213	17
8010454	57674	RNF213	17
8010499	284131	ENDOV	17
8010512	57521	RPTOR	17
8010550	79643	CHMP6	17
8010562	10458	BAIAP2	17
8010583	388428	PVALEF	17
8010590	57597	BAHCC1	17
8010614	25794	FSCN2	17
8010624	83882	TSPAN10	17
8010629	339230	CCDC137	17
8010638	9146	HGS	17
8010664	6182	MRPL12	17
8010673	1468	SLC25A10	17
8010686	51529	ANAPC11	17
8010696	256933	NPB	17
8010702	79058	ASPSCR1	17
8010719	201255	LRRC45	17
8010737	5881	RAC3	17
8010747	2873	GPS1	17
8010770	9123	SLC16A3	17
8010780	400629	TEX19	17
8010783	2837	UTS2R	17
8010787	284004	HEXD	17
8010804	26502	NARF	17
8010820	3607	FOXK2	17
8010832	79672	FN3KRP	17
8010841	64122	FN3K	17
8010848	6904	TBCD	17
8010897	284207	METRNL	17
8010901	8447	DOC2B	17
8010903	9501	RPH3AL	17
8010915	359845	RFLNB	17
8010918	55275	VPS53	17
8010924	55275	VPS53	17
8010946	50628	GEMIN4	17
8010949	51031	GLOD4	17
8010967	64359	NXN	17
8010983	29	ABR	17
8011018	1398	CRK	17
8011027	4641	MYO1C	17
8011062	51763	INPP5K	17
8011077	5306	PITPNA	17
8011093	124935	SLC43A2	17
8011114	8578	SCARF1	17
8011131	83547	RILP	17
8011141	10594	PRPF8	17
8011188	727910	TLCD2	17
8011200	114826	SMYD4	17
8011212	6391	SDHC	1
8011214	146760	RTN4RL1	17
8011218	406921	MIR132	17
8011220	406994	MIR212	17
8011222	23293	SMG6	17
8011245	55720	TSR1	17
8011262	4335	MNT	17
8011270	284009	LOC284009	17
8011275	79066	METTL16	17
8011293	23277	CLUH	17
8011320	8386	OR1D5	17
8011322	4991	OR1D2	17
8011324	8390	OR1G1	17
8011331	4995	OR3A2	17
8011337	4994	OR3A1	17
8011339	8387	OR1E1	17
8011341	8388	OR1E2	17
8011343	84690	SPATA22	17
8011354	162514	TRPV3	17
8011430	3682	ITGAE	17
8011462	55421	NCBP3	17
8011480	84254	CAMKK1	17
8011499	5023	P2RX1	17
8011516	489	ATP2A3	17
8011542	23140	ZZEF1	17
8011599	51479	ANKFY1	17
8011640	10514	MYBBP1A	17
8011671	124975	GGT6	17
8011680	246	ALOX15	17
8011692	27043	PELP1	17
8011713	58191	CXCL16	17
8011724	284013	VMO1	17
8011734	1145	CHRNE	17
8011747	8402	SLC25A11	17
8011759	5216	PFN1	17
8011765	9552	SPAG7	17
8011774	23125	CAMTA2	17
8011797	388324	INCA1	17
8011808	55065	SLC52A1	17
8011817	7775	ZNF232	17
8011823	84622	ZNF594	17
8011826	388325	SCIMP	17
8011832	4927	NUP88	17
8011850	708	C1QBP	17
8011861	56919	DHX33	17
8011875	51009	DERL2	17
8011912	23746	AIPL1	17
8011924	83394	PITPNM3	17
8011945	9851	KIAA0753	17
8011968	51003	MED31	17
8011975	284111	SLC13A5	17
8011990	83659	TEKT1	17
8012004	406971	MIR195	17
8012006	162515	SLC16A11	17
8012013	10462	CLEC10A	17
8012028	433	ASGR2	17
8012043	432	ASGR1	17
8012054	1742	DLG4	17
8012079	1856	DVL2	17
8012099	79142	PHF23	17
8012110	11337	GABARAP	17
8012116	23399	CTDNEP1	17
8012126	1366	CLDN7	17
8012140	51087	YBX2	17
8012166	84461	NEURL4	17
8012212	57659	ZBTB4	17
8012220	6665	SOX15	17
8012226	9513	FXR2	17
8012247	112483	SAT2	17
8012257	7157	TP53	17
8012274	84316	NAA38	17
8012282	284023	RNF227	17
8012285	9196	KCNAB3	17
8012304	58485	TRAPPC1	17
8012309	242	ALOX12B	17
8012326	59344	ALOXE3	17
8012344	84667	HES7	17
8012349	5187	PER1	17
8012376	6844	VAMP2	17
8012397	54785	BORCS6	17
8012403	9212	AURKB	17
8012416	284029	LINC00324	17
8012423	80169	CTC1	17
8012450	399512	SLC25A35	17
8012464	100128288	LOC100128288	17
8012466	124751	KRBA2	17
8012469	6154	RPL26	17
8012473	643904	RNF222	17
8012475	4628	MYH10	17
8012520	146849	CCDC42	17
8012528	388333	SPDYE4	17
8012535	162387	MFSD6L	17
8012539	146850	PIK3R6	17
8012558	23533	PIK3R5	17
8012581	9482	STX8	17
8012591	201140	DHRS7C	17
8012598	5957	RCVRN	17
8012605	8522	GAS7	17
8012625	8735	MYH13	17
8012663	4626	MYH8	17
8012696	4622	MYH4	17
8012726	4619	MYH1	17
8012753	4620	MYH2	17
8012787	4621	MYH3	17
8012823	6341	SCO1	17
8012830	388335	TMEM220	17
8012837	644139	PIRT	17
8012843	7566	ZNF18	17
8012856	60528	ELAC2	17
8012883	9955	HS3ST3A1	17
8012896	5376	PMP22	17
8012908	64518	TEKT3	17
8012928	374286	FBXW10B	17
8012953	10626	TRIM16	17
8012958	27338	UBE2S	19
8012961	9611	NCOR1	17
8013015	201161	CENPV	17
8013022	388341	LRRC75A	17
8013026	57336	ZNF287	17
8013035	57547	ZNF624	17
8013049	96597	TBC1D27P	17
8013068	201164	PLD6	17
8013071	201163	FLCN	17
8013094	8533	COPS3	17
8013112	51655	RASD1	17
8013120	10400	PEMT	17
8013131	140771	SMCR5	17
8013135	6720	SREBF1	17
8013157	146691	TOM1L2	17
8013159	146691	TOM1L2	17
8013179	91647	ATPAF2	17
8013191	2314	FLII	17
8013222	7156	TOP3A	17
8013243	6470	SHMT1	17
8013312	644815	FAM83G	17
8013319	10750	GRAP	17
8013327	79999	GRAPL-AS1	17
8013331	27077	B9D1	17
8013341	4239	MFAP4	17
8013348	6187	RPS2	16
8013364	146802	SLC47A2	17
8013384	218	ALDH3A1	17
8013399	9706	ULK2	17
8013431	11216	AKAP10	17
8013473	339240	KRT17P5	17
8013486	23326	USP22	17
8013509	256302	NATD1	17
8013515	339263	LINC02693	17
8013536	4843	NOS2	17
8013567	201229	LYRM9	17
8013574	284085	KRT18P55	17
8013581	90410	IFT20	17
8013588	26073	POLDIP2	17
8013602	645832	SEBOX	17
8013606	7448	VTN	17
8013616	113235	SLC46A1	17
8013622	124923	RSKR	17
8013633	9094	UNC119	17
8013641	94005	PIGS	17
8013660	230	ALDOC	17
8013671	10615	SPAG5	17
8013696	9703	BLTP2	17
8013741	6388	SDF2	17
8013747	147011	PROCA1	17
8013753	83871	RAB34	17
8013771	116238	TLCD1	17
8013776	55731	FAM222B	17
8013784	574411	MIR451A	17
8013786	406936	MIR144	17
8013788	2319	FLOT2	17
8013804	147015	DHRS13	17
8013812	57649	PHF12	17
8013833	124925	SEZ6	17
8013860	399687	MYO18A	17
8013906	5756	TWF1	12
8013908	57532	NUFIP2	17
8013919	116236	ABHD15	17
8013923	28964	GIT1	17
8013947	84940	CORO6	17
8013965	85464	SSH2	17
8013989	6532	SLC6A4	17
8014008	642	BLMH	17
8014025	388364	TMIGD1	17
8014037	51379	CRLF3	17
8014047	79736	TEFM	17
8014057	4974	OMG	17
8014063	2124	EVI2B	17
8014066	2123	EVI2A	17
8014073	55352	COPRS	17
8014081	55813	UTP6	17
8014100	64149	C17orf75	17
8014115	4642	MYO1D	17
8014144	40	ASIC2	17
8014160	6346	CCL1	17
8014169	400591	TMEM132E-DT	17
8014172	10693	CCT6B	17
8014214	54475	NLE1	17
8014230	146861	SLC35G3	17
8014233	91607	SLFN11	17
8014241	55106	SLFN12	17
8014248	146857	SLFN13	17
8014257	100506736	SLFN12L	17
8014259	342618	SLFN14	17
8014264	5193	PEX12	17
8014269	246176	GAS2L2	17
8014282	79148	MMP28	17
8014298	256957	HEATR9	17
8014316	6352	CCL5	17
8014326	201299	RDM1	17
8014334	57151	LYZL6	17
8014342	6360	CCL16	17
8014361	6368	CCL23	17
8014369	6348	CCL3	17
8014454	80179	MYO19	17
8014487	31	ACACA	17
8014551	11276	SYNRG	17
8014574	11056	DDX52	17
8014591	6928	HNF1B	17
8014666	440435	GPR179	17
8014679	80725	SRCIN1	17
8014700	100170841	EPOP	17
8014706	7703	PCGF2	17
8014723	8396	PIP4K2B	17
8014738	54883	CWC25	17
8014755	619505	SNORA21	17
8014757	494188	FBXO47	17
8014768	57125	PLXDC1	17
8014787	390790	ARL5C	17
8014794	782	CACNB1	17
8014812	342667	STAC2	17
8014825	84961	FBXL20	17
8014841	5469	MED1	17
8014865	4761	NEUROD2	17
8014871	93210	PGAP3	17
8014882	84299	MIEN1	17
8014891	22806	IKZF3	17
8014903	55876	GSDMB	17
8014916	94103	ORMDL3	17
8014925	9862	MED24	17
8014969	125111	GJD3	17
8014974	7153	TOP2A	17
8015016	84951	TNS4	17
8015031	1236	CCR7	17
8015039	6605	SMARCE1	17
8015049	125113	KRT222	17
8015060	192666	KRT24	17
8015070	147183	KRT25	17
8015078	353288	KRT26	17
8015087	342574	KRT27	17
8015095	162605	KRT28	17
8015104	3858	KRT10	17
8015115	3859	KRT12	17
8015124	54474	KRT20	17
8015133	25984	KRT23	17
8015144	390792	KRT39	17
8015152	125115	KRT40	17
8015163	85293	KRTAP3-3	17
8015173	83896	KRTAP3-1	17
8015232	85289	KRTAP4-5	17
8015236	84616	KRTAP4-4	17
8015240	85290	KRTAP4-3	17
8015242	85291	KRTAP4-2	17
8015247	85285	KRTAP4-1	17
8015252	83902	KRTAP17-1	17
8015257	3883	KRT33A	17
8015262	3884	KRT33B	17
8015273	3881	KRT31	17
8015280	8688	KRT37	17
8015287	8687	KRT38	17
8015293	3882	KRT32	17
8015301	3886	KRT35	17
8015312	8689	KRT36	17
8015323	3860	KRT13	17
8015337	3866	KRT15	17
8015349	3880	KRT19	17
8015357	3857	KRT9	17
8015366	3861	KRT14	17
8015376	3868	KRT16	17
8015387	3872	KRT17	17
8015396	9001	HAP1	17
8015412	3728	JUP	17
8015432	10609	P3H4	17
8015445	115024	NT5C3B	17
8015456	55175	KLHL11	17
8015460	47	ACLY	17
8015490	7266	DNAJC7	17
8015503	201181	ZNF385C	17
8015511	79132	DHX58	17
8015526	2648	KAT2A	17
8015545	5878	RAB5C	17
8015554	23415	KCNH4	17
8015572	3060	HCRT	17
8015575	84514	GHDC	17
8015590	6777	STAT5B	17
8015607	6774	STAT3	17
8015635	284119	CAVIN1	17
8015642	29893	PSMC3IP	17
8015655	162427	RETREG3	17
8015665	79990	PLEKHH3	17
8015681	2826	CCR10	17
8015685	2145	EZH1	17
8015706	100190938	RAMP2-AS1	17
8015712	28958	COA3	17
8015715	8678	BECN1	17
8015730	388387	LINC00671	17
8015759	10493	VAT1	17
8015769	672	BRCA1	17
8015798	100130581	LINC00910	17
8015802	100130581	LINC00910	17
8015806	2118	ETV4	17
8015821	4222	MEOX1	17
8015827	50964	SOST	17
8015835	1845	DUSP3	17
8015846	4356	MPP3	17
8015868	4355	MPP2	17
8015884	5539	PPY	17
8015890	5697	PYY	17
8015900	84336	TMEM101	17
8015908	124801	LSM12	17
8015914	10014	HDAC5	17
8015946	339201	ASB16-AS1	17
8015955	56970	ATXN7L3	17
8015969	7343	UBTF	17
8015991	6521	SLC4A1	17
8016018	51629	SLC25A39	17
8016033	284069	FAM171A2	17
8016044	3674	ITGA2B	17
8016077	23131	GPATCH8	17
8016088	124808	CCDC43	17
8016094	10052	GJC1	17
8016099	9343	EFTUD2	17
8016128	2670	GFAP	17
8016139	146909	KIF18B	17
8016147	146909	KIF18B	17
8016155	10882	C1QL1	17
8016159	79877	DCAKD	17
8016168	113026	PLCD3	17
8016187	124783	SPATA32	17
8016194	9020	MAP3K14	17
8016215	201176	ARHGAP27	17
8016232	201176	ARHGAP27	17
8016239	9842	PLEKHM1	17
8016263	100128977	MAPT-AS1	17
8016266	284058	KANSL1	17
8016311	7473	WNT3	17
8016320	388394	RPRML	17
8016324	996	CDC27	17
8016336	114881	OSBPL7	17
8016366	124995	MRPL10	17
8016371	90507	SCRN2	17
8016382	80320	SP6	17
8016387	79170	PRR15L	17
8016390	51226	COPZ2	17
8016400	406943	MIR152	17
8016402	10951	CBX1	17
8016414	8631	SKAP1	17
8016433	3211	HOXB1	17
8016438	3212	HOXB2	17
8016444	3213	HOXB3	17
8016452	3214	HOXB4	17
8016455	406902	MIR10A	17
8016457	3215	HOXB5	17
8016463	3216	HOXB6	17
8016468	3217	HOXB7	17
8016473	3218	HOXB8	17
8016476	3219	HOXB9	17
8016482	406972	MIR196A1	17
8016484	84366	PRAC1	17
8016487	10481	HOXB13	17
8016494	284076	TTLL6	17
8016508	11267	SNF8	17
8016523	2695	GIP	17
8016532	2793	GNGT2	17
8016540	162466	PHOSPHO1	17
8016546	22834	ZNF652	17
8016552	5245	PHB1	17
8016562	8405	SPOP	17
8016578	10237	SLC35B1	17
8016590	81558	FAM117A	17
8016600	255061	TAC4	17
8016609	1747	DLX3	17
8016615	201191	SAMD14	17
8016628	84687	PPP1R9B	17
8016640	373861	H1-9P	17
8016646	1277	COL1A1	17
8016699	51264	MRPL27	17
8016708	55379	LRRC59	17
8016718	1101	CHAD	17
8016725	91369	ANKRD40	17
8016735	55018	ANKRD40CL	17
8016739	10140	TOB1	17
8016745	9043	SPAG9	17
8016789	54799	MBTD1	17
8016808	56934	CA10	17
8016825	1353	COX11	17
8016832	23531	MMD	17
8016841	55273	TMEM100	17
8016858	8161	COIL	17
8016866	101927581	CCDC182	17
8016870	51649	MRPS23	17
8016878	404093	CUEDC1	17
8016891	7716	VEZF1	17
8016898	6426	SRSF1	17
8016909	54903	MKS1	17
8016932	4353	MPO	17
8016947	9256	TSPOAP1	17
8016980	406934	MIR142	17
8016994	54894	RNF43	17
8017010	124535	HSF5	17
8017019	9110	MTMR4	17
8017039	5414	SEPTIN4	17
8017057	5414	SEPTIN4	17
8017061	56155	TEX14	17
8017106	4591	TRIM37	17
8017133	348235	SKA2	17
8017139	407027	MIR301A	17
8017143	51651	PTRH2	17
8017150	51174	TUBD1	17
8017162	51136	RNFT1	17
8017186	63897	HEATR6	17
8017212	84669	USP32	17
8017235	10513	APPBP2	17
8017259	342538	NACA2	17
8017262	83990	BRIP1	17
8017283	57508	INTS2	17
8017312	9969	MED13	17
8017365	162333	MARCHF10	17
8017378	1534	CYB561	17
8017393	80774	LIMD2	17
8017402	92335	STRADA	17
8017421	57003	CCDC47	17
8017437	117246	FTSJ3	17
8017476	1443	CSH2	17
8017480	2689	GH2	17
8017499	1444	CSHL1	17
8017505	2688	GH1	17
8017511	974	CD79B	17
8017521	6329	SCN4A	17
8017547	3384	ICAM2	17
8017555	2081	ERN1	17
8017582	55852	TEX2	17
8017599	5175	PECAM1	17
8017619	5175	PECAM1	17
8017621	11232	POLG2	17
8017634	1655	DDX5	17
8017651	64750	SMURF2	17
8017704	201283	AMZ2P1	17
8017711	10672	GNA13	17
8017718	8313	AXIN2	17
8017736	201134	CEP112	17
8017766	350	APOH	17
8017776	9931	HELZ	17
8017810	5718	PSMD12	17
8017831	284018	C17orf58	17
8017843	9120	SLC16A6	17
8017850	55062	WIPI1	17
8017867	54757	FAM20A	17
8017885	10351	ABCA8	17
8017927	10350	ABCA9	17
8017964	23460	ABCA6	17
8018006	10349	ABCA10	17
8018038	23461	ABCA5	17
8018082	201266	SLC39A11	17
8018097	84923	VCF1	17
8018102	642843	CPSF4L	17
8018107	23580	CDC42EP4	17
8018114	54549	SDK2	17
8018156	283982	LINC00469	17
8018169	124599	CD300LB	17
8018177	10871	CD300C	17
8018184	100131439	CD300LD	17
8018189	342510	CD300E	17
8018196	146722	CD300LF	17
8018209	26151	NAT9	17
8018220	2905	GRIN2C	17
8018236	2232	FDXR	17
8018251	283985	FADS6	17
8018258	124590	USH1G	17
8018264	283987	HID1	17
8018288	10476	ATP5PD	17
8018297	30833	NT5C	17
8018305	51155	JPT1	17
8018324	23163	GGA3	17
8018343	57409	MIF4GD	17
8018352	60386	SLC25A19	17
8018364	2885	GRB2	17
8018379	57513	CASKIN2	17
8018400	9400	RECQL5	17
8018428	2584	GALK1	17
8018439	3021	H3-3B	17
8018449	201294	UNC13D	17
8018482	23558	WBP2	17
8018494	91107	TRIM47	17
8018502	201292	TRIM65	17
8018511	64978	MRPL38	17
8018522	85302	FBF1	17
8018558	51	ACOX1	17
8018579	2125	EVPL	17
8018600	6730	SRP68	17
8018620	23265	EXOC7	17
8018646	2302	FOXJ1	17
8018652	114804	RNF157	17
8018673	84074	QRICH2	17
8018694	5635	PRPSAP1	17
8018708	63893	UBE2O	17
8018731	79651	RHBDF2	17
8018754	114757	CYGB	17
8018761	10610	ST6GALNAC2	17
8018774	55808	ST6GALNAC1	17
8018786	439921	MXRA7	17
8018793	23210	JMJD6	17
8018803	6427	SRSF2	17
8018818	400624	LINC01973	17
8018823	11322	TMC6	17
8018849	7083	TK1	17
8018864	9021	SOCS3	17
8018872	8632	DNAH17	17
8018902	8632	DNAH17	17
8018908	8632	DNAH17	17
8018922	9267	CYTH1	17
8018937	57602	USP36	17
8018966	7077	TIMP2	17
8018972	100653515	CEP295NL	17
8018975	3959	LGALS3BP	17
8018982	124583	CANT1	17
8018993	146713	RBFOX3	17
8019005	146713	RBFOX3	17
8019010	57332	CBX8	17
8019018	8535	CBX4	17
8019031	125058	TBC1D16	17
8019046	9775	EIF4A3	17
8019061	6448	SGSH	17
8019071	100294362	RNF213-AS1	17
8019074	4884	NPTX1	17
8019083	440465	BAIAP2-DT	17
8019090	9625	AATK	17
8019108	22994	CEP131	17
8019136	146705	TEPSIN	17
8019149	124565	SLC38A10	17
8019170	284185	LINC00482	17
8019177	284186	TMEM105	17
8019181	100130370	LINC03048	17
8019183	71	ACTG1	17
8019194	80233	FAAP100	17
8019211	55666	NPLOC4	17
8019231	5148	PDE6G	17
8019238	339229	OXLD1	17
8019243	116729	PPP1R27	17
8019250	5034	P4HB	17
8019263	396	ARHGDIA	17
8019273	10189	ALYREF	17
8019280	5833	PCYT2	17
8019296	51547	SIRT7	17
8019308	4097	MAFG	17
8019316	5831	PYCR1	17
8019331	255275	MYADML2	17
8019334	147111	NOTUM	17
8019350	201254	CENPX	17
8019357	51181	DCXR	17
8019367	5986	RFNG	17
8019376	64118	DUS1L	17
8019392	2194	FASN	17
8019437	284001	CCDC57	17
8019463	1453	CSNK1D	17
8019478	924	CD7	17
8019486	6398	SECTM1	17
8019494	79701	OGFOD3	17
8019507	79415	CYBC1	17
8019523	56270	WDR45B	17
8019532	10966	RAB40B	17
8019541	79755	ZNF750	17
8019545	146712	B3GNTL1	17
8019559	146712	B3GNTL1	17
8019563	403340	MGC70870	17
8019593	83896	KRTAP3-1	17
8019599	85293	KRTAP3-3	17
8019604	125115	KRT40	17
8019614	390792	KRT39	17
8019622	113277	TMEM106A	17
8019643	8447	DOC2B	17
8019669	2642	GCGR	17
8019687	51529	ANAPC11	17
8019693	256933	NPB	17
8019737	3838	KPNA2	17
8019751	146713	RBFOX3	17
8019754	348262	MCRIP1	17
8019762	5034	P4HB	17
8019765	396	ARHGDIA	17
8019772	10189	ALYREF	17
8019778	5833	PCYT2	17
8019796	4097	MAFG	17
8019798	4097	MAFG	17
8019804	727758	ROCK1P1	18
8019807	9097	USP14	18
8019828	1068	CETN1	18
8019831	27098	CLUL1	18
8019842	7298	TYMS	18
8019851	116	ADCYAP1	18
8019857	10403	NDC80	18
8019877	23347	SMCHD1	18
8019885	23347	SMCHD1	18
8019912	84034	EMILIN2	18
8019924	10627	MYL12A	18
8019930	103910	MYL12B	18
8019939	7050	TGIF1	18
8019954	649446	DLGAP1-AS1	18
8019964	79822	ARHGAP28	18
8019988	5797	PTPRM	18
8020029	201475	RAB12	18
8020037	23255	MTCL1	18
8020058	4729	NDUFV2	18
8020068	23253	ANKRD12	18
8020090	57045	TWSG1	18
8020100	10928	RALBP1	18
8020110	11031	RAB31	18
8020123	84203	TXNDC2	18
8020129	9218	VAPA	18
8020141	147495	APCDD1	18
8020149	8774	NAPG	18
8020164	2774	GNAL	18
8020179	57132	CHMP1B	18
8020183	3613	IMPA2	18
8020197	342850	ANKRD62	18
8020211	1149	CIDEA	18
8020220	84617	TUBB6	18
8020226	10650	PRELID3A	18
8020241	56984	PSMG2	18
8020254	81929	SEH1L	18
8020267	55125	CEP192	18
8020308	753	LDLRAD4	18
8020323	8731	RNMT	18
8020339	4161	MC5R	18
8020343	440482	ANKRD20A5P	18
8020352	284233	CYP4F35P	18
8020354	81127	OR4K15	14
8020357	374860	ANKRD30B	18
8020377	441666	LOC441666	10
8020384	80000	GREB1L	18
8020411	6632	SNRPD1	18
8020419	100302135	MIR320C1	18
8020423	57534	MIB1	18
8020455	2627	GATA6	18
8020468	5932	RBBP8	18
8020495	91768	CABLES1	18
8020508	8780	RIOK3	18
8020527	29919	RMC1	18
8020551	3909	LAMA3	18
8020630	125488	TTC39C	18
8020647	125488	TTC39C	18
8020653	26256	CABYR	18
8020668	55364	IMPACT	18
8020684	59340	HRH4	18
8020691	143471	PSMA8	18
8020702	6875	TAF4B	18
8020717	147429	AQP4-AS1	18
8020724	1828	DSG1	18
8020740	147409	DSG4	18
8020762	1830	DSG3	18
8020779	1829	DSG2	18
8020795	7276	TTR	18
8020806	54941	RNF125	18
8020814	51444	RNF138	18
8020827	4225	MEP1B	18
8020842	441818	WBP11P1	18
8020844	80816	ASXL3	18
8020847	1837	DTNA	18
8020878	10982	MAPRE2	18
8020889	84307	ZNF397	18
8020898	10778	ZNF271P	18
8020903	2589	GALNT1	18
8020919	83608	C18orf21	18
8020930	55250	ELP2	18
8020955	55034	MOCOS	18
8020973	80206	FHOD3	18
8021001	57536	KIAA1328	18
8021015	5289	PIK3C3	18
8021047	26040	SETBP1	18
8021058	8170	SLC14A2	18
8021081	6563	SLC14A1	18
8021091	284266	SIGLEC15	18
8021101	115106	HAUS1	18
8021113	147339	ARK2N	18
8021120	494470	ARK2C	18
8021129	494470	ARK2C	18
8021131	83473	KATNAL2	18
8021152	84322	ZBTB7C-AS2	18
8021154	9811	CTIF	18
8021169	9388	LIPG	18
8021181	677769	SCARNA17	18
8021183	677769	SCARNA17	18
8021187	220134	SKA1	18
8021199	5596	MAPK4	18
8021208	4200	ME2	18
8021222	55520	ELAC1	18
8021228	4089	SMAD4	18
8021245	1630	DCC	18
8021275	11201	POLI	18
8021286	162681	C18orf54	18
8021297	284254	DYNAP	18
8021301	5874	RAB27B	18
8021312	23335	WDR7	18
8021344	284257	BOD1L2	18
8021349	51046	ST8SIA3	18
8021357	9480	ONECUT2	18
8021376	23327	NEDD4L	18
8021416	406906	MIR122	18
8021418	10892	MALT1	18
8021442	55205	ZNF532	18
8021453	90701	SEC11C	18
8021461	2922	GRP	18
8021470	5366	PMAIP1	18
8021484	28316	CDH20	18
8021496	57614	RELCH	18
8021528	8792	TNFRSF11A	18
8021542	54877	ZCCHC2	18
8021546	54877	ZCCHC2	18
8021565	23239	PHLPP1	18
8021584	5268	SERPINB5	18
8021594	89777	SERPINB12	18
8021603	5275	SERPINB13	18
8021614	89778	SERPINB11	18
8021623	8710	SERPINB7	18
8021635	5055	SERPINB2	18
8021645	5273	SERPINB10	18
8021653	5271	SERPINB8	18
8021668	1005	CDH7	18
8021685	79839	CCDC102B	18
8021695	220164	DOK6	18
8021707	9306	SOCS6	18
8021716	29090	TIMM21	18
8021727	55748	CNDP2	18
8021741	84735	CNDP1	18
8021756	55628	ZNF407	18
8021768	10194	TSHZ1	18
8021777	400661	LINC01879	18
8021783	7776	ZNF236	18
8021818	2587	GALR1	18
8021826	27164	SALL3	18
8021832	374868	ATP9B	18
8021866	4772	NFATC1	18
8021884	9150	CTDP1	18
8021900	26251	KCNG2	18
8021905	79863	RBFA	18
8021914	22850	ADNP2	18
8021924	9984	THOC1	18
8021946	81035	COLEC12	18
8021963	494514	TYMSOS	18
8021966	55556	ENOSF1	18
8021984	7525	YES1	18
8021995	56651	LINC00470	18
8022009	64863	METTL4	18
8022022	9663	LPIN2	18
8022045	8736	MYOM1	18
8022085	9229	DLGAP1	18
8022106	147525	LINC00526	18
8022110	7541	ZBTB14	18
8022118	23136	EPB41L3	18
8022145	91133	L3MBTL4	18
8022176	284217	LAMA1	18
8022251	9989	PPP4R1	18
8022283	63895	PIEZO2	18
8022295	63895	PIEZO2	18
8022310	63895	PIEZO2	18
8022326	65258	MPPE1	18
8022338	166647	ADGRA3	4
8022342	10939	AFG3L2	18
8022356	56907	SPIRE1	18
8022380	79959	CEP76	18
8022393	5771	PTPN2	18
8022404	125228	FAM210A	18
8022412	4158	MC2R	18
8022420	162655	ZNF519	18
8022424	4763	NF1	17
8022436	246705	LINC00314	21
8022441	6093	ROCK1	18
8022473	114799	ESCO1	18
8022488	171586	ABHD3	18
8022508	64693	CTAGE1	18
8022514	85019	TMEM241	18
8022531	4864	NPC1	18
8022559	147463	ANKRD29	18
8022572	114876	OSBPL1A	18
8022612	25925	ZNF521	18
8022625	6760	SS18	18
8022640	1719	DHFR	5
8022646	284252	KCTD1	18
8022653	728606	PCAT18	18
8022655	361	AQP4	18
8022666	83539	CHST9	18
8022674	1000	CDH2	18
8022692	1825	DSC3	18
8022711	1824	DSC2	18
8022728	1823	DSC1	18
8022747	9331	B4GALT6	18
8022763	147407	SLC25A52	18
8022767	22878	TRAPPC8	18
8022803	64762	GAREM1	18
8022817	57565	KLHL14	18
8022831	374864	CCDC178	18
8022856	8715	NOL4	18
8022872	100101467	ZSCAN30	18
8022882	7572	ZNF24	18
8022892	252884	ZNF396	18
8022902	125476	INO80C	18
8022912	406963	MIR187	18
8022914	55197	RPRD1A	18
8022927	25800	SLC39A6	18
8022941	25941	TPGS2	18
8022952	56853	CELF4	18
8022972	6130	RPL7A	9
8022976	6014	RIT2	18
8022986	6860	SYT4	18
8022996	57724	EPG5	18
8023043	9050	PSTPIP2	18
8023063	498	ATP5F1A	18
8023080	125336	LOXHD1	18
8023121	29906	ST8SIA5	18
8023133	9063	PIAS2	18
8023159	51224	ELOA2	18
8023165	84064	HDHD2	18
8023175	51124	IER3IP1	18
8023184	652991	SKOR2	18
8023191	4087	SMAD2	18
8023195	4087	SMAD2	18
8023212	201501	ZBTB7C	18
8023220	4092	SMAD7	18
8023228	54808	DYM	18
8023259	26791	SNORD58A	18
8023261	10449	ACAA2	18
8023267	4645	MYO5B	18
8023314	220136	CFAP53	18
8023323	4152	MBD1	18
8023344	30827	CXXC1	18
8023361	83876	MRO	18
8023377	51320	MEX3C	18
8023382	8932	MBD2	18
8023392	677819	SNORA37	18
8023394	147323	STARD6	18
8023401	80323	CCDC68	18
8023415	6925	TCF4	18
8023437	642484	LINC03069	18
8023450	9352	TXNL1	18
8023466	2235	FECH	18
8023481	4677	NARS1	18
8023497	5205	ATP8B1	18
8023528	115701	ALPK2	18
8023549	30062	RAX	18
8023554	339302	CPLX4	18
8023561	3998	LMAN1	18
8023575	147372	CCBE1	18
8023593	4160	MC4R	18
8023598	220441	RNF152	18
8023605	23556	PIGN	18
8023646	596	BCL2	18
8023656	2531	KDSR	18
8023672	9525	VPS4B	18
8023696	6317	SERPINB3	18
8023703	221241	LINC00305	18
8023710	28513	CDH19	18
8023727	92126	DSEL	18
8023735	54495	TMX3	18
8023757	10666	CD226	18
8023766	25914	RTTN	18
8023816	220158	GTSCR1	18
8023822	147381	CBLN2	18
8023828	81832	NETO1	18
8023843	201456	FBXO15	18
8023855	1528	CYB5A	18
8023864	125704	DIPK1C	18
8023868	400657	ZNF407-AS1	18
8023871	284273	PTGR3	18
8023876	284274	SMIM21	18
8023882	9658	ZNF516	18
8023889	4155	MBP	18
8023910	284241	CTDP1-DT	18
8023914	80148	SLC66A2	18
8023920	10907	TXNL4A	18
8023926	84552	PARD6G	18
8023941	8174	MADCAM1	19
8023948	91978	TPGS1	19
8023955	682	BSG	19
8023968	997	CDC34	19
8023977	3004	GZMM	19
8023984	610	HCN2	19
8023990	27006	FGF22	19
8023995	10272	FSTL3	19
8024003	5064	PALM	19
8024013	126353	MISP	19
8024019	5725	PTBP1	19
8024038	566	AZU1	19
8024048	5657	PRTN3	19
8024056	1991	ELANE	19
8024062	1675	CFD	19
8024070	84634	KISS1R	19
8024078	1820	ARID3A	19
8024089	57418	WDR18	19
8024100	116444	GRIN3B	19
8024111	1265	CNN2	19
8024120	10347	ABCA7	19
8024170	23526	ARHGAP45	19
8024194	2879	GPX4	19
8024204	6794	STK11	19
8024219	513	ATP5F1D	19
8024228	90007	MIDN	19
8024238	1153	CIRBP	19
8024246	55009	FAM174C	19
8024250	1943	EFNA2	19
8024255	84939	PWWP3A	19
8024273	374291	NDUFS7	19
8024282	26528	DAZAP1	19
8024299	6209	RPS15	19
8024306	10297	APC2	19
8024323	92840	REEP6	19
8024331	126520	PLK5	19
8024356	113179	ADAT3	19
8024358	1455	CSNK1G2	19
8024373	113177	IZUMO4	19
8024391	84444	DOT1L	19
8024420	8175	SF3A2	19
8024436	4946	OAZ1	19
8024446	56928	SPPL2B	19
8024467	360200	TMPRSS9	19
8024485	4616	GADD45B	19
8024497	7064	THOP1	19
8024511	115196	ZNF554	19
8024518	148254	ZNF555	19
8024527	80032	ZNF556	19
8024532	126295	ZNF57	19
8024537	79816	TLE6	19
8024557	2767	GNA11	19
8024566	2767	GNA11	19
8024572	2769	GNA15	19
8024582	8698	S1PR4	19
8024584	56926	NCLN	19
8024605	60680	CELF5	19
8024623	4782	NFIC	19
8024637	51343	FZR1	19
8024655	100128569	TEKTIP1	19
8024660	10362	HMG20B	19
8024676	126326	GIPC3	19
8024682	404665	CACTIN-AS1	19
8024687	27134	TJP3	19
8024708	116541	MRPL54	19
8024712	85300	ATCAY	19
8024728	27231	NMRK2	19
8024740	51588	PIAS4	19
8024754	84699	CREB3L3	19
8024768	170961	ANKRD24	19
8024792	10148	EBI3	19
8024798	55702	YJU2	19
8024808	56961	SHD	19
8024816	79187	FSD1	19
8024829	84954	MPND	19
8024843	10036	CHAF1A	19
8024864	84717	HDGFL2	19
8024885	126282	TNFAIP8L1	19
8024888	284424	MIR7-3HG	19
8024896	407045	MIR7-3	19
8024898	55527	FEM1A	19
8024900	29128	UHRF1	19
8024909	23030	KDM4B	19
8024934	148066	ZNRF4	19
8024936	6294	SAFB	19
8024956	374875	HSD11B1L	19
8024966	25873	RPL36	19
8024971	257062	CATSPERD	19
8024995	4902	NRTN	19
8025000	400673	VMAC	19
8025004	828	CAPS	19
8025011	81616	ACSBG2	19
8025028	8192	CLPP	19
8025035	84266	ALKBH7	19
8025041	92359	CRB3	19
8025053	8744	TNFSF9	19
8025058	9322	TRIP10	19
8025076	7409	VAV1	19
8025103	2015	ADGRE1	19
8025124	497049	FLJ25758	19
8025132	79230	ZNF557	19
8025142	23370	ARHGEF18	19
8025169	374877	SAXO5	19
8025179	140467	ZNF358	19
8025183	57192	MCOLN1	19
8025199	10908	PNPLA6	19
8025237	57662	CAMSAP3	19
8025255	6813	STXBP2	19
8025278	56729	RETN	19
8025285	199675	MCEMP1	19
8025296	126003	TRAPPC5	19
8025303	10332	CLEC4M	19
8025321	440508	CLEC4GP1	19
8025328	115704	EVI5L	19
8025347	80131	LRRC8E	19
8025351	5609	MAP2K7	19
8025368	6618	SNAPC2	19
8025375	6370	CCL25	19
8025382	79603	CERS4	19
8025395	6234	RPS28	19
8025402	51129	ANGPTL4	19
8025414	9230	RAB11B	19
8025421	51257	MARCHF2	19
8025429	4670	HNRNPM	19
8025450	284383	OR2Z1	19
8025452	85509	MBD3L1	19
8025456	125963	OR1M1	19
8025458	57693	ZNF317	19
8025470	162998	OR7D2	19
8025476	26648	OR7E24	19
8025500	59286	UBL5	19
8025506	5300	PIN1	19
8025515	50700	RDH8	19
8025522	388503	C3P1	19
8025551	55337	SHFL	19
8025584	692229	SNORD105	19
8025586	51073	MRPL4	19
8025601	3383	ICAM1	19
8025612	3386	ICAM4	19
8025621	7087	ICAM5	19
8025633	5141	PDE4A	19
8025659	84971	ATG4D	19
8025672	57153	SLC44A2	19
8025697	3609	ILF3	19
8025728	81890	QTRT1	19
8025766	10498	CARM1	19
8025783	90580	TIMM29	19
8025788	6597	SMARCA4	19
8025828	3949	LDLR	19
8025850	55908	ANGPTL8	19
8025858	26526	TSPAN16	19
8025868	126075	CCDC159	19
8025877	64748	PLPPR2	19
8025888	126074	SWSAP1	19
8025895	5589	PRKCSH	19
8025918	1264	CNN1	19
8025927	199692	ZNF627	19
8025933	401898	ZNF833P	19
8025945	126068	ZNF441	19
8025951	126069	ZNF491	19
8025958	126070	ZNF440	19
8025964	90594	ZNF439	19
8025968	7620	ZNF69	19
8025978	284390	ZNF763	19
8025984	284391	ZNF844	19
8025998	7695	ZNF136	19
8026007	163049	ZNF791	19
8026013	84292	WDR83	19
8026024	439	GET3	19
8026035	54831	BEST2	19
8026047	3726	JUNB	19
8026051	10535	RNASEH2A	19
8026063	22983	MAST1	19
8026090	2639	GCDH	19
8026106	811	CALR	19
8026122	5886	RAD23A	19
8026133	199699	DAND5	19
8026139	4784	NFIX	19
8026155	112939	NACC1	19
8026163	9592	IER2	19
8026170	81576	YJU2B	19
8026182	84245	MRI1	19
8026193	28974	C19orf53	19
8026198	65249	ZSWIM4	19
8026212	406957	MIR181C	19
8026214	342977	NANOS3	19
8026217	54862	CC2D1A	19
8026250	90379	DCAF15	19
8026265	117579	RLN3	19
8026300	976	ADGRE5	19
8026315	5585	PKN1	19
8026339	6637	SNRPG	2
8026350	388512	CLEC17A	19
8026365	84449	ZNF333	19
8026388	26658	OR7C2	19
8026390	126402	TEKTL1	19
8026398	23581	CASP14	19
8026405	126370	OR1I1	19
8026407	85360	SYDE1	19
8026424	126410	CYP4F22	19
8026442	11283	CYP4F8	19
8026456	4051	CYP4F3	19
8026468	66002	CYP4F12	19
8026483	26538	OR10H2	19
8026486	26532	OR10H3	19
8026488	284433	OR10H5	19
8026490	652995	UCA1	19
8026494	126541	OR10H4	19
8026496	126536	LINC00661	19
8026503	148231	LINC00905	19
8026513	7171	TPM4	19
8026541	26017	FAM32A	19
8026548	8907	AP1M1	19
8026564	10365	KLF2	19
8026568	84167	C19orf44	19
8026579	79041	TMEM38A	19
8026587	284434	NWD1	19
8026610	23309	SIN3B	19
8026631	9002	F2RL3	19
8026638	4650	MYO9B	19
8026679	55850	USE1	19
8026687	79629	OCEL1	19
8026698	29086	BABAM1	19
8026712	126549	ANKLE1	19
8026724	64981	MRPL34	19
8026729	79016	DDA1	19
8026735	84705	GTPBP3	19
8026751	93343	MVB12A	19
8026763	376497	SLC27A1	19
8026780	25796	PGLS	19
8026787	199786	NIBAN3	19
8026806	79709	COLGALT1	19
8026821	55201	MAP1S	19
8026830	23149	FCHO1	19
8026861	10331	B3GNT3	19
8026868	6142	RPL18A	19
8026875	26780	SNORA68	19
8026877	6528	SLC5A5	19
8026895	115098	CCDC124	19
8026900	3780	KCNN1	19
8026915	27106	ARRDC2	19
8026926	23031	MAST3	19
8026954	5296	PIK3R2	19
8026971	10437	IFI30	19
8026982	84769	MPV17L2	19
8027002	9518	GDF15	19
8027006	170463	SSBP4	19
8027018	79036	KXD1	19
8027024	7311	UBA52	19
8027032	55049	REX1BD	19
8027040	25789	TMEM59L	19
8027049	55295	KLHL26	19
8027053	23373	CRTC1	19
8027074	5976	UPF1	19
8027100	54555	DDX49	19
8027117	93436	ARMC6	19
8027128	284439	SLC25A42	19
8027139	8625	RFXANK	19
8027152	1463	NCAN	19
8027169	54815	GATAD2A	19
8027184	23383	MAU2	19
8027205	51079	NDUFA13	19
8027222	148113	CILP2	19
8027233	94039	ZNF101	19
8027241	56242	ZNF253	19
8027247	81931	ZNF93	19
8027254	7643	ZNF90	19
8027258	7643	ZNF90	19
8027260	90649	ZNF486	19
8027268	7617	ZNF66	19
8027272	7639	ZNF85	19
8027279	80264	ZNF430	19
8027285	148206	ZNF714	19
8027292	170959	ZNF431	19
8027297	148203	ZNF738	19
8027304	284443	ZNF493	19
8027312	353088	ZNF429	19
8027320	641367	CCNYL6	19
8027323	113835	ZNF257	19
8027330	84108	PCGF6	10
8027332	100287226	ZNF729	19
8027343	440518	GOLGA2P9	19
8027345	57615	ZNF492	19
8027348	100129543	ZNF730	19
8027354	388524	RPSA2	19
8027363	730087	ZNF726	19
8027368	9534	ZNF254	19
8027385	342865	VSTM2B	19
8027390	10775	POP4	19
8027398	79156	PLEKHF1	19
8027402	898	CCNE1	19
8027416	8725	URI1	19
8027431	9745	ZNF536	19
8027439	22847	ZNF507	19
8027448	147991	DPY19L3	19
8027473	9141	PDCD5	19
8027480	388531	RGS9BP	19
8027482	91646	TDRD12	19
8027510	91442	FAAP24	19
8027521	55094	GPATCH1	19
8027543	126248	WDR88	19
8027556	4037	LRP3	19
8027564	80054	CEBPA-DT	19
8027566	1054	CEBPG	19
8027574	64377	CHST8	19
8027584	79047	KCTD15	19
8027592	26065	LSM14A	19
8027604	9710	GARRE1	19
8027621	2821	GPI	19
8027642	84306	PDCD2L	19
8027650	10054	UBA2	19
8027665	126374	WTIP	19
8027674	55900	ZNF302	19
8027685	339318	ZNF181	19
8027692	90075	ZNF30	19
8027701	57655	GRAMD1A	19
8027719	6324	SCN1B	19
8027728	3249	HPN	19
8027748	5349	FXYD3	19
8027760	5348	FXYD1	19
8027770	53822	FXYD7	19
8027778	53827	FXYD5	19
8027793	51599	LSR	19
8027805	7392	USF2	19
8027819	57817	HAMP	19
8027824	4099	MAG	19
8027837	933	CD22	19
8027854	2864	FFAR1	19
8027856	2865	FFAR3	19
8027860	2865	FFAR3	19
8027862	2867	FFAR2	19
8027864	26330	GAPDHS	19
8027876	10430	TMEM147	19
8027886	23354	HAUS5	19
8027908	79171	RBM42	19
8027920	2116	ETV2	19
8027932	1340	COX6B1	19
8027938	11045	UPK1A	19
8027947	27033	ZBTB32	19
8027956	9757	KMT2B	19
8027996	55851	PSENEN	19
8028004	55957	LIN37	19
8028016	148137	PROSER3	19
8028030	115703	ARHGAP33	19
8028058	84063	KIRREL2	19
8028084	333	APLP1	19
8028104	10870	HCST	19
8028112	79414	LRFN3	19
8028119	284403	WDR62	19
8028158	728361	OVOL3	19
8028162	1155	TBCB	19
8028172	826	CAPNS1	19
8028186	7705	ZNF146	19
8028194	84911	ZNF382	19
8028200	163081	ZNF567	19
8028206	25850	ZNF345	19
8028213	374900	ZNF568	19
8028219	147923	ZNF420	19
8028227	163087	ZNF383	19
8028233	284459	ZNF875	19
8028241	84503	ZNF527	19
8028248	148268	ZNF570	19
8028254	390927	ZNF793	19
8028286	23094	SIPA1L3	19
8028311	10653	SPINT2	19
8028325	64073	C19orf33	19
8028332	9424	KCNK6	19
8028341	57828	CATSPERG	19
8028380	5714	PSMD8	19
8028389	399473	SPRED3	19
8028397	147965	FAM98C	19
8028407	6261	RYR1	19
8028514	27335	EIF3K	19
8028524	81	ACTN4	19
8028552	4793	NFKBIB	19
8028563	6183	MRPS12	19
8028570	390928	ACP7	19
8028583	10298	PAK4	19
8028600	342897	NCCRP1	19
8028607	282616	IFNL2	19
8028613	282618	IFNL1	19
8028624	55095	SAMD4B	19
8028645	55588	MED29	19
8028652	7538	ZFP36	19
8028656	64857	PLEKHG2	19
8028674	6829	SUPT5H	19
8028705	92609	TIMM50	19
8028719	10683	DLL3	19
8028730	348303	SELENOV	19
8028737	29124	LGALS13	19
8028742	148003	LGALS16	19
8028744	400696	LGALS17A	19
8028750	56891	LGALS14	19
8028756	5704	PSMC4	19
8028770	339327	ZNF546	19
8028778	4294	MAP3K10	19
8028791	23646	PLD3	19
8028806	57731	SPTBN4	19
8028851	92799	SHKBP1	19
8028872	8425	LTBP4	19
8028908	80271	ITPKC	19
8028916	6626	SNRPA	19
8028950	22952	CYP2G1P	19
8028955	1556	CYP2B7P	19
8028963	1555	CYP2B6	19
8028984	1572	CYP2F1	19
8028991	29785	CYP2S1	19
8029006	558	AXL	19
8029029	11100	HNRNPUL1	19
8029050	90324	CCDC97	19
8029056	641649	TMEM91	19
8029065	593	BCKDHA	19
8029076	90273	CEACAM21	19
8029086	1048	CEACAM5	19
8029098	4680	CEACAM6	19
8029107	1084	CEACAM3	19
8029117	63946	DMRTC2	19
8029129	6223	RPS19	19
8029136	973	CD79A	19
8029147	9138	ARHGEF1	19
8029182	64763	ZNF574	19
8029188	116115	ZNF526	19
8029193	23152	CIC	19
8029214	284338	PRR19	19
8029219	284339	TMEM145	19
8029236	1954	MEGF8	19
8029273	1954	MEGF8	19
8029280	57126	CD177	19
8029289	83639	TEX101	19
8029301	284346	ZNF575	19
8029306	390940	PINLYP	19
8029311	79177	ZNF576	19
8029318	56269	IRGC	19
8029321	284349	ZNF283	19
8029331	7638	ZNF221	19
8029340	7711	ZNF155	19
8029347	7773	ZNF230	19
8029353	7673	ZNF222	19
8029360	7766	ZNF223	19
8029368	342909	ZNF284	19
8029377	7767	ZNF224	19
8029385	7768	ZNF225	19
8029392	10780	ZNF234	19
8029399	7769	ZNF226	19
8029413	7770	ZNF227	19
8029423	353355	ZNF233	19
8029437	5817	PVR	19
8029446	56971	CEACAM19	19
8029458	388551	CEACAM16	19
8029465	602	BCL3	19
8029476	23624	CBLC	19
8029489	4059	BCAM	19
8029507	5819	NECTIN2	19
8029521	10452	TOMM40	19
8029530	348	APOE	19
8029536	341	APOC1	19
8029560	1209	CLPTM1	19
8029580	5971	RELB	19
8029592	11129	CLASRP	19
8029617	79760	GEMIN7	19
8029624	284352	PPP1R37	19
8029640	388552	BLOC1S3	19
8029642	57787	MARK4	19
8029671	147700	KLC3	19
8029688	10849	POLR1G	19
8029693	2354	FOSB	19
8029701	147699	PPM1N	19
8029710	7408	VASP	19
8029728	2696	GIPR	19
8029744	54814	QPCTL	19
8029754	3171	FOXA3	19
8029759	729440	CCDC61	19
8029773	147920	IGFL2	19
8029779	374918	IGFL1	19
8029784	64344	HIF3A	19
8029814	5536	PPP5C	19
8029831	808	CALM3	19
8029847	79147	FKRP	19
8029856	2909	ARHGAP35	19
8029870	4861	NPAS1	19
8029884	10055	SAE1	19
8029894	26093	CCDC9	19
8029907	728	C5AR1	19
8029914	27202	C5AR2	19
8029918	9704	DHX34	19
8029939	29998	BICRA	19
8029950	30846	EHD2	19
8029958	29997	NOP53	19
8029969	6415	SELENOW	19
8029978	1406	CRX	19
8029988	64100	ELSPBP1	19
8029996	374920	ZSWIM9	19
8030002	163071	ZNF114	19
8030007	2014	EMP3	19
8030015	23546	SYNGR4	19
8030022	2906	GRIN2D	19
8030035	83743	GRWD1	19
8030044	3770	KCNJ14	19
8030049	9266	CYTH2	19
8030064	9266	CYTH2	19
8030067	6820	SULT2B1	19
8030076	171169	SPACA4	19
8030078	56848	SPHK2	19
8030092	653677	SEC1P	19
8030094	2524	FUT2	19
8030105	26291	FGF21	19
8030113	10856	RUVBL2	19
8030128	23645	PPP1R15A	19
8030133	4924	NUCB1	19
8030148	27294	DHDH	19
8030158	581	BAX	19
8030171	2512	FTL	19
8030199	6625	SNRNP70	19
8030212	64130	LIN7B	19
8030220	8541	PPFIA3	19
8030251	54795	TRPM4	19
8030277	951	CD37	19
8030292	27120	DKKL1	19
8030299	147872	KASH5	19
8030321	126133	ALDH16A1	19
8030339	2323	FLT3LG	19
8030368	6205	RPS11	19
8030374	2217	FCGRT	19
8030383	57333	RCN3	19
8030393	5639	PRRG2	19
8030403	57479	PRR12	19
8030416	58506	SCAF1	19
8030429	83596	BCL2L12	19
8030437	3276	PRMT1	19
8030448	126129	CPT1C	19
8030470	160	AP2A1	19
8030498	81857	MED25	19
8030525	53635	PTOV1	19
8030539	79735	TBC1D17	19
8030563	400709	SIGLEC16	19
8030569	25888	ZNF473	19
8030578	400710	ZNF473CR	19
8030582	79784	MYH14	19
8030630	7376	NR1H2	19
8030641	5424	POLD1	19
8030671	6689	SPIB	19
8030677	4606	MYBPC2	19
8030706	284361	EMC10	19
8030721	6320	CLEC11A	19
8030731	2855	GPR32P1	19
8030733	2854	GPR32	19
8030736	93650	ACP4	19
8030749	284365	LINC01869	19
8030753	354	KLK3	19
8030768	3817	KLK2	19
8030782	27180	SIGLEC9	19
8030789	27036	SIGLEC7	19
8030796	284367	SIGLEC17P	19
8030804	945	CD33	19
8030813	284369	SIGLECL1	19
8030823	402665	IGLON5	19
8030831	7728	ZNF175	19
8030842	407056	MIR99B	19
8030844	406887	MIRLET7E	19
8030846	406910	MIR125A	19
8030848	147650	SPACA6	19
8030860	2358	FPR2	19
8030866	2359	FPR3	19
8030871	79898	ZNF613	19
8030881	5518	PPP2R1A	19
8030899	90321	ZNF766	19
8030908	147657	ZNF480	19
8030914	162963	ZNF610	19
8030925	400713	ZNF880	19
8030931	84436	ZNF528	19
8030939	147658	ZNF534	19
8030944	147660	ZNF578	19
8030946	388558	ZNF808	19
8030950	55762	ZNF701	19
8030954	7696	ZNF137P	19
8030964	107985332	ERVFRD-2	19
8030969	390963	ZNF818P	19
8030972	317701	VN1R2	19
8030974	646508	FAM90A27P	19
8030978	91664	ZNF845	19
8030991	147804	TPM3P9	19
8030993	388561	ZNF761	19
8030997	126017	ZNF813	19
8030999	55422	ZNF331	19
8031013	503834	DPRX	19
8031031	574485	MIR516B2	19
8031035	574490	MIR516B1	19
8031047	91663	MYADM	19
8031057	5582	PRKCG	19
8031076	59284	CACNG7	19
8031090	59285	CACNG6	19
8031097	4696	NDUFA3	19
8031102	26121	PRPF31	19
8031122	4849	CNOT3	19
8031145	79042	TSEN34	19
8031152	6203	RPS9	19
8031157	57348	TTYH1	19
8031176	114823	LENG8	19
8031196	3904	LAIR2	19
8031200	90011	KIR3DX1	19
8031207	11027	LILRA2	19
8031213	11024	LILRA1	19
8031223	10859	LILRB1	19
8031238	11006	LILRB4	19
8031253	79166	LILRP2	19
8031374	2204	FCAR	19
8031387	9437	NCR1	19
8031398	55655	NLRP2	19
8031414	54869	EPS8L1	19
8031441	84446	BRSK1	19
8031466	84787	KMT5C	19
8031475	147744	TMEM190	19
8031483	6158	RPL28	19
8031489	89887	ZNF628	19
8031495	57106	NAT14	19
8031499	284297	SSC5D	19
8031511	147807	ZNF524	19
8031514	100507290	ZNF865	19
8031522	51545	ZNF581	19
8031526	29903	CCDC106	19
8031536	11338	U2AF2	19
8031550	29924	EPN1	19
8031576	147945	NLRP4	19
8031586	126205	NLRP8	19
8031600	126206	NLRP5	19
8031617	55311	ZNF444	19
8031622	85569	GALP	19
8031640	147949	ZNF583	19
8031646	100128252	ZNF667-AS1	19
8031650	57573	ZNF471	19
8031659	140612	ZFP28	19
8031669	388566	ZNF470	19
8031675	58491	ZNF71	19
8031686	57663	USP29	19
8031690	9422	ZNF264	19
8031700	6795	AURKC	19
8031712	390980	ZNF805	19
8031714	10794	ZNF460	19
8031720	125919	ZNF543	19
8031726	57343	ZNF304	19
8031737	147694	ZNF548	19
8031744	7565	ZNF17	19
8031748	388567	ZNF749	19
8031750	79744	ZNF419	19
8031759	374928	ZNF773	19
8031762	256051	ZNF549	19
8031768	284307	ZIK1	19
8031778	348327	ZNF530	19
8031792	10520	ZNF211	19
8031799	201516	ZSCAN4	19
8031807	90233	ZNF551	19
8031815	284309	ZNF776	19
8031821	54807	ZNF586	19
8031825	100293516	ZNF587B	19
8031843	100128398	ZNF606-AS1	19
8031847	284312	ZSCAN1	19
8031857	7694	ZNF135	19
8031871	10782	ZNF274	19
8031884	27300	ZNF544	19
8031899	105372481	ERVK3-1	19
8031908	342945	ZSCAN22	19
8031913	10155	TRIM28	19
8031933	6193	RPS5	19
8031939	201514	ZNF584	19
8031949	388569	ZNF324B	19
8031956	25799	ZNF324	19
8031962	55663	ZNF446	19
8031973	65996	CENPBD2P	19
8031999	8612	PLPP2	19
8032009	54531	MIER2	19
8032023	51298	SPMAP2	19
8032034	126567	C2CD4C	19
8032037	25759	SHC2	19
8032051	284451	CIMAP1D	19
8032057	5442	POLRMT	19
8032076	55658	RNF126	19
8032088	400668	PRSS57	19
8032094	79948	PLPPR3	19
8032106	10025	MED16	19
8032127	91300	R3HDM4	19
8032137	91304	TMEM259	19
8032149	5434	POLR2E	19
8032157	22904	SBNO2	19
8032197	255057	CBARP	19
8032208	148046	CIRBP-AS1	19
8032214	2593	GAMT	19
8032224	148223	C19orf25	19
8032232	54760	PCSK4	19
8032249	339366	ADAMTSL5	19
8032265	399664	MEX3D	19
8032275	53615	MBD3	19
8032284	10975	UQCR11	19
8032290	6929	TCF3	19
8032312	148229	ATP8B3	19
8032347	57455	REXO1	19
8032365	83855	KLF16	19
8032371	81926	ABHD17A	19
8032375	255193	CSNK1G2-AS1	19
8032380	55643	BTBD2	19
8032392	2872	MKNK2	19
8032410	126308	MOB3A	19
8032418	8943	AP3D1	19
8032455	55111	PLEKHJ1	19
8032465	126306	JSRP1	19
8032473	374872	PEAK3	19
8032478	645191	LINGO3	19
8032480	51690	LSM7	19
8032484	26517	TIMM13	19
8032491	84823	LMNB2	19
8032509	2788	GNG7	19
8032518	148252	DIRAS1	19
8032525	29985	SLC39A3	19
8032530	6449	SGTA	19
8032544	58492	ZNF77	19
8032553	7089	TLE2	19
8032576	166	TLE5	19
8032588	284422	SMIM24	19
8032595	83475	DOHH	19
8032601	84839	RAX2	19
8032608	126321	MFSD12	19
8032623	6915	TBXA2R	19
8032637	58509	CACTIN	19
8032650	23396	PIP5K1C	19
8032670	9546	APBA3	19
8032682	4145	MATK	19
8032699	23217	ZFR2	19
8032718	1613	DAPK3	19
8032730	1938	EEF2	19
8032749	26812	SNORD37	19
8032755	51341	ZBTB7A	19
8032761	5605	MAP2K2	19
8032770	51548	SIRT6	19
8032782	126259	TMIGD2	19
8032789	55620	STAP2	19
8032804	6455	SH3GL1	19
8032815	80700	UBXN6	19
8032829	729359	PLIN4	19
8032834	116844	LRG1	19
8032839	10501	SEMA6B	19
8032863	56005	MYDGF	19
8032871	91039	DPP9	19
8032899	148022	TICAM1	19
8032909	10226	PLIN3	19
8032926	5802	PTPRS	19
8032965	257000	TINCR	19
8032974	9667	SAFB2	19
8032996	125988	MICOS13	19
8033002	9361	LONP1	19
8033023	163154	PRR22	19
8033025	56931	DUS3L	19
8033043	2528	FUT6	19
8033054	2525	FUT3	19
8033064	2527	FUT5	19
8033069	126328	NDUFA11	19
8033075	8498	RANBP3	19
8033097	5990	RFX2	19
8033118	4298	MLLT1	19
8033135	2962	GTF2F1	19
8033151	125981	ACER1	19
8033159	5623	PSPN	19
8033162	8570	KHSRP	19
8033179	284427	SLC25A41	19
8033190	79085	SLC25A23	19
8033207	79958	DENND1C	19
8033233	10382	TUBB4A	19
8033241	970	CD70	19
8033248	8740	TNFSF14	19
8033257	718	C3	19
8033300	56927	GPR108	19
8033319	10045	SH2D3A	19
8033332	326342	ADGRE4P	19
8033349	497049	FLJ25758	19
8033362	3643	INSR	19
8033385	92960	PEX11G	19
8033392	56949	XAB2	19
8033414	126006	PCP2	19
8033420	2208	FCER2	19
8033433	339390	CLEC4G	19
8033455	80164	PRR36	19
8033462	404217	CTXN1	19
8033465	10469	TIMM44	19
8033479	1994	ELAVL1	19
8033487	84467	FBN3	19
8033554	51293	CD320	19
8033564	4701	NDUFA7	19
8033571	256949	KANK3	19
8033587	84106	PRAM1	19
8033598	84330	ZNF414	19
8033605	4542	MYO1F	19
8033635	81794	ADAMTS10	19
8033662	284382	ACTL9	19
8033667	148156	ZNF558	19
8033674	94025	MUC16	19
8033734	390882	OR7G2	19
8033736	125962	OR7G1	19
8033738	390883	OR7G3	19
8033740	125958	OR7D4	19
8033742	390885	OR7E18P	19
8033744	26651	OR7E19P	19
8033746	374879	ZNF699	19
8033754	10781	ZNF266	19
8033767	147741	ZNF560	19
8033780	79088	ZNF426	19
8033789	7675	ZNF121	19
8033795	93134	ZNF561	19
8033801	54811	ZNF562	19
8033809	162993	ZNF846	19
8033813	54850	FBXL12	19
8033818	93145	OLFM2	19
8033825	50509	COL5A3	19
8033892	83854	ANGPTL6	19
8033899	8666	EIF3G	19
8033912	1786	DNMT1	19
8033956	9294	S1PR2	19
8033960	112812	FDX2	19
8033969	125950	RAVER1	19
8033987	3385	ICAM3	19
8033996	7297	TYK2	19
8034034	9817	KEAP1	19
8034043	53637	S1PR5	19
8034055	65095	KRI1	19
8034075	1032	CDKN2D	19
8034084	10053	AP1M2	19
8034097	147727	ILF3-DT	19
8034099	406976	MIR199A1	19
8034101	11018	TMED1	19
8034108	78992	YIPF2	19
8034122	147841	SPC24	19
8034130	25959	KANK2	19
8034151	57572	DOCK6	19
8034199	105372274	HSPC102	19
8034202	9545	RAB3D	19
8034210	374882	TMEM205	19
8034217	2057	EPOR	19
8034227	57139	RGL3	19
8034249	115948	ODAD3	19
8034263	1995	ELAVL3	19
8034276	115950	ZNF653	19
8034286	51295	ECSIT	19
8034299	84337	ELOF1	19
8034304	54	ACP5	19
8034315	55552	ZNF823	19
8034320	163059	ZNF433	19
8034342	100529855	ZNF625-ZNF20	19
8034370	147837	ZNF563	19
8034379	79973	ZNF442	19
8034390	90576	ZNF799	19
8034393	10224	ZNF443	19
8034395	163051	ZNF709	19
8034401	163050	ZNF564	19
8034416	6134	RPL10	X
8034420	4125	MAN2B1	19
8034448	51398	WDR83OS	19
8034454	1725	DHPS	19
8034469	84261	FBXW9	19
8034482	30000	TNPO2	19
8034512	26810	SNORD41	19
8034514	79002	TRIR	19
8034521	29911	HOOK2	19
8034544	7001	PRDX2	19
8034555	83546	RTBDN	19
8034565	1777	DNASE2	19
8034578	10661	KLF1	19
8034583	256126	SYCE2	19
8034589	2193	FARSA	19
8034605	90480	GADD45GIP1	19
8034608	4066	LYL1	19
8034615	55621	TRMT1	19
8034631	8677	STX10	19
8034643	773	CACNA1A	19
8034694	407013	MIR24-2	19
8034696	407018	MIR27A	19
8034698	407010	MIR23A	19
8034700	79173	BRME1	19
8034712	79883	PODNL1	19
8034722	5989	RFX1	19
8034744	342979	PALM3	19
8034747	646457	C19orf67	19
8034754	90378	SAMD1	19
8034762	5566	PRKACA	19
8034772	55723	ASF1B	19
8034783	22859	ADGRL1	19
8034806	10212	DDX39A	19
8034821	5731	PTGER1	19
8034827	10755	GIPC1	19
8034837	3337	DNAJB1	19
8034843	4713	NDUFB7	19
8034851	84658	ADGRE3	19
8034873	30817	ADGRE2	19
8034890	26664	OR7C1	19
8034892	26659	OR7A5	19
8034897	390892	OR7A10	19
8034901	26333	OR7A17	19
8034907	6511	SLC1A6	19
8034920	10994	ILVBL	19
8034940	4854	NOTCH3	19
8034974	79852	EPHX3	19
8034983	23476	BRD4	19
8035007	10270	AKAP8	19
8035023	26993	AKAP8L	19
8035040	58525	WIZ	19
8035050	64926	RASAL3	19
8035069	114770	PGLYRP2	19
8035078	26539	OR10H1	19
8035083	8529	CYP4F2	19
8035095	57834	CYP4F11	19
8035110	117286	CIB3	19
8035120	58513	EPS15L1	19
8035146	125972	CALR3	19
8035156	10523	CHERP	19
8035177	79939	SLC35E1	19
8035187	9441	MED26	19
8035193	79086	SMIM7	19
8035201	27151	CPAMD8	19
8035236	93323	HAUS8	19
8035249	2063	NR2F6	19
8035254	83878	USHBP1	19
8035271	79575	ABHD8	19
8035278	57719	ANO8	19
8035297	83483	PLVAP	19
8035304	684	BST2	19
8035311	100130519	TMEM221	19
8035315	115861	NXNL1	19
8035318	23025	UNC13A	19
8035345	3640	INSL3	19
8035351	3718	JAK3	19
8035380	3594	IL12RB1	19
8035398	5864	RAB3A	19
8035435	80726	IQCN	19
8035445	3727	JUND	19
8035449	25804	LSM4	19
8035456	126364	LRRC25	19
8035465	51477	ISYNA1	19
8035477	8178	ELL	19
8035494	23770	FKBP8	19
8035506	9244	CRLF1	19
8035517	1311	COMP	19
8035553	11316	COPE	19
8035566	9454	HOMER3	19
8035581	10147	SUGP2	19
8035600	54929	TMEM161A	19
8035628	126382	NR2C2AP	19
8035639	404037	HAPLN4	19
8035646	404037	HAPLN4	19
8035648	53345	TM6SF2	19
8035666	57794	SUGP1	19
8035684	83983	TSSK6	19
8035694	80714	PBX4	19
8035703	9170	LPAR2	19
8035714	51291	GMIP	19
8035737	57130	ATP13A1	19
8035765	7561	ZNF14	19
8035773	440515	ZNF506	19
8035782	91120	ZNF682	19
8035789	664701	ZNF826P	19
8035793	100129842	ZNF737	19
8035795	199777	ZNF626	19
8035803	7562	ZNF708	19
8035808	163227	ZNF100	19
8035813	7594	ZNF43	19
8035819	7757	ZNF208	19
8035825	163223	ZNF676	19
8035836	7652	ZNF99	19
8035838	440519	ZNF724	19
8035842	7644	ZNF91	19
8035847	171392	ZNF675	19
8035855	148213	ZNF681	19
8035868	100420587	LOC100420587	19
8035880	7386	UQCRFS1	19
8035886	83636	C19orf12	19
8035896	57616	TSHZ3	19
8035905	84079	ANKRD27	19
8035941	11136	SLC7A9	19
8035958	84902	CEP89	19
8035980	85415	RHPN2	19
8035993	56301	SLC7A10	19
8036004	1050	CEBPA	19
8036010	5184	PEPD	19
8036033	284402	SCGB2B2	19
8036038	148103	ZNF599	19
8036045	126375	ZNF792	19
8036055	163175	LGI4	19
8036069	148109	FAM187B	19
8036072	388533	KRTDAP	19
8036079	93099	DMKN	19
8036103	374897	SBSN	19
8036110	495	ATP4A	19
8036133	100862728	UPK1A-AS1	19
8036136	79713	IGFLR1	19
8036143	199746	U2AF1L4	19
8036151	126393	HSPB6	19
8036155	58510	PRODH2	19
8036176	4868	NPHS1	19
8036207	84807	NFKBID	19
8036224	7305	TYROBP	19
8036232	163183	SYNE4	19
8036242	84964	ALKBH6	19
8036252	25999	CLIP3	19
8036270	199745	THAP8	19
8036276	5438	POLR2I	19
8036284	1346	COX7A1	19
8036291	147929	ZNF565	19
8036302	100506930	LINC00665	19
8036304	57677	ZFP14	19
8036309	284406	ZFP82	19
8036318	84924	ZNF566	19
8036324	339324	ZNF260	19
8036333	57711	ZNF529	19
8036341	92283	ZNF461	19
8036351	342892	ZNF850	19
8036357	388536	ZNF790	19
8036365	374899	ZNF829	19
8036373	199704	ZNF585A	19
8036389	92285	ZNF585B	19
8036395	148266	ZNF569	19
8036406	51276	ZNF571	19
8036420	22835	ZFP30	19
8036430	163115	ZNF781	19
8036436	84775	ZNF607	19
8036444	126231	ZNF573	19
8036451	83889	WDR87	19
8036460	8193	DPF1	19
8036473	94274	PPP1R14A	19
8036479	90522	YIF1B	19
8036483	90522	YIF1B	19
8036494	199720	GGN	19
8036503	115727	RASGRP4	19
8036525	11184	MAP4K1	19
8036563	147968	CAPN12	19
8036591	3960	LGALS4	19
8036602	1891	ECH1	19
8036613	3191	HNRNPL	19
8036622	126432	RINL	19
8036636	22933	SIRT2	19
8036656	54938	SARS2	19
8036676	115290	FBXO17	19
8036686	115290	FBXO17	19
8036689	126433	FBXO27	19
8036699	342898	SYCN	19
8036702	282617	IFNL3	19
8036707	57622	LRFN1	19
8036710	9535	GMFG	19
8036720	54623	PAF1	19
8036737	6217	RPS16	19
8036744	126272	EID2B	19
8036749	163126	EID2	19
8036755	1178	CLC	19
8036763	9149	DYRK1B	19
8036777	2091	FBL	19
8036787	8857	FCGBP	19
8036808	54458	PRR13	12
8036813	163131	ZNF780B	19
8036820	284323	ZNF780A	19
8036830	148014	TTC9B	19
8036835	79935	CCNP	19
8036840	208	AKT2	19
8036867	126526	C19orf47	19
8036883	147746	HIPK4	19
8036890	57716	PRX	19
8036902	29950	SERTAD1	19
8036908	29946	SERTAD3	19
8036913	645	BLVRB	19
8036923	9253	NUMBL	19
8036938	79934	COQ8B	19
8036956	284325	ACTMAP	19
8037005	7040	TGFB1	19
8037018	80776	B9D2	19
8037023	56915	EXOSC5	19
8037032	374907	B3GNT8	19
8037037	55101	DMAC2	19
8037045	1089	CEACAM4	19
8037053	1087	CEACAM7	19
8037061	147719	LYPD4	19
8037071	10567	RABAC1	19
8037079	478	ATP1A3	19
8037103	2901	GRIK5	19
8037123	5452	POU2F2	19
8037144	162989	DEDD2	19
8037152	2931	GSK3A	19
8037166	2077	ERF	19
8037170	5050	PAFAH1B3	19
8037179	84518	CNFN	19
8037186	3991	LIPE	19
8037197	284340	CXCL17	19
8037205	634	CEACAM1	19
8037222	1088	CEACAM8	19
8037231	5671	PSG3	19
8037240	5669	PSG1	19
8037246	5675	PSG6	19
8037259	5680	PSG11	19
8037267	5670	PSG2	19
8037283	5672	PSG4	19
8037290	5678	PSG9	19
8037298	57126	CD177	19
8037301	27076	LYPD3	19
8037309	653583	PHLDB3	19
8037315	653583	PHLDB3	19
8037322	23474	ETHE1	19
8037331	7515	XRCC1	19
8037352	126298	IRGQ	19
8037355	126299	ZNF428	19
8037363	199731	CADM4	19
8037374	5329	PLAUR	19
8037389	56006	SMG9	19
8037408	3783	KCNN4	19
8037422	284348	LYPD5	19
8037430	342908	ZNF404	19
8037433	7596	ZNF45	19
8037444	9310	ZNF235	19
8037453	7771	ZNF112	19
8037459	26974	ZNF285	19
8037467	7772	ZNF229	19
8037474	7733	ZNF180	19
8037482	125931	CEACAM20	19
8037495	162979	ZNF296	19
8037502	284353	NKPD1	19
8037505	79090	TRAPPC6A	19
8037513	90332	EXOC3L2	19
8037525	1158	CKM	19
8037537	2068	ERCC2	19
8037563	10848	PPP1R13L	19
8037579	2067	ERCC1	19
8037594	6253	RTN2	19
8037608	80207	OPA3	19
8037621	24139	EML2	19
8037640	442902	MIR330	19
8037642	6633	SNRPD2	19
8037647	23403	FBXO46	19
8037651	147912	SIX5	19
8037657	1760	DMPK	19
8037679	1762	DMWD	19
8037688	81492	RSPH6A	19
8037695	8189	SYMPK	19
8037723	26145	IRF2BP1	19
8037728	339344	MYPOP	19
8037732	339345	NANOS2	19
8037737	4858	NOVA2	19
8037742	8993	PGLYRP1	19
8037750	444882	IGFL4	19
8037755	388555	IGFL3	19
8037762	83987	CCDC8	19
8037767	55228	PNMA8A	19
8037775	5739	PTGIR	19
8037785	94235	GNG8	19
8037788	147906	DACT3	19
8037794	25865	PRKD2	19
8037816	29888	STRN4	19
8037835	6510	SLC1A5	19
8037847	1175	AP2S1	19
8037853	54958	TMEM160	19
8037856	23211	ZC3H4	19
8037872	27113	BBC3	19
8037878	56917	MEIS3	19
8037888	6543	SLC8A2	19
8037898	11133	KPTN	19
8037913	8775	NAPA	19
8037931	84215	ZNF541	19
8037947	284355	TPRX1	19
8037949	6822	SULT2A1	19
8037959	100131137	BSPH1	19
8037962	56344	CABP5	19
8037970	8605	PLA2G4C	19
8037991	3978	LIG1	19
8038023	22900	CARD8	19
8038029	22900	CARD8	19
8038048	93233	ODAD1	19
8038069	55260	TMEM143	19
8038078	10945	KDELR1	19
8038086	6141	RPL18	19
8038093	114783	LMTK3	19
8038109	54854	FAM83E	19
8038117	1628	DBP	19
8038126	770	CA11	19
8038139	126147	NTN5	19
8038150	284358	MAMSTR	19
8038163	54922	RASIP1	19
8038177	284359	IZUMO1	19
8038192	2523	FUT1	19
8038202	587	BCAT2	19
8038213	51171	HSD17B14	19
8038225	57664	PLEKHA4	19
8038246	7288	TULP2	19
8038261	2997	GYS1	19
8038278	3972	LHB	19
8038305	4909	NTF4	19
8038309	3743	KCNA7	19
8038314	55150	C19orf73	19
8038319	3270	HRC	19
8038326	28968	SLC6A16	19
8038347	8463	TEAD2	19
8038362	113091	PTH2	19
8038367	57030	SLC17A7	19
8038382	55011	PIH1D1	19
8038393	406942	MIR150	19
8038395	51070	NOSIP	19
8038407	6237	RRAS	19
8038416	3661	IRF3	19
8038427	60385	TSKS	19
8038443	80199	FUZ	19
8038458	11284	PNKP	19
8038477	84335	AKT1S1	19
8038505	114132	SIGLEC11	19
8038515	51231	VRK3	19
8038532	126123	IZUMO2	19
8038540	3748	KCNC3	19
8038547	256236	NAPSB	19
8038556	9476	NAPSA	19
8038565	112703	GARIN5A	19
8038571	126119	JOSD2	19
8038577	554235	ASPDH	19
8038584	94030	LRRC4B	19
8038587	84258	SYT3	19
8038598	50944	SHANK1	19
8038624	84798	C19orf48P	19
8038633	3816	KLK1	19
8038643	55554	KLK15	19
8038653	606293	KLKP1	19
8038655	9622	KLK4	19
8038670	25818	KLK5	19
8038683	5653	KLK6	19
8038695	5650	KLK7	19
8038725	5655	KLK10	19
8038735	11012	KLK11	19
8038747	43849	KLK12	19
8038760	26085	KLK13	19
8038770	43847	KLK14	19
8038782	90353	CTU1	19
8038785	147645	VSIG10L	19
8038792	2109	ETFB	19
8038804	125875	CLDND2	19
8038809	4818	NKG7	19
8038815	3982	LIM2	19
8038824	89790	SIGLEC10	19
8038839	27181	SIGLEC8	19
8038852	89858	SIGLEC12	19
8038861	946	SIGLEC6	19
8038874	729975	LINC01530	19
8038877	8778	SIGLEC5	19
8038885	100049587	SIGLEC14	19
8038890	3036	HAS1	19
8038899	2357	FPR1	19
8038904	84765	ZNF577	19
8038913	65251	ZNF649	19
8038919	59348	ZNF350	19
8038925	284370	ZNF615	19
8038933	80110	ZNF614	19
8038942	9668	ZNF432	19
8038949	284371	ZNF841	19
8038952	90317	ZNF616	19
8038954	90317	ZNF616	19
8038962	162962	ZNF836	19
8038967	55769	ZNF83	19
8038981	81856	ZNF611	19
8038989	162966	ZNF600	19
8038993	7576	ZNF28	19
8038998	90333	ZNF468	19
8039006	162967	ZNF320	19
8039025	79986	ZNF702P	19
8039034	90338	ZNF160	19
8039044	55786	ZNF415	19
8039054	84671	ZNF347	19
8039062	79788	ZNF665	19
8039068	4729	NDUFV2	18
8039070	342926	ZNF677	19
8039075	317703	VN1R4	19
8039078	112401	BIRC8	19
8039086	284379	LOC284379	19
8039096	91662	NLRP12	19
8039109	284415	VSTM1	19
8039120	126014	OSCAR	19
8039131	29844	TFPT	19
8039139	79165	LENG1	19
8039144	147798	TMC4	19
8039166	79143	MBOAT7	19
8039180	10990	LILRB5	19
8039212	10288	LILRB2	19
8039226	11026	LILRA3	19
8039236	353514	LILRA5	19
8039246	23547	LILRA4	19
8039257	3903	LAIR1	19
8039269	94059	LENG9	19
8039273	148170	CDC42EP5	19
8039280	199713	NLRP7	19
8039294	51206	GP6	19
8039306	112724	RDH13	19
8039316	54776	PPP1R12C	19
8039340	7138	TNNT1	19
8039353	7137	TNNI3	19
8039362	352909	DNAAF3	19
8039378	6861	SYT5	19
8039389	5794	PTPRH	19
8039409	255043	TMEM86B	19
8039413	22870	PPP6R1	19
8039440	23640	HSPBP1	19
8039453	284417	TMEM150B	19
8039462	125965	COX6B2	19
8039474	284418	GARIN5B	19
8039477	284418	GARIN5B	19
8039484	3589	IL11	19
8039491	27338	UBE2S	19
8039498	729956	SHISA7	19
8039504	729956	SHISA7	19
8039511	79763	ISOC2	19
8039520	646643	SBK2	19
8039524	163033	ZNF579	19
8039526	84922	FIZ1	19
8039530	147808	ZNF784	19
8039533	338321	NLRP9	19
8039545	204801	NLRP11	19
8039557	126204	NLRP13	19
8039569	126208	ZNF787	19
8039574	342933	ZSCAN5B	19
8039577	79149	ZSCAN5A	19
8039586	147948	ZNF582	19
8039593	63934	ZNF667	19
8039605	90485	ZNF835	19
8039625	114026	ZIM3	19
8039635	503835	DUXA	19
8039642	57191	VN1R1	19
8039645	400720	ZNF772	19
8039655	162972	ZNF550	19
8039664	55659	ZNF416	19
8039674	7710	ZNF154	19
8039680	79891	ZNF671	19
8039687	79818	ZNF552	19
8039692	730051	ZNF814	19
8039695	147687	ZNF417	19
8039698	147686	ZNF418	19
8039706	10172	ZNF256	19
8039713	147685	C19orf18	19
8039719	80095	ZNF606	19
8039730	65982	ZSCAN18	19
8039740	79673	ZNF329	19
8039766	116412	ZNF837	19
8039771	7691	ZNF132	19
8039779	10998	SLC27A5	19
8039791	84878	ZBTB45	19
8039796	27243	CHMP2A	19
8039805	9040	UBE2M	19
8039809	7593	MZF1	19
8039905	56900	TMEM167B	1
8039909	81669	CCNL2	1
8039923	54998	AURKAIP1	1
8039933	55629	PNRC2	1
8039937	80772	CPTP	1
8039939	55052	MRPL20	1
8039945	55052	MRPL20	1
8039947	10772	SRSF10	1
8039961	52	ACP1	2
8039977	54221	SNTG2	2
8039996	7173	TPO	2
8040018	51112	TRAPPC12	2
8040036	6201	RPS7	2
8040045	78989	COLEC11	2
8040053	55821	ALLC	2
8040070	6664	SOX11	2
8040073	150622	SILC1	2
8040077	400940	LOC400940	2
8040080	91543	RSAD2	2
8040090	9781	RNF144A	2
8040103	3398	ID2	2
8040113	8853	ASAP2	2
8040142	51692	CPSF3	2
8040163	285148	IAH1	2
8040173	9014	TAF1B	2
8040190	29841	GRHL1	2
8040211	8462	KLF11	2
8040223	6241	RRM2	2
8040231	6241	RRM2	2
8040238	3241	HPCAL1	2
8040247	106479524	RN7SL832P	2
8040249	245973	ATP6V1C2	2
8040265	3754	KCNF1	2
8040270	130813	C2orf50	2
8040278	130814	SLC66A3	2
8040292	9687	GREB1	2
8040340	23175	LPIN1	2
8040365	28951	TRIB2	2
8040374	151354	LRATD1	2
8040386	1653	DDX1	2
8040419	4613	MYCN	2
8040430	7447	VSNL1	2
8040440	348654	GEN1	2
8040456	343930	MSGN1	2
8040458	3790	KCNS3	2
8040473	388	RHOB	2
8040479	151449	GDF7	2
8040483	100129278	TDRD15	2
8040490	114818	KLHL29	2
8040503	165324	UBXN2A	2
8040516	388931	MFSD2B	2
8040522	388931	MFSD2B	2
8040530	2281	FKBP1B	2
8040541	653140	FAM228A	2
8040552	8648	NCOA1	2
8040578	79172	CENPO	2
8040587	22979	EFR3B	2
8040618	10890	RAB10	2
8040632	150946	GAREM2	2
8040639	3032	HADHB	2
8040655	85465	SELENOI	2
8040672	92749	DRC1	2
8040690	339778	CIMIP2C	2
8040695	3777	KCNK3	2
8040698	54978	SLC35F6	2
8040712	1058	CENPA	2
8040725	56896	DPYSL5	2
8040742	22924	MAPRE3	2
8040753	54867	TMEM214	2
8040774	60509	AGBL5	2
8040792	11117	EMILIN1	2
8040802	3795	KHK	2
8040815	84696	ABHD1	2
8040827	150921	TCF23	2
8040831	51374	ATRAID	2
8040843	790	CAD	2
8040889	285126	DNAJC5G	2
8040898	57159	TRIM54	2
8040908	9784	SNX17	2
8040927	29959	NRBP1	2
8040949	200634	KRTCAP3	2
8040960	2646	GCKR	2
8040980	84226	SPATA31H1	2
8040985	84450	ZNF512	2
8041000	11321	GPN1	2
8041015	22950	SLC4A1AP	2
8041027	9553	MRPL33	2
8041031	9577	BABAM2	2
8041048	2355	FOSL2	2
8041061	151056	PLB1	2
8041122	5500	PPP1CB	2
8041138	245711	SPDYA	2
8041149	23160	WDR43	2
8041168	26796	SNORD53	2
8041172	165186	TOGARAM2	2
8041179	79745	CLIP4	2
8041197	51646	YPEL5	2
8041204	574042	SNORA10	16
8041206	81606	LBH	2
8041212	253558	LCLAT1	2
8041225	30845	EHD3	2
8041236	6683	SPAST	2
8041257	55676	SLC30A6	2
8041273	84272	YIPF4	2
8041283	57448	BIRC6	2
8041360	55622	TTC27	2
8041383	4052	LTBP1	2
8041422	25780	RASGRP3	2
8041447	51232	CRIM1	2
8041467	5212	VIT	2
8041487	253635	GPATCH11	2
8041495	55471	NDUFAF7	2
8041508	25797	QPCT	2
8041519	151393	RMDN2	2
8041536	285154	CYP1B1-AS1	2
8041542	130589	GALM	2
8041553	79833	GEMIN6	2
8041561	729967	MORN2	2
8041570	130733	TMEM178A	2
8041582	91461	PKDCC	2
8041592	27436	EML4	2
8041617	57504	MTA3	2
8041640	100129726	LINC01126	2
8041644	130271	PLEKHH2	2
8041676	51626	DYNC2LI1	2
8041696	64241	ABCG8	2
8041713	5495	PPM1B	2
8041727	6519	SLC3A1	2
8041745	79823	CAMKMT	2
8041759	6496	SIX3	2
8041763	5581	PRKCE	2
8041781	2034	EPAS1	2
8041804	388946	TMEM247	2
8041808	23433	RHOQ	2
8041813	9419	CRIPT	2
8041820	9655	SOCS5	2
8041826	57217	TTC7A	2
8041853	4072	EPCAM	2
8041867	4436	MSH2	2
8041888	2956	MSH6	2
8041902	3344	FOXN2	2
8041913	129285	PPP1R21	2
8041961	494143	CHAC2	2
8041967	27248	ERLEC1	2
8041982	98	ACYP2	2
8041987	129852	C2orf73	2
8041995	6711	SPTBN1	2
8042038	56969	RPL23AP32	2
8042040	400954	EML6	2
8042052	6233	RPS27A	2
8042059	344405	PRORSD1P	2
8042066	112942	CFAP36	2
8042079	114800	CCDC85A	2
8042086	7444	VRK2	2
8042119	64895	PAPOLG	2
8042144	5966	REL	2
8042161	5194	PEX13	2
8042168	84542	SANBR	2
8042195	130872	AHSA2P	2
8042207	150684	COMMD1	2
8042211	10678	B3GNT2	2
8042223	23301	EHBP1	2
8042251	5013	OTX1	2
8042259	4190	MDH1	2
8042270	7360	UGP2	2
8042283	29094	LGALSL	2
8042291	54812	AFTPH	2
8042310	6509	SLC1A4	2
8042326	23177	CEP68	2
8042335	7417	VDAC2	10
8042337	10097	ACTR2	2
8042346	105369168	LINC02934	2
8042356	4211	MEIS1	2
8042373	54465	ETAA1	2
8042381	56902	PNO1	2
8042391	5341	PLEK	2
8042402	200558	APLF	2
8042413	10887	PROKR1	2
8042416	9938	ARHGAP25	2
8042431	56287	GKN1	2
8042439	84168	ANTXR1	2
8042468	307	ANXA4	2
8042487	64395	GMCL1	2
8042495	11017	SNRNP27	2
8042503	4084	MXD1	2
8042515	5093	PCBP1	2
8042519	51449	PCYOX1	2
8042532	25806	VAX2	2
8042537	525	ATP6V1B1	2
8042558	79998	ANKRD53	2
8042568	79315	OR7E91P	2
8042576	55577	NAGK	2
8042588	10199	MPHOSPH10	2
8042601	27332	ZNF638	2
8042637	8291	DYSF	2
8042696	6697	SPR	2
8042701	2016	EMX1	2
8042705	10322	SMYD5	2
8042720	10574	CCT7	2
8042737	7840	ALMS1	2
8042761	200420	ALMS1P1	2
8042769	388960	C2orf78	2
8042772	10617	STAMBP	2
8042788	72	ACTG2	2
8042801	1716	DGUOK	2
8042811	200424	TET3	2
8042830	10797	MTHFD2	2
8042843	84058	WDR54	2
8042874	64427	TTC31	2
8042896	3196	TLX2	2
8042905	27429	HTRA2	2
8042917	1796	DOK1	2
8042925	10505	SEMA4F	2
8042942	3099	HK2	2
8042953	56655	POLE4	2
8042962	9801	MRPL19	2
8042978	130120	REG3G	2
8042986	5967	REG1A	2
8042993	1496	CTNNA2	2
8043040	388965	FUNDC2P2	2
8043043	1768	DNAH6	2
8043055	1768	DNAH6	2
8043059	1768	DNAH6	2
8043071	1768	DNAH6	2
8043100	9168	TMSB10	2
8043105	56888	KCMF1	2
8043114	83439	TCF7L1	2
8043131	84173	ELMOD3	2
8043157	284948	SH2D6	2
8043187	4144	MAT2A	2
8043197	8673	VAMP8	2
8043203	10791	VAMP5	2
8043209	51255	RNF181	2
8043218	10713	USP39	2
8043236	10578	GNLY	2
8043244	84913	ATOH8	2
8043251	55037	PTCD3	2
8043276	692225	SNORD94	2
8043278	51318	MRPL35	2
8043283	55818	KDM3A	2
8043310	64795	RMND5A	2
8043349	64682	ANAPC1	2
8043381	150572	SMYD1	2
8043393	55258	THNSL2	2
8043407	200523	SPMIP9	2
8043413	22934	RPIA	2
8043429	105374857	LOC105374857	2
8043431	3514	IGKC	2
8043443	28923	IGKV2-24	2
8043459	3514	IGKC	2
8043468	3514	IGKC	2
8043478	28904	IGKV1D-8	2
8043480	3514	IGKC	2
8043484	3514	IGKC	2
8043491	150483	TEKT4	2
8043504	4118	MAL	2
8043512	7549	ZNF2	2
8043522	150696	PROM2	2
8043552	30818	KCNIP3	2
8043564	51011	FAHD2A	2
8043581	642623	UBTFL1	11
8043583	285033	STARD7-AS1	2
8043585	9391	CIAO1	2
8043597	150771	ITPRIPL1	2
8043602	23397	NCAPH	2
8043621	10865	ARID5A	2
8043630	10865	ARID5A	2
8043632	90342	FER1L5	2
8043639	90342	FER1L5	2
8043657	26504	CNNM4	2
8043666	26505	CNNM3	2
8043687	375248	ANKRD36	2
8043718	1329	COX5B	2
8043725	7535	ZAP70	2
8043747	200403	VWA3B	2
8043782	1261	CNGA3	2
8043791	3631	INPP4A	2
8043820	25972	UNC50	2
8043835	150590	C2orf15	2
8043840	51601	LIPT1	2
8043848	51263	MRPL30	2
8043861	9669	EIF5B	2
8043890	129521	NMS	2
8043902	79031	PDCL3	2
8043909	4862	NPAS2	2
8043932	6160	RPL31	2
8043937	55571	CNOT11	2
8043945	9448	MAP4K4	2
8043981	7850	IL1R2	2
8043995	3554	IL1R1	2
8044008	8808	IL1RL2	2
8044021	9173	IL1RL1	2
8044035	8809	IL18R1	2
8044049	8807	IL18RAP	2
8044067	389015	SLC9A4	2
8044080	6549	SLC9A2	2
8044094	130827	TMEM182	2
8044109	5455	POU3F3	2
8044111	64965	MRPS9	2
8044124	11250	GPR45	2
8044127	79074	C2orf49	2
8044133	8440	NCK2	2
8044143	84417	ECRG4	2
8044154	926	CD8B	2
8044191	60482	SLC5A7	2
8044204	442038	SULT1C3	2
8044212	6819	SULT1C2	2
8044225	27233	SULT1C4	2
8044236	9648	GCC2	2
8044258	3987	LIMS1	2
8044263	5903	RANBP2	2
8044278	165055	CCDC138	2
8044295	344558	SH3RF3	2
8044301	65124	SOWAHC	2
8044353	55289	ACOXL	2
8044375	10018	BCL2L11	2
8044391	10461	MERTK	2
8044417	84910	TMEM87B	2
8044440	129804	FBLN7	2
8044450	376940	ZC3H6	2
8044462	150465	TTL	2
8044473	84172	POLR1B	2
8044491	84269	CHCHD5	2
8044499	6574	SLC20A1	2
8044512	284958	NT5DC4	2
8044532	27178	IL37	2
8044541	56300	IL36G	2
8044548	27179	IL36A	2
8044552	26525	IL36RN	2
8044563	84639	IL1F10	2
8044574	3557	IL1RN	2
8044584	23550	PSD4	2
8044605	654433	PAX8-AS1	2
8044686	10096	ACTR3	2
8044700	57628	DPP10	2
8044745	8886	DDX18	2
8044766	51141	INSIG2	2
8044773	8685	MARCO	2
8044793	55240	STEAP3	2
8044804	1622	DBI	2
8044813	140738	TMEM37	2
8044818	200373	CFAP221	2
8044844	80775	TMEM177	2
8044849	5775	PTPN4	2
8044882	57669	EPB41L5	2
8044919	5899	RALB	2
8044927	3625	INHBB	2
8044933	2736	GLI2	2
8044961	100151683	RNU4ATAC	2
8044965	7247	TSN	2
8044976	129684	CNTNAP5	2
8045009	2995	GYPC	2
8045018	5624	PROC	2
8045030	4648	MYO7B	2
8045075	2840	GPR17	2
8045083	84826	SFT2D3	2
8045090	56886	UGGT1	2
8045146	80097	MZT2B	2
8045171	92856	IMP4	2
8045182	26469	PTPN18	2
8045216	344561	GPR148	2
8045224	205147	AMER3	2
8045229	50649	ARHGEF4	2
8045247	55041	PLEKHB2	2
8045289	23433	RHOQ	2
8045330	441666	LOC441666	10
8045332	339742	FAM201B	2
8045336	2863	GPR39	2
8045349	4249	MGAT5	2
8045368	130013	ACMSD	2
8045381	905	CCNT2	2
8045398	22930	RAB3GAP1	2
8045425	23518	R3HDM1	2
8045453	406915	MIR128-1	2
8045455	23190	UBXN4	2
8045470	80731	THSD7B	2
8045499	3176	HNMT	2
8045514	339745	SPOPL	2
8045539	8942	KYNU	2
8045563	55843	ARHGAP15	2
8045581	728773	PABPC1P2	2
8045587	92	ACVR2A	2
8045604	55777	MBD5	2
8045619	26122	EPC2	2
8045637	3800	KIF5C	2
8045664	130576	LYPD6B	2
8045674	130574	LYPD6	2
8045688	7130	TNFAIP6	2
8045697	55183	RIF1	2
8045736	114793	FMNL2	2
8045768	151188	ARL6IP6	2
8045776	114805	GALNT13	2
8045795	3760	KCNJ3	2
8045816	2820	GPD2	2
8045835	11227	GALNT5	2
8045848	151531	UPP2	2
8045857	554201	CCDC148-AS1	2
8045860	8502	PKP4	2
8045882	92196	DAPL1	2
8045889	85461	TANC1	2
8045919	64844	MARCHF7	2
8045933	10010	TANK	2
8045946	10213	PSMD14	2
8045962	10716	TBR1	2
8045974	57282	SLC4A10	2
8046003	25801	GCA	2
8046020	6326	SCN2A	2
8046048	80034	CSRNP3	2
8046062	129446	XIRP2	2
8046078	8708	B3GALT1	2
8046086	253782	CERS6	2
8046099	115677	NOSTRIN	2
8046116	57818	G6PC2	2
8046124	10170	DHRS9	2
8046147	129880	BBS5	2
8046160	10324	KLHL41	2
8046169	9360	PPIG	2
8046201	6741	SSB	2
8046213	130507	UBR3	2
8046238	140469	MYO3B	2
8046276	389058	SP5	2
8046283	2571	GAD1	2
8046306	26003	GORASP2	2
8046318	80067	DCAF17	2
8046333	79901	CYBRD1	2
8046340	1781	DYNC1I2	2
8046346	8520	HAT1	2
8046360	254042	METAP1D	2
8046373	1745	DLX1	2
8046380	3655	ITGA6	2
8046408	5163	PDK1	2
8046428	11069	RAPGEF4	2
8046461	51776	MAP3K20	2
8046488	83879	CDCA7	2
8046502	79634	SCRN3	2
8046524	3239	HOXD13	2
8046527	3238	HOXD12	2
8046530	3237	HOXD11	2
8046536	3236	HOXD10	2
8046542	3235	HOXD9	2
8046546	3234	HOXD8	2
8046553	406903	MIR10B	2
8046555	3233	HOXD4	2
8046560	3232	HOXD3	2
8046573	10651	MTX2	2
8046604	8540	AGPS	2
8046628	129831	RBM45	2
8046646	114880	OSBPL6	2
8046680	65977	PLEKHA3	2
8046695	3676	ITGA4	2
8046726	6744	ITPRID2	2
8046746	151242	PPP1R1C	2
8046759	54431	DNAJC10	2
8046792	142679	DUSP19	2
8046804	129401	NUP35	2
8046815	91752	ZNF804A	2
8046824	401024	FSIP2	2
8046833	401024	FSIP2	2
8046836	401024	FSIP2	2
8046848	55854	ZC3H15	2
8046861	3685	ITGAV	2
8046895	165215	FAM171B	2
8046906	51454	GULP1	2
8046922	1281	COL3A1	2
8046975	84128	WDR75	2
8046997	54529	ASNSD1	2
8047006	150709	ANKAR	2
8047038	5378	PMS1	2
8047062	84281	C2orf88	2
8047069	3628	INPP1	2
8047078	54842	MFSD6	2
8047086	4664	NAB1	2
8047097	2744	GLS	2
8047127	4430	MYO1B	2
8047161	64859	NABP1	2
8047174	57181	SLC39A10	2
8047187	284992	CCDC150	2
8047217	80219	COQ10B	2
8047243	92935	MARS2	2
8047248	5334	PLCL1	2
8047257	150538	SATB2-AS1	2
8047262	205327	C2orf69	2
8047272	26010	SPATS2L	2
8047288	151246	SGO2	2
8047300	316	AOX1	2
8047339	9689	BZW1	2
8047356	60491	NIF3L1	2
8047372	4709	NDUFB3	2
8047381	8837	CFLAR	2
8047401	8837	CFLAR	2
8047403	843	CASP10	2
8047419	841	CASP8	2
8047443	55437	STRADB	2
8047467	65061	CDK15	2
8047487	8324	FZD7	2
8047492	100652824	KIAA2012	2
8047505	100652824	KIAA2012	2
8047518	51602	NOP58	2
8047538	659	BMPR2	2
8047565	150864	FAM117B	2
8047577	79800	CARF	2
8047596	65065	NBEAL1	2
8047606	65065	NBEAL1	2
8047641	57404	CYP20A1	2
8047659	10152	ABI2	2
8047677	940	CD28	2
8047692	1493	CTLA4	2
8047702	29851	ICOS	2
8047709	117583	PARD3B	2
8047738	8828	NRP2	2
8047763	8828	NRP2	2
8047771	1933	EEF1B2	2
8047778	26798	SNORD51	2
8047780	619569	SNORA41	2
8047784	57683	ZDBF2	2
8047788	8745	ADAM23	2
8047815	22868	FASTKD2	2
8047829	130749	CPO	2
8047839	1385	CREB1	2
8047865	200576	PIKFYVE	2
8047910	5746	PTH2R	2
8047926	4133	MAP2	2
8047952	285175	UNC80	2
8047965	285175	UNC80	2
8048014	6120	RPE	2
8048026	1373	CPS1	2
8048071	29034	CPS1-IT1	2
8048081	79582	SPAG16	2
8048112	402117	VWC2L	2
8048120	471	ATIC	2
8048141	92691	TMEM169	2
8048146	7520	XRCC5	2
8048171	150967	LINC01963	2
8048175	50485	SMARCAL1	2
8048195	6168	RPL37A	2
8048205	3485	IGFBP2	2
8048211	285180	RUFY4	2
8048227	3579	CXCR2	2
8048234	10109	ARPC2	2
8048249	151306	GPBAR1	2
8048257	25953	PNKD	2
8048272	375307	CATIP	2
8048283	6556	SLC11A1	2
8048304	58190	CTDSP1	2
8048317	407017	MIR26B	2
8048319	7429	VIL1	2
8048340	9125	CNOT9	2
8048350	84812	PLCD4	2
8048370	617	BCS1L	2
8048381	27148	STK36	2
8048411	9654	TTLL4	2
8048432	1593	CYP27A1	2
8048445	7475	WNT6	2
8048452	80326	WNT10A	2
8048460	8941	CDK5R2	2
8048468	79137	RETREG2	2
8048478	130617	ZFAND2B	2
8048489	55139	ANKZF1	2
8048505	8576	STK16	2
8048523	3300	DNAJB2	2
8048541	1674	DES	2
8048551	10290	SPEG	2
8048595	29926	GMPPA	2
8048611	55515	ASIC4	2
8048628	130612	TMEM198	2
8048639	3623	INHA	2
8048647	114790	STK11IP	2
8048673	6508	SLC4A3	2
8048703	84298	LLPH	12
8048707	151278	CCDC140	2
8048712	440934	CT75	2
8048717	130367	SGPP2	2
8048725	116255	MOGAT1	2
8048733	2181	ACSL3	2
8048749	23704	KCNE4	2
8048752	65080	MRPL44	2
8048763	57624	NYAP2	2
8048772	84236	RHBDD1	2
8048782	1285	COL4A3	2
8048835	56947	MFF	2
8048847	3267	AGFG1	2
8048864	6364	CCL20	2
8048870	164781	DAW1	2
8048889	130888	FBXO36	2
8048898	11262	SP140	2
8048940	6672	SP100	2
8048980	51719	CAB39	2
8048995	81618	ITM2C	2
8049007	130560	SPATA3	2
8049016	5707	PSMD1	2
8049044	80210	ARMC9	2
8049075	93010	B3GNT7	2
8049079	165100	TEX44	2
8049083	5757	PTMA	2
8049088	64708	COPS7B	2
8049097	129563	DIS3L2	2
8049123	250	ALPP	2
8049128	251	ALPG	2
8049137	248	ALPI	2
8049152	1144	CHRND	2
8049166	1146	CHRNG	2
8049180	9470	EIF4E2	2
8049187	80303	EFHD1	2
8049199	26058	GIGYF2	2
8049239	389084	SNORC	2
8049243	4759	NEU2	2
8049246	3635	INPP5D	2
8049271	55054	ATG16L1	2
8049297	677775	SCARNA5	2
8049299	677772	SCARNA6	2
8049301	6295	SAG	2
8049317	8527	DGKD	2
8049375	339766	MROH2A	2
8049394	79054	TRPM8	2
8049425	6694	SPP2	2
8049435	23677	SH3BP4	2
8049448	116987	AGAP1	2
8049471	57007	ACKR3	2
8049478	10920	COPS8	2
8049487	79083	MLPH	2
8049509	51052	PRLH	2
8049512	9208	LRRFIP1	2
8049528	9208	LRRFIP1	2
8049530	9208	LRRFIP1	2
8049532	9208	LRRFIP1	2
8049534	9208	LRRFIP1	2
8049536	9208	LRRFIP1	2
8049538	9208	LRRFIP1	2
8049540	9208	LRRFIP1	2
8049542	9208	LRRFIP1	2
8049544	9208	LRRFIP1	2
8049552	375316	RBM44	2
8049567	10267	RAMP1	2
8049598	339768	ESPNL	2
8049610	377007	KLHL30	2
8049620	151176	ERFE	2
8049635	26146	TRAF3IP1	2
8049657	51665	ASB1	2
8049667	401040	LINC02991	2
8049670	2817	GPC1	2
8049682	406941	MIR149	2
8049684	285193	DUSP28	2
8049689	57140	RNPEPL1	2
8049722	2859	GPR35	2
8049737	189	AGXT	2
8049752	25992	SNED1	2
8049784	5510	PPP1R7	2
8049799	50636	ANO7	2
8049827	4735	SEPTIN2	2
8049847	9855	FARP2	2
8049876	666	BOK	2
8049888	23192	ATG4B	2
8049906	84289	ING5	2
8049919	728294	D2HGDH	2
8049942	129807	NEU4	2
8049952	285093	RTP5	2
8049957	285097	LOC285097	2
8049965	642273	FAM110C	2
8049969	26751	SH3YL1	2
8049990	285016	ALKAL2	2
8049998	129787	TMEM18	2
8050007	7837	PXDN	2
8050031	23040	MYT1L	2
8050060	7260	EIPR1	2
8050071	55256	ADI1	2
8050079	246243	RNASEH1	2
8050089	7116	TMSB4XP2	2
8050095	400941	LINC00487	2
8050102	129607	CMPK2	2
8050115	339789	LINC00299	2
8050128	57498	KIDINS220	2
8050160	129642	MBOAT2	2
8050176	9270	ITGB1BP1	2
8050190	6868	ADAM17	2
8050215	10971	YWHAQ	2
8050232	192668	CYS1	2
8050240	4953	ODC1	2
8050253	100302743	SNORA80B	2
8050255	79954	NOL10	2
8050278	10130	PDIA6	2
8050293	285150	FLJ33534	2
8050302	9475	ROCK2	2
8050336	1876	E2F6	2
8050352	23620	NTSR2	2
8050367	51594	NBAS	2
8050423	10408	MYCNOS	2
8050427	81553	CYRIA	2
8050443	79677	SMC6	2
8050497	130497	OSR1	2
8050503	130502	TTC32	2
8050507	57539	WDR35	2
8050537	4148	MATN3	2
8050548	9741	LAPTM4A	2
8050557	6382	SDC1	2
8050565	23369	PUM2	2
8050591	91942	NDUFAF2	5
8050594	64342	HS1BP3	2
8050608	60526	LDAH	2
8050619	338	APOB	2
8050658	54454	ATAD2B	2
8050689	80304	WDCP	2
8050695	51639	SF3B6	2
8050702	9540	TP53I3	2
8050713	375189	PFN4	2
8050719	50618	ITSN2	2
8050763	391356	PTRHD1	2
8050766	109	ADCY3	2
8050790	51277	DNAJC27	2
8050805	5443	POMC	2
8050813	1788	DNMT3A	2
8050846	1838	DTNB	2
8050875	55252	ASXL2	2
8050894	3797	KIF3C	2
8050908	3030	HADHA	2
8050924	165082	ADGRF3	2
8050942	9381	OTOF	2
8050993	130106	CIB4	2
8051001	10669	CGREF1	2
8051012	10113	PREB	2
8051024	339779	PRR30	2
8051030	8884	SLC5A6	2
8051050	7781	SLC30A3	2
8051061	7349	UCN	2
8051066	4358	MPV17	2
8051075	2976	GTF3C2	2
8051097	8890	EIF2B4	2
8051113	130557	ZNF513	2
8051119	5496	PPM1G	2
8051133	2498	FTH1P3	2
8051135	26160	IFT172	2
8051187	64838	FNDC4	2
8051197	79635	CCDC121	2
8051204	9913	SUPT7L	2
8051226	55006	TRMT61B	2
8051238	388939	PCARE	2
8051241	238	ALK	2
8051275	92291	CAPN13	2
8051298	79623	GALNT14	2
8051322	7498	XDH	2
8051361	6716	SRD5A2	2
8051372	51072	MEMO1	2
8051387	84661	DPY30	2
8051396	58484	NLRC4	2
8051413	25940	FAM98A	2
8051422	151325	MYADML	2
8051427	9637	FEZ2	2
8051443	6801	STRN	2
8051464	54497	HEATR5B	2
8051501	5610	EIF2AK2	2
8051520	391365	SULT6B1	2
8051528	10153	CEBPZ	2
8051547	23683	PRKD3	2
8051573	10602	CDC42EP3	2
8051583	1545	CYP1B1	2
8051589	64225	ATL2	2
8051605	92906	HNRNPLL	2
8051622	6432	SRSF7	2
8051637	90957	DHX57	2
8051668	375196	LOC375196	2
8051670	6654	SOS1	2
8051696	344387	CDKL4	2
8051707	8491	MAP4K3	2
8051746	80745	THUMPD2	2
8051762	6546	SLC8A1	2
8051777	9167	COX7A2L	2
8051785	170850	KCNG3	2
8051793	165140	OXER1	2
8051799	23498	HAAO	2
8051814	678	ZFP36L2	2
8051820	63892	THADA	2
8051864	728819	C1GALT1C1L	2
8051866	64240	ABCG5	2
8051882	10128	LRPPRC	2
8051928	9581	PREPL	2
8051949	10736	SIX2	2
8051956	400952	LINC01121	2
8051963	55133	SRBD1	2
8051989	90423	ATP6V1E2	2
8051993	5281	PIGF	2
8051998	90411	MCFD2	2
8052004	285051	STPG4	2
8052010	805	CALM2	2
8052018	56660	KCNK12	2
8052024	80204	FBXO11	2
8052058	3973	LHCGR	2
8052072	2492	FSHR	2
8052091	9378	NRXN1	2
8052149	23198	PSME4	2
8052200	388951	TSPYL6	2
8052204	57142	RTN4	2
8052233	130162	CLHC1	2
8052250	4528	MTIF2	2
8052269	55704	CCDC88A	2
8052307	57223	PPP4R3B	2
8052331	87178	PNPT1	2
8052355	2202	EFEMP1	2
8052372	406999	MIR217	2
8052374	406998	MIR216A	2
8052376	100129434	LOC100129434	2
8052382	55120	FANCL	2
8052399	53335	BCL11A	2
8052418	150962	PUS10	2
8052438	339803	C2orf74-DT	2
8052443	9736	USP34	2
8052524	100124537	SNORA70B	2
8052526	7514	XPO1	2
8052554	84140	FAM161A	2
8052562	10575	CCT4	2
8052585	200728	TMEM17	2
8052594	100169989	DBIL5P2	2
8052598	51057	WDPCP	2
8052626	51542	VPS54	2
8052654	57162	PELI1	2
8052669	9792	SERTAD2	2
8052680	5861	RAB1A	2
8052689	200734	SPRED2	2
8052698	10438	C1D	2
8052703	116143	DNAAF10	2
8052721	5534	PPP3R1	2
8052735	25927	CNRIP1	2
8052742	554251	FBXO48	2
8052747	27302	BMP10	2
8052753	200504	GKN2	2
8052762	2673	GFPT1	2
8052784	27247	NFU1	2
8052798	22848	AAK1	2
8052803	22848	AAK1	2
8052826	100124535	SNORA36C	2
8052828	151516	ASPRV1	2
8052834	54980	C2orf42	2
8052845	7072	TIA1	2
8052861	6637	SNRPG	2
8052866	84908	FAM136A	2
8052872	7039	TGFA	2
8052882	119	ADD2	2
8052902	344018	FIGLA	2
8052908	165530	CLEC4F	2
8052916	50489	CD207	2
8052925	113419	TEX261	2
8052934	84693	MCEE	2
8052940	400961	PAIP2B	2
8052947	56603	CYP26B1	2
8052956	23233	EXOC6B	2
8052979	94097	SFXN5	2
8052994	26056	RAB11FIP5	2
8053004	84279	PRADC1	2
8053009	150726	FBXO41	2
8053022	1961	EGR4	2
8053025	9027	NAT8	2
8053030	51471	NAT8B	2
8053036	51002	TPRKB	2
8053046	8446	DUSP11	2
8053059	388962	BOLA3	2
8053064	55233	MOB1A	2
8053073	57835	SLC4A5	2
8053107	1639	DCTN1	2
8053139	388963	C2orf81	2
8053142	6242	RTKN	2
8053158	7841	MOGS	2
8053165	116540	MRPL53	2
8053171	84865	CCDC142	2
8053183	85474	LBX2	2
8053187	84759	PCGF1	2
8053200	165545	DQX1	2
8053214	550	AUP1	2
8053231	84695	LOXL3	2
8053248	130951	M1AP	2
8053266	6869	TACR1	2
8053278	84141	EVA1A	2
8053288	6936	GCFC2	2
8053315	80059	LRRTM4	2
8053330	5968	REG1B	2
8053337	5969	REG1CP	2
8053341	5068	REG3A	2
8053349	347730	LRRTM1	2
8053366	8802	SUCLG1	2
8053379	129293	TRABD2A	2
8053388	10618	TGOLN2	2
8053406	54884	RETSAT	2
8053417	822	CAPG	2
8053429	2677	GGCX	2
8053449	129303	TMEM150A	2
8053458	388969	C2orf68	2
8053467	6439	SFTPB	2
8053484	8869	ST3GAL5	2
8053496	25885	POLR1A	2
8053533	10989	IMMT	2
8053551	65055	REEP1	2
8053584	925	CD8A	2
8053594	926	CD8B	2
8053648	51315	KRCC1	2
8053668	9451	EIF2AK3	2
8053720	105374857	LOC105374857	2
8053722	654342	LSP1P4	2
8053733	387893	KMT5A	12
8053735	3514	IGKC	2
8053737	729171	ANKRD20A8P	2
8053751	284232	ANKRD20A9P	13
8053753	442028	LOC442028	2
8053763	64969	MRPS5	2
8053775	84874	ZNF514	2
8053785	642623	UBTFL1	11
8053797	400986	ANKRD36C	2
8053842	150763	GPAT2	2
8053869	151	ADRA2B	2
8053872	431705	ASTL	2
8053882	1844	DUSP2	2
8053890	56910	STARD7	2
8053901	55654	TMEM127	2
8053909	23020	SNRNP200	2
8053944	93082	NEURL3	2
8053949	55683	KANSL3	2
8053975	81562	LMAN2L	2
8053984	200539	ANKRD23	2
8053998	51239	ANKRD39	2
8054004	54910	SEMA4C	2
8054020	51252	FAM178B	2
8054064	57730	ANKRD36B	2
8054075	642623	UBTFL1	11
8054077	10120	ACTR1B	2
8054092	23505	TMEM131	2
8054131	493753	COA5	2
8054135	11320	MGAT4A	2
8054154	343990	CRACDL	2
8054166	80705	TSGA10	2
8054192	129531	MITD1	2
8054200	254773	LYG2	2
8054217	10190	TXNDC9	2
8054227	51455	REV1	2
8054254	3899	AFF3	2
8054281	164832	LONRF2	2
8054297	9486	CHST10	2
8054308	11138	TBC1D8	2
8054329	284996	RNF149	2
8054338	200407	CREG2	2
8054344	731220	RFX8	2
8054356	84804	MFSD9	2
8054364	9392	TGFBRAP1	2
8054377	2274	FHL2	2
8054395	80146	UXS1	2
8054439	84620	ST6GAL2	2
8054449	644903	GCC2-AS1	2
8054451	10913	EDAR	2
8054467	151011	SEPTIN10	2
8054479	7851	MALL	2
8054486	4867	NPHP1	2
8054511	205251	MTLN	2
8054580	699	BUB1	2
8054607	400997	ACOXL-AS1	2
8054664	84524	ZC3H8	2
8054702	150468	CKAP2L	2
8054712	3552	IL1A	2
8054722	3553	IL1B	2
8054731	27177	IL36B	2
8054740	7849	PAX8	2
8054766	49	ACR	22
8054769	80255	SLC35F5	2
8054771	80255	SLC35F5	2
8054804	54520	CCDC93	2
8054831	2019	EN1	2
8054834	165257	C1QL2	2
8054837	130355	C2orf76	2
8054846	6344	SCTR	2
8054862	79134	TMEM185B	2
8054866	84931	LINC01101	2
8054872	29842	TFCP2L1	2
8054888	23332	CLASP1	2
8054930	84365	NIFK	2
8054945	274	BIN1	2
8054967	339761	CYP27C1	2
8054978	2071	ERCC3	2
8054995	2071	ERCC3	2
8054997	10746	MAP3K2	2
8055021	55677	IWS1	2
8055038	55679	LIMS2	2
8055060	55339	WDR33	2
8055089	5433	POLR2D	2
8055096	83607	AMMECR1L	2
8055104	79595	SAP130	2
8055130	9394	HS6ST1	2
8055139	151121	LINC01854	2
8055143	440905	FAR2P1	2
8055183	55627	SMPD4	2
8055194	112714	TUBA3E	2
8055208	84317	CCDC115	2
8055249	130074	FAM168B	2
8055281	401010	NOC2LP2	2
8055287	653784	MZT2A	2
8055291	408029	CDRT15P3	2
8055297	554226	ANKRD30BL	2
8055314	116372	LYPD1	2
8055323	344148	NCKAP5	2
8055350	81615	TMEM163	2
8055361	80122	MAP3K19	2
8055377	84083	ZRANB3	2
8055404	107985946	LOC107985946	2
8055406	3938	LCT	2
8055426	4175	MCM6	2
8055445	1615	DARS1	2
8055465	7852	CXCR4	2
8055476	7531	YWHAE	17
8055478	11249	NXPH2	2
8055496	53353	LRP1B	2
8055606	79712	GTDC1	2
8055624	9839	ZEB2	2
8055645	5000	ORC4	2
8055672	27249	MMADHC	2
8055682	150596	LINC01931	2
8055688	390	RND3	2
8055697	375287	RBM43	2
8055702	9111	NMI	2
8055711	4703	NEB	2
8055862	26225	ARL5A	2
8055872	785	CACNB4	2
8055890	10254	STAM2	2
8055913	55660	PRPF40A	2
8055941	56475	RPRM	2
8055952	4929	NR4A2	2
8055969	57471	ERMN	2
8055980	9595	CYTIP	2
8055992	130399	ACVR1C	2
8056005	90	ACVR1	2
8056022	130940	CCDC148	2
8056047	151525	WDSUB1	2
8056060	29994	BAZ2B	2
8056151	22925	PLA2R1	2
8056184	3694	ITGB6	2
8056201	5937	RBMS1	2
8056206	5937	RBMS1	2
8056222	1803	DPP4	2
8056250	2641	GCG	2
8056257	2191	FAP	2
8056285	64135	IFIH1	2
8056303	90134	KCNH7	2
8056323	55137	FIGN	2
8056327	2888	GRB14	2
8056343	22837	COBLL1	2
8056359	100337591	SNORA70F	2
8056363	151258	SLC38A11	2
8056376	6328	SCN3A	2
8056408	2591	GALNT3	2
8056426	79809	TTC21B	2
8056457	6323	SCN1A	2
8056491	6335	SCN9A	2
8056518	6332	SCN7A	2
8056545	27347	STK39	2
8056572	57405	SPC25	2
8056583	8647	ABCB11	2
8056611	4036	LRP2	2
8056693	79675	FASTKD1	2
8056710	129881	CFAP210	2
8056716	29081	METTL5	2
8056730	440925	LINC01124	2
8056734	9874	TLK1	2
8056753	79828	METTL8	2
8056766	8604	SLC25A12	2
8056784	1746	DLX2	2
8056798	6670	SP3	2
8056812	29789	OLA1	2
8056825	102724194	LOC102724194	2
8056829	9541	CIR1	2
8056837	151556	GPR155	2
8056860	7456	WIPF1	2
8056877	1134	CHRNA1	2
8056890	1123	CHN1	2
8056909	1386	ATF2	2
8056930	518	ATP5MC3	2
8056943	80856	LNPK	2
8056959	344191	EVX2	2
8056963	100129455	LOC100129455	2
8056968	375295	LINC01116	2
8056977	4780	NFE2L2	2
8056983	100130691	LOC100130691	2
8056995	150737	IFT70B	2
8056999	92104	IFT70A	2
8057004	50940	PDE11A	2
8057034	8575	PRKRA	2
8057045	51661	FKBP7	2
8057056	7273	TTN	2
8057377	285025	CCDC141	2
8057394	91404	SESTD1	2
8057418	151126	ZNF385B	2
8057441	57703	CWC22	2
8057463	375298	CERKL	2
8057480	4760	NEUROD1	2
8057486	5136	PDE1A	2
8057506	2487	FRZB	2
8057517	10787	NCKAP1	2
8057554	27101	CACYBP	1
8057563	151112	ZSWIM2	2
8057578	10203	CALCRL	2
8057599	7035	TFPI	2
8057615	116093	DIRC1	2
8057620	1290	COL5A2	2
8057677	30061	SLC40A1	2
8057689	64172	OSGEPL1	2
8057700	94101	ORMDL1	2
8057713	2660	MSTN	2
8057719	26275	HIBCH	2
8057732	100131211	NEMP2	2
8057736	100131211	NEMP2	2
8057744	6772	STAT1	2
8057771	6775	STAT4	2
8057797	8436	CAVIN2	2
8057803	23671	TMEFF2	2
8057821	56171	DNAH7	2
8057887	9262	STK17B	2
8057898	57520	HECW2	2
8057933	9330	GTF3C3	2
8057954	401027	C2orf66	2
8057959	80055	PGAP1	2
8057990	91526	ANKRD44	2
8058024	23451	SF3B1	2
8058052	3329	HSPD1	2
8058063	130132	RFTN2	2
8058075	66037	BOLL	2
8058091	23314	SATB2	2
8058108	129450	TYW5	2
8058118	130535	KCTD18	2
8058147	53938	PPIL3	2
8058161	4999	ORC2	2
8058182	285172	HYCC2	2
8058203	130540	FLACC1	2
8058221	66008	TRAK2	2
8058238	151254	C2CD6	2
8058258	65062	TMEM237	2
8058273	58538	MPP4	2
8058295	57679	ALS2	2
8058335	7341	SUMO1	2
8058350	130026	ICA1L	2
8058373	55759	WDR12	2
8058390	65059	RAPH1	2
8058415	54891	INO80D	2
8058428	4719	NDUFS1	2
8058450	2825	CMKLR2	2
8058462	130752	MDH1B	2
8058477	8609	KLF7	2
8058486	151194	METTL21A	2
8058498	7855	FZD5	2
8058509	389072	PLEKHM3	2
8058512	389072	PLEKHM3	2
8058520	1421	CRYGD	2
8058524	1420	CRYGC	2
8058530	1419	CRYGB	2
8058535	1418	CRYGA	2
8058542	389073	C2orf80	2
8058552	3417	IDH1	2
8058570	151050	KANSL1L	2
8058591	33	ACADL	2
8058604	4632	MYL1	2
8058614	10314	LANCL1	2
8058627	2066	ERBB4	2
8058670	22807	IKZF2	2
8058695	580	BARD1	2
8058708	26154	ABCA12	2
8058765	2335	FN1	2
8058837	55825	PECR	2
8058849	57574	MARCHF4	2
8058857	3488	IGFBP5	2
8058866	7141	TNP1	2
8058869	7145	TNS1	2
8058905	3577	CXCR1	2
8058914	14	AAMP	2
8058927	64114	TMBIM1	2
8058940	57695	USP37	2
8058973	7701	ZNF142	2
8058985	64320	RNF25	2
8058997	53632	PRKAG3	2
8059014	54738	FEV	2
8059019	1412	CRYBA2	2
8059026	494324	MIR375	2
8059028	255101	CFAP65	2
8059067	3549	IHH	2
8059071	79840	NHEJ1	2
8059081	151295	SLC23A3	2
8059097	27013	CNPPD1	2
8059111	10058	ABCB6	2
8059139	79065	ATG9A	2
8059158	79411	GLB1L	2
8059177	7277	TUBA4A	2
8059186	5798	PTPRN	2
8059211	406944	MIR153-1	2
8059213	389075	RESP18	2
8059222	23549	DNPEP	2
8059244	79586	CHPF	2
8059249	23363	OBSL1	2
8059279	2043	EPHA4	2
8059301	5077	PAX3	2
8059319	10056	FARSB	2
8059345	7857	SCG2	2
8059350	130340	AP1S3	2
8059361	57590	WDFY1	2
8059376	5270	SERPINE2	2
8059387	79843	FAM124B	2
8059393	8452	CUL3	2
8059413	55619	DOCK10	2
8059470	3667	IRS1	2
8059475	1286	COL4A4	2
8059477	1286	COL4A4	2
8059525	79853	TM4SF20	2
8059532	56918	C2orf83	2
8059538	80704	SLC19A3	2
8059551	80309	SPHKAP	2
8059565	55022	PID1	2
8059580	92737	DNER	2
8059596	9320	TRIP12	2
8059642	151473	SLC16A14	2
8059650	3431	SP110	2
8059674	9290	GPR55	2
8059680	3357	HTR2B	2
8059689	4691	NCL	2
8059708	654321	SNORA75	2
8059710	6082	SNORD20	2
8059712	25826	SNORD82	2
8059716	151477	LINC00471	2
8059720	10316	NMUR1	2
8059731	5147	PDE6D	2
8059739	4880	NPPC	2
8059744	347694	ECEL1P2	2
8059748	9427	ECEL1	2
8059776	3769	KCNJ13	2
8059783	25791	NGEF	2
8059801	55230	USP40	2
8059832	414061	DNAJB3	2
8059838	55355	HJURP	2
8059852	151507	MSL3P1	2
8059854	10123	ARL4C	2
8059864	2637	GBX2	2
8059868	401036	ASB18	2
8059878	79781	IQCA1	2
8059902	93463	LOC93463	2
8059905	1293	COL6A3	2
8059955	64284	RAB17	2
8059965	394261	KLHL30-AS1	2
8059969	80895	ILKAP	2
8059985	151174	LINC02610	2
8059989	55502	HES6	2
8059996	8864	PER2	2
8060020	401039	LINC01940	2
8060030	9759	HDAC4	2
8060061	85009	MGC16025	2
8060063	4705	NDUFA10	2
8060080	389090	OR6B2	2
8060082	643905	PRR21	2
8060084	150681	OR6B3	2
8060086	150678	COPS9	2
8060094	150677	OTOS	2
8060101	100130449	GPC1-AS1	2
8060103	51281	ANKMY1	2
8060134	547	KIF1A	2
8060187	79919	MAB21L4	2
8060196	130916	MTERF4	2
8060205	23178	PASK	2
8060225	3069	HDLBP	2
8060257	10494	STK25	2
8060274	51078	THAP4	2
8060286	1841	DTYMK	2
8060294	5133	PDCD1	2
8060303	245938	DEFB125	20
8060308	81623	DEFB126	20
8060314	140850	DEFB127	20
8060320	140881	DEFB129	20
8060325	400830	DEFB132	20
8060330	85364	ZCCHC3	20
8060334	6666	SOX12	20
8060339	80023	NRSN2	20
8060344	57761	TRIB3	20
8060353	10616	RBCK1	20
8060370	83541	FAM110A	20
8060379	9491	PSMF1	20
8060395	642636	RAD21L1	20
8060418	140885	SIRPA	20
8060427	140901	STK35	20
8060432	7053	TGM3	20
8060447	343641	TGM6	20
8060461	117532	TMC2	20
8060501	677831	SNORA51	20
8060505	57593	EBF4	20
8060528	128653	C20orf141	20
8060533	100288797	TMEM239	20
8060594	2797	GNRH2	20
8060599	64949	MRPS26	20
8060604	5020	OXT	20
8060611	3704	ITPA	20
8060627	8455	ATRN	20
8060660	116835	HSPA12B	20
8060675	994	CDC25B	20
8060698	55317	AP5S1	20
8060705	57506	MAVS	20
8060722	80025	PANK2	20
8060734	406896	MIR103A2	20
8060745	54498	SMOX	20
8060758	5621	PRNP	20
8060765	23627	PRND	20
8060772	8760	CDS2	20
8060792	643406	LOC643406	20
8060796	149840	SHLD1	20
8060805	1114	CHGB	20
8060813	84515	MCM8	20
8060839	54675	CRLS1	20
8060850	650	BMP2	20
8060854	23236	PLCB1	20
8060895	26767	RNU105B	20
8060897	5332	PLCB4	20
8060940	24141	LAMP5	20
8060949	63926	ANKEF1	20
8060963	6616	SNAP25	20
8060977	128710	SLX4IP	20
8060988	22903	BTBD3	20
8060997	55304	SPTLC3	20
8061013	140862	ISM1	20
8061019	79133	NDUFAF5	20
8061035	140733	MACROD2	20
8061068	140848	MACROD2-IT1	20
8061075	6629	SNRPB2	20
8061082	56914	OTOR	20
8061094	5126	PCSK2	20
8061114	11034	DSTN	20
8061122	140836	BANF2	20
8061129	92667	MGME1	20
8061136	5757	PTMA	2
8061154	7692	ZNF133	20
8061167	440757	LINC00851	20
8061171	10621	POLR3F	20
8061186	10483	SEC23B	20
8061211	92675	DTD1	20
8061224	140856	SCP2D1	20
8061227	57419	SLC24A3	20
8061247	54453	RIN2	20
8061262	51126	NAA20	20
8061272	26074	CFAP61	20
8061303	3642	INSM1	20
8061305	55857	KIZ	20
8061324	22803	XRN2	20
8061357	5075	PAX1	20
8061364	6171	RPL41	12
8061366	6754	SSTR4	20
8061368	29107	NXT1	20
8061373	64412	GZF1	20
8061382	128817	CSTL1	20
8061389	10047	CST8	20
8061396	164380	CST13P	20
8061406	79953	SYNDIG1	20
8061416	8530	CST7	20
8061428	955	ENTPD6	20
8061447	5834	PYGB	20
8061471	9837	GINS1	20
8061483	100134868	LOC100134868	20
8061497	284802	FRG1BP	20
8061504	245929	DEFB115	20
8061509	117285	DEFB118	20
8061519	245936	DEFB123	20
8061529	28954	REM1	20
8061539	140875	LINC00028	20
8061542	81502	HM13	20
8061564	3397	ID1	20
8061572	84701	COX4I2	20
8061579	22974	TPX2	20
8061605	85366	MYLK2	20
8061620	164395	TTLL9	20
8061647	343702	XKR7	20
8061653	140706	CCM2L	20
8061668	3055	HCK	20
8061685	9777	TM9SF4	20
8061706	23509	POFUT1	20
8061715	9371	KIF3B	20
8061725	171023	ASXL1	20
8061742	149950	NOL4L-DT	20
8061746	1789	DNMT3B	20
8061772	22919	MAPRE1	20
8061780	80341	BPIFB2	20
8061799	128859	BPIFB6	20
8061815	359710	BPIFB3	20
8061831	149954	BPIFB4	20
8061847	140683	BPIFA2	20
8061859	317716	BPIFA4P	20
8061869	128861	BPIFA3	20
8061883	51297	BPIFA1	20
8061894	92747	BPIFB1	20
8061919	9139	CBFA2T2	20
8061940	128864	C20orf144	20
8061944	170487	ACTL10	20
8061946	84905	ZNF341	20
8061958	128866	CHMP4B	20
8061966	22913	RALY	20
8061982	434	ASIP	20
8061986	83737	ITCH	20
8062016	83658	DYNLRB1	20
8062023	84557	MAP1LC3A	20
8062034	58476	TP53INP2	20
8062041	55902	ACSS2	20
8062064	57644	MYH7B	20
8062108	10544	PROCR	20
8062119	140851	MT1P3	20
8062123	10893	MMP24	20
8062134	554250	GDF5-AS1	20
8062137	11190	CEP250	20
8062174	51614	ERGIC3	20
8062190	6676	SPAG4	20
8062206	140823	ROMO1	20
8062211	84154	RPF2	6
8062213	51230	PHF20	20
8062237	140894	CNBD2	20
8062251	2036	EPB41L1	20
8062286	25980	AAR2	20
8062293	22839	DLGAP4	20
8062312	10398	MYL9	20
8062339	140711	TLDC2	20
8062371	63905	MANBAL	20
8062377	6714	SRC	20
8062395	4826	NNAT	20
8062404	100287792	LOC100287792	20
8062409	56259	CTNNBL1	20
8062427	128434	VSTM2L	20
8062433	58490	RPRD1B	20
8062444	671	BPI	20
8062461	3929	LBP	20
8062490	677837	SNORA60	20
8062492	57148	RALGAPB	20
8062527	149685	ADIG	20
8062532	343578	ARHGAP40	20
8062539	140679	SLC32A1	20
8062545	79913	ACTR5	20
8062557	26051	PPP1R16B	20
8062571	81610	FAM83D	20
8062576	60625	DHX35	20
8062601	100128988	LOC100128988	20
8062603	7150	TOP1	20
8062623	5335	PLCG1	20
8062658	64900	LPIN3	20
8062695	6431	SRSF6	20
8062705	26013	L3MBTL1	20
8062728	10110	SGK2	20
8062748	51098	IFT52	20
8062766	4605	MYBL2	20
8062782	84969	TOX2	20
8062796	78997	GDAP1L1	20
8062813	140902	R3HDML	20
8062823	3172	HNF4A	20
8062844	79183	TTPAL	20
8062852	11142	PKIG	20
8062864	8839	CCN5	20
8062873	60598	KCNK15	20
8062880	7529	YWHAB	20
8062890	80336	PABPC1L	20
8062908	6789	STK4	20
8062927	5266	PI3	20
8062933	6406	SEMG1	20
8062944	6407	SEMG2	20
8062948	11317	RBPJL	20
8062981	51604	PIGT	20
8063000	10406	WFDC2	20
8063011	140832	WFDC10A	20
8063014	164237	WFDC13	20
8063019	391253	SPINT4	20
8063028	116092	DNTTIP1	20
8063043	11065	UBE2C	20
8063057	90203	SNX21	20
8063071	140831	ZSWIM3	20
8063074	90204	ZSWIM1	20
8063078	5476	CTSA	20
8063097	63935	PCIF1	20
8063115	4318	MMP9	20
8063129	57468	SLC12A5	20
8063156	958	CD40	20
8063177	81031	SLC2A10	20
8063187	2139	EYA2	20
8063209	100131496	LOC100131496	20
8063211	8202	NCOA3	20
8063242	10564	ARFGEF2	20
8063283	1434	CSE1L	20
8063315	55661	DDX27	20
8063337	441951	ZFAS1	20
8063345	26765	SNORD12C	20
8063351	23315	SLC9A8	20
8063369	55905	RNF114	20
8063382	6615	SNAI1	20
8063386	1051	CEBPB	20
8063389	284751	LINC01270	20
8063394	5770	PTPN1	20
8063410	84612	PARD6B	20
8063417	55653	BCAS4	20
8063427	27304	MOCS3	20
8063437	128553	TSHZ2	20
8063444	128553	TSHZ2	20
8063449	101927770	ZNF217-AS1	20
8063453	5203	PFDN4	20
8063458	55816	DOK5	20
8063476	4159	MC3R	20
8063478	116151	FAM210B	20
8063484	1477	CSTF1	20
8063497	57091	CASS4	20
8063509	51507	RTF2	20
8063526	200232	FAM209A	20
8063531	388799	FAM209B	20
8063536	7022	TFAP2C	20
8063551	23626	SPO11	20
8063566	8480	RAE1	20
8063583	55544	RBM38	20
8063590	5105	PCK1	20
8063601	128602	CIMIP1	20
8063607	57403	RAB22A	20
8063620	9217	VAPB	20
8063634	79160	LINC01711	20
8063668	2778	GNAS	20
8063697	51497	NELFCD	20
8063716	81027	TUBB1	20
8063723	128611	ZNF831	20
8063729	1908	EDN3	20
8063739	116154	PHACTR3	20
8063755	63939	FAM217B	20
8063761	60437	CDH26	20
8063785	284756	LINC02910	20
8063793	284757	MIR646HG	20
8063796	1002	CDH4	20
8063814	149986	LSM14B	20
8063835	149986	LSM14B	20
8063839	26039	SS18L1	20
8063857	26164	MTG2	20
8063869	105369209	LOC105369209	20
8063873	9885	OSBPL2	20
8063893	11047	ADRM1	20
8063903	6227	RPS21	20
8063914	128826	MIR1-1HG	20
8063921	406904	MIR1-1	20
8063923	28231	SLCO4A1	20
8063942	4923	NTSR1	20
8063949	55257	MRGBP	20
8063955	11054	OGFR	20
8063970	1299	COL9A3	20
8064003	100132911	DPH3P1	20
8064007	54994	GID8	20
8064014	63910	SLC17A9	20
8064029	406909	MIR124-3	20
8064031	79444	BIRC7	20
8064042	55738	ARFGAP1	20
8064059	57642	COL20A1	20
8064100	79144	PPDPF	20
8064108	79025	FNDC11	20
8064168	54923	LIME1	20
8064175	56731	SLC2A4RG	20
8064191	7165	TPD52L2	20
8064203	140701	ABHD16B	20
8064208	80331	DNAJC5	20
8064218	24148	PRPF6	20
8064242	284739	C20orf204	20
8064245	6919	TCEA2	20
8064261	4987	OPRL1	20
8064277	4661	MYT1	20
8064302	55251	PCMTD2	20
8064319	245939	DEFB128	20
8064322	140680	C20orf96	20
8064336	128637	TBC1D20	20
8064370	6939	TCF15	20
8064375	140809	SRXN1	20
8064384	85508	SCRT2	20
8064388	113278	SLC52A3	20
8064396	51378	ANGPT4	20
8064407	343637	RSPO4	20
8064415	55321	TMEM74B	20
8064438	55968	NSFL1C	20
8064451	284759	SIRPB2	20
8064464	128646	SIRPD	20
8064471	10326	SIRPB1	20
8064485	55423	SIRPG	20
8064495	5173	PDYN	20
8064502	6628	SNRPB	20
8064514	79175	ZNF343	20
8064522	3420	IDH3B	20
8064539	56265	CPXM1	20
8064557	64773	PCED1A	20
8064575	551	AVP	20
8064591	9762	LZTS3	20
8064601	65992	DDRGK1	20
8064613	83959	SLC4A11	20
8064637	25943	DNAAF9	20
8064676	64096	GFRA4	20
8064686	80332	ADAM33	20
8064716	6614	SIGLEC1	20
8064739	54976	ADISSP	20
8064751	25876	SPEF1	20
8064762	1059	CENPB	20
8064766	11237	RNF24	20
8064779	146	ADRA1D	20
8064787	149830	PRNT	20
8064790	9770	RASSF2	20
8064808	9962	SLC23A2	20
8064833	29058	TMEM230	20
8064844	5111	PCNA	20
8064859	128674	PROKR2	20
8064868	56261	GPCPD1	20
8064879	51605	TRMT6	20
8064894	164312	LRRN4	20
8064904	55612	FERMT1	20
8064928	54363	HAO1	20
8064939	56255	TMX4	20
8064952	57144	PAK5	20
8064967	8195	MKKS	20
8064976	23234	DNAJC9	10
8064978	182	JAG1	20
8065013	728450	LINC00687	20
8065018	55617	TASP1	20
8065032	51575	ESF1	20
8065045	80343	SEL1L2	20
8065071	23767	FLRT3	20
8065084	613266	LOC613266	20
8065089	55614	KIF16B	20
8065124	631	BFSP1	20
8065136	6238	RRBP1	20
8065165	27131	SNX5	20
8065185	58495	OVOL2	20
8065202	55184	DZANK1	20
8065230	10741	RBBP9	20
8065248	100130264	SLC24A3-AS1	20
8065256	51340	CRNKL1	20
8065280	57186	RALGAPA2	20
8065327	644524	NKX2-4	20
8065334	4821	NKX2-2	20
8065339	284788	LOC284788	20
8065344	3170	FOXA2	20
8065353	7056	THBD	20
8065359	22918	CD93	20
8065363	200261	LINC00656	20
8065372	63908	NAPB	20
8065388	140880	CST11	20
8065396	128821	CST9L	20
8065400	128822	CST9	20
8065403	1471	CST3	20
8065410	1472	CST4	20
8065412	1469	CST1	20
8065416	1470	CST2	20
8065421	1473	CST5	20
8065427	92086	GGTLC1	20
8065433	57136	APMAP	20
8065444	84532	ACSS1	20
8065460	30813	VSX1	20
8065469	26090	ABHD12	20
8065485	22981	NINL	20
8065510	140838	NANP	20
8065517	26152	ZNF337	20
8065537	100134868	LOC100134868	20
8065547	400841	LINC01597	20
8065552	245930	DEFB116	20
8065555	245932	DEFB119	20
8065563	245934	DEFB121	20
8065566	245937	DEFB124	20
8065569	598	BCL2L1	20
8065576	2307	FOXS1	20
8065580	128853	DUSP15	20
8065596	81572	PDRG1	20
8065603	128854	TSPY26P	20
8065607	5326	PLAGL2	20
8065612	140688	NOL4L	20
8065630	284805	C20orf203	20
8065637	149951	COMMD7	20
8065652	140732	SUN5	20
8065668	51654	CDK5RAP1	20
8065683	6640	SNTA1	20
8065693	63941	NECAB3	20
8065710	1869	E2F1	20
8065719	11264	PXMP4	20
8065730	8894	EIF2S2	20
8065738	191	AHCY	20
8065762	128869	PIGU	20
8065776	23054	NCOA6	20
8065795	128872	HMGB3P1	20
8065798	2686	GGT7	20
8065817	2937	GSS	20
8065832	26133	TRPC4AP	20
8065855	55741	EDEM2	20
8065868	3692	EIF6	20
8065880	128876	FAM83C	20
8065889	55245	UQCC1	20
8065905	8200	GDF5	20
8065911	140873	C20orf173	20
8065920	80307	FER1L4	20
8065948	80307	FER1L4	20
8065992	9054	NFS1	20
8066009	9584	RBM39	20
8066031	51282	SCAND1	20
8066038	84174	SLA2	20
8066051	57446	NDRG3	20
8066074	79980	DSN1	20
8066091	140710	MTCL2	20
8066117	25939	SAMHD1	20
8066136	5933	RBL1	20
8066161	140699	MROH8	20
8066189	2691	GHRH	20
8066195	10904	BLCAP	20
8066200	9675	TTI1	20
8066214	7052	TGM2	20
8066231	85449	KIAA1755	20
8066247	388796	SNHG17	20
8066258	26777	SNORA71A	20
8066260	677839	SNORA71C	20
8066262	677840	SNORA71D	20
8066266	9935	MAFB	20
8066279	23051	ZHX3	20
8066294	90187	EMILIN3	20
8066303	84181	CHD6	20
8066347	11122	PTPRT	20
8066384	149699	GTSF1L	20
8066393	57158	JPH2	20
8066402	51526	OSER1	20
8066407	128486	FITM2	20
8066411	140834	LINC01620	20
8066417	10955	SERINC3	20
8066431	100	ADA	20
8066444	79015	LINC01260	20
8066451	140730	RIMS4	20
8066461	10953	TOMM34	20
8066475	3787	KCNS1	20
8066482	149708	WFDC5	20
8066489	128488	WFDC12	20
8066493	6590	SLPI	20
8066498	8785	MATN4	20
8066513	6385	SDC4	20
8066521	27296	TP53TG5	20
8066530	10816	SPINT3	20
8066549	90199	WFDC8	20
8066559	259240	WFDC9	20
8066569	259239	WFDC11	20
8066574	280664	WFDC10B	20
8066579	140686	WFDC3	20
8066590	7125	TNNC2	20
8066598	10005	ACOT8	20
8066609	128497	SPATA25	20
8066612	140825	NEURL2	20
8066619	5360	PLTP	20
8066641	63925	ZNF335	20
8066668	57727	NCOA5	20
8066683	64405	CDH22	20
8066697	51006	SLC35C2	20
8066716	63916	ELMO2	20
8066739	100130934	ZNF663P	20
8066745	55713	ZNF334	20
8066754	128506	OCSTAMP	20
8066757	64849	SLC13A3	20
8066776	112858	TP53RK	20
8066786	23613	ZMYND8	20
8066822	55959	SULF2	20
8066848	57580	PREX1	20
8066889	6780	STAU1	20
8066905	57169	ZNFX1	20
8066921	3745	KCNB1	20
8066925	5740	PTGIS	20
8066939	9334	B4GALT5	20
8066953	9825	SPATA2	20
8066985	140876	RIPOR3	20
8067011	23394	ADNP	20
8067017	8813	DPM1	20
8067029	3755	KCNG1	20
8067033	3755	KCNG1	20
8067040	4773	NFATC2	20
8067055	10079	ATP9A	20
8067087	57167	SALL4	20
8067094	55734	ZFP64	20
8067113	7764	ZNF217	20
8067121	391257	SUMO1P1	20
8067125	8537	BCAS1	20
8067140	1591	CYP24A1	20
8067157	140689	CBLN4	20
8067167	6790	AURKA	20
8067178	140687	GCNT7	20
8067185	655	BMP7	20
8067203	100291105	RBM38-AS1	20
8067206	140690	CTCFL	20
8067208	140690	CTCFL	20
8067221	81030	ZBP1	20
8067233	56937	PMEPA1	20
8067242	140731	ANKRD60	20
8067248	55370	PPP4R1L	20
8067270	164284	APCDD1L	20
8067277	407022	MIR296	20
8067279	1522	CTSZ	20
8067305	10388	SYCP2	20
8067351	5509	PPP1R3D	20
8067358	100128310	LOC100128310	20
8067361	6874	TAF4	20
8067380	149986	LSM14B	20
8067382	5688	PSMA7	20
8067394	11255	HRH3	20
8067409	3911	LAMA5	20
8067495	81928	CABLES2	20
8067506	140893	RBBP8NL	20
8067521	140628	GATA5	20
8067530	253868	CRMA	20
8067546	100127888	SLCO4A1-AS1	20
8067554	10732	TCFL5	20
8067563	11083	DIDO1	20
8067585	128408	BHLHE23	20
8067588	100144596	LINC00029	20
8067593	54915	YTHDF1	20
8067602	128414	NKAIN4	20
8067610	1137	CHRNA4	20
8067626	3785	KCNQ2	20
8067652	1917	EEF1A2	20
8067662	5753	PTK6	20
8067671	6725	SRMS	20
8067680	85441	HELZ2	20
8067709	26205	GMEB2	20
8067722	50861	STMN3	20
8067727	10139	ARFRP1	20
8067743	140685	ZBTB46	20
8067754	100128998	C20orf181	20
8067756	54963	UCKL1	20
8067773	57473	ZNF512B	20
8067792	140700	SAMD10	20
8067798	54345	SOX18	20
8067802	10287	RGS19	20
8067812	198437	LKAAEAR1	20
8067818	2832	NPBWR2	20
8067820	440073	IQSEC3	12
8067822	390530	IGHV1OR21-1	21
8067836	246705	LINC00314	21
8067862	4763	NF1	17
8067869	54033	RBM11	21
8067877	150000	ABCC13	21
8067903	29761	USP25	21
8067932	388815	MIR99AHG	21
8067942	407055	MIR99A	21
8067944	406885	MIRLET7C	21
8067946	406912	MIR125B2	21
8067955	1525	CXADR	21
8067969	140578	CHODL	21
8067985	4685	NCAM2	21
8068006	54143	LINC00308	21
8068024	58494	JAM2	21
8068039	2551	GABPA	21
8068052	246705	LINC00314	21
8068057	118421	LINC00161	21
8068062	10600	USP16	21
8068083	56911	MAP3K7CL	21
8068100	193629	LINC00189	21
8068105	571	BACH1	21
8068120	100379661	GRIK1-AS2	21
8068126	642976	GRIK1-AS1	21
8068130	140258	KRTAP13-1	21
8068136	284827	KRTAP13-4	21
8068139	254950	KRTAP15-1	21
8068145	337968	KRTAP6-3	21
8068151	337979	KRTAP22-1	21
8068154	337975	KRTAP20-1	21
8068157	100151643	KRTAP20-4	21
8068161	337976	KRTAP20-2	21
8068164	337985	KRTAP20-3	21
8068168	6647	SOD1	21
8068180	30811	HUNK	21
8068192	56246	MRAP	21
8068200	84996	URB1-AS1	21
8068202	59271	EVA1C	21
8068220	54067	C21orf62-AS1	21
8068231	10215	OLIG2	21
8068235	116448	OLIG1	21
8068238	3455	IFNAR2	21
8068254	3588	IL10RB	21
8068266	3454	IFNAR1	21
8068280	3460	IFNGR2	21
8068289	6651	SON	21
8068305	6453	ITSN1	21
8068350	100506334	LINC00649	21
8068361	6526	SLC5A3	21
8068363	114036	LINC00310	21
8068369	9992	KCNE2	21
8068383	54102	CLIC6	21
8068401	873	CBR1	21
8068410	51072	MEMO1	2
8068413	874	CBR3	21
8068422	9980	DOP1B	21
8068460	23515	MORC3	21
8068478	8208	CHAF1B	21
8068496	6493	SIM2	21
8068512	53820	RIPPLY3	21
8068522	7267	TTC3	21
8068543	257203	DSCR9	21
8068551	1859	DYRK1A	21
8068570	84677	DSCR8	21
8068578	259234	DSCR10	21
8068583	3772	KCNJ15	21
8068593	2114	ETS2	21
8068612	7485	GET1	21
8068620	6450	SH3BGR	21
8068633	10317	B3GALT5	21
8068644	150084	IGSF5	21
8068651	5121	PCP4	21
8068671	25825	BACE2	21
8068684	54097	FAM3B	21
8068697	4600	MX2	21
8068713	4599	MX1	21
8068735	150142	ZNF295-AS1	21
8068740	89766	UMODL1	21
8068761	9619	ABCG1	21
8068788	53347	UBASH3A	21
8068810	54020	SLC37A1	21
8068833	5152	PDE9A	21
8068857	4731	NDUFV3	21
8068866	5316	PKNOX1	21
8068894	284836	LINC00319	21
8068902	23076	RRP1B	21
8068919	8566	PDXK	21
8068938	8568	RRP1	21
8068952	56894	AGPAT3	21
8069037	326	AIRE	21
8069057	5211	PFKL	21
8069085	7226	TRPM2	21
8069122	81543	LRRC3	21
8069135	114043	TSPEAR-AS2	21
8069142	386672	KRTAP10-4	21
8069146	386675	KRTAP10-7	21
8069148	386681	KRTAP10-8	21
8069150	386676	KRTAP10-9	21
8069153	353333	KRTAP10-10	21
8069156	386678	KRTAP10-11	21
8069161	386683	KRTAP12-3	21
8069168	386685	KRTAP10-12	21
8069174	85395	SLX9	21
8069178	104	ADARB1	21
8069200	114042	LINC00334	21
8069208	80781	COL18A1	21
8069252	54039	PCBP3	21
8069269	1291	COL6A1	21
8069301	1292	COL6A2	21
8069332	114044	MCM3AP-AS1	21
8069340	54059	YBEY	21
8069348	5116	PCNT	21
8069399	23181	DIP2A	21
8069450	3275	PRMT2	21
8069472	7179	TPTE	21
8069499	374860	ANKRD30B	18
8069511	391267	ANKRD20A11P	21
8069517	284232	ANKRD20A9P	13
8069521	149998	LIPI	21
8069532	6782	HSPA13	21
8069541	64092	SAMSN1	21
8069553	8204	NRIP1	21
8069561	91408	BTF3L4	1
8069565	10950	BTG3	21
8069574	54149	C21orf91	21
8069582	5651	TMPRSS15	21
8069612	54072	LINC00158	21
8069620	54148	MRPL39	21
8069633	522	ATP5PF	21
8069644	351	APP	21
8069668	116159	CYYR1	21
8069676	9510	ADAMTS1	21
8069689	11096	ADAMTS5	21
8069700	29104	N6AMT1	21
8069711	26046	LTN1	21
8069744	10069	RWDD2B	21
8069753	10694	CCT8	21
8069770	2897	GRIK1	21
8069790	26285	CLDN17	21
8069795	9073	CLDN8	21
8069800	643803	KRTAP24-1	21
8069804	388818	KRTAP26-1	21
8069808	643812	KRTAP27-1	21
8069811	337963	KRTAP23-1	21
8069813	337959	KRTAP13-2	21
8069818	337960	KRTAP13-3	21
8069822	337882	KRTAP19-1	21
8069827	337969	KRTAP19-2	21
8069831	337970	KRTAP19-3	21
8069836	337971	KRTAP19-4	21
8069838	337972	KRTAP19-5	21
8069841	337973	KRTAP19-6	21
8069845	337974	KRTAP19-7	21
8069848	337967	KRTAP6-2	21
8069852	337966	KRTAP6-1	21
8069855	337978	KRTAP21-2	21
8069859	337977	KRTAP21-1	21
8069863	337879	KRTAP8-1	21
8069868	337878	KRTAP7-1	21
8069872	337880	KRTAP11-1	21
8069876	728299	KRTAP19-8	21
8069880	7074	TIAM1	21
8069910	57466	SCAF4	21
8069933	54069	MIS18A	21
8069943	9875	URB1	21
8069985	677846	SNORA80A	21
8069987	140290	TCP10L	21
8069991	140290	TCP10L	21
8069998	56683	CFAP298	21
8070010	8867	SYNJ1	21
8070046	94104	PAXBP1	21
8070073	56245	C21orf62	21
8070083	757	TMEM50B	21
8070097	54943	DNAJC28	21
8070102	2618	GART	21
8070129	29980	DONSON	21
8070141	9946	CRYZL1	21
8070160	539	ATP5PO	21
8070182	1827	RCAN1	21
8070194	861	RUNX1	21
8070215	54093	SETD4	21
8070233	23562	CLDN14	21
8070239	3141	HLCS	21
8070257	51227	PIGP	21
8070269	10311	VPS26C	21
8070279	3763	KCNJ6	21
8070286	10281	DSCR4	21
8070297	2078	ERG	21
8070315	400866	LINC00114	21
8070321	400867	ETS2-AS1	21
8070330	8624	PSMG1	21
8070341	54014	BRWD1	21
8070389	3150	HMGN1	21
8070398	150082	LCA5L	21
8070411	114041	B3GALT5-AS1	21
8070421	1826	DSCAM	21
8070458	191585	PLAC4	21
8070467	7113	TMPRSS2	21
8070482	150135	LINC00479	21
8070489	54101	RIPK4	21
8070503	63977	PRDM15	21
8070538	25966	C2CD2	21
8070557	49854	ZBTB21	21
8070563	150147	UMODL1-AS1	21
8070567	7033	TFF3	21
8070574	7032	TFF2	21
8070579	7031	TFF1	21
8070584	64699	TMPRSS3	21
8070603	89765	RSPH1	21
8070615	10785	WDR4	21
8070629	90625	ERVH48-1	21
8070655	7307	U2AF1	21
8070681	114038	LINC00313	21
8070689	11077	HSF2BP	21
8070701	1476	CSTB	21
8070708	284837	AATBC	21
8070730	29947	DNMT3L	21
8070744	755	CFAP410	21
8070757	54084	TSPEAR	21
8070771	386677	KRTAP10-1	21
8070777	386679	KRTAP10-2	21
8070780	386682	KRTAP10-3	21
8070782	386680	KRTAP10-5	21
8070789	386684	KRTAP12-4	21
8070791	353323	KRTAP12-2	21
8070795	353332	KRTAP12-1	21
8070799	7327	UBE2G2	21
8070811	6612	SUMO3	21
8070819	754	PTTG1IP	21
8070826	3689	ITGB2	21
8070847	84536	LINC01547	21
8070853	84536	LINC01547	21
8070863	728039	SSR4P1	21
8070876	23275	POFUT2	21
8070896	246704	LINC00315	21
8070905	378832	COL18A1-AS1	21
8070912	6573	SLC19A1	21
8070933	10841	FTCD	21
8070953	84221	SPATC1L	21
8070961	4047	LSS	21
8070988	8888	MCM3AP	21
8071020	54058	C21orf58	21
8071036	6285	S100B	21
8071049	51152	LINC00328	21
8071061	387590	TPTEP1	22
8071063	387590	TPTEP1	22
8071069	23765	IL17RA	22
8071084	100130717	HDHD5-AS1	22
8071086	27443	CECR2	22
8071107	83733	SLC25A18	22
8071119	23786	BCL2L13	22
8071134	200298	LINC00528	22
8071136	55670	PEX26	22
8071147	51807	TUBA8	22
8071155	11274	USP18	22
8071179	8214	DGCR6	22
8071185	26220	DGCR5	22
8071196	23617	TSSK2	22
8071206	64976	MRPL40	22
8071212	8318	CDC45	22
8071272	100526833	SEPT5-GP1BB	22
8071274	100526833	SEPT5-GP1BB	22
8071276	6899	TBX1	22
8071289	1312	COMT	22
8071301	128989	TANGO2	22
8071312	406961	MIR185	22
8071332	5902	RANBP1	22
8071339	29801	ZDHHC8	22
8071355	150197	LINC00896	22
8071357	440792	PRODHLP	22
8071382	7625	ZNF74	22
8071392	51586	MED15	22
8071411	266697	POM121L4P	22
8071414	84222	TMEM191A	22
8071420	3053	SERPIND1	22
8071426	9342	SNAP29	22
8071434	1399	CRKL	22
8071444	150209	AIFM3	22
8071466	8216	LZTR1	22
8071489	9127	P2RX6	22
8071504	400891	LRRC74B	22
8071536	23119	HIC2	22
8071547	7332	UBE2L3	22
8071554	164592	CCDC116	22
8071559	23753	SDF2L1	22
8071564	406920	MIR130B	22
8071566	23759	PPIL2	22
8071646	7441	VPREB1	22
8071649	96610	BMS1P20	22
8071662	91227	GGTLC2	22
8071671	2781	GNAZ	22
8071676	9609	RAB36	22
8071713	26226	FBXW4P1	22
8071717	266747	RGL4	22
8071737	4282	MIF	22
8071745	150248	C22orf15	22
8071758	4320	MMP11	22
8071768	6598	SMARCB1	22
8071783	66035	SLC2A11	22
8071823	23523	CABIN1	22
8071861	56241	SUSD2	22
8071877	29774	POM121L9P	22
8071907	51733	UPB1	22
8071920	6634	SNRPD3	22
8071953	129049	SGSM1	22
8071981	85379	KIAA1671	22
8071989	1417	CRYBB3	22
8071997	1415	CRYBB2	22
8072009	1416	CRYBB2P1	22
8072015	157	GRK3	22
8072039	84700	MYO18B	22
8072088	23544	SEZ6L	22
8072108	57168	ASPHD2	22
8072113	402055	SRRD	22
8072124	1413	CRYBA4	22
8072133	284900	TTC28-AS1	22
8072143	150274	HSCB	22
8072153	150275	CCDC117	22
8072160	84133	ZNRF3	22
8072170	83999	KREMEN1	22
8072189	129080	EMID1	22
8072206	2130	EWSR1	22
8072216	10634	GAS2L1	22
8072226	5988	RFPL1	22
8072229	4744	NEFH	22
8072242	4771	NF2	22
8072266	164633	CABP7	22
8072274	29796	UQCR10	22
8072279	8897	MTMR3	22
8072302	8897	MTMR3	22
8072304	150280	HORMAD2	22
8072314	91370	LIF-AS2	22
8072316	550631	CCDC157	22
8072328	23541	SEC14L2	22
8072346	51537	MTFP1	22
8072353	105372990	LOC105372990	22
8072360	6948	TCN2	22
8072374	339665	SLC35E4	22
8072382	23762	OSBP2	22
8072400	150291	MORC2-AS1	22
8072407	55000	TUG1	22
8072413	6525	SMTN	22
8072436	27124	INPP5J	22
8072454	91445	RNF185	22
8072461	3985	LIMK2	22
8072486	54944	LINC01521	22
8072488	4733	DRG1	22
8072494	9814	SFI1	22
8072529	9681	DEPDC5	22
8072577	7533	YWHAH	22
8072587	6523	SLC5A1	22
8072605	10738	RFPL3	22
8072610	25793	FBXO7	22
8072626	7078	TIMP3	22
8072636	91464	ISX	22
8072645	10042	HMGXB4	22
8072659	10043	TOM1	22
8072678	3162	HMOX1	22
8072687	4174	MCM5	22
8072705	23551	RASD2	22
8072710	80830	APOL6	22
8072721	80831	APOL5	22
8072735	8542	APOL1	22
8072744	4689	NCF4	22
8072757	1439	CSF2RB	22
8072777	4357	MPST	22
8072784	79734	KCTD17	22
8072798	27128	CYTH4	22
8072817	11135	CDC42EP1	22
8072825	26088	GGA1	22
8072847	23616	SH3BP1	22
8072870	57026	PDXP	22
8072876	3956	LGALS1	22
8072883	79159	NOL12	22
8072894	11078	TRIOBP	22
8072926	3005	H1-0	22
8072931	23464	GCAT	22
8072941	8484	GALR3	22
8072946	51386	EIF3L	22
8072962	85377	MICALL1	22
8072979	5435	POLR2F	22
8072989	9463	PICK1	22
8073007	23764	MAFF	22
8073015	11015	KDELR3	22
8073022	25776	CBY1	22
8073032	56993	TOMM22	22
8073039	9567	GTPBP1	22
8073068	27350	APOBEC3C	22
8073072	140564	APOBEC3D	22
8073081	200316	APOBEC3F	22
8073088	60489	APOBEC3G	22
8073096	164668	APOBEC3H	22
8073104	9145	SYNGR1	22
8073129	4248	MGAT3	22
8073135	54471	MIEF1	22
8073148	468	ATF4	22
8073152	8911	CACNA1I	22
8073192	7386	UQCRFS1	19
8073194	9402	GRAP2	22
8073207	113828	FAM83F	22
8073214	23112	TNRC6B	22
8073242	158	ADSL	22
8073259	27352	SGSM3	22
8073296	2847	MCHR1	22
8073311	63929	XPNPEP3	22
8073334	9978	RBX1	22
8073345	2033	EP300	22
8073379	83746	L3MBTL2	22
8073397	23264	ZC3H7B	22
8073422	7008	TEF	22
8073430	50	ACO2	22
8073449	27254	CSDC2	22
8073457	2547	XRCC6	22
8073470	79640	C22orf46P	22
8073474	150365	MEI1	22
8073513	79879	CCDC134	22
8073522	6721	SREBF2	22
8073544	407039	MIR33A	22
8073546	339674	SMIM45	22
8073562	164684	WBP2NL	22
8073573	150368	PHETA2	22
8073578	91689	SMDT1	22
8073582	388906	OGFRP1	22
8073596	253190	SERHL2	22
8073603	267010	RNU12	22
8073605	638	BIK	22
8073612	706	TSPO	22
8073623	758	MPPED1	22
8073633	80339	PNPLA3	22
8073645	25813	SAMM50	22
8073662	29780	PARVB	22
8073682	64098	PARVG	22
8073698	388910	LINC00207	22
8073733	10762	NUP50	22
8073743	7380	UPK3A	22
8073752	55007	FAM118A	22
8073766	26150	RIBC2	22
8073775	2192	FBLN1	22
8073799	25814	ATXN10	22
8073816	400931	MIRLET7BHG	22
8073826	5465	PPARA	22
8073842	55020	TTC38	22
8073858	51512	GTSE1	22
8073875	55687	TRMU	22
8073890	23151	GRAMD4	22
8073909	25771	TBC1D22A	22
8073929	25817	TAFA5	22
8073943	9889	ZBED4	22
8073949	79174	CRELD2	22
8073960	415116	PIM3	22
8073962	54456	MOV10L1	22
8073992	56666	PANX2	22
8074003	80305	TRABD	22
8074020	83642	SELENOO	22
8074030	9701	PPP6R2	22
8074070	55586	MIOX	22
8074082	29781	NCAPH2	22
8074106	113730	KLHDC7B	22
8074108	23542	MAPK8IP2	22
8074131	85358	SHANK3	22
8074153	49	ACR	22
8074168	503638	DUXAP9	14
8074196	150160	CCT8L2	22
8074204	150165	XKR3	22
8074210	28847	IGKV2OR22-4	22
8074212	128954	GAB4	22
8074223	27439	TMEM121B	22
8074227	27440	HDHD5	22
8074237	51816	ADA2	22
8074251	529	ATP6V1E1	22
8074261	637	BID	22
8074274	57553	MICAL3	22
8074286	57553	MICAL3	22
8074335	5625	PRODH	22
8074349	9993	DGCR2	22
8074364	8220	ESS2	22
8074371	8220	ESS2	22
8074384	2928	GSC2	22
8074388	6576	SLC25A1	22
8074399	8218	CLTCL1	22
8074432	7290	HIRA	22
8074464	7353	UFD1	22
8074473	7122	CLDN5	22
8074498	10587	TXNRD2	22
8074522	421	ARVCF	22
8074541	27037	TRMT2A	22
8074558	65078	RTN4R	22
8074565	85359	DGCR6L	22
8074591	85376	RIMBP3	22
8074617	91179	SCARF2	22
8074632	84861	KLHL22	22
8074647	5297	PI4KA	22
8074688	80764	THAP7	22
8074695	113691	TUBA3FP	22
8074701	6545	SLC7A4	22
8074734	642633	FAM230B	22
8074769	85376	RIMBP3	22
8074773	150223	YDJC	22
8074780	29799	YPEL1	22
8074791	5594	MAPK1	22
8074806	9647	PPM1F	22
8074817	8940	TOP3B	22
8074836	649179	PRAMENP	22
8074842	81926	ABHD17A	19
8074845	140883	ZNF280B	22
8074853	129025	ZNF280A	22
8074856	23532	PRAME	22
8074869	27156	RSPH14	22
8074892	150244	ZDHHC8BP	22
8074897	388882	FAM230I	22
8074909	3543	IGLL1	22
8074916	51233	DRICH1	22
8074927	91316	GUSBP11	22
8074931	7621	ZNF70	22
8074934	29802	VPREB3	22
8074939	400916	CHCHD10	22
8074944	91319	DERL3	22
8074969	1652	DDT	22
8074980	2952	GSTT1	22
8074991	2687	GGT5	22
8075005	646023	ADORA2A-AS1	22
8075009	83606	GUCD1	22
8075016	388886	LRRC75B	22
8075026	440822	PIWIL3	22
8075049	255349	LHFPL7	22
8075052	91355	LRP5L	22
8075063	89781	HPS4	22
8075089	24144	TFIP11	22
8075106	8459	TPST2	22
8075118	1414	CRYBB1	22
8075126	4330	MN1	22
8075130	23760	PITPNB	22
8075142	23331	TTC28	22
8075164	11200	CHEK2	22
8075182	7494	XBP1	22
8075190	100874123	ZNRF3-AS1	22
8075192	25770	C22orf31	22
8075200	25807	RHBDD3	22
8075211	10633	RASL10A	22
8075217	162	AP1B1	22
8075239	8563	THOC5	22
8075263	8508	NIPSNAP1	22
8075276	55954	ZMAT5	22
8075285	84164	ASCC2	22
8075310	3976	LIF	22
8075316	5008	OSM	22
8075322	652968	CASTOR1	22
8075332	83874	TBC1D10A	22
8075343	10291	SF3A1	22
8075363	85371	KIAA1656	22
8075365	200312	RNF215	22
8075375	266629	SEC14L3	22
8075390	284904	SEC14L4	22
8075401	9514	GAL3ST1	22
8075406	23481	PES1	22
8075423	150290	DUSP18	22
8075430	22880	MORC2	22
8075462	140606	SELENOM	22
8075468	50487	PLA2G3	22
8075477	100852405	RNF185-AS1	22
8075483	113791	PIK3IP1	22
8075493	23598	PATZ1	22
8075507	56478	EIF4ENIF1	22
8075529	23761	PISD	22
8075542	253143	PRR14L	22
8075550	25775	YWHAH-AS1	22
8075555	150297	C22orf42	22
8075564	10739	RFPL2	22
8075569	6527	SLC5A4	22
8075585	51493	RTCB	22
8075600	254240	BPIFC	22
8075616	8224	SYN3	22
8075637	9215	LARGE1	22
8075659	4151	MB	22
8075668	284912	LOC284912	22
8075673	23543	RBFOX2	22
8075691	6171	RPL41	12
8075695	80833	APOL3	22
8075709	80832	APOL4	22
8075720	23780	APOL2	22
8075728	4627	MYH9	22
8075778	25828	TXN2	22
8075785	80020	FOXRED2	22
8075798	8664	EIF3D	22
8075820	10369	CACNG2	22
8075828	11020	IFT27	22
8075838	5816	PVALB	22
8075850	339669	CIMIP4	22
8075857	7263	TST	22
8075865	164656	TMPRSS6	22
8075886	3560	IL2RB	22
8075897	114904	C1QTNF6	22
8075906	6753	SSTR3	22
8075910	5880	RAC2	22
8075918	100506271	LOC100506271	22
8075921	114794	ELFN2	22
8075924	4242	MFNG	22
8075934	29775	CARD10	22
8075956	3957	LGALS2	22
8075963	101927051	PDXP-DT	22
8075971	129138	ANKRD54	22
8075981	84645	C22orf23	22
8075992	6663	SOX10	22
8076002	23539	SLC16A8	22
8076007	80115	BAIAP2L2	22
8076025	8398	PLA2G6	22
8076046	25829	TMEM184B	22
8076072	3761	KCNJ4	22
8076077	10521	DDX17	22
8076094	11144	DMC1	22
8076113	646851	FAM227A	22
8076128	9929	JOSD1	22
8076137	25777	SUN2	22
8076161	10126	DNAL4	22
8076169	23467	NPTXR	22
8076176	23466	CBX6	22
8076185	23492	CBX7	22
8076195	5155	PDGFB	22
8076209	6122	RPL3	22
8076219	116938	SNORD83B	22
8076221	116937	SNORD83A	22
8076223	26807	SNORD43	22
8076225	91582	RPS19BP1	22
8076231	150350	ENTHD1	22
8076241	57591	MRTFA	22
8076260	10478	SLC25A17	22
8076292	150353	DNAJB7	22
8076302	150356	CHADL	22
8076307	5905	RANGAP1	22
8076327	105373042	LOC105373042	22
8076331	10766	TOB2	22
8076339	84844	PHF5A	22
8076344	171568	POLR3H	22
8076355	5372	PMM1	22
8076365	27351	DESI1	22
8076374	4809	SNU13	22
8076387	115650	TNFRSF13C	22
8076393	79019	CENPM	22
8076403	4668	NAGA	22
8076415	6076	SNORD13P1	22
8076417	4700	NDUFA6	22
8076431	1564	CYP2D7	22
8076436	6942	TCF20	22
8076441	150372	NFAM1	22
8076449	91695	RRP7BP	22
8076455	27341	RRP7A	22
8076463	91695	RRP7BP	22
8076465	84271	POLDIP3	22
8076481	1727	CYB5R3	22
8076493	267020	ATP5MGL	22
8076497	53947	A4GALT	22
8076511	6125	RPL5	1
8076515	26286	ARFGAP3	22
8076533	11252	PACSIN2	22
8076547	25809	TTLL1	22
8076563	27349	MCAT	22
8076569	23170	TTLL12	22
8076584	80274	SCUBE1	22
8076586	80274	SCUBE1	22
8076612	64800	EFCAB6	22
8076644	25830	SULT4A1	22
8076655	150379	PNPLA5	22
8076668	85352	SHISAL1	22
8076673	84247	RTL6	22
8076677	112885	PHF21B	22
8076690	23313	KIAA0930	22
8076704	27127	SMC1B	22
8076734	7477	WNT7B	22
8076739	55267	PRR34	22
8076747	642648	LINC02939	22
8076749	150383	CDPF1	22
8076754	10343	PKDREJ	22
8076757	9620	CELSR1	22
8076792	64781	CERK	22
8076813	642757	TBC1D22A-AS1	22
8076819	400932	LINC00898	22
8076826	348645	MIR3667HG	22
8076836	23774	BRD1	22
8076851	79087	ALG12	22
8076865	400935	IL17REL	22
8076894	23209	MLC1	22
8076909	85378	TUBGCP6	22
8076937	83933	HDAC10	22
8076962	6300	MAPK12	22
8076978	5600	MAPK11	22
8076998	23654	PLXNB2	22
8077036	414918	DENND6B	22
8077042	6305	SBF1	22
8077082	91289	LMF2	22
8077099	9997	SCO2	22
8077116	440836	CIMAP1B	22
8077160	410	ARSA	22
8077185	335	APOA1	11
8077192	337	APOA4	11
8077198	644316	FLJ43315	9
8077204	345	APOC3	11
8077211	23192	ATG4B	2
8077226	84289	ING5	2
8077238	728294	D2HGDH	2
8077250	51078	THAP4	2
8077262	1841	DTYMK	2
8077270	10752	CHL1	3
8077299	27255	CNTN6	3
8077323	152330	CNTN4	3
8077353	51095	TRNT1	3
8077366	57633	LRRN1	3
8077370	6419	SETMAR	3
8077376	3708	ITPR1	3
8077441	8553	BHLHE40	3
8077450	55207	ARL8B	3
8077458	9695	EDEM1	3
8077472	2917	GRM7	3
8077490	29995	LMCD1	3
8077499	29931	LINC00312	3
8077503	859	CAV3	3
8077513	25917	THUMPD3	3
8077528	55209	SETD5	3
8077550	64419	MTMR14	3
8077572	151835	CPNE9	3
8077595	7862	BRPF1	3
8077635	4968	OGG1	3
8077663	84522	JAGN1	3
8077668	132014	IL17RE	3
8077688	84818	IL17RC	3
8077712	78987	CRELD1	3
8077728	442075	EMC3-AS1	3
8077731	2177	FANCD2	3
8077770	55845	BRK1	3
8077781	7428	VHL	3
8077786	3656	IRAK2	3
8077815	84657	LINC00852	3
8077817	6538	SLC6A11	3
8077833	6529	SLC6A1	3
8077851	3269	HRH1	3
8077858	10533	ATG7	3
8077879	6854	SYN2	3
8077899	5468	PPARG	3
8077914	80746	TSEN2	3
8077931	23609	MKRN2	3
8077944	23066	CAND2	3
8077958	79885	HDAC11	3
8077970	2199	FBLN2	3
8077989	348825	TPRXL	3
8077993	79188	TMEM43	3
8078008	27258	LSM3	3
8078014	6533	SLC6A6	3
8078046	84077	C3orf20	3
8078066	152273	FGD5	3
8078091	7182	NR2C2	3
8078110	23473	CAPN7	3
8078138	85403	EAF1	3
8078147	686	BTD	3
8078155	117248	GALNT15	3
8078173	92106	OXNAD1	3
8078196	131096	KCNH8	3
8078214	5868	RAB5A	3
8078227	8850	KAT2B	3
8078252	7325	UBE2E2	3
8078262	7324	UBE2E1	3
8078270	6138	RPL15	3
8078272	9975	NR1D2	3
8078286	5915	RARB	3
8078300	54995	OXSM	3
8078305	116135	LRRC3B	3
8078312	152100	CMC1	3
8078319	152098	ZCWPW2	3
8078330	27303	RBMS3	3
8078350	7048	TGFBR2	3
8078360	201595	STT3B	3
8078380	344787	ZNF860	3
8078386	23171	GPD1L	3
8078397	152189	CMTM8	3
8078405	112616	CMTM7	3
8078412	25904	CNOT10	3
8078435	131405	TRIM71	3
8078442	1233	CCR4	3
8078450	10491	CRTAP	3
8078461	25827	FBXL2	3
8078479	10015	PDCD6IP	3
8078497	10777	ARPP21	3
8078527	406916	MIR128-2	3
8078529	6769	STAC	3
8078544	4292	MLH1	3
8078569	2803	GOLGA4	3
8078600	6917	TCEA1	8
8078605	339883	APRG1	3
8078619	3680	ITGA9	3
8078650	10217	CTDSPL	3
8078663	407015	MIR26A1	3
8078665	50853	VILL	3
8078690	9940	DLEC1	3
8078729	4615	MYD88	3
8078738	9943	OXSR1	3
8078759	9390	SLC22A13	3
8078772	9389	SLC22A14	3
8078784	9942	XYLB	3
8078805	93	ACVR2B	3
8078818	9941	EXOG	3
8078834	57599	WDR48	3
8078857	199223	TTC21A	3
8078888	1237	CCR8	3
8078898	54977	SLC25A38	3
8078916	574040	SNORA6	3
8078920	4336	MOBP	3
8078933	25924	MYRIP	3
8078962	10289	EIF1B	3
8078971	956	ENTPD3	3
8078984	9045	RPL14	3
8078991	285267	ZNF619	3
8078999	253639	ZNF620	3
8079005	285268	ZNF621	3
8079019	6232	RPS27	1
8079021	1499	CTNNB1	3
8079037	22906	TRAK1	3
8079060	7433	VIPR1	3
8079074	51188	SS18L2	3
8079079	4820	NKTR	3
8079099	92999	ZBTB47	3
8079107	131377	KLHL40	3
8079117	1238	ACKR2	3
8079124	389114	ZNF662	3
8079131	729085	GASK1A	3
8079140	54861	SNRK	3
8079153	51099	ABHD5	3
8079165	406929	MIR138-1	3
8079167	375337	TOPAZ1	3
8079170	285343	TCAIM	3
8079189	55888	ZKSCAN7	3
8079198	285349	ZNF660	3
8079204	10168	ZNF197	3
8079217	7584	ZNF35	3
8079224	91392	ZNF502	3
8079229	115560	ZNF501	3
8079237	56992	KIF15	3
8079279	7047	TGM4	3
8079294	23016	EXOSC7	3
8079305	7123	CLEC3B	3
8079311	23395	LARS2	3
8079334	8994	LIMD1	3
8079346	22908	SACM1L	3
8079370	10803	CCR9	3
8079377	10663	CXCR6	3
8079383	1232	CCR3	3
8079392	729230	CCR2	3
8079401	1234	CCR5	3
8079407	9034	CCRL2	3
8079415	83597	RTP3	3
8079420	83598	LRRC2-AS1	3
8079422	6997	CRIPTO	3
8079426	259236	TMIE	3
8079433	5745	PTH1R	3
8079462	23218	NBEAL2	3
8079517	23276	KLHL18	3
8079532	25930	PTPN23	3
8079563	22907	DHX30	3
8079590	820	CAMP	3
8079598	51385	ZNF589	3
8079615	285231	FBXW12	3
8079630	51372	TMA7	3
8079662	10425	ARIH2	3
8079677	54681	P4HTM	3
8079693	11180	WDR6	3
8079707	25915	NDUFAF3	3
8079719	339834	IHO1	3
8079733	200942	KLHDC8B	3
8079746	6988	TCTA	3
8079753	1605	DAG1	3
8079759	8927	BSN	3
8079772	327	APEH	3
8079796	63891	RNF123	3
8079839	389119	INKA1	3
8079842	10180	RBM6	3
8079869	10181	RBM5	3
8079896	6405	SEMA3F	3
8079919	2779	GNAT1	3
8079931	10991	SLC38A3	3
8079950	2771	GNAI2	3
8079966	7869	SEMA3B	3
8079988	132228	LSMEM2	3
8079993	11068	CYB561D2	3
8080001	51409	HEMK1	3
8080013	7867	MAPKAPK3	3
8080028	1795	DOCK3	3
8080084	7873	MANF	3
8080093	29890	RBM15B	3
8080100	23132	RAD54L2	3
8080121	51368	TEX264	3
8080128	2912	GRM2	3
8080138	389123	IQCF2	3
8080144	10039	PARP3	3
8080158	118442	GPR62	3
8080184	211	ALAS1	3
8080198	132160	PPM1M	3
8080212	132158	GLYCTK	3
8080226	25981	DNAH1	3
8080306	51533	PHF7	3
8080320	11188	NISCH	3
8080344	23166	STAB1	3
8080416	440957	UQCC5	3
8080419	26354	GNL3	3
8080438	28972	SPCS1	3
8080445	3697	ITIH1	3
8080466	3699	ITIH3	3
8080487	5580	PRKCD	3
8080511	776	CACNA1D	3
8080562	55540	IL17RB	3
8080578	55799	CACNA2D3	3
8080621	285331	CCDC66	3
8080640	353324	SPATA12	3
8080645	26060	APPL1	3
8080676	201626	PDE12	3
8080685	7871	SLMAP	3
8080714	2317	FLNB	3
8080762	57406	ABHD6	3
8080773	11102	RPP14	3
8080781	54899	PXK	3
8080804	200845	KCTD6	3
8080810	5793	PTPRG	3
8080847	57415	CEP15	3
8080855	132204	SYNPR	3
8080863	132203	SNTN	3
8080878	6314	ATXN7	3
8080896	115286	SLC25A26	3
8080911	84541	KBTBD8	3
8080918	407738	TAFA1	3
8080923	5700	PSMC1	14
8080926	10550	ARL6IP5	3
8080938	4286	MITF	3
8080958	2850	GPR27	3
8080964	727936	GXYLT2	3
8080973	151987	PPP4R2	3
8080980	55096	EBLN2	3
8080987	442083	HSP90AB5P	3
8081001	6092	ROBO2	3
8081036	253559	CADM2	3
8081055	25978	CHMP2B	3
8081067	3355	HTR1F	3
8081069	55279	ZNF654	3
8081073	285237	C3orf38	3
8081081	2042	EPHA3	3
8081115	200894	ARL13B	3
8081128	63899	NSUN3	3
8081138	285220	EPHA6	3
8081158	84100	ARL6	3
8081171	131544	CRYBG3	3
8081192	81050	OR5AC2	3
8081202	79295	OR5H6	3
8081204	79310	OR5H2	3
8081206	403278	OR5K4	3
8081208	403277	OR5K3	3
8081210	26339	OR5K1	3
8081212	402135	OR5K2	3
8081214	2838	GPR15	3
8081219	10402	ST3GAL6	3
8081235	1295	COL8A1	3
8081256	55773	TBC1D23	3
8081277	56954	NIT2	3
8081288	55076	TMEM45A	3
8081298	84873	ADGRG7	3
8081316	10342	TFG	3
8081341	131909	ARB2BP	3
8081343	54931	TRMT10C	3
8081348	57092	PCNP	3
8081358	100009676	ZBTB11-AS1	3
8081362	79598	CEP97	3
8081375	91775	NXPE3	3
8081386	64332	NFKBIZ	3
8081407	131368	ZPLD1	3
8081431	214	ALCAM	3
8081462	84692	CCDC54	3
8081465	56987	BBX	3
8081488	11148	HHLA2	3
8081503	9666	DZIP3	3
8081537	50852	TRAT1	3
8081548	25945	NECTIN3	3
8081564	10225	CD96	3
8081590	90102	PHLDB2	3
8081612	55347	ABHD10	3
8081620	29114	TAGLN3	3
8081631	344805	TMPRSS7	3
8081645	79669	C3orf52	3
8081657	4345	CD200	3
8081667	55032	SLC35A5	3
8081676	29083	GTPBP8	3
8081686	91653	BOC	3
8081710	54847	SIDT1	3
8081740	523	ATP6V1A	3
8081758	54762	GRAMD1C	3
8081779	254887	ZDHHC23	3
8081786	79691	QTRT2	3
8081799	201633	TIGIT	3
8081810	2596	GAP43	3
8081822	152405	TEX55	3
8081826	7348	UPK1B	3
8081838	57514	ARHGAP31	3
8081853	56983	POGLUT1	3
8081867	51300	TIMMDC1	3
8081880	141	ADPRH	3
8081890	51365	PLA1A	3
8081903	89876	CFAP91	3
8081925	8856	NR1I2	3
8081945	4710	NDUFB4	3
8081953	2960	GTF2E1	3
8081959	9515	STXBP5L	3
8081989	503582	ARGFX	3
8081997	51725	FBXO40	3
8082003	55840	EAF2	3
8082012	6565	SLC15A2	3
8082035	942	CD86	3
8082046	846	CASR	3
8082058	1475	CSTA	3
8082066	26355	FAM162A	3
8082075	151636	DTX3L	3
8082086	165631	PARP15	3
8082100	54625	PARP14	3
8082120	84925	SLC49A4	3
8082133	10954	PDIA5	3
8082153	26984	SEC22A	3
8082165	8997	KALRN	3
8082229	7372	UMPS	3
8082254	100125556	FAM86JP	3
8082270	348807	CFAP100	3
8082289	166012	CHST13	3
8082298	255330	NUP210P1	3
8082305	84303	CHCHD6	3
8082314	5361	PLXNA1	3
8082347	285311	PRR23E	3
8082350	4171	MCM2	3
8082368	50512	PODXL2	3
8082380	80325	ABTB1	3
8082400	166348	KBTBD12	3
8082408	29927	SEC61A1	3
8082422	60678	EEFSEC	3
8082444	28976	ACAD9	3
8082465	79825	EFCC1	3
8082473	2815	GP9	3
8082478	22820	COPG1	3
8082504	56941	HMCES	3
8082517	339942	H1-10-AS1	3
8082523	55764	IFT122	3
8082552	6010	RHO	3
8082560	132243	H1-8	3
8082574	7200	TRH	3
8082585	256076	COL6A5	3
8082597	131873	COL6A6	3
8082607	27032	ATP2C1	3
8082643	79858	NEK11	3
8082663	152195	NUDT16L2P	3
8082667	131870	NUDT16	3
8082673	55	ACP3	3
8082688	23317	DNAJC13	3
8082745	51554	ACKR4	3
8082750	79876	UBA5	3
8082767	66000	TMEM108	3
8082774	8419	BFSP2	3
8082788	55573	CDV3	3
8082797	7018	TF	3
8082816	58477	SRPRB	3
8082827	80254	CEP63	3
8082846	2047	EPHB1	3
8082869	5523	PPP2R3A	3
8082886	5096	PCCB	3
8082905	80723	SLC35G2	3
8082911	4690	NCK1	3
8082916	53833	IL20RB	3
8082926	8403	SOX14	3
8082928	51208	CLDN18	3
8082940	25852	ARMC8	3
8082965	22808	MRAS	3
8082974	83850	ESYT3	3
8083000	55179	FAIM	3
8083011	56945	MRPS22	3
8083025	60467	BPESC1	3
8083034	64084	CLSTN2	3
8083053	287015	TRIM42	3
8083063	55186	SLC25A36	3
8083071	92369	SPSB4	3
8083075	92370	PXYLP1	3
8083090	253461	ZBTB38	3
8083092	253461	ZBTB38	3
8083094	5922	RASA2	3
8083119	9616	RNF7	3
8083129	131890	GRK7	3
8083136	483	ATP1B3	3
8083146	5357	PLS1	3
8083166	7220	TRPC1	3
8083183	23350	U2SURP	3
8083214	9435	CHST2	3
8083223	205428	DIPK2A	3
8083233	7545	ZIC1	3
8083240	185	AGTR1	3
8083246	1360	CPB1	3
8083260	1359	CPA3	3
8083272	2992	GYG1	3
8083282	84343	HPS3	3
8083301	7104	TM4SF4	3
8083310	11342	RNF13	3
8083318	646903	LOC646903	3
8083324	9819	TSC22D2	3
8083333	83939	EIF2A	3
8083352	51714	SELENOT	3
8083360	116931	MED12L	3
8083409	344752	AADACL2	3
8083415	13	AADAC	3
8083422	56670	SUCNR1	3
8083429	4154	MBNL1	3
8083447	5028	P2RY1	3
8083457	5912	RAP2B	3
8083463	152118	LINC02877	3
8083471	26084	ARHGEF26	3
8083494	4311	MME	3
8083523	8833	GMPS	3
8083546	7881	KCNAB1	3
8083569	25976	TIPARP	3
8083576	389170	LEKR1	3
8083594	5806	PTX3	3
8083599	152078	SLC66A1L	3
8083605	51319	RSRC1	3
8083616	4291	MLF1	3
8083630	85476	GFM1	3
8083652	100287290	LOC100287290	3
8083656	64747	MFSD1	3
8083690	3592	IL12A	3
8083707	401097	C3orf80	3
8083709	10051	SMC4	3
8083737	406949	MIR15B	3
8083739	406951	MIR16-2	3
8083743	80117	ARL14	3
8083749	151742	PPM1L	3
8083757	51068	NMD3	3
8083770	131149	OTOL1	3
8083779	5274	SERPINI1	3
8083794	55892	MYNN	3
8083808	344657	LRRIQ4	3
8083814	344658	SAMD7	3
8083826	7095	SEC62	3
8083839	26996	GPR160	3
8083854	5584	PRKCI	3
8083876	6498	SKIL	3
8083887	5010	CLDN11	3
8083897	389177	TMEM212	3
8083901	64778	FNDC3B	3
8083941	1894	ECT2	3
8083968	22871	NLGN1	3
8083978	254827	NAALADL2	3
8084002	10242	KCNMB2	3
8084016	5290	PIK3CA	3
8084035	51193	ZNF639	3
8084045	55669	MFN1	3
8084064	10797	MTHFD2	2
8084067	86	ACTL6A	3
8084092	4711	NDUFB5	3
8084100	8975	USP13	3
8084128	151613	TTC14	3
8084146	8087	FXR1	3
8084165	6657	SOX2	3
8084173	23200	ATP11B	3
8084206	84002	B3GNT5	3
8084219	54800	KLHL24	3
8084232	55689	YEATS2	3
8084266	200909	HTR3D	3
8084275	170572	HTR3C	3
8084284	285242	HTR3E	3
8084299	730211	HSP90AA5P	3
8084303	8893	EIF2B5	3
8084323	1857	DVL3	3
8084345	1173	AP2M1	3
8084360	55324	ABCF3	3
8084382	90113	VWA5B2	3
8084423	5708	PSMD2	3
8084439	1981	EIF4G1	3
8084478	131408	FAM131A	3
8084488	5437	POLR2H	3
8084496	8646	CHRD	3
8084524	2049	EPHB3	3
8084541	23355	VPS8	3
8084589	9175	MAP3K13	3
8084607	59343	SENP2	3
8084627	646600	IGF2BP2-AS1	3
8084630	344887	NMRAL2P	3
8084634	51726	DNAJB11	3
8084648	197	AHSG	3
8084657	26998	FETUB	3
8084668	3273	HRG	3
8084679	3827	KNG1	3
8084694	1974	EIF4A2	3
8084704	1974	EIF4A2	3
8084710	9370	ADIPOQ	3
8084717	6480	ST6GAL1	3
8084726	132112	RTP1	3
8084732	64108	RTP4	3
8084739	401105	FLJ42393	3
8084742	4026	LPP	3
8084755	407020	MIR28	3
8084757	285386	TPRG1	3
8084766	8626	TP63	3
8084788	10686	CLDN16	3
8084794	3556	IL1RAP	3
8084814	344901	OSTN	3
8084818	152137	CCDC50	3
8084832	152138	PYDC2	3
8084838	57110	PLAAT1	3
8084844	4976	OPA1	3
8084880	3280	HES1	3
8084891	131583	FAM43A	3
8084895	200958	MUC20	3
8084917	440993	MIR570HG	3
8084921	100128262	TNK2-AS1	3
8084923	401109	LINC00885	3
8084929	200931	SLC51A	3
8084943	100874034	UBXN7-AS1	3
8084947	200933	FBXO45	3
8084951	375387	NRROS	3
8084955	54965	PIGX	3
8084963	5062	PAK2	3
8084971	205564	SENP5	3
8084986	84248	FYTTD1	3
8085000	84859	LRCH3	3
8085026	6165	RPL35A	3
8085033	89782	LMLN	3
8085062	3568	IL5RA	3
8085081	51185	CRBN	3
8085122	51066	SSUH2	3
8085138	5021	OXTR	3
8085145	56852	RAD18	3
8085164	9901	SRGAP3	3
8085193	440944	THUMPD3-AS1	3
8085195	375323	LHFPL4	3
8085206	8536	CAMK1	3
8085220	10474	TADA3	3
8085233	285367	RPUSD3	3
8085255	285368	PRRT3	3
8085263	55831	EMC3	3
8085272	55831	EMC3	3
8085276	152302	CIDECP1	3
8085283	115795	FANCD2OS	3
8085287	55845	BRK1	3
8085293	51738	GHRL	3
8085300	6396	SEC13	3
8085311	491	ATP2B2	3
8085340	9686	VGLL4	3
8085350	132001	TAMM41	3
8085360	7079	TIMP4	3
8085374	5894	RAF1	3
8085393	55287	TMEM40	3
8085412	9922	IQSEC1	3
8085431	23225	NUP210	3
8085475	7476	WNT7A	3
8085481	131474	CHCHD4	3
8085486	7508	XPC	3
8085504	80852	GRIP2	3
8085531	64432	MRPS25	3
8085537	64145	RBSN	3
8085556	9467	SH3BP5	3
8085571	131965	METTL6	3
8085581	8292	COLQ	3
8085608	26061	HACL1	3
8085628	23243	ANKRD28	3
8085660	285381	DPH3	3
8085665	23180	RFTN1	3
8085676	1618	DAZL	3
8085689	9779	TBC1D5	3
8085716	6304	SATB1	3
8085732	151651	EFHB	3
8085749	151649	PP2D1	3
8085754	151648	SGO1	3
8085774	79750	ZNF385D	3
8085788	28512	NKIRAS1	3
8085797	7068	THRB	3
8085815	7155	TOP2B	3
8085852	55768	NGLY1	3
8085867	152110	NEK10	3
8085914	9497	SLC4A7	3
8085946	8320	EOMES	3
8085954	64343	AZI2	3
8085972	339896	GADL1	3
8085984	114884	OSBPL10	3
8085999	54918	CMTM6	3
8086008	51143	DYNC1LI1	3
8086028	2720	GLB1	3
8086051	26032	SUSD5	3
8086057	7342	UBP1	3
8086077	23122	CLASP2	3
8086120	85443	DCLK3	3
8086125	9881	TRANK1	3
8086141	9852	EPM2AIP1	3
8086148	6159	RPL29	3
8086150	9209	LRRFIP2	3
8086183	152048	GOLGA4-AS1	3
8086185	5333	PLCD1	3
8086201	30	ACAA1	3
8086216	30	ACAA1	3
8086222	6331	SCN5A	3
8086255	6336	SCN10A	3
8086283	11280	SCN11A	3
8086317	64689	GORASP1	3
8086330	64651	CSRNP1	3
8086341	165904	XIRP1	3
8086344	1524	CX3CR1	3
8086352	54986	ULK4	3
8086372	54986	ULK4	3
8086391	885	CCK	3
8086400	131375	LYZL4	3
8086406	9117	SEC22C	3
8086419	57467	HHATL	3
8086434	152206	CCDC13	3
8086451	25994	HIGD1A	3
8086457	1582	CYP8B1	3
8086462	84892	POMGNT2	3
8086467	55129	ANO10	3
8086482	353274	ZNF445	3
8086494	285346	ZNF852	3
8086498	57456	KIAA1143	3
8086503	51304	ZDHHC3	3
8086505	51304	ZDHHC3	3
8086517	64866	CDCP1	3
8086530	25907	TMEM158	3
8086538	644714	LIMD1-AS1	3
8086540	54716	SLC6A20	3
8086555	54585	LZTFL1	3
8086572	79443	FYCO1	3
8086595	2829	XCR1	3
8086600	1230	CCR1	3
8086607	4057	LTF	3
8086615	79442	LRRC2	3
8086627	259173	ALS2CL	3
8086660	29122	PRSS50	3
8086669	377047	PRSS45P	3
8086683	339906	PRSS42P	3
8086689	4634	MYL3	3
8086698	151903	CCDC12	3
8086706	29072	SETD2	3
8086729	64147	KIF9	3
8086752	6078	SNORD13P3	3
8086754	22937	SCAP	3
8086784	54859	ELP6	3
8086799	10675	CSPG5	3
8086810	6599	SMARCC1	3
8086842	4134	MAP4	3
8086880	993	CDC25A	3
8086899	10201	NME6	3
8086908	5364	PLXNB1	3
8086949	79714	CCDC51	3
8086953	51246	SHISA5	3
8086961	5210	PFKFB4	3
8087100	7384	UQCRC1	3
8087116	440955	TMEM89	3
8087119	65010	SLC26A6	3
8087182	51517	NCKIPSD	3
8087201	51447	IP6K2	3
8087210	5576	PRKAR2A	3
8087224	788	SLC25A20	3
8087234	646450	ARIH2OS	3
8087236	55152	DALRD3	3
8087250	494337	MIR425	3
8087252	406966	MIR191	3
8087254	3615	IMPDH2	3
8087271	54870	QRICH1	3
8087283	5859	QARS1	3
8087308	10869	USP19	3
8087337	3913	LAMB2	3
8087372	64925	CCDC71	3
8087380	7375	USP4	3
8087405	2876	GPX1	3
8087409	387	RHOA	3
8087447	4485	MST1	3
8087453	386724	AMIGO3	3
8087461	29925	GMPPB	3
8087473	9807	IP6K1	3
8087481	389118	CDHR4	3
8087485	7318	UBA7	3
8087513	10293	TRAIP	3
8087530	79012	CAMKV	3
8087547	4486	MST1R	3
8087568	84315	MON1A	3
8087576	7866	IFRD2	3
8087611	3373	HYAL1	3
8087624	8692	HYAL2	3
8087634	11334	TUSC2	3
8087640	11186	RASSF1	3
8087653	51364	ZMYND10	3
8087669	10641	NPRL2	3
8087685	11070	TMEM115	3
8087691	9254	CACNA2D2	3
8087731	51161	C3orf18	3
8087739	1154	CISH	3
8087748	9730	DCAF1	3
8087782	132141	IQCF1	3
8087790	9136	RRP9	3
8087806	57060	PCBP4	3
8087825	84836	ABHD14B	3
8087830	6159	RPL29	3
8087833	1849	DUSP7	3
8087839	25886	POC1A	3
8087852	54106	TLR9	3
8087860	11344	TWF2	3
8087874	80335	WDR82	3
8087881	406890	MIRLET7G	3
8087883	406925	MIR135A1	3
8087885	8314	BAP1	3
8087907	56920	SEMA3G	3
8087925	7134	TNNC1	3
8087935	64943	NT5DC2	3
8087951	55193	PBRM1	3
8087985	55830	GLT8D1	3
8088001	6787	NEK4	3
8088020	3700	ITIH4	3
8088065	51460	SFMBT1	3
8088090	91869	RFT1	3
8088092	91869	RFT1	3
8088106	7086	TKT	3
8088128	55802	DCP1A	3
8088142	55349	CHDH	3
8088151	93973	ACTR8	3
8088167	58515	SELENOK	3
8088174	57408	LRTM1	3
8088180	7474	WNT5A	3
8088192	26059	ERC2	3
8088212	711	ERC2-IT1	3
8088219	23272	TASOR	3
8088247	50650	ARHGEF3	3
8088264	54756	IL17RD	3
8088285	8820	HESX1	3
8088292	142686	ASB14	3
8088299	201625	DNAH12	3
8088315	201625	DNAH12	3
8088322	201625	DNAH12	3
8088339	378	ARF4	3
8088348	201627	DENND6A	3
8088371	1776	DNASE1L3	3
8088384	5162	PDHB	3
8088397	8309	ACOX2	3
8088415	11170	FAM107A	3
8088425	131177	FAM3D	3
8088436	200844	CFAP20DC	3
8088458	2272	FHIT	3
8088480	84099	ID2B	3
8088485	55079	FEZF2	3
8088491	8618	CADPS	3
8088526	80145	THOC7	3
8088535	9861	PSMD6	3
8088548	100287879	LINC00994	3
8088550	166336	PRICKLE2	3
8088560	56999	ADAMTS9	3
8088602	9223	MAGI1	3
8088642	26018	LRIG1	3
8088664	8801	SUCLG2	3
8088671	151647	TAFA4	3
8088680	285203	EOGT	3
8088700	7110	TMF1	3
8088718	9039	UBA3	3
8088739	56203	LMOD3	3
8088745	23150	FRMD4B	3
8088770	55599	RNPC3	1
8088776	27086	FOXP1	3
8088803	317649	EIF4E3	3
8088813	60675	PROK2	3
8088820	23429	RYBP	3
8088830	55164	SHQ1	3
8088848	23024	PDZRN3	3
8088866	5067	CNTN3	3
8088895	692099	FAM86DP	3
8088911	100131827	ZNF717	3
8088919	6091	ROBO1	3
8088958	2632	GBE1	3
8088979	389136	VGLL3	3
8088986	5449	POU1F1	3
8089000	8545	CGGBP1	3
8089011	5627	PROS1	3
8089015	5627	PROS1	3
8089026	415117	STX19	3
8089029	200895	DHFR2	3
8089034	83787	ARMC10	7
8089040	84864	RIOX2	3
8089060	200959	GABRR3	3
8089062	56650	CLDND1	3
8089072	1371	CPOX	3
8089082	131566	DCBLD2	3
8089112	11259	FILIP1L	3
8089128	9868	TOMM70	3
8089145	25890	ABI3BP	3
8089185	50939	IMPG2	3
8089203	57337	SENP7	3
8089234	27107	ZBTB11	3
8089249	6152	RPL24	3
8089261	868	CBLB	3
8089299	961	CD47	3
8089314	55081	IFT57	3
8089329	22989	MYH15	3
8089372	57650	CIP2A	3
8089394	84666	RETNLB	3
8089402	9626	GUCA1C	3
8089407	27136	MORC1	3
8089438	151871	DPPA2	3
8089448	55211	DPPA4	3
8089464	151760	LOC151760	3
8089467	79413	ZBED2	3
8089478	257144	GCSAM	3
8089489	285335	SLC9C1	3
8089519	151888	BTLA	3
8089527	64422	ATG3	3
8089544	151887	CCDC80	3
8089559	344807	CD200R1L	3
8089568	131450	CD200R1	3
8089584	25871	NEPRO	3
8089596	55779	CFAP44	3
8089606	55779	CFAP44	3
8089627	152185	SPICE1	3
8089647	205717	USF3	3
8089652	80218	NAA50	3
8089659	57577	CCDC191	3
8089679	1814	DRD3	3
8089694	7634	ZNF80	3
8089701	26137	ZBTB20	3
8089714	4045	LSAMP	3
8089729	152404	IGSF11	3
8089743	8702	B4GALT4	3
8089759	55254	TMEM39A	3
8089771	941	CD80	3
8089785	64091	POPDC2	3
8089795	10063	COX17	3
8089801	2932	GSK3B	3
8089820	165829	GPR156	3
8089830	116064	LRRC58	3
8089851	3081	HGD	3
8089867	285282	RABL3	3
8089875	10721	POLQ	3
8089911	3059	HCLS1	3
8089930	2804	GOLGB1	3
8089954	9657	IQCB1	3
8089970	286676	ILDR1	3
8089988	131076	MIX23	3
8089993	54554	WDR5B	3
8089999	3836	KPNA1	3
8090018	83666	PARP9	3
8090030	79663	HSPBAP1	3
8090044	54437	SEMA5B	3
8090070	111	ADCY5	3
8090091	201562	HACD2	3
8090098	4638	MYLK	3
8090133	64770	CCDC14	3
8090162	3693	ITGB5	3
8090180	56667	MUC13	3
8090193	57493	HEG1	3
8090214	84561	SLC12A8	3
8090237	7707	ZNF148	3
8090256	8723	SNX4	3
8090277	114885	OSBPL11	3
8090291	200810	ALG1L1P	3
8090295	54946	SLC41A3	3
8090314	10840	ALDH1L1	3
8090343	28999	KLF15	3
8090351	79364	ZXDC	3
8090364	79364	ZXDC	3
8090366	131669	UROC1	3
8090388	152065	C3orf22	3
8090395	114112	TXNRD3	3
8090420	131601	TPRA1	3
8090433	11343	MGLL	3
8090448	8607	RUVBL1	3
8090464	165721	DNAJB8	3
8090469	2624	GATA2	3
8090485	23434	LINC01565	3
8090490	6184	RPN1	3
8090511	57501	CFAP92	3
8090518	57501	CFAP92	3
8090546	7555	CNBP	3
8090555	8971	H1-10	3
8090559	132241	RPL32P3	3
8090565	677797	SNORA7B	3
8090567	90288	EFCAB12	3
8090577	8930	MBD4	3
8090591	23129	PLXND1	3
8090630	23023	TMCC1	3
8090639	30849	PIK3R4	3
8090664	28990	ASTE1	3
8090678	11222	MRPL3	3
8090688	677836	SNORA58	3
8090690	131034	CPNE4	3
8090772	11073	TOPBP1	3
8090803	51560	RAB6B	3
8090817	80111	C3orf36	3
8090823	6578	SLCO2A1	3
8090840	6259	RYK	3
8090866	25847	ANAPC13	3
8090872	339855	KY	3
8090893	55167	MSL2	3
8090898	10274	STAG1	3
8090938	199221	DZIP1L	3
8090955	51146	A4GNT	3
8090960	51163	DBR1	3
8090972	347736	NME9	3
8090988	80321	CEP70	3
8091009	5291	PIK3CB	3
8091032	668	FOXL2	3
8091039	389151	PRR23B	3
8091043	389152	PRR23C	3
8091048	9276	COPB2	3
8091071	5948	RBP2	3
8091078	5947	RBP1	3
8091087	349565	NMNAT3	3
8091103	7029	TFDP2	3
8091120	256356	GK5	3
8091141	54464	XRN1	3
8091190	545	ATR	3
8091243	26577	PCOLCE2	3
8091255	344838	PAQR9	3
8091260	285195	SLC9A9	3
8091283	5352	PLOD2	3
8091306	57088	PLSCR4	3
8091318	57047	PLSCR2	3
8091327	5359	PLSCR1	3
8091342	84107	ZIC4	3
8091354	6596	HLTF	3
8091385	1356	CP	3
8091402	116441	TM4SF18	3
8091411	4071	TM4SF1	3
8091422	25937	WWTR1	3
8091432	51122	COMMD2	3
8091446	5217	PFN2	3
8091456	107986046	LINC01998	3
8091458	27230	SERP1	3
8091469	131831	ERICH6	3
8091485	6478	SIAH2	3
8091491	7401	CLRN1	3
8091503	29909	GPR171	3
8091511	9934	P2RY14	3
8091515	53836	GPR87	3
8091523	53829	P2RY13	3
8091530	64805	P2RY12	3
8091537	285313	IGSF10	3
8091546	645843	TMEM14EP	3
8091550	57536	KIAA1328	18
8091562	170506	DHX36	3
8091588	344758	GPR149	3
8091600	23007	PLCH1	3
8091629	285315	C3orf33	3
8091637	9197	SLC33A1	3
8091648	6747	SSR3	3
8091656	196074	METTL15	11
8091658	57018	CCNL1	3
8091678	79674	VEPH1	3
8091698	6474	SHOX2	3
8091715	56925	LXN	3
8091723	5918	RARRES1	3
8091737	57560	IFT80	3
8091757	286827	TRIM59	3
8091764	3840	KPNA4	3
8091778	677767	SCARNA7	3
8091780	8706	B3GALNT1	3
8091799	165679	SPTSSB	3
8091811	6476	SI	3
8091863	22865	SLITRK3	3
8091867	590	BCHE	3
8091887	79740	ZBBX	3
8091910	5276	SERPINI2	3
8091922	151790	WDR49	3
8091941	11235	PDCD10	3
8091954	27333	GOLIM4	3
8091972	2122	MECOM	3
8091991	2122	MECOM	3
8092000	7012	TERC	3
8092002	84517	ACTRT3	3
8092009	151827	LRRC34	3
8092021	79782	LRRC31	3
8092035	80012	PHC3	3
8092053	57709	SLC7A14	3
8092055	57709	SLC7A14	3
8092067	200916	RPL22L1	3
8092073	56648	EIF5A2	3
8092083	6514	SLC2A2	3
8092095	23043	TNIK	3
8092134	5337	PLD1	3
8092165	2693	GHSR	3
8092169	8743	TNFSF10	3
8092177	57552	NCEH1	3
8092187	83893	SPATA16	3
8092201	79718	TBL1XR1	3
8092230	64393	ZMAT3	3
8092241	27094	KCNMB3	3
8092251	59345	GNB4	3
8092265	57129	MRPL47	3
8092277	51555	PEX5L	3
8092314	131118	DNAJC19	3
8092321	54165	DCUN1D1	3
8092328	56922	MCCC1	3
8092348	27074	LAMP3	3
8092358	23101	MCF2L2	3
8092392	89857	KLHL6	3
8092404	79929	MAP6D1	3
8092409	55486	PARL	3
8092418	10057	ABCC5	3
8092457	10195	ALG3	3
8092468	94032	CAMK2N2	3
8092473	1181	CLCN2	3
8092501	7066	THPO	3
8092514	64110	MAGEF1	3
8092520	285382	C3orf70	3
8092523	1962	EHHADH	3
8092534	90407	TMEM41A	3
8092541	200879	LIPH	3
8092552	10644	IGF2BP2	3
8092564	6434	TRA2B	3
8092578	2119	ETV5	3
8092596	1608	DGKG	3
8092640	5984	RFC4	3
8092654	116832	RPL39L	3
8092661	5648	MASP1	3
8092682	6750	SST	3
8092686	344892	RTP2	3
8092691	604	BCL6	3
8092707	55214	P3H2	3
8092726	9076	CLDN1	3
8092735	131920	TMEM207	3
8092741	257313	UTS2B	3
8092750	2257	FGF12	3
8092765	151963	MB21D2	3
8092769	344905	ATP13A5	3
8092800	84239	ATP13A4	3
8092836	1370	CPN2	3
8092839	131578	LRRC15	3
8092845	2814	GP5	3
8092849	79572	ATP13A3	3
8092888	93109	TMEM44	3
8092905	55341	LSG1	3
8092922	152002	XXYLT1	3
8092933	23527	ACAP2	3
8092959	5504	PPP1R2	3
8092970	347	APOD	3
8092978	4585	MUC4	3
8093013	10188	TNK2	3
8093053	7037	TFRC	3
8093074	131540	ZDHHC19	3
8093086	5130	PCYT1A	3
8093112	26043	UBXN7	3
8093130	165918	RNF168	3
8093137	255798	SMCO1	3
8093141	348793	WDR53	3
8093145	84984	CEP19	3
8093156	22916	NCBP2	3
8093166	80235	PIGZ	3
8093171	4241	MELTF	3
8093191	1739	DLG1	3
8093219	622	BDH1	3
8093230	9711	RUBCN	3
8093258	84223	IQCG	3
8093272	348840	ANKRD18DP	3
8093278	3081	HGD	3
8093294	729230	CCR2	3
8093298	1234	CCR5	3
8093304	9034	CCRL2	3
8093314	4710	NDUFB4	3
8093332	642280	ZNF876P	4
8093336	7700	ZNF141	4
8093343	54872	PIGG	4
8093360	5158	PDE6B	4
8093386	4636	MYL5	4
8093398	10336	PCGF3	4
8093413	84286	TMEM175	4
8093425	3425	IDUA	4
8093440	53834	FGFRL1	4
8093456	92070	CTBP1-DT	4
8093462	10296	MAEA	4
8093476	57654	UVSSA	4
8093500	10460	TACC3	4
8093518	2261	FGFR3	4
8093539	7468	NSD2	4
8093576	677770	SCARNA22	4
8093578	339983	NAT8L	4
8093590	6047	RNF4	4
8093601	8603	FAM193A	4
8093624	6452	SH3BP2	4
8093643	118	ADD1	4
8093665	2868	GRK4	4
8093685	3064	HTT	4
8093756	345222	MSANTD1	4
8093764	6002	RGS12	4
8093792	3083	HGFAC	4
8093807	285489	DOK7	4
8093826	152	ADRA2C	4
8093829	166793	ZBTB49	4
8093839	27065	NSG1	4
8093852	4487	MSX1	4
8093858	55351	STK32B	4
8093872	10141	LINC01587	4
8093878	2121	EVC	4
8093906	7466	WFS1	4
8093916	23324	MAN2B2	4
8093936	93621	MRFAP1	4
8093943	93622	MRFAP1L2	4
8093950	6286	S100P	4
8093957	55330	BLOC1S4	4
8093961	9778	KIAA0232	4
8093976	57533	TBC1D14	4
8093993	93624	TADA2B	4
8093997	57537	SORCS2	4
8094028	84740	AFAP1-AS1	4
8094030	389199	LOC389199	4
8094032	54436	SH3TC1	4
8094056	94031	HTRA3	4
8094070	152992	TRMT44	4
8094086	152992	TRMT44	4
8094093	27201	GPR78	4
8094101	8532	CPZ	4
8094136	245911	DEFB108B	11
8094144	81622	UNC93B1	11
8094154	391632	OR7E35P	4
8094156	1816	DRD5	4
8094165	391634	HSP90AB2P	4
8094169	132864	CPEB2	4
8094184	114905	C1QTNF7	4
8094190	57545	CC2D2A	4
8094226	285550	FAM200B	4
8094228	683	BST1	4
8094240	952	CD38	4
8094251	202020	TAPT1-AS1	4
8094253	645104	CLRN2	4
8094259	51056	LAP3	4
8094271	80306	MED28	4
8094278	64151	NCAPG	4
8094301	9353	SLIT2	4
8094340	407000	MIR218-1	4
8094342	133015	PACRGL	4
8094361	57733	GBA3	4
8094372	6649	SOD3	4
8094378	55300	PI4K2B	4
8094393	29063	ZCCHC4	4
8094408	29945	ANAPC4	4
8094441	10568	SLC34A2	4
8094456	389203	SMIM20	4
8094460	3516	RBPJ	4
8094476	55296	TBC1D19	4
8094501	57620	STIM2	4
8094520	5099	PCDH7	4
8094533	401124	DTHD1	4
8094542	57495	NWD2	4
8094550	55286	C4orf19	4
8094556	55276	PGM2	4
8094574	23216	TBC1D1	4
8094596	10744	PTTG2	4
8094599	51274	KLF3	4
8094609	92689	FAM114A1	4
8094625	51088	KLHL5	4
8094638	57728	WDR19	4
8094679	152831	KLB	4
8094688	11019	LIAS	4
8094701	401127	LOC401127	4
8094704	3093	UBE2K	4
8094719	55728	N4BP2	4
8094743	399	RHOH	4
8094751	55584	CHRNA9	4
8094759	79730	NSUN7	4
8094778	7345	UCHL1	4
8094789	22998	LIMCH1	4
8094830	55161	TMEM33	4
8094843	285429	DCAF4L1	4
8094848	10463	SLC30A9	4
8094870	152573	SHISA3	4
8094876	60558	GUF1	4
8094901	2560	GABRB1	4
8094911	57205	ATP10D	4
8094938	152519	NIPAL1	4
8094948	57606	SLAIN2	4
8094960	201780	SLC10A4	4
8094968	326340	ZAR1	4
8094974	54940	OCIAD1	4
8094988	80157	CWH43	4
8095009	23142	DCUN1D4	4
8095021	132671	SPATA18	4
8095043	65997	RASL11B	4
8095048	81608	FIP1L1	4
8095074	170825	GSX2	4
8095080	5156	PDGFRA	4
8095110	3815	KIT	4
8095139	79644	SRD5A3	4
8095148	55858	TMEM165	4
8095163	55763	EXOC1	4
8095187	9662	CEP135	4
8095216	57482	CRACD	4
8095221	10606	PAICS	4
8095230	6731	SRP72	4
8095246	132946	ARL9	4
8095251	100506564	SPMAP2L	4
8095262	5978	REST	4
8095269	5431	POLR2B	4
8095303	23284	ADGRL3	4
8095343	26228	STAP1	4
8095362	4502	MT2A	16
8095364	28983	TMPRSS11E	4
8095376	4502	MT2A	16
8095380	28983	TMPRSS11E	4
8095390	7365	UGT2B10	4
8095395	7364	UGT2B7	4
8095402	79799	UGT2A3	4
8095404	54490	UGT2B28	4
8095412	1446	CSN1S1	4
8095422	6779	STATH	4
8095430	3347	HTN3	4
8095435	3346	HTN1	4
8095441	286828	CSN1S2AP	4
8095451	401137	PRR27	4
8095456	54959	ODAM	4
8095467	260436	FDCSP	4
8095477	1448	CSN3	4
8095484	85438	CABS1	4
8095488	26952	SMR3A	4
8095491	10879	SMR3B	4
8095500	58503	OPRPN	4
8095504	4589	MUC7	4
8095508	401138	AMTN	4
8095519	258	AMBN	4
8095535	10117	ENAM	4
8095539	57050	UTP3	4
8095545	22902	RUFY3	4
8095566	92597	MOB1B	4
8095574	1633	DCK	4
8095585	8671	SLC4A4	4
8095616	10886	NPFFR2	4
8095628	213	ALB	4
8095646	174	AFP	4
8095663	173	AFM	4
8095680	3576	CXCL8	4
8095688	6372	CXCL6	4
8095694	5197	PF4V1	4
8095697	2919	CXCL1	4
8095705	441024	MTHFD2L	4
8095723	255324	EPGN	4
8095728	2069	EREG	4
8095736	374	AREG	4
8095744	374	AREG	4
8095751	25849	PARM1	4
8095760	152815	THAP6	4
8095767	152816	ODAPH	4
8095773	8615	USO1	4
8095806	419	ART3	4
8095834	57619	SHROOM3	4
8095854	55752	SEPTIN11	4
8095870	901	CCNG2	4
8095886	10563	CXCL13	4
8095894	65008	MRPL1	4
8095907	80144	FRAS1	4
8095986	306	ANXA3	4
8096004	55589	BMP2K	4
8096027	118425	PCAT4	4
8096032	56978	PRDM8	4
8096050	2250	FGF5	4
8096061	255119	CFAP299	4
8096070	651	BMP3	4
8096081	58478	ENOPH1	4
8096091	79725	THAP9	4
8096098	51138	COPS4	4
8096109	51023	MRPS18C	4
8096116	84803	GPAT3	4
8096130	1040	CDS1	4
8096147	404201	WDFY3-AS2	4
8096160	83478	ARHGAP24	4
8096176	5783	PTPN13	4
8096224	4299	AFF1	4
8096251	53343	NUDT9	4
8096265	1834	DSPP	4
8096274	1758	DMP1	4
8096281	3381	IBSP	4
8096290	56955	MEPE	4
8096296	3327	HSP90AB3P	4
8096301	6696	SPP1	4
8096314	5311	PKD2	4
8096335	55008	HERC6	4
8096361	51191	HERC5	4
8096385	8916	HERC3	4
8096411	166815	TIGD2	4
8096415	22915	MMRN1	4
8096425	401145	CCSER1	4
8096440	2895	GRID2	4
8096461	474	ATOH1	4
8096463	56916	SMARCAD1	4
8096489	10611	PDLIM5	4
8096511	658	BMPR1B	4
8096528	5161	PDHA2	4
8096538	5910	RAP1GDS1	4
8096556	23173	METAP1	4
8096568	84103	C4orf17	4
8096580	4547	MTTP	4
8096602	27071	DAPP1	4
8096617	55024	BANK1	4
8096635	4790	NFKB1	4
8096663	493856	CISD2	4
8096669	54790	TET2	4
8096675	54790	TET2	4
8096682	54848	ARHGEF38	4
8096688	79807	GSTCD	4
8096704	255743	NPNT	4
8096718	9255	AIMP1	4
8096733	166929	SGMS2	4
8096744	113612	CYP2U1	4
8096753	3033	HADH	4
8096765	6164	RPL34	4
8096771	58505	OSTC	4
8096781	10427	SEC24B	4
8096808	55013	MCUB	4
8096821	54433	GAR1	4
8096830	10692	RRH	4
8096839	345193	LRIT3	4
8096845	1950	EGF	4
8096875	2028	ENPEP	4
8096899	132720	FAM241A	4
8096905	55435	AP1AR	4
8096919	80216	ALPK1	4
8096938	51574	LARP7	4
8096959	287	ANK2	4
8097017	7368	UGT8	4
8097038	9348	NDST3	4
8097056	677809	SNORA24	4
8097058	645455	CEP170P1	4
8097066	57721	METTL14	4
8097080	171024	SYNPO2	4
8097086	51778	MYOZ2	4
8097098	54532	USP53	4
8097126	100192379	PP12613	4
8097128	5393	EXOSC9	4
8097148	84162	BLTP1	4
8097236	132612	ADAD1	4
8097252	166379	BBS12	4
8097256	2247	FGF2	4
8097262	166378	AFG2A	4
8097282	10252	SPRY1	4
8097288	79633	FAT4	4
8097307	27152	INTU	4
8097327	83447	SLC25A31	4
8097335	22824	HSPA4L	4
8097356	10733	PLK4	4
8097373	80167	ABHD18	4
8097388	55132	LARP1B	4
8097417	79960	JADE1	4
8097435	132321	C4orf33	4
8097449	57575	PCDH10	4
8097461	25819	NOCT	4
8097474	644714	LIMD1-AS1	3
8097480	80155	NAA15	4
8097507	83452	RAB33B	4
8097513	4258	MGST2	4
8097521	60592	SCOC	4
8097529	255520	ELMOD2	4
8097543	27309	ZNF330	4
8097553	3600	IL15	4
8097570	84640	USP38	4
8097586	2549	GAB1	4
8097600	8467	SMARCA5	4
8097626	441046	GUSBP5	4
8097628	64399	HHIP	4
8097647	6059	ABCE1	4
8097657	4086	SMAD1	4
8097670	166785	MMAA	4
8097679	11157	LSM6	4
8097687	5458	POU4F2	4
8097692	1909	EDNRA	4
8097704	55751	TMEM184C	4
8097717	79658	ARHGAP10	4
8097753	166614	DCLK2	4
8097773	10586	MAB21L2	4
8097782	6189	RPS3A	4
8097794	345062	PRSS48	4
8097801	729830	FHIP1A	4
8097811	54553	MIR4453HG	4
8097813	27236	ARFIP1	4
8097829	85462	FHDC1	4
8097841	23321	TRIM2	4
8097857	84057	MND1	4
8097867	23240	TMEM131L	4
8097903	7097	TLR2	4
8097910	2244	FGB	4
8097920	9227	LRAT	4
8097928	166863	RBM46	4
8097938	4887	NPY2R	4
8097957	2982	GUCY1A1	4
8097973	2983	GUCY1B1	4
8097991	6999	TDO2	4
8098006	2743	GLRB	4
8098021	2891	GRIA2	4
8098041	55314	TMEM144	4
8098060	59350	RXFP1	4
8098084	2110	ETFDH	4
8098103	57600	FNIP2	4
8098121	9693	RAPGEF2	4
8098146	4889	NPY5R	4
8098150	55319	TMA16	4
8098167	152756	FAM218A	4
8098170	166655	TRIM60	4
8098177	11275	KLHL2	4
8098195	6307	MSMO1	4
8098204	1363	CPE	4
8098214	7092	TLL1	4
8098246	11199	ANXA10	4
8098263	23022	PALLD	4
8098291	1182	CLCN3	4
8098307	442117	GALNTL6	4
8098328	51809	GALNT7	4
8098342	8819	SAP30	4
8098344	79804	HAND2-AS1	4
8098348	80817	CEP44	4
8098368	11086	ADAM29	4
8098379	116966	WDR17	4
8098414	60559	SPCS3	4
8098423	55247	NEIL3	4
8098439	4072	EPCAM	2
8098441	55714	TENM3	4
8098465	403315	CIBAR1P2	4
8098470	80014	WWC2	4
8098500	55602	CDKN2AIP	4
8098508	3622	ING2	4
8098512	60684	TRAPPC11	4
8098549	56977	STOX2	4
8098556	201973	PRIMPOL	4
8098571	391723	HELT	4
8098576	291	SLC25A4	4
8098581	83891	SNX25	4
8098604	353322	ANKRD37	4
8098611	7098	TLR3	4
8098620	25854	FAM149A	4
8098637	285440	CYP4V2	4
8098654	3818	KLKB1	4
8098671	2160	F11	4
8098688	105377596	LOC105377596	4
8098690	132625	ZFP42	4
8098697	339976	TRIML1	4
8098705	54516	MTRF1L	6
8098707	3323	HSP90AA4P	4
8098714	2483	FRG1	4
8098745	654254	ZNF732	4
8098752	79963	ABCA11P	4
8098762	521	ATP5ME	4
8098769	84179	SLC49A3	4
8098782	10815	CPLX1	4
8098789	2580	GAK	4
8098822	1609	DGKQ	4
8098848	10861	SLC26A1	4
8098856	285498	RNF212	4
8098870	10417	SPON2	4
8098877	100130872	LOC100130872	4
8098880	1487	CTBP1	4
8098895	152877	FAM53A	4
8098902	152877	FAM53A	4
8098904	7884	SLBP	4
8098916	92305	TMEM129	4
8098924	3954	LETM1	4
8098958	353497	POLN	4
8098995	10608	MXD4	4
8099008	57732	ZFYVE28	4
8099029	79155	TNIP2	4
8099037	10227	MFSD10	4
8099051	8602	NOP14	4
8099073	4043	LRPAP1	4
8099084	348926	FAM86EP	4
8099093	133060	OTOP1	4
8099099	85013	TMEM128	4
8099107	55646	LYAR	4
8099121	53407	STX18	4
8099132	54360	CYTL1	4
8099144	132884	EVC2	4
8099172	1400	CRMP1	4
8099193	389197	C4orf50	4
8099200	152789	JAKMIP1	4
8099218	5522	PPP2R2C	4
8099235	114932	MRFAP1L1	4
8099242	257236	CCDC96	4
8099246	80273	GRPEL1	4
8099255	768239	PSAPL1	4
8099259	60312	AFAP1	4
8099279	84448	ABLIM2	4
8099302	407052	MIR95	4
8099304	8310	ACOX3	4
8099326	56606	SLC2A9	4
8099340	9948	WDR1	4
8099364	85460	ZNF518B	4
8099368	116449	CLNK	4
8099388	9957	HS3ST1	4
8099395	9364	RAB28	4
8099406	579	NKX3-2	4
8099410	259282	BOD1L1	4
8099438	201853	LINC00504	4
8099449	26234	FBXL5	4
8099467	9982	FGFBP1	4
8099471	83888	FGFBP2	4
8099476	8842	PROM1	4
8099506	202018	TAPT1	4
8099524	9079	LDB2	4
8099541	5860	QDPR	4
8099551	27146	FAM184B	4
8099570	54876	DCAF16	4
8099581	254251	LCORL	4
8099593	80333	KCNIP4	4
8099612	166647	ADGRA3	4
8099633	10891	PPARGC1A	4
8099649	1665	DHX15	4
8099670	91050	CCDC149	4
8099685	55203	LGI2	4
8099696	51091	SEPSECS	4
8099721	23231	SEL1L3	4
8099746	886	CCKAR	4
8099760	116984	ARAP2	4
8099797	768211	RELL1	4
8099817	79667	KLF3-AS1	4
8099826	81793	TLR10	4
8099834	7096	TLR1	4
8099841	10333	TLR6	4
8099850	80008	TMEM156	4
8099860	5981	RFC1	4
8099897	7358	UGDH	4
8099912	201895	SMIM14	4
8099926	23244	PDS5A	4
8099967	54502	RBM47	4
8099982	323	APBB2	4
8100007	8929	PHOX2B	4
8100015	389206	BEND4	4
8100026	10396	ATP8A1	4
8100070	386617	KCTD8	4
8100076	285525	YIPF7	4
8100085	132789	GNPDA2	4
8100097	2565	GABRG1	4
8100109	2555	GABRA2	4
8100127	170712	COX7B2	4
8100131	2557	GABRA4	4
8100145	54951	COMMD8	4
8100154	10699	CORIN	4
8100179	152518	NFXL1	4
8100202	1259	CNGA1	4
8100210	7294	TXK	4
8100231	7006	TEC	4
8100251	285527	FRYL	4
8100292	285527	FRYL	4
8100298	132299	OCIAD2	4
8100312	339977	LRRC66	4
8100318	6443	SGCB	4
8100328	64854	USP46	4
8100338	100288413	ERVMER34-1	4
8100347	152579	SCFD2	4
8100362	84708	LNX1	4
8100378	402176	RPL21P44	4
8100382	26511	CHIC2	4
8100393	3791	KDR	4
8100428	9575	CLOCK	4
8100458	132954	PDCL2	4
8100464	10874	NMU	4
8100478	132949	AASDH	4
8100495	5471	PPAT	4
8100507	84525	HOPX	4
8100523	6691	SPINK2	4
8100532	84273	NOA1	4
8100541	3490	IGFBP7	4
8100557	253017	TECRL	4
8100578	2044	EPHA5	4
8100603	1060	CENPC	4
8100615	55236	UBA6	4
8100655	2798	GNRHR	4
8100664	9407	TMPRSS11D	4
8100675	339967	TMPRSS11A	4
8100688	389208	TMPRSS11F	4
8100699	401135	SYT14P1	4
8100701	132724	TMPRSS11B	4
8100714	91746	YTHDC1	4
8100734	7367	UGT2B17	4
8100760	79799	UGT2A3	4
8100784	7363	UGT2B4	4
8100798	27284	SULT1B1	4
8100808	6783	SULT1E1	4
8100819	1447	CSN2	4
8100827	3512	JCHAIN	4
8100834	2926	GRSF1	4
8100853	2638	GC	4
8100870	9508	ADAMTS3	4
8100893	285521	COX18	4
8100902	26057	ANKRD17	4
8100943	166824	RASSF6	4
8100966	5196	PF4	4
8100971	5473	PPBP	4
8100977	6374	CXCL5	4
8100984	2921	CXCL3	4
8100990	10895	PPBPP2	4
8100994	2920	CXCL2	4
8101002	685	BTC	4
8101011	100507388	PARM1-AS1	4
8101013	25898	RCHY1	4
8101031	8999	CDKL2	4
8101043	9908	G3BP2	4
8101065	5470	PPEF2	4
8101086	27163	NAAA	4
8101099	55153	SDAD1	4
8101118	4283	CXCL9	4
8101126	3627	CXCL10	4
8101131	6373	CXCL11	4
8101143	53371	NUP54	4
8101158	950	SCARB2	4
8101174	339965	CCDC158	4
8101207	345079	SOWAHB	4
8101212	10983	CCNI	4
8101228	246175	CNOT6L	4
8101237	152559	PAQR3	4
8101253	84779	NAA11	4
8101256	2712	GK2	4
8101260	118429	ANTXR2	4
8101284	5593	PRKG2	4
8101304	153020	RASGEF1B	4
8101324	3184	HNRNPD	4
8101340	9987	HNRNPDL	4
8101357	728131	RPS6P6	4
8101359	439934	LINC00575	4
8101366	79966	SCD5	4
8101411	132660	LIN54	4
8101429	51316	PLAC8	4
8101437	27235	COQ2	4
8101449	10855	HPSE	4
8101467	113510	HELQ	4
8101489	84142	ABRAXAS1	4
8101507	4825	NKX6-1	4
8101511	23001	WDFY3	4
8101587	5602	MAPK10	4
8101609	345274	SLC10A6	4
8101616	132989	C4orf36	4
8101622	9524	TECR	19
8101624	57563	KLHL8	4
8101637	345275	HSD17B13	4
8101648	51170	HSD17B11	4
8101659	8404	SPARCL1	4
8101675	9429	ABCG2	4
8101699	152926	PPM1K	4
8101701	152926	PPM1K	4
8101723	266812	NAP1L5	4
8101728	10144	FAM13A	4
8101757	285513	GPRIN3	4
8101762	6622	SNCA	4
8101780	27306	HPGDS	4
8101788	8633	UNC5C	4
8101816	285555	STPG2	4
8101828	10098	TSPAN5	4
8101839	1977	EIF4E	4
8101844	128	ADH5	4
8101852	127	ADH4	4
8101862	130	ADH6	4
8101874	124	ADH1A	4
8101881	125	ADH1B	4
8101893	126	ADH1C	4
8101904	131	ADH7	4
8101916	93587	TRMT10A	4
8101925	8649	LAMTOR3	4
8101934	79982	DNAJB14	4
8101945	3015	H2AZ1	4
8101952	115265	DDIT4L	4
8101957	51705	EMCN	4
8101971	5530	PPP3CA	4
8101992	64116	SLC39A8	4
8102006	4126	MANBA	4
8102024	7323	UBE2D3	4
8102039	150159	SLC9B1	4
8102050	133308	SLC9B2	4
8102065	56898	BDH2	4
8102076	1062	CENPE	4
8102127	6870	TACR3	4
8102135	80319	CXXC4	4
8102141	27068	PPA2	4
8102162	57117	INTS12	4
8102171	93627	TBCK	4
8102200	27123	DKK2	4
8102214	9061	PAPSS1	4
8102232	51176	LEF1	4
8102247	285456	RPL34-DT	4
8102249	64850	ETNPPL	4
8102263	84570	COL25A1	4
8102311	839	CASP6	4
8102328	3426	CFI	4
8102342	79071	ELOVL6	4
8102352	5308	PITX2	4
8102362	92610	TIFA	4
8102368	63973	NEUROG2	4
8102371	55345	ZGRF1	4
8102389	55345	ZGRF1	4
8102404	407028	MIR302A	4
8102406	442894	MIR302B	4
8102415	817	CAMK2D	4
8102440	79642	ARSJ	4
8102450	64579	NDST4	4
8102464	133022	TRAM1L1	4
8102468	8492	PRSS12	4
8102482	9871	SEC24D	4
8102513	101929762	LOC101929762	4
8102518	401152	C4orf3	4
8102523	2169	FABP2	4
8102532	8654	PDE5A	4
8102560	4085	MAD2L1	4
8102567	11107	PRDM5	4
8102587	79625	NDNF	4
8102594	79931	TNIP3	4
8102608	84109	QRFPR	4
8102610	84109	QRFPR	4
8102619	308	ANXA5	4
8102636	132332	SMIM43	4
8102643	890	CCNA2	4
8102655	55212	BBS7	4
8102678	7222	TRPC3	4
8102697	3558	IL2	4
8102707	59067	IL21	4
8102713	11162	NUDT6	4
8102720	57182	ANKRD50	4
8102730	256471	MFSD8	4
8102745	10424	PGRMC2	4
8102751	132320	SCLT1	4
8102789	7013	TERF1	8
8102792	54510	PCDH18	4
8102800	23657	SLC7A11	4
8102817	1998	ELF2	4
8102831	84709	MGARP	4
8102839	4717	NDUFC1	4
8102848	80854	SETD7	4
8102862	55534	MAML3	4
8102871	100129858	SCOC-AS1	4
8102877	1047	CLGN	4
8102894	152586	MGAT4D	4
8102904	7350	UCP1	4
8102912	23158	TBC1D9	4
8102938	57484	RNF150	4
8102950	8821	INPP4B	4
8102982	2549	GAB1	4
8102986	166752	FREM3	4
8102988	2996	GYPE	4
8102993	2994	GYPB	4
8102998	2993	GYPA	4
8103005	10393	ANAPC10	4
8103011	54726	OTUD4	4
8103025	152485	ZNF827	4
8103043	84068	SLC10A7	4
8103064	83894	TTC29	4
8103079	90826	PRMT9	4
8103094	4306	NR3C2	4
8103106	987	LRBA	4
8103166	152503	SH3D19	4
8103188	5188	GATB	4
8103206	55294	FBXW7	4
8103222	6189	RPS3A	4
8103226	201799	TMEM154	4
8103235	201798	TIGD4	4
8103240	303	ANXA2P1	4
8103244	285533	RNF175	4
8103254	6423	SFRP2	4
8103260	54798	DCHS2	4
8103289	5356	PLRG1	4
8103311	2243	FGA	4
8103326	2266	FGG	4
8103341	79884	MAP9	4
8103378	51802	ASIC5	4
8103389	1519	CTSO	4
8103399	56034	PDGFC	4
8103415	51313	GASK1B	4
8103431	201725	C4orf46	4
8103437	5481	PPID	4
8103452	152940	SPMIP2	4
8103466	56884	FSTL5	4
8103485	92345	NAF1	4
8103494	4886	NPY1R	4
8103503	84076	TKTL2	4
8103508	55016	MARCHF1	4
8103518	23520	ANP32CP	4
8103520	391712	TRIM61	4
8103524	201931	TMEM192	4
8103535	2713	GK3	4
8103544	50859	SPOCK3	4
8103563	55601	DDX60	4
8103601	91351	DDX60L	4
8103622	84869	CBR4	4
8103630	57630	SH3RF1	4
8103646	4750	NEK1	4
8103684	54969	HPF1	4
8103695	9848	MFAP3L	4
8103706	51166	AADAT	4
8103722	441051	HSP90AA6P	4
8103728	3148	HMGB2	4
8103736	11341	SCRG1	4
8103745	9464	HAND2	4
8103755	26269	FBXO8	4
8103769	3248	HPGD	4
8103778	8001	GLRA3	4
8103789	2823	GPM6A	4
8103802	132851	SPATA4	4
8103812	140458	ASB5	4
8103822	7424	VEGFC	4
8103834	175	AGA	4
8103853	90768	TENM3-AS1	4
8103859	1635	DCTD	4
8103867	152641	WWC2-AS2	4
8103877	53842	CLDN22	4
8103879	100132463	CLDN24	4
8103881	201965	RWDD4	4
8103894	133121	ENPP6	4
8103906	728175	LINC02363	4
8103911	3660	IRF2	4
8103922	836	CASP3	4
8103932	79682	CENPU	4
8103951	2180	ACSL1	4
8103975	643036	SLED1	4
8103979	57587	CFAP97	4
8103986	55805	LRP2BP	4
8103998	55325	UFSP2	4
8104014	256309	CCDC110	4
8104022	27295	PDLIM3	4
8104035	8470	SORBS2	4
8104066	8470	SORBS2	4
8104072	651430	FLJ38576	4
8104074	4543	MTNR1A	4
8104079	2195	FAT1	4
8104107	205860	TRIML2	4
8104131	441058	LINC01667	21
8104136	3166	HMX1	4
8104139	389834	LOC389834	15
8104141	153478	PLEKHG4B	5
8104163	389257	LRRC14B	5
8104166	6389	SDHA	5
8104201	11336	EXOC3	5
8104220	55722	CEP72	5
8104234	9319	TRIP13	5
8104253	85409	NKD2	5
8104268	340024	SLC6A19	5
8104281	348932	SLC6A18	5
8104298	4726	NDUFS6	5
8104307	153571	IRX2-DT	5
8104314	79192	IRX1	5
8104321	170690	ADAMTS16	5
8104350	23379	ICE1	5
8104369	6715	SRD5A1	5
8104378	11044	TENT4A	5
8104394	108	ADCY2	5
8104422	4552	MTRR	5
8104449	22948	CCT5	5
8104463	10299	MARCHF6	5
8104492	83853	ROPN1L	5
8104499	651746	ANKRD33B	5
8104506	7204	TRIO	5
8104570	54491	OTULINL	5
8104580	90268	OTULIN	5
8104592	23194	FBXL7	5
8104601	10409	BASP1	5
8104627	5369	PMCHL1	5
8104634	56979	PRDM9	5
8104643	439936	LINC02899	5
8104656	729862	LSP1P3	5
8104663	1004	CDH6	5
8104680	55322	C5orf22	5
8104693	23037	PDZD2	5
8104738	10923	SUB1	5
8104746	4883	NPR3	5
8104758	4883	NPR3	5
8104760	6897	TARS1	5
8104781	51289	RXFP3	5
8104788	26064	RAI14	5
8104812	153657	TTC23L	5
8104825	55299	BRIX1	5
8104838	134218	DNAJC21	5
8104856	79925	SPEF2	5
8104901	3575	IL7R	5
8104912	6502	SKP2	5
8104930	6507	SLC1A3	5
8104944	25836	NIPBL	5
8104998	55100	WDR70	5
8105013	133584	EGFLAM	5
8105040	9180	OSMR	5
8105067	5734	PTGER4	5
8105077	84674	CARD6	5
8105084	730	C7	5
8105104	285636	RIMOC1	5
8105111	26272	FBXO4	5
8105121	2690	GHR	5
8105132	153684	ANXA2R-AS1	5
8105136	7690	ZNF131	5
8105146	167359	NIM1K	5
8105153	23530	NNT	5
8105181	10884	MRPS30	5
8105191	79668	PARP8	5
8105220	3670	ISL1	5
8105267	3673	ITGA2	5
8105302	10468	FST	5
8105311	4724	NDUFS4	5
8105323	8988	HSPB3	5
8105328	112574	SNX18	5
8105331	3003	GZMK	5
8105340	3001	GZMA	5
8105348	493869	GPX8	5
8105353	23517	MTREX	5
8105384	54514	DDX4	5
8105411	133396	IL31RA	5
8105432	6171	RPL41	12
8105436	4214	MAP3K1	5
8105456	133383	SETD9	5
8105463	65056	GPBP1	5
8105481	202309	GAPT	5
8105487	115827	RAB3C	5
8105495	25859	PART1	5
8105499	91942	NDUFAF2	5
8105506	57688	ZSWIM6	5
8105517	285668	C5orf64	5
8105523	3796	KIF2A	5
8105585	285671	RNF180	5
8105596	401190	RGS7BP	5
8105607	100132916	SHISAL2B	5
8105612	10283	CWC27	5
8105633	23398	PPWD1	5
8105647	80006	TRAPPC13	5
8105661	80006	TRAPPC13	5
8105663	57486	NLN	5
8105681	55914	ERBIN	5
8105714	140890	SREK1	5
8105731	401191	LOC401191	5
8105741	375449	MAST4	5
8105778	5295	PIK3R1	5
8105801	64924	SLC30A5	5
8105828	891	CCNB1	5
8105842	64946	CENPH	5
8105852	92259	MRPS36	5
8105862	1022	CDK7	5
8105878	5884	RAD17	5
8105899	153562	MARVELD2	5
8106025	55814	BDP1	5
8106068	64087	MCCC2	5
8106088	9607	CARTPT	5
8106098	4131	MAP1B	5
8106107	79810	PTCD2	5
8106122	3842	TNPO1	5
8106141	115548	FCHO2	5
8106170	134285	TMEM171	5
8106176	134288	TMEM174	5
8106181	689	BTF3	5
8106189	65991	FUNDC2	X
8106193	84135	UTP15	5
8106210	64283	ARHGEF28	5
8106252	3074	HEXB	5
8106271	10412	NSA2	5
8106280	3156	HMGCR	5
8106303	51426	POLK	5
8106325	728780	ANKDD1B	5
8106336	22987	SV2C	5
8106354	10788	IQGAP2	5
8106393	2149	F2R	5
8106403	2150	F2RL1	5
8106411	170591	S100Z	5
8106418	1393	CRHBP	5
8106429	55109	AGGF1	5
8106448	8622	PDE8B	5
8106479	9522	SCAMP1	5
8106494	23743	BHMT2	5
8106504	635	BHMT	5
8106516	133746	JMY	5
8106534	167153	TENT2	5
8106556	202333	CMYA5	5
8106573	7060	THBS4	5
8106597	84654	SPZ1	5
8106602	9765	ZFYVE16	5
8106626	167555	FAM151B	5
8106633	4437	MSH3	5
8106660	5924	RASGRF2	5
8106689	1160	CKMT2	5
8106702	84240	ZCCHC9	5
8106709	83734	ATG10	5
8106722	92270	ATP6AP1L	5
8106727	92270	ATP6AP1L	5
8106730	7518	XRCC4	5
8106743	1462	VCAN	5
8106771	285622	NBPF22P	5
8106776	1350	COX7C	5
8106784	5921	RASA1	5
8106818	731157	LOC731157	5
8106820	10622	POLR3G	5
8106827	84059	ADGRV1	5
8106923	7025	NR2F1	5
8106931	84250	SLF1	5
8106950	153643	FAM81B	5
8106962	153642	ARSK	5
8106976	285601	GPR150	5
8106978	317671	RFESD	5
8106986	22836	RHOBTB3	5
8106999	202299	LINC01554	5
8107005	831	CAST	5
8107044	64167	ERAP2	5
8107066	4012	LNPEP	5
8107100	285704	RGMB	5
8107119	345757	FAM174A	5
8107133	5066	PAM	5
8107164	23262	PPIP5K2	5
8107194	90355	MACIR	5
8107200	9366	RAB9BP1	5
8107208	2241	FER	5
8107234	4124	MAN2A1	5
8107259	91137	SLC25A46	5
8107270	85480	TSLP	5
8107282	134430	WDR36	5
8107307	814	CAMK4	5
8107321	114915	EPB41L4A-AS1	5
8107326	654322	SNORA13	5
8107328	54508	EPB41L4A-DT	5
8107330	324	APC	5
8107350	6728	SRP19	5
8107356	167227	DCP2	5
8107375	64848	YTHDC2	5
8107408	3781	KCNN2	5
8107421	1176	AP3S1	5
8107429	206338	LVRN	5
8107458	51397	COMMD10	5
8107470	5757	PTMA	2
8107474	1657	DMXL1	5
8107520	25816	TNFAIP8	5
8107532	3295	HSD17B4	5
8107554	340069	FAM170A	5
8107563	51334	PRR16	5
8107576	94033	FTMT	5
8107578	153443	SRFBP1	5
8107594	9627	SNCAIP	5
8107613	6643	SNX2	5
8107632	28966	SNX24	5
8107646	93166	PRDM6	5
8107655	1456	CSNK1G3	5
8107673	65983	GRAMD2B	5
8107691	51808	PHAX	5
8107702	389320	SPMIP10	5
8107706	4001	LMNB1	5
8107722	84466	MEGF10	5
8107750	133619	PRRC1	5
8107764	613212	CTXN3	5
8107769	6558	SLC12A2	5
8107798	28965	SLC27A6	5
8107814	51015	ISOC1	5
8107823	171019	ADAMTS19	5
8107847	100127206	MINAR2	5
8107850	337876	CHSY3	5
8107855	100151684	RNU6ATAC	9
8107859	90624	LYRM7	5
8107868	56990	CDC42SE2	5
8107878	3562	IL3	5
8107887	1437	CSF2	5
8107897	8572	PDLIM4	5
8107909	6583	SLC22A4	5
8107920	6584	SLC22A5	5
8107934	441108	IRF1-AS1	5
8107942	10111	RAD50	5
8107970	3596	IL13	5
8107977	3565	IL4	5
8107985	645121	CCNI2	5
8107992	134548	SOWAHA	5
8107998	27089	UQCRQ	5
8108006	116842	LEAP2	5
8108015	3308	HSPA4	5
8108050	6932	TCF7	5
8108066	7320	UBE2B	5
8108080	23338	JADE2	5
8108099	10802	SEC24A	5
8108127	819	CAMLG	5
8108134	9879	DDX46	5
8108163	134553	C5orf24	5
8108166	79770	TXNDC15	5
8108174	84105	PCBD2	5
8108182	347732	CATSPER3	5
8108199	153328	SLC25A48	5
8108205	26223	FBXL21P	5
8108217	7045	TGFBI	5
8108238	4090	SMAD5	5
8108251	4888	NPY6R	5
8108256	9499	MYOT	5
8108267	27039	PKD2L2	5
8108287	7478	WNT8A	5
8108301	10112	KIF20A	5
8108321	51307	FAM53C	5
8108330	51780	KDM3B	5
8108359	51308	REEP2	5
8108370	1958	EGR1	5
8108378	1495	CTNNA1	5
8108420	26821	SNORA74A	5
8108424	51247	PAIP2	5
8108435	7322	UBE2D2	5
8108447	51523	CXXC5	5
8108453	84249	PSD2	5
8108472	5813	PURA	5
8108475	492311	IGIP	5
8108478	84418	CYSTM1	5
8108483	83697	SLC4A9	5
8108558	113829	SLC35A4	5
8108579	55374	TMCO6	5
8108593	54853	WDR55	5
8108603	23438	HARS2	5
8108620	153527	ZMAT2	5
8108627	56664	VTRNA1-1	5
8108629	56663	VTRNA1-2	5
8108631	56662	VTRNA1-3	5
8108679	29930	PCDHB1	5
8108683	56133	PCDHB2	5
8108688	56132	PCDHB3	5
8108693	56131	PCDHB4	5
8108697	26167	PCDHB5	5
8108703	56130	PCDHB6	5
8108706	54661	PCDHB17P	5
8108708	56129	PCDHB7	5
8108713	56128	PCDHB8	5
8108716	57717	PCDHB16	5
8108720	56127	PCDHB9	5
8108724	56126	PCDHB10	5
8108729	56125	PCDHB11	5
8108733	56124	PCDHB12	5
8108737	56123	PCDHB13	5
8108744	56122	PCDHB14	5
8108749	54660	PCDHB18P	5
8108753	56121	PCDHB15	5
8108822	285613	RELL2	5
8108832	9812	DELE1	5
8108847	9604	RNF14	5
8108861	80762	NDFIP1	5
8108873	23092	ARHGAP26	5
8108900	57824	HMHB1	5
8108905	57528	KCTD16	5
8108912	153769	SH3RF2	5
8108927	54439	RBM27	5
8108949	5459	POU4F3	5
8108954	10915	TCERG1	5
8108981	202374	STK32A	5
8108995	117156	SCGB3A2	5
8109001	11005	SPINK5	5
8109039	408187	SPINK14	5
8109044	404203	SPINK6	5
8109049	84651	SPINK7	5
8109057	643394	SPINK9	5
8109062	81545	FBXO38	5
8109086	154	ADRB2	5
8109093	22885	ABLIM3	5
8109120	134265	AFAP1L1	5
8109141	134266	GRPEL2	5
8109149	78991	PCYOX1L	5
8109161	389337	ARHGEF37	5
8109179	133522	PPARGC1B	5
8109194	1836	SLC26A2	5
8109201	22993	HMGXB3	5
8109222	6129	RPL7	8
8109226	1044	CDX1	5
8109236	6534	SLC6A7	5
8109254	6949	TCOF1	5
8109283	3340	NDST1	5
8109305	11346	SYNPO	5
8109315	91977	MYOZ3	5
8109326	85027	SMIM3	5
8109333	2878	GPX3	5
8109344	2760	GM2A	5
8109350	206358	SLC36A1	5
8109368	10146	G3BP1	5
8109383	2890	GRIA1	5
8109403	4238	MFAP3	5
8109407	55568	GALNT10	5
8109428	79685	SAP30L	5
8109438	23367	LARP1	5
8109462	9337	CNOT8	5
8109475	29093	MRPL22	5
8109490	6444	SGCD	5
8109505	153743	PPP1R2B	5
8109507	3702	ITK	5
8109528	26999	CYFIP2	5
8109563	348938	NIPAL4	5
8109572	100190949	C5orf52	5
8109576	54974	THG1L	5
8109585	134353	LSM11	5
8109597	134510	UBLCP1	5
8109612	147	ADRA1B	5
8109620	7265	TTC1	5
8109629	2172	FABP6	5
8109639	9232	PTTG1	5
8109651	2559	GABRA6	5
8109663	2554	GABRA1	5
8109677	2566	GABRG2	5
8109697	900	CCNG1	5
8109712	3161	HMMR	5
8109732	27430	MAT2B	5
8109750	6175	RPLP0	12
8109752	57451	TENM2	5
8109773	23286	WWC1	5
8109802	5917	RARS1	5
8109830	54908	SPDL1	5
8109843	1794	DOCK2	5
8109901	2299	FOXI1	5
8109908	257358	LINC01366	5
8109912	30820	KCNIP1	5
8109926	2568	GABRP	5
8109938	64901	RANBP17	5
8109969	30012	TLX3	5
8109975	4869	NPM1	5
8109981	8817	FGF18	5
8109990	644994	SMIM23	5
8109995	100288254	LOC100288254	5
8109999	57222	ERGIC1	5
8110018	51121	RPL26L1	5
8110022	8992	ATP6V0E1	5
8110032	153222	CREBRF	5
8110043	662	BNIP1	5
8110055	80315	CPEB4	5
8110068	133491	C5orf47	5
8110074	51617	NSG2	5
8110084	4488	MSX2	5
8110090	94081	SFXN1	5
8110106	3274	HRH2	5
8110114	10814	CPLX2	5
8110147	375484	SIMC1	5
8110158	285598	ARL10	5
8110166	192286	HIGD2A	5
8110169	23197	FAF2	5
8110183	54825	CDHR2	5
8110218	253314	EIF4E1B	5
8110224	26262	TSPAN17	5
8110237	90249	UNC5A	5
8110253	23567	ZNF346	5
8110265	2264	FGFR4	5
8110289	64324	NSD1	5
8110318	27166	PRELID1	5
8110327	10636	RGS14	5
8110347	6569	SLC34A1	5
8110362	2870	GRK6	5
8110382	80758	PRR7	5
8110392	54732	TMED9	5
8110399	11285	B4GALT7	5
8110415	64426	SUDS3	12
8110430	23138	N4BP3	5
8110437	64777	RMND5B	5
8110450	3182	HNRNPAB	5
8110463	117608	ZNF354B	5
8110472	80108	ZFP2	5
8110478	285676	ZNF454	5
8110486	345462	ZNF879	5
8110491	30832	ZNF354C	5
8110499	80230	RUFY1	5
8110518	285679	C5orf60	5
8110522	821	CANX	5
8110569	8878	SQSTM1	5
8110589	57472	CNOT6	5
8110620	10917	BTNL3	5
8110631	153579	BTNL9	5
8110647	285659	OR2V2	5
8110649	90933	TRIM41	5
8110666	101928649	CTC-338M12.4	5
8110678	133957	CCDC127	5
8110681	116349	EXOC3-AS1	5
8110685	25845	SLC9A3-OT1	5
8110688	6550	SLC9A3	5
8110706	100996325	CEP72-DT	5
8110708	11076	TPPP	5
8110721	79844	ZDHHC11	5
8110734	65980	BRD9	5
8110755	10723	SLC12A7	5
8110783	7015	TERT	5
8110803	81037	CLPTM1L	5
8110821	6531	SLC6A3	5
8110841	79888	LPCAT1	5
8110861	64979	MRPL36	5
8110865	50805	IRX4	5
8110872	153572	IRX2	5
8110882	401172	LINC02145	5
8110886	84246	MED10	5
8110894	54888	NSUN2	5
8110916	442132	LOC442132	5
8110920	79072	FASTKD3	5
8110932	9037	SEMA5A	5
8110960	50834	TAS2R1	5
8110966	134145	ATPSCKMT	5
8110971	134147	CMBL	5
8110982	1611	DAP	5
8110990	1501	CTNND2	5
8111019	1767	DNAH5	5
8111101	56172	ANKH	5
8111124	441061	MARCHF11	5
8111127	441061	MARCHF11	5
8111129	90441	ZNF622	5
8111136	54463	RETREG1	5
8111153	4651	MYO10	5
8111203	285696	BASP1-AS1	5
8111220	1016	CDH18	5
8111234	1010	CDH12	5
8111255	1008	CDH10	5
8111271	1007	CDH9	5
8111286	29102	DROSHA	5
8111331	64083	GOLPH3	5
8111339	54545	MTMR12	5
8111360	51663	ZFR	5
8111387	81792	ADAMTS12	5
8111417	51151	SLC45A2	5
8111457	5810	RAD1	5
8111474	64902	AGXT2	5
8111490	5618	PRLR	5
8111506	133690	CAPSL	5
8111512	133688	UGT3A1	5
8111524	167127	UGT3A2	5
8111533	92255	LMBRD2	5
8111552	133686	NADK2	5
8111569	202151	RANBP3L	5
8111584	65250	CPLANE1	5
8111629	9631	NUP155	5
8111670	2668	GDNF	5
8111677	3977	LIFR	5
8111698	253260	RICTOR	5
8111739	2533	FYB1	5
8111757	735	C9	5
8111772	1601	DAB2	5
8111788	23548	TTC33	5
8111796	5562	PRKAA1	5
8111821	133558	MROH2B	5
8111864	729	C6	5
8111887	345557	PLCXD3	5
8111892	5019	OXCT1	5
8111915	6414	SELENOP	5
8111922	648987	ANXA2R-OT1	5
8111925	389289	ANXA2R	5
8111930	100132356	LOC100132356	5
8111932	56477	CCL28	5
8111941	3157	HMGCS1	5
8111952	64417	TMEM267	5
8111960	375444	C5orf34	5
8111974	10605	PAIP1	5
8111993	2255	FGF10	5
8111998	348980	HCN1	5
8112007	133418	EMB	5
8112020	4338	MOCS2	5
8112033	54622	ARL15	5
8112045	11082	ESM1	5
8112053	166979	CDC20B	5
8112072	10309	CCNO	5
8112081	54505	DHX29	5
8112107	8611	PLPP1	5
8112121	153129	SLC38A9	5
8112139	3572	IL6ST	5
8112159	79722	ANKRD55	5
8112176	100151684	RNU6ATAC	9
8112182	166968	MIER3	5
8112198	345651	ACTBL2	5
8112202	10769	PLK2	5
8112220	5144	PDE4D	5
8112260	55789	DEPDC1B	5
8112274	79993	ELOVL7	5
8112285	1161	ERCC8	5
8112302	643155	SMIM15	5
8112312	27292	DIMT1	5
8112327	1163	CKS1B	1
8112331	81689	ISCA1	9
8112333	3350	HTR1A	5
8112337	285672	SREK1IP1	5
8112342	11174	ADAMTS6	5
8112376	64105	CENPK	5
8112388	373	TRIM23	5
8112409	54557	SGTB	5
8112428	4064	CD180	5
8112435	101928885	LINC02198	5
8112439	202243	CCDC125	5
8112478	4671	NAIP	5
8112521	4671	NAIP	5
8112570	23107	MRPS27	5
8112584	167465	ZNF366	5
8112592	2297	FOXD1	5
8112596	57763	ANKRA2	5
8112615	8507	ENC1	5
8112622	84340	GFM2	5
8112649	26049	FAM169A	5
8112668	51301	GCNT4	5
8112672	256006	ANKRD31	5
8112687	10087	CERT1	5
8112709	134359	POC5	5
8112728	5908	RAP1B	12
8112731	2151	F2RL2	5
8112740	84327	ZBED3	5
8112746	55255	WDR41	5
8112763	23440	OTP	5
8112767	6902	TBCA	5
8112772	8546	AP3B1	5
8112803	10184	LHFPL2	5
8112807	411	ARSB	5
8112822	29958	DMGDH	5
8112841	9456	HOMER1	5
8112857	345778	MTX3	5
8112865	256987	SERINC5	5
8112883	644936	LOC644936	5
8112896	340120	ANKRD34B	5
8112902	1719	DHFR	5
8112920	134526	ACOT12	5
8112940	23635	SSBP2	5
8112961	6228	RPS23	5
8112967	153339	TMEM167A	5
8112971	1404	HAPLN1	5
8112980	10085	EDIL3	5
8112998	645261	LOC645261	5
8113003	55338	LINC01949	5
8113010	902	CCNH	5
8113023	153396	TMEM161B	5
8113039	4208	MEF2C	5
8113050	1070	CETN3	5
8113059	153364	MBLAC2	5
8113064	116068	LYSMD3	5
8113073	57561	ARRDC3	5
8113083	83989	ARB2A	5
8113094	134187	POU5F2	5
8113097	285600	KIAA0825	5
8113103	285600	KIAA0825	5
8113113	285600	KIAA0825	5
8113130	79772	MCTP1	5
8113157	9652	SKIC3	5
8113202	83890	SPATA9	5
8113214	2745	GLRX	5
8113220	22936	ELL2	5
8113234	5122	PCSK1	5
8113250	51752	ERAP1	5
8113278	167410	LIX1	5
8113286	55781	RIOK2	5
8113305	1105	CHD1	5
8113358	7903	ST8SIA4	5
8113369	353189	SLCO4C1	5
8113385	133482	SLCO6A1	5
8113403	54826	GIN1	5
8113413	83594	NUDT12	5
8113433	1946	EFNA5	5
8113445	64839	FBXL17	5
8113469	9867	PJA2	5
8113483	642987	TMEM232	5
8113491	134429	STARD4	5
8113504	9315	NREP	5
8113512	64097	EPB41L4A	5
8113542	7905	REEP5	5
8113551	4163	MCC	5
8113573	83942	TSSK1B	5
8113577	55521	TRIM36	5
8113591	5229	PGGT1B	5
8113602	153733	CCDC112	5
8113616	56929	FEM1C	5
8113641	1036	CDO1	5
8113651	9140	ATG12	5
8113666	57556	SEMA6A	5
8113691	285605	DTWD2	5
8113709	4015	LOX	5
8113717	153163	MGC32805	5
8113726	5480	PPIC	5
8113733	153241	CEP120	5
8113761	57507	ZNF608	5
8113773	501	ALDH7A1	5
8113790	115123	MARCHF3	5
8113796	401207	C5orf63	5
8113800	2201	FBN2	5
8113873	3094	HINT1	5
8113879	3094	HINT1	5
8113881	51735	RAPGEF6	5
8113914	96459	FNIP1	5
8113981	8974	P4HA2	5
8114010	3659	IRF1	5
8114023	3567	IL5	5
8114030	11127	KIF3A	5
8114050	23176	SEPTIN8	5
8114068	134549	SHROOM1	5
8114080	2661	GDF9	5
8114083	27125	AFF4	5
8114113	54819	ZCCHC10	5
8114119	23105	FSTL4	5
8114138	56951	C5orf15	5
8114145	7416	VDAC1	5
8114152	6500	SKP1	5
8114171	51265	CDKL3	5
8114185	91368	CDKN2AIPNL	5
8114193	51128	SAR1B	5
8114215	5307	PITX1	5
8114225	9555	MACROH2A1	5
8114245	4762	NEUROG1	5
8114249	9547	CXCL14	5
8114256	3578	IL9	5
8114263	3950	LECT2	5
8114270	9597	SMAD5-AS1	5
8114273	57113	TRPC7	5
8114287	6695	SPOCK1	5
8114300	26249	KLHL3	5
8114320	10949	HNRNPA0	5
8114326	51306	FAM13B	5
8114354	8382	NME5	5
8114365	10902	BRD8	5
8114396	8697	CDC23	5
8114415	2676	GFRA3	5
8114425	995	CDC25C	5
8114443	2107	ETF1	5
8114455	3313	HSPA9	5
8114468	26785	SNORD63	5
8114470	26045	LRRTM2	5
8114476	64374	SIL1	5
8114491	9963	SLC23A1	5
8114511	51237	MZB1	5
8114518	202051	SPATA24	5
8114526	202052	DNAJC18	5
8114536	340061	STING1	5
8114550	9542	NRG2	5
8114567	5201	PFDN1	5
8114572	1839	HBEGF	5
8114583	10011	SRA1	5
8114593	10307	APBB3	5
8114612	929	CD14	5
8114618	4695	NDUFA2	5
8114625	373863	DND1	5
8114628	3035	HARS1	5
8114647	83884	SLC25A2	5
8114653	6879	TAF7	5
8114658	1729	DIAPH1	5
8114691	8841	HDAC3	5
8114709	89848	FCHSD1	5
8114733	64411	ARAP3	5
8114767	5097	PCDH1	5
8114780	51294	PCDH12	5
8114787	10007	GNPDA1	5
8114797	81848	SPRY4	5
8114805	2246	FGF1	5
8114814	2908	NR3C1	5
8114829	81555	YIPF5	5
8114845	153768	PRELID2	5
8114856	153770	PLAC8L1	5
8114861	51520	LARS1	5
8114896	134391	GPR151	5
8114900	5521	PPP2R2B	5
8114920	1809	DPYSL3	5
8114938	9832	JAKMIP2	5
8114964	6690	SPINK1	5
8114970	389336	C5orf46	5
8114977	3360	HTR4	5
8114991	79628	SH3TC2	5
8115014	27190	IL17B	5
8115022	1452	CSNK1A1	5
8115041	5145	PDE6A	5
8115068	81789	TIGD6	5
8115076	1436	CSF1R	5
8115099	5159	PDGFRB	5
8115122	815	CAMK2A	5
8115144	340075	ARSI	5
8115147	972	CD74	5
8115158	6208	RPS14	5
8115168	55696	RBM22	5
8115181	51164	DCTN4	5
8115196	91975	ZNF300	5
8115205	134466	ZNF300P1	5
8115210	10318	TNIP1	5
8115234	309	ANXA6	5
8115261	26112	CCDC69	5
8115274	285641	SLC36A3	5
8115287	153201	SLC36A2	5
8115302	2196	FAT2	5
8115327	6678	SPARC	5
8115346	475	ATOX1	5
8115355	2741	GLRA1	5
8115368	56923	NMUR2	5
8115375	10827	FAM114A2	5
8115391	9421	HAND1	5
8115397	10826	FAXDC2	5
8115410	25929	GEMIN5	5
8115445	91937	TIMD4	5
8115455	26762	HAVCR1	5
8115464	84868	HAVCR2	5
8115476	9443	MED7	5
8115481	153745	GARIN3	5
8115487	408263	FNDC9	5
8115490	8728	ADAM19	5
8115516	11063	SOX30	5
8115524	9685	CLINT1	5
8115543	1879	EBF1	5
8115562	153830	RNF145	5
8115570	3593	IL12B	5
8115580	114825	PWWP2A	5
8115584	79616	CCNJL	5
8115594	114898	C1QTNF2	5
8115600	63920	FAM200C	5
8115606	10569	SLU7	5
8115623	23120	ATP10B	5
8115651	2561	GABRB2	5
8115666	134492	NUDCD2	5
8115681	79646	PANK3	5
8115689	406895	MIR103A1	5
8115691	6586	SLIT3	5
8115730	407001	MIR218-2	5
8115734	3937	LCP2	5
8115756	3779	KCNMB1	5
8115765	23291	FBXW11	5
8115783	6793	STK10	5
8115806	92181	UBTD2	5
8115814	285590	SH3PXD2B	5
8115831	1843	DUSP1	5
8115840	1482	NKX2-5	5
8115851	8614	STC2	5
8115865	91272	BOD1	5
8115871	441116	LINC01951	5
8115875	1812	DRD1	5
8115895	57179	KIAA1191	5
8115907	51491	NOP16	5
8115918	1212	CLTB	5
8115927	22838	RNF44	5
8115941	114787	GPRIN1	5
8115948	6620	SNCB	5
8115957	3101	HK3	5
8115978	51720	UIMC1	5
8115997	53917	RAB24	5
8116012	83463	MXD3	5
8116020	10960	LMAN2	5
8116031	345456	PFN3	5
8116033	2161	F12	5
8116051	1627	DBN1	5
8116070	9260	PDLIM7	5
8116086	79930	DOK3	5
8116096	51428	DDX41	5
8116113	54540	FAM193B	5
8116128	202181	SIMC1P1	5
8116162	5626	PROP1	5
8116168	55651	NHP2	5
8116174	64396	GMCL2	5
8116177	85007	PHYKPL	5
8116195	91522	COL23A1	5
8116227	57396	CLK4	5
8116245	57396	CLK4	5
8116247	6940	ZNF354A	5
8116253	2916	GRM6	5
8116272	9509	ADAMTS2	5
8116297	3187	HNRNPH1	5
8116313	285679	C5orf60	5
8116316	11282	MGAT4B	5
8116335	51149	MRNIP	5
8116348	23061	TBC1D9B	5
8116372	55819	RNF130	5
8116384	255426	RASGEF1C	5
8116402	5601	MAPK9	5
8116418	9945	GFPT2	5
8116439	92304	SCGB3A1	5
8116445	2324	FLT4	5
8116482	134083	OR2Y1	5
8116484	4245	MGAT1	5
8116494	643836	ZFP62	5
8116500	26693	OR2V1	5
8116504	81786	TRIM7	5
8116520	10399	RACK1	5
8116530	619571	SNORD96A	5
8116532	619570	SNORD95	5
8116534	84851	TRIM52	5
8116548	56940	DUSP22	6
8116559	3662	IRF4	6
8116579	94234	FOXQ1	6
8116582	2295	FOXF2	6
8116591	2296	FOXC1	6
8116595	56897	WRNIP1	6
8116607	401232	LINC01011	6
8116610	4835	NQO2	6
8116622	8737	RIPK1	6
8116635	670	BPHL	6
8116655	389362	PSMG4	6
8116658	26240	FAM50B	6
8116664	8899	PRPF4B	6
8116696	404220	TEX56P	6
8116707	497048	KU-MEL-3	6
8116710	9425	CDYL	6
8116724	10667	FARS2	6
8116734	9450	LY86	6
8116740	6239	RREB1	6
8116760	83732	RIOK1	6
8116780	1832	DSP	6
8116807	154007	SNRNP48	6
8116818	654	BMP6	6
8116827	206426	PIP5K1P1	6
8116831	100130275	TFAP2A-AS1	6
8116835	2651	GCNT2	6
8116848	55003	PAK1IP1	6
8116859	51522	TMEM14C	6
8116867	81853	TMEM14B	6
8116874	221711	SYCP2L	6
8116904	100506409	ELOVL2-AS1	6
8116910	3096	HIVEP1	6
8116921	1906	EDN1	6
8116929	6138	RPL15	3
8116932	221692	PHACTR1	6
8116956	23408	SIRT5	6
8116969	51406	NOL7	6
8116980	221687	RNF182	6
8116983	9308	CD83	6
8116998	3720	JARID2	6
8117020	29116	MYLIP	6
8117034	2766	GMPR	6
8117045	221662	RBM24	6
8117054	10486	CAP2	6
8117071	51439	FAM8A1	6
8117079	644714	LIMD1-AS1	3
8117081	221656	KDM1B	6
8117106	255488	RNF144B	6
8117120	3400	ID4	6
8117128	1871	E2F3	6
8117140	54901	CDKAL1	6
8117165	6659	SOX4	6
8117172	154150	HDGFL1	6
8117178	140767	NRSN1	6
8117189	353219	KAAG1	6
8117194	57380	MRS2	6
8117207	7915	ALDH5A1	6
8117219	55856	ACOT13	6
8117225	51053	GMNN	6
8117243	55604	CARMIL1	6
8117288	10590	SCGN	6
8117301	255626	H2BC1	6
8117304	10050	SLC17A4	6
8117321	10475	TRIM38	6
8117330	8350	H3C1	6
8117334	8359	H4C1	6
8117339	8352	H3C3	6
8117343	3077	HFE	6
8117368	8364	H4C3	6
8117372	8334	H2AC6	6
8117377	3008	H1-4	6
8117382	3017	H2BC5	6
8117389	8344	H2BC6	6
8117395	8343	H2BC7	6
8117402	8367	H4C5	6
8117408	3012	H2AC8	6
8117415	8353	H3C6	6
8117422	8361	H4C6	6
8117426	8345	H2BC9	6
8117429	8346	H2BC10	6
8117435	11118	BTN3A2	6
8117447	10385	BTN2A2	6
8117458	11119	BTN3A1	6
8117470	54718	BTN2A3P	6
8117476	10384	BTN3A3	6
8117485	11120	BTN2A1	6
8117498	696	BTN1A1	6
8117510	10473	HMGN4	6
8117522	29777	ABT1	6
8117535	8969	H2AC11	6
8117537	8294	H4C9	6
8117543	85235	H2AC12	6
8117547	10279	PRSS16	6
8117567	387316	VN1R10P	6
8117572	346157	ZNF391	6
8117580	8329	H2AC13	6
8117589	8357	H3C10	6
8117594	8342	H2BC14	6
8117600	8341	H2BC15	6
8117608	8332	H2AC16	6
8117614	8348	H2BC17	6
8117622	26212	OR2B6	6
8117630	7718	ZNF165	6
8117640	80345	ZSCAN16	6
8117646	7745	ZKSCAN8	6
8117655	7746	ZSCAN9	6
8117663	222698	NKAPL	6
8117667	7741	ZSCAN26	6
8117675	84547	PGBD1	6
8117685	80317	ZKSCAN3	6
8117700	2880	GPX5	6
8117707	729583	LINC01556	6
8117718	442186	OR2J3	6
8117722	442191	OR14J1	6
8117724	26529	OR12D2	6
8117732	26716	OR2H1	6
8117746	692092	SNORD32B	6
8117748	4340	MOG	6
8117760	3134	HLA-F	6
8117773	352962	HLA-V	6
8117809	10255	HCG9	6
8117822	30834	POLR1H	6
8117834	6992	PPP1R11	6
8117840	135644	TRIM40	6
8117849	89870	TRIM15	6
8117888	5901	RAN	12
8117900	780	DDR1	6
8117922	80742	PRR3	6
8117929	23	ABCF1	6
8117955	28973	MRPS18B	6
8117965	79969	ATAT1	6
8117987	221545	C6orf136	6
8117995	203068	TUBB	6
8118007	2968	GTF2H4	6
8118028	57176	VARS2	6
8118061	135656	MUCL3	6
8118069	394263	MUC21	6
8118076	170679	PSORS1C1	6
8118086	6941	TCF19	6
8118093	253018	HCG27	6
8118100	100507436	MICA	6
8118111	10866	HCP5	6
8118124	401250	MCCD1	6
8118127	4795	NFKBIL1	6
8118137	4049	LTA	6
8118142	7124	TNF	6
8118149	7940	LST1	6
8118158	199	AIF1	6
8118174	7916	PRRC2A	6
8118207	677820	SNORA38	6
8118209	55937	APOM	6
8118218	1460	CSNK2B	6
8118228	58496	LY6G5B	6
8118235	259215	LY6G6F	6
8118242	58530	LY6G6D	6
8118249	80739	MPIG6B	6
8118322	26797	SNORD52	6
8118324	717	C2	6
8118345	629	CFB	6
8118367	6499	SKIC2	6
8118395	8859	STK19	6
8118498	1589	CYP21A2	6
8118544	101929163	TSBP1-AS1	6
8118556	3117	HLA-DQA1	6
8118571	5698	PSMB9	6
8118580	6046	BRD2	6
8118594	3115	HLA-DPB1	6
8118607	3116	HLA-DPB2	6
8118613	7922	SLC39A7	6
8118622	7923	HSD17B8	6
8118632	407002	MIR219A1	6
8118634	6015	RING1	6
8118655	8705	B3GALT4	6
8118661	10471	PFDN6	6
8118669	3833	KIFC1	6
8118682	5252	PHF1	6
8118721	221504	ZBTB9	6
8118726	449520	GGNBP1	6
8118734	3710	ITPR3	6
8118794	3159	HMGA1	6
8118804	29993	PACSIN1	6
8118826	6631	SNRPC	6
8118833	54887	BLTP3A	6
8118863	23294	ANKS1A	6
8118890	222663	SCUBE3	6
8118915	7629	ZNF76	6
8118932	50619	DEF6	6
8118945	5467	PPARD	6
8118963	2178	FANCE	6
8118974	4736	RPL10A	6
8118981	221481	ARMC12	6
8118990	389383	CLPSL2	6
8118995	222662	LHFPL5	6
8119000	1432	MAPK14	6
8119016	5603	MAPK13	6
8119034	27154	BRPF3	6
8119052	285848	PNPLA1	6
8119067	222658	KCTD20	6
8119080	6428	SRSF3	6
8119088	1026	CDKN1A	6
8119096	401258	RAB44	6
8119102	401258	RAB44	6
8119109	221477	C6orf89	6
8119124	221476	PI16	6
8119132	221472	FGD2	6
8119153	1337	COX6A1	12
8119161	5292	PIM1	6
8119169	55633	TBC1D22B	6
8119184	9025	RNF8	6
8119198	23070	CMTR1	6
8119223	100505530	LINC02520	6
8119227	60685	ZFAND3	6
8119243	1769	DNAH8	6
8119338	2740	GLP1R	6
8119357	23500	DAAM2	6
8119386	732253	TDRG1	6
8119396	222642	TSPO2	6
8119403	10930	APOBEC2	6
8119408	4800	NFYA	6
8119423	221442	ADCY10P1	6
8119427	285852	TREML4	6
8119435	9436	NCR2	6
8119444	116113	FOXP4	6
8119466	4188	MDFI	6
8119492	705	BYSL	6
8119503	129685	TAF8	6
8119529	23304	UBR2	6
8119582	23506	BICRAL	6
8119595	285855	RPL7L1	6
8119599	171558	PTCRA	6
8119609	10695	CNPY3	6
8119620	27232	GNMT	6
8119627	5528	PPP2R5D	6
8119648	116138	KLHDC3	6
8119661	88745	RRP36	6
8119670	89953	KLC4	6
8119689	5754	PTK7	6
8119712	6722	SRF	6
8119722	23113	CUL9	6
8119765	84630	TTBK1	6
8119782	10864	SLC22A7	6
8119801	89845	ABCC10	6
8119829	93643	TJAP1	6
8119842	9533	POLR1C	6
8119858	5429	POLH	6
8119874	9587	MAD2L1BP	6
8119882	221421	RSPH9	6
8119898	7422	VEGFA	6
8119915	100132354	LINC01512	6
8119918	221416	LINC03040	6
8119926	55362	TMEM63B	6
8119951	11131	CAPN11	6
8119974	2030	SLC29A1	6
8119993	3326	HSP90AB1	6
8120004	441151	TMEM151B	6
8120011	221409	SPATS1	6
8120022	988	CDC5L	6
8120043	860	RUNX2	6
8120061	22875	ENPP4	6
8120067	9481	SLC25A27	6
8120082	221400	TDRD6	6
8120088	4224	MEP1A	6
8120102	23607	CD2AP	6
8120124	222611	ADGRF2	6
8120151	221391	OPN5	6
8120165	55166	CENPQ	6
8120176	135398	C6orf141	6
8120184	83741	TFAP2D	6
8120194	7021	TFAP2B	6
8120206	406989	MIR206	6
8120208	442890	MIR133B	6
8120210	3605	IL17A	6
8120215	85315	PAQR8	6
8120222	114327	EFHC1	6
8120239	28978	TMEM14A	6
8120247	105375091	LOC105375091	6
8120249	125050	RN7SK	6
8120251	26268	FBXO9	6
8120269	26268	FBXO9	6
8120271	26268	FBXO9	6
8120279	55227	LRRC1	6
8120300	90523	MLIP	6
8120315	27283	TINAG	6
8120335	222584	FAM83B	6
8120342	3062	HCRTR2	6
8120350	389400	GFRAL	6
8120362	221336	BEND6	6
8120378	57691	KIAA1586	6
8120382	26036	ZNF451	6
8120402	9532	BAG2	6
8120411	5558	PRIM2	6
8120428	2280	FKBP1A	20
8120431	7803	PTP4A1	6
8120441	23469	PHF3	6
8120460	442229	SLC25A51P1	6
8120468	577	ADGRB3	6
8120501	1310	COL19A1	6
8120552	57579	FAM135A	6
8120579	135154	SDHAF4	6
8120585	60682	SMAP1	6
8120602	79627	OGFRL1	6
8120613	22999	RIMS1	6
8120654	56479	KCNQ5	6
8120675	154288	KHDC3L	6
8120679	55510	DDX43	6
8120698	25821	MTO1	6
8120719	135228	CD109	6
8120758	26054	SENP6	6
8120783	4646	MYO6	6
8120826	134728	IRAK1BP1	6
8120833	83699	SH3BGRL2	6
8120838	7272	TTK	6
8120860	594	BCKDHB	6
8120880	7162	TPBG	6
8120883	23033	DOP1A	6
8120927	112611	RWDD2A	6
8120932	167681	PRSS35	6
8120937	134701	RIPPLY2	6
8120943	51167	CYB5R4	6
8120961	112609	MRAP2	6
8120967	4907	NT5E	6
8120983	3354	HTR1E	6
8120992	23036	ZNF292	6
8121002	57150	SMIM8	6
8121009	206412	C6orf163	6
8121015	154313	CFAP206	6
8121031	10559	SLC35A1	6
8121043	23595	ORC3	6
8121066	81833	SPACA1	6
8121076	10957	PNRC1	6
8121087	135293	PM20D2	6
8121095	22881	ANKRD6	6
8121118	9994	CASP8AP2	6
8121132	84694	GJA10	6
8121144	79694	MANEA	6
8121152	10690	FUT9	6
8121161	23376	UFL1	6
8121181	9457	FHL5	6
8121193	114792	KLHL32	6
8121209	5454	POU3F2	6
8121216	59336	PRDM13	6
8121225	2898	GRIK2	6
8121251	389421	LIN28B	6
8121257	639	PRDM1	6
8121277	202	CRYBG1	6
8121300	55278	QRSL1	6
8121312	51250	MTRES1	6
8121319	55084	SOBP	6
8121334	7101	NR2E1	6
8121349	246269	AFG1L	6
8121365	2309	FOXO3	6
8121370	84071	ARMC2	6
8121392	285753	CEP57L1	6
8121405	221262	CCDC162P	6
8121418	6610	SMPD2	6
8121429	9896	FIG4	6
8121454	2830	GPR6	6
8121489	262	AMD1	6
8121502	112495	GTF3C6	6
8121510	84154	RPF2	6
8121515	117247	SLC16A10	6
8121525	91749	MFSD4B	6
8121532	8838	CCN6	6
8121547	619208	FAM229B	6
8121553	442247	RFPL4B	6
8121563	4082	MARCKS	6
8121569	285759	LINC02880	6
8121578	221294	NT5DC1	6
8121588	29940	DSE	6
8121596	441168	CALHM6	6
8121601	254228	CALHM5	6
8121605	221301	CALHM4	6
8121613	51389	RWDD1	6
8121622	345895	RSPH4A	6
8121632	3841	KPNA5	6
8121649	222546	RFX6	6
8121672	245806	VGLL2	6
8121685	285761	DCBLD1	6
8121704	116150	NUS1	6
8121712	222553	SLC35F1	6
8121725	23629	BRD7P3	6
8121727	23629	BRD7P3	6
8121729	5350	PLN	6
8121734	25842	ASF1A	6
8121749	2697	GJA1	6
8121757	3298	HSF2	6
8121768	5570	PKIB	6
8121784	2173	FABP7	6
8121794	10924	SMPDL3A	6
8121803	134829	CLVS2	6
8121814	154215	NKAIN2	6
8121825	154214	RNF217	6
8121838	7164	TPD52L1	6
8121850	23493	HEY2	6
8121861	135112	NCOA7	6
8121886	135114	HINT3	6
8121895	60487	TRMT11	6
8121911	387103	CENPW	6
8121916	84870	RSPO3	6
8121927	81847	RNF146	6
8121936	352999	C6orf58	6
8121949	3908	LAMA2	6
8122013	84456	L3MBTL3	6
8122038	114801	TMEM200A	6
8122045	9465	AKAP7	6
8122058	383	ARG1	6
8122071	5169	ENPP3	6
8122099	5167	ENPP1	6
8122127	134860	TAAR9	6
8122129	83551	TAAR8	6
8122131	319100	TAAR6	6
8122144	594839	SNORA33	6
8122146	285735	LINC00326	6
8122150	2070	EYA4	6
8122176	6943	TCF21	6
8122182	9519	TBPL1	6
8122202	4602	MYB	6
8122222	27115	PDE7B	6
8122242	5191	PEX7	6
8122256	340146	SLC35D3	6
8122265	7128	TNFAIP3	6
8122279	57221	ARFGEF3	6
8122317	23593	HEBP2	6
8122327	25901	CCDC28A	6
8122334	51554	ACKR4	3
8122336	58527	ABRACL	6
8122343	51696	HECA	6
8122348	51534	VTA1	6
8122365	57211	ADGRG6	6
8122396	51390	AIG1	6
8122409	8504	PEX3	6
8122426	9749	PHACTR2	6
8122440	84946	LTV1	6
8122452	153918	ZC2HC1B	6
8122457	8676	STX11	6
8122464	7402	UTRN	6
8122537	2911	GRM1	6
8122554	10981	RAB32	6
8122561	79747	ADGB	6
8122600	134957	STXBP5	6
8122634	389432	SAMD5	6
8122637	23328	SASH1	6
8122660	10090	UST	6
8122672	23118	TAB2	6
8122684	387082	SUMO4	6
8122689	116254	GINM1	6
8122699	645958	RPS18P9	6
8122705	5110	PCMT1	6
8122717	100652739	RAET1E-AS1	6
8122720	80328	ULBP2	6
8122724	80329	ULBP1	6
8122734	81706	PPP1R14C	6
8122744	389434	IYD	6
8122756	57480	PLEKHG1	6
8122773	25902	MTHFD1L	6
8122807	9590	AKAP12	6
8122818	79624	ARMT1	6
8122827	80129	CCDC170	6
8122840	2099	ESR1	6
8122843	2099	ESR1	6
8122860	80177	MYCT1	6
8122865	7432	VIP	6
8122887	4988	OPRM1	6
8122909	22828	SCAF8	6
8122933	26230	TIAM2	6
8122966	49861	CLDN20	6
8122971	57492	ARID1B	6
8122982	79683	ZDHHC14	6
8122986	51429	SNX9	6
8123006	8871	SYNJ2	6
8123038	404672	GTF2H5	6
8123044	56995	TULP4	6
8123062	57583	TMEM181	6
8123080	94120	SYTL3	6
8123101	100130967	LINC02901	6
8123104	84624	FNDC1	6
8123129	9589	WTAP	6
8123137	39	ACAT2	6
8123148	29074	MRPL18	6
8123155	154197	PNLDC1	6
8123176	4142	MAS1	6
8123181	3482	IGF2R	6
8123230	729603	CHP1P2	6
8123232	6580	SLC22A1	6
8123246	6581	SLC22A3	6
8123259	5340	PLG	6
8123274	4216	MAP3K4	6
8123303	135138	PACRG	6
8123315	9444	QKI	6
8123334	441177	LINC00602	6
8123342	11116	CEP43	6
8123364	1235	CCR6	6
8123388	54346	UNC93A	6
8123398	83887	TTLL2	6
8123405	441179	LOC441179	6
8123407	4301	AFDN	6
8123437	3834	KIF25	6
8123446	64094	SMOC2	6
8123463	387263	C6orf120	6
8123467	55780	ERMARD	6
8123488	80069	LINC00574	6
8123494	84498	FAM120B	6
8123507	6908	TBP	6
8123524	55770	EXOC2	6
8123558	135458	HUS1B	6
8123562	2762	GMDS	6
8123579	154386	LINC01600	6
8123584	340156	MYLK4	6
8123598	1992	SERPINB1	6
8123606	221756	SERPINB9P1	6
8123609	5272	SERPINB9	6
8123621	5269	SERPINB6	6
8123637	401233	HTATSF1P2	6
8123644	7280	TUBB2A	6
8123651	347733	TUBB2B	6
8123658	63027	SLC22A23	6
8123678	221749	PXDC1	6
8123685	222826	FAM217A	6
8123695	10455	ECI2	6
8123717	10799	RPP40	6
8123728	57128	LYRM4	6
8123739	51299	NRN1	6
8123744	2162	F13A1	6
8123760	285780	LY86-AS1	6
8123767	6745	SSR1	6
8123780	285782	CAGE1	6
8123825	51000	SLC35B3	6
8123843	266553	OFCC1	6
8123864	7020	TFAP2A	6
8123876	221718	LINC00518	6
8123884	347744	C6orf52	6
8123893	4117	MAK	6
8123910	9247	GCM2	6
8123920	54898	ELOVL2	6
8123929	405754	ERVFRD-1	6
8123936	4739	NEDD9	6
8123951	84830	ADTRP	6
8123976	54438	GFOD1	6
8123981	54438	GFOD1	6
8123989	10048	RANBP9	6
8124008	63933	MCUR1	6
8124022	84062	DTNBP1	6
8124040	6310	ATXN1	6
8124059	9972	NUP153	6
8124088	63971	KIF13A	6
8124129	378884	NHLRC1	6
8124134	7172	TPMT	6
8124144	7913	DEK	6
8124166	154141	MBOAT1	6
8124185	5617	PRL	6
8124196	51473	DCDC2	6
8124211	2822	GPLD1	6
8124240	9856	KIAA0319	6
8124262	51567	TDP2	6
8124273	81688	C6orf62	6
8124280	9750	RIPOR2	6
8124307	8418	CMAHP	6
8124331	221613	H2AC1	6
8124337	6568	SLC17A1	6
8124351	10786	SLC17A3	6
8124365	10246	SLC17A2	6
8124380	3024	H1-1	6
8124385	8366	H4C2	6
8124388	8358	H3C2	6
8124391	8335	H2AC4	6
8124394	3018	H2BC3	6
8124397	3006	H1-2	6
8124402	3010	H1-6	6
8124406	8347	H2BC4	6
8124413	8360	H4C4	6
8124423	8339	H2BC8	6
8124430	3007	H1-3	6
8124433	8369	H4C7	6
8124437	8968	H3C7	6
8124440	8355	H3C8	6
8124448	8365	H4C8	6
8124459	79692	ZNF322	6
8124484	8970	H2BC11	6
8124492	85236	H2BC12	6
8124495	94026	POM121L2	6
8124498	7754	ZNF204P	6
8124502	7738	ZNF184	6
8124510	8340	H2BC13	6
8124518	8331	H2AC14	6
8124524	8330	H2AC15	6
8124527	3009	H1-5	6
8124531	8354	H3C11	6
8124534	8368	H4C13	6
8124537	8356	H3C12	6
8124540	8336	H2AC17	6
8124547	81697	OR2B2	6
8124551	222699	TOB2P1	6
8124553	387032	ZKSCAN4	6
8124562	64288	ZSCAN31	6
8124574	9753	ZSCAN12	6
8124583	222696	ZSCAN23	6
8124588	257202	GPX6	6
8124594	114821	SCAND3	6
8124610	5987	TRIM27	6
8124622	282890	ZNF311	6
8124630	26692	OR2W1	6
8124632	442184	OR2B3	6
8124645	81797	OR12D3	6
8124648	116511	MAS1L	6
8124650	10537	UBD	6
8124654	2550	GABBR1	6
8124684	346171	ZFP57	6
8124689	54435	HCG4	6
8124691	80862	POLR1HASP	6
8124695	80352	RNF39	6
8124707	11074	TRIM31	6
8124716	10107	TRIM10	6
8124726	7726	TRIM26	6
8124742	2794	GNL1	6
8124756	5514	PPP1R10	6
8124775	8449	DHX16	6
8124806	11270	NRM	6
8124813	9656	MDC1	6
8124828	10211	FLOT1	6
8124848	8870	IER3	6
8124855	389376	SFTA2	6
8124859	29113	C6orf15	6
8124862	1041	CDSN	6
8124865	170680	PSORS1C2	6
8124868	54535	CCHCR1	6
8124897	100130889	PSORS1C3	6
8124924	5478	PPIA	7
8124940	692233	SNORD117	6
8124950	4050	LTB	6
8124955	259197	NCR3	6
8124967	7917	BAG6	6
8124994	57827	C6orf47	6
8124998	7918	GPANK1	6
8125007	80741	LY6G5C	6
8125017	7920	ABHD16A	6
8125038	79136	LY6G6E	6
8125042	80740	LY6G6C	6
8125048	23564	DDAH2	6
8125059	1192	CLIC1	6
8125072	80737	VWA7	6
8125091	7407	VARS1	6
8125125	57819	LSM2	6
8125134	3305	HSPA1L	6
8125139	4758	NEU1	6
8125172	10919	EHMT2	6
8125201	221527	ZBTB12	6
8125204	7936	NELFE	6
8125220	1797	DXO	6
8125295	1388	ATF6B	6
8125316	63943	FKBPL	6
8125341	177	AGER	6
8125415	10665	TSBP1	6
8125426	56244	BTNL2	6
8125461	3119	HLA-DQB1	6
8125470	3112	HLA-DOB	6
8125483	6891	TAP2	6
8125500	5696	PSMB8	6
8125530	3109	HLA-DMB	6
8125537	3108	HLA-DMA	6
8125545	3111	HLA-DOA	6
8125556	3113	HLA-DPA1	6
8125568	1302	COL11A2	6
8125638	6257	RXRB	6
8125649	6293	VPS52	6
8125671	9277	WDR46	6
8125687	5863	RGL2	6
8125713	6892	TAPBP	6
8125731	9278	ZBTB22	6
8125734	1616	DAXX	6
8125752	51596	CUTA	6
8125766	578	BAK1	6
8125772	401253	LINC00336	6
8125775	84300	UQCC2	6
8125780	117283	IP6K3	6
8125788	221496	LEMD2	6
8125798	4295	MLN	6
8125805	2914	GRM4	6
8125818	221491	SMIM29	6
8125843	25803	SPDEF	6
8125850	64771	ILRUN	6
8125859	6882	TAF11	6
8125870	6954	TCP11	6
8125887	7005	TEAD3	6
8125903	7287	TULP1	6
8125936	1208	CLPS	6
8125941	6732	SRPK1	6
8125959	116369	SLC26A8	6
8125980	389384	BNIP5	6
8125993	51513	ETV7	6
8126007	222659	PXT1	6
8126018	11329	STK38	6
8126035	57699	CPNE5	6
8126058	51645	PPIL1	6
8126066	23787	MTCH1	6
8126086	221468	TMEM217	6
8126095	154467	CCDC167	6
8126102	266727	MDGA1	6
8126121	114781	BTBD9	6
8126135	2739	GLO1	6
8126147	55776	SAYSD1	6
8126153	8645	KCNK5	6
8126163	89822	KCNK17	6
8126173	83795	KCNK16	6
8126184	221458	KIF6	6
8126214	4337	MOCS1	6
8126240	401260	LINC00951	6
8126244	57497	LRFN2	6
8126248	222643	UNC5CL	6
8126259	221443	OARD1	6
8126269	340205	TREML1	6
8126279	54209	TREM2	6
8126288	79865	TREML2	6
8126296	340206	TREML3P	6
8126303	54210	TREM1	6
8126312	7942	TFEB	6
8126324	5225	PGC	6
8126337	10817	FRS3	6
8126347	25862	USP49	6
8126360	9477	MED20	6
8126371	896	CCND3	6
8126379	647024	C6orf132	6
8126382	647024	C6orf132	6
8126387	2979	GUCA1B	6
8126394	55173	MRPS10	6
8126402	55809	TRERF1	6
8126428	55809	TRERF1	6
8126436	5961	PRPH2	6
8126442	6903	TBCC	6
8126446	441150	C6orf226	6
8126450	6152	RPL24	3
8126452	5190	PEX6	6
8126474	4201	MEA1	6
8126486	9820	CUL7	6
8126512	51069	MRPL2	6
8126524	10591	DNPH1	6
8126531	401262	CRIP3	6
8126542	24149	ZNF318	6
8126556	65989	DLK2	6
8126566	221424	LRRC73	6
8126574	25844	YIPF3	6
8126588	57510	XPO5	6
8126629	54676	GTPBP2	6
8126646	55168	MRPS18A	6
8126653	64928	MRPL14	6
8126658	347734	SLC35B2	6
8126666	4794	NFKBIE	6
8126674	202500	TCTE1	6
8126681	57505	AARS2	6
8126710	8464	SUPT3H	6
8126729	53405	CLIC5	6
8126750	59084	ENPP5	6
8126760	10231	RCAN2	6
8126770	51302	CYP39A1	6
8126784	7941	PLA2G7	6
8126798	221395	ADGRF5	6
8126820	266977	ADGRF1	6
8126839	27242	TNFRSF21	6
8126853	442213	PTCHD4	6
8126855	442213	PTCHD4	6
8126860	4594	MMUT	6
8126878	6005	RHAG	6
8126891	7180	CRISP2	6
8126905	10321	CRISP3	6
8126916	5232	PGK2	6
8126920	167	CRISP1	6
8126931	403339	DEFB133	6
8126934	245928	DEFB114	6
8126937	245927	DEFB113	6
8126939	245913	DEFB110	6
8126943	245915	DEFB112	6
8126948	2509	FTH1P5	6
8126952	9589	WTAP	6
8126954	5314	PKHD1	6
8127024	112744	IL17F	6
8127031	4172	MCM3	6
8127051	9697	TRAM2	6
8127065	2939	GSTA2	6
8127072	2938	GSTA1	6
8127079	221357	GSTA5	6
8127087	2940	GSTA3	6
8127094	2941	GSTA4	6
8127109	22858	CILK1	6
8127130	8521	GCM1	6
8127145	60481	ELOVL5	6
8127158	2729	GCLC	6
8127177	401265	KLHL31	6
8127180	54511	HMGCLL1	6
8127193	653	BMP5	6
8127201	81578	COL21A1	6
8127234	667	DST	6
8127346	51715	RAB23	6
8127370	202559	KHDRBS2	6
8127380	51557	LGSN	6
8127391	346007	EYS	6
8127393	346007	EYS	6
8127396	346007	EYS	6
8127399	346007	EYS	6
8127408	346007	EYS	6
8127425	55788	LMBRD1	6
8127446	1297	COL9A1	6
8127484	135152	B3GAT2	6
8127498	407032	MIR30C2	6
8127500	407029	MIR30A	6
8127502	79940	LINC00472	6
8127522	340168	DPPA5	6
8127534	115004	CGAS	6
8127544	1915	EEF1A1	6
8127549	26503	SLC17A5	6
8127563	1303	COL12A1	6
8127629	1347	COX7A2	6
8127637	55754	TMEM30A	6
8127646	27145	FILIP1	6
8127666	3617	IMPG1	6
8127692	3351	HTR1B	6
8127698	55023	PHIP	6
8127743	9324	HMGN3	6
8127754	80078	LCAL1	6
8127756	167691	LCA5	6
8127767	6785	ELOVL4	6
8127778	55603	TENT5A	6
8127787	25998	IBTK	6
8127824	90025	UBE3D	6
8127841	5238	PGM3	6
8127854	4199	ME1	6
8127872	9892	SNAP91	6
8127903	22832	CEP162	6
8127932	9096	TBX18	6
8127943	57231	SNX14	6
8127977	10492	SYNCRIP	6
8127987	26799	SNORD50A	6
8127989	692088	SNORD50B	6
8128001	1081	CGA	6
8128007	375519	GJB7	6
8128013	57038	RARS2	6
8128034	55122	AKIRIN2	6
8128043	1268	CNR1	6
8128052	8732	RNGTT	6
8128079	135295	SRSF12	6
8128087	2569	GABRR1	6
8128099	2570	GABRR2	6
8128111	51465	UBE2J1	6
8128123	58528	RRAGD	6
8128133	57226	LYRM2	6
8128138	23195	MDN1	6
8128247	60468	BACH2	6
8128260	6885	MAP3K7	6
8128284	2045	EPHA7	6
8128316	81491	GPR63	6
8128322	29078	NDUFAF4	6
8128329	253714	MMS22L	6
8128356	26235	FBXL4	6
8128371	84553	FAXC	6
8128383	51805	COQ3	6
8128394	25957	PNISR	6
8128409	85015	USP45	6
8128429	892	CCNC	6
8128447	84539	MCHR2	6
8128459	6492	SIM1	6
8128472	10973	ASCC3	6
8128522	57531	HACE1	6
8128553	11149	BVES	6
8128565	64208	POPDC3	6
8128572	5550	PREP	6
8128592	9474	ATG5	6
8128606	84816	RTN4IP1	6
8128620	57673	BEND3	6
8128626	57107	PDSS2	6
8128638	256380	SCML4	6
8128650	11231	SEC63	6
8128669	28962	OSTM1	6
8128683	8724	SNX3	6
8128698	27244	SESN1	6
8128716	8763	CD164	6
8128726	285755	PPIL6	6
8128737	64780	MICAL1	6
8128777	221264	AK9	6
8128788	221264	AK9	6
8128795	221264	AK9	6
8128818	8936	WASF1	6
8128837	728464	METTL24	6
8128843	8528	DDO	6
8128850	85413	SLC22A16	6
8128867	23097	CDK19	6
8128890	442245	GSTM2P1	6
8128894	5980	REV3L	6
8128939	10758	TRAF3IP2	6
8128956	2534	FYN	6
8128977	51175	TUBE1	6
8128991	3910	LAMA4	6
8129045	3066	HDAC2	6
8129062	222537	HS3ST5	6
8129071	2444	FRK	6
8129082	1300	COL10A1	6
8129089	23270	TSPYL4	6
8129097	7259	TSPYL1	6
8129099	7259	TSPYL1	6
8129105	100128327	TRAPPC3L	6
8129108	221302	ZUP1	6
8129120	221303	FAM162B	6
8129125	222545	GPRC6A	6
8129134	6098	ROS1	6
8129181	57120	GOPC	6
8129193	387119	CEP85L	6
8129214	254394	MCM9	6
8129218	254394	MCM9	6
8129231	79632	FAM184A	6
8129254	4121	MAN1A1	6
8129273	221322	TBC1D32	6
8129317	57515	SERINC1	6
8129330	10345	TRDN	6
8129363	51020	HDDC2	6
8129379	55862	ECHDC1	6
8129410	387357	THEMIS	6
8129418	5796	PTPRK	6
8129458	93663	ARHGAP18	6
8129476	253582	TMEM244	6
8129482	154075	SAMD3	6
8129497	2037	EPB41L2	6
8129522	9439	MED23	6
8129562	1490	CCN2	6
8129573	26002	MOXD1	6
8129590	8417	STX7	6
8129604	9038	TAAR5	6
8129608	9288	TAAR3P	6
8129610	9287	TAAR2	6
8129615	134864	TAAR1	6
8129618	8876	VNN1	6
8129627	55350	VNN3P	6
8129637	8875	VNN2	6
8129649	116843	SLC18B1	6
8129666	154091	SLC2A12	6
8129677	6446	SGK1	6
8129695	64577	ALDH8A1	6
8129706	10767	HBS1L	6
8129728	54806	AHI1	6
8129763	113115	MTFR2	6
8129773	9774	BCLAF1	6
8129783	9053	MAP7	6
8129804	4217	MAP3K5	6
8129837	53832	IL20RA	6
8129848	116379	IL22RA2	6
8129861	3459	IFNGR1	6
8129872	167826	OLIG3	6
8129876	59351	PBOV1	6
8129880	64065	PERP	6
8129888	57224	NHSL1	6
8129901	85021	REPS1	6
8129924	167838	TXLNB	6
8129937	10370	CITED2	6
8129947	4829	NMBR	6
8129953	3097	HIVEP2	6
8129963	134637	ADAT2	6
8129974	2519	FUCA2	6
8130003	83443	SF3B5	6
8130013	7957	EPM2A	6
8130032	84085	FBXO30	6
8130038	257218	SHPRH	6
8130071	79768	KATNBL1	15
8130073	340152	ZC3H12D	6
8130087	85313	PPIL4	6
8130102	11104	KATNA1	6
8130116	9113	LATS1	6
8130129	348995	NUP43	6
8130142	84918	LRP11	6
8130151	135250	RAET1E	6
8130163	353091	RAET1G	6
8130173	154064	RAET1L	6
8130176	79465	ULBP3	6
8130185	57621	ZBTB2	6
8130191	55005	RMND1	6
8130211	23345	SYNE1	6
8130374	26271	FBXO5	6
8130383	54516	MTRF1L	6
8130394	26575	RGS17	6
8130408	26034	IPCEF1	6
8130422	154043	CNKSR3	6
8130438	51106	TFB1M	6
8130447	50508	NOX3	6
8130464	729515	TMEM242	6
8130474	84947	SERAC1	6
8130499	6993	DYNLT1	6
8130505	7430	EZR	6
8130522	202459	OSTCP1	6
8130528	83861	RSPH3	6
8130539	117289	TAGAP	6
8130553	105378085	LOC105378085	6
8130556	6648	SOD2	6
8130567	6950	TCP1	6
8130578	677806	SNORA20	6
8130580	677812	SNORA29	6
8130582	6582	SLC22A2	6
8130598	80350	LPAL2	6
8130608	4018	LPA	6
8130624	117981787	MAP3K4-AS1	6
8130628	56895	AGPAT4	6
8130641	79992	AGPAT4-IT1	6
8130645	5071	PRKN	6
8130664	168090	C6orf118	6
8130674	10846	PDE10A	6
8130703	6862	TBXT	6
8130715	285800	PRR18	6
8130720	113402	SFT2D1	6
8130732	51660	MPC1	6
8130739	6196	RPS6KA2	6
8130765	83640	RAMAC	15
8130768	8635	RNASET2	6
8130785	2853	GPR31	6
8130803	401286	LINC02538	6
8130807	441178	LINC02487	6
8130811	26238	LINC01558	6
8130817	653483	AFDN-DT	6
8130824	100128124	HGC6.3	6
8130827	100505879	KIF25-AS1	6
8130837	79981	FRMD1	6
8130859	168002	DACT2	6
8130867	7058	THBS2	6
8130891	253769	WDR27	6
8130916	55274	PHF10	6
8130927	6991	DYNLT2	6
8130934	401288	LINC00242	6
8130939	28514	DLL1	6
8130952	5689	PSMB1	6
8130962	5134	PDCD2	6
8130976	401286	LINC02538	6
8130980	441178	LINC02487	6
8130982	26238	LINC01558	6
8130988	729515	TMEM242	6
8130993	56975	FAM20C	7
8131000	54919	DNAAF5	7
8131013	23353	SUN1	7
8131044	51608	GET4	7
8131056	54905	CYP2W1	7
8131067	115330	GPR146	7
8131069	2852	GPER1	7
8131087	340260	UNCX	7
8131091	7975	MAFK	7
8131096	392617	ELFN1	7
8131098	100127955	LOC100127955	7
8131101	4521	NUDT1	7
8131111	8662	EIF3B	7
8131135	55501	CHST12	7
8131140	55501	CHST12	7
8131143	3955	LFNG	7
8131155	23288	IQCE	7
8131179	80727	TTYH3	7
8131195	155185	AMZ1	7
8131205	221935	SDK1	7
8131253	221937	FOXK1	7
8131263	6077	SNORD13P2	7
8131265	9907	AP5Z1	7
8131286	441191	RNF216P1	7
8131303	26100	WIPI2	7
8131326	222962	SLC29A4	7
8131339	6624	FSCN1	7
8131374	7965	AIMP2	7
8131381	100310846	ANKRD61	7
8131387	84132	USP42	7
8131406	5879	RAC1	7
8131414	55146	ZDHHC4	7
8131427	79034	INTS15	7
8131438	100131017	ZNF316	7
8131441	100419773	LOC100419773	7
8131444	441194	PMS2CL	7
8131475	56913	C1GALT1	7
8131479	54468	MIOS	7
8131496	113263	GLCCI1	7
8131506	30010	NXPH1	7
8131519	9678	PHF14	7
8131539	54664	TMEM106B	7
8131550	85477	SCIN	7
8131573	10124	ARL4A	7
8131583	28969	BZW2	7
8131600	27075	TSPAN13	7
8131614	196	AHR	7
8131631	9734	HDAC9	7
8131666	3696	ITGB8	7
8131682	340273	ABCB5	7
8131705	222901	RPL23P8	7
8131709	6671	SP4	7
8131719	8701	DNAH11	7
8131803	3569	IL6	7
8131815	55975	KLHL7	7
8131831	11097	NUP42	7
8131844	10457	GPNMB	7
8131860	115416	MALSU1	7
8131869	256355	RPS2P32	7
8131871	90693	CCDC126	7
8131881	340277	FAM221A	7
8131890	56164	STK31	7
8131919	4852	NPY	7
8131927	51678	PALS2	7
8131944	9603	NFE2L3	7
8131949	11335	CBX3	7
8131957	29887	SNX10	7
8131967	285943	HOXA-AS2	7
8131970	2128	EVX1	7
8131975	8887	TAX1BP1	7
8131996	9586	CREB5	7
8132013	1124	CHN2	7
8132031	222171	PRR15	7
8132036	644150	WIPF3	7
8132045	84725	PLEKHA8	7
8132055	222166	MTURN	7
8132062	223082	ZNRF2	7
8132070	2617	GARS1	7
8132118	358	AQP1	7
8132151	117	ADCYAP1R1	7
8132167	223075	ITPRID1	7
8132182	10842	PPP1R17	7
8132188	23080	AVL9	7
8132209	441208	ZNRF2P1	7
8132214	11328	FKBP9	7
8132218	27241	BBS9	7
8132245	55025	FLJ20712	7
8132250	168667	BMPER	7
8132270	387129	NPSR1	7
8132292	989	SEPTIN7	7
8132305	80820	EEPD1	7
8132318	54443	ANLN	7
8132347	353345	GPR141	7
8132349	51314	NME8	7
8132369	54749	EPDR1	7
8132376	83930	STARD3NL	7
8132387	11281	POU6F2	7
8132399	57002	YAE1	7
8132404	57002	YAE1	7
8132406	5898	RALA	7
8132417	8621	CDK13	7
8132439	79783	SUGCT	7
8132458	64983	MRPL32	7
8132465	23072	HECW1	7
8132493	100127950	HECW1-IT1	7
8132503	9263	STK17A	7
8132515	644	BLVRA	7
8132523	51619	UBE2D4	7
8132539	28988	DBNL	7
8132557	165	AEBP1	7
8132580	10652	YKT6	7
8132592	4967	OGDH	7
8132617	83637	ZMIZ2	7
8132642	5478	PPIA	7
8132646	83605	CCM2	7
8132660	10268	RAMP3	7
8132667	107	ADCY1	7
8132694	3484	IGFBP1	7
8132707	84847	LINC00525	7
8132710	80099	PKD1L1-AS1	7
8132715	136288	C7orf57	7
8132725	7378	UPP1	7
8132743	154664	ABCA13	7
8132803	168448	CDC14C	7
8132805	375567	VWC2	7
8132811	100130988	SPMIP7	7
8132813	100130988	SPMIP7	7
8132819	10320	IKZF1	7
8132832	100129427	DDC-AS1	7
8132840	285877	POM121L12	7
8132843	54801	HAUS6	9
8132851	222008	VSTM2A	7
8132860	1956	EGFR	7
8132897	55915	LANCL2	7
8132917	349075	ZNF713	7
8132922	51373	MRPS17	7
8132929	2631	NIPSNAP2	7
8132943	908	CCT6A	7
8132962	677803	SNORA15	7
8132964	25870	SUMF2	7
8132978	100133161	LINC01001	11
8132980	84629	TNRC18	7
8133018	441234	ZNF716	7
8133021	644000	ARAFP2	7
8133030	2551	GABPA	21
8133042	168417	ZNF679	7
8133049	51427	ZNF107	7
8133057	7697	ZNF138	7
8133062	10793	ZNF273	7
8133072	677803	SNORA15	7
8133089	168374	ZNF92	7
8133106	677807	SNORA22	7
8133108	677803	SNORA15	7
8133114	154807	VKORC1L1	7
8133119	154807	VKORC1L1	7
8133122	435	ASL	7
8133145	27297	CRCP	7
8133155	8460	TPST1	7
8133167	154881	KCTD7	7
8133176	27342	RABGEF1	7
8133192	55069	TMEM248	7
8133202	55253	TYW1	7
8133215	64940	STAG3L4	7
8133233	26053	AUTS2	7
8133258	64409	GALNT17	7
8133293	8468	FKBP6	7
8133335	8326	FZD9	7
8133339	155382	VPS37D	7
8133345	114049	BUD23	7
8133360	1364	CLDN4	7
8133366	135886	TMEM270	7
8133372	2006	ELN	7
8133413	3984	LIMK1	7
8133434	7458	EIF4H	7
8133442	7462	LAT2	7
8133459	7461	CLIP2	7
8133477	9569	GTF2IRD1	7
8133500	107986810	WBSCR23	7
8133504	2969	GTF2I	7
8133662	57414	RHBDD2	7
8133670	5447	POR	7
8133688	677801	SNORA14A	7
8133690	4191	MDH2	7
8133704	222183	SRRM3	7
8133721	3315	HSPB1	7
8133728	7784	ZP3	7
8133736	113878	DTX2	7
8133741	105375355	UPK3B	7
8133752	100133091	LINC03009	7
8133770	57639	CCDC146	7
8133788	5782	PTPN12	7
8133809	222194	RSBN1L	7
8133818	57157	PHTF2	7
8133847	399670	RPL13AP17	7
8133860	2770	GNAI1	7
8133876	948	CD36	7
8133904	2913	GRM3	7
8133914	9988	DMTF1	7
8133938	54677	CROT	7
8133961	154661	RUNDC3B	7
8133976	10926	DBF4	7
8133983	53616	ADAM22	7
8134018	219578	ZNF804B	7
8134026	442523	DPY19L2P4	7
8134030	26872	STEAP1	7
8134036	261729	STEAP2	7
8134051	79846	CFAP69	7
8134079	85865	GTPBP10	7
8134091	9069	CLDN12	7
8134098	5218	CDK14	7
8134117	8321	FZD1	7
8134122	10142	AKAP9	7
8134180	54467	ANKIB1	7
8134201	57798	GATAD1	7
8134211	84060	RBM48	7
8134219	55610	VPS50	7
8134252	2792	GNGT1	7
8134257	2791	GNG11	7
8134263	1278	COL1A2	7
8134318	64921	CASD1	7
8134339	23089	PEG10	7
8134351	55607	PPP1R9A	7
8134376	51666	ASB4	7
8134384	1780	DYNC1I1	7
8134407	1750	DLX6	7
8134415	57001	SDHAF3	7
8134420	6863	TAC1	7
8134435	22853	LMTK2	7
8134452	168620	BHLHA15	7
8134454	25798	BRI3	7
8134463	4885	NPTX2	7
8134552	10095	ARPC1B	7
8134564	84176	MYH16	7
8134581	10552	ARPC1A	7
8134589	8896	BUD31	7
8134599	10898	CPSF4	7
8134613	285989	ZNF789	7
8134621	23660	ZKSCAN5	7
8134631	79027	ZNF655	7
8134644	221785	ZSCAN25	7
8134655	64816	CYP3A43	7
8134680	7586	ZKSCAN1	7
8134689	7589	ZSCAN21	7
8134699	10980	COPS6	7
8134712	9179	AP4M1	7
8134730	245812	CNPY4	7
8134737	255374	MBLAC1	7
8134740	389541	LAMTOR4	7
8134745	10734	STAG3	7
8134777	79037	PVRIG	7
8134785	441272	SPDYE3	7
8134814	29992	PILRA	7
8134821	56257	MEPCE	7
8134827	222950	NYAP1	7
8134834	3268	AGFG2	7
8134856	26261	FBXO24	7
8134869	5118	PCOLCE	7
8134880	64598	MOSPD3	7
8134890	2783	GNB2	7
8134904	10248	POP7	7
8134907	2056	EPO	7
8134915	7455	ZAN	7
8134965	56996	SLC12A9	7
8134981	7205	TRIP6	7
8134992	51593	SRRT	7
8135031	10071	MUC12	7
8135033	10071	MUC12	7
8135037	10071	MUC12	7
8135048	140453	MUC17	7
8135064	81844	TRIM56	7
8135069	5054	SERPINE1	7
8135080	1174	AP1S1	7
8135089	10467	ZNHIT1	7
8135099	136227	COL26A1	7
8135114	1523	CUX1	7
8135149	10603	SH2B2	7
8135172	80228	ORAI2	7
8135181	222229	LRWD1	7
8135211	222234	FAM185A	7
8135218	10234	LRRC17	7
8135224	58160	NFE4	7
8135229	83787	ARMC10	7
8135235	9512	PMPCB	7
8135250	5701	PSMC2	7
8135262	375612	LHFPL3	7
8135268	1975	EIF4B	12
8135277	55904	KMT2E	7
8135323	60561	RINT1	7
8135341	222256	CDHR3	7
8135363	5294	PIK3CG	7
8135378	5577	PRKAR2B	7
8135392	26959	HBP1	7
8135405	2845	GPR22	7
8135410	11062	DUS4L	7
8135422	55973	BCAP29	7
8135436	5172	SLC26A4	7
8135458	79872	CBLL1	7
8135464	1738	DLD	7
8135480	4189	DNAJB9	7
8135488	54674	LRRN3	7
8135497	11179	ZNF277	7
8135512	11179	ZNF277	7
8135514	3475	IFRD1	7
8135532	286006	LSMEM1	7
8135544	93986	FOXP2	7
8135568	29969	MDFIC	7
8135576	26136	TES	7
8135587	858	CAV2	7
8135594	857	CAV1	7
8135601	4233	MET	7
8135625	830	CAPZA2	7
8135661	1080	CFTR	7
8135688	51691	LSM8	7
8135697	56311	ANKRD7	7
8135705	3751	KCND2	7
8135718	54556	ING3	7
8135734	79974	CPED1	7
8135763	51384	WNT16	7
8135774	5803	PTPRZ1	7
8135804	142685	ASB15	7
8135821	442721	LMOD2	7
8135827	23553	HYAL4	7
8135835	6677	SPAM1	7
8135849	401398	POT1-AS1	7
8135856	381	ARF5	7
8135865	29999	FSCN3	7
8135876	27044	SND1	7
8135902	27099	SND1-IT1	7
8135907	406917	MIR129-1	7
8135909	3952	LEP	7
8135915	29923	HILPDA	7
8135922	55798	METTL2B	7
8135931	402483	LINC01000	7
8135933	346653	GARIN1A	7
8135945	84691	GARIN1B	7
8135955	813	CALU	7
8135969	64753	CCDC136	7
8135990	2318	FLNC	7
8136039	9296	ATP6V1F	7
8136045	3663	IRF5	7
8136061	286016	TPI1P2	7
8136065	407835	LOC407835	7
8136067	340348	TSPAN33	7
8136080	6608	SMO	7
8136095	23382	AHCYL2	7
8136115	57464	STRIP2	7
8136140	4899	NRF1	7
8136163	23008	KLHDC10	7
8136177	23008	KLHDC10	7
8136179	23008	KLHDC10	7
8136181	136263	SSMEM1	7
8136187	1358	CPA2	7
8136200	51200	CPA4	7
8136217	93979	CPA5	7
8136235	1357	CPA1	7
8136248	4232	MEST	7
8136259	4289	MKLN1	7
8136281	286023	FLJ40288	7
8136293	60412	EXOC4	7
8136315	136332	LRGUK	7
8136336	57016	AKR1B10	7
8136341	669	BPGM	7
8136347	800	CALD1	7
8136370	340351	AGBL3	7
8136388	55281	TMEM140	7
8136391	346673	STRA8	7
8136401	23165	NUP205	7
8136448	1129	CHRM2	7
8136459	6718	AKR1D1	7
8136473	8805	TRIM24	7
8136495	79989	IFT56	7
8136516	254048	UBN2	7
8136557	6916	TBXAS1	7
8136580	401409	RAB19	7
8136591	90956	ADCK2	7
8136602	4708	NDUFB2	7
8136614	55750	AGK	7
8136631	6742	SSBP1	7
8136641	50831	TAS2R3	7
8136645	50832	TAS2R4	7
8136647	54429	TAS2R5	7
8136660	130075	OR9A4	7
8136662	8972	MGAM	7
8136709	93432	MGAM2	7
8136790	5645	PRSS2	7
8136811	2051	EPHB6	7
8136832	135927	LLCFC1	7
8136837	346517	OR6V1	7
8136839	5304	PIP	7
8136844	259285	TAS2R39	7
8136846	259286	TAS2R40	7
8136849	373156	GSTK1	7
8136863	135932	TMEM139	7
8136869	835	CASP2	7
8136893	1180	CLCN1	7
8136918	7791	ZYX	7
8136930	338398	TAS2R60	7
8136934	259287	TAS2R41	7
8136961	135948	OR2F2	7
8136963	26211	OR2F1	7
8136965	135946	OR6B1	7
8136967	393046	OR2A5	7
8136969	392138	OR2A25	7
8136971	346525	OR2A12	7
8136973	442361	OR2A2	7
8136975	135941	OR2A14	7
8137008	136647	MPLKIP	7
8137010	26047	CNTNAP2	7
8137050	202865	C7orf33	7
8137054	8454	CUL1	7
8137091	57541	ZNF398	7
8137101	8427	ZNF282	7
8137112	7988	ZNF212	7
8137133	84626	KRBA1	7
8137151	23145	SSPOP	7
8137183	23145	SSPOP	7
8137202	643641	ZNF862	7
8137208	155066	ATP6V0E2	7
8137215	65999	LRRC61	7
8137219	113763	ZBED10P	7
8137225	29803	REPIN1	7
8137228	285971	ZNF775	7
8137232	155038	GIMAP8	7
8137240	168537	GIMAP7	7
8137244	55303	GIMAP4	7
8137250	26157	GIMAP2	7
8137264	55365	TMEM176A	7
8137271	26	AOC1	7
8137280	4846	NOS3	7
8137330	9311	ASIC3	7
8137336	9311	ASIC3	7
8137352	6522	SLC4A2	7
8137381	116988	AGAP3	7
8137414	51667	NUB1	7
8137437	168391	GALNTL5	7
8137448	63917	GALNT11	7
8137474	57180	ACTR3B	7
8137485	1804	DPP6	7
8137517	3361	HTR5A	7
8137526	3638	INSIG1	7
8137537	2020	EN2	7
8137542	155435	RBM33	7
8137558	155435	RBM33	7
8137566	140545	RNF32	7
8137584	64434	NOM1	7
8137596	9690	UBE3C	7
8137639	55112	DYNC2I1	7
8137670	5154	PDGFA	7
8137675	5575	PRKAR1B	7
8137680	11033	ADAP1	7
8137700	84310	C7orf50	7
8137707	442907	MIR339	7
8137709	90637	ZFAND2A	7
8137715	79778	MICALL2	7
8137739	26173	INTS1	7
8137781	100128653	LOC100128653	7
8137783	202915	TMEM184A	7
8137798	84262	PSMG3	7
8137802	401296	LNCRI	7
8137805	8379	MAD1L1	7
8137826	29960	MRM2	7
8137833	29886	SNX8	7
8137847	221927	BRAT1	7
8137865	2768	GNA12	7
8137874	84433	CARD11	7
8137906	55698	RADIL	7
8137927	56903	PAPOLB	7
8137931	221938	MMD2	7
8137942	84629	TNRC18	7
8137953	84629	TNRC18	7
8137959	84629	TNRC18	7
8137962	100129484	LINC02983	7
8137964	80028	FBXL18	7
8137979	60	ACTB	7
8137986	54476	RNF216	7
8138030	5395	PMS2	7
8138045	27102	EIF2AK1	7
8138067	9265	CYTH3	7
8138088	84792	FAM220A	7
8138091	221955	DAGLB	7
8138108	11014	KDELR2	7
8138116	7559	ZNF12	7
8138147	81622	UNC93B1	11
8138157	340267	COL28A1	7
8138189	6119	RPA3	7
8138202	3382	ICA1	7
8138224	4697	NDUFA4	7
8138231	221981	THSD7A	7
8138258	221806	VWDE	7
8138277	221806	VWDE	7
8138289	2115	ETV1	7
8138310	1607	DGKB	7
8138337	392636	AGMO	7
8138353	4223	MEOX2	7
8138363	25928	SOSTDC1	7
8138370	57037	ANKMY2	7
8138381	10551	AGR2	7
8138392	155465	AGR3	7
8138401	23161	SNX13	7
8138435	221823	PRPS1L1	7
8138442	7291	TWIST1	7
8138450	222894	FERD3L	7
8138454	221830	POLR1F	7
8138459	256130	TMEM196	7
8138466	346389	MACC1	7
8138474	221833	SP8	7
8138489	55536	CDCA7L	7
8138504	9771	RAPGEF5	7
8138527	256227	STEAP1B	7
8138531	1915	EEF1A1	6
8138542	541472	IL6-AS1	7
8138553	84668	HYCC1	7
8138566	10643	IGF2BP3	7
8138581	29896	TRA2A	7
8138592	29896	TRA2A	7
8138596	1197	CLK2P1	7
8138602	1687	GSDME	7
8138613	26031	OSBPL3	7
8138640	54205	CYCS	7
8138647	136895	SPMIP4	7
8138662	64111	NPVF	7
8138668	406940	MIR148A	7
8138670	3181	HNRNPA2B1	7
8138686	9808	KIAA0087	7
8138689	8935	SKAP2	7
8138708	3198	HOXA1	7
8138718	3199	HOXA2	7
8138721	3200	HOXA3	7
8138728	3201	HOXA4	7
8138735	3202	HOXA5	7
8138741	3203	HOXA6	7
8138745	3204	HOXA7	7
8138765	3207	HOXA11	7
8138770	3209	HOXA13	7
8138773	7458	EIF4H	7
8138776	11112	HIBADH	7
8138789	221895	JAZF1	7
8138799	9865	TRIL	7
8138805	54504	CPVL	7
8138824	9805	SCRN1	7
8138834	55033	FKBP14	7
8138842	10392	NOD1	7
8138857	79017	GGCT	7
8138862	401320	GARS1-DT	7
8138865	1395	CRHR2	7
8138882	63974	NEUROD6	7
8138888	5137	PDE1C	7
8138912	23658	LSM5	7
8138922	25948	KBTBD2	7
8138930	441212	RP9P	7
8138941	51251	NT5C3A	7
8138950	6100	RP9	7
8138958	404744	NPSR1-AS1	7
8138977	23333	DPY19L1	7
8138988	554236	DPY19L2P1	7
8138997	57057	TBX20	7
8139003	64224	HERPUD2	7
8139021	23366	MATCAP2	7
8139033	313	AOAH	7
8139057	9844	ELMO1	7
8139087	6424	SFRP4	7
8139113	6981	TRGV7	7
8139118	6978	TRGV5	7
8139131	273	AMPH	7
8139160	340286	FAM183BP	7
8139163	340286	FAM183BP	7
8139165	27072	VPS41	7
8139198	201965	RWDD4	4
8139203	136647	MPLKIP	7
8139207	3624	INHBA	7
8139212	2737	GLI3	7
8139228	79020	C7orf25	7
8139232	5683	PSMA2	7
8139244	55744	COA1	7
8139276	5224	PGAM2	7
8139299	5425	POLD2	7
8139307	58498	MYL7	7
8139314	2645	GCK	7
8139330	816	CAMK2B	7
8139356	23386	NUDCD3	7
8139367	29881	NPC1L1	7
8139392	54606	DDX56	7
8139411	222068	TMED4	7
8139421	94239	H2AZ2	7
8139430	5814	PURB	7
8139433	64005	MYO1G	7
8139460	23148	NACAD	7
8139468	9238	TBRG4	7
8139482	654319	SNORA5A	7
8139484	677796	SNORA5C	7
8139488	3486	IGFBP3	7
8139500	64759	TNS3	7
8139534	168507	PKD1L1	7
8139592	3364	HUS1	7
8139606	256979	SUN3	7
8139622	11055	ZPBP	7
8139632	63979	FIGNL1	7
8139640	1644	DDC	7
8139656	2887	GRB10	7
8139680	23242	COBL	7
8139699	401337	LINC01446	7
8139706	23480	SEC61G	7
8139712	81552	VOPP1	7
8139723	360132	FKBP9P1	7
8139727	346288	SEPTIN14	7
8139737	5723	PSPH	7
8139746	5260	PHKG1	7
8139758	51142	CHCHD2	7
8139763	389493	NUPR2	7
8139769	401357	LOC401357	7
8139772	90827	ZNF479	7
8139796	105375299	LOC105375299	7
8139804	644000	ARAFP2	7
8139820	340252	ZNF680	7
8139828	441239	LOC441239	7
8139840	2086	ERV3-1	7
8139845	441242	LINC03006	7
8139859	2990	GUSB	7
8139873	285908	LINC00174	7
8139891	51119	SBDS	7
8139921	83698	CALN1	7
8139935	441250	TYW1B	7
8139943	441251	SPDYE7P	7
8140020	55695	NSUN5	7
8140028	135892	TRIM50	7
8140037	9031	BAZ1B	7
8140061	9275	BCL7B	7
8140070	26608	TBL2	7
8140085	51085	MLXIPL	7
8140107	84277	DNAJC30	7
8140113	6804	STX1A	7
8140129	83451	ABHD11	7
8140140	1365	CLDN3	7
8140144	155368	METTL27	7
8140151	5982	RFC2	7
8140220	81554	RCC1L	7
8140311	5387	PMS2P3	7
8140319	3092	HIP1	7
8140356	3092	HIP1	7
8140358	10344	CCL26	7
8140367	6369	CCL24	7
8140371	83862	TMEM120A	7
8140386	51657	STYXL1	7
8140398	7532	YWHAG	7
8140403	136853	SSC4D	7
8140420	619190	FDPSP2	7
8140443	619190	FDPSP2	7
8140461	222234	FAM185A	7
8140463	10875	FGL2	7
8140468	54103	GSAP	7
8140478	54103	GSAP	7
8140500	85025	TMEM60	7
8140504	9863	MAGI2	7
8140534	10512	SEMA3C	7
8140556	3082	HGF	7
8140579	781	CACNA2D1	7
8140620	27445	PCLO	7
8140650	9723	SEMA3E	7
8140668	10371	SEMA3A	7
8140686	223117	SEMA3D	7
8140709	222223	ELAPOR2	7
8140730	79161	TMEM243	7
8140739	11257	TP53TG1	7
8140752	5244	ABCB4	7
8140782	5243	ABCB1	7
8140814	55972	SLC25A40	7
8140828	6717	SRI	7
8140840	79689	STEAP4	7
8140852	219557	TEX47	7
8140859	7978	MTERF1	7
8140864	1595	CYP51A1	7
8140869	401387	LRRD1	7
8140878	889	KRIT1	7
8140909	30816	ERVW-1	7
8140915	5189	PEX1	7
8140955	1021	CDK6	7
8140967	54809	SAMD9	7
8140971	219285	SAMD9L	7
8140984	253012	HEPACAM2	7
8140995	799	CALCR	7
8141016	7980	TFPI2	7
8141024	10282	BET1	7
8141035	8910	SGCE	7
8141050	6189	RPS3A	4
8141052	5444	PON1	7
8141066	5446	PON3	7
8141076	5445	PON2	7
8141094	5166	PDK4	7
8141107	10165	SLC25A13	7
8141127	7979	SEM1	7
8141133	7979	SEM1	7
8141140	1749	DLX5	7
8141150	440	ASNS	7
8141166	107986827	CZ1P-ASNS	7
8141169	389538	CCZ1P-OR7E38P	7
8141180	25851	TECPR1	7
8141206	55971	BAIAP2L1	7
8141222	6189	RPS3A	4
8141228	222865	TMEM130	7
8141241	57154	SMURF1	7
8141263	402569	KPNA7	7
8141273	11333	PDAP1	7
8141305	84124	ZNF394	7
8141311	221786	FAM200A	7
8141317	1576	CYP3A4	7
8141328	1577	CYP3A5	7
8141361	81392	OR2AE1	7
8141363	89122	TRIM4	7
8141371	349149	GJC3	7
8141374	563	AZGP1	7
8141380	7551	ZNF3	7
8141395	4176	MCM7	7
8141419	407014	MIR25	7
8141421	407050	MIR93	7
8141423	406900	MIR106B	7
8141425	6878	TAF6	7
8141459	79690	GAL3ST4	7
8141466	221914	GPC2	7
8141477	352954	CASTOR3P	7
8141490	5379	PMS2P1	7
8141498	55063	ZCWPW1	7
8141517	221908	PPP1R35	7
8141522	402573	SPACDR	7
8141526	81628	TSC22D4	7
8141560	7036	TFR2	7
8141580	51412	ACTL6B	7
8141595	64599	GIGYF1	7
8141625	2050	EPHB4	7
8141643	402682	UFSP1	7
8141648	43	ACHE	7
8141664	7425	VGF	7
8141669	375607	NAT16	7
8141676	346606	MOGAT3	7
8141688	8985	PLOD3	7
8141708	24146	CLDN15	7
8141728	64792	IFT22	7
8141737	93408	MYL10	7
8141757	54784	ALKBH4	7
8141762	5439	POLR2J	7
8141843	10156	RASA4	7
8141846	222235	FBXL13	7
8141872	222236	NAPEPLD	7
8141882	349152	DPY19L2P2	7
8141898	27000	DNAJC2	7
8141922	375611	SLC26A5	7
8141950	5649	RELN	7
8142019	5001	ORC5	7
8142036	6733	SRPK2	7
8142061	54517	PUS7	7
8142079	100130771	EFCAB10	7
8142087	222255	ATXN7L1	7
8142096	222255	ATXN7L1	7
8142098	222255	ATXN7L1	7
8142100	222255	ATXN7L1	7
8142102	222255	ATXN7L1	7
8142104	222255	ATXN7L1	7
8142110	6856	SYPL1	7
8142120	10135	NAMPT	7
8142136	168455	CCDC71L	7
8142143	10466	COG5	7
8142171	1811	SLC26A3	7
8142194	3912	LAMB1	7
8142232	22798	LAMB4	7
8142270	4897	NRCAM	7
8142307	50640	PNPLA8	7
8142324	168451	THAP5	7
8142329	154907	LINC02903	7
8142332	83943	IMMP2L	7
8142345	9732	DOCK4	7
8142407	64418	TMEM168	7
8142415	154743	BMT2	7
8142424	54329	GPR85	7
8142431	401397	SMIM30	7
8142435	5506	PPP1R3A	7
8142452	22797	TFEC	7
8142471	7472	WNT2	7
8142480	136991	ASZ1	7
8142497	83992	CTTNBP2	7
8142524	23554	TSPAN12	7
8142540	10447	FAM3C	7
8142554	10157	AASS	7
8142580	389549	FEZF1	7
8142585	93664	CADPS2	7
8142618	168433	RNF133	7
8142622	378925	RNF148	7
8142624	50833	TAS2R16	7
8142628	6561	SLC13A1	7
8142646	154865	IQUB	7
8142663	4698	NDUFA5	7
8142671	8976	WASL	7
8142685	730130	TMEM229A	7
8142687	2861	GPR37	7
8142692	154872	LINC03043	7
8142697	25913	POT1	7
8142718	2918	GRM8	7
8142730	168850	ZNF800	7
8142740	79571	GCC1	7
8142747	5078	PAX4	7
8142765	64101	LRRC4	7
8142770	55131	RBM28	7
8142774	55131	RBM28	7
8142795	3614	IMPDH1	7
8142814	611	OPN1SW	7
8142821	375616	KCP	7
8142830	375616	KCP	7
8142852	23534	TNPO3	7
8142878	246184	CDC26	9
8142880	406958	MIR182	7
8142882	407053	MIR96	7
8142884	406959	MIR183	7
8142886	7328	UBE2H	7
8142899	51530	ZC3HC1	7
8142912	84928	TMEM209	7
8142930	95681	CEP41	7
8142971	136259	KLF14	7
8142975	407021	MIR29A	7
8142977	407024	MIR29B1	7
8142981	5420	PODXL	7
8142997	91584	PLXNA4	7
8143028	54927	CHCHD3	7
8143035	1937	EEF1G	11
8143040	84912	SLC35B4	7
8143054	231	AKR1B1	7
8143065	78996	CYREN	7
8143070	29062	WDR91	7
8143088	4850	CNOT4	7
8143110	26266	SLC13A4	7
8143127	389558	FAM180A	7
8143144	5764	PTN	7
8143154	9162	DGKI	7
8143188	64764	CREB3L2	7
8143209	136306	SVOPL	7
8143221	50617	ATP6V0A4	7
8143247	57670	KIAA1549	7
8143270	92092	ZC3HAV1L	7
8143279	56829	ZC3HAV1	7
8143296	346689	KLRG2	7
8143307	28996	HIPK2	7
8143327	64761	PARP12	7
8143341	80853	KDM7A	7
8143367	84255	SLC37A3	7
8143387	23608	MKRN1	7
8143397	27147	DENND2A	7
8143433	51650	MRPS33	7
8143441	57189	DENND11	7
8143448	285962	WEE2-AS1	7
8143463	136242	PRSS37	7
8143471	23601	CLEC5A	7
8143482	5726	TAS2R38	7
8143486	136541	PRSS58	7
8143494	207147	PRSS59P	7
8143499	55503	TRPV6	7
8143518	56302	TRPV5	7
8143534	3792	KEL	7
8143555	135924	OR9A2	7
8143557	89883	OR6W1P	7
8143564	9715	FAM131B	7
8143575	2041	EPHA1	7
8143605	9747	TCAF1	7
8143635	135935	NOBOX	7
8143643	27010	TPK1	7
8143663	2146	EZH2	7
8143684	9601	PDIA4	7
8143697	136051	ZNF786	7
8143702	155054	ZNF425	7
8143714	27153	ZNF777	7
8143725	155061	ZNF746	7
8143733	79970	ZNF767P	7
8143749	168544	ZNF467	7
8143759	401431	ATP6V0E2-AS1	7
8143766	653857	ACTR3C	7
8143772	5919	RARRES2	7
8143781	474344	GIMAP6	7
8143790	28959	TMEM176B	7
8143803	285973	ATG9B	7
8143825	3757	KCNH2	7
8143850	1020	CDK5	7
8143863	10922	FASTK	7
8143879	83590	TMUB1	7
8143885	2636	GBX1	7
8143887	136371	ASB10	7
8143894	392843	IQCA1L	7
8143899	392843	IQCA1L	7
8143919	6604	SMARCD3	7
8143939	349136	WDR86	7
8143941	349136	WDR86	7
8143949	155051	CRYGN	7
8143957	6009	RHEB	7
8143961	51422	PRKAG2	7
8143988	58508	KMT2C	7
8144036	7516	XRCC2	7
8144044	346547	ERVFC1-1	7
8144047	22976	PAXIP1	7
8144072	285888	CNPY1	7
8144078	6469	SHH	7
8144082	100506380	RNF32-DT	7
8144089	64327	LMBR1	7
8144112	3110	MNX1	7
8144149	406945	MIR153-2	7
8144151	285872	THAP5P1	7
8144153	54892	NCAPG2	7
8144184	57488	ESYT2	7
8144213	7434	VIPR2	7
8144230	169270	ZNF596	8
8144239	26260	FBXO25	8
8144253	9228	DLGAP2	8
8144267	2055	CLN8	8
8144279	2055	CLN8	8
8144281	9639	ARHGEF10	8
8144315	9639	ARHGEF10	8
8144317	9920	KBTBD11	8
8144322	9172	MYOM2	8
8144361	79648	MCPH1	8
8144378	55326	AGPAT5	8
8144410	349196	LINC00965	8
8144412	349196	LINC00965	8
8144414	349196	LINC00965	8
8144416	349196	LINC00965	8
8144418	349196	LINC00965	8
8144420	349196	LINC00965	8
8144488	349196	LINC00965	8
8144490	349196	LINC00965	8
8144492	349196	LINC00965	8
8144494	349196	LINC00965	8
8144498	286042	FAM86B3P	8
8144503	286042	FAM86B3P	8
8144505	137075	CLDN23	8
8144516	90459	ERI1	8
8144528	8658	TNKS	8
8144557	4482	MSRA	8
8144571	203074	PRSS55	8
8144577	203076	C8orf74	8
8144586	66036	MTMR9	8
8144600	83650	SLC35G5	8
8144604	157739	TDH	8
8144621	83656	FAM167A-AS1	8
8144625	640	BLK	8
8144639	83655	LINC00208	8
8144643	2626	GATA4	8
8144656	606553	LINC02905	8
8144658	252969	NEIL2	8
8144669	2222	FDFT1	8
8144687	613209	DEFB135	8
8144705	57604	TRMT9B	8
8144712	57604	TRMT9B	8
8144721	157773	C8orf48	8
8144726	7991	TUSC3	8
8144742	286097	MICU3	8
8144758	51201	ZDHHC2	8
8144774	137492	VPS37A	8
8144786	6542	SLC7A2	8
8144802	5157	PDGFRL	8
8144812	5108	PCM1	8
8144857	9	NAT1	8
8144866	10	NAT2	8
8144880	63898	SH2D4A	8
8144894	55174	INTS10	8
8144917	4023	LPL	8
8144931	526	ATP6V1B2	8
8144949	100874051	LZTS1-AS1	8
8144953	23039	XPO7	8
8144982	10361	NPM2	8
8144995	8822	FGF17	8
8145005	2039	DMTN	8
8145027	64760	FHIP2B	8
8145047	6440	SFTPC	8
8145055	649	BMP1	8
8145085	661	POLR3D	8
8145097	55124	PIWIL2	8
8145122	23516	SLC39A14	8
8145136	5533	PPP3CC	8
8145151	10174	SORBS3	8
8145175	64236	PDLIM2	8
8145193	541565	C8orf58	8
8145201	57805	CCAR2	8
8145227	23221	RHOBTB2	8
8145259	91782	CHMP7	8
8145272	203069	R3HCC1	8
8145281	51312	SLC25A37	8
8145291	51312	SLC25A37	8
8145293	10863	ADAM28	8
8145317	27299	ADAMDEC1	8
8145334	8756	ADAM7	8
8145361	4741	NEFM	8
8145365	80005	DOCK5	8
8145418	157313	CDCA2	8
8145440	5520	PPP2R2A	8
8145454	665	BNIP3L	8
8145470	1808	DPYSL2	8
8145490	2185	PTK2B	8
8145532	2053	EPHX2	8
8145555	51435	SCARA3	8
8145570	157570	ESCO2	8
8145586	55140	ELP3	8
8145603	5368	PNOC	8
8145611	7976	FZD3	8
8145624	2137	EXTL3	8
8145636	79618	HMBOX1	8
8145652	23484	LEPROTL1	8
8145660	10671	DCTN6	8
8145669	11030	RBPMS	8
8145691	7993	UBXN8	8
8145702	7486	WRN	8
8145736	3084	NRG1	8
8145766	3084	NRG1	8
8145782	84549	MAK16	8
8145799	137970	UNC5D	8
8145829	80139	ZNF703	8
8145835	11160	ERLIN2	8
8145854	11212	PLPBP	8
8145865	25960	ADGRA2	8
8145889	1978	EIF4EBP1	8
8145894	9070	ASH2L	8
8145914	9530	BAG4	8
8145922	23259	DDHD2	8
8145942	137994	LETM2	8
8145954	6867	TACC1	8
8145977	59339	PLEKHA2	8
8145989	203100	HTRA4	8
8146000	8754	ADAM9	8
8146024	203102	ADAM32	8
8146051	255926	ADAM5	8
8146069	8749	ADAM18	8
8146092	3620	IDO1	8
8146105	169355	IDO2	8
8146115	56892	TCIM	8
8146122	51125	GOLGA7	8
8146130	84296	GINS4	8
8146142	137964	GPAT4	8
8146159	10947	AP3M2	8
8146171	3551	IKBKB	8
8146198	5423	POLB	8
8146216	7419	VDAC3	8
8146225	114926	SMIM19	8
8146230	1142	CHRNB3	8
8146243	84376	HOOK3	8
8146268	2339	FNTA	8
8146278	84197	POMK	8
8146285	138050	HGSNAT	8
8146307	340441	POTEA	8
8146336	23514	SPIDR	8
8146357	4173	MCM4	8
8146379	7336	UBE2V2	8
8146393	492307	PPDPFL	8
8146403	54212	SNTG1	8
8146427	115294	PCMTD1	8
8146429	2831	NPBWR1	8
8146435	8601	RGS20	8
8146448	29088	MRPL15	8
8146456	26766	RNU105C	8
8146462	64321	SOX17	8
8146468	6101	RP1	8
8146475	114786	XKR4	8
8146482	96764	TGS1	8
8146500	4067	LYN	8
8146517	79145	CHCHD7	8
8146527	100505477	LINC01602	8
8146533	90362	FAM110B	8
8146544	137886	UBXN2B	8
8146550	6386	SDCBP	8
8146564	5862	RAB2A	8
8146579	55636	CHD7	8
8146618	157807	CLVS1	8
8146625	286183	NKAIN3	8
8146633	286183	NKAIN3	8
8146637	253943	YTHDF3	8
8146643	406908	MIR124-2	8
8146645	27319	BHLHE22	8
8146649	9650	MTFR1	8
8146660	85479	DNAJC5B	8
8146669	84675	TRIM55	8
8146685	23212	RRS1	8
8146687	137872	ADHFE1	8
8146703	254778	VXN	8
8146738	157777	MCMDC2	8
8146756	79848	CSPP1	8
8146794	80243	PREX2	8
8146839	116328	C8orf34	8
8146863	23213	SULF1	8
8146900	389668	XKR9	8
8146908	9312	KCNB2	8
8146914	7013	TERF1	8
8146921	157506	RDH10	8
8146930	54968	TMEM70	8
8146934	23643	LY96	8
8146945	54332	GDAP1	8
8146957	51050	PI15	8
8146967	83690	CRISPLD1	8
8146986	3174	HNF4G	8
8147000	79776	ZFHX4	8
8147012	5569	PKIA	8
8147019	51101	ZC2HC1A	8
8147030	11075	STMN2	8
8147040	65986	ZBTB10	8
8147057	92421	CHMP4C	8
8147065	138046	RALYL	8
8147079	85444	LRRCC1	8
8147101	1875	E2F5	8
8147112	377677	CA13	8
8147123	761	CA3	8
8147132	760	CA2	8
8147145	245972	ATP6V0D2	8
8147156	11059	WWP1	8
8147172	8895	CPNE3	8
8147194	168975	CNBD1	8
8147206	8767	RIPK2	8
8147221	734	OSGIN2	8
8147228	1666	DECR1	8
8147244	64168	NECAB1	8
8147262	51633	OTUD6B	8
8147307	137392	CIBAR1	8
8147313	91147	TMEM67	8
8147344	54704	PDP1	8
8147351	54845	ESRP1	8
8147375	286148	DPY19L4	8
8147396	55656	INTS8	8
8147424	137682	NDUFAF6	8
8147439	79666	PLEKHF2	8
8147447	9791	PTDSS1	8
8147461	6383	SDC2	8
8147469	10404	CPQ	8
8147483	92140	MTDH	8
8147503	55353	LAPTM4B	8
8147516	4147	MATN2	8
8147543	203111	ERICH5	8
8147548	10940	POP1	8
8147564	10940	POP1	8
8147566	3788	KCNS2	8
8147573	116039	OSR2	8
8147580	157680	VPS13B	8
8147654	5440	POLR2K	8
8147661	6674	SPAG1	8
8147683	6674	SPAG1	8
8147693	83955	NACA4P	8
8147697	79977	GRHL2	8
8147717	4956	ODF1	8
8147724	528	ATP6V1C1	8
8147756	79870	BAALC	8
8147766	8323	FZD6	8
8147777	115908	CTHRC1	8
8147785	25879	DCAF13	8
8147796	9699	RIMS2	8
8147830	81501	DCSTAMP	8
8147837	23414	ZFPM2	8
8147848	55074	OXR1	8
8147864	9694	EMC2	8
8147877	7201	TRHR	8
8147883	56943	ENY2	8
8147891	93035	PKHD1L1	8
8147970	9166	EBAG9	8
8147994	84294	UTP23	8
8148000	441376	AARD	8
8148003	169026	SLC30A8	8
8148022	90390	MED30	8
8148029	10584	COLEC10	8
8148040	114569	MAL2	8
8148049	4856	CCN3	8
8148059	64798	DEPTOR	8
8148124	27085	MTBP	8
8148149	22882	ZHX2	8
8148158	93594	TBC1D31	8
8148184	84985	FAM83A	8
8148198	55093	NTAQ1	8
8148208	157769	FAM91A1	8
8148220	654463	FER1L6	8
8148263	55039	TRMT12	8
8148265	11236	RNF139	8
8148270	4715	NDUFB9	8
8148276	137209	ZNF572	8
8148280	6713	SQLE	8
8148293	286053	NSMCE2	8
8148304	10221	TRIB1	8
8148315	5462	POU5F1B	8
8148317	4609	MYC	8
8148333	23167	EFR3A	8
8148358	51105	PHF20L1	8
8148385	7038	TG	8
8148435	8840	CCN4	8
8148448	10656	KHDRBS3	8
8148463	100507249	C8orf17	8
8148467	54108	CHRAC1	8
8148476	22898	DENND3	8
8148501	11156	PTP4A3	8
8148517	575	ADGRB1	8
8148548	8000	PSCA	8
8148553	54742	LY6K	8
8148559	51337	THEM6	8
8148565	2765	GML	8
8148572	4061	LY6E	8
8148580	286122	LY6S-AS1	8
8148591	338328	GPIHBP1	8
8148597	286128	ZFP41	8
8148607	2738	GLI4	8
8148615	79943	ZNF696	8
8148621	114822	RHPN1	8
8148642	79792	GSDMD	8
8148655	84948	TIGD5	8
8148658	9831	ZNF623	8
8148662	286075	ZNF707	8
8148671	286076	LINC02878	8
8148674	225689	MAPK15	8
8148694	2907	GRINA	8
8148703	375686	SPATC1	8
8148710	54512	EXOSC4	8
8148715	8733	GPAA1	8
8148728	1537	CYC1	8
8148737	84232	MAF1	8
8148748	340390	WDR97	8
8148772	51236	HGH1	8
8148783	727957	MROH1	8
8148796	642658	SCX	8
8148799	51236	HGH1	8
8148808	727957	MROH1	8
8148821	642658	SCX	8
8148824	3297	HSF1	8
8148841	79581	SLC52A2	8
8148850	203054	ADCK5	8
8148867	90990	KIFC2	8
8148888	84988	PPP1R16A	8
8148902	2875	GPT	8
8148917	113655	MFSD3	8
8148923	9684	LRRC14	8
8148932	340385	ZNF517	8
8148941	7553	ZNF7	8
8148949	286102	TMED10P1	8
8148951	286103	ZNF252P-AS1	8
8148955	65265	C8orf33	8
8148966	644128	RPL23AP53	8
8148968	157693	FAM87A	8
8148973	157695	TDRP	8
8148978	157697	ERICH1	8
8148985	157697	ERICH1	8
8148992	64478	CSMD1	8
8149071	285	ANGPT2	8
8149084	100507530	MCPH1-AS1	8
8149086	389610	XKR5	8
8149097	1672	DEFB1	8
8149104	1671	DEFA6	8
8149109	1669	DEFA4	8
8149142	1670	DEFA5	8
8149151	349196	LINC00965	8
8149153	349196	LINC00965	8
8149157	349196	LINC00965	8
8149161	349196	LINC00965	8
8149165	349196	LINC00965	8
8149167	349196	LINC00965	8
8149210	349196	LINC00965	8
8149214	349196	LINC00965	8
8149216	349196	LINC00965	8
8149218	349196	LINC00965	8
8149220	349196	LINC00965	8
8149222	349196	LINC00965	8
8149224	349196	LINC00965	8
8149226	349196	LINC00965	8
8149228	349196	LINC00965	8
8149250	157285	PRAG1	8
8149258	9258	MFHAS1	8
8149264	79660	PPP1R3B	8
8149277	406907	MIR124-1	8
8149283	94137	RP1L1	8
8149289	83595	SOX7	8
8149296	54984	PINX1	8
8149307	286046	XKR6	8
8149318	83647	LINC00529	8
8149324	83648	FAM167A	8
8149330	1508	CTSB	8
8149347	613210	DEFB136	8
8149350	613211	DEFB134	8
8149358	641517	DEFB109B	8
8149399	91694	LONRF1	8
8149413	10395	DLC1	8
8149438	137868	SGCZ	8
8149448	4481	MSR1	8
8149465	26281	FGF20	8
8149475	29883	CNOT7	8
8149485	9108	MTMR7	8
8149500	57509	MTUS1	8
8149521	2267	FGL1	8
8149534	427	ASAH1	8
8149551	23362	PSD3	8
8149555	23362	PSD3	8
8149574	55790	CSGALNACT1	8
8149592	6570	SLC18A1	8
8149612	11178	LZTS1	8
8149629	2675	GFRA2	8
8149638	9046	DOK2	8
8149646	79873	NUDT18	8
8149652	55806	HR	8
8149673	80346	REEP4	8
8149685	203190	LGI3	8
8149699	9796	PHYHIP	8
8149705	407037	MIR320A	8
8149707	55909	BIN3	8
8149718	80094	BIN3-IT1	8
8149720	1960	EGR3	8
8149725	157310	PEBP4	8
8149733	8795	TNFRSF10B	8
8149749	8793	TNFRSF10D	8
8149762	8797	TNFRSF10A	8
8149774	4017	LOXL2	8
8149793	9583	ENTPD4	8
8149811	4824	NKX3-1	8
8149820	137814	NKX2-6	8
8149825	6781	STC1	8
8149835	4747	NEFL	8
8149849	2796	GNRH1	8
8149857	54793	KCTD9	8
8149865	64641	EBF2	8
8149877	10687	PNMA2	8
8149885	148	ADRA1A	8
8149898	81551	STMN4	8
8149907	23087	TRIM35	8
8149918	1135	CHRNA2	8
8149927	1191	CLU	8
8149942	55246	CCDC25	8
8149955	55872	PBK	8
8149966	286133	SCARA5	8
8149979	389643	NUGGC	8
8149986	55893	ZNF395	8
8150014	55756	INTS9	8
8150036	23303	KIF13B	8
8150076	1846	DUSP4	8
8150089	51669	SARAF	8
8150099	619373	MBOAT4	8
8150103	2961	GTF2E2	8
8150112	2936	GSR	8
8150126	5516	PPP2CB	8
8150138	56154	TEX15	8
8150143	29942	PURG	8
8150165	84750	FUT10	8
8150175	80185	TTI2	8
8150186	79845	RNF122	8
8150197	78986	DUSP26	8
8150206	124801	LSM12	17
8150214	102723701	LOC102723701	8
8150217	728024	LOC728024	8
8150219	55290	BRF2	8
8150225	80223	RAB11FIP1	8
8150244	137362	GOT1L1	8
8150249	155	ADRB3	8
8150253	6770	STAR	8
8150266	27257	LSM1	8
8150276	84513	PLPP5	8
8150287	54904	NSD3	8
8150318	2260	FGFR1	8
8150352	389649	LINC03042	8
8150364	83877	TM2D2	8
8150375	1587	ADAM3A	8
8150395	2515	ADAM2	8
8150419	79698	ZMAT4	8
8150428	6422	SFRP1	8
8150433	157848	NKX6-3	8
8150439	286	ANK1	8
8150491	7994	KAT6A	8
8150509	5327	PLAT	8
8150529	27121	DKK4	8
8150537	6575	SLC20A2	8
8150550	8973	CHRNA6	8
8150559	55145	THAP1	8
8150565	81790	RNF170	8
8150592	1052	CEBPD	8
8150599	5591	PRKDC	8
8150691	79645	CLXN	8
8150698	6591	SNAI2	8
8150704	137902	PXDNL	8
8150714	115294	PCMTD1	8
8150722	9705	ST18	8
8150751	389658	ALKAL1	8
8150757	9821	RB1CC1	8
8150785	4986	OPRK1	8
8150797	51606	ATP6V1H	8
8150818	6917	TCEA1	8
8150830	10434	LYPLA1	8
8150846	137695	TMEM68	8
8150870	5706	PSMC6	14
8150872	6224	RPS20	8
8150877	26795	SNORD54	8
8150879	4342	MOS	8
8150881	5324	PLAG1	8
8150889	195814	SDR16C5	8
8150901	5179	PENK	8
8150906	54928	BPNT2	8
8150908	54928	BPNT2	8
8150920	1581	CYP7A1	8
8150928	8439	NSMAF	8
8150962	9760	TOX	8
8150978	767	CA8	8
8150988	444	ASPH	8
8151032	8836	GGH	8
8151042	7274	TTPA	8
8151056	9420	CYP7B1	8
8151066	55156	ARMC1	8
8151074	5150	PDE7A	8
8151092	1392	CRH	8
8151101	4603	MYBL1	8
8151118	80124	VCPIP1	8
8151123	26255	PTTG3P	8
8151125	100129654	TCF24	8
8151127	286187	PPP1R42	8
8151136	10987	COPS5	8
8151149	10565	ARFGEF1	8
8151191	57094	CPA6	8
8151223	81796	SLCO5A1	8
8151240	63978	PRDM14	8
8151254	10499	NCOA2	8
8151281	23471	TRAM1	8
8151296	51110	LACTB2	8
8151310	2138	EYA1	8
8151334	9242	MSC	8
8151341	8989	TRPA1	8
8151369	157869	SBSPON	8
8151376	6129	RPL7	8
8151384	27067	STAU2	8
8151401	55284	UBE2W	8
8151413	6921	ELOC	8
8151423	56704	JPH1	8
8151436	5828	PEX2	8
8151447	3574	IL7	8
8151457	23462	HEY1	8
8151471	28957	MRPS28	8
8151475	7163	TPD52	8
8151496	619279	ZNF704	8
8151512	55824	PAG1	8
8151525	5375	PMP2	8
8151532	2167	FABP4	8
8151542	646486	FABP12	8
8151549	3612	IMPA1	8
8151559	347051	SLC10A5	8
8151561	79752	ZFAND1	8
8151572	64089	SNX16	8
8151587	401466	RBIS	8
8151592	759	CA1	8
8151633	85481	PSKH2	8
8151637	157724	SLC7A13	8
8151644	51115	RMDN1	8
8151659	54714	CNGB3	8
8151679	138009	DCAF4L2	8
8151686	4325	MMP16	8
8151711	4683	NBN	8
8151730	793	CALB1	8
8151756	55529	PIP4P2	8
8151768	862	RUNX1T1	8
8151788	389677	RBM12B	8
8151795	1015	CDH17	8
8151816	2669	GEM	8
8151842	25962	VIRMA	8
8151871	9134	CCNE2	8
8151890	94241	TP53INP1	8
8151898	157657	CFAP418	8
8151906	392255	GDF6	8
8151909	7381	UQCRB	8
8151917	51001	MTERF3	8
8151931	85453	TSPYL5	8
8151935	6156	RPL30	8
8151942	10247	RIDA	8
8151952	79815	NIPAL2	8
8151967	6788	STK3	8
8151993	1345	COX6C	8
8151999	26166	RGS22	8
8152031	286151	FBXO43	8
8152041	25897	RNF19A	8
8152053	157567	ANKRD46	8
8152062	169166	SNX31	8
8152079	26986	PABPC1	8
8152096	7534	YWHAZ	8
8152111	51123	ZNF706	8
8152119	83988	NCALD	8
8152133	50484	RRM2B	8
8152148	51366	UBR5	8
8152215	7071	KLF10	8
8152222	51582	AZIN1	8
8152252	157556	BAALC-AS2	8
8152255	81034	SLC25A32	8
8152264	1807	DPYS	8
8152280	29967	LRP12	8
8152291	137735	ABRA	8
8152297	284	ANGPT1	8
8152314	340419	RSPO2	8
8152323	3646	EIF3E	8
8152335	157753	TMEM74	8
8152340	84955	NUDCD1	8
8152355	55638	SYBU	8
8152369	27012	KCNV1	8
8152376	114788	CSMD3	8
8152453	7227	TRPS1	8
8152465	8667	EIF3H	8
8152477	5885	RAD21	8
8152491	2131	EXT1	8
8152506	401474	SAMD12	8
8152512	4982	TNFRSF11B	8
8152522	5168	ENPP2	8
8152553	6873	TAF2	8
8152582	79075	DSCC1	8
8152597	28998	MRPL13	8
8152606	6641	SNTB1	8
8152617	3037	HAS2	8
8152628	79139	DERL1	8
8152642	100131726	FAM83A-AS1	8
8152668	29028	ATAD2	8
8152703	114907	FBXO32	8
8152715	340359	KLHL38	8
8152719	312	ANXA13	8
8152734	439941	FER1L6-AS1	8
8152742	157376	FER1L6-AS2	8
8152750	157378	TMEM65	8
8152759	83940	TATDN1	8
8152764	9788	MTSS1	8
8152782	9897	WASHC5	8
8152812	157638	LRATD2	8
8152815	641384	LINC02912	8
8152821	137196	CCDC26	8
8152828	56169	GSDMC	8
8152845	51571	CYRIB	8
8152867	50807	ASAP1	8
8152902	114	ADCY8	8
8152924	729330	OC90	8
8152938	10086	HHLA1	8
8152946	3786	KCNQ3	8
8152962	23639	DNAAF11	8
8152976	137835	TMEM71	8
8152988	6503	SLA	8
8153002	10397	NDRG1	8
8153021	6482	ST3GAL1	8
8153043	57623	ZFAT	8
8153065	407030	MIR30B	8
8153067	407033	MIR30D	8
8153071	51059	FAM135B	8
8153101	169044	COL22A1	8
8153167	51305	KCNK9	8
8153175	83696	TRAPPC9	8
8153201	27161	AGO2	8
8153223	5747	PTK2	8
8153258	57210	SLC45A4	8
8153262	57210	SLC45A4	8
8153269	2843	GPR20	8
8153273	389690	MROH5	8
8153304	203062	TSNARE1	8
8153322	23237	ARC	8
8153328	8629	JRK	8
8153336	57152	SLURP1	8
8153342	137797	LYPD2	8
8153359	8581	LY6D	8
8153363	1584	CYP11B1	8
8153373	1585	CYP11B2	8
8153380	4062	LY6H	8
8153390	116447	TOP1MT	8
8153405	78998	RHPN1-AS1	8
8153409	389692	MAFA	8
8153411	23144	ZC3H3	8
8153424	642475	MROH6	8
8153426	642475	MROH6	8
8153430	93100	NAPRT	8
8153449	1936	EEF1D	8
8153457	1936	EEF1D	8
8153459	65263	PYCR3	8
8153474	7264	GFUS	8
8153486	100130274	CCDC166	8
8153488	286077	FAM83H	8
8153497	23513	SCRIB	8
8153536	22827	PUF60	8
8153550	340371	NRBP2	8
8153568	5339	PLEC	8
8153609	84875	PARP10	8
8153625	26873	OPLAH	8
8153652	81858	SHARPIN	8
8153664	23246	BOP1	8
8153678	23246	BOP1	8
8153684	8694	DGAT1	8
8153704	83482	SCRT1	8
8153727	29894	CPSF1	8
8153762	55630	SLC39A4	8
8153776	51160	VPS28	8
8153790	4796	TONSL	8
8153819	50626	ZFTRAF1	8
8153823	50626	ZFTRAF1	8
8153828	8928	FOXH1	8
8153835	101928953	LOC101928953	8
8153838	9401	RECQL4	8
8153876	80728	ARHGAP39	8
8153890	90987	ZNF251	8
8153896	80778	ZNF34	8
8153903	6132	RPL8	8
8153920	58500	ZNF250	8
8153930	7564	ZNF16	8
8153935	286101	ZNF252P	8
8153937	83482	SCRT1	8
8153939	8694	DGAT1	8
8153959	81704	DOCK8	9
8154012	23189	KANK1	9
8154034	1761	DMRT1	9
8154043	58524	DMRT3	9
8154047	10655	DMRT2	9
8154059	6595	SMARCA2	9
8154100	7436	VLDLR	9
8154124	169522	KCNV2	9
8154132	84850	GLIS3-AS1	9
8154135	6505	SLC1A1	9
8154151	403313	PLPP6	9
8154153	55664	CDC37L1	9
8154163	10171	RCL1	9
8154176	406894	MIR101-2	9
8154178	3717	JAK2	9
8154229	3641	INSL4	9
8154233	29126	CD274	9
8154245	80380	PDCD1LG2	9
8154254	57589	RIC1	9
8154285	2315	MLANA	9
8154295	90865	IL33	9
8154305	51714	SELENOT	3
8154307	89882	TPD52L3	9
8154316	115426	UHRF2	9
8154333	23081	KDM4C	9
8154359	6142	RPL18A	19
8154367	7306	TYRP1	9
8154381	286343	LURAP1L	9
8154394	6619	SNAPC3	9
8154416	203238	CCDC171	9
8154449	54875	CNTLN	9
8154476	6456	SH3GL2	9
8154491	92949	ADAMTSL1	9
8154512	92949	ADAMTSL1	9
8154523	10670	RRAGA	9
8154531	55667	DENND4C	9
8154563	340485	ACER2	9
8154574	54914	FOCAD	9
8154622	3445	IFNA8	9
8154654	51198	CDKN2A-AS1	9
8154656	63951	DMRTA1	9
8154662	100506422	LINC03106	9
8154670	80173	IFT74	9
8154692	7010	TEK	9
8154721	56832	IFNK	9
8154725	693207	MIR622	13
8154727	293	SLC25A6	X
8154733	48	ACO1	9
8154760	401498	TMEM215	9
8154765	3301	DNAJA1	9
8154779	27290	SPINK4	9
8154785	51510	CHMP5	9
8154793	4799	NFX1	9
8154823	441459	ANKRD18B	9
8154836	304	ANXA2P2	9
8154848	5646	PRSS3	9
8154856	54926	UBE2R2	9
8154872	51271	UBAP1	9
8154885	318	NUDT2	9
8154892	27019	DNAI1	9
8154916	2592	GALT	9
8154934	3590	IL11RA	9
8154953	23349	PHF24	9
8154962	25822	DNAJB5	9
8154973	138724	SPATA31G1	9
8154981	10497	UNC13B	9
8155026	158381	ATP8B5P	9
8155048	9853	RUSC2	9
8155062	7016	TESK1	9
8155073	203260	CCDC107	9
8155083	768	CA9	9
8155096	10488	CREB3	9
8155110	9827	RGP1	9
8155121	4882	NPR2	9
8155148	51754	TMEM8B	9
8155167	646962	HRCT1	9
8155169	8434	RECK	9
8155192	152007	GLIPR2	9
8155200	881	CCIN	9
8155203	1211	CLTA	9
8155214	9833	MELK	9
8155234	84186	ZCCHC7	9
8155250	9380	GRHPR	9
8155268	64425	POLR1E	9
8155284	22844	FRMPD1	9
8155301	158234	TRMT10B	9
8155312	79269	DCAF10	9
8155327	219	ALDH1B1	9
8155332	84792	FAM220A	7
8155414	729171	ANKRD20A8P	2
8155455	441426	LINC00268	9
8155547	442421	PTGER4P2-CDK2AP2P2	9
8155572	400841	LINC01597	20
8155634	441666	LOC441666	10
8155665	5239	PGM5	9
8155673	8395	PIP5K1B	9
8155696	116224	PABIR1	9
8155699	2395	FXN	9
8155707	9414	TJP2	9
8155734	9413	ENTREP1	9
8155747	138255	CFAP95	9
8155754	256691	MAMDC2	9
8155770	23137	SMC5	9
8155794	138241	C9orf85	9
8155802	9615	GDA	9
8155824	117531	TMC1	9
8155849	301	ANXA1	9
8155864	6096	RORB	9
8155883	26578	OSTF1	9
8155898	5125	PCSK5	9
8155930	2650	GCNT1	9
8155942	442425	FOXB2	9
8155946	23230	VPS13A	9
8156026	84131	CEP78	9
8156043	29968	PSAT1	9
8156060	7091	TLE4	9
8156090	347127	SPATA31D5P	9
8156116	414328	IDNK	9
8156126	80010	RMI1	9
8156134	4915	NTRK2	9
8156167	60560	NAA35	9
8156196	401535	LINC02872	9
8156199	1612	DAPK1	9
8156228	1514	CTSL	9
8156240	392360	CTSL3P	9
8156247	286234	SPATA31E1	9
8156263	10927	SPIN1	9
8156274	158046	NXNL2	9
8156278	1903	S1PR3	9
8156290	1164	CKS2	9
8156295	79048	SECISBP2	9
8156309	10912	GADD45G	9
8156321	6850	SYK	9
8156341	401541	CENPP	9
8156373	89846	FGD3	9
8156393	203328	SUSD3	9
8156404	84270	CARD19	9
8156415	65268	WNK2	9
8156452	23196	FAM120A	9
8156476	5253	PHF2	9
8156506	138639	PTPDC1	9
8156519	406881	MIRLET7A1	9
8156521	406888	MIRLET7F1	9
8156523	406886	MIRLET7D	9
8156529	169841	ZNF169	9
8156538	84641	MFSD14B	9
8156549	84909	AOPEP	9
8156581	375748	ERCC6L2	9
8156601	375748	ERCC6L2	9
8156604	375748	ERCC6L2	9
8156610	22927	HABP4	9
8156688	23424	TDRD7	9
8156706	7111	TMOD1	9
8156718	4686	NCBP1	9
8156743	2304	FOXE1	9
8156750	10541	ANP32B	9
8156761	54187	NANS	9
8156770	79695	GALNT12	9
8156783	1306	COL15A1	9
8156826	7046	TGFBR1	9
8156838	10952	SEC61B	9
8156848	8013	NR4A3	9
8156861	55014	STX17	9
8156873	27130	INVS	9
8156919	347273	CAVIN4	9
8156923	54886	PLPPR1	9
8156935	7743	ZNF189	9
8156945	56254	RNF20	9
8156971	1539	CYLC2	9
8156982	10592	SMC2	9
8157012	138805	OR13F1	9
8157014	138802	OR13C8	9
8157016	286365	OR13D1	9
8157021	25934	NIPSNAP3A	9
8157027	55335	NIPSNAP3B	9
8157038	23446	SLC44A1	9
8157058	83856	FSD1L	9
8157074	2218	FKTN	9
8157090	6887	TAL2	9
8157092	55151	TMEM38B	9
8157105	58499	ZNF462	9
8157125	5887	RAD23B	9
8157141	10881	ACTL7A	9
8157144	54942	ABITRAM	9
8157153	445815	PALM2AKAP2	9
8157173	4593	MUSK	9
8157193	158399	ZNF483	9
8157216	7357	UGCG	9
8157233	84263	HSDL2	9
8157246	158405	KIAA1958	9
8157253	401548	SNX30	9
8157264	1318	SLC31A2	9
8157270	1317	SLC31A1	9
8157283	9128	PRPF4	9
8157300	54836	BSPRY	9
8157308	257169	C9orf43	9
8157324	5998	RGS3	9
8157362	114991	ZNF618	9
8157381	114991	ZNF618	9
8157383	85301	COL27A1	9
8157444	619556	MIR455	9
8157446	5004	ORM1	9
8157454	9550	ATP6V1G1	9
8157463	203197	TMEM268	9
8157477	50514	DELEC1	9
8157487	5069	PAPPA	9
8157516	22954	TRIM32	9
8157524	7099	TLR4	9
8157534	11064	CNTRL	9
8157582	2934	GSN	9
8157610	153090	DAB2IP	9
8157632	254956	MORN5	9
8157638	92399	MRRF	9
8157650	5742	PTGS1	9
8157668	26740	OR1J2	9
8157671	26219	OR1J4	9
8157674	138882	OR1N2	9
8157679	158131	OR1Q1	9
8157681	26737	OR1L1	9
8157684	26735	OR1L3	9
8157686	254973	OR1L4	9
8157688	392390	OR1L6	9
8157691	348235	SKA2	17
8157696	392391	OR5C1	9
8157698	392392	OR1K1	9
8157700	23637	RABGAP1	9
8157727	2844	GPR21	9
8157731	286204	CRB2	9
8157751	9355	LHX2	9
8157761	10783	NEK6	9
8157777	347088	ADGRD2	9
8157800	406954	MIR181A2	9
8157802	406956	MIR181B2	9
8157804	169611	OLFML2A	9
8157818	401551	WDR38	9
8157828	81873	ARPC5L	9
8157843	10244	RABEPK	9
8157858	26130	GAPVD1	9
8157890	5090	PBX3	9
8157905	89853	MVB12B	9
8157922	4010	LMX1B	9
8157933	23099	ZBTB43	9
8157939	403341	ZBTB34	9
8157941	403341	ZBTB34	9
8157945	403341	ZBTB34	9
8157947	403341	ZBTB34	9
8157949	9649	RALGPS1	9
8157976	84253	GARNL3	9
8158009	29988	SLC2A8	9
8158022	7633	ZNF79	9
8158028	90678	LRSAM1	9
8158059	6812	STXBP1	9
8158081	286207	CFAP157	9
8158094	158248	TTC16	9
8158112	1025	CDK9	9
8158123	2356	FPGS	9
8158145	102723566	LOC102723566	9
8158147	114789	SLC25A25	9
8158164	389791	PTGES2-AS1	9
8158167	3934	LCN2	9
8158177	79095	BBLN	9
8158183	1759	DNM1	9
8158204	375757	SWI5	9
8158214	51117	COQ4	9
8158224	10999	SLC27A4	9
8158242	81605	URM1	9
8158250	51148	CERCAM	9
8158269	4957	ODF2	9
8158298	2733	GLE1	9
8158317	6709	SPTAN1	9
8158372	6418	SET	9
8158380	29941	PKN3	9
8158406	54662	TBC1D13	9
8158418	2021	ENDOG	9
8158424	56262	LRRC8A	9
8158431	254295	PHYHD1	9
8158446	23511	NUP188	9
8158492	84895	MIGA2	9
8158513	57171	DOLPP1	9
8158523	5524	PTPA	9
8158539	414318	LINC02913	9
8158542	100506119	LINC01503	9
8158544	28989	NTMT1	9
8158554	51450	PRRX2	9
8158560	27348	TOR1B	9
8158568	10868	USP20	9
8158597	57720	GPR107	9
8158627	23413	NCS1	9
8158637	256158	HMCN2	9
8158666	256158	HMCN2	9
8158671	445	ASS1	9
8158686	8939	FUBP3	9
8158708	59335	PRDM12	9
8158714	23404	EXOSC2	9
8158725	25	ABL1	9
8158739	10319	LAMC3	9
8158771	83543	AIF1L	9
8158783	8021	NUP214	9
8158825	84814	PLPP7	9
8158829	84726	PRRC2B	9
8158839	84726	PRRC2B	9
8158866	10585	POMT1	9
8158890	84628	NTNG2	9
8158902	389799	CFAP77	9
8158912	56751	BARHL1	9
8158918	9329	GTF3C4	9
8158930	11092	SPACA9	9
8158939	8328	GFI1B	9
8158961	9328	GTF3C5	9
8158976	1056	CEL	9
8158987	1057	CELP	9
8158995	3933	LCN1	9
8159006	26814	SNORD36B	9
8159008	6835	SURF2	9
8159017	169436	STKLD1	9
8159036	11093	ADAMTS13	9
8159078	11094	CACFD1	9
8159086	9719	ADAMTSL2	9
8159096	1621	DBH	9
8159111	11091	WDR5	9
8159127	6256	RXRA	9
8159142	1289	COL5A1	9
8159211	2220	FCN2	9
8159220	10439	OLFM1	9
8159235	401557	LOC401557	9
8159239	157927	LINC02907	9
8159243	9858	PPP1R26	9
8159249	51116	MRPS2	9
8159255	3933	LCN1	9
8159259	29991	OBP2A	9
8159265	5047	PAEP	9
8159275	392399	LCN9	9
8159283	57582	KCNT1	9
8159318	26086	GPSM1	9
8159337	23203	PMPCA	9
8159350	158055	C9orf163	9
8159354	51162	EGFL7	9
8159371	406913	MIR126	9
8159373	138311	DIPK1B	9
8159379	85014	TMEM141	9
8159415	55684	RABL6	9
8159439	389813	AJM1	9
8159441	29085	PHPT1	9
8159448	158056	MAMDC4	9
8159476	7186	TRAF2	9
8159491	733	C8G	9
8159501	286256	LCN12	9
8159521	5730	PTGDS	9
8159531	401562	LCNL1	9
8159541	286257	PAXX	9
8159549	401563	LINC02908	9
8159554	91373	UAP1L1	9
8159566	11253	MAN1B1	9
8159583	2902	GRIN1	9
8159609	8636	SSNA1	9
8159616	27158	NDOR1	9
8159624	375791	CYSRT1	9
8159627	142680	SLC34A3	9
8159642	10383	TUBB4B	9
8159646	441476	STPG3	9
8159654	25920	NELFB	9
8159667	54863	TOR4A	9
8159670	10811	NOXA1	9
8159687	64975	MRPL41	9
8159692	92714	ARRDC1	9
8159702	79813	EHMT1	9
8159734	774	CACNA1B	9
8159786	643224	TUBBP5	9
8159838	157983	DOCK8-AS1	9
8159850	401491	VLDLR-AS1	9
8159854	9933	PUM3	9
8159876	5991	RFX3	9
8159900	169792	GLIS3	9
8159919	55064	SPATA6L	9
8159945	50808	AK3	9
8159971	11172	INSL6	9
8159977	6019	RLN2	9
8159981	6013	RLN1	9
8159984	55848	PLGRKT	9
8159992	79956	ERMP1	9
8160011	158358	KIAA2026	9
8160016	26953	RANBP6	9
8160024	2731	GLDC	9
8160033	6635	SNRPE	1
8160036	90871	DMAC1	9
8160040	5789	PTPRD	9
8160088	8777	MPDZ	9
8160138	4781	NFIB	9
8160151	340481	ZDHHC21	9
8160163	9350	CER1	9
8160168	158326	FREM1	9
8160213	158219	TTC39B	9
8160238	11168	PSIP1	9
8160260	54796	BNC2	9
8160278	158297	SAXO1	9
8160284	54801	HAUS6	9
8160295	677776	SCARNA8	9
8160297	123	PLIN2	9
8160308	6194	RPS6	9
8160321	25769	SLC24A2	9
8160332	4300	MLLT3	9
8160346	401494	HACD4	9
8160360	3456	IFNB1	9
8160365	3467	IFNW1	9
8160371	3452	IFNA21	9
8160389	3446	IFNA10	9
8160392	3449	IFNA16	9
8160401	3442	IFNA5	9
8160405	55958	KLHL9	9
8160417	3443	IFNA6	9
8160419	3447	IFNA13	9
8160422	3440	IFNA2	9
8160431	554202	MIR31HG	9
8160435	338376	IFNE	9
8160439	407035	MIR31	9
8160441	1029	CDKN2A	9
8160452	1030	CDKN2B	9
8160459	1993	ELAVL2	9
8160472	286319	TUSC1	9
8160478	79886	CAAP1	9
8160487	9373	PLAA	9
8160504	64922	LRRC19	9
8160511	54586	EQTN	9
8160521	79817	MOB3B	9
8160531	203228	C9orf72	9
8160546	158038	LINGO2	9
8160559	23586	RIGI	9
8160581	10210	TOPORS	9
8160587	4712	NDUFB6	9
8160597	138474	TAF1L	9
8160602	54840	APTX	9
8160622	55234	SMU1	9
8160637	2683	B4GALT1	9
8160647	573	BAG1	9
8160663	364	AQP7	9
8160670	360	AQP3	9
8160682	65083	NOL6	9
8160712	441394	SUGT1P1	9
8160722	55833	UBAP2	9
8160756	25853	DCAF12	9
8160771	347240	KIF24	9
8160786	57462	MYORG	9
8160792	84688	SPMIP6	9
8160816	375704	ENHO	9
8160823	1271	CNTFR	9
8160835	138716	RPP25L	9
8160839	11258	DCTN3	9
8160849	138715	ARID3C	9
8160857	10280	SIGMAR1	9
8160879	6363	CCL19	9
8160889	6366	CCL21	9
8160900	389715	SPATA31F2P	9
8160906	100129969	SPATA31F3	9
8160912	138724	SPATA31G1	9
8160914	7415	VCP	9
8160935	2189	FANCG	9
8160953	84720	PIGO	9
8160968	30968	STOML2	9
8160981	80256	ATOSB	9
8161004	971	CD72	9
8161017	27240	SIT1	9
8161024	6023	RMRP	9
8161026	84904	ARHGEF39	9
8161044	7169	TPM2	9
8161056	7094	TLN1	9
8161114	57704	GBA2	9
8161133	26206	SPAG8	9
8161147	84681	HINT2	9
8161154	392307	FAM221B	9
8161164	392309	OR13J1	9
8161166	56656	OR2S2	9
8161174	10020	GNE	9
8161192	152006	RNF38	9
8161211	5079	PAX5	9
8161224	9925	ZBTB5	9
8161238	441400	RAB1C	9
8161242	51010	EXOSC3	9
8161249	92014	SLC25A51	9
8161255	6461	SHB	9
8161265	347252	IGFBPL1	9
8161373	441426	LINC00268	9
8161384	729171	ANKRD20A8P	2
8161405	284232	ANKRD20A9P	13
8161415	729171	ANKRD20A8P	2
8161442	400841	LINC01597	20
8161476	107987020	LOC107987020	9
8161554	441426	LINC00268	9
8161563	3514	IGKC	2
8161610	169693	TMEM252	9
8161615	5568	PRKACG	9
8161632	375743	PTAR1	9
8161648	687	KLF9	9
8161654	80036	TRPM3	9
8161695	406987	MIR204	9
8161701	23670	CEMIP2	9
8161727	51104	ABHD17B	9
8161739	138240	C9orf57	9
8161747	7763	ZFAND5	9
8161755	216	ALDH1A1	9
8161774	140803	TRPM6	9
8161824	55071	C9orf40	9
8161829	138199	CARNMT1	9
8161839	54981	NMRK1	9
8161857	55312	RFK	9
8161865	158471	PRUNE2	9
8161884	158471	PRUNE2	9
8161892	9630	GNA14	9
8161906	2776	GNAQ	9
8161919	7088	TLE1	9
8161943	644714	LIMD1-AS1	3
8161945	158158	RASEF	9
8161964	257019	FRMD3	9
8161988	29979	UBQLN1	9
8162006	80318	GKAP1	9
8162039	84267	QNG1	9
8162047	3190	HNRNPK	9
8162059	64078	SLC28A3	9
8162086	23287	AGTPBP1	9
8162117	51280	GOLM1	9
8162132	389766	C9orf153	9
8162142	81689	ISCA1	9
8162147	79670	TUT7	9
8162179	2619	GAS1	9
8162183	440173	LINC02893	9
8162187	494127	NFYCP2	9
8162191	392364	NPAP1P9	9
8162194	23552	CDK20	9
8162216	53358	SHC3	9
8162231	10507	SEMA4D	9
8162236	10507	SEMA4D	9
8162254	54769	DIRAS2	9
8162264	549	AUH	9
8162276	4783	NFIL3	9
8162283	4920	ROR2	9
8162294	10558	SPTLC1	9
8162313	3376	IARS1	9
8162352	55035	NOL8	9
8162373	4969	OGN	9
8162388	4958	OMD	9
8162394	54829	ASPN	9
8162404	1842	ECM2	9
8162421	64768	IPPK	9
8162438	23299	BICD2	9
8162449	83744	ZNF484	9
8162455	4814	NINJ1	9
8162466	158293	FAM120AOS	9
8162472	56033	BARX1	9
8162492	8789	FBP2	9
8162502	2203	FBP1	9
8162514	2176	FANCC	9
8162533	5727	PTCH1	9
8162562	100128782	ERCC6L2-AS1	9
8162570	3293	HSD17B3	9
8162586	11046	SLC35D2	9
8162601	195828	ZNF367	9
8162610	8555	CDC14B	9
8162624	195827	PRXL2C	9
8162631	22869	ZNF510	9
8162639	158431	ZNF782	9
8162645	84641	MFSD14B	9
8162652	1515	CTSV	9
8162669	79692	ZNF322	6
8162674	286359	LOC286359	9
8162696	7507	XPA	9
8162706	51531	TRMO	9
8162719	55363	HEMGN	9
8162729	9830	TRIM14	9
8162744	7464	CORO2A	9
8162759	55357	TBC1D2	9
8162777	9568	GABBR2	9
8162803	203286	ANKS6	9
8162827	85365	ALG2	9
8162833	23071	ERP44	9
8162850	54881	TEX10	9
8162870	570	BAAT	9
8162880	54534	MRPL50	9
8162884	229	ALDOB	9
8162902	84302	PGAP4	9
8162908	116443	GRIN3A	9
8162920	5535	PPP3R2	9
8162929	138804	OR13C4	9
8162931	138803	OR13C3	9
8162934	138799	OR13C5	9
8162936	392376	OR13C2	9
8162938	286362	OR13C9	9
8162940	19	ABCA1	9
8163002	9314	KLF4	9
8163019	10880	ACTL7B	9
8163023	8518	ELP1	9
8163063	8727	CTNNAL1	9
8163086	23731	TMEM245	9
8163107	407036	MIR32	9
8163109	23732	FRRS1L	9
8163116	54566	EPB41L4B	9
8163149	5774	PTPN3	9
8163181	401546	C9orf152	9
8163185	7295	TXN	9
8163193	255220	TXNDC8	9
8163202	79987	SVEP1	9
8163257	1902	LPAR1	9
8163273	26248	OR2K2	9
8163275	23392	ECPAS	9
8163328	22949	PTGR1	9
8163341	652972	LRRC37A5P	9
8163348	158401	SHOC1	9
8163383	64420	SUSD1	9
8163402	9991	PTBP3	9
8163428	58493	INIP	9
8163437	57864	SLC46A2	9
8163444	7539	ZFP37	9
8163452	23307	FKBP15	9
8163481	246184	CDC26	9
8163485	138065	RNF183	9
8163491	114987	WDR31	9
8163505	81932	HDHD3	9
8163509	210	ALAD	9
8163525	54107	POLE3	9
8163535	259	AMBP	9
8163548	113220	KIF12	9
8163569	80709	AKNA	9
8163599	25861	WHRN	9
8163618	9966	TNFSF15	9
8163629	944	TNFSF8	9
8163637	3371	TNC	9
8163666	58483	LINC00474	9
8163672	493913	PAPPA-AS1	9
8163678	23245	ASTN2	9
8163710	100124538	SNORA70C	9
8163716	1620	BRINP1	9
8163729	406939	MIR147A	9
8163733	55755	CDK5RAP2	9
8163775	1955	MEGF9	9
8163784	26190	FBXW2	9
8163795	5711	PSMD5	9
8163807	26147	PHF19	9
8163825	7185	TRAF1	9
8163839	727	C5	9
8163882	51552	RAB14	9
8163892	57000	GSN-AS1	9
8163896	2040	STOM	9
8163908	2681	GGTA1	9
8163916	158135	TTLL11	9
8163930	4702	NDUFA8	9
8163936	26468	LHX6	9
8163948	92400	RBM18	9
8163956	347168	OR1J1	9
8163958	138883	OR1N1	9
8163960	138881	OR1L8	9
8163962	347169	OR1B1	9
8163964	5082	PDCL	9
8163972	54542	RC3H2	9
8163999	10773	ZBTB6	9
8164002	57684	ZBTB26	9
8164008	81571	MIR600HG	9
8164013	55342	STRBP	9
8164034	57706	DENND1A	9
8164062	613206	LOC613206	9
8164067	5695	PSMB7	9
8164077	2516	NR5A1	9
8164087	2649	NR6A1	9
8164100	11224	RPL35	9
8164105	2800	GOLGA1	9
8164131	286205	SCAI	9
8164155	5537	PPP6C	9
8164165	3309	HSPA5	9
8164177	79109	MAPKAP1	9
8164196	51145	PBX3-DT	9
8164200	23452	ANGPTL2	9
8164210	6136	RPL12	9
8164215	26783	SNORA65	9
8164217	64855	NIBAN2	9
8164235	138428	PTRH1	9
8164243	27433	TOR2A	9
8164252	10044	SH2D3C	9
8164269	2022	ENG	9
8164293	203	AK1	9
8164304	30815	ST6GALNAC6	9
8164314	27090	ST6GALNAC4	9
8164328	138429	PIP5KL1	9
8164336	8818	DPM2	9
8164343	399665	EEIG1	9
8164357	203245	NAIF1	9
8164362	80142	PTGES2	9
8164373	25792	CIZ1	9
8164396	406978	MIR199B	9
8164398	2801	GOLGA2	9
8164428	26995	TRUB2	9
8164438	407003	MIR219A2	9
8164440	89891	DYNC2I2	9
8164452	84885	ZDHHC12	9
8164464	10444	ZER1	9
8164481	51490	SPOUT1	9
8164496	883	KYAT1	9
8164515	22845	DOLK	9
8164521	56904	SH3GLB2	9
8164535	1384	CRAT	9
8164562	375759	C9orf50	9
8164572	140459	ASB6	9
8164580	9536	PTGES	9
8164587	1861	TOR1A	9
8164596	51759	C9orf78	9
8164607	23048	FNBP1	9
8164627	401554	GPRACR	9
8164630	347148	QRFP	9
8164632	84929	FIBCD1	9
8164644	286336	FAM78A	9
8164653	83549	UCK1	9
8164665	2889	RAPGEF1	9
8164692	2889	RAPGEF1	9
8164698	9442	MED27	9
8164701	23064	SETX	9
8164729	7270	TTF1	9
8164742	64794	DDX31	9
8164766	158067	AK8	9
8164781	7248	TSC1	9
8164810	5900	RALGDS	9
8164833	26301	GBGT1	9
8164843	29989	OBP2B	9
8164853	28	ABO	9
8164862	6838	SURF6	9
8164872	6837	MED22	9
8164883	6836	SURF4	9
8164896	6834	SURF1	9
8164907	57109	REXO4	9
8164918	11182	SLC2A6	9
8164931	389827	MYMK	9
8164937	642968	FAM163B	9
8164940	1757	SARDH	9
8164967	7410	VAV2	9
8164995	8019	BRD3	9
8165011	2219	FCN1	9
8165024	138162	PIERCE1	9
8165032	360203	GLT6D1	9
8165038	402381	SOHLH1	9
8165046	157922	CAMSAP1	9
8165064	10422	UBAC1	9
8165077	138151	NACC2	9
8165083	8022	LHX3	9
8165094	169714	QSOX2	9
8165131	6621	SNAPC4	9
8165156	10807	ENTR1	9
8165171	56623	INPP5E	9
8165183	9919	SEC16A	9
8165217	4851	NOTCH1	9
8165258	10555	AGPAT2	9
8165271	414332	LCN10	9
8165277	158062	LCN6	9
8165285	138307	LCN8	9
8165295	138307	LCN8	9
8165298	389812	LCN15	9
8165309	8721	EDF1	9
8165319	54461	FBXW5	9
8165334	9022	CLIC3	9
8165345	20	ABCA2	9
8165398	2529	FUT7	9
8165406	56654	NPDC1	9
8165416	954	ENTPD2	9
8165430	89958	SAPCD2	9
8165438	29952	DPP7	9
8165453	389816	LRRC26	9
8165458	100505993	TMEM210	9
8165462	29882	ANAPC2	9
8165478	286262	TPRN	9
8165486	94107	TMEM203	9
8165492	727800	RNF208	9
8165498	401565	CIMIP2A	9
8165508	441478	NRARP	9
8165512	54932	EXD3	9
8165538	377841	ENTPD8	9
8165552	26012	NSMF	9
8165575	375775	PNPLA7	9
8165610	92715	DPH7	9
8165622	116225	ZMYND19	9
8165630	85026	ARRDC1-AS1	9
8165637	727800	RNF208	9
8165639	375791	CYSRT1	9
8165642	94107	TMEM203	9
8165648	136647	MPLKIP	7
8165653	100887749	MTND1P23	1
8165656	100887749	MTND1P23	1
8165661	107075141	MTCO1P12	1
8165665	107075310	MTCO2P12	1
8165711	55344	PLCXD1	X
8165723	6473	SHOX	X
8165735	1438	CSF2RA	X
8165752	3563	IL3RA	X
8165765	80161	ASMTL-AS1	X
8165794	4267	CD99	X
8165808	7499	XG	X
8165817	8908	GYG2	X
8165833	347527	ARSH	X
8165843	416	ARSF	X
8165866	412	STS	X
8165911	6907	TBL1X	X
8165934	357	SHROOM2	X
8165945	100288814	CLDN34	X
8165947	55841	WWC3	X
8165974	1183	CLCN4	X
8165995	3052	HCCS	X
8166006	265	AMELX	X
8166015	10943	MSL3	X
8166028	9758	FRMPD4	X
8166049	5634	PRPS2	X
8166059	51284	TLR7	X
8166065	51311	TLR8	X
8166079	25975	EGFL6	X
8166096	170082	TCEANC	X
8166098	9367	RAB9A	X
8166104	8481	OFD1	X
8166124	286480	UBE2E4P	X
8166127	2742	GLRA2	X
8166140	158747	MOSPD2	X
8166157	660	BMX	X
8166179	340591	CA5BP1	X
8166184	11238	CA5B	X
8166195	8233	ZRSR2	X
8166202	2925	GRPR	X
8166211	645864	MAGEB17	X
8166213	795	S100G	X
8166219	94056	SYAP1	X
8166230	55787	TXLNG	X
8166243	9185	REPS2	X
8166266	4810	NHS	X
8166278	6322	SCML1	X
8166289	6792	CDKL5	X
8166314	5475	PPEF1	X
8166335	5160	PDHA1	X
8166355	22866	CNKSR2	X
8166382	51360	MBTPS2	X
8166398	404281	YY2	X
8166402	6611	SMS	X
8166408	5251	PHEX	X
8166433	158506	CBLL2	X
8166440	168400	DDX53	X
8166442	10447	FAM3C	7
8166447	139411	PTCHD1	X
8166455	10549	PRDX4	X
8166469	6303	SAT1	X
8166481	254158	CXorf58	X
8166493	1968	EIF2S3	X
8166500	7543	ZFX	X
8166511	5165	PDK3	X
8166525	5422	POLA1	X
8166563	677773	SCARNA23	X
8166565	286514	MAGEB18	X
8166571	158809	MAGEB6	X
8166576	347541	MAGEB5	X
8166585	347442	DCAF8L2	X
8166587	139422	MAGEB10	X
8166593	11141	IL1RAPL1	X
8166611	4113	MAGEB2	X
8166613	4114	MAGEB3	X
8166665	170062	FAM47B	X
8166669	139604	MAGEB16	X
8166671	286464	CFAP47	X
8166690	286464	CFAP47	X
8166703	442444	FAM47C	X
8166705	5638	PRRG1	X
8166712	441490	FTHL18P	X
8166714	347404	LANCL3	X
8166723	7504	XK	X
8166730	1536	CYBB	X
8166745	25763	H2AP	X
8166747	94122	SYTL5	X
8166769	5009	OTC	X
8166784	7102	TSPAN7	X
8166797	58526	MID1IP1	X
8166805	10159	ATP6AP2	X
8166817	347411	MPC1L	X
8166826	8239	USP9X	X
8166876	1654	DDX3X	X
8166899	60506	NYX	X
8166906	2857	GPR34	X
8166919	27197	GPR82	X
8166925	4128	MAOA	X
8166950	63904	DUSP21	X
8166956	7403	KDM6A	X
8166989	55634	KRBOX4	X
8166999	56548	CHST7	X
8167006	6102	RP2	X
8167013	9767	JADE3	X
8167027	9104	RGN	X
8167042	8241	RBM10	X
8167069	7317	UBA1	X
8167099	8552	INE1	X
8167103	5127	CDK16	X
8167125	8237	USP11	X
8167152	7712	ZNF157	X
8167163	203414	LINC01560	X
8167165	369	ARAF	X
8167185	7076	TIMP1	X
8167195	392459	CXXC1P1	X
8167201	347344	ZNF81	X
8167220	280657	SSX6P	X
8167234	5935	RBM3	X
8167254	6756	SSX1	X
8167270	24140	FTSJ1	X
8167287	64840	PORCN	X
8167305	10682	EBP	X
8167314	4943	TBC1D25	X
8167322	64743	WDR13	X
8167334	7454	WAS	X
8167347	6839	SUV39H1	X
8167356	392465	GLOD5	X
8167360	2623	GATA1	X
8167369	10013	HDAC6	X
8167407	3266	ERAS	X
8167412	10084	PQBP1	X
8167430	90060	CCDC120	X
8167443	79917	MAGIX	X
8167449	5355	PLP2	X
8167457	28952	CCDC22	X
8167476	89801	PPP1R3F	X
8167592	9506	PAGE4	X
8167601	389856	USP27X	X
8167603	1184	CLCN5	X
8167623	406964	MIR188	X
8167625	85417	CCNB3	X
8167642	9210	BMP15	X
8167645	170685	NUDT10	X
8167650	340602	EZHIP	X
8167654	23708	GSPT2	X
8167656	9500	MAGED1	X
8167690	401589	LOC401589	X
8167693	9502	XAGE2	X
8167721	280659	SSX8P	X
8167742	170627	XAGE5	X
8167758	54328	GPR173	X
8167763	64061	TSPYL2	X
8167774	158787	RIBC1	X
8167790	90121	TSR2	X
8167797	54552	GNL3L	X
8167815	10916	MAGED2	X
8167835	7216	TRO	X
8167854	27301	APEX2	X
8167862	389860	PAGE2B	X
8167866	203569	PAGE2	X
8167880	90737	PAGE5	X
8167887	28986	MAGEH1	X
8167895	139628	FOXR2	X
8167897	10325	RRAGB	X
8167912	11279	KLF8	X
8167924	29978	UBQLN2	X
8167930	158584	FAAH2	X
8167942	158586	ZXDB	X
8167957	340554	ZC3H12B	X
8167965	4478	MSN	X
8167973	9843	HEPH	X
8167998	367	AR	X
8168018	286451	YIPF6	X
8168028	9754	STARD8	X
8168045	1947	EFNB1	X
8168058	27112	NALF2	X
8168062	1896	EDA	X
8168083	139562	OTUD6A	X
8168087	3476	IGBP1	X
8168098	347516	DGAT2L6	X
8168107	158833	AWAT1	X
8168135	347517	RAB41	X
8168146	24137	KIF4A	X
8168163	54857	GDPD2	X
8168179	1741	DLG3	X
8168205	4303	FOXO4	X
8168215	9968	MED12	X
8168264	54413	NLGN3	X
8168274	2705	GJB1	X
8168280	4841	NONO	X
8168291	26548	ITGB1BP2	X
8168303	6872	TAF1	X
8168316	8473	OGT	X
8168345	93953	GCNA	X
8168359	340527	NHSL2	X
8168362	340527	NHSL2	X
8168366	5303	PIN4	X
8168395	1046	CDX4	X
8168399	53344	CHIC1	X
8168412	554203	JPX	X
8168416	84833	ATP5MK	10
8168420	389874	ZCCHC13	X
8168424	6567	SLC16A2	X
8168438	139596	UPRT	X
8168447	51260	PBDC1	X
8168458	57692	MAGEE1	X
8168463	8823	FGF16	X
8168470	1349	COX7B	X
8168472	538	ATP7A	X
8168500	5230	PGK1	X
8168517	2846	LPAR4	X
8168524	27334	P2RY10	X
8168531	84636	GPR174	X
8168534	50945	TBX22	X
8168546	169966	TENT5D	X
8168557	6451	SH3BGRL	X
8168567	5456	POU3F4	X
8168569	1538	CYLC1	X
8168578	100131816	UBE2DNL	X
8168580	139322	APOOL	X
8168589	7552	ZNF711	X
8168604	117154	DACH2	X
8168622	56062	KLHL4	X
8168638	53336	CPXCR1	X
8168650	140886	PABPC5	X
8168678	286499	FAM133A	X
8168691	1730	DIAPH2	X
8168723	29935	RPA4	X
8168733	105373297	ERVFC1	X
8168737	64102	TNMD	X
8168749	27286	SRPX2	X
8168762	1478	CSTF2	X
8168781	392509	ARL13A	X
8168790	59353	TMEM35A	X
8168794	2491	CENPI	X
8168817	1821	DRP2	X
8168855	100131755	ARMCX4	X
8168868	51309	ARMCX1	X
8168873	54470	ARMCX6	X
8168875	51566	ARMCX3	X
8168892	140597	TCEAL2	X
8168940	55999	NXF4	X
8168968	9737	GPRASP1	X
8168984	80823	GPRASP3	X
8169006	282808	RAB40AL	X
8169009	56271	BEX4	X
8169015	56849	TCEAL7	X
8169022	51186	TCEAL9	X
8169028	27018	BEX3	X
8169035	79921	TCEAL4	X
8169044	85012	TCEAL3	X
8169049	9338	TCEAL1	X
8169056	203562	TMEM31	X
8169061	5354	PLP1	X
8169080	286436	H2BW2	X
8169083	644353	ZCCHC18	X
8169085	139231	FAM199X	X
8169094	26280	IL1RAPL2	X
8169115	203447	NRK	X
8169145	139221	PWWP3B	X
8169158	55086	RADX	X
8169174	79589	RNF128	X
8169186	54885	TBC1D8B	X
8169210	9075	CLDN2	X
8169221	139212	DNAAF6	X
8169235	84443	FRMPD3	X
8169240	5631	PRPS1	X
8169249	11043	MID2	X
8169263	340547	VSIG1	X
8169272	115201	ATG4A	X
8169294	1287	COL4A5	X
8169352	55916	NXT2	X
8169365	84187	TMEM164	X
8169378	57529	RTL9	X
8169385	6998	CRIPTO3	X
8169389	5063	PAK3	X
8169412	79868	ALG13	X
8169419	79868	ALG13	X
8169432	340595	RTL4	X
8169447	3358	HTR2C	X
8169459	677816	SNORA35	X
8169463	139804	RBMXL3	X
8169467	51213	LUZP4	X
8169473	5358	PLS3	X
8169492	186	AGTR2	X
8169504	11254	SLC6A14	X
8169519	54521	WDR44	X
8169541	139818	DOCK11	X
8169580	3597	IL13RA1	X
8169598	170261	ZCCHC12	X
8169603	79836	LONRF3	X
8169617	10857	PGRMC1	X
8169624	203427	SLC25A43	X
8169640	292	SLC25A5	X
8169645	7319	UBE2A	X
8169657	347454	SOWAHD	X
8169659	4694	NDUFA1	X
8169665	158798	AKAP14	X
8169683	10009	ZBTB33	X
8169687	23439	ATP1B4	X
8169701	28985	MCTS1	X
8169711	2747	GLUD2	X
8169717	2892	GRIA3	X
8169742	331	XIAP	X
8169750	10735	STAG2	X
8169792	4068	SH2D1A	X
8169808	100130613	PRR32	X
8169811	4952	OCRL	X
8169836	7512	XPNPEP2	X
8169859	54440	SASH3	X
8169868	10813	UTP14A	X
8169882	63035	BCORL1	X
8169898	9363	RAB33A	X
8169904	9016	SLC25A14	X
8169920	51634	RBMX2	X
8169931	158763	ARHGAP36	X
8169947	347468	OR13H1	X
8169949	51765	STK26	X
8169969	84295	PHF6	X
8169984	3251	HPRT1	X
8169995	159091	PABIR3	X
8170007	644538	SMIM10	X
8170009	8933	RTL8C	X
8170015	203523	ZNF449	X
8170027	203522	INTS6L	X
8170076	55511	SAGE1	X
8170097	10479	SLC9A6	X
8170119	2273	FHL1	X
8170135	139378	ADGRG4	X
8170159	680	BRS3	X
8170166	27336	HTATSF1	X
8170179	51442	VGLL1	X
8170187	959	CD40LG	X
8170200	7547	ZIC3	X
8170215	2158	F9	X
8170237	389895	HAPSTR2	X
8170241	728695	SPANXB1	X
8170244	728695	SPANXB1	X
8170247	619455	SPANXA2-OT1	X
8170257	645188	LOC645188	X
8170260	139081	MAGEC3	X
8170273	9947	MAGEC1	X
8170282	441525	SPANXN4	X
8170298	389898	UBE2NL	X
8170302	494118	SPANXN1	X
8170307	84631	SLITRK2	X
8170319	84631	SLITRK2	X
8170326	2332	FMR1	X
8170353	158521	FMR1NB	X
8170364	2334	AFF2	X
8170390	3423	IDS	X
8170393	91966	EOLA1	X
8170400	541578	EOLA2	X
8170412	4107	MAGEA8	X
8170420	10046	MAMLD1	X
8170428	4534	MTM1	X
8170443	8776	MTMR1	X
8170468	3149	HMGB3	X
8170476	9248	GPR50	X
8170479	203547	VMA21	X
8170488	139135	PASD1	X
8170507	79057	PRRG3	X
8170513	89885	FATE1	X
8170520	1260	CNGA2	X
8170531	4103	MAGEA4	X
8170538	55879	GABRQ	X
8170576	158511	CSAG1	X
8170590	50814	NSDHL	X
8170602	7739	ZNF185	X
8170622	29944	PNMA3	X
8170630	84968	PNMA6A	X
8170635	10838	ZNF275	X
8170644	139735	ZFP92	X
8170648	633	BGN	X
8170662	6535	SLC6A8	X
8170671	492	ATP2B3	X
8170695	1852	DUSP9	X
8170704	215	ABCD1	X
8170716	5365	PLXNB3	X
8170753	26576	SRPK3	X
8170775	6748	SSR4	X
8170786	100996465	L1CAM-AS1	X
8170794	554	AVPR2	X
8170803	8269	TMEM187	X
8170811	5956	OPN1LW	X
8170834	8277	TKTL1	X
8170850	2010	EMD	X
8170859	6134	RPL10	X
8170865	6901	TAFAZZIN	X
8170882	537	ATP6AP1	X
8170891	2664	GDI1	X
8170906	9130	FAM50A	X
8170921	55558	PLXNA3	X
8170955	8517	IKBKG	X
8170971	1736	DKC1	X
8171001	65991	FUNDC2	X
8171006	79184	BRCC3	X
8171013	7411	VBP1	X
8171032	100507404	TMLHE-AS1	X
8171034	10251	SPRY3	X
8171041	6845	VAMP7	X
8171052	3581	IL9R	X
8171079	8225	GTPBP6	X
8171087	28227	PPP2R3B	X
8171105	64109	CRLF2	X
8171111	293	SLC25A6	X
8171119	8623	ASMTL	X
8171136	286530	P2RY8	X
8171148	414	ARSD	X
8171161	415	ARSL	X
8171172	25878	MXRA5	X
8171182	5613	PRKX	X
8171205	57502	NLGN4X	X
8171222	8226	PUDP	X
8171229	8228	PNPLA4	X
8171248	3730	ANOS1	X
8171260	171482	FAM9A	X
8171271	171483	FAM9B	X
8171284	4935	GPR143	X
8171297	4281	MID1	X
8171313	395	ARHGAP6	X
8171338	171484	FAM9C	X
8171348	92552	ATXN3L	X
8171352	6399	TRAPPC2	X
8171359	2824	GPM6B	X
8171373	54960	GEMIN8	X
8171381	2187	FANCB	X
8171392	140462	ASB9	X
8171403	140456	ASB11	X
8171418	5277	PIGA	X
8171449	59272	ACE2	X
8171472	57393	CLTRN	X
8171481	8905	AP1S2	X
8171493	56474	CTPS2	X
8171516	5931	RBBP7	X
8171539	10742	RAI2	X
8171545	139105	BEND2	X
8171561	10389	SCML2	X
8171579	6247	RS1	X
8171587	5256	PHKA2	X
8171624	10149	ADGRG2	X
8171653	389840	MAP3K15	X
8171684	30011	SH3KBP1	X
8171708	256643	BCLAF3	X
8171725	256714	MAP7D2	X
8171747	1964	EIF1AX	X
8171758	100158262	SCARNA9L	X
8171760	100158262	SCARNA9L	X
8171762	6197	RPS6KA3	X
8171786	257240	KLHL34	X
8171791	23676	SMPX	X
8171802	23597	ACOT9	X
8171823	79135	APOO	X
8171834	6133	RPL9	4
8171837	80311	KLHL15	X
8171848	9468	PCYT1B	X
8171867	170302	ARX	X
8171883	139420	PPP4R3C	X
8171885	139425	DCAF8L1	X
8171892	190	NR0B1	X
8171896	80231	TASL	X
8171901	257397	TAB3	X
8171917	53940	FTHL17	X
8171921	1756	DMD	X
8172017	158724	FAM47A	X
8172022	83604	TMEM47	X
8172030	441490	FTHL18P	X
8172035	6990	DYNLT3	X
8172043	8406	SRPX	X
8172056	6103	RPGR	X
8172088	54880	BCOR	X
8172110	159013	CXorf38	X
8172119	9282	MED14	X
8172154	6187	RPS2	16
8172158	8573	CASK	X
8172197	80316	PPP1R2C	X
8172204	4129	MAOB	X
8172220	4693	NDP	X
8172225	80258	EFHC2	X
8172244	139341	FUNDC1	X
8172254	79742	DIPK2B	X
8172266	407006	MIR221	X
8172268	407007	MIR222	X
8172274	641339	ZNF674	X
8172280	84679	SLC9A7	X
8172296	54539	NDUFB11	X
8172307	7592	ZNF41	X
8172317	6853	SYN1	X
8172333	5199	CFP	X
8172345	2002	ELK1	X
8172358	8409	UXT	X
8172369	7569	ZNF182	X
8172379	57232	ZNF630	X
8172387	6758	SSX5	X
8172399	280660	SSX9P	X
8172406	10214	SSX3	X
8172425	92745	SLC38A5	X
8172447	27344	PCSK1N	X
8172453	10245	TIMM17B	X
8172460	7355	SLC35A2	X
8172471	11040	PIM2	X
8172478	55593	OTUD5	X
8172493	3750	KCND1	X
8172504	56850	GRIPAP1	X
8172520	7030	TFE3	X
8172531	11230	PRAF2	X
8172538	11152	WDR45	X
8172548	27238	GPKOW	X
8172561	4007	PRICKLE3	X
8172573	6855	SYP	X
8172580	778	CACNA1F	X
8172631	50943	FOXP3	X
8172647	8712	PAGE1	X
8172654	158572	USP27X-DT	X
8172660	8852	AKAP4	X
8172670	139189	DGKK	X
8172698	57477	SHROOM4	X
8172708	55190	NUDT11	X
8172719	401589	LOC401589	X
8172749	9502	XAGE2	X
8172781	280658	SSX7	X
8172800	494197	SPANXN5	X
8172806	170626	XAGE3	X
8172827	8242	KDM5C	X
8172858	23096	IQSEC2	X
8172876	8243	SMC1A	X
8172905	3028	HSD17B10	X
8172914	10075	HUWE1	X
8173005	407054	MIR98	X
8173007	406889	MIRLET7F2	X
8173009	23133	PHF8	X
8173041	54954	FAM120C	X
8173059	65267	WNK3	X
8173086	2245	FGD1	X
8173106	347365	ITIH6	X
8173120	5207	PFKFB1	X
8173135	212	ALAS2	X
8173148	90736	VCF2	X
8173168	139793	PAGE3	X
8173174	158880	USP51	X
8173176	139629	XAGE-4	X
8173179	442454	UQCRBP1	X
8173181	169981	SPIN3	X
8173198	54466	SPIN2A	X
8173201	7789	ZXDA	X
8173208	139886	SPIN4	X
8173217	23229	ARHGEF9	X
8173232	139285	AMER1	X
8173238	142689	ASB12	X
8173245	55613	MTMR8	X
8173261	55906	ZC4H2	X
8173269	81887	LAS1L	X
8173287	11326	VSIG4	X
8173299	60401	EDA2R	X
8173310	4983	OPHN1	X
8173340	64219	PJA1	X
8173349	158835	AWAT2	X
8173366	5030	P2RY4	X
8173373	51248	PDZD11	X
8173381	56159	TEX11	X
8173414	84889	SLC7A3	X
8173430	29934	SNX12	X
8173437	158830	CXorf65	X
8173444	3561	IL2RG	X
8173457	9203	ZMYM3	X
8173486	27160	INGX	X
8173493	2833	CXCR3	X
8173503	340526	RTL5	X
8173506	54821	ERCC6L	X
8173513	6191	RPS4X	X
8173524	4435	CITED1	X
8173531	55869	HDAC8	X
8173551	5255	PHKA1	X
8173600	4674	NAP1L2	X
8173613	51132	RLIM	X
8173615	51132	RLIM	X
8173621	340533	NEXMIF	X
8173629	22	ABCB7	X
8173647	158866	ZDHHC15	X
8173665	139599	MAGEE2	X
8173673	546	ATRX	X
8173713	84061	MAGT1	X
8173732	51616	TAF9B	X
8173745	10800	CYSLTR1	X
8173752	203430	RTL3	X
8173755	9452	ITM2A	X
8173766	254065	BRWD3	X
8173812	79366	HMGN5	X
8173825	27330	RPS6KA6	X
8173848	139324	HDX	X
8173862	340562	SATL1	X
8173869	79983	POF1B	X
8173892	1121	CHM	X
8173912	220885	RPSAP15	X
8173917	4675	NAP1L3	X
8173930	10824	DIAPH2-AS1	X
8173933	57526	PCDH19	X
8173941	7105	TSPAN6	X
8173955	94121	SYTL4	X
8173979	27035	NOX1	X
8173999	402415	XKRX	X
8174005	79979	TRMT2B	X
8174026	392510	YWHAQP8	X
8174029	54457	TAF7L	X
8174047	1678	TIMM8A	X
8174051	695	BTK	X
8174076	2717	GLA	X
8174086	54470	ARMCX6	X
8174092	9823	ARMCX2	X
8174105	55998	NXF5	X
8174119	84460	ZMAT1	X
8174141	340542	BEX5	X
8174189	11013	TMSB15A	X
8174201	55859	BEX1	X
8174207	56000	NXF3	X
8174228	90843	TCEAL8	X
8174235	340543	TCEAL5	X
8174239	84707	BEX2	X
8174246	142684	RAB40A	X
8174253	9643	MORF4L2	X
8174263	441509	GLRA4	X
8174271	51209	RAB9B	X
8174283	158983	H2BW1	X
8174288	401612	SLC25A53	X
8174291	80712	ESX1	X
8174297	56157	TEX13A	X
8174304	6906	SERPINA7	X
8174313	79710	MORC4	X
8174317	92129	RIPPLY1	X
8174322	79710	MORC4	X
8174338	79710	MORC4	X
8174340	55285	RBM41	X
8174351	54830	NUP62CL	X
8174361	1831	TSC22D3	X
8174375	56156	TEX13B	X
8174379	5716	PSMD10	X
8174389	1288	COL4A6	X
8174444	8471	IRS4	X
8174448	2986	GUCY2F	X
8174469	23630	KCNE5	X
8174474	2182	ACSL4	X
8174496	9949	AMMECR1	X
8174507	692226	SNORD96B	X
8174509	2787	GNG5	1
8174513	91851	CHRDL1	X
8174527	827	CAPN6	X
8174543	1641	DCX	X
8174556	7224	TRPC5	X
8174568	340596	LHFPL1	X
8174576	154796	AMOT	X
8174598	3598	IL13RA2	X
8174610	57631	LRCH2	X
8174642	642776	DANT2	X
8174648	203413	CT83	X
8174654	90293	KLHL13	X
8174670	57481	KIAA1210	X
8174675	100303728	SLC25A5-AS1	X
8174677	63932	STEEP1	X
8174684	55922	NKRF	X
8174692	23157	SEPTIN6	X
8174715	26779	SNORA69	X
8174717	65109	UPF3B	X
8174731	7737	RNF113A	X
8174737	79576	NKAP	X
8174755	158800	RHOXF1	X
8174761	158801	NKAPP1	X
8174767	55026	TMEM255A	X
8174779	3920	LAMP2	X
8174794	8450	CUL4B	X
8174820	29071	C1GALT1C1	X
8174893	57187	THOC2	X
8174937	10178	TENM1	X
8174968	340578	DCAF12L2	X
8174972	139170	DCAF12L1	X
8174979	139741	ACTRT1	X
8174985	6594	SMARCA1	X
8175016	8862	APLN	X
8175023	51114	ZDHHC9	X
8175039	2000	ELF4	X
8175052	9131	AIFM1	X
8175076	55609	ZNF280C	X
8175098	139760	GPR119	X
8175102	10495	ENOX2	X
8175155	90167	FRMD7	X
8175169	57826	RAP2C	X
8175177	55796	MBNL3	X
8175195	90161	HS6ST2	X
8175206	83844	USP26	X
8175209	51270	TFDP3	X
8175217	2239	GPC4	X
8175234	2719	GPC3	X
8175248	407049	MIR92A2	X
8175250	406981	MIR19B2	X
8175252	406899	MIR106A	X
8175256	84848	MIR503HG	X
8175261	574506	MIR503	X
8175263	10761	PLAC1	X
8175269	159090	PABIR2	X
8175288	56180	MOSPD1	X
8175299	441518	RTL8B	X
8175302	26071	RTL8A	X
8175311	54967	CT55	X
8175319	7626	ZNF75D	X
8175360	93380	MMGT1	X
8175369	79649	MAP7D3	X
8175393	9459	ARHGEF6	X
8175432	26787	SNORD61	X
8175434	83550	GPR101	X
8175442	2258	FGF13	X
8175444	2258	FGF13	X
8175455	574507	MIR504	X
8175457	4168	MCF2	X
8175492	286410	ATP11C	X
8175524	347487	CXorf66	X
8175528	6658	SOX3	X
8175531	1038	CDR1	X
8175537	619455	SPANXA2-OT1	X
8175539	23641	LDOC1	X
8175562	51438	MAGEC2	X
8175572	139067	SPANXN3	X
8175574	139065	SLITRK4	X
8175578	494119	SPANXN2	X
8175585	29123	ANKRD11	16
8175593	3423	IDS	X
8175609	100131434	EOLA1-DT	X
8175621	84548	TMEM185A	X
8175629	4110	MAGEA11	X
8175638	541578	EOLA2	X
8175642	541578	EOLA2	X
8175647	83692	CD99L2	X
8175666	2564	GABRE	X
8175696	2556	GABRA3	X
8175755	1069	CETN2	X
8175763	114824	PNMA5	X
8175768	84968	PNMA6A	X
8175775	4100	MAGEA1	X
8175802	11219	TREX2	X
8175808	11219	TREX2	X
8175811	92002	CCNQ	X
8175815	139728	PNCK	X
8175835	10134	BCAP31	X
8175844	3421	IDH3G	X
8175860	57595	PDZD4	X
8175871	3897	L1CAM	X
8175900	393	ARHGAP4	X
8175924	8260	NAA10	X
8175933	5973	RENBP	X
8175947	3054	HCFC1	X
8175977	3654	IRAK1	X
8176006	1527	TEX28	X
8176012	1527	TEX28	X
8176018	1527	TEX28	X
8176026	2316	FLNA	X
8176076	1774	DNASE1L1	X
8176091	158960	ATP6AP1-DT	X
8176093	8270	LAGE3	X
8176098	8266	UBL4A	X
8176109	8273	SLC10A3	X
8176117	60343	FAM3A	X
8176133	2539	G6PD	X
8176159	30848	CTAG2	X
8176163	139716	GAB3	X
8176174	4354	MPP1	X
8176191	3150	HMGN1	21
8176193	2157	F8	X
8176230	116442	RAB39B	X
8176234	1193	CLIC2	X
8176243	100507404	TMLHE-AS1	X
8176255	55217	TMLHE	X
8176263	51616	TAF9B	X
8176276	546	ATRX	X
8176286	55344	PLCXD1	X
8176297	6473	SHOX	X
8176306	1438	CSF2RA	X
8176323	3563	IL3RA	X
8176336	80161	ASMTL-AS1	X
8176360	4267	CD99	X
8176375	6192	RPS4Y1	Y
8176384	7544	ZFY	Y
8176442	90665	TBL1Y	Y
8176460	5616	PRKY	Y
8176471	83867	TTTY12	Y
8176572	100288687	DUX4	4
8176578	8287	USP9Y	Y
8176624	8653	DDX3Y	Y
8176644	9087	TMSB4Y	Y
8176655	22829	NLGN4Y	Y
8176698	246126	TXLNGY	Y
8176709	246126	TXLNGY	Y
8176719	9086	EIF1AY	Y
8176730	140032	RPS4Y2	Y
8176955	10251	SPRY3	X
8176962	6845	VAMP7	X
8176972	3581	IL9R	X
8176986	28227	PPP2R3B	X
8177003	293	SLC25A6	X
8177011	8623	ASMTL	X
8177026	286530	P2RY8	X
8177038	6736	SRY	Y
8177061	266	AMELY	Y
8177072	23180	RFTN1	3
8177085	83866	TTTY11	Y
8177130	150159	SLC9B1	4
8177137	7404	UTY	Y
8177214	83869	TTTY14	Y
8177217	83869	TTTY14	Y
8177222	100133941	CD24	6
8177229	286554	BCORP1	Y
8177232	8284	KDM5D	Y
8177261	246119	TTTY10	Y
8177269	51581	ERVH-6	Y
8177273	100533178	PRORY	Y
8177282	83868	TTTY13	Y
8177344	83863	TTTY5	Y
8177462	1022	CDK7	5
8177478	5884	RAD17	5
8177498	153562	MARVELD2	5
8177527	4671	NAIP	5
8177560	55814	BDP1	5
8177601	64087	MCCC2	5
8177620	9607	CARTPT	5
8177628	202243	CCDC125	5
8177698	442191	OR14J1	6
8177700	26529	OR12D2	6
8177704	442194	OR10C1	6
8177709	4340	MOG	6
8177717	3134	HLA-F	6
8177740	10255	HCG9	6
8177744	6992	PPP1R11	6
8177750	135644	TRIM40	6
8177760	89870	TRIM15	6
8177797	23	ABCF1	6
8177824	28973	MRPS18B	6
8177834	79969	ATAT1	6
8177851	221545	C6orf136	6
8177858	203068	TUBB	6
8177867	780	DDR1	6
8177885	2968	GTF2H4	6
8177901	57176	VARS2	6
8177931	394263	MUC21	6
8177938	170679	PSORS1C1	6
8177947	6941	TCF19	6
8177951	253018	HCG27	6
8177964	401250	MCCD1	6
8177967	4795	NFKBIL1	6
8177976	4049	LTA	6
8177983	7124	TNF	6
8177988	7940	LST1	6
8177996	199	AIF1	6
8178011	7916	PRRC2A	6
8178043	55937	APOM	6
8178050	1460	CSNK2B	6
8178059	58496	LY6G5B	6
8178063	259215	LY6G6F	6
8178070	58530	LY6G6D	6
8178074	80739	MPIG6B	6
8178095	717	C2	6
8178115	629	CFB	6
8178136	6499	SKIC2	6
8178164	8859	STK19	6
8178177	1589	CYP21A2	6
8178211	5698	PSMB9	6
8178220	3115	HLA-DPB1	6
8178225	7922	SLC39A7	6
8178234	7923	HSD17B8	6
8178244	6015	RING1	6
8178264	8705	B3GALT4	6
8178270	10471	PFDN6	6
8178275	282890	ZNF311	6
8178283	26692	OR2W1	6
8178285	442184	OR2B3	6
8178287	81696	OR5V1	6
8178289	81797	OR12D3	6
8178291	26531	OR11A1	6
8178293	116511	MAS1L	6
8178295	10537	UBD	6
8178298	2550	GABBR1	6
8178324	80862	POLR1HASP	6
8178326	80352	RNF39	6
8178330	11074	TRIM31	6
8178338	10107	TRIM10	6
8178346	2794	GNL1	6
8178358	5514	PPP1R10	6
8178377	8449	DHX16	6
8178399	11270	NRM	6
8178404	9656	MDC1	6
8178419	10211	FLOT1	6
8178435	8870	IER3	6
8178439	29113	C6orf15	6
8178442	1041	CDSN	6
8178445	170680	PSORS1C2	6
8178448	54535	CCHCR1	6
8178512	4050	LTB	6
8178517	259197	NCR3	6
8178526	7917	BAG6	6
8178552	57827	C6orf47	6
8178554	80741	LY6G5C	6
8178561	7920	ABHD16A	6
8178582	79136	LY6G6E	6
8178586	80740	LY6G6C	6
8178590	23564	DDAH2	6
8178598	1192	CLIC1	6
8178609	7407	VARS1	6
8178641	57819	LSM2	6
8178650	3305	HSPA1L	6
8178676	4758	NEU1	6
8178683	221527	ZBTB12	6
8178686	7936	NELFE	6
8178699	1797	DXO	6
8178749	63943	FKBPL	6
8178771	177	AGER	6
8178790	63940	GPSM3	6
8178795	56244	BTNL2	6
8178833	3112	HLA-DOB	6
8178841	6891	TAP2	6
8178855	5696	PSMB8	6
8178884	3108	HLA-DMA	6
8178891	3113	HLA-DPA1	6
8178897	1302	COL11A2	6
8178903	6257	RXRB	6
8178917	6293	VPS52	6
8178939	9277	WDR46	6
8178955	5863	RGL2	6
8178977	6892	TAPBP	6
8178988	9278	ZBTB22	6
8178991	1616	DAXX	6
8179007	442194	OR10C1	6
8179011	4340	MOG	6
8179019	3134	HLA-F	6
8179028	352962	HLA-V	6
8179055	30834	POLR1H	6
8179060	135644	TRIM40	6
8179070	89870	TRIM15	6
8179112	23	ABCF1	6
8179139	28973	MRPS18B	6
8179149	79969	ATAT1	6
8179167	221545	C6orf136	6
8179174	203068	TUBB	6
8179184	780	DDR1	6
8179205	2968	GTF2H4	6
8179221	135656	MUCL3	6
8179224	394263	MUC21	6
8179228	6941	TCF19	6
8179235	253018	HCG27	6
8179238	100507436	MICA	6
8179246	401250	MCCD1	6
8179249	4795	NFKBIL1	6
8179258	4049	LTA	6
8179263	7124	TNF	6
8179268	7940	LST1	6
8179276	199	AIF1	6
8179291	55937	APOM	6
8179298	1460	CSNK2B	6
8179309	58530	LY6G6D	6
8179313	80739	MPIG6B	6
8179331	717	C2	6
8179351	629	CFB	6
8179364	6499	SKIC2	6
8179391	8859	STK19	6
8179440	1589	CYP21A2	6
8179495	5698	PSMB9	6
8179504	6046	BRD2	6
8179519	3115	HLA-DPB1	6
8179525	7922	SLC39A7	6
8179534	7923	HSD17B8	6
8179555	8705	B3GALT4	6
8179559	10471	PFDN6	6
8179564	3833	KIFC1	6
8179575	5987	TRIM27	6
8179587	26692	OR2W1	6
8179589	442184	OR2B3	6
8179591	26531	OR11A1	6
8179593	116511	MAS1L	6
8179595	2550	GABBR1	6
8179617	11074	TRIM31	6
8179628	10107	TRIM10	6
8179638	7726	TRIM26	6
8179648	2794	GNL1	6
8179664	5514	PPP1R10	6
8179683	11270	NRM	6
8179688	10211	FLOT1	6
8179704	8870	IER3	6
8179709	389376	SFTA2	6
8179713	29113	C6orf15	6
8179716	1041	CDSN	6
8179727	100130889	PSORS1C3	6
8179768	4050	LTB	6
8179773	259197	NCR3	6
8179782	7917	BAG6	6
8179808	57827	C6orf47	6
8179810	79136	LY6G6E	6
8179814	80740	LY6G6C	6
8179819	23564	DDAH2	6
8179827	1192	CLIC1	6
8179839	57819	LSM2	6
8179848	3305	HSPA1L	6
8179851	4758	NEU1	6
8179884	10919	EHMT2	6
8179913	7936	NELFE	6
8179926	1797	DXO	6
8179967	177	AGER	6
8179996	56244	BTNL2	6
8180029	3120	HLA-DQB2	6
8180034	6891	TAP2	6
8180049	5696	PSMB8	6
8180078	3109	HLA-DMB	6
8180086	3108	HLA-DMA	6
8180093	3111	HLA-DOA	6
8180100	3113	HLA-DPA1	6
8180105	1302	COL11A2	6
8180111	6257	RXRB	6
8180123	6293	VPS52	6
8180144	5863	RGL2	6
8180166	6892	TAPBP	6
8180179	1616	DAXX	6
8180194	984	CDK11B	1
8180195	3078	CFHR1	1
8180196	79168	LILRA6	19
8180197	250	ALPP	2
8180198	56146	PCDHA2	5
8180199	984	CDK11B	1
8180200	284443	ZNF493	19
8180201	147664	ERVV-1	19
8180202	5281	PIGF	2
8180203	146336	SSTR5-AS1	16
8180205	93492	TPTE2	13
8180206	375513	GUSBP4	6
8180208	101929637	NTM-AS1	11
8180212	6902	TBCA	5
8180214	387707	CC2D2B	10
8180215	10639	HHCM	8
8180216	285830	HLA-F-AS1	6
8180217	81931	ZNF93	19
8180218	401261	LOC401261	6
8180219	441116	LINC01951	5
8180221	100505929	LINC01549	21
8180222	10877	CFHR4	1
8180223	221442	ADCY10P1	6
8180224	7757	ZNF208	19
8180227	440944	THUMPD3-AS1	3
8180231	29991	OBP2A	9
8180233	29075	LINC00652	20
8180234	51716	CES1P1	16
8180235	442132	LOC442132	5
8180236	255403	ZNF718	4
8180237	55798	METTL2B	7
8180238	441151	TMEM151B	6
8180240	100131434	EOLA1-DT	X
8180241	643365	LINC00452	13
8180243	645078	COL25A1-DT	4
8180244	646870	LOC646870	1
8180245	100505530	LINC02520	6
8180253	644625	FUNDC2P3	6
8180254	57830	KRTAP5-8	11
8180255	554313	H4C15	1
8180256	58516	SINHCAF	12
8180257	9859	CEP170	1
8180258	5281	PIGF	2
8180259	375248	ANKRD36	2
8180260	8815	BANF1	11
8180261	79168	LILRA6	19
8180262	7757	ZNF208	19
8180263	9877	ZC3H11A	1
8180264	201229	LYRM9	17
8180265	255403	ZNF718	4
8180266	81849	ST6GALNAC5	1
8180267	83481	EPPK1	8
8180268	1595	CYP51A1	7
8180269	83940	TATDN1	8
8180270	56139	PCDHA10	5
8180271	56138	PCDHA11	5
8180272	56142	PCDHA6	5
8180273	56137	PCDHA12	5
8180274	56136	PCDHA13	5
8180275	56147	PCDHA1	5
8180276	56146	PCDHA2	5
8180277	56145	PCDHA3	5
8180278	56144	PCDHA4	5
8180279	56143	PCDHA5	5
8180280	56141	PCDHA7	5
8180281	56140	PCDHA8	5
8180282	8641	PCDHGB4	5
8180283	6137	RPL13	16
8180284	6137	RPL13	16
8180285	113835	ZNF257	19
8180286	9939	RBM8A	1
8180287	6160	RPL31	2
8180288	984	CDK11B	1
8180289	984	CDK11B	1
8180290	984	CDK11B	1
8180291	984	CDK11B	1
8180292	984	CDK11B	1
8180293	984	CDK11B	1
8180294	728642	CDK11A	1
8180297	6124	RPL4	15
8180298	6921	ELOC	8
8180299	11168	PSIP1	9
8180300	117581	TWIST2	2
8180301	65110	UPF3A	13
8180302	65110	UPF3A	13
8180303	6289	SAA2	11
8180304	2688	GH1	17
8180305	64979	MRPL36	5
8180306	80335	WDR82	3
8180307	3159	HMGA1	6
8180308	3159	HMGA1	6
8180309	256435	ST6GALNAC3	1
8180310	10049	DNAJB6	7
8180311	1781	DYNC1I2	2
8180312	6500	SKP1	5
8180313	27094	KCNMB3	3
8180314	27094	KCNMB3	3
8180315	27094	KCNMB3	3
8180316	7050	TGIF1	18
8180317	7050	TGIF1	18
8180318	7050	TGIF1	18
8180319	7050	TGIF1	18
8180320	259291	TAS2R45	12
8180321	8370	H4C14	1
8180322	337977	KRTAP21-1	21
8180323	219333	USP12	13
8180324	168451	THAP5	7
8180325	85316	BAGE5	13
8180326	85317	BAGE4	21
8180327	85318	BAGE3	21
8180328	85319	BAGE2	21
8180329	7323	UBE2D3	4
8180330	7323	UBE2D3	4
8180331	7323	UBE2D3	4
8180332	7323	UBE2D3	4
8180333	7323	UBE2D3	4
8180334	7323	UBE2D3	4
8180335	7323	UBE2D3	4
8180336	9906	SLC35E2A	1
8180337	468	ATF4	22
8180338	63932	STEEP1	X
8180339	30815	ST6GALNAC6	9
8180340	338382	RAB7B	1
8180341	5879	RAC1	7
8180342	5879	RAC1	7
8180343	5879	RAC1	7
8180344	2776	GNAQ	9
8180345	387522	PEDS1-UBE2V1	20
8180346	2876	GPX1	3
8180348	6375	XCL1	1
8180349	7171	TPM4	19
8180350	574	BAGE	21
8180351	1488	CTBP2	10
8180352	117195	MRGPRX3	11
8180353	2029	ENSA	1
8180354	2029	ENSA	1
8180355	6176	RPLP1	15
8180356	285855	RPL7L1	6
8180358	29989	OBP2B	9
8180359	9659	PDE4DIP	1
8180360	26494	OR8G1	11
8180361	656	BMP8B	1
8180362	23164	MPRIP	17
8180363	23164	MPRIP	17
8180364	253959	RALGAPA1	14
8180365	253959	RALGAPA1	14
8180366	445347	TARP	7
8180367	445347	TARP	7
8180368	359787	DPPA3	12
8180369	283694	OR4N4	15
8180370	85395	SLX9	21
8180371	7167	TPI1	12
8180372	10610	ST6GALNAC2	17
8180373	7341	SUMO1	2
8180374	200316	APOBEC3F	22
8180375	54014	BRWD1	21
8180376	1645	AKR1C1	10
8180377	439921	MXRA7	17
8180378	439921	MXRA7	17
8180379	439921	MXRA7	17
8180380	10739	RFPL2	22
8180381	10738	RFPL3	22
8180382	440050	KRTAP5-7	11
8180384	6705	SPRR2F	1
8180386	4831	NME2	17
8180387	4831	NME2	17
8180388	4831	NME2	17
8180389	4831	NME2	17
8180390	9677	PPIP5K1	15
8180391	1565	CYP2D6	22
8180392	26521	TIMM8B	11
8180393	81488	POLR2M	15
8180394	81488	POLR2M	15
8180398	6203	RPS9	19
8180399	317703	VN1R4	19
8180400	440603	BCL2L15	1
8180401	54967	CT55	X
8180402	7335	UBE2V1	20
8180403	9747	TCAF1	7
8180404	6157	RPL27A	11
8180405	10124	ARL4A	7
8180406	6706	SPRR2G	1
8180407	4869	NPM1	5
8180408	4869	NPM1	5
8180409	4869	NPM1	5
8180410	8665	EIF3F	11
8180411	9844	ELMO1	7
8180412	27090	ST6GALNAC4	9
8180413	27090	ST6GALNAC4	9
8180414	55808	ST6GALNAC1	17
8180415	92014	SLC25A51	9
8180416	4995	OR3A2	17
8180417	55798	METTL2B	7
8180418	54921	CHTF8	16
