PROBEID	ENTREZID	SYMBOL	CHR
1007_s_at	780	DDR1	6
1053_at	5982	RFC2	7
117_at	3310	HSPA6	1
121_at	7849	PAX8	2
1255_g_at	2978	GUCA1A	6
1294_at	7318	UBA7	3
1316_at	7067	THRA	17
1320_at	11099	PTPN21	14
1405_i_at	6352	CCL5	17
1431_at	1571	CYP2E1	10
1438_at	2049	EPHB3	3
1487_at	2101	ESRRA	11
1494_f_at	1548	CYP2A6	19
1598_g_at	2621	GAS6	13
160020_at	4323	MMP14	14
1729_at	8717	TRADD	16
177_at	5337	PLD1	3
179_at	441263	DTX2P1-UPK3BP1-PMS2P11	7
1861_at	572	BAD	11
200000_s_at	10594	PRPF8	17
200001_at	826	CAPNS1	19
200002_at	11224	RPL35	9
200003_s_at	6158	RPL28	19
200004_at	1982	EIF4G2	11
200005_at	8664	EIF3D	22
200006_at	11315	PARK7	1
200007_at	6727	SRP14	15
200008_s_at	2665	GDI2	10
200009_at	2665	GDI2	10
200010_at	6135	RPL11	1
200011_s_at	377	ARF3	12
200013_at	6152	RPL24	3
200014_s_at	3183	HNRNPC	14
200015_s_at	4735	SEPTIN2	2
200016_x_at	3178	HNRNPA1	12
200017_at	6233	RPS27A	2
200018_at	6207	RPS13	11
200019_s_at	2197	FAU	11
200020_at	23435	TARDBP	1
200021_at	1072	CFL1	11
200022_at	6141	RPL18	19
200023_s_at	8665	EIF3F	11
200024_at	6193	RPS5	19
200025_s_at	6155	RPL27	17
200026_at	6164	RPL34	4
200027_at	4677	NARS1	18
200028_s_at	56910	STARD7	2
200029_at	6143	RPL19	17
200030_s_at	5250	SLC25A3	12
200031_s_at	6205	RPS11	19
200032_s_at	6133	RPL9	4
200033_at	1655	DDX5	17
200035_at	23399	CTDNEP1	17
200036_s_at	4736	RPL10A	6
200037_s_at	11335	CBX3	7
200039_s_at	5690	PSMB2	1
200040_at	10657	KHDRBS1	1
200042_at	51493	RTCB	22
200043_at	2079	ERH	14
200044_at	8683	SRSF9	12
200045_at	23	ABCF1	6
200046_at	1603	DAD1	14
200047_s_at	7528	YY1	14
200048_s_at	10899	JTB	1
200049_at	11143	KAT7	17
200050_at	7705	ZNF146	19
200051_at	9092	SART1	11
200052_s_at	3608	ILF2	1
200053_at	9552	SPAG7	17
200054_at	8882	ZPR1	11
200055_at	6881	TAF10	11
200056_s_at	10438	C1D	2
200057_s_at	4841	NONO	X
200058_s_at	23020	SNRNP200	2
200059_s_at	387	RHOA	3
200060_s_at	10921	RNPS1	16
200061_s_at	6229	RPS24	10
200062_s_at	6156	RPL30	8
200063_s_at	4869	NPM1	5
200064_at	3326	HSP90AB1	6
200065_s_at	375	ARF1	1
200066_at	3550	IK	5
200067_x_at	8724	SNX3	6
200068_s_at	821	CANX	5
200069_at	9733	SART3	12
200070_at	27013	CNPPD1	2
200071_at	10285	SMNDC1	10
200072_s_at	4670	HNRNPM	19
200073_s_at	3184	HNRNPD	4
200074_s_at	9045	RPL14	3
200075_s_at	2987	GUK1	1
200076_s_at	79036	KXD1	19
200077_s_at	4946	OAZ1	19
200078_s_at	533	ATP6V0B	1
200079_s_at	3735	KARS1	16
200081_s_at	6194	RPS6	9
200082_s_at	6201	RPS7	2
200083_at	23326	USP22	17
200084_at	10944	C11orf58	11
200085_s_at	6923	ELOB	16
200086_s_at	1327	COX4I1	16
200087_s_at	10959	TMED2	12
200089_s_at	6124	RPL4	15
200090_at	2339	FNTA	8
200091_s_at	6230	RPS25	11
200092_s_at	6167	RPL37	5
200093_s_at	3094	HINT1	5
200094_s_at	1938	EEF2	19
200096_s_at	8992	ATP6V0E1	5
200097_s_at	3190	HNRNPK	9
200098_s_at	51433	ANAPC5	12
200099_s_at	6189	RPS3A	4
200593_s_at	3192	HNRNPU	1
200594_x_at	3192	HNRNPU	1
200595_s_at	8661	EIF3A	10
200596_s_at	8661	EIF3A	10
200597_at	8661	EIF3A	10
200598_s_at	7184	HSP90B1	12
200599_s_at	7184	HSP90B1	12
200600_at	4478	MSN	X
200601_at	81	ACTN4	19
200602_at	351	APP	21
200603_at	5573	PRKAR1A	17
200604_s_at	5573	PRKAR1A	17
200605_s_at	5573	PRKAR1A	17
200606_at	1832	DSP	6
200607_s_at	5885	RAD21	8
200608_s_at	5885	RAD21	8
200609_s_at	9948	WDR1	4
200610_s_at	4691	NCL	2
200611_s_at	9948	WDR1	4
200612_s_at	163	AP2B1	17
200613_at	1173	AP2M1	3
200614_at	1213	CLTC	17
200615_s_at	163	AP2B1	17
200616_s_at	9761	MLEC	12
200617_at	9761	MLEC	12
200618_at	3927	LASP1	17
200619_at	10992	SF3B2	11
200620_at	9528	TMEM59	1
200621_at	1465	CSRP1	1
200624_s_at	9782	MATR3	5
200625_s_at	10487	CAP1	1
200626_s_at	9782	MATR3	5
200627_at	10728	PTGES3	12
200628_s_at	7453	WARS1	14
200629_at	7453	WARS1	14
200630_x_at	6418	SET	9
200631_s_at	6418	SET	9
200632_s_at	10397	NDRG1	8
200633_at	7314	UBB	17
200634_at	5216	PFN1	17
200635_s_at	5792	PTPRF	1
200636_s_at	5792	PTPRF	1
200637_s_at	5792	PTPRF	1
200638_s_at	7534	YWHAZ	8
200639_s_at	7534	YWHAZ	8
200640_at	7534	YWHAZ	8
200641_s_at	7534	YWHAZ	8
200642_at	6647	SOD1	21
200643_at	3069	HDLBP	2
200644_at	65108	MARCKSL1	1
200645_at	11337	GABARAP	17
200646_s_at	4924	NUCB1	19
200648_s_at	2752	GLUL	1
200649_at	4924	NUCB1	19
200650_s_at	3939	LDHA	11
200651_at	10399	RACK1	5
200652_at	6746	SSR2	1
200654_at	5034	P4HB	17
200656_s_at	5034	P4HB	17
200657_at	292	SLC25A5	X
200658_s_at	5245	PHB1	17
200659_s_at	5245	PHB1	17
200660_at	6282	S100A11	1
200661_at	5476	CTSA	20
200662_s_at	9804	TOMM20	1
200663_at	967	CD63	12
200664_s_at	3337	DNAJB1	19
200665_s_at	6678	SPARC	5
200666_s_at	3337	DNAJB1	19
200667_at	7323	UBE2D3	4
200668_s_at	7323	UBE2D3	4
200669_s_at	7323	UBE2D3	4
200670_at	7494	XBP1	22
200671_s_at	6711	SPTBN1	2
200672_x_at	6711	SPTBN1	2
200673_at	9741	LAPTM4A	2
200674_s_at	6161	RPL32	3
200675_at	975	CD81	11
200676_s_at	7332	UBE2L3	22
200677_at	754	PTTG1IP	21
200678_x_at	2896	GRN	17
200679_x_at	3146	HMGB1	13
200680_x_at	3146	HMGB1	13
200681_at	2739	GLO1	6
200682_s_at	7332	UBE2L3	22
200683_s_at	7332	UBE2L3	22
200684_s_at	7332	UBE2L3	22
200685_at	9295	SRSF11	1
200686_s_at	9295	SRSF11	1
200687_s_at	23450	SF3B3	16
200688_at	23450	SF3B3	16
200689_x_at	1937	EEF1G	11
200690_at	3313	HSPA9	5
200691_s_at	3313	HSPA9	5
200692_s_at	3313	HSPA9	5
200693_at	10971	YWHAQ	2
200694_s_at	57062	DDX24	14
200695_at	5518	PPP2R1A	19
200696_s_at	2934	GSN	9
200697_at	3098	HK1	10
200698_at	11014	KDELR2	7
200699_at	11014	KDELR2	7
200700_s_at	11014	KDELR2	7
200701_at	10577	NPC2	14
200702_s_at	57062	DDX24	14
200703_at	8655	DYNLL1	12
200704_at	9516	LITAF	16
200705_s_at	1933	EEF1B2	2
200706_s_at	9516	LITAF	16
200707_at	5589	PRKCSH	19
200708_at	2806	GOT2	16
200709_at	2280	FKBP1A	20
200710_at	37	ACADVL	17
200711_s_at	6500	SKP1	5
200712_s_at	22919	MAPRE1	20
200713_s_at	22919	MAPRE1	20
200714_x_at	10956	OS9	12
200715_x_at	23521	RPL13A	19
200716_x_at	23521	RPL13A	19
200717_x_at	6129	RPL7	8
200718_s_at	6500	SKP1	5
200719_at	6500	SKP1	5
200720_s_at	10121	ACTR1A	10
200721_s_at	10121	ACTR1A	10
200722_s_at	4076	CAPRIN1	11
200723_s_at	4076	CAPRIN1	11
200724_at	6134	RPL10	X
200725_x_at	6134	RPL10	X
200726_at	5501	PPP1CC	12
200727_s_at	10097	ACTR2	2
200728_at	10097	ACTR2	2
200729_s_at	10097	ACTR2	2
200730_s_at	7803	PTP4A1	6
200731_s_at	7803	PTP4A1	6
200732_s_at	7803	PTP4A1	6
200733_s_at	7803	PTP4A1	6
200734_s_at	377	ARF3	12
200735_x_at	4666	NACA	12
200736_s_at	2876	GPX1	3
200737_at	5230	PGK1	X
200738_s_at	5230	PGK1	X
200739_s_at	6612	SUMO3	21
200740_s_at	6612	SUMO3	21
200741_s_at	6232	RPS27	1
200742_s_at	1200	TPP1	11
200743_s_at	1200	TPP1	11
200744_s_at	2782	GNB1	1
200745_s_at	2782	GNB1	1
200746_s_at	2782	GNB1	1
200747_s_at	4926	NUMA1	11
200748_s_at	2495	FTH1	11
200749_at	5901	RAN	12
200750_s_at	5901	RAN	12
200751_s_at	3183	HNRNPC	14
200752_s_at	823	CAPN1	11
200753_x_at	6427	SRSF2	17
200754_x_at	6427	SRSF2	17
200755_s_at	813	CALU	7
200756_x_at	813	CALU	7
200757_s_at	813	CALU	7
200758_s_at	4779	NFE2L1	17
200759_x_at	4779	NFE2L1	17
200760_s_at	10550	ARL6IP5	3
200761_s_at	10550	ARL6IP5	3
200762_at	1808	DPYSL2	8
200763_s_at	6176	RPLP1	15
200764_s_at	1495	CTNNA1	5
200765_x_at	1495	CTNNA1	5
200766_at	1509	CTSD	11
200767_s_at	23196	FAM120A	9
200768_s_at	4144	MAT2A	2
200769_s_at	4144	MAT2A	2
200770_s_at	3915	LAMC1	1
200771_at	3915	LAMC1	1
200772_x_at	5757	PTMA	2
200773_x_at	5757	PTMA	2
200774_at	23196	FAM120A	9
200775_s_at	3190	HNRNPK	9
200776_s_at	9689	BZW1	2
200777_s_at	9689	BZW1	2
200778_s_at	4735	SEPTIN2	2
200779_at	468	ATF4	22
200780_x_at	2778	GNAS	20
200781_s_at	6210	RPS15A	16
200782_at	308	ANXA5	4
200783_s_at	3925	STMN1	1
200784_s_at	4035	LRP1	12
200785_s_at	4035	LRP1	12
200786_at	5695	PSMB7	9
200787_s_at	8682	PEA15	1
200788_s_at	8682	PEA15	1
200789_at	1891	ECH1	19
200790_at	4953	ODC1	2
200791_s_at	8826	IQGAP1	15
200792_at	2547	XRCC6	22
200793_s_at	50	ACO2	22
200794_x_at	9802	DAZAP2	12
200795_at	8404	SPARCL1	4
200796_s_at	4170	MCL1	1
200797_s_at	4170	MCL1	1
200798_x_at	4170	MCL1	1
200801_x_at	60	ACTB	7
200802_at	6301	SARS1	1
200803_s_at	7009	TMBIM6	12
200804_at	7009	TMBIM6	12
200805_at	10960	LMAN2	5
200806_s_at	3329	HSPD1	2
200807_s_at	3329	HSPD1	2
200808_s_at	7791	ZYX	7
200809_x_at	6136	RPL12	9
200810_s_at	1153	CIRBP	19
200811_at	1153	CIRBP	19
200812_at	10574	CCT7	2
200813_s_at	5048	PAFAH1B1	17
200814_at	5720	PSME1	14
200815_s_at	5048	PAFAH1B1	17
200816_s_at	5048	PAFAH1B1	17
200817_x_at	6204	RPS10	6
200818_at	539	ATP5PO	21
200819_s_at	6209	RPS15	19
200820_at	5714	PSMD8	19
200821_at	3920	LAMP2	X
200822_x_at	7167	TPI1	12
200823_x_at	6159	RPL29	3
200824_at	2950	GSTP1	11
200825_s_at	10525	HYOU1	11
200826_at	6633	SNRPD2	19
200827_at	5351	PLOD1	1
200828_s_at	7756	ZNF207	17
200829_x_at	7756	ZNF207	17
200830_at	5708	PSMD2	3
200831_s_at	6319	SCD	10
200832_s_at	6319	SCD	10
200833_s_at	5908	RAP1B	12
200834_s_at	6227	RPS21	20
200835_s_at	4134	MAP4	3
200836_s_at	4134	MAP4	3
200837_at	10134	BCAP31	X
200838_at	1508	CTSB	8
200839_s_at	1508	CTSB	8
200840_at	3735	KARS1	16
200841_s_at	2058	EPRS1	1
200842_s_at	2058	EPRS1	1
200843_s_at	2058	EPRS1	1
200844_s_at	9588	PRDX6	1
200845_s_at	9588	PRDX6	1
200846_s_at	5499	PPP1CA	11
200847_s_at	51669	SARAF	8
200848_at	10768	AHCYL1	1
200849_s_at	10768	AHCYL1	1
200850_s_at	10768	AHCYL1	1
200851_s_at	9798	IST1	16
200852_x_at	2783	GNB2	7
200853_at	3015	H2AZ1	4
200854_at	9611	NCOR1	17
200855_at	9611	NCOR1	17
200856_x_at	9611	NCOR1	17
200857_s_at	9611	NCOR1	17
200858_s_at	6202	RPS8	1
200859_x_at	2316	FLNA	X
200860_s_at	23019	CNOT1	16
200861_at	23019	CNOT1	16
200862_at	1718	DHCR24	1
200863_s_at	8766	RAB11A	15
200864_s_at	8766	RAB11A	15
200865_at	8665	EIF3F	11
200866_s_at	5660	PSAP	10
200867_at	55905	RNF114	20
200868_s_at	55905	RNF114	20
200869_at	6142	RPL18A	19
200870_at	11171	STRAP	12
200871_s_at	5660	PSAP	10
200872_at	6281	S100A10	1
200873_s_at	10694	CCT8	21
200874_s_at	10528	NOP56	20
200875_s_at	10528	NOP56	20
200876_s_at	5689	PSMB1	6
200877_at	10575	CCT4	2
200878_at	2034	EPAS1	2
200879_s_at	2034	EPAS1	2
200880_at	3301	DNAJA1	9
200881_s_at	3301	DNAJA1	9
200882_s_at	5710	PSMD4	1
200883_at	7385	UQCRC2	16
200884_at	1152	CKB	14
200886_s_at	5223	PGAM1	10
200887_s_at	6772	STAT1	2
200888_s_at	9349	RPL23	17
200889_s_at	6745	SSR1	6
200890_s_at	6745	SSR1	6
200891_s_at	6745	SSR1	6
200892_s_at	6434	TRA2B	3
200893_at	6434	TRA2B	3
200894_s_at	2288	FKBP4	12
200895_s_at	2288	FKBP4	12
200896_x_at	3068	HDGF	1
200897_s_at	23022	PALLD	4
200898_s_at	10724	OGA	10
200899_s_at	10724	OGA	10
200900_s_at	4074	M6PR	12
200901_s_at	4074	M6PR	12
200902_at	9403	SELENOF	1
200903_s_at	191	AHCY	20
200904_at	3133	HLA-E	6
200905_x_at	3133	HLA-E	6
200906_s_at	23022	PALLD	4
200907_s_at	23022	PALLD	4
200908_s_at	6181	RPLP2	11
200909_s_at	6181	RPLP2	11
200910_at	7203	CCT3	1
200911_s_at	6867	TACC1	8
200912_s_at	1974	EIF4A2	3
200913_at	5496	PPM1G	2
200914_x_at	3895	KTN1	14
200915_x_at	3895	KTN1	14
200916_at	8407	TAGLN2	1
200917_s_at	6734	SRPRA	11
200918_s_at	6734	SRPRA	11
200919_at	1912	PHC2	1
200920_s_at	694	BTG1	12
200921_s_at	694	BTG1	12
200922_at	10945	KDELR1	19
200923_at	3959	LGALS3BP	17
200924_s_at	6520	SLC3A2	11
200925_at	1337	COX6A1	12
200926_at	6228	RPS23	5
200927_s_at	51552	RAB14	9
200928_s_at	51552	RAB14	9
200929_at	10972	TMED10	14
200930_s_at	7414	VCL	10
200931_s_at	7414	VCL	10
200932_s_at	10540	DCTN2	12
200933_x_at	6191	RPS4X	X
200934_at	7913	DEK	6
200935_at	811	CALR	19
200936_at	6132	RPL8	8
200937_s_at	6125	RPL5	1
200938_s_at	473	RERE	1
200939_s_at	473	RERE	1
200940_s_at	473	RERE	1
200941_at	3281	HSBP1	16
200942_s_at	3281	HSBP1	16
200943_at	3150	HMGN1	21
200944_s_at	3150	HMGN1	21
200945_s_at	22872	SEC31A	4
200946_x_at	2746	GLUD1	10
200947_s_at	2746	GLUD1	10
200948_at	8079	MLF2	12
200949_x_at	6224	RPS20	8
200950_at	10552	ARPC1A	7
200951_s_at	894	CCND2	12
200952_s_at	894	CCND2	12
200953_s_at	894	CCND2	12
200954_at	527	ATP6V0C	16
200955_at	10989	IMMT	2
200956_s_at	6749	SSRP1	11
200957_s_at	6749	SSRP1	11
200958_s_at	6386	SDCBP	8
200959_at	2521	FUS	16
200960_x_at	1211	CLTA	9
200961_at	22928	SEPHS2	16
200962_at	6160	RPL31	2
200963_x_at	6160	RPL31	2
200964_at	7317	UBA1	X
200965_s_at	3983	ABLIM1	10
200966_x_at	226	ALDOA	16
200967_at	5479	PPIB	15
200968_s_at	5479	PPIB	15
200969_at	27230	SERP1	3
200970_s_at	27230	SERP1	3
200971_s_at	27230	SERP1	3
200972_at	10099	TSPAN3	15
200973_s_at	10099	TSPAN3	15
200974_at	59	ACTA2	10
200975_at	5538	PPT1	1
200976_s_at	8887	TAX1BP1	7
200977_s_at	8887	TAX1BP1	7
200978_at	4190	MDH1	2
200979_at	5160	PDHA1	X
200980_s_at	5160	PDHA1	X
200981_x_at	2778	GNAS	20
200982_s_at	309	ANXA6	5
200983_x_at	966	CD59	11
200984_s_at	966	CD59	11
200985_s_at	966	CD59	11
200986_at	710	SERPING1	11
200987_x_at	10197	PSME3	17
200988_s_at	10197	PSME3	17
200989_at	3091	HIF1A	14
200990_at	10155	TRIM28	19
200991_s_at	9784	SNX17	2
200992_at	10527	IPO7	11
200993_at	10527	IPO7	11
200994_at	10527	IPO7	11
200995_at	10527	IPO7	11
200996_at	10096	ACTR3	2
200998_s_at	10970	CKAP4	12
200999_s_at	10970	CKAP4	12
201000_at	16	AARS1	16
201004_at	6748	SSR4	X
201005_at	928	CD9	12
201006_at	7001	PRDX2	19
201007_at	3032	HADHB	2
201008_s_at	10628	TXNIP	1
201009_s_at	10628	TXNIP	1
201010_s_at	10628	TXNIP	1
201011_at	6184	RPN1	3
201012_at	301	ANXA1	9
201013_s_at	10606	PAICS	4
201014_s_at	10606	PAICS	4
201015_s_at	3728	JUP	17
201016_at	1964	EIF1AX	X
201017_at	1964	EIF1AX	X
201018_at	1964	EIF1AX	X
201019_s_at	1964	EIF1AX	X
201020_at	7533	YWHAH	22
201021_s_at	11034	DSTN	20
201022_s_at	11034	DSTN	20
201023_at	6879	TAF7	5
201024_x_at	9669	EIF5B	2
201025_at	9669	EIF5B	2
201026_at	9669	EIF5B	2
201027_s_at	9669	EIF5B	2
201028_s_at	4267	CD99	X
201029_s_at	4267	CD99	X
201030_x_at	3945	LDHB	12
201031_s_at	3187	HNRNPH1	5
201032_at	10904	BLCAP	20
201033_x_at	6175	RPLP0	12
201034_at	120	ADD3	10
201035_s_at	3033	HADH	4
201036_s_at	3033	HADH	4
201037_at	5214	PFKP	10
201038_s_at	8125	ANP32A	15
201039_s_at	5886	RAD23A	19
201040_at	2771	GNAI2	3
201041_s_at	1843	DUSP1	5
201042_at	7052	TGM2	20
201043_s_at	8125	ANP32A	15
201044_x_at	1843	DUSP1	5
201045_s_at	5870	RAB6A	11
201046_s_at	5886	RAD23A	19
201047_x_at	5870	RAB6A	11
201048_x_at	5870	RAB6A	11
201049_s_at	6222	RPS18	6
201050_at	23646	PLD3	19
201051_at	8125	ANP32A	15
201052_s_at	9491	PSMF1	20
201053_s_at	9491	PSMF1	20
201054_at	10949	HNRNPA0	5
201055_s_at	10949	HNRNPA0	5
201056_at	2804	GOLGB1	3
201057_s_at	2804	GOLGB1	3
201058_s_at	10398	MYL9	20
201059_at	2017	CTTN	11
201060_x_at	2040	STOM	9
201061_s_at	2040	STOM	9
201062_at	2040	STOM	9
201063_at	5954	RCN1	11
201064_s_at	8761	PABPC4	1
201066_at	1537	CYC1	8
201067_at	5701	PSMC2	7
201068_s_at	5701	PSMC2	7
201069_at	4313	MMP2	16
201070_x_at	23451	SF3B1	2
201071_x_at	23451	SF3B1	2
201072_s_at	6599	SMARCC1	3
201073_s_at	6599	SMARCC1	3
201074_at	6599	SMARCC1	3
201075_s_at	6599	SMARCC1	3
201076_at	4809	SNU13	22
201077_s_at	4809	SNU13	22
201078_at	9375	TM9SF2	13
201079_at	9144	SYNGR2	17
201080_at	8396	PIP4K2B	17
201081_s_at	8396	PIP4K2B	17
201082_s_at	1639	DCTN1	2
201083_s_at	9774	BCLAF1	6
201084_s_at	9774	BCLAF1	6
201085_s_at	6651	SON	21
201086_x_at	6651	SON	21
201087_at	5829	PXN	12
201088_at	3838	KPNA2	17
201089_at	526	ATP6V1B2	8
201090_x_at	10376	TUBA1B	12
201091_s_at	11335	CBX3	7
201092_at	5931	RBBP7	X
201093_x_at	6389	SDHA	5
201094_at	6235	RPS29	14
201095_at	1611	DAP	5
201096_s_at	378	ARF4	3
201097_s_at	378	ARF4	3
201098_at	9276	COPB2	3
201099_at	8239	USP9X	X
201100_s_at	8239	USP9X	X
201101_s_at	9774	BCLAF1	6
201102_s_at	5211	PFKL	21
201105_at	3956	LGALS1	22
201106_at	2879	GPX4	19
201107_s_at	7057	THBS1	15
201108_s_at	7057	THBS1	15
201109_s_at	7057	THBS1	15
201110_s_at	7057	THBS1	15
201111_at	1434	CSE1L	20
201112_s_at	1434	CSE1L	20
201113_at	7284	TUFM	16
201114_x_at	5688	PSMA7	20
201115_at	5425	POLD2	7
201116_s_at	1363	CPE	4
201117_s_at	1363	CPE	4
201118_at	5226	PGD	1
201119_s_at	1351	COX8A	11
201120_s_at	10857	PGRMC1	X
201121_s_at	10857	PGRMC1	X
201122_x_at	1984	EIF5A	17
201123_s_at	1984	EIF5A	17
201124_at	3693	ITGB5	3
201125_s_at	3693	ITGB5	3
201126_s_at	4245	MGAT1	5
201127_s_at	47	ACLY	17
201128_s_at	47	ACLY	17
201129_at	6432	SRSF7	2
201130_s_at	999	CDH1	16
201131_s_at	999	CDH1	16
201133_s_at	9867	PJA2	5
201134_x_at	1350	COX7C	5
201135_at	1892	ECHS1	10
201136_at	5355	PLP2	X
201137_s_at	3115	HLA-DPB1	6
201138_s_at	6741	SSB	2
201139_s_at	6741	SSB	2
201140_s_at	5878	RAB5C	17
201141_at	10457	GPNMB	7
201142_at	1965	EIF2S1	14
201143_s_at	1965	EIF2S1	14
201144_s_at	1965	EIF2S1	14
201145_at	10456	HAX1	1
201146_at	4780	NFE2L2	2
201147_s_at	7078	TIMP3	22
201148_s_at	7078	TIMP3	22
201149_s_at	7078	TIMP3	22
201150_s_at	7078	TIMP3	22
201151_s_at	4154	MBNL1	3
201152_s_at	4154	MBNL1	3
201153_s_at	4154	MBNL1	3
201154_x_at	6124	RPL4	15
201155_s_at	9927	MFN2	1
201156_s_at	5878	RAB5C	17
201157_s_at	4836	NMT1	17
201158_at	4836	NMT1	17
201159_s_at	4836	NMT1	17
201160_s_at	8531	YBX3	12
201161_s_at	8531	YBX3	12
201162_at	3490	IGFBP7	4
201163_s_at	3490	IGFBP7	4
201164_s_at	9698	PUM1	1
201165_s_at	9698	PUM1	1
201166_s_at	9698	PUM1	1
201167_x_at	396	ARHGDIA	17
201168_x_at	396	ARHGDIA	17
201169_s_at	8553	BHLHE40	3
201170_s_at	8553	BHLHE40	3
201171_at	8992	ATP6V0E1	5
201172_x_at	8992	ATP6V0E1	5
201173_x_at	10726	NUDC	1
201174_s_at	54386	TERF2IP	16
201175_at	51075	TMX2	11
201176_s_at	372	ARCN1	11
201177_s_at	10054	UBA2	19
201178_at	25793	FBXO7	22
201179_s_at	2773	GNAI3	1
201180_s_at	2773	GNAI3	1
201181_at	2773	GNAI3	1
201182_s_at	1108	CHD4	12
201183_s_at	1108	CHD4	12
201184_s_at	1108	CHD4	12
201185_at	5654	HTRA1	10
201186_at	4043	LRPAP1	4
201187_s_at	3710	ITPR3	6
201188_s_at	3710	ITPR3	6
201189_s_at	3710	ITPR3	6
201190_s_at	5306	PITPNA	17
201191_at	5306	PITPNA	17
201192_s_at	5306	PITPNA	17
201193_at	3417	IDH1	2
201194_at	6415	SELENOW	19
201195_s_at	8140	SLC7A5	16
201196_s_at	262	AMD1	6
201197_at	262	AMD1	6
201198_s_at	5707	PSMD1	2
201199_s_at	5707	PSMD1	2
201200_at	8804	CREG1	1
201201_at	1476	CSTB	21
201202_at	5111	PCNA	20
201203_s_at	6238	RRBP1	20
201204_s_at	6238	RRBP1	20
201205_at	6238	RRBP1	20
201206_s_at	6238	RRBP1	20
201207_at	7126	TNFAIP1	17
201208_s_at	7126	TNFAIP1	17
201209_at	3065	HDAC1	1
201210_at	1654	DDX3X	X
201211_s_at	1654	DDX3X	X
201212_at	5641	LGMN	14
201213_at	5510	PPP1R7	2
201214_s_at	5510	PPP1R7	2
201215_at	5358	PLS3	X
201216_at	10961	ERP29	12
201217_x_at	6122	RPL3	22
201218_at	1488	CTBP2	10
201219_at	1488	CTBP2	10
201220_x_at	1488	CTBP2	10
201221_s_at	6625	SNRNP70	19
201222_s_at	5887	RAD23B	9
201223_s_at	5887	RAD23B	9
201224_s_at	10250	SRRM1	1
201225_s_at	10250	SRRM1	1
201226_at	4714	NDUFB8	10
201227_s_at	4714	NDUFB8	10
201228_s_at	10425	ARIH2	3
201229_s_at	10425	ARIH2	3
201230_s_at	10425	ARIH2	3
201231_s_at	2023	ENO1	1
201232_s_at	5719	PSMD13	11
201233_at	5719	PSMD13	11
201234_at	3611	ILK	11
201235_s_at	7832	BTG2	1
201236_s_at	7832	BTG2	1
201237_at	830	CAPZA2	7
201238_s_at	830	CAPZA2	7
201240_s_at	9789	SPCS2	11
201241_at	1653	DDX1	2
201242_s_at	481	ATP1B1	1
201243_s_at	481	ATP1B1	1
201244_s_at	5894	RAF1	3
201245_s_at	55611	OTUB1	11
201246_s_at	55611	OTUB1	11
201247_at	6721	SREBF2	22
201248_s_at	6721	SREBF2	22
201249_at	6513	SLC2A1	1
201250_s_at	6513	SLC2A1	1
201251_at	5315	PKM	15
201252_at	5704	PSMC4	19
201253_s_at	10423	CDIPT	16
201254_x_at	6194	RPS6	9
201255_x_at	7917	BAG6	6
201256_at	9167	COX7A2L	2
201257_x_at	6189	RPS3A	4
201258_at	6217	RPS16	19
201259_s_at	6856	SYPL1	7
201260_s_at	6856	SYPL1	7
201261_x_at	633	BGN	X
201262_s_at	633	BGN	X
201263_at	6897	TARS1	5
201264_at	11316	COPE	19
201266_at	7296	TXNRD1	12
201267_s_at	5702	PSMC3	11
201269_s_at	23386	NUDCD3	7
201270_x_at	23386	NUDCD3	7
201271_s_at	22913	RALY	20
201272_at	231	AKR1B1	7
201273_s_at	6726	SRP9	1
201274_at	5686	PSMA5	1
201275_at	2224	FDPS	1
201276_at	5869	RAB5B	12
201277_s_at	3182	HNRNPAB	5
201278_at	1601	DAB2	5
201279_s_at	1601	DAB2	5
201280_s_at	1601	DAB2	5
201281_at	11047	ADRM1	20
201282_at	4967	OGDH	7
201283_s_at	22906	TRAK1	3
201284_s_at	327	APEH	3
201285_at	23608	MKRN1	7
201286_at	6382	SDC1	2
201287_s_at	6382	SDC1	2
201288_at	397	ARHGDIB	12
201289_at	3491	CCN1	1
201290_at	23478	SEC11A	15
201291_s_at	7153	TOP2A	17
201292_at	7153	TOP2A	17
201293_x_at	5478	PPIA	7
201294_s_at	26118	WSB1	17
201295_s_at	26118	WSB1	17
201296_s_at	26118	WSB1	17
201297_s_at	55233	MOB1A	2
201298_s_at	55233	MOB1A	2
201299_s_at	55233	MOB1A	2
201300_s_at	5621	PRNP	20
201301_s_at	307	ANXA4	2
201302_at	307	ANXA4	2
201303_at	9775	EIF4A3	17
201304_at	4698	NDUFA5	7
201305_x_at	10541	ANP32B	9
201306_s_at	10541	ANP32B	9
201307_at	55752	SEPTIN11	4
201308_s_at	55752	SEPTIN11	4
201309_x_at	9315	NREP	5
201310_s_at	9315	NREP	5
201311_s_at	6451	SH3BGRL	X
201312_s_at	6451	SH3BGRL	X
201313_at	2026	ENO2	12
201314_at	10494	STK25	2
201315_x_at	10581	IFITM2	11
201316_at	5683	PSMA2	7
201317_s_at	5683	PSMA2	7
201319_at	10627	MYL12A	18
201320_at	6601	SMARCC2	12
201321_s_at	6601	SMARCC2	12
201322_at	506	ATP5F1B	12
201323_at	10969	EBNA1BP2	1
201324_at	2012	EMP1	12
201325_s_at	2012	EMP1	12
201326_at	908	CCT6A	7
201327_s_at	908	CCT6A	7
201328_at	2114	ETS2	21
201329_s_at	2114	ETS2	21
201330_at	5917	RARS1	5
201331_s_at	6778	STAT6	12
201332_s_at	6778	STAT6	12
201333_s_at	23365	ARHGEF12	11
201334_s_at	23365	ARHGEF12	11
201335_s_at	23365	ARHGEF12	11
201336_at	9341	VAMP3	1
201337_s_at	9341	VAMP3	1
201338_x_at	2971	GTF3A	13
201339_s_at	6342	SCP2	1
201340_s_at	8507	ENC1	5
201341_at	8507	ENC1	5
201342_at	6631	SNRPC	6
201343_at	7322	UBE2D2	5
201344_at	7322	UBE2D2	5
201345_s_at	7322	UBE2D2	5
201346_at	79602	ADIPOR2	12
201347_x_at	9380	GRHPR	9
201348_at	2878	GPX3	5
201349_at	9368	NHERF1	17
201350_at	2319	FLOT2	17
201351_s_at	10730	YME1L1	10
201352_at	10730	YME1L1	10
201353_s_at	11176	BAZ2A	12
201354_s_at	11176	BAZ2A	12
201355_s_at	11176	BAZ2A	12
201356_at	10291	SF3A1	22
201357_s_at	10291	SF3A1	22
201358_s_at	1315	COPB1	11
201359_at	1315	COPB1	11
201360_at	1471	CST3	20
201361_at	79073	TMEM109	11
201362_at	10625	IVNS1ABP	1
201363_s_at	10625	IVNS1ABP	1
201364_s_at	4947	OAZ2	15
201365_at	4947	OAZ2	15
201366_at	310	ANXA7	10
201367_s_at	678	ZFP36L2	2
201368_at	678	ZFP36L2	2
201369_s_at	678	ZFP36L2	2
201370_s_at	8452	CUL3	2
201371_s_at	8452	CUL3	2
201372_s_at	8452	CUL3	2
201373_at	5339	PLEC	8
201374_x_at	5516	PPP2CB	8
201375_s_at	5516	PPP2CB	8
201376_s_at	3185	HNRNPF	10
201377_at	9898	UBAP2L	1
201378_s_at	9898	UBAP2L	1
201379_s_at	7165	TPD52L2	20
201380_at	10491	CRTAP	3
201381_x_at	27101	CACYBP	1
201382_at	27101	CACYBP	1
201383_s_at	4077	NBR1	17
201384_s_at	4077	NBR1	17
201385_at	1665	DHX15	4
201386_s_at	1665	DHX15	4
201387_s_at	7345	UCHL1	4
201388_at	5709	PSMD3	17
201389_at	3678	ITGA5	12
201390_s_at	1460	CSNK2B	6
201391_at	10131	TRAP1	16
201392_s_at	3482	IGF2R	6
201393_s_at	3482	IGF2R	6
201394_s_at	10181	RBM5	3
201395_at	10181	RBM5	3
201396_s_at	6449	SGTA	19
201397_at	26227	PHGDH	1
201398_s_at	23471	TRAM1	8
201399_s_at	23471	TRAM1	8
201400_at	5691	PSMB3	17
201401_s_at	156	GRK2	11
201402_at	156	GRK2	11
201403_s_at	4259	MGST3	1
201404_x_at	5690	PSMB2	1
201405_s_at	10980	COPS6	7
201407_s_at	5500	PPP1CB	2
201408_at	5500	PPP1CB	2
201409_s_at	5500	PPP1CB	2
201410_at	55041	PLEKHB2	2
201411_s_at	55041	PLEKHB2	2
201412_at	26020	LRP10	14
201413_at	3295	HSD17B4	5
201414_s_at	4676	NAP1L4	11
201415_at	2937	GSS	20
201416_at	6659	SOX4	6
201417_at	6659	SOX4	6
201418_s_at	6659	SOX4	6
201419_at	8314	BAP1	3
201420_s_at	79084	WDR77	1
201421_s_at	79084	WDR77	1
201422_at	10437	IFI30	19
201423_s_at	8451	CUL4A	13
201424_s_at	8451	CUL4A	13
201425_at	217	ALDH2	12
201426_s_at	7431	VIM	10
201427_s_at	6414	SELENOP	5
201428_at	1364	CLDN4	7
201429_s_at	6168	RPL37A	2
201430_s_at	1809	DPYSL3	5
201431_s_at	1809	DPYSL3	5
201432_at	847	CAT	11
201433_s_at	9791	PTDSS1	8
201434_at	7265	TTC1	5
201435_s_at	1977	EIF4E	4
201436_at	1977	EIF4E	4
201437_s_at	1977	EIF4E	4
201438_at	1293	COL6A3	2
201439_at	8729	GBF1	10
201440_at	9416	DDX23	12
201441_at	1340	COX6B1	19
201442_s_at	10159	ATP6AP2	X
201443_s_at	10159	ATP6AP2	X
201444_s_at	10159	ATP6AP2	X
201445_at	1266	CNN3	1
201446_s_at	7072	TIA1	2
201447_at	7072	TIA1	2
201448_at	7072	TIA1	2
201449_at	7072	TIA1	2
201450_s_at	7072	TIA1	2
201451_x_at	6009	RHEB	7
201452_at	6009	RHEB	7
201453_x_at	6009	RHEB	7
201454_s_at	9520	NPEPPS	17
201455_s_at	9520	NPEPPS	17
201456_s_at	9184	BUB3	10
201457_x_at	9184	BUB3	10
201458_s_at	9184	BUB3	10
201459_at	10856	RUVBL2	19
201460_at	9261	MAPKAPK2	1
201461_s_at	9261	MAPKAPK2	1
201462_at	9805	SCRN1	7
201463_s_at	6888	TALDO1	11
201464_x_at	3725	JUN	1
201465_s_at	3725	JUN	1
201466_s_at	3725	JUN	1
201467_s_at	1728	NQO1	16
201468_s_at	1728	NQO1	16
201469_s_at	6464	SHC1	1
201470_at	9446	GSTO1	10
201471_s_at	8878	SQSTM1	5
201472_at	7411	VBP1	X
201473_at	3726	JUNB	19
201474_s_at	3675	ITGA3	17
201475_x_at	4141	MARS1	12
201476_s_at	6240	RRM1	11
201477_s_at	6240	RRM1	11
201478_s_at	1736	DKC1	X
201479_at	1736	DKC1	X
201480_s_at	6829	SUPT5H	19
201481_s_at	5834	PYGB	20
201482_at	5768	QSOX1	1
201483_s_at	6827	SUPT4H1	17
201484_at	6827	SUPT4H1	17
201485_s_at	5955	RCN2	15
201486_at	5955	RCN2	15
201487_at	1075	CTSC	11
201488_x_at	10657	KHDRBS1	1
201489_at	10105	PPIF	10
201490_s_at	10105	PPIF	10
201491_at	10598	AHSA1	14
201492_s_at	6171	RPL41	12
201493_s_at	23369	PUM2	2
201494_at	5547	PRCP	11
201495_x_at	4629	MYH11	16
201496_x_at	4629	MYH11	16
201497_x_at	4629	MYH11	16
201498_at	7874	USP7	16
201499_s_at	7874	USP7	16
201500_s_at	6992	PPP1R11	6
201501_s_at	2926	GRSF1	4
201502_s_at	4792	NFKBIA	14
201503_at	10146	G3BP1	5
201504_s_at	7247	TSN	2
201505_at	3912	LAMB1	7
201506_at	7045	TGFBI	5
201507_at	5201	PFDN1	5
201508_at	3487	IGFBP4	17
201509_at	3420	IDH3B	20
201510_at	1999	ELF3	1
201511_at	14	AAMP	2
201512_s_at	9868	TOMM70	3
201513_at	7247	TSN	2
201514_s_at	10146	G3BP1	5
201515_s_at	7247	TSN	2
201516_at	6723	SRM	1
201517_at	22916	NCBP2	3
201518_at	10951	CBX1	17
201519_at	9868	TOMM70	3
201520_s_at	2926	GRSF1	4
201521_s_at	22916	NCBP2	3
201523_x_at	7334	UBE2N	12
201524_x_at	7334	UBE2N	12
201525_at	347	APOD	3
201526_at	381	ARF5	7
201527_at	9296	ATP6V1F	7
201528_at	6117	RPA1	17
201529_s_at	6117	RPA1	17
201531_at	7538	ZFP36	19
201532_at	5684	PSMA3	14
201533_at	1499	CTNNB1	3
201534_s_at	5412	UBL3	13
201535_at	5412	UBL3	13
201536_at	1845	DUSP3	17
201537_s_at	1845	DUSP3	17
201538_s_at	1845	DUSP3	17
201539_s_at	2273	FHL1	X
201540_at	2273	FHL1	X
201541_s_at	10467	ZNHIT1	7
201542_at	56681	SAR1A	10
201543_s_at	56681	SAR1A	10
201546_at	9320	TRIP12	2
201547_at	10765	KDM5B	1
201548_s_at	10765	KDM5B	1
201549_x_at	10765	KDM5B	1
201550_x_at	71	ACTG1	17
201551_s_at	3916	LAMP1	13
201552_at	3916	LAMP1	13
201553_s_at	3916	LAMP1	13
201554_x_at	2992	GYG1	3
201555_at	4172	MCM3	6
201556_s_at	6844	VAMP2	17
201557_at	6844	VAMP2	17
201558_at	8480	RAE1	20
201559_s_at	25932	CLIC4	1
201560_at	25932	CLIC4	1
201561_s_at	22883	CLSTN1	1
201562_s_at	6652	SORD	15
201563_at	6652	SORD	15
201564_s_at	6624	FSCN1	7
201565_s_at	3398	ID2	2
201566_x_at	3398	ID2	2
201567_s_at	2803	GOLGA4	3
201568_at	27089	UQCRQ	5
201569_s_at	25813	SAMM50	22
201570_at	25813	SAMM50	22
201571_s_at	1635	DCTD	4
201572_x_at	1635	DCTD	4
201573_s_at	2107	ETF1	5
201574_at	2107	ETF1	5
201575_at	22938	SNW1	14
201576_s_at	2720	GLB1	3
201577_at	4830	NME1	17
201578_at	5420	PODXL	7
201579_at	2195	FAT1	4
201580_s_at	56255	TMX4	20
201581_at	56255	TMX4	20
201582_at	10483	SEC23B	20
201583_s_at	10483	SEC23B	20
201584_s_at	10212	DDX39A	19
201587_s_at	3654	IRAK1	X
201588_at	9352	TXNL1	18
201589_at	8243	SMC1A	X
201590_x_at	302	ANXA2	15
201591_s_at	11188	NISCH	3
201592_at	8667	EIF3H	8
201593_s_at	55854	ZC3H15	2
201594_s_at	9989	PPP4R1	18
201595_s_at	55854	ZC3H15	2
201596_x_at	3875	KRT18	12
201597_at	1347	COX7A2	6
201598_s_at	3636	INPPL1	11
201599_at	4942	OAT	10
201600_at	11331	PHB2	12
201602_s_at	4659	PPP1R12A	12
201603_at	4659	PPP1R12A	12
201604_s_at	4659	PPP1R12A	12
201605_x_at	1265	CNN2	19
201606_s_at	11137	PWP1	12
201607_at	11137	PWP1	12
201608_s_at	11137	PWP1	12
201609_x_at	23463	ICMT	1
201610_at	23463	ICMT	1
201611_s_at	23463	ICMT	1
201612_at	223	ALDH9A1	1
201613_s_at	8906	AP1G2	14
201614_s_at	8607	RUVBL1	3
201615_x_at	800	CALD1	7
201616_s_at	800	CALD1	7
201617_x_at	800	CALD1	7
201618_x_at	8733	GPAA1	8
201619_at	10935	PRDX3	10
201620_at	8720	MBTPS1	16
201621_at	4681	NBL1	1
201622_at	27044	SND1	7
201623_s_at	1615	DARS1	2
201624_at	1615	DARS1	2
201625_s_at	3638	INSIG1	7
201626_at	3638	INSIG1	7
201627_s_at	3638	INSIG1	7
201628_s_at	10670	RRAGA	9
201629_s_at	52	ACP1	2
201630_s_at	52	ACP1	2
201631_s_at	8870	IER3	6
201632_at	1967	EIF2B1	12
201633_s_at	80777	CYB5B	16
201634_s_at	80777	CYB5B	16
201635_s_at	8087	FXR1	3
201636_at	8087	FXR1	3
201637_s_at	8087	FXR1	3
201638_s_at	29894	CPSF1	8
201639_s_at	29894	CPSF1	8
201640_x_at	1209	CLPTM1	19
201641_at	684	BST2	19
201642_at	3460	IFNGR2	21
201643_x_at	51780	KDM3B	5
201644_at	7264	GFUS	8
201645_at	3371	TNC	9
201646_at	950	SCARB2	4
201647_s_at	950	SCARB2	4
201648_at	3716	JAK1	1
201649_at	9246	UBE2L6	11
201650_at	3880	KRT19	17
201651_s_at	11252	PACSIN2	22
201652_at	10987	COPS5	8
201653_at	10175	CNIH1	14
201654_s_at	3339	HSPG2	1
201655_s_at	3339	HSPG2	1
201656_at	3655	ITGA6	2
201657_at	400	ARL1	12
201658_at	400	ARL1	12
201659_s_at	400	ARL1	12
201660_at	2181	ACSL3	2
201661_s_at	2181	ACSL3	2
201662_s_at	2181	ACSL3	2
201663_s_at	10051	SMC4	3
201664_at	10051	SMC4	3
201665_x_at	6218	RPS17	15
201666_at	7076	TIMP1	X
201667_at	2697	GJA1	6
201668_x_at	4082	MARCKS	6
201669_s_at	4082	MARCKS	6
201670_s_at	4082	MARCKS	6
201671_x_at	9097	USP14	18
201672_s_at	9097	USP14	18
201673_s_at	2997	GYS1	19
201674_s_at	8165	AKAP1	17
201675_at	8165	AKAP1	17
201676_x_at	5682	PSMA1	11
201677_at	56941	HMCES	3
201678_s_at	56941	HMCES	3
201679_at	51593	SRRT	7
201680_x_at	51593	SRRT	7
201681_s_at	9231	DLG5	10
201682_at	9512	PMPCB	7
201683_x_at	9878	TOX4	14
201684_s_at	9878	TOX4	14
201685_s_at	9878	TOX4	14
201686_x_at	8539	API5	11
201687_s_at	8539	API5	11
201688_s_at	7163	TPD52	8
201689_s_at	7163	TPD52	8
201690_s_at	7163	TPD52	8
201691_s_at	7163	TPD52	8
201692_at	10280	SIGMAR1	9
201693_s_at	1958	EGR1	5
201694_s_at	1958	EGR1	5
201695_s_at	4860	PNP	14
201696_at	6429	SRSF4	1
201697_s_at	1786	DNMT1	19
201698_s_at	8683	SRSF9	12
201699_at	5706	PSMC6	14
201700_at	896	CCND3	6
201701_s_at	10424	PGRMC2	4
201702_s_at	5514	PPP1R10	6
201703_s_at	5514	PPP1R10	6
201704_at	955	ENTPD6	20
201705_at	5713	PSMD7	16
201706_s_at	5824	PEX19	1
201707_at	5824	PEX19	1
201708_s_at	8508	NIPSNAP1	22
201709_s_at	8508	NIPSNAP1	22
201710_at	4605	MYBL2	20
201711_x_at	5903	RANBP2	2
201712_s_at	5903	RANBP2	2
201713_s_at	5903	RANBP2	2
201714_at	7283	TUBG1	17
201715_s_at	22985	ACIN1	14
201716_at	6642	SNX1	15
201717_at	740	MRPL49	11
201718_s_at	2037	EPB41L2	6
201719_s_at	2037	EPB41L2	6
201720_s_at	7805	LAPTM5	1
201721_s_at	7805	LAPTM5	1
201722_s_at	2589	GALNT1	18
201723_s_at	2589	GALNT1	18
201724_s_at	2589	GALNT1	18
201725_at	8872	CDC123	10
201726_at	1994	ELAVL1	19
201727_s_at	1994	ELAVL1	19
201728_s_at	9703	BLTP2	17
201729_s_at	9703	BLTP2	17
201730_s_at	7175	TPR	1
201731_s_at	7175	TPR	1
201732_s_at	1182	CLCN3	4
201733_at	1182	CLCN3	4
201734_at	1182	CLCN3	4
201735_s_at	1182	CLCN3	4
201736_s_at	10299	MARCHF6	5
201737_s_at	10299	MARCHF6	5
201738_at	10289	EIF1B	3
201739_at	6446	SGK1	6
201740_at	4722	NDUFS3	11
201741_x_at	6426	SRSF1	17
201742_x_at	6426	SRSF1	17
201743_at	929	CD14	5
201744_s_at	4060	LUM	12
201745_at	5756	TWF1	12
201746_at	7157	TP53	17
201747_s_at	6294	SAFB	19
201748_s_at	6294	SAFB	19
201749_at	1889	ECE1	1
201750_s_at	1889	ECE1	1
201751_at	9929	JOSD1	22
201752_s_at	120	ADD3	10
201753_s_at	120	ADD3	10
201754_at	1345	COX6C	8
201755_at	4174	MCM5	22
201756_at	6118	RPA2	1
201757_at	4725	NDUFS5	1
201758_at	7251	TSG101	11
201759_at	6904	TBCD	17
201760_s_at	55884	WSB2	12
201761_at	10797	MTHFD2	2
201762_s_at	5721	PSME2	14
201763_s_at	1616	DAXX	6
201764_at	79022	TMEM106C	12
201765_s_at	3073	HEXA	15
201766_at	60528	ELAC2	17
201767_s_at	60528	ELAC2	17
201768_s_at	9685	CLINT1	5
201769_at	9685	CLINT1	5
201770_at	6626	SNRPA	19
201771_at	10067	SCAMP3	1
201772_at	51582	AZIN1	8
201773_at	23394	ADNP	20
201774_s_at	9918	NCAPD2	12
201775_s_at	9813	EFCAB14	1
201776_s_at	9813	EFCAB14	1
201777_s_at	9813	EFCAB14	1
201778_s_at	9813	EFCAB14	1
201779_s_at	11342	RNF13	3
201780_s_at	11342	RNF13	3
201781_s_at	9049	AIP	11
201782_s_at	9049	AIP	11
201783_s_at	5970	RELA	11
201784_s_at	10944	C11orf58	11
201785_at	6035	RNASE1	14
201786_s_at	103	ADAR	1
201787_at	2192	FBLN1	22
201788_at	11325	DDX42	17
201790_s_at	1717	DHCR7	11
201791_s_at	1717	DHCR7	11
201792_at	165	AEBP1	7
201793_x_at	9887	SMG7	1
201794_s_at	9887	SMG7	1
201795_at	3930	LBR	1
201796_s_at	7407	VARS1	6
201797_s_at	7407	VARS1	6
201798_s_at	26509	MYOF	10
201799_s_at	5007	OSBP	11
201800_s_at	5007	OSBP	11
201801_s_at	2030	SLC29A1	6
201802_at	2030	SLC29A1	6
201803_at	5431	POLR2B	4
201804_x_at	1155	TBCB	19
201805_at	5571	PRKAG1	12
201806_s_at	11273	ATXN2L	16
201807_at	9559	VPS26A	10
201808_s_at	2022	ENG	9
201809_s_at	2022	ENG	9
201810_s_at	9467	SH3BP5	3
201811_x_at	9467	SH3BP5	3
201813_s_at	9779	TBC1D5	3
201814_at	9779	TBC1D5	3
201815_s_at	9779	TBC1D5	3
201816_s_at	2631	NIPSNAP2	7
201817_at	9690	UBE3C	7
201818_at	79888	LPCAT1	5
201819_at	949	SCARB1	12
201820_at	3852	KRT5	12
201821_s_at	10440	TIMM17A	1
201822_at	10440	TIMM17A	1
201823_s_at	9604	RNF14	5
201824_at	9604	RNF14	5
201825_s_at	51097	SCCPDH	1
201826_s_at	51097	SCCPDH	1
201827_at	6603	SMARCD2	17
201828_x_at	8933	RTL8C	X
201829_at	10276	NET1	10
201830_s_at	10276	NET1	10
201831_s_at	8615	USO1	4
201832_s_at	8615	USO1	4
201833_at	3066	HDAC2	6
201834_at	5564	PRKAB1	12
201835_s_at	5564	PRKAB1	12
201836_s_at	9913	SUPT7L	2
201837_s_at	9913	SUPT7L	2
201838_s_at	9913	SUPT7L	2
201839_s_at	4072	EPCAM	2
201840_at	4738	NEDD8	14
201841_s_at	3315	HSPB1	7
201842_s_at	2202	EFEMP1	2
201843_s_at	2202	EFEMP1	2
201844_s_at	23429	RYBP	3
201845_s_at	23429	RYBP	3
201846_s_at	23429	RYBP	3
201847_at	3988	LIPA	10
201848_s_at	664	BNIP3	10
201849_at	664	BNIP3	10
201850_at	822	CAPG	2
201851_at	6455	SH3GL1	19
201852_x_at	1281	COL3A1	2
201853_s_at	994	CDC25B	20
201854_s_at	23300	ATMIN	16
201855_s_at	23300	ATMIN	16
201856_s_at	51663	ZFR	5
201857_at	51663	ZFR	5
201858_s_at	5552	SRGN	10
201859_at	5552	SRGN	10
201860_s_at	5327	PLAT	8
201861_s_at	9208	LRRFIP1	2
201862_s_at	9208	LRRFIP1	2
201863_at	26017	FAM32A	19
201864_at	2664	GDI1	X
201865_x_at	2908	NR3C1	5
201866_s_at	2908	NR3C1	5
201867_s_at	6907	TBL1X	X
201868_s_at	6907	TBL1X	X
201869_s_at	6907	TBL1X	X
201870_at	10953	TOMM34	20
201871_s_at	51035	UBXN1	11
201872_s_at	6059	ABCE1	4
201873_s_at	6059	ABCE1	4
201874_at	9019	MPZL1	1
201875_s_at	9019	MPZL1	1
201876_at	5445	PON2	7
201877_s_at	5527	PPP2R5C	14
201878_at	25820	ARIH1	15
201879_at	25820	ARIH1	15
201880_at	25820	ARIH1	15
201881_s_at	25820	ARIH1	15
201882_x_at	2683	B4GALT1	9
201883_s_at	2683	B4GALT1	9
201884_at	1048	CEACAM5	19
201885_s_at	1727	CYB5R3	22
201886_at	80344	DCAF11	14
201887_at	3597	IL13RA1	X
201888_s_at	3597	IL13RA1	X
201889_at	10447	FAM3C	7
201890_at	6241	RRM2	2
201891_s_at	567	B2M	15
201892_s_at	3615	IMPDH2	3
201893_x_at	1634	DCN	12
201895_at	369	ARAF	X
201896_s_at	84722	PSRC1	1
201897_s_at	1163	CKS1B	1
201898_s_at	7319	UBE2A	X
201899_s_at	7319	UBE2A	X
201900_s_at	10327	AKR1A1	1
201901_s_at	7528	YY1	14
201902_s_at	7528	YY1	14
201903_at	7384	UQCRC1	3
201904_s_at	10217	CTDSPL	3
201905_s_at	10217	CTDSPL	3
201906_s_at	10217	CTDSPL	3
201907_x_at	1857	DVL3	3
201908_at	1857	DVL3	3
201909_at	6192	RPS4Y1	Y
201910_at	10160	FARP1	13
201911_s_at	10160	FARP1	13
201912_s_at	2935	GSPT1	16
201913_s_at	80347	COASY	17
201914_s_at	11231	SEC63	6
201915_at	11231	SEC63	6
201916_s_at	11231	SEC63	6
201917_s_at	55186	SLC25A36	3
201918_at	55186	SLC25A36	3
201919_at	55186	SLC25A36	3
201920_at	6574	SLC20A1	2
201922_at	10412	NSA2	5
201923_at	10549	PRDX4	X
201924_at	4299	AFF1	4
201925_s_at	1604	CD55	1
201926_s_at	1604	CD55	1
201927_s_at	8502	PKP4	2
201928_at	8502	PKP4	2
201929_s_at	8502	PKP4	2
201930_at	4175	MCM6	2
201931_at	2108	ETFA	15
201932_at	10489	LRRC41	1
201933_at	5119	CHMP1A	16
201934_at	80335	WDR82	3
201935_s_at	8672	EIF4G3	1
201936_s_at	8672	EIF4G3	1
201937_s_at	23549	DNPEP	2
201938_at	8099	CDK2AP1	12
201939_at	10769	PLK2	5
201940_at	1362	CPD	17
201941_at	1362	CPD	17
201942_s_at	1362	CPD	17
201943_s_at	1362	CPD	17
201944_at	3074	HEXB	5
201945_at	5045	FURIN	15
201946_s_at	10576	CCT2	12
201947_s_at	10576	CCT2	12
201948_at	29889	GNL2	1
201949_x_at	832	CAPZB	1
201950_x_at	832	CAPZB	1
201951_at	214	ALCAM	3
201952_at	214	ALCAM	3
201953_at	10519	CIB1	15
201954_at	10095	ARPC1B	7
201955_at	892	CCNC	6
201956_s_at	8443	GNPAT	1
201957_at	4660	PPP1R12B	1
201958_s_at	4660	PPP1R12B	1
201959_s_at	23077	MYCBP2	13
201960_s_at	23077	MYCBP2	13
201961_s_at	10193	RNF41	12
201962_s_at	10193	RNF41	12
201963_at	2180	ACSL1	4
201964_at	23064	SETX	9
201965_s_at	23064	SETX	9
201966_at	4720	NDUFS2	1
201967_at	10180	RBM6	3
201968_s_at	5236	PGM1	1
201969_at	4678	NASP	1
201970_s_at	4678	NASP	1
201971_s_at	523	ATP6V1A	3
201972_at	523	ATP6V1A	3
201974_s_at	51622	CCZ1	7
201975_at	6249	CLIP1	12
201976_s_at	4651	MYO10	5
201977_s_at	9812	DELE1	5
201978_s_at	9812	DELE1	5
201979_s_at	5536	PPP5C	19
201980_s_at	6251	RSU1	10
201981_at	5069	PAPPA	9
201982_s_at	5069	PAPPA	9
201983_s_at	1956	EGFR	7
201984_s_at	1956	EGFR	7
201985_at	9897	WASHC5	8
201986_at	9969	MED13	17
201987_at	9969	MED13	17
201988_s_at	1389	CREBL2	12
201989_s_at	1389	CREBL2	12
201990_s_at	1389	CREBL2	12
201991_s_at	3799	KIF5B	10
201992_s_at	3799	KIF5B	10
201993_x_at	9987	HNRNPDL	4
201994_at	9643	MORF4L2	X
201995_at	2131	EXT1	8
201996_s_at	23013	SPEN	1
201997_s_at	23013	SPEN	1
201998_at	6480	ST6GAL1	3
201999_s_at	6993	DYNLT1	6
202000_at	4700	NDUFA6	22
202001_s_at	4700	NDUFA6	22
202002_at	10449	ACAA2	18
202003_s_at	10449	ACAA2	18
202004_x_at	6391	SDHC	1
202005_at	6768	ST14	11
202006_at	5782	PTPN12	7
202007_at	4811	NID1	1
202008_s_at	4811	NID1	1
202009_at	11344	TWF2	3
202010_s_at	57862	ZNF410	14
202011_at	7082	TJP1	15
202012_s_at	2132	EXT2	11
202013_s_at	2132	EXT2	11
202014_at	23645	PPP1R15A	19
202015_x_at	10988	METAP2	12
202016_at	4232	MEST	7
202017_at	2052	EPHX1	1
202018_s_at	4057	LTF	3
202019_s_at	10314	LANCL1	2
202020_s_at	10314	LANCL1	2
202021_x_at	10209	EIF1	17
202022_at	230	ALDOC	17
202023_at	1942	EFNA1	1
202024_at	439	GET3	19
202025_x_at	30	ACAA1	3
202026_at	6392	SDHD	11
202027_at	25829	TMEM184B	22
202028_s_at	6169	RPL38	17
202029_x_at	6169	RPL38	17
202030_at	10295	BCKDK	16
202031_s_at	26100	WIPI2	7
202032_s_at	4122	MAN2A2	15
202033_s_at	9821	RB1CC1	8
202034_x_at	9821	RB1CC1	8
202035_s_at	6422	SFRP1	8
202036_s_at	6422	SFRP1	8
202037_s_at	6422	SFRP1	8
202038_at	9354	UBE4A	11
202039_at	399687	MYO18A	17
202040_s_at	5927	KDM5A	12
202041_s_at	9158	FIBP	11
202042_at	3035	HARS1	5
202043_s_at	6611	SMS	X
202044_at	2909	ARHGAP35	19
202045_s_at	2909	ARHGAP35	19
202046_s_at	2909	ARHGAP35	19
202047_s_at	23466	CBX6	22
202048_s_at	23466	CBX6	22
202049_s_at	9202	ZMYM4	1
202050_s_at	9202	ZMYM4	1
202051_s_at	9202	ZMYM4	1
202052_s_at	26064	RAI14	5
202053_s_at	224	ALDH3A2	17
202054_s_at	224	ALDH3A2	17
202055_at	3836	KPNA1	3
202056_at	3836	KPNA1	3
202057_at	3836	KPNA1	3
202058_s_at	3836	KPNA1	3
202059_s_at	3836	KPNA1	3
202060_at	9646	CTR9	11
202061_s_at	6400	SEL1L	14
202062_s_at	6400	SEL1L	14
202063_s_at	6400	SEL1L	14
202064_s_at	6400	SEL1L	14
202065_s_at	8500	PPFIA1	11
202066_at	8500	PPFIA1	11
202067_s_at	3949	LDLR	19
202068_s_at	3949	LDLR	19
202069_s_at	3419	IDH3A	15
202070_s_at	3419	IDH3A	15
202071_at	6385	SDC4	20
202072_at	3191	HNRNPL	19
202073_at	10133	OPTN	10
202074_s_at	10133	OPTN	10
202075_s_at	5360	PLTP	20
202076_at	329	BIRC2	11
202077_at	4706	NDUFAB1	16
202078_at	8533	COPS3	17
202079_s_at	22906	TRAK1	3
202080_s_at	22906	TRAK1	3
202081_at	9592	IER2	19
202082_s_at	6397	SEC14L1	17
202083_s_at	6397	SEC14L1	17
202084_s_at	6397	SEC14L1	17
202085_at	9414	TJP2	9
202086_at	4599	MX1	21
202087_s_at	1514	CTSL	9
202088_at	25800	SLC39A6	18
202089_s_at	25800	SLC39A6	18
202090_s_at	10975	UQCR11	19
202092_s_at	23568	ARL2BP	16
202093_s_at	54623	PAF1	19
202094_at	332	BIRC5	17
202095_s_at	332	BIRC5	17
202096_s_at	706	TSPO	22
202097_at	9972	NUP153	6
202098_s_at	3275	PRMT2	21
202099_s_at	9993	DGCR2	22
202100_at	5899	RALB	2
202101_s_at	5899	RALB	2
202102_s_at	23476	BRD4	19
202103_at	23476	BRD4	19
202104_s_at	6687	SPG7	16
202105_at	3476	IGBP1	X
202106_at	2802	GOLGA3	12
202107_s_at	4171	MCM2	3
202108_at	5184	PEPD	19
202109_at	23647	ARFIP2	11
202110_at	1349	COX7B	X
202111_at	6522	SLC4A2	7
202112_at	7450	VWF	12
202113_s_at	6643	SNX2	5
202114_at	6643	SNX2	5
202115_s_at	26155	NOC2L	1
202116_at	5977	DPF2	11
202117_at	392	ARHGAP1	11
202118_s_at	8895	CPNE3	8
202119_s_at	8895	CPNE3	8
202120_x_at	1175	AP2S1	19
202121_s_at	27243	CHMP2A	19
202122_s_at	10226	PLIN3	19
202123_s_at	25	ABL1	9
202124_s_at	66008	TRAK2	2
202125_s_at	66008	TRAK2	2
202126_at	8899	PRPF4B	6
202127_at	8899	PRPF4B	6
202128_at	9870	AREL1	14
202129_s_at	8780	RIOK3	18
202130_at	8780	RIOK3	18
202131_s_at	8780	RIOK3	18
202132_at	25937	WWTR1	3
202133_at	25937	WWTR1	3
202134_s_at	25937	WWTR1	3
202135_s_at	10120	ACTR1B	2
202136_at	10771	ZMYND11	10
202137_s_at	10771	ZMYND11	10
202138_x_at	7965	AIMP2	7
202139_at	8574	AKR7A2	1
202140_s_at	1198	CLK3	15
202141_s_at	10920	COPS8	2
202142_at	10920	COPS8	2
202143_s_at	10920	COPS8	2
202144_s_at	158	ADSL	22
202145_at	4061	LY6E	8
202146_at	3475	IFRD1	7
202147_s_at	3475	IFRD1	7
202148_s_at	5831	PYCR1	17
202149_at	4739	NEDD9	6
202150_s_at	4739	NEDD9	6
202151_s_at	10422	UBAC1	9
202152_x_at	7392	USF2	19
202153_s_at	23636	NUP62	19
202154_x_at	10381	TUBB3	16
202155_s_at	8021	NUP214	9
202156_s_at	10659	CELF2	10
202157_s_at	10659	CELF2	10
202158_s_at	10659	CELF2	10
202159_at	2193	FARSA	19
202160_at	1387	CREBBP	16
202161_at	5585	PKN1	19
202162_s_at	9337	CNOT8	5
202163_s_at	9337	CNOT8	5
202164_s_at	9337	CNOT8	5
202165_at	5504	PPP1R2	3
202166_s_at	5504	PPP1R2	3
202167_s_at	64210	MMS19	10
202169_s_at	60496	AASDHPPT	11
202170_s_at	60496	AASDHPPT	11
202171_at	7716	VEZF1	17
202172_at	7716	VEZF1	17
202173_s_at	7716	VEZF1	17
202174_s_at	5108	PCM1	8
202175_at	79586	CHPF	2
202176_at	2071	ERCC3	2
202177_at	2621	GAS6	13
202178_at	5590	PRKCZ	1
202179_at	642	BLMH	17
202180_s_at	9961	MVP	16
202181_at	9766	SUSD6	14
202182_at	2648	KAT2A	17
202183_s_at	3835	KIF22	16
202184_s_at	55746	NUP133	1
202185_at	8985	PLOD3	7
202186_x_at	5525	PPP2R5A	1
202187_s_at	5525	PPP2R5A	1
202188_at	9688	NUP93	16
202189_x_at	5725	PTBP1	19
202190_at	1477	CSTF1	20
202191_s_at	8522	GAS7	17
202192_s_at	8522	GAS7	17
202193_at	3985	LIMK2	22
202194_at	50999	TMED5	1
202195_s_at	50999	TMED5	1
202196_s_at	27122	DKK3	11
202197_at	8897	MTMR3	22
202198_s_at	8897	MTMR3	22
202199_s_at	6732	SRPK1	6
202200_s_at	6732	SRPK1	6
202201_at	645	BLVRB	19
202202_s_at	3910	LAMA4	6
202203_s_at	267	AMFR	16
202204_s_at	267	AMFR	16
202205_at	7408	VASP	19
202206_at	10123	ARL4C	2
202207_at	10123	ARL4C	2
202208_s_at	10123	ARL4C	2
202209_at	27258	LSM3	3
202210_x_at	2931	GSK3A	19
202211_at	26286	ARFGAP3	22
202212_at	23481	PES1	22
202213_s_at	8450	CUL4B	X
202214_s_at	8450	CUL4B	X
202215_s_at	4802	NFYC	1
202216_x_at	4802	NFYC	1
202218_s_at	9415	FADS2	11
202219_at	6535	SLC6A8	X
202220_at	22889	KHDC4	1
202221_s_at	2033	EP300	22
202222_s_at	1674	DES	2
202223_at	3703	STT3A	11
202224_at	1398	CRK	17
202225_at	1398	CRK	17
202226_s_at	1398	CRK	17
202227_s_at	10902	BRD8	5
202228_s_at	27020	NPTN	15
202229_s_at	10523	CHERP	19
202230_s_at	10523	CHERP	19
202231_at	10480	EIF3M	11
202232_s_at	10480	EIF3M	11
202233_s_at	7388	UQCRH	1
202234_s_at	6566	SLC16A1	1
202235_at	6566	SLC16A1	1
202236_s_at	6566	SLC16A1	1
202237_at	4837	NNMT	11
202238_s_at	4837	NNMT	11
202239_at	143	PARP4	13
202240_at	5347	PLK1	16
202241_at	10221	TRIB1	8
202242_at	7102	TSPAN7	X
202243_s_at	5692	PSMB4	1
202244_at	5692	PSMB4	1
202245_at	4047	LSS	21
202246_s_at	1019	CDK4	12
202247_s_at	9112	MTA1	14
202248_at	1874	E2F4	16
202249_s_at	50717	DCAF8	1
202250_s_at	50717	DCAF8	1
202251_at	9129	PRPF3	1
202252_at	5872	RAB13	1
202253_s_at	1785	DNM2	19
202254_at	26037	SIPA1L1	14
202255_s_at	26037	SIPA1L1	14
202256_at	10421	CD2BP2	16
202257_s_at	10421	CD2BP2	16
202258_s_at	10443	N4BP2L2	13
202259_s_at	10443	N4BP2L2	13
202260_s_at	6812	STXBP1	9
202261_at	6944	VPS72	1
202262_x_at	23564	DDAH2	6
202263_at	51706	CYB5R1	1
202264_s_at	10452	TOMM40	19
202265_at	648	BMI1	10
202266_at	51567	TDP2	6
202267_at	3918	LAMC2	1
202268_s_at	8883	NAE1	16
202269_x_at	2633	GBP1	1
202270_at	2633	GBP1	1
202271_at	23219	FBXO28	1
202272_s_at	23219	FBXO28	1
202273_at	5159	PDGFRB	5
202274_at	72	ACTG2	2
202275_at	2539	G6PD	X
202276_at	7979	SEM1	7
202277_at	10558	SPTLC1	9
202278_s_at	10558	SPTLC1	9
202279_at	9556	ATP5MJ	14
202280_at	2580	GAK	4
202281_at	2580	GAK	4
202282_at	3028	HSD17B10	X
202283_at	5176	SERPINF1	17
202284_s_at	1026	CDKN1A	6
202285_s_at	4070	TACSTD2	1
202286_s_at	4070	TACSTD2	1
202287_s_at	4070	TACSTD2	1
202288_at	2475	MTOR	1
202289_s_at	10579	TACC2	10
202290_at	11333	PDAP1	7
202291_s_at	4256	MGP	12
202292_x_at	11313	LYPLA2	1
202293_at	10274	STAG1	3
202294_at	10274	STAG1	3
202295_s_at	1512	CTSH	15
202296_s_at	11079	RER1	1
202297_s_at	11079	RER1	1
202298_at	4694	NDUFA1	X
202299_s_at	10542	LAMTOR5	1
202300_at	10542	LAMTOR5	1
202301_s_at	65117	RSRC2	12
202302_s_at	65117	RSRC2	12
202303_x_at	8467	SMARCA5	4
202304_at	22862	FNDC3A	13
202305_s_at	9637	FEZ2	2
202306_at	5436	POLR2G	11
202307_s_at	6890	TAP1	6
202308_at	6720	SREBF1	17
202309_at	4522	MTHFD1	14
202310_s_at	1277	COL1A1	17
202311_s_at	1277	COL1A1	17
202312_s_at	1277	COL1A1	17
202313_at	5520	PPP2R2A	8
202315_s_at	613	BCR	22
202316_x_at	10277	UBE4B	1
202317_s_at	10277	UBE4B	1
202318_s_at	26054	SENP6	6
202319_at	26054	SENP6	6
202320_at	2975	GTF3C1	16
202321_at	9453	GGPS1	1
202322_s_at	9453	GGPS1	1
202323_s_at	64746	ACBD3	1
202324_s_at	64746	ACBD3	1
202325_s_at	522	ATP5PF	21
202326_at	10919	EHMT2	6
202327_s_at	5310	PKD1	16
202328_s_at	5310	PKD1	16
202329_at	1445	CSK	15
202330_s_at	7374	UNG	12
202331_at	593	BCKDHA	19
202333_s_at	7320	UBE2B	5
202334_s_at	7320	UBE2B	5
202335_s_at	7320	UBE2B	5
202336_s_at	5066	PAM	5
202337_at	11243	PMF1	1
202338_at	7083	TK1	17
202339_at	8189	SYMPK	19
202340_x_at	3164	NR4A1	12
202341_s_at	23321	TRIM2	4
202342_s_at	23321	TRIM2	4
202343_x_at	1329	COX5B	2
202344_at	3297	HSF1	8
202345_s_at	2171	FABP5	8
202346_at	3093	UBE2K	4
202347_s_at	3093	UBE2K	4
202348_s_at	1861	TOR1A	9
202349_at	1861	TOR1A	9
202350_s_at	4147	MATN2	8
202351_at	3685	ITGAV	2
202352_s_at	5718	PSMD12	17
202353_s_at	5718	PSMD12	17
202354_s_at	2962	GTF2F1	19
202355_s_at	2962	GTF2F1	19
202356_s_at	2962	GTF2F1	19
202357_s_at	629	CFB	6
202358_s_at	399979	SNX19	11
202359_s_at	399979	SNX19	11
202360_at	9794	MAML1	5
202361_at	9632	SEC24C	10
202362_at	5906	RAP1A	1
202363_at	6695	SPOCK1	5
202364_at	4601	MXI1	10
202365_at	84747	UNC119B	12
202366_at	35	ACADS	12
202367_at	1523	CUX1	7
202368_s_at	9697	TRAM2	6
202369_s_at	9697	TRAM2	6
202370_s_at	865	CBFB	16
202371_at	79921	TCEAL4	X
202372_at	25782	RAB3GAP2	1
202373_s_at	25782	RAB3GAP2	1
202374_s_at	25782	RAB3GAP2	1
202375_at	9871	SEC24D	4
202376_at	12	SERPINA3	14
202377_at	54741	LEPROT	1
202378_s_at	54741	LEPROT	1
202379_s_at	4820	NKTR	3
202380_s_at	4820	NKTR	3
202381_at	8754	ADAM9	8
202382_s_at	10007	GNPDA1	5
202383_at	8242	KDM5C	X
202384_s_at	6949	TCOF1	5
202385_s_at	6949	TCOF1	5
202386_s_at	9665	MARF1	16
202387_at	573	BAG1	9
202388_at	5997	RGS2	1
202389_s_at	3064	HTT	4
202391_at	10409	BASP1	5
202392_s_at	23761	PISD	22
202393_s_at	7071	KLF10	8
202394_s_at	55324	ABCF3	3
202395_at	4905	NSF	17
202396_at	10915	TCERG1	5
202397_at	10204	NUTF2	16
202400_s_at	6722	SRF	6
202401_s_at	6722	SRF	6
202402_s_at	833	CARS1	11
202403_s_at	1278	COL1A2	7
202404_s_at	1278	COL1A2	7
202405_at	7073	TIAL1	10
202406_s_at	7073	TIAL1	10
202407_s_at	26121	PRPF31	19
202408_s_at	26121	PRPF31	19
202411_at	3429	IFI27	14
202412_s_at	7398	USP1	1
202413_s_at	7398	USP1	1
202414_at	2073	ERCC5	13
202415_s_at	23640	HSPBP1	19
202416_at	7266	DNAJC7	17
202417_at	9817	KEAP1	19
202418_at	10897	YIF1A	11
202419_at	2531	KDSR	18
202420_s_at	1660	DHX9	1
202421_at	3321	IGSF3	1
202422_s_at	2182	ACSL4	X
202423_at	7994	KAT6A	8
202424_at	5605	MAP2K2	19
202425_x_at	5530	PPP3CA	4
202426_s_at	6256	RXRA	9
202427_s_at	25874	MPC2	1
202428_x_at	1622	DBI	2
202429_s_at	5530	PPP3CA	4
202430_s_at	5359	PLSCR1	3
202431_s_at	4609	MYC	8
202432_at	5532	PPP3CB	10
202433_at	10237	SLC35B1	17
202434_s_at	1545	CYP1B1	2
202435_s_at	1545	CYP1B1	2
202436_s_at	1545	CYP1B1	2
202437_s_at	1545	CYP1B1	2
202438_x_at	3423	IDS	X
202439_s_at	3423	IDS	X
202440_s_at	6764	DENND2B	11
202441_at	10613	ERLIN1	10
202442_at	1176	AP3S1	5
202443_x_at	4853	NOTCH2	1
202444_s_at	10613	ERLIN1	10
202445_s_at	4853	NOTCH2	1
202446_s_at	5359	PLSCR1	3
202447_at	1666	DECR1	8
202448_s_at	10444	ZER1	9
202449_s_at	6256	RXRA	9
202450_s_at	1513	CTSK	1
202451_at	2965	GTF2H1	11
202452_at	10444	ZER1	9
202453_s_at	2965	GTF2H1	11
202454_s_at	2065	ERBB3	12
202455_at	10014	HDAC5	17
202456_s_at	10444	ZER1	9
202457_s_at	5530	PPP3CA	4
202458_at	11098	PRSS23	11
202459_s_at	9663	LPIN2	18
202460_s_at	9663	LPIN2	18
202461_at	8892	EIF2B2	14
202462_s_at	9879	DDX46	5
202463_s_at	53615	MBD3	19
202464_s_at	5209	PFKFB3	10
202465_at	5118	PCOLCE	7
202466_at	11044	TENT4A	5
202467_s_at	9318	COPS2	15
202468_s_at	8727	CTNNAL1	9
202469_s_at	11052	CPSF6	12
202470_s_at	11052	CPSF6	12
202471_s_at	3421	IDH3G	X
202472_at	4351	MPI	15
202473_x_at	3054	HCFC1	X
202474_s_at	3054	HCFC1	X
202475_at	10430	TMEM147	19
202476_s_at	10844	TUBGCP2	10
202477_s_at	10844	TUBGCP2	10
202478_at	28951	TRIB2	2
202479_s_at	28951	TRIB2	2
202480_s_at	9191	DEDD	1
202481_at	9249	DHRS3	1
202482_x_at	5902	RANBP1	22
202483_s_at	5902	RANBP1	22
202484_s_at	8932	MBD2	18
202485_s_at	8932	MBD2	18
202486_at	10939	AFG3L2	18
202487_s_at	94239	H2AZ2	7
202488_s_at	5349	FXYD3	19
202489_s_at	5349	FXYD3	19
202490_at	8518	ELP1	9
202491_s_at	8518	ELP1	9
202492_at	79065	ATG9A	2
202494_at	10450	PPIE	1
202495_at	6903	TBCC	6
202496_at	23644	EDC4	16
202497_x_at	6515	SLC2A3	12
202498_s_at	6515	SLC2A3	12
202499_s_at	6515	SLC2A3	12
202500_at	3300	DNAJB2	2
202501_at	10982	MAPRE2	18
202502_at	34	ACADM	1
202503_s_at	9768	PCLAF	15
202504_at	23650	TRIM29	11
202505_at	6629	SNRPB2	20
202506_at	6744	ITPRID2	2
202507_s_at	6616	SNAP25	20
202508_s_at	6616	SNAP25	20
202509_s_at	7127	TNFAIP2	14
202510_s_at	7127	TNFAIP2	14
202511_s_at	9474	ATG5	6
202512_s_at	9474	ATG5	6
202513_s_at	5528	PPP2R5D	6
202514_at	1739	DLG1	3
202515_at	1739	DLG1	3
202516_s_at	1739	DLG1	3
202517_at	1400	CRMP1	4
202518_at	9275	BCL7B	7
202519_at	22877	MLXIP	12
202520_s_at	4292	MLH1	3
202521_at	10664	CTCF	16
202522_at	23760	PITPNB	22
202523_s_at	9806	SPOCK2	10
202524_s_at	9806	SPOCK2	10
202525_at	5652	PRSS8	16
202526_at	4089	SMAD4	18
202527_s_at	4089	SMAD4	18
202528_at	2582	GALE	1
202529_at	5635	PRPSAP1	17
202530_at	1432	MAPK14	6
202531_at	3659	IRF1	5
202532_s_at	1719	DHFR	5
202533_s_at	1719	DHFR	5
202534_x_at	1719	DHFR	5
202535_at	8772	FADD	11
202536_at	25978	CHMP2B	3
202537_s_at	25978	CHMP2B	3
202538_s_at	25978	CHMP2B	3
202539_s_at	3156	HMGCR	5
202540_s_at	3156	HMGCR	5
202541_at	9255	AIMP1	4
202542_s_at	9255	AIMP1	4
202543_s_at	2764	GMFB	14
202544_at	2764	GMFB	14
202545_at	5580	PRKCD	3
202546_at	8673	VAMP8	2
202547_s_at	8874	ARHGEF7	13
202548_s_at	8874	ARHGEF7	13
202549_at	9217	VAPB	20
202550_s_at	9217	VAPB	20
202551_s_at	51232	CRIM1	2
202552_s_at	51232	CRIM1	2
202553_s_at	25949	SYF2	1
202554_s_at	2947	GSTM3	1
202555_s_at	4638	MYLK	3
202556_s_at	10445	MCRS1	12
202557_at	6782	HSPA13	21
202558_s_at	6782	HSPA13	21
202559_x_at	26097	CHTOP	1
202560_s_at	26097	CHTOP	1
202561_at	8658	TNKS	8
202562_s_at	11161	ERG28	14
202563_at	11161	ERG28	14
202564_x_at	402	ARL2	11
202565_s_at	6840	SVIL	10
202566_s_at	6840	SVIL	10
202567_at	6634	SNRPD3	22
202568_s_at	4140	MARK3	14
202569_s_at	4140	MARK3	14
202570_s_at	22839	DLGAP4	20
202571_s_at	22839	DLGAP4	20
202572_s_at	22839	DLGAP4	20
202573_at	1455	CSNK1G2	19
202574_s_at	1455	CSNK1G2	19
202575_at	1382	CRABP2	1
202577_s_at	55308	DDX19A	16
202578_s_at	55308	DDX19A	16
202579_x_at	10473	HMGN4	6
202580_x_at	2305	FOXM1	12
202582_s_at	10048	RANBP9	6
202583_s_at	10048	RANBP9	6
202584_at	4799	NFX1	9
202585_s_at	4799	NFX1	9
202586_at	5441	POLR2L	11
202587_s_at	203	AK1	9
202588_at	203	AK1	9
202589_at	7298	TYMS	18
202590_s_at	5164	PDK2	17
202591_s_at	6742	SSBP1	7
202592_at	2647	BLOC1S1	12
202593_s_at	51573	GDE1	16
202594_at	23484	LEPROTL1	8
202595_s_at	23484	LEPROTL1	8
202596_at	2029	ENSA	1
202597_at	3664	IRF6	1
202598_at	6284	S100A13	1
202599_s_at	8204	NRIP1	21
202600_s_at	8204	NRIP1	21
202601_s_at	27336	HTATSF1	X
202602_s_at	27336	HTATSF1	X
202603_at	102	ADAM10	15
202604_x_at	102	ADAM10	15
202605_at	2990	GUSB	7
202606_s_at	9874	TLK1	2
202607_at	3340	NDST1	5
202608_s_at	3340	NDST1	5
202609_at	2059	EPS8	12
202610_s_at	9282	MED14	X
202611_s_at	9282	MED14	X
202612_s_at	9282	MED14	X
202613_at	1503	CTPS1	1
202614_at	10463	SLC30A9	4
202615_at	2776	GNAQ	9
202616_s_at	4204	MECP2	X
202618_s_at	4204	MECP2	X
202619_s_at	5352	PLOD2	3
202620_s_at	5352	PLOD2	3
202621_at	3661	IRF3	19
202622_s_at	6311	ATXN2	12
202623_at	55837	EAPP	14
202624_s_at	23523	CABIN1	22
202625_at	4067	LYN	8
202626_s_at	4067	LYN	8
202627_s_at	5054	SERPINE1	7
202628_s_at	5054	SERPINE1	7
202629_at	10513	APPBP2	17
202630_at	10513	APPBP2	17
202631_s_at	10513	APPBP2	17
202633_at	11073	TOPBP1	3
202634_at	5440	POLR2K	8
202635_s_at	5440	POLR2K	8
202636_at	7844	RNF103	2
202637_s_at	3383	ICAM1	19
202638_s_at	3383	ICAM1	19
202639_s_at	8498	RANBP3	19
202640_s_at	8498	RANBP3	19
202641_at	403	ARL3	10
202642_s_at	8295	TRRAP	7
202643_s_at	7128	TNFAIP3	6
202644_s_at	7128	TNFAIP3	6
202645_s_at	4221	MEN1	11
202646_s_at	7812	CSDE1	1
202647_s_at	4893	NRAS	1
202648_at	6223	RPS19	19
202649_x_at	6223	RPS19	19
202650_s_at	9772	TMEM94	17
202651_at	9926	LPGAT1	1
202652_at	322	APBB1	11
202653_s_at	64844	MARCHF7	2
202654_x_at	64844	MARCHF7	2
202655_at	7873	MANF	3
202656_s_at	9792	SERTAD2	2
202657_s_at	9792	SERTAD2	2
202658_at	8799	PEX11B	1
202659_at	5699	PSMB10	16
202660_at	3709	ITPR2	12
202661_at	3709	ITPR2	12
202662_s_at	3709	ITPR2	12
202663_at	7456	WIPF1	2
202664_at	7456	WIPF1	2
202665_s_at	7456	WIPF1	2
202666_s_at	86	ACTL6A	3
202667_s_at	7922	SLC39A7	6
202668_at	1948	EFNB2	13
202669_s_at	1948	EFNB2	13
202670_at	5604	MAP2K1	15
202672_s_at	467	ATF3	1
202673_at	8813	DPM1	20
202674_s_at	4008	LMO7	13
202675_at	6390	SDHB	1
202676_x_at	10922	FASTK	7
202677_at	5921	RASA1	5
202678_at	2958	GTF2A2	15
202679_at	4864	NPC1	18
202680_at	2961	GTF2E2	8
202681_at	7375	USP4	3
202682_s_at	7375	USP4	3
202683_s_at	8731	RNMT	18
202684_s_at	8731	RNMT	18
202685_s_at	558	AXL	19
202686_s_at	558	AXL	19
202687_s_at	8743	TNFSF10	3
202688_at	8743	TNFSF10	3
202689_at	29890	RBM15B	3
202690_s_at	6632	SNRPD1	18
202691_at	6632	SNRPD1	18
202692_s_at	7343	UBTF	17
202693_s_at	9263	STK17A	7
202694_at	9263	STK17A	7
202695_s_at	9263	STK17A	7
202696_at	9943	OXSR1	3
202697_at	11051	NUDT21	16
202698_x_at	1327	COX4I1	16
202699_s_at	9725	TMEM63A	1
202700_s_at	9725	TMEM63A	1
202701_at	649	BMP1	8
202702_at	7726	TRIM26	6
202703_at	8446	DUSP11	2
202704_at	10140	TOB1	17
202705_at	9133	CCNB2	15
202706_s_at	7372	UMPS	3
202707_at	7372	UMPS	3
202708_s_at	8349	H2BC21	1
202709_at	2331	FMOD	1
202710_at	10282	BET1	7
202711_at	1947	EFNB1	X
202713_s_at	9692	PRORP	14
202714_s_at	9692	PRORP	14
202715_at	790	CAD	2
202716_at	5770	PTPN1	20
202717_s_at	8881	CDC16	13
202718_at	3485	IGFBP2	2
202719_s_at	26136	TES	7
202720_at	26136	TES	7
202721_s_at	2673	GFPT1	2
202722_s_at	2673	GFPT1	2
202723_s_at	2308	FOXO1	13
202724_s_at	2308	FOXO1	13
202725_at	5430	POLR2A	17
202726_at	3978	LIG1	19
202727_s_at	3459	IFNGR1	6
202728_s_at	4052	LTBP1	2
202729_s_at	4052	LTBP1	2
202730_s_at	27250	PDCD4	10
202731_at	27250	PDCD4	10
202732_at	11142	PKIG	20
202733_at	8974	P4HA2	5
202734_at	9322	TRIP10	19
202735_at	10682	EBP	X
202736_s_at	25804	LSM4	19
202737_s_at	25804	LSM4	19
202738_s_at	5257	PHKB	16
202739_s_at	5257	PHKB	16
202741_at	5567	PRKACB	1
202742_s_at	5567	PRKACB	1
202743_at	8503	PIK3R3	1
202744_at	6575	SLC20A2	8
202745_at	9101	USP8	15
202746_at	9452	ITM2A	X
202747_s_at	9452	ITM2A	X
202748_at	2634	GBP2	1
202749_at	7485	GET1	21
202750_s_at	24144	TFIP11	22
202751_at	24144	TFIP11	22
202752_x_at	23428	SLC7A8	14
202753_at	9861	PSMD6	3
202754_at	23518	R3HDM1	2
202755_s_at	2817	GPC1	2
202756_s_at	2817	GPC1	2
202757_at	25920	NELFB	9
202758_s_at	8625	RFXANK	19
202759_s_at	445815	PALM2AKAP2	9
202760_s_at	445815	PALM2AKAP2	9
202761_s_at	23224	SYNE2	14
202762_at	9475	ROCK2	2
202763_at	836	CASP3	4
202764_at	6786	STIM1	11
202765_s_at	2200	FBN1	15
202766_s_at	2200	FBN1	15
202767_at	53	ACP2	11
202768_at	2354	FOSB	19
202769_at	901	CCNG2	4
202770_s_at	901	CCNG2	4
202771_at	9780	PIEZO1	16
202772_at	3155	HMGCL	1
202773_s_at	6433	SFSWAP	12
202774_s_at	6433	SFSWAP	12
202775_s_at	6433	SFSWAP	12
202776_at	30836	DNTTIP2	1
202777_at	8036	SHOC2	10
202778_s_at	7750	ZMYM2	13
202779_s_at	27338	UBE2S	19
202780_at	5019	OXCT1	5
202781_s_at	51763	INPP5K	17
202782_s_at	51763	INPP5K	17
202783_at	23530	NNT	5
202784_s_at	23530	NNT	5
202785_at	4701	NDUFA7	19
202786_at	27347	STK39	2
202787_s_at	7867	MAPKAPK3	3
202788_at	7867	MAPKAPK3	3
202789_at	5335	PLCG1	20
202790_at	1366	CLDN7	17
202791_s_at	9701	PPP6R2	22
202792_s_at	9701	PPP6R2	22
202793_at	10162	LPCAT3	12
202794_at	3628	INPP1	2
202795_x_at	11078	TRIOBP	22
202796_at	11346	SYNPO	5
202797_at	22908	SACM1L	3
202798_at	10427	SEC24B	4
202799_at	8192	CLPP	19
202800_at	6507	SLC1A3	5
202801_at	5566	PRKACA	19
202802_at	1725	DHPS	19
202803_s_at	3689	ITGB2	21
202804_at	4363	ABCC1	16
202805_s_at	4363	ABCC1	16
202806_at	1627	DBN1	5
202807_s_at	10043	TOM1	22
202808_at	54838	WBP1L	10
202809_s_at	65123	INTS3	1
202810_at	4733	DRG1	22
202811_at	10617	STAMBP	2
202812_at	2548	GAA	17
202813_at	6894	TARBP1	1
202814_s_at	10614	HEXIM1	17
202815_s_at	10614	HEXIM1	17
202816_s_at	6760	SS18	18
202817_s_at	6760	SS18	18
202818_s_at	6924	ELOA	1
202819_s_at	6924	ELOA	1
202820_at	196	AHR	7
202821_s_at	4026	LPP	3
202822_at	4026	LPP	3
202823_at	6921	ELOC	8
202824_s_at	6921	ELOC	8
202825_at	291	SLC25A4	4
202826_at	6692	SPINT1	15
202827_s_at	4323	MMP14	14
202828_s_at	4323	MMP14	14
202829_s_at	6845	VAMP7	X
202830_s_at	2542	SLC37A4	11
202831_at	2877	GPX2	14
202832_at	9648	GCC2	2
202833_s_at	5265	SERPINA1	14
202834_at	183	AGT	1
202835_at	10907	TXNL4A	18
202836_s_at	10907	TXNL4A	18
202837_at	10906	TRAFD1	12
202838_at	2517	FUCA1	1
202839_s_at	4713	NDUFB7	19
202840_at	8148	TAF15	17
202841_x_at	11054	OGFR	20
202842_s_at	4189	DNAJB9	7
202843_at	4189	DNAJB9	7
202844_s_at	10928	RALBP1	18
202845_s_at	10928	RALBP1	18
202846_s_at	5279	PIGC	1
202847_at	5106	PCK2	14
202848_s_at	2870	GRK6	5
202849_x_at	2870	GRK6	5
202850_at	5825	ABCD3	1
202851_at	79719	AAGAB	15
202852_s_at	79719	AAGAB	15
202853_s_at	6259	RYK	3
202854_at	3251	HPRT1	X
202855_s_at	9123	SLC16A3	17
202856_s_at	9123	SLC16A3	17
202857_at	10330	CNPY2	12
202859_x_at	3576	CXCL8	4
202860_at	9909	DENND4B	1
202861_at	5187	PER1	17
202862_at	2184	FAH	15
202863_at	6672	SP100	2
202864_s_at	6672	SP100	2
202865_at	54788	DNAJB12	10
202866_at	54788	DNAJB12	10
202867_s_at	54788	DNAJB12	10
202868_s_at	10775	POP4	19
202869_at	4938	OAS1	12
202870_s_at	991	CDC20	1
202871_at	9618	TRAF4	17
202872_at	528	ATP6V1C1	8
202873_at	528	ATP6V1C1	8
202874_s_at	528	ATP6V1C1	8
202875_s_at	5089	PBX2	6
202876_s_at	5089	PBX2	6
202877_s_at	22918	CD93	20
202878_s_at	22918	CD93	20
202879_s_at	9267	CYTH1	17
202880_s_at	9267	CYTH1	17
202882_x_at	51406	NOL7	6
202883_s_at	5519	PPP2R1B	11
202884_s_at	5519	PPP2R1B	11
202885_s_at	5519	PPP2R1B	11
202886_s_at	5519	PPP2R1B	11
202887_s_at	54541	DDIT4	10
202888_s_at	290	ANPEP	15
202889_x_at	9053	MAP7	6
202890_at	9053	MAP7	6
202891_at	4817	NIT1	1
202892_at	8697	CDC23	5
202893_at	10497	UNC13B	9
202894_at	2050	EPHB4	7
202895_s_at	140885	SIRPA	20
202896_s_at	140885	SIRPA	20
202897_at	140885	SIRPA	20
202898_at	9672	SDC3	1
202899_s_at	6428	SRSF3	6
2028_s_at	1869	E2F1	20
202900_s_at	4927	NUP88	17
202901_x_at	1520	CTSS	1
202902_s_at	1520	CTSS	1
202903_at	23658	LSM5	7
202904_s_at	23658	LSM5	7
202905_x_at	4683	NBN	8
202906_s_at	4683	NBN	8
202907_s_at	4683	NBN	8
202908_at	7466	WFS1	4
202910_s_at	976	ADGRE5	19
202911_at	2956	MSH6	2
202912_at	133	ADM	11
202913_at	9826	ARHGEF11	1
202914_s_at	9826	ARHGEF11	1
202915_s_at	9917	FAM20B	1
202916_s_at	9917	FAM20B	1
202917_s_at	6279	S100A8	1
202919_at	25843	MOB4	2
202920_at	287	ANK2	4
202921_s_at	287	ANK2	4
202922_at	2729	GCLC	6
202923_s_at	2729	GCLC	6
202924_s_at	5326	PLAGL2	20
202925_s_at	5326	PLAGL2	20
202926_at	51594	NBAS	2
202927_at	5300	PIN1	19
202928_s_at	5252	PHF1	6
202930_s_at	8803	SUCLA2	13
202931_x_at	274	BIN1	2
202932_at	7525	YES1	18
202933_s_at	7525	YES1	18
202934_at	3099	HK2	2
202935_s_at	6662	SOX9	17
202936_s_at	6662	SOX9	17
202937_x_at	27341	RRP7A	22
202939_at	10269	ZMPSTE24	1
202940_at	65125	WNK1	12
202941_at	4729	NDUFV2	18
202942_at	2109	ETFB	19
202943_s_at	4668	NAGA	22
202944_at	4668	NAGA	22
202945_at	2356	FPGS	9
202946_s_at	22903	BTBD3	20
202947_s_at	2995	GYPC	2
202948_at	3554	IL1R1	2
202949_s_at	2274	FHL2	2
202950_at	1429	CRYZ	1
202951_at	11329	STK38	6
202952_s_at	8038	ADAM12	10
202953_at	713	C1QB	1
202954_at	11065	UBE2C	20
202955_s_at	10565	ARFGEF1	8
202956_at	10565	ARFGEF1	8
202957_at	3059	HCLS1	3
202958_at	5780	PTPN9	15
202959_at	4594	MMUT	6
202960_s_at	4594	MMUT	6
202961_s_at	9551	ATP5MF	7
202962_at	23303	KIF13B	8
202963_at	5993	RFX5	1
202964_s_at	5993	RFX5	1
202965_s_at	827	CAPN6	X
202966_at	827	CAPN6	X
202967_at	2941	GSTA4	6
202968_s_at	8445	DYRK2	12
202969_at	8445	DYRK2	12
202970_at	8445	DYRK2	12
202971_s_at	8445	DYRK2	12
202972_s_at	10144	FAM13A	4
202973_x_at	10144	FAM13A	4
202974_at	4354	MPP1	X
202975_s_at	22836	RHOBTB3	5
202976_s_at	22836	RHOBTB3	5
202977_s_at	58487	CREBZF	11
202978_s_at	58487	CREBZF	11
202979_s_at	58487	CREBZF	11
202980_s_at	6477	SIAH1	16
202981_x_at	6477	SIAH1	16
202983_at	6596	HLTF	3
202984_s_at	9529	BAG5	14
202985_s_at	9529	BAG5	14
202986_at	9915	ARNT2	15
202987_at	10758	TRAF3IP2	6
202988_s_at	5996	RGS1	1
202989_at	5996	RGS1	1
202990_at	5836	PYGL	14
202991_at	10948	STARD3	17
202992_at	730	C7	5
202993_at	10994	ILVBL	19
202994_s_at	2192	FBLN1	22
202995_s_at	2192	FBLN1	22
202996_at	57804	POLD4	11
202997_s_at	4017	LOXL2	8
202998_s_at	4017	LOXL2	8
202999_s_at	4017	LOXL2	8
203000_at	11075	STMN2	8
203001_s_at	11075	STMN2	8
203002_at	51421	AMOTL2	3
203003_at	4209	MEF2D	1
203004_s_at	4209	MEF2D	1
203005_at	4055	LTBR	12
203006_at	3632	INPP5A	10
203007_x_at	10434	LYPLA1	8
203008_x_at	10190	TXNDC9	2
203009_at	4059	BCAM	19
203010_at	6776	STAT5A	17
203011_at	3612	IMPA1	8
203012_x_at	6147	RPL23A	17
203013_at	11319	ECD	10
203014_x_at	27352	SGSM3	22
203015_s_at	117178	SSX2IP	1
203016_s_at	117178	SSX2IP	1
203017_s_at	117178	SSX2IP	1
203018_s_at	117178	SSX2IP	1
203019_x_at	117178	SSX2IP	1
203020_at	9910	RABGAP1L	1
203021_at	6590	SLPI	20
203022_at	10535	RNASEH2A	19
203023_at	51491	NOP16	5
203024_s_at	56951	C5orf15	5
203025_at	8260	NAA10	X
203026_at	9925	ZBTB5	9
203027_s_at	4597	MVD	16
203028_s_at	1535	CYBA	16
203029_s_at	5799	PTPRN2	7
203030_s_at	5799	PTPRN2	7
203031_s_at	7390	UROS	10
203032_s_at	2271	FH	1
203033_x_at	2271	FH	1
203034_s_at	6157	RPL27A	11
203035_s_at	10401	PIAS3	1
203036_s_at	9788	MTSS1	8
203037_s_at	9788	MTSS1	8
203038_at	5796	PTPRK	6
203039_s_at	4719	NDUFS1	2
203040_s_at	3145	HMBS	11
203041_s_at	3920	LAMP2	X
203042_at	3920	LAMP2	X
203043_at	9189	ZBED1	X
203044_at	22856	CHSY1	15
203045_at	4814	NINJ1	9
203046_s_at	8914	TIMELESS	12
203047_at	6793	STK10	5
203048_s_at	9652	SKIC3	5
203049_s_at	9652	SKIC3	5
203050_at	7158	TP53BP1	15
203051_at	22893	BAHD1	15
203052_at	717	C2	6
203053_at	10286	BCAS2	1
203054_s_at	6988	TCTA	3
203055_s_at	9138	ARHGEF1	19
203056_s_at	7799	PRDM2	1
203057_s_at	7799	PRDM2	1
203058_s_at	9060	PAPSS2	10
203059_s_at	9060	PAPSS2	10
203060_s_at	9060	PAPSS2	10
203061_s_at	9656	MDC1	6
203062_s_at	9656	MDC1	6
203063_at	9647	PPM1F	22
203064_s_at	3607	FOXK2	17
203065_s_at	857	CAV1	7
203066_at	51363	CHST15	10
203067_at	8050	PDHX	11
203068_at	9903	KLHL21	1
203069_at	9900	SV2A	1
203070_at	7869	SEMA3B	3
203071_at	7869	SEMA3B	3
203072_at	4643	MYO1E	15
203073_at	22796	COG2	1
203075_at	4087	SMAD2	18
203076_s_at	4087	SMAD2	18
203077_s_at	4087	SMAD2	18
203078_at	8453	CUL2	10
203079_s_at	8453	CUL2	10
203080_s_at	29994	BAZ2B	2
203081_at	56998	CTNNBIP1	1
203082_at	9790	BMS1	10
203083_at	7058	THBS2	6
203084_at	7040	TGFB1	19
203085_s_at	7040	TGFB1	19
203086_at	3796	KIF2A	5
203087_s_at	3796	KIF2A	5
203088_at	10516	FBLN5	14
203089_s_at	27429	HTRA2	2
203090_at	6388	SDF2	17
203091_at	8880	FUBP1	1
203092_at	10469	TIMM44	19
203093_s_at	10469	TIMM44	19
203094_at	9587	MAD2L1BP	6
203095_at	4528	MTIF2	2
203096_s_at	9693	RAPGEF2	4
203097_s_at	9693	RAPGEF2	4
203098_at	9425	CDYL	6
203099_s_at	9425	CDYL	6
203100_s_at	9425	CDYL	6
203101_s_at	4247	MGAT2	14
203102_s_at	4247	MGAT2	14
203103_s_at	27339	PRPF19	11
203104_at	1436	CSF1R	5
203105_s_at	10059	DNM1L	12
203106_s_at	27072	VPS41	7
203107_x_at	6187	RPS2	16
203108_at	9052	GPRC5A	12
203109_at	9040	UBE2M	19
203110_at	2185	PTK2B	8
203111_s_at	2185	PTK2B	8
203112_s_at	7469	NELFA	4
203113_s_at	1936	EEF1D	8
203114_at	10534	ZNRD2	11
203115_at	2235	FECH	18
203116_s_at	2235	FECH	18
203117_s_at	9924	PAN2	12
203118_at	9159	PCSK7	11
203119_at	79080	CCDC86	11
203120_at	7159	TP53BP2	1
203122_at	51112	TRAPPC12	2
203123_s_at	4891	SLC11A2	12
203124_s_at	4891	SLC11A2	12
203125_x_at	4891	SLC11A2	12
203126_at	3613	IMPA2	18
203127_s_at	9517	SPTLC2	14
203128_at	9517	SPTLC2	14
203129_s_at	3800	KIF5C	2
203130_s_at	3800	KIF5C	2
203131_at	5156	PDGFRA	4
203132_at	5925	RB1	13
203133_at	10952	SEC61B	9
203134_at	8301	PICALM	11
203135_at	6908	TBP	6
203136_at	10567	RABAC1	19
203137_at	9589	WTAP	6
203138_at	8520	HAT1	2
203139_at	1612	DAPK1	9
203140_at	604	BCL6	3
203141_s_at	8546	AP3B1	5
203142_s_at	8546	AP3B1	5
203143_s_at	9674	KIAA0040	1
203144_s_at	9674	KIAA0040	1
203145_at	10615	SPAG5	17
203146_s_at	2550	GABBR1	6
203147_s_at	9830	TRIM14	9
203148_s_at	9830	TRIM14	9
203149_at	5819	NECTIN2	19
203150_at	10244	RABEPK	9
203151_at	4130	MAP1A	15
203152_at	64976	MRPL40	22
203153_at	3434	IFIT1	10
203154_s_at	10298	PAK4	19
203155_at	9869	SETDB1	1
203156_at	11215	AKAP11	13
203157_s_at	2744	GLS	2
203158_s_at	2744	GLS	2
203159_at	2744	GLS	2
203160_s_at	9025	RNF8	6
203161_s_at	9025	RNF8	6
203162_s_at	10300	KATNB1	16
203163_at	10300	KATNB1	16
203164_at	9197	SLC33A1	3
203165_s_at	9197	SLC33A1	3
203166_at	10428	CFDP1	16
203167_at	7077	TIMP2	17
203168_at	1388	ATF6B	6
203169_at	9827	RGP1	9
203170_at	23378	RRP8	11
203171_s_at	23378	RRP8	11
203172_at	9513	FXR2	17
203173_s_at	57020	VPS35L	16
203174_s_at	10139	ARFRP1	20
203175_at	391	RHOG	11
203176_s_at	7019	TFAM	10
203177_x_at	7019	TFAM	10
203178_at	2628	GATM	15
203179_at	2592	GALT	9
203180_at	220	ALDH1A3	15
203181_x_at	6733	SRPK2	7
203182_s_at	6733	SRPK2	7
203183_s_at	6602	SMARCD1	12
203184_at	2201	FBN2	5
203185_at	9770	RASSF2	20
203186_s_at	6275	S100A4	1
203187_at	1793	DOCK1	10
203188_at	11041	B4GAT1	11
203189_s_at	4728	NDUFS8	11
203190_at	4728	NDUFS8	11
203191_at	10058	ABCB6	2
203192_at	10058	ABCB6	2
203193_at	2101	ESRRA	11
203194_s_at	4928	NUP98	11
203195_s_at	4928	NUP98	11
203196_at	10257	ABCC4	13
203197_s_at	54987	CZIB	1
203198_at	1025	CDK9	9
203199_s_at	4552	MTRR	5
203200_s_at	4552	MTRR	5
203201_at	5373	PMM2	16
203202_at	11103	KRR1	12
203203_s_at	11103	KRR1	12
203204_s_at	9682	KDM4A	1
203205_at	9682	KDM4A	1
203206_at	9679	FAM53B	10
203207_s_at	9650	MTFR1	8
203208_s_at	9650	MTFR1	8
203209_at	5985	RFC5	12
203210_s_at	5985	RFC5	12
203211_s_at	8898	MTMR2	11
203212_s_at	8898	MTMR2	11
203213_at	983	CDK1	10
203214_x_at	983	CDK1	10
203215_s_at	4646	MYO6	6
203216_s_at	4646	MYO6	6
203217_s_at	8869	ST3GAL5	2
203218_at	5601	MAPK9	5
203219_s_at	353	APRT	16
203220_s_at	7088	TLE1	9
203221_at	7088	TLE1	9
203222_s_at	7088	TLE1	9
203223_at	9135	RABEP1	17
203224_at	55312	RFK	9
203225_s_at	55312	RFK	9
203226_s_at	6302	TSPAN31	12
203227_s_at	6302	TSPAN31	12
203228_at	5050	PAFAH1B3	19
203229_s_at	1196	CLK2	1
203230_at	1855	DVL1	1
203231_s_at	6310	ATXN1	6
203232_s_at	6310	ATXN1	6
203233_at	3566	IL4R	16
203234_at	7378	UPP1	7
203235_at	7064	THOP1	19
203236_s_at	3965	LGALS9	17
203237_s_at	4854	NOTCH3	19
203238_s_at	4854	NOTCH3	19
203239_s_at	4849	CNOT3	19
203240_at	8857	FCGBP	19
203241_at	7405	UVRAG	11
203242_s_at	10611	PDLIM5	4
203243_s_at	10611	PDLIM5	4
203244_at	5830	PEX5	12
203245_s_at	266655	BRD3OS	9
203246_s_at	10641	NPRL2	3
203247_s_at	7572	ZNF24	18
203248_at	7572	ZNF24	18
203249_at	2145	EZH1	17
203250_at	22828	SCAF8	6
203252_at	10263	CDK2AP2	11
203253_s_at	23262	PPIP5K2	5
203254_s_at	7094	TLN1	9
203255_at	80204	FBXO11	2
203256_at	1001	CDH3	16
203257_s_at	79096	CSTPP1	11
203258_at	10589	DRAP1	11
203259_s_at	51020	HDDC2	6
203260_at	51020	HDDC2	6
203261_at	10671	DCTN6	8
203262_s_at	9130	FAM50A	X
203263_s_at	23229	ARHGEF9	X
203264_s_at	23229	ARHGEF9	X
203265_s_at	6416	MAP2K4	17
203266_s_at	6416	MAP2K4	17
203267_s_at	1819	DRG2	17
203268_s_at	1819	DRG2	17
203269_at	8439	NSMAF	8
203270_at	1841	DTYMK	2
203271_s_at	9094	UNC119	17
203272_s_at	11334	TUSC2	3
203273_s_at	11334	TUSC2	3
203275_at	3660	IRF2	4
203276_at	4001	LMNB1	5
203277_at	1676	DFFA	1
203278_s_at	51317	PHF21A	11
203279_at	9695	EDEM1	3
203280_at	9667	SAFB2	19
203281_s_at	7318	UBA7	3
203282_at	2632	GBE1	3
203283_s_at	9653	HS2ST1	1
203284_s_at	9653	HS2ST1	1
203285_s_at	9653	HS2ST1	1
203286_at	22838	RNF44	5
203287_at	3898	LAD1	1
203288_at	9710	GARRE1	19
203289_s_at	8131	NPRL3	16
203290_at	3117	HLA-DQA1	6
203291_at	4850	CNOT4	7
203292_s_at	55823	VPS11	11
203293_s_at	3998	LMAN1	18
203294_s_at	3998	LMAN1	18
203295_s_at	477	ATP1A2	1
203296_s_at	477	ATP1A2	1
203297_s_at	3720	JARID2	6
203298_s_at	3720	JARID2	6
203299_s_at	8905	AP1S2	X
203300_x_at	8905	AP1S2	X
203301_s_at	9988	DMTF1	7
203302_at	1633	DCK	4
203303_at	6990	DYNLT3	X
203304_at	25805	BAMBI	10
203305_at	2162	F13A1	6
203306_s_at	10559	SLC35A1	6
203307_at	2794	GNL1	6
203308_x_at	3257	HPS1	10
203309_s_at	3257	HPS1	10
203310_at	6814	STXBP3	1
203311_s_at	382	ARF6	14
203312_x_at	382	ARF6	14
203313_s_at	7050	TGIF1	18
203314_at	8225	GTPBP6	X
203315_at	8440	NCK2	2
203316_s_at	6635	SNRPE	1
203317_at	23550	PSD4	2
203318_s_at	7707	ZNF148	3
203319_s_at	7707	ZNF148	3
203320_at	10019	SH2B3	12
203321_s_at	22850	ADNP2	18
203322_at	22850	ADNP2	18
203323_at	858	CAV2	7
203324_s_at	858	CAV2	7
203325_s_at	1289	COL5A1	9
203327_at	3416	IDE	10
203328_x_at	3416	IDE	10
203329_at	5797	PTPRM	18
203330_s_at	6811	STX5	11
203331_s_at	3635	INPP5D	2
203332_s_at	3635	INPP5D	2
203333_at	22920	KIFAP3	1
203334_at	1659	DHX8	17
203335_at	5264	PHYH	10
203336_s_at	9270	ITGB1BP1	2
203337_x_at	9270	ITGB1BP1	2
203338_at	5529	PPP2R5E	14
203339_at	8604	SLC25A12	2
203340_s_at	8604	SLC25A12	2
203341_at	10153	CEBPZ	2
203342_at	10245	TIMM17B	X
203343_at	7358	UGDH	4
203344_s_at	5932	RBBP8	18
203345_s_at	22823	MTF2	1
203346_s_at	22823	MTF2	1
203347_s_at	22823	MTF2	1
203348_s_at	2119	ETV5	3
203349_s_at	2119	ETV5	3
203350_at	164	AP1G1	16
203351_s_at	5000	ORC4	2
203352_at	5000	ORC4	2
203353_s_at	4152	MBD1	18
203354_s_at	23362	PSD3	8
203355_s_at	23362	PSD3	8
203356_at	23473	CAPN7	3
203357_s_at	23473	CAPN7	3
203358_s_at	2146	EZH2	7
203362_s_at	4085	MAD2L1	4
203363_s_at	9776	ATG13	11
203364_s_at	9776	ATG13	11
203365_s_at	4324	MMP15	16
203366_at	5428	POLG	15
203367_at	11072	DUSP14	17
203368_at	78987	CRELD1	3
203369_x_at	9260	PDLIM7	5
203370_s_at	9260	PDLIM7	5
203371_s_at	4709	NDUFB3	2
203372_s_at	8835	SOCS2	12
203373_at	8835	SOCS2	12
203374_s_at	7174	TPP2	13
203375_s_at	7174	TPP2	13
203376_at	51362	CDC40	6
203377_s_at	51362	CDC40	6
203378_at	51585	PCF11	11
203379_at	6195	RPS6KA1	1
203380_x_at	6430	SRSF5	14
203381_s_at	348	APOE	19
203382_s_at	348	APOE	19
203383_s_at	2800	GOLGA1	9
203384_s_at	2800	GOLGA1	9
203385_at	1606	DGKA	12
203386_at	9882	TBC1D4	13
203387_s_at	9882	TBC1D4	13
203388_at	409	ARRB2	17
203389_at	3797	KIF3C	2
203390_s_at	3797	KIF3C	2
203391_at	2286	FKBP2	11
203392_s_at	1487	CTBP1	4
203393_at	3280	HES1	3
203394_s_at	3280	HES1	3
203395_s_at	3280	HES1	3
203396_at	5685	PSMA4	15
203397_s_at	2591	GALNT3	2
203398_s_at	2591	GALNT3	2
203399_x_at	5671	PSG3	19
203400_s_at	7018	TF	3
203401_at	5634	PRPS2	X
203402_at	8514	KCNAB2	1
203403_s_at	6049	RNF6	13
203404_at	9823	ARMCX2	X
203405_at	8624	PSMG1	21
203406_at	4236	MFAP1	15
203407_at	5493	PPL	16
203408_s_at	6304	SATB1	3
203409_at	1643	DDB2	11
203410_at	10947	AP3M2	8
203411_s_at	4000	LMNA	1
203412_at	8216	LZTR1	22
203413_at	4753	NELL2	12
203414_at	23531	MMD	17
203415_at	10016	PDCD6	5
203416_at	963	CD53	1
203417_at	4237	MFAP2	1
203418_at	890	CCNA2	4
203419_at	9757	KMT2B	19
203420_at	51439	FAM8A1	6
203421_at	9537	TP53I11	11
203422_at	5424	POLD1	19
203423_at	5947	RBP1	3
203424_s_at	3488	IGFBP5	2
203425_s_at	3488	IGFBP5	2
203426_s_at	3488	IGFBP5	2
203427_at	25842	ASF1A	6
203428_s_at	25842	ASF1A	6
203429_s_at	51430	SUCO	1
203430_at	23593	HEBP2	6
203431_s_at	9743	ARHGAP32	11
203432_at	7112	TMPO	12
203434_s_at	4311	MME	3
203435_s_at	4311	MME	3
203436_at	10556	RPP30	10
203437_at	8834	TMEM11	17
203438_at	8614	STC2	5
203439_s_at	8614	STC2	5
203440_at	1000	CDH2	18
203441_s_at	1000	CDH2	18
203442_x_at	256364	EML3	11
203443_at	256364	EML3	11
203444_s_at	9219	MTA2	11
203445_s_at	10106	CTDSP2	12
203446_s_at	4952	OCRL	X
203447_at	5711	PSMD5	9
203448_s_at	7013	TERF1	8
203449_s_at	7013	TERF1	8
203450_at	25776	CBY1	22
203451_at	8861	LDB1	10
203452_at	26229	B3GAT3	11
203453_at	6337	SCNN1A	12
203454_s_at	475	ATOX1	5
203455_s_at	6303	SAT1	X
203456_at	11230	PRAF2	X
203457_at	8417	STX7	6
203458_at	6697	SPR	2
203459_s_at	64601	VPS16	20
203460_s_at	5663	PSEN1	14
203461_at	1106	CHD2	15
203462_x_at	8662	EIF3B	7
203463_s_at	22905	EPN2	17
203464_s_at	22905	EPN2	17
203465_at	9801	MRPL19	2
203466_at	4358	MPV17	2
203467_at	5372	PMM1	22
203468_at	8558	CDK10	16
203469_s_at	8558	CDK10	16
203470_s_at	5341	PLEK	2
203471_s_at	5341	PLEK	2
203472_s_at	11309	SLCO2B1	11
203473_at	11309	SLCO2B1	11
203474_at	10788	IQGAP2	5
203475_at	1588	CYP19A1	15
203476_at	7162	TPBG	6
203477_at	1306	COL15A1	9
203478_at	4717	NDUFC1	4
203479_s_at	54726	OTUD4	4
203480_s_at	54726	OTUD4	4
203481_at	55719	SLF2	10
203482_at	55719	SLF2	10
203484_at	23480	SEC61G	7
203485_at	6252	RTN1	14
203486_s_at	25852	ARMC8	3
203487_s_at	25852	ARMC8	3
203488_at	22859	ADGRL1	19
203489_at	10572	SIVA1	14
203490_at	2000	ELF4	X
203491_s_at	9702	CEP57	11
203492_x_at	9702	CEP57	11
203493_s_at	9702	CEP57	11
203494_s_at	9702	CEP57	11
203495_at	9684	LRRC14	8
203496_s_at	5469	MED1	17
203497_at	5469	MED1	17
203498_at	10231	RCAN2	6
203499_at	1969	EPHA2	1
203500_at	2639	GCDH	19
203501_at	10404	CPQ	8
203502_at	669	BPGM	7
203503_s_at	5195	PEX14	1
203504_s_at	19	ABCA1	9
203505_at	19	ABCA1	9
203506_s_at	9968	MED12	X
203507_at	968	CD68	17
203508_at	7133	TNFRSF1B	1
203509_at	6653	SORL1	11
203510_at	4233	MET	7
203511_s_at	27095	TRAPPC3	1
203512_at	27095	TRAPPC3	1
203513_at	80208	SPG11	15
203514_at	4215	MAP3K3	17
203515_s_at	10654	PMVK	1
203516_at	6640	SNTA1	20
203517_at	10651	MTX2	2
203518_at	1130	LYST	1
203519_s_at	26019	UPF2	10
203520_s_at	24149	ZNF318	6
203521_s_at	24149	ZNF318	6
203522_at	9973	CCS	11
203523_at	4046	LSP1	11
203524_s_at	4357	MPST	22
203525_s_at	324	APC	5
203526_s_at	324	APC	5
203527_s_at	324	APC	5
203528_at	10507	SEMA4D	9
203529_at	5537	PPP6C	9
203530_s_at	6810	STX4	16
203531_at	8065	CUL5	11
203532_x_at	8065	CUL5	11
203533_s_at	8065	CUL5	11
203534_at	27257	LSM1	8
203535_at	6280	S100A9	1
203536_s_at	9391	CIAO1	2
203537_at	5636	PRPSAP2	17
203538_at	819	CAMLG	5
203539_s_at	2670	GFAP	17
203540_at	2670	GFAP	17
203541_s_at	687	KLF9	9
203542_s_at	687	KLF9	9
203543_s_at	687	KLF9	9
203544_s_at	8027	STAM	10
203545_at	79053	ALG8	11
203546_at	9670	IPO13	1
203547_at	920	CD4	12
203548_s_at	4023	LPL	8
203549_s_at	4023	LPL	8
203550_s_at	10712	ENTREP3	1
203551_s_at	1353	COX11	17
203552_at	11183	MAP4K5	14
203553_s_at	11183	MAP4K5	14
203554_x_at	9232	PTTG1	5
203555_at	26469	PTPN18	2
203556_at	22882	ZHX2	8
203557_s_at	5092	PCBD1	10
203558_at	9820	CUL7	6
203559_s_at	26	AOC1	7
203560_at	8836	GGH	8
203562_at	9638	FEZ1	11
203563_at	60312	AFAP1	4
203564_at	2189	FANCG	9
203565_s_at	4331	MNAT1	14
203566_s_at	178	AGL	1
203567_s_at	10475	TRIM38	6
203568_s_at	10475	TRIM38	6
203569_s_at	8481	OFD1	X
203570_at	4016	LOXL1	15
203571_s_at	10974	ADIRF	10
203572_s_at	6878	TAF6	7
203573_s_at	5875	RABGGTA	14
203574_at	4783	NFIL3	9
203575_at	1459	CSNK2A2	16
203576_at	587	BCAT2	19
203577_at	2968	GTF2H4	6
203578_s_at	9057	SLC7A6	16
203579_s_at	9057	SLC7A6	16
203580_s_at	9057	SLC7A6	16
203581_at	5867	RAB4A	1
203582_s_at	5867	RAB4A	1
203583_at	25972	UNC50	2
203584_at	9694	EMC2	8
203585_at	7739	ZNF185	X
203586_s_at	379	ARL4D	17
203587_at	379	ARL4D	17
203588_s_at	7029	TFDP2	3
203589_s_at	7029	TFDP2	3
203590_at	1783	DYNC1LI2	16
203591_s_at	1441	CSF3R	1
203592_s_at	10272	FSTL3	19
203593_at	23607	CD2AP	6
203594_at	8634	RTCA	1
203595_s_at	24138	IFIT5	10
203596_s_at	24138	IFIT5	10
203597_s_at	11193	WBP4	13
203598_s_at	11193	WBP4	13
203599_s_at	11193	WBP4	13
203600_s_at	8603	FAM193A	4
203601_s_at	7709	ZBTB17	1
203602_s_at	7709	ZBTB17	1
203603_s_at	9839	ZEB2	2
203604_at	9658	ZNF516	18
203605_at	6729	SRP54	14
203606_at	4726	NDUFS6	5
203607_at	22876	INPP5F	10
203608_at	7915	ALDH5A1	6
203609_s_at	7915	ALDH5A1	6
203610_s_at	10475	TRIM38	6
203611_at	7014	TERF2	16
203612_at	705	BYSL	6
203613_s_at	4712	NDUFB6	9
203614_at	9724	UTP14C	13
203615_x_at	6817	SULT1A1	16
203616_at	5423	POLB	8
203617_x_at	2002	ELK1	X
203618_at	23017	FAIM2	12
203619_s_at	23017	FAIM2	12
203620_s_at	9873	FCHSD2	11
203621_at	4711	NDUFB5	3
203622_s_at	56902	PNO1	2
203623_at	55558	PLXNA3	X
203624_at	8227	AKAP17A	X
203625_x_at	6502	SKP2	5
203626_s_at	6502	SKP2	5
203627_at	3480	IGF1R	15
203628_at	3480	IGF1R	15
203629_s_at	10466	COG5	7
203630_s_at	10466	COG5	7
203631_s_at	51704	GPRC5B	16
203632_s_at	51704	GPRC5B	16
203633_at	1374	CPT1A	11
203634_s_at	1374	CPT1A	11
203635_at	10311	VPS26C	21
203636_at	4281	MID1	X
203637_s_at	4281	MID1	X
203638_s_at	2263	FGFR2	10
203639_s_at	2263	FGFR2	10
203640_at	10150	MBNL2	13
203641_s_at	22837	COBLL1	2
203642_s_at	22837	COBLL1	2
203643_at	2077	ERF	19
203644_s_at	22879	MON1B	16
203645_s_at	9332	CD163	12
203646_at	2230	FDX1	11
203647_s_at	2230	FDX1	11
203648_at	9797	TATDN2	3
203649_s_at	5320	PLA2G2A	1
203650_at	10544	PROCR	20
203651_at	9765	ZFYVE16	5
203652_at	4296	MAP3K11	11
203653_s_at	8161	COIL	17
203654_s_at	8161	COIL	17
203655_at	7515	XRCC1	19
203656_at	9896	FIG4	6
203657_s_at	8722	CTSF	11
203658_at	788	SLC25A20	3
203659_s_at	10206	TRIM13	13
203660_s_at	5116	PCNT	21
203661_s_at	7111	TMOD1	9
203662_s_at	7111	TMOD1	9
203663_s_at	9377	COX5A	15
203664_s_at	5433	POLR2D	2
203665_at	3162	HMOX1	22
203666_at	6387	CXCL12	10
203667_at	6902	TBCA	5
203668_at	4123	MAN2C1	15
203669_s_at	8694	DGAT1	8
203671_at	7172	TPMT	6
203672_x_at	7172	TPMT	6
203673_at	7038	TG	8
203674_at	9931	HELZ	17
203675_at	4925	NUCB2	11
203676_at	2799	GNS	12
203677_s_at	6895	TARBP2	12
203678_at	22909	FAN1	15
203679_at	11018	TMED1	19
203680_at	5577	PRKAR2B	7
203681_at	3712	IVD	15
203682_s_at	3712	IVD	15
203683_s_at	7423	VEGFB	11
203684_s_at	596	BCL2	18
203685_at	596	BCL2	18
203686_at	4350	MPG	16
203687_at	6376	CX3CL1	16
203688_at	5311	PKD2	4
203689_s_at	2332	FMR1	X
203690_at	10426	TUBGCP3	13
203691_at	5266	PI3	20
203692_s_at	1871	E2F3	6
203693_s_at	1871	E2F3	6
203694_s_at	8449	DHX16	6
203695_s_at	1687	GSDME	7
203696_s_at	5982	RFC2	7
203697_at	2487	FRZB	2
203698_s_at	2487	FRZB	2
203699_s_at	1734	DIO2	14
203700_s_at	1734	DIO2	14
203701_s_at	55621	TRMT1	19
203702_s_at	9654	TTLL4	2
203703_s_at	9654	TTLL4	2
203704_s_at	6239	RREB1	6
203705_s_at	8324	FZD7	2
203706_s_at	8324	FZD7	2
203707_at	10127	ZNF263	16
203708_at	5142	PDE4B	1
203709_at	5261	PHKG2	16
203710_at	3708	ITPR1	3
203711_s_at	26275	HIBCH	2
203712_at	9933	PUM3	9
203713_s_at	3993	LLGL2	17
203714_s_at	6905	TBCE	1
203715_at	6905	TBCE	1
203716_s_at	1803	DPP4	2
203717_at	1803	DPP4	2
203718_at	10908	PNPLA6	19
203719_at	2067	ERCC1	19
203720_s_at	2067	ERCC1	19
203721_s_at	51096	UTP18	17
203722_at	8659	ALDH4A1	1
203723_at	3707	ITPKB	1
203724_s_at	22902	RUFY3	4
203725_at	1647	GADD45A	1
203726_s_at	3909	LAMA3	18
203727_at	6499	SKIC2	6
203728_at	578	BAK1	6
203729_at	2014	EMP3	19
203730_s_at	23660	ZKSCAN5	7
203731_s_at	23660	ZKSCAN5	7
203732_at	9325	TRIP4	15
203733_at	28955	DEXI	16
203734_at	55810	FOXJ2	12
203735_x_at	8496	PPFIBP1	12
203736_s_at	8496	PPFIBP1	12
203737_s_at	23082	PPRC1	10
203738_at	55322	C5orf22	5
203739_at	7764	ZNF217	20
203740_at	10200	MPHOSPH6	16
203741_s_at	113	ADCY7	16
203742_s_at	6996	TDG	12
203743_s_at	6996	TDG	12
203744_at	3149	HMGB3	X
203745_at	3052	HCCS	X
203746_s_at	3052	HCCS	X
203747_at	360	AQP3	9
203748_x_at	5937	RBMS1	2
203749_s_at	5914	RARA	17
203750_s_at	5914	RARA	17
203751_x_at	3727	JUND	19
203752_s_at	3727	JUND	19
203753_at	6925	TCF4	18
203754_s_at	2972	BRF1	14
203755_at	701	BUB1B	15
203756_at	9828	ARHGEF17	11
203757_s_at	4680	CEACAM6	19
203758_at	1519	CTSO	4
203759_at	6484	ST3GAL4	11
203760_s_at	6503	SLA	8
203761_at	6503	SLA	8
203762_s_at	51626	DYNC2LI1	2
203763_at	51626	DYNC2LI1	2
203764_at	9787	DLGAP5	14
203765_at	25801	GCA	2
203766_s_at	25802	LMOD1	1
203767_s_at	412	STS	X
203768_s_at	412	STS	X
203769_s_at	412	STS	X
203770_s_at	412	STS	X
203771_s_at	644	BLVRA	7
203772_at	644	BLVRA	7
203773_x_at	644	BLVRA	7
203774_at	4548	MTR	1
203775_at	10165	SLC25A13	7
203776_at	27238	GPKOW	X
203777_s_at	6199	RPS6KB2	11
203778_at	4126	MANBA	4
203779_s_at	10205	MPZL2	11
203780_at	10205	MPZL2	11
203781_at	9553	MRPL33	2
203782_s_at	5442	POLRMT	19
203783_x_at	5442	POLRMT	19
203784_s_at	55794	DDX28	16
203785_s_at	55794	DDX28	16
203786_s_at	7164	TPD52L1	6
203787_at	23635	SSBP2	5
203788_s_at	10512	SEMA3C	7
203789_s_at	10512	SEMA3C	7
203790_s_at	10247	RIDA	8
203791_at	1657	DMXL1	5
203792_x_at	7703	PCGF2	17
203793_x_at	7703	PCGF2	17
203794_at	8476	CDC42BPA	1
203795_s_at	605	BCL7A	12
203796_s_at	605	BCL7A	12
203797_at	7447	VSNL1	2
203798_s_at	7447	VSNL1	2
203800_s_at	63931	MRPS14	1
203801_at	63931	MRPS14	1
203802_x_at	55695	NSUN5	7
203803_at	51449	PCYOX1	2
203804_s_at	51747	LUC7L3	17
203805_s_at	2175	FANCA	16
203806_s_at	2175	FANCA	16
203807_x_at	1443	CSH2	17
203808_at	208	AKT2	19
203809_s_at	208	AKT2	19
203810_at	11080	DNAJB4	1
203811_s_at	11080	DNAJB4	1
203812_at	6586	SLIT3	5
203813_s_at	6586	SLIT3	5
203814_s_at	4835	NQO2	6
203815_at	2952	GSTT1	22
203816_at	1716	DGUOK	2
203817_at	2983	GUCY1B1	4
203818_s_at	10946	SF3A3	1
203819_s_at	10643	IGF2BP3	7
203820_s_at	10643	IGF2BP3	7
203821_at	1839	HBEGF	5
203822_s_at	1998	ELF2	4
203823_at	5998	RGS3	9
203824_at	7103	TSPAN8	12
203825_at	8019	BRD3	9
203826_s_at	9600	PITPNM1	11
203827_at	55062	WIPI1	17
203828_s_at	9235	IL32	16
203829_at	26610	ELP4	11
203830_at	64149	C17orf75	17
203831_at	22864	R3HDM2	12
203832_at	6636	SNRPF	12
203833_s_at	10618	TGOLN2	2
203834_s_at	10618	TGOLN2	2
203835_at	2615	LRRC32	11
203836_s_at	4217	MAP3K5	6
203837_at	4217	MAP3K5	6
203838_s_at	10188	TNK2	3
203839_s_at	10188	TNK2	3
203840_at	8548	BLZF1	1
203841_x_at	22924	MAPRE3	2
203842_s_at	22924	MAPRE3	2
203843_at	6197	RPS6KA3	X
203844_at	7428	VHL	3
203845_at	8850	KAT2B	3
203846_at	22954	TRIM32	9
203847_s_at	10270	AKAP8	19
203848_at	10270	AKAP8	19
203849_s_at	547	KIF1A	2
203850_s_at	547	KIF1A	2
203851_at	3489	IGFBP6	12
203853_s_at	9846	GAB2	11
203854_at	3426	CFI	4
203855_at	22911	WDR47	1
203856_at	7443	VRK1	14
203857_s_at	10954	PDIA5	3
203858_s_at	1352	COX10	17
203859_s_at	5064	PALM	19
203860_at	5095	PCCA	13
203861_s_at	88	ACTN2	1
203862_s_at	88	ACTN2	1
203863_at	88	ACTN2	1
203864_s_at	88	ACTN2	1
203865_s_at	104	ADARB1	21
203866_at	54475	NLE1	17
203867_s_at	54475	NLE1	17
203868_s_at	7412	VCAM1	1
203869_at	64854	USP46	4
203870_at	64854	USP46	4
203871_at	26168	SENP3	17
203872_at	58	ACTA1	1
203873_at	6594	SMARCA1	X
203874_s_at	6594	SMARCA1	X
203875_at	6594	SMARCA1	X
203876_s_at	4320	MMP11	22
203877_at	4320	MMP11	22
203878_s_at	4320	MMP11	22
203879_at	5293	PIK3CD	1
203880_at	10063	COX17	3
203881_s_at	1756	DMD	X
203882_at	10379	IRF9	14
203883_s_at	22841	RAB11FIP2	10
203884_s_at	22841	RAB11FIP2	10
203885_at	23011	RAB21	12
203886_s_at	2199	FBLN2	3
203887_s_at	7056	THBD	20
203888_at	7056	THBD	20
203889_at	6447	SCG5	15
203890_s_at	1613	DAPK3	19
203891_s_at	1613	DAPK3	19
203892_at	10406	WFDC2	20
203893_at	102157402	AK6	5
203894_at	27175	TUBG2	17
203895_at	5332	PLCB4	20
203896_s_at	5332	PLCB4	20
203897_at	57149	LYRM1	16
203898_at	27297	CRCP	7
203899_s_at	27297	CRCP	7
203900_at	23334	SZT2	1
203901_at	10454	TAB1	22
203902_at	9843	HEPH	X
203903_s_at	9843	HEPH	X
203904_x_at	3732	CD82	11
203905_at	5073	PARN	16
203906_at	9922	IQSEC1	3
203907_s_at	9922	IQSEC1	3
203908_at	8671	SLC4A4	4
203909_at	10479	SLC9A6	X
203910_at	9411	ARHGAP29	1
203911_at	5909	RAP1GAP	1
203912_s_at	1774	DNASE1L1	X
203913_s_at	3248	HPGD	4
203914_x_at	3248	HPGD	4
203915_at	4283	CXCL9	4
203916_at	8509	NDST2	10
203917_at	1525	CXADR	21
203918_at	5097	PCDH1	5
203919_at	6919	TCEA2	20
203920_at	10062	NR1H3	11
203921_at	9435	CHST2	3
203922_s_at	1536	CYBB	X
203923_s_at	1536	CYBB	X
203925_at	2730	GCLM	1
203926_x_at	513	ATP5F1D	19
203927_at	4794	NFKBIE	6
203928_x_at	4137	MAPT	17
203929_s_at	4137	MAPT	17
203930_s_at	4137	MAPT	17
203931_s_at	6182	MRPL12	17
203932_at	3109	HLA-DMB	6
203933_at	9727	RAB11FIP3	16
203934_at	3791	KDR	4
203935_at	90	ACVR1	2
203936_s_at	4318	MMP9	20
203937_s_at	9013	TAF1C	16
203938_s_at	9013	TAF1C	16
203939_at	4907	NT5E	6
203940_s_at	22846	VASH1	14
203941_at	55756	INTS9	8
203942_s_at	2011	MARK2	11
203943_at	9371	KIF3B	20
203944_x_at	11120	BTN2A1	6
203945_at	384	ARG2	14
203946_s_at	384	ARG2	14
203947_at	1479	CSTF3	11
203948_s_at	4353	MPO	17
203949_at	4353	MPO	17
203950_s_at	1185	CLCN6	1
203951_at	1264	CNN1	19
203952_at	22926	ATF6	1
203953_s_at	1365	CLDN3	7
203954_x_at	1365	CLDN3	7
203955_at	9858	PPP1R26	9
203956_at	22880	MORC2	22
203957_at	1876	E2F6	2
203958_s_at	9923	ZBTB40	1
203959_s_at	9923	ZBTB40	1
203960_s_at	51668	IFT25	1
203961_at	10529	NEBL	10
203962_s_at	10529	NEBL	10
203963_at	771	CA12	15
203964_at	9111	NMI	2
203965_at	10868	USP20	9
203966_s_at	5494	PPM1A	14
203967_at	990	CDC6	17
203968_s_at	990	CDC6	17
203969_at	8504	PEX3	6
203970_s_at	8504	PEX3	6
203971_at	1317	SLC31A1	9
203972_s_at	8504	PEX3	6
203973_s_at	1052	CEBPD	8
203974_at	8226	PUDP	X
203975_s_at	10036	CHAF1A	19
203976_s_at	10036	CHAF1A	19
203977_at	6901	TAFAZZIN	X
203978_at	4682	NUBP1	16
203979_at	1593	CYP27A1	2
203980_at	2167	FABP4	8
203981_s_at	5826	ABCD4	14
203982_s_at	5826	ABCD4	14
203983_at	7257	TSNAX	1
203984_s_at	842	CASP9	1
203985_at	7988	ZNF212	7
203987_at	8323	FZD6	8
203988_s_at	2530	FUT8	14
203989_x_at	2149	F2R	5
203990_s_at	7403	KDM6A	X
203991_s_at	7403	KDM6A	X
203992_s_at	7403	KDM6A	X
203993_x_at	755	CFAP410	21
203994_s_at	755	CFAP410	21
203995_at	755	CFAP410	21
203996_s_at	755	CFAP410	21
203997_at	5774	PTPN3	9
203998_s_at	6857	SYT1	12
203999_at	6857	SYT1	12
204000_at	10681	GNB5	15
204001_at	6619	SNAPC3	9
204002_s_at	3382	ICA1	7
204003_s_at	11097	NUP42	7
204004_at	5074	PAWR	12
204005_s_at	5074	PAWR	12
204007_at	2215	FCGR3B	1
204008_at	10126	DNAL4	22
204009_s_at	3845	KRAS	12
204010_s_at	3845	KRAS	12
204011_at	10253	SPRY2	13
204012_s_at	9836	LCMT2	15
204013_s_at	9836	LCMT2	15
204014_at	1846	DUSP4	8
204015_s_at	1846	DUSP4	8
204016_at	23395	LARS2	3
204017_at	11015	KDELR3	22
204019_s_at	26751	SH3YL1	2
204020_at	5813	PURA	5
204021_s_at	5813	PURA	5
204022_at	11060	WWP2	16
204023_at	5984	RFC4	3
204024_at	734	OSGIN2	8
204025_s_at	5134	PDCD2	6
204026_s_at	11130	ZWINT	10
204027_s_at	4234	METTL1	12
204029_at	1952	CELSR2	1
204031_s_at	5094	PCBP2	12
204032_at	8412	BCAR3	1
204033_at	9319	TRIP13	5
204034_at	23474	ETHE1	19
204035_at	7857	SCG2	2
204036_at	1902	LPAR1	9
204037_at	1902	LPAR1	9
204038_s_at	1902	LPAR1	9
204039_at	1050	CEBPA	19
204040_at	9781	RNF144A	2
204041_at	4129	MAOB	X
204042_at	10810	WASF3	13
204043_at	6948	TCN2	22
204044_at	23475	QPRT	16
204045_at	9338	TCEAL1	X
204046_at	5330	PLCB2	15
204047_s_at	9749	PHACTR2	6
204048_s_at	9749	PHACTR2	6
204049_s_at	9749	PHACTR2	6
204050_s_at	1211	CLTA	9
204051_s_at	6424	SFRP4	7
204052_s_at	6424	SFRP4	7
204053_x_at	5728	PTEN	10
204054_at	5728	PTEN	10
204055_s_at	4253	MIA2	14
204056_s_at	4598	MVK	12
204057_at	3394	IRF8	16
204058_at	4199	ME1	6
204059_s_at	4199	ME1	6
204061_at	5613	PRKX	X
204062_s_at	9706	ULK2	17
204063_s_at	9706	ULK2	17
204064_at	9984	THOC1	18
204065_at	9486	CHST10	2
204066_s_at	116987	AGAP1	2
204067_at	6821	SUOX	12
204068_at	6788	STK3	8
204069_at	4211	MEIS1	2
204070_at	5920	PLAAT4	11
204071_s_at	10210	TOPORS	9
204072_s_at	10129	FRY	13
204073_s_at	745	MYRF	11
204074_s_at	9731	CEP104	1
204075_s_at	9731	CEP104	1
204076_at	9583	ENTPD4	8
204077_x_at	9583	ENTPD4	8
204078_at	10609	P3H4	17
204079_at	8459	TPST2	22
204080_at	114034	TOE1	1
204081_at	4900	NRGN	11
204082_at	5090	PBX3	9
204083_s_at	7169	TPM2	9
204084_s_at	1203	CLN5	13
204085_s_at	1203	CLN5	13
204086_at	23532	PRAME	22
204087_s_at	8884	SLC5A6	2
204088_at	5025	P2RX4	12
204089_x_at	4216	MAP3K4	6
204090_at	8859	STK19	6
204091_at	5147	PDE6D	2
204092_s_at	6790	AURKA	20
204093_at	902	CCNH	5
204094_s_at	9819	TSC22D2	3
204095_s_at	8178	ELL	19
204096_s_at	8178	ELL	19
204097_s_at	51634	RBMX2	X
204098_at	51634	RBMX2	X
204099_at	6604	SMARCD3	7
204100_at	7067	THRA	17
204101_at	4534	MTM1	X
204102_s_at	1938	EEF2	19
204103_at	6351	CCL4	17
204104_at	6618	SNAPC2	19
204105_s_at	4897	NRCAM	7
204106_at	7016	TESK1	9
204107_at	4800	NFYA	6
204108_at	4800	NFYA	6
204109_s_at	4800	NFYA	6
204110_at	3176	HNMT	2
204111_at	3176	HNMT	2
204112_s_at	3176	HNMT	2
204113_at	10658	CELF1	11
204114_at	22795	NID2	14
204115_at	2791	GNG11	7
204116_at	3561	IL2RG	X
204117_at	5550	PREP	6
204118_at	962	CD48	1
204119_s_at	132	ADK	10
204120_s_at	132	ADK	10
204121_at	10912	GADD45G	9
204122_at	7305	TYROBP	19
204123_at	3980	LIG3	17
204124_at	10568	SLC34A2	4
204125_at	51103	NDUFAF1	15
204126_s_at	8318	CDC45	22
204127_at	5983	RFC3	13
204128_s_at	5983	RFC3	13
204129_at	607	BCL9	1
204130_at	3291	HSD11B2	16
204131_s_at	2309	FOXO3	6
204133_at	9136	RRP9	3
204134_at	5138	PDE2A	11
204135_at	11259	FILIP1L	3
204136_at	1294	COL7A1	3
204137_at	7107	GPR137B	1
204138_s_at	7593	MZF1	19
204139_x_at	7593	MZF1	19
204140_at	8460	TPST1	7
204141_at	7280	TUBB2A	6
204142_at	55556	ENOSF1	18
204143_s_at	55556	ENOSF1	18
204144_s_at	9091	PIGQ	16
204145_at	2483	FRG1	4
204146_at	10635	RAD51AP1	12
204147_s_at	7027	TFDP1	13
204149_s_at	2948	GSTM4	1
204150_at	23166	STAB1	3
204151_x_at	1645	AKR1C1	10
204152_s_at	4242	MFNG	22
204153_s_at	4242	MFNG	22
204154_at	1036	CDO1	5
204155_s_at	23387	SIK3	11
204156_at	23387	SIK3	11
204157_s_at	23387	SIK3	11
204158_s_at	10312	TCIRG1	11
204159_at	1031	CDKN2C	1
204160_s_at	22875	ENPP4	6
204161_s_at	22875	ENPP4	6
204162_at	10403	NDC80	18
204163_at	11117	EMILIN1	2
204164_at	6494	SIPA1	11
204165_at	8936	WASF1	6
204166_at	22904	SBNO2	19
204167_at	686	BTD	3
204168_at	4258	MGST2	4
204169_at	3614	IMPDH1	7
204170_s_at	1164	CKS2	9
204171_at	6198	RPS6KB1	17
204172_at	1371	CPOX	3
204173_at	140465	MYL6B	12
204174_at	241	ALOX5AP	13
204175_at	51042	ZNF593	1
204176_at	27252	KLHL20	1
204177_s_at	27252	KLHL20	1
204178_s_at	10432	RBM14	11
204179_at	4151	MB	22
204180_s_at	23099	ZBTB43	9
204181_s_at	23099	ZBTB43	9
204182_s_at	23099	ZBTB43	9
204183_s_at	157	GRK3	22
204184_s_at	157	GRK3	22
204185_x_at	5481	PPID	4
204186_s_at	5481	PPID	4
204187_at	2766	GMPR	6
204188_s_at	5916	RARG	12
204189_at	5916	RARG	12
204190_at	10208	USPL1	13
204191_at	3454	IFNAR1	21
204192_at	951	CD37	19
204193_at	1120	CHKB	22
204194_at	571	BACH1	21
204195_s_at	5316	PKNOX1	21
204196_x_at	5316	PKNOX1	21
204197_s_at	864	RUNX3	1
204198_s_at	864	RUNX3	1
204199_at	9649	RALGPS1	9
204200_s_at	5155	PDGFB	22
204201_s_at	5783	PTPN13	4
204202_at	23288	IQCE	7
204203_at	1054	CEBPG	19
204204_at	1318	SLC31A2	9
204205_at	60489	APOBEC3G	22
204206_at	4335	MNT	17
204207_s_at	8732	RNGTT	6
204208_at	8732	RNGTT	6
204209_at	5130	PCYT1A	3
204210_s_at	5130	PCYT1A	3
204211_x_at	5610	EIF2AK2	2
204212_at	10005	ACOT8	20
204213_at	5284	PIGR	1
204214_s_at	10981	RAB32	6
204215_at	79161	TMEM243	7
204216_s_at	79882	ZC3H14	14
204217_s_at	6253	RTN2	19
204218_at	25906	ANAPC15	11
204219_s_at	5700	PSMC1	14
204220_at	9535	GMFG	19
204221_x_at	11010	GLIPR1	12
204222_s_at	11010	GLIPR1	12
204223_at	5549	PRELP	1
204224_s_at	2643	GCH1	14
204225_at	9759	HDAC4	2
204226_at	27067	STAU2	8
204227_s_at	7084	TK2	16
204228_at	10465	PPIH	1
204229_at	57030	SLC17A7	19
204230_s_at	57030	SLC17A7	19
204231_s_at	2166	FAAH	1
204232_at	2207	FCER1G	1
204233_s_at	1119	CHKA	11
204234_s_at	7748	ZNF195	11
204235_s_at	51454	GULP1	2
204236_at	2313	FLI1	11
204237_at	51454	GULP1	2
204238_s_at	10591	DNPH1	6
204239_s_at	4826	NNAT	20
204240_s_at	10592	SMC2	9
204241_at	8310	ACOX3	4
204242_s_at	8310	ACOX3	4
204243_at	6018	RLF	1
204244_s_at	10926	DBF4	7
204245_s_at	11102	RPP14	3
204246_s_at	11258	DCTN3	9
204247_s_at	1020	CDK5	7
204248_at	2767	GNA11	19
204249_s_at	4005	LMO2	11
204250_s_at	22897	CEP164	11
204251_s_at	22897	CEP164	11
204252_at	1017	CDK2	12
204253_s_at	7421	VDR	12
204254_s_at	7421	VDR	12
204255_s_at	7421	VDR	12
204256_at	79071	ELOVL6	4
204257_at	3995	FADS3	11
204258_at	1105	CHD1	5
204259_at	4316	MMP7	11
204260_at	1114	CHGB	20
204261_s_at	5664	PSEN2	1
204262_s_at	5664	PSEN2	1
204263_s_at	1376	CPT2	1
204264_at	1376	CPT2	1
204265_s_at	63940	GPSM3	6
204266_s_at	1119	CHKA	11
204267_x_at	9088	PKMYT1	16
204268_at	6273	S100A2	1
204269_at	11040	PIM2	X
204270_at	6497	SKI	1
204271_s_at	1910	EDNRB	13
204272_at	3960	LGALS4	19
204273_at	1910	EDNRB	13
204274_at	9166	EBAG9	8
204275_at	6650	CAPN15	16
204276_at	7084	TK2	16
204277_s_at	7084	TK2	16
204278_s_at	9166	EBAG9	8
204279_at	5698	PSMB9	6
204280_at	10636	RGS14	5
204281_at	7004	TEAD4	12
204282_s_at	10667	FARS2	6
204283_at	10667	FARS2	6
204284_at	5507	PPP1R3C	10
204285_s_at	5366	PMAIP1	18
204286_s_at	5366	PMAIP1	18
204287_at	9145	SYNGR1	22
204288_s_at	8470	SORBS2	4
204289_at	4329	ALDH6A1	14
204290_s_at	4329	ALDH6A1	14
204291_at	9849	ZNF518A	10
204292_x_at	6794	STK11	19
204293_at	6448	SGSH	17
204294_at	275	AMT	3
204295_at	6834	SURF1	9
204297_at	5289	PIK3C3	18
204298_s_at	4015	LOX	5
204299_at	10772	SRSF10	1
204300_at	5188	GATB	4
204301_at	9920	KBTBD11	8
204302_s_at	9811	CTIF	18
204303_s_at	9811	CTIF	18
204304_s_at	8842	PROM1	4
204305_at	4285	MIPEP	13
204306_s_at	977	CD151	11
204307_at	9895	TECPR2	14
204308_s_at	9895	TECPR2	14
204309_at	1583	CYP11A1	15
204310_s_at	4882	NPR2	9
204311_at	482	ATP1B2	17
204312_x_at	1385	CREB1	2
204313_s_at	1385	CREB1	2
204314_s_at	1385	CREB1	2
204315_s_at	51512	GTSE1	22
204316_at	6001	RGS10	10
204318_s_at	51512	GTSE1	22
204319_s_at	6001	RGS10	10
204320_at	1301	COL11A1	1
204321_at	4756	NEO1	15
204322_at	27333	GOLIM4	3
204323_x_at	4763	NF1	17
204324_s_at	27333	GOLIM4	3
204325_s_at	4763	NF1	17
204326_x_at	4501	MT1X	16
204327_s_at	7753	ZNF202	11
204328_at	11322	TMC6	17
204329_s_at	7753	ZNF202	11
204330_s_at	6183	MRPS12	19
204331_s_at	6183	MRPS12	19
204332_s_at	175	AGA	4
204333_s_at	175	AGA	4
204334_at	8609	KLF7	2
204335_at	55702	YJU2	19
204336_s_at	10287	RGS19	20
204337_at	5999	RGS4	1
204338_s_at	5999	RGS4	1
204339_s_at	5999	RGS4	1
204340_at	8269	TMEM187	X
204341_at	10626	TRIM16	17
204342_at	29957	SLC25A24	1
204343_at	21	ABCA3	16
204344_s_at	10484	SEC23A	14
204345_at	1307	COL16A1	1
204346_s_at	11186	RASSF1	3
204347_at	205	AK4	1
204348_s_at	205	AK4	1
204349_at	9443	MED7	5
204350_s_at	9443	MED7	5
204351_at	6286	S100P	4
204352_at	7188	TRAF5	1
204353_s_at	25913	POT1	7
204354_at	25913	POT1	7
204355_at	22907	DHX30	3
204356_at	3984	LIMK1	7
204357_s_at	3984	LIMK1	7
204358_s_at	23768	FLRT2	14
204359_at	23768	FLRT2	14
204360_s_at	4669	NAGLU	17
204361_s_at	8935	SKAP2	7
204362_at	8935	SKAP2	7
204363_at	2152	F3	1
204364_s_at	65055	REEP1	2
204365_s_at	65055	REEP1	2
204366_s_at	2976	GTF3C2	2
204367_at	6668	SP2	17
204368_at	6578	SLCO2A1	3
204369_at	5290	PIK3CA	3
204370_at	10978	CLP1	11
204371_s_at	8570	KHSRP	19
204372_s_at	8570	KHSRP	19
204373_s_at	9857	CEP350	1
204374_s_at	2584	GALK1	17
204375_at	9746	CLSTN3	12
204376_at	9730	DCAF1	3
204377_s_at	9730	DCAF1	3
204378_at	8537	BCAS1	20
204379_s_at	2261	FGFR3	4
204380_s_at	2261	FGFR3	4
204381_at	4037	LRP3	19
204382_at	26151	NAT9	17
204383_at	8220	ESS2	22
204384_at	2801	GOLGA2	9
204385_at	8942	KYNU	2
204386_s_at	78988	MRPL57	13
204387_x_at	78988	MRPL57	13
204388_s_at	4128	MAOA	X
204389_at	4128	MAOA	X
204390_at	8805	TRIM24	7
204391_x_at	8805	TRIM24	7
204392_at	8536	CAMK1	3
204393_s_at	55	ACP3	3
204394_at	8501	SLC43A1	11
204395_s_at	2869	GRK5	10
204396_s_at	2869	GRK5	10
204397_at	24139	EML2	19
204398_s_at	24139	EML2	19
204399_s_at	24139	EML2	19
204400_at	10278	EFS	14
204401_at	3783	KCNN4	19
204402_at	25807	RHBDD3	22
204403_x_at	9747	TCAF1	7
204404_at	6558	SLC12A2	5
204405_x_at	27292	DIMT1	5
204406_at	2321	FLT1	13
204407_at	8458	TTF2	1
204408_at	27301	APEX2	X
204409_s_at	9086	EIF1AY	Y
204410_at	9086	EIF1AY	Y
204411_at	23046	KIF21B	1
204412_s_at	4744	NEFH	22
204413_at	7186	TRAF2	9
204414_at	9215	LARGE1	22
204415_at	2537	IFI6	1
204416_x_at	341	APOC1	19
204417_at	2581	GALC	14
204418_x_at	2946	GSTM2	1
204419_x_at	3048	HBG2	11
204420_at	8061	FOSL1	11
204421_s_at	2247	FGF2	4
204422_s_at	2247	FGF2	4
204423_at	4289	MKLN1	7
204424_s_at	55885	LMO3	12
204425_at	393	ARHGAP4	X
204426_at	10959	TMED2	12
204427_s_at	10959	TMED2	12
204428_s_at	3931	LCAT	16
204429_s_at	6518	SLC2A5	1
204430_s_at	6518	SLC2A5	1
204431_at	7089	TLE2	19
204432_at	6666	SOX12	20
204433_s_at	9825	SPATA2	20
204434_at	9825	SPATA2	20
204435_at	9818	NUP58	13
204436_at	80301	PLEKHO2	15
204437_s_at	2348	FOLR1	11
204438_at	4360	MRC1	10
204439_at	10964	IFI44L	1
204440_at	9308	CD83	6
204441_s_at	23649	POLA2	11
204442_x_at	8425	LTBP4	19
204443_at	410	ARSA	22
204444_at	3832	KIF11	10
204445_s_at	240	ALOX5	10
204446_s_at	240	ALOX5	10
204447_at	9762	LZTS3	20
204448_s_at	5082	PDCL	9
204449_at	5082	PDCL	9
204450_x_at	335	APOA1	11
204451_at	8321	FZD1	7
204452_s_at	8321	FZD1	7
204453_at	7637	ZNF84	12
204454_at	23641	LDOC1	X
204455_at	667	DST	6
204456_s_at	2619	GAS1	9
204457_s_at	2619	GAS1	9
204458_at	23659	PLA2G15	16
204459_at	1478	CSTF2	X
204460_s_at	5810	RAD1	5
204461_x_at	5810	RAD1	5
204462_s_at	6567	SLC16A2	X
204463_s_at	1909	EDNRA	4
204464_s_at	1909	EDNRA	4
204465_s_at	9118	INA	10
204466_s_at	6622	SNCA	4
204467_s_at	6622	SNCA	4
204468_s_at	7075	TIE1	1
204469_at	5803	PTPRZ1	7
204470_at	2919	CXCL1	4
204471_at	2596	GAP43	3
204472_at	2669	GEM	8
204473_s_at	9640	ZNF592	15
204474_at	7701	ZNF142	2
204475_at	4312	MMP1	11
204476_s_at	5091	PC	11
204477_at	5877	RABIF	1
204478_s_at	5877	RABIF	1
204479_at	26578	OSTF1	9
204480_s_at	79095	BBLN	9
204481_at	7862	BRPF1	3
204482_at	7122	CLDN5	22
204483_at	2027	ENO3	17
204484_at	5287	PIK3C2B	1
204485_s_at	10040	TOM1L1	17
204487_s_at	3784	KCNQ1	11
204488_at	22845	DOLK	9
204489_s_at	960	CD44	11
204490_s_at	960	CD44	11
204491_at	5144	PDE4D	5
204492_at	9824	ARHGAP11A	15
204493_at	637	BID	22
204494_s_at	56905	C15orf39	15
204495_s_at	56905	C15orf39	15
204496_at	29966	STRN3	14
204497_at	115	ADCY9	16
204498_s_at	115	ADCY9	16
204499_at	23287	AGTPBP1	9
204500_s_at	23287	AGTPBP1	9
204501_at	4856	CCN3	8
204502_at	25939	SAMHD1	20
204503_at	2125	EVPL	17
204504_s_at	8479	HIRIP3	16
204505_s_at	2039	DMTN	8
204506_at	5534	PPP3R1	2
204507_s_at	5534	PPP3R1	2
204508_s_at	771	CA12	15
204509_at	771	CA12	15
204510_at	8317	CDC7	1
204511_at	9855	FARP2	2
204512_at	3096	HIVEP1	6
204513_s_at	9844	ELMO1	7
204514_at	1802	DPH2	1
204515_at	3283	HSD3B1	1
204516_at	6314	ATXN7	3
204517_at	5480	PPIC	5
204518_s_at	5480	PPIC	5
204519_s_at	51090	PLLP	16
204520_x_at	23774	BRD1	22
204521_at	29902	FAM216A	12
204522_at	1797	DXO	6
204523_at	7699	ZNF140	12
204524_at	5170	PDPK1	16
204525_at	9678	PHF14	7
204526_s_at	11138	TBC1D8	2
204527_at	4644	MYO5A	15
204528_s_at	4673	NAP1L1	12
204529_s_at	9760	TOX	8
204530_s_at	9760	TOX	8
204531_s_at	672	BRCA1	17
204533_at	3627	CXCL10	4
204534_at	7448	VTN	17
204535_s_at	5978	REST	4
204536_s_at	5978	REST	4
204537_s_at	2564	GABRE	X
204538_x_at	9284	NPIPA1	16
204539_s_at	9620	CELSR1	22
204540_at	1917	EEF1A2	20
204541_at	23541	SEC14L2	22
204542_at	10610	ST6GALNAC2	17
204543_at	2889	RAPGEF1	9
204544_at	11234	HPS5	11
204545_at	5190	PEX6	6
204546_at	9764	KIAA0513	16
204547_at	10966	RAB40B	17
204548_at	6770	STAR	8
204549_at	9641	IKBKE	1
204550_x_at	2944	GSTM1	1
204551_s_at	197	AHSG	3
204552_at	3631	INPP4A	2
204553_x_at	3631	INPP4A	2
204554_at	5509	PPP1R3D	20
204555_s_at	5509	PPP1R3D	20
204556_s_at	22873	DZIP1	13
204557_s_at	22873	DZIP1	13
204558_at	8438	RAD54L	1
204559_s_at	51690	LSM7	19
204560_at	2289	FKBP5	6
204562_at	3662	IRF4	6
204563_at	6402	SELL	1
204564_at	10336	PCGF3	4
204565_at	55856	ACOT13	6
204566_at	8493	PPM1D	17
204567_s_at	9619	ABCG1	21
204568_at	22863	ATG14	14
204569_at	22858	CILK1	6
204570_at	1346	COX7A1	19
204571_x_at	5303	PIN4	X
204572_s_at	5303	PIN4	X
204573_at	54677	CROT	7
204574_s_at	4327	MMP19	12
204575_s_at	4327	MMP19	12
204576_s_at	23059	CLUAP1	16
204577_s_at	23059	CLUAP1	16
204578_at	9677	PPIP5K1	15
204579_at	2264	FGFR4	5
204580_at	4321	MMP12	11
204581_at	933	CD22	19
204582_s_at	354	KLK3	19
204583_x_at	354	KLK3	19
204584_at	3897	L1CAM	X
204585_s_at	3897	L1CAM	X
204586_at	8927	BSN	3
204587_at	9016	SLC25A14	X
204588_s_at	9056	SLC7A7	14
204589_at	9891	NUAK1	12
204590_x_at	65082	VPS33A	12
204591_at	10752	CHL1	3
204592_at	1742	DLG4	17
204593_s_at	54471	MIEF1	22
204594_s_at	54471	MIEF1	22
204595_s_at	6781	STC1	8
204596_s_at	6781	STC1	8
204597_x_at	6781	STC1	8
204598_at	22888	UBOX5	20
204599_s_at	10573	MRPL28	16
204600_at	2049	EPHB3	3
204601_at	9683	N4BP1	16
204602_at	22943	DKK1	10
204603_at	9156	EXO1	1
204604_at	5218	CDK14	7
204605_at	10668	CGRRF1	14
204606_at	6366	CCL21	9
204607_at	3158	HMGCS2	1
204608_at	435	ASL	7
204609_at	11007	CCDC85B	11
204610_s_at	11007	CCDC85B	11
204611_s_at	5526	PPP2R5B	11
204612_at	5569	PKIA	8
204613_at	5336	PLCG2	16
204614_at	5055	SERPINB2	18
204615_x_at	3422	IDI1	10
204616_at	7347	UCHL3	13
204617_s_at	65057	ACD	16
204619_s_at	1462	VCAN	5
204620_s_at	1462	VCAN	5
204621_s_at	4929	NR4A2	2
204622_x_at	4929	NR4A2	2
204623_at	7033	TFF3	21
204624_at	540	ATP7B	13
204625_s_at	3690	ITGB3	17
204626_s_at	3690	ITGB3	17
204627_s_at	3690	ITGB3	17
204628_s_at	3690	ITGB3	17
204629_at	29780	PARVB	22
204630_s_at	9527	GOSR1	17
204631_at	4620	MYH2	17
204632_at	8986	RPS6KA4	11
204633_s_at	9252	RPS6KA5	14
204634_at	6787	NEK4	3
204635_at	9252	RPS6KA5	14
204636_at	1308	COL17A1	10
204637_at	1081	CGA	6
204638_at	54	ACP5	19
204639_at	100	ADA	20
204640_s_at	8405	SPOP	17
204641_at	4751	NEK2	1
204642_at	1901	S1PR1	1
204643_s_at	10495	ENOX2	X
204644_at	10495	ENOX2	X
204645_at	905	CCNT2	2
204646_at	1806	DPYD	1
204647_at	9454	HOMER3	19
204648_at	4881	NPR1	1
204649_at	10024	TROAP	12
204650_s_at	10307	APBB3	5
204651_at	4899	NRF1	7
204652_s_at	4899	NRF1	7
204653_at	7020	TFAP2A	6
204654_s_at	7020	TFAP2A	6
204655_at	6352	CCL5	17
204656_at	6461	SHB	9
204657_s_at	6461	SHB	9
204658_at	29896	TRA2A	7
204659_s_at	2671	GFER	16
204660_at	2671	GFER	16
204661_at	1043	CD52	1
204662_at	9738	CCP110	16
204663_at	10873	ME3	11
204664_at	250	ALPP	2
204665_at	80143	SIKE1	1
204666_s_at	80143	SIKE1	1
204667_at	3169	FOXA1	14
204668_at	11237	RNF24	20
204669_s_at	11237	RNF24	20
204671_s_at	22881	ANKRD6	6
204672_s_at	22881	ANKRD6	6
204673_at	4583	MUC2	11
204674_at	4033	IRAG2	12
204675_at	6715	SRD5A1	5
204676_at	25880	TMEM186	16
204677_at	1003	CDH5	16
204678_s_at	3775	KCNK1	1
204679_at	3775	KCNK1	1
204680_s_at	9771	RAPGEF5	7
204681_s_at	9771	RAPGEF5	7
204682_at	4053	LTBP2	14
204683_at	3384	ICAM2	17
204684_at	4884	NPTX1	17
204685_s_at	491	ATP2B2	3
204686_at	3667	IRS1	2
204687_at	25849	PARM1	4
204688_at	8910	SGCE	7
204689_at	3087	HHEX	10
204690_at	9482	STX8	17
204691_x_at	8398	PLA2G6	22
204693_at	11135	CDC42EP1	22
204694_at	174	AFP	4
204695_at	993	CDC25A	3
204696_s_at	993	CDC25A	3
204697_s_at	1113	CHGA	14
204698_at	3669	ISG20	15
204699_s_at	27042	UTP25	1
204700_x_at	27042	UTP25	1
204701_s_at	9399	STOML1	15
204702_s_at	9603	NFE2L3	7
204703_at	8100	IFT88	13
204704_s_at	229	ALDOB	9
204705_x_at	229	ALDOB	9
204706_at	56623	INPP5E	9
204707_s_at	5596	MAPK4	18
204708_at	5596	MAPK4	18
204709_s_at	9493	KIF23	15
204710_s_at	26100	WIPI2	7
204711_at	9851	KIAA0753	17
204712_at	11197	WIF1	12
204713_s_at	2153	F5	1
204714_s_at	2153	F5	1
204715_at	24145	PANX1	11
204716_at	8030	CCDC6	10
204717_s_at	3177	SLC29A2	11
204718_at	2051	EPHB6	7
204719_at	10351	ABCA8	17
204720_s_at	9829	DNAJC6	1
204721_s_at	9829	DNAJC6	1
204722_at	55800	SCN3B	11
204723_at	55800	SCN3B	11
204724_s_at	1299	COL9A3	20
204725_s_at	4690	NCK1	3
204726_at	1012	CDH13	16
204727_at	11169	WDHD1	14
204728_s_at	11169	WDHD1	14
204729_s_at	6804	STX1A	7
204730_at	9783	RIMS3	1
204731_at	7049	TGFBR3	1
204732_s_at	373	TRIM23	5
204733_at	5653	KLK6	19
204734_at	3866	KRT15	17
204735_at	5141	PDE4A	19
204736_s_at	1464	CSPG4	15
204738_s_at	889	KRIT1	7
204739_at	1060	CENPC	4
204740_at	10256	CNKSR1	1
204741_at	636	BICD1	12
204742_s_at	23047	PDS5B	13
204743_at	29114	TAGLN3	3
204744_s_at	3376	IARS1	9
204745_x_at	4495	MT1G	16
204746_s_at	9463	PICK1	22
204747_at	3437	IFIT3	10
204748_at	5743	PTGS2	1
204749_at	4675	NAP1L3	X
204750_s_at	1824	DSC2	18
204751_x_at	1824	DSC2	18
204752_x_at	10038	PARP2	14
204753_s_at	3131	HLF	17
204754_at	3131	HLF	17
204755_x_at	3131	HLF	17
204756_at	5607	MAP2K5	15
204757_s_at	9854	C2CD2L	11
204758_s_at	9854	C2CD2L	11
204759_at	1102	RCBTB2	13
204761_at	9712	USP6NL	10
204762_s_at	2775	GNAO1	16
204763_s_at	2775	GNAO1	16
204765_at	7984	ARHGEF5	7
204766_s_at	4521	NUDT1	7
204767_s_at	2237	FEN1	11
204768_s_at	2237	FEN1	11
204769_s_at	6891	TAP2	6
204770_at	6891	TAP2	6
204771_s_at	7270	TTF1	9
204772_s_at	7270	TTF1	9
204773_at	3590	IL11RA	9
204774_at	2123	EVI2A	17
204775_at	8208	CHAF1B	21
204776_at	7060	THBS4	5
204777_s_at	4118	MAL	2
204778_x_at	3217	HOXB7	17
204779_s_at	3217	HOXB7	17
204780_s_at	355	FAS	10
204781_s_at	355	FAS	10
204782_at	4291	MLF1	3
204783_at	4291	MLF1	3
204784_s_at	4291	MLF1	3
204785_x_at	3455	IFNAR2	21
204786_s_at	3455	IFNAR2	21
204787_at	11326	VSIG4	X
204788_s_at	5498	PPOX	1
204789_at	752	FMNL1	17
204790_at	4092	SMAD7	18
204791_at	7181	NR2C1	12
204792_s_at	9742	IFT140	16
204793_at	9737	GPRASP1	X
204794_at	1844	DUSP2	2
204795_at	80742	PRR3	6
204796_at	2009	EML1	14
204797_s_at	2009	EML1	14
204798_at	4602	MYB	6
204799_at	9889	ZBED4	22
204800_s_at	79758	DHRS12	13
204801_s_at	79758	DHRS12	13
204802_at	6236	RRAD	16
204803_s_at	6236	RRAD	16
204804_at	6737	TRIM21	11
204805_s_at	8971	H1-10	3
204806_x_at	3134	HLA-F	6
204807_at	10329	RXYLT1	12
204808_s_at	10329	RXYLT1	12
204809_at	10845	CLPX	15
204810_s_at	1158	CKM	19
204811_s_at	9254	CACNA2D2	3
204812_at	9183	ZW10	11
204813_at	5602	MAPK10	4
204814_at	8618	CADPS	3
204815_s_at	9704	DHX34	19
204816_s_at	9704	DHX34	19
204817_at	9700	ESPL1	12
204818_at	3294	HSD17B2	16
204819_at	2245	FGD1	X
204821_at	10384	BTN3A3	6
204822_at	7272	TTK	6
204823_at	89795	NAV3	12
204824_at	2021	ENDOG	9
204825_at	9833	MELK	9
204826_at	899	CCNF	16
204827_s_at	899	CCNF	16
204828_at	5883	RAD9A	11
204829_s_at	2350	FOLR2	11
204830_x_at	5673	PSG5	19
204831_at	1024	CDK8	13
204832_s_at	657	BMPR1A	10
204833_at	9140	ATG12	5
204834_at	10875	FGL2	7
204835_at	5422	POLA1	X
204836_at	2731	GLDC	9
204837_at	66036	MTMR9	8
204838_s_at	27030	MLH3	14
204839_at	51367	POP5	12
204840_s_at	8411	EEA1	12
204841_s_at	8411	EEA1	12
204842_x_at	5576	PRKAR2A	3
204843_s_at	5576	PRKAR2A	3
204844_at	2028	ENPEP	4
204845_s_at	2028	ENPEP	4
204846_at	1356	CP	3
204847_at	27107	ZBTB11	3
204849_at	10732	TCFL5	20
204850_s_at	1641	DCX	X
204851_s_at	1641	DCX	X
204852_s_at	5778	PTPN7	1
204853_at	4999	ORC2	2
204854_at	10536	P3H3	12
204855_at	5268	SERPINB5	18
204856_at	10331	B3GNT3	19
204857_at	8379	MAD1L1	7
204858_s_at	1890	TYMP	22
204859_s_at	317	APAF1	12
204860_s_at	4671	NAIP	5
204861_s_at	4671	NAIP	5
204862_s_at	4832	NME3	16
204863_s_at	3572	IL6ST	5
204864_s_at	3572	IL6ST	5
204865_at	761	CA3	8
204866_at	9767	JADE3	X
204867_at	2644	GCHFR	15
204868_at	3396	MRPL58	17
204869_at	5126	PCSK2	20
204870_s_at	5126	PCSK2	20
204871_at	7978	MTERF1	7
204872_at	7091	TLE4	9
204873_at	5189	PEX1	7
204874_x_at	8938	BAIAP3	16
204875_s_at	2762	GMDS	6
204876_at	9726	ZNF646	16
204877_s_at	9344	TAOK2	16
204878_s_at	9344	TAOK2	16
204879_at	10630	PDPN	1
204880_at	4255	MGMT	10
204881_s_at	7357	UGCG	9
204882_at	9938	ARHGAP25	2
204883_s_at	3364	HUS1	7
204884_s_at	3364	HUS1	7
204885_s_at	10232	MSLN	16
204886_at	10733	PLK4	4
204887_s_at	10733	PLK4	4
204888_s_at	9148	NEURL1	10
204889_s_at	9148	NEURL1	10
204890_s_at	3932	LCK	1
204891_s_at	3932	LCK	1
204892_x_at	1915	EEF1A1	6
204893_s_at	9372	ZFYVE9	1
204894_s_at	8639	AOC3	17
204895_x_at	4585	MUC4	3
204896_s_at	5734	PTGER4	5
204897_at	5734	PTGER4	5
204898_at	8819	SAP30	4
204899_s_at	8819	SAP30	4
204900_x_at	8819	SAP30	4
204901_at	8945	BTRC	10
204902_s_at	23192	ATG4B	2
204903_x_at	23192	ATG4B	2
204904_at	2701	GJA4	1
204905_s_at	9521	EEF1E1	6
204906_at	6196	RPS6KA2	6
204907_s_at	602	BCL3	19
204908_s_at	602	BCL3	19
204909_at	1656	DDX6	11
204910_s_at	10612	TRIM3	11
204911_s_at	10612	TRIM3	11
204912_at	3587	IL10RA	11
204913_s_at	6664	SOX11	2
204914_s_at	6664	SOX11	2
204915_s_at	6664	SOX11	2
204916_at	10267	RAMP1	2
204917_s_at	4300	MLLT3	9
204918_s_at	4300	MLLT3	9
204919_at	11272	PRR4	12
204920_at	1373	CPS1	2
204921_at	2622	GAS8	16
204922_at	79703	TOP6BL	11
204923_at	54440	SASH3	X
204924_at	7097	TLR2	4
204925_at	1497	CTNS	17
204926_at	3624	INHBA	7
204927_at	8045	RASSF7	11
204928_s_at	8273	SLC10A3	X
204929_s_at	10791	VAMP5	2
204930_s_at	662	BNIP1	5
204931_at	6943	TCF21	6
204932_at	4982	TNFRSF11B	8
204933_s_at	4982	TNFRSF11B	8
204934_s_at	3249	HPN	19
204935_at	5771	PTPN2	18
204936_at	5871	MAP4K2	11
204937_s_at	10782	ZNF274	19
204938_s_at	5350	PLN	6
204939_s_at	5350	PLN	6
204940_at	5350	PLN	6
204941_s_at	222	ALDH3B2	11
204942_s_at	222	ALDH3B2	11
204943_at	8038	ADAM12	10
204944_at	5793	PTPRG	3
204945_at	5798	PTPRN	2
204946_s_at	7156	TOP3A	17
204947_at	1869	E2F1	20
204948_s_at	10468	FST	5
204949_at	3385	ICAM3	19
204950_at	22900	CARD8	19
204951_at	399	RHOH	4
204952_at	27076	LYPD3	19
204953_at	9892	SNAP91	6
204954_s_at	9149	DYRK1B	19
204955_at	8406	SRPX	X
204956_at	4507	MTAP	9
204957_at	5001	ORC5	7
204958_at	1263	PLK3	1
204959_at	4332	MNDA	1
204962_s_at	1058	CENPA	2
204963_at	8082	SSPN	12
204964_s_at	8082	SSPN	12
204965_at	2638	GC	4
204966_at	576	ADGRB2	1
204967_at	357	SHROOM2	X
204968_at	57827	C6orf47	6
204969_s_at	5962	RDX	11
204970_s_at	4097	MAFG	17
204971_at	1475	CSTA	3
204972_at	4939	OAS2	12
204973_at	2705	GJB1	X
204974_at	5864	RAB3A	19
204975_at	2013	EMP2	16
204976_s_at	9949	AMMECR1	X
204977_at	1662	DDX10	11
204978_at	11129	CLASRP	19
204979_s_at	6450	SH3BGR	21
204980_at	9575	CLOCK	4
204981_at	5002	SLC22A18	11
204982_at	9815	GIT2	12
204983_s_at	2239	GPC4	X
204984_at	2239	GPC4	X
204985_s_at	79090	TRAPPC6A	19
204986_s_at	9344	TAOK2	16
204987_at	3698	ITIH2	10
204988_at	2244	FGB	4
204989_s_at	3691	ITGB4	17
204990_s_at	3691	ITGB4	17
204991_s_at	4771	NF2	22
204992_s_at	5217	PFN2	3
204993_at	2781	GNAZ	22
204994_at	4600	MX2	21
204995_at	8851	CDK5R1	17
204996_s_at	8851	CDK5R1	17
204997_at	2819	GPD1	12
204998_s_at	22809	ATF5	19
204999_s_at	22809	ATF5	19
205000_at	8653	DDX3Y	Y
205001_s_at	8653	DDX3Y	Y
205002_at	27245	AHDC1	1
205003_at	9732	DOCK4	7
205004_at	55922	NKRF	X
205005_s_at	9397	NMT2	10
205006_s_at	9397	NMT2	10
205007_s_at	10518	CIB2	15
205008_s_at	10518	CIB2	15
205009_at	7031	TFF1	21
205010_at	54552	GNL3L	X
205011_at	4013	VWA5A	11
205012_s_at	3029	HAGH	16
205014_at	9982	FGFBP1	4
205015_s_at	7039	TGFA	2
205016_at	7039	TGFA	2
205017_s_at	10150	MBNL2	13
205018_s_at	10150	MBNL2	13
205019_s_at	7433	VIPR1	3
205020_s_at	10124	ARL4A	7
205021_s_at	1112	FOXN3	14
205022_s_at	1112	FOXN3	14
205023_at	5888	RAD51	15
205024_s_at	5888	RAD51	15
205025_at	3104	ZBTB48	1
205026_at	6777	STAT5B	17
205027_s_at	1326	MAP3K8	10
205028_at	7216	TRO	X
205029_s_at	2173	FABP7	6
205030_at	2173	FABP7	6
205031_at	1949	EFNB3	17
205032_at	3673	ITGA2	5
205034_at	9134	CCNE2	8
205035_at	9150	CTDP1	18
205036_at	11157	LSM6	4
205037_at	11020	IFT27	22
205038_at	10320	IKZF1	7
205039_s_at	10320	IKZF1	7
205040_at	5004	ORM1	9
205042_at	10020	GNE	9
205043_at	1080	CFTR	7
205044_at	2568	GABRP	5
205045_at	11216	AKAP10	17
205046_at	1062	CENPE	4
205047_s_at	440	ASNS	7
205049_s_at	973	CD79A	19
205050_s_at	23542	MAPK8IP2	22
205051_s_at	3815	KIT	4
205052_at	549	AUH	9
205053_at	5557	PRIM1	12
205054_at	4703	NEB	2
205055_at	3682	ITGAE	17
205056_s_at	27239	GPR162	12
205057_s_at	3425	IDUA	4
205059_s_at	3425	IDUA	4
205060_at	8505	PARG	10
205061_s_at	5393	EXOSC9	4
205062_x_at	5926	ARID4A	14
205063_at	8487	GEMIN2	14
205064_at	6699	SPRR1B	1
205065_at	5167	ENPP1	6
205066_s_at	5167	ENPP1	6
205067_at	3553	IL1B	2
205068_s_at	23092	ARHGAP26	5
205069_s_at	23092	ARHGAP26	5
205070_at	54556	ING3	7
205071_x_at	7518	XRCC4	5
205072_s_at	7518	XRCC4	5
205073_at	1573	CYP2J2	1
205074_at	6584	SLC22A5	5
205075_at	5345	SERPINF2	17
205076_s_at	10903	MTMR11	1
205077_s_at	5281	PIGF	2
205078_at	5281	PIGF	2
205079_s_at	8777	MPDZ	9
205080_at	5915	RARB	3
205081_at	1396	CRIP1	14
205082_s_at	316	AOX1	2
205083_at	316	AOX1	2
205084_at	55973	BCAP29	7
205085_at	4998	ORC1	1
205086_s_at	29781	NCAPH2	22
205087_at	25950	RWDD3	1
205088_at	10046	MAMLD1	X
205089_at	7553	ZNF7	8
205090_s_at	51172	NAGPA	16
205091_x_at	5965	RECQL	12
205092_x_at	22890	ZBTB1	14
205093_at	22874	PLEKHA6	1
205094_at	5193	PEX12	17
205095_s_at	535	ATP6V0A1	17
205096_at	9883	POM121	7
205097_at	1836	SLC26A2	5
205098_at	1230	CCR1	3
205099_s_at	1230	CCR1	3
205100_at	9945	GFPT2	5
205101_at	4261	CIITA	16
205102_at	7113	TMPRSS2	21
205103_at	10485	MIR9-1HG	1
205104_at	9751	SNPH	20
205105_at	4124	MAN2A1	5
205107_s_at	1945	EFNA4	1
205108_s_at	338	APOB	2
205109_s_at	50649	ARHGEF4	2
205110_s_at	2258	FGF13	X
205111_s_at	51196	PLCE1	10
205112_at	51196	PLCE1	10
205113_at	4741	NEFM	8
205115_s_at	9904	RBM19	12
205116_at	3908	LAMA2	6
205117_at	2246	FGF1	5
205118_at	2357	FPR1	19
205119_s_at	2357	FPR1	19
205120_s_at	6443	SGCB	4
205121_at	6443	SGCB	4
205125_at	5333	PLCD1	3
205126_at	7444	VRK2	2
205127_at	5742	PTGS1	9
205128_x_at	5742	PTGS1	9
205129_at	10360	NPM3	10
205130_at	5891	MOK	14
205131_x_at	6320	CLEC11A	19
205132_at	70	ACTC1	15
205133_s_at	3336	HSPE1	2
205134_s_at	26747	NUFIP1	13
205135_s_at	26747	NUFIP1	13
205136_s_at	26747	NUFIP1	13
205137_x_at	10083	USH1C	11
205138_s_at	10090	UST	6
205139_s_at	10090	UST	6
205140_at	8790	FPGT	1
205141_at	283	ANG	14
205142_x_at	215	ABCD1	X
205143_at	1463	NCAN	19
205145_s_at	4636	MYL5	4
205146_x_at	9546	APBA3	19
205147_x_at	4689	NCF4	22
205148_s_at	1183	CLCN4	X
205149_s_at	1183	CLCN4	X
205150_s_at	9865	TRIL	7
205151_s_at	9865	TRIL	7
205152_at	6529	SLC6A1	3
205153_s_at	958	CD40	20
205154_at	10446	LRRN2	1
205155_s_at	6712	SPTBN2	11
205156_s_at	41	ASIC1	12
205157_s_at	3872	KRT17	17
205158_at	6038	RNASE4	14
205159_at	1439	CSF2RB	22
205160_at	8800	PEX11A	15
205161_s_at	8800	PEX11A	15
205162_at	1161	ERCC8	5
205163_at	29895	MYL11	16
205164_at	23464	GCAT	22
205165_at	1951	CELSR3	3
205166_at	726	CAPN5	11
205167_s_at	995	CDC25C	5
205168_at	4921	DDR2	1
205169_at	5929	RBBP5	1
205170_at	6773	STAT2	12
205171_at	5775	PTPN4	2
205172_x_at	1212	CLTB	5
205173_x_at	965	CD58	1
205174_s_at	25797	QPCT	2
205175_s_at	3795	KHK	2
205176_s_at	23421	ITGB3BP	1
205177_at	7135	TNNI1	1
205178_s_at	5930	RBBP6	16
205179_s_at	101	ADAM8	10
205180_s_at	101	ADAM8	10
205181_at	7746	ZSCAN9	6
205182_s_at	25799	ZNF324	19
205183_at	3184	HNRNPD	4
205184_at	2786	GNG4	1
205185_at	11005	SPINK5	5
205186_at	7802	DNALI1	1
205187_at	4090	SMAD5	5
205188_s_at	4090	SMAD5	5
205189_s_at	2176	FANCC	9
205190_at	5357	PLS1	3
205191_at	6102	RP2	X
205192_at	9020	MAP3K14	17
205193_at	23764	MAFF	22
205194_at	5723	PSPH	7
205195_at	1174	AP1S1	7
205196_s_at	1174	AP1S1	7
205197_s_at	538	ATP7A	X
205198_s_at	538	ATP7A	X
205199_at	768	CA9	9
205201_at	2737	GLI3	7
205202_at	5110	PCMT1	6
205203_at	5337	PLD1	3
205204_at	4828	NMB	15
205205_at	5971	RELB	19
205206_at	3730	ANOS1	X
205207_at	3569	IL6	7
205208_at	10840	ALDH1L1	3
205209_at	91	ACVR1B	12
205210_at	9392	TGFBRAP1	2
205211_s_at	9610	RIN1	11
205212_s_at	9744	ACAP1	17
205213_at	9744	ACAP1	17
205214_at	9262	STK17B	2
205215_at	6045	RNF2	1
205216_s_at	350	APOH	17
205217_at	1678	TIMM8A	X
205218_at	10621	POLR3F	20
205219_s_at	2585	GALK2	15
205220_at	8843	HCAR3	12
205221_at	3081	HGD	3
205222_at	1962	EHHADH	3
205223_at	9681	DEPDC5	22
205224_at	6835	SURF2	9
205225_at	2099	ESR1	6
205226_at	5157	PDGFRL	8
205227_at	3556	IL1RAP	3
205228_at	5939	RBMS2	12
205229_s_at	1690	COCH	14
205230_at	22895	RPH3A	12
205231_s_at	7957	EPM2A	6
205232_s_at	5051	PAFAH2	1
205233_s_at	5051	PAFAH2	1
205234_at	9122	SLC16A4	1
205235_s_at	9585	KIF20B	10
205236_x_at	6649	SOD3	4
205237_at	2219	FCN1	9
205238_at	79979	TRMT2B	X
205239_at	374	AREG	4
205240_at	29899	GPSM2	1
205241_at	9997	SCO2	22
205242_at	10563	CXCL13	4
205243_at	64849	SLC13A3	20
205244_s_at	64849	SLC13A3	20
205245_at	50855	PARD6A	16
205246_at	5194	PEX13	2
205247_at	4855	NOTCH4	6
205248_at	9980	DOP1B	21
205249_at	1959	EGR2	10
205250_s_at	80184	CEP290	12
205251_at	8864	PER2	2
205252_at	7727	ZNF174	16
205253_at	5087	PBX1	1
205254_x_at	6932	TCF7	5
205255_x_at	6932	TCF7	5
205256_at	9880	ZBTB39	12
205257_s_at	273	AMPH	7
205258_at	3625	INHBB	2
205259_at	4306	NR3C2	4
205260_s_at	97	ACYP1	14
205261_at	5225	PGC	6
205262_at	3757	KCNH2	7
205263_at	8915	BCL10	1
205264_at	10849	POLR1G	19
205266_at	3976	LIF	22
205267_at	5450	POU2AF1	11
205268_s_at	119	ADD2	2
205269_at	3937	LCP2	5
205270_s_at	3937	LCP2	5
205271_s_at	23552	CDK20	9
205273_s_at	10531	PITRM1	10
205274_at	9567	GTPBP1	22
205275_at	9567	GTPBP1	22
205276_s_at	9567	GTPBP1	22
205277_at	7799	PRDM2	1
205278_at	2571	GAD1	2
205279_s_at	2743	GLRB	4
205280_at	2743	GLRB	4
205281_s_at	5277	PIGA	X
205282_at	7804	LRP8	1
205283_at	2218	FKTN	9
205284_at	9816	URB2	1
205285_s_at	2533	FYB1	5
205286_at	7022	TFAP2C	20
205287_s_at	7022	TFAP2C	20
205288_at	8556	CDC14A	1
205289_at	650	BMP2	20
205290_s_at	650	BMP2	20
205291_at	3560	IL2RB	22
205292_s_at	3181	HNRNPA2B1	7
205293_x_at	10458	BAIAP2	17
205294_at	10458	BAIAP2	17
205295_at	1160	CKMT2	5
205296_at	5933	RBL1	20
205297_s_at	974	CD79B	17
205298_s_at	10385	BTN2A2	6
205299_s_at	10385	BTN2A2	6
205300_s_at	11066	SNRNP35	12
205301_s_at	4968	OGG1	3
205302_at	3484	IGFBP1	7
205303_at	3764	KCNJ8	12
205304_s_at	3764	KCNJ8	12
205305_at	2267	FGL1	8
205306_x_at	8564	KMO	1
205307_s_at	8564	KMO	1
205308_at	51101	ZC2HC1A	8
205309_at	27293	SMPDL3B	1
205310_at	23403	FBXO46	19
205311_at	1644	DDC	7
205312_at	6688	SPI1	11
205313_at	6928	HNF1B	17
205314_x_at	6645	SNTB2	16
205315_s_at	6645	SNTB2	16
205316_at	6565	SLC15A2	3
205317_s_at	6565	SLC15A2	3
205318_at	3798	KIF5A	12
205319_at	8000	PSCA	8
205320_at	10297	APC2	19
205321_at	1968	EIF2S3	X
205322_s_at	4520	MTF1	1
205323_s_at	4520	MTF1	1
205324_s_at	24140	FTSJ1	X
205325_at	9796	PHYHIP	8
205326_at	10268	RAMP3	7
205327_s_at	92	ACVR2A	2
205328_at	9071	CLDN10	13
205329_s_at	8723	SNX4	3
205330_at	4330	MN1	22
205331_s_at	51308	REEP2	5
205332_at	9986	RCE1	11
205333_s_at	9986	RCE1	11
205334_at	6271	S100A1	1
205335_s_at	6728	SRP19	5
205336_at	5816	PVALB	22
205337_at	1638	DCT	13
205338_s_at	1638	DCT	13
205339_at	6491	STIL	1
205340_at	9841	ZBTB24	6
205341_at	30846	EHD2	19
205342_s_at	6819	SULT1C2	2
205343_at	6819	SULT1C2	2
205344_at	10675	CSPG5	3
205345_at	580	BARD1	2
205346_at	6483	ST3GAL2	16
205347_s_at	11013	TMSB15A	X
205348_s_at	1780	DYNC1I1	7
205349_at	2769	GNA15	19
205350_at	1381	CRABP1	15
205351_at	2677	GGCX	2
205352_at	5274	SERPINI1	3
205353_s_at	5037	PEBP1	12
205354_at	2593	GAMT	19
205355_at	36	ACADSB	10
205356_at	8975	USP13	3
205357_s_at	185	AGTR1	3
205358_at	2891	GRIA2	4
205359_at	9472	AKAP6	14
205360_at	5203	PFDN4	20
205361_s_at	5203	PFDN4	20
205362_s_at	5203	PFDN4	20
205363_at	8424	BBOX1	11
205364_at	8309	ACOX2	3
205365_at	3216	HOXB6	17
205366_s_at	3216	HOXB6	17
205367_at	10603	SH2B2	7
205368_at	9715	FAM131B	7
205369_x_at	1629	DBT	1
205370_x_at	1629	DBT	1
205371_s_at	1629	DBT	1
205372_at	5324	PLAG1	8
205373_at	1496	CTNNA2	2
205374_at	6588	SLN	11
205375_at	4188	MDFI	6
205376_at	8821	INPP4B	4
205377_s_at	43	ACHE	7
205378_s_at	43	ACHE	7
205379_at	874	CBR3	21
205380_at	5174	PDZK1	1
205381_at	10234	LRRC17	7
205382_s_at	1675	CFD	19
205383_s_at	26137	ZBTB20	3
205384_at	5348	FXYD1	19
205385_at	4193	MDM2	12
205386_s_at	4193	MDM2	12
205388_at	7125	TNNC2	20
205389_s_at	286	ANK1	8
205390_s_at	286	ANK1	8
205391_x_at	286	ANK1	8
205393_s_at	1111	CHEK1	11
205394_at	1111	CHEK1	11
205395_s_at	4361	MRE11	11
205396_at	4088	SMAD3	15
205397_x_at	4088	SMAD3	15
205398_s_at	4088	SMAD3	15
205399_at	9201	DCLK1	13
205400_at	7454	WAS	X
205401_at	8540	AGPS	2
205402_x_at	5645	PRSS2	7
205403_at	7850	IL1R2	2
205404_at	3290	HSD11B1	1
205405_at	9037	SEMA5A	5
205406_s_at	53340	SPA17	11
205407_at	8434	RECK	9
205408_at	8028	MLLT10	10
205409_at	2355	FOSL2	2
205410_s_at	493	ATP2B4	1
205411_at	6789	STK4	20
205412_at	38	ACAT1	11
205413_at	744	MPPED2	11
205414_s_at	9912	ARHGAP44	17
205415_s_at	4287	ATXN3	14
205416_s_at	4287	ATXN3	14
205417_s_at	1605	DAG1	3
205418_at	2242	FES	15
205419_at	1880	GPR183	13
205420_at	5191	PEX7	6
205421_at	6581	SLC22A3	6
205422_s_at	9358	ITGBL1	13
205423_at	162	AP1B1	22
205424_at	9755	TBKBP1	17
205425_at	3092	HIP1	7
205426_s_at	3092	HIP1	7
205427_at	6940	ZNF354A	5
205428_s_at	794	CALB2	16
205429_s_at	51678	PALS2	7
205430_at	653	BMP5	6
205431_s_at	653	BMP5	6
205432_at	5016	OVGP1	1
205433_at	590	BCHE	3
205434_s_at	22848	AAK1	2
205435_s_at	22848	AAK1	2
205436_s_at	3014	H2AX	11
205437_at	10520	ZNF211	19
205438_at	11099	PTPN21	14
205440_s_at	4886	NPY1R	4
205441_at	79629	OCEL1	19
205442_at	9848	MFAP3L	4
205443_at	6617	SNAPC1	14
205444_at	487	ATP2A1	16
205445_at	5617	PRL	6
205446_s_at	1386	ATF2	2
205447_s_at	7786	MAP3K12	12
205448_s_at	7786	MAP3K12	12
205449_at	29901	SAC3D1	11
205450_at	5255	PHKA1	X
205451_at	4303	FOXO4	X
205452_at	9488	PIGB	15
205453_at	3212	HOXB2	17
205454_at	3208	HPCA	1
205455_at	4486	MST1R	3
205456_at	916	CD3E	11
205457_at	64771	ILRUN	6
205458_at	4157	MC1R	16
205459_s_at	4862	NPAS2	2
205460_at	4862	NPAS2	2
205461_at	11021	RAB35	12
205462_s_at	3241	HPCAL1	2
205463_s_at	5154	PDGFA	7
205464_at	6338	SCNN1B	16
205465_x_at	9957	HS3ST1	4
205466_s_at	9957	HS3ST1	4
205467_at	843	CASP10	2
205468_s_at	3663	IRF5	7
205469_s_at	3663	IRF5	7
205470_s_at	11012	KLK11	19
205471_s_at	1602	DACH1	13
205472_s_at	1602	DACH1	13
205473_at	525	ATP6V1B1	2
205474_at	51379	CRLF3	17
205475_at	11341	SCRG1	4
205476_at	6364	CCL20	2
205477_s_at	259	AMBP	9
205478_at	5502	PPP1R1A	12
205479_s_at	5328	PLAU	10
205480_s_at	7360	UGP2	2
205481_at	134	ADORA1	1
205482_x_at	29907	SNX15	11
205483_s_at	9636	ISG15	1
205484_at	27240	SIT1	9
205485_at	6261	RYR1	19
205486_at	10420	TESK2	1
205487_s_at	51442	VGLL1	X
205488_at	3001	GZMA	5
205489_at	1428	CRYM	16
205490_x_at	2707	GJB3	1
205491_s_at	2707	GJB3	1
205492_s_at	10570	DPYSL4	10
205493_s_at	10570	DPYSL4	10
205494_at	55565	ZNF821	16
205495_s_at	10578	GNLY	2
205496_at	9729	KIAA0408	6
205497_at	7728	ZNF175	19
205498_at	2690	GHR	5
205499_at	27286	SRPX2	X
205500_at	727	C5	9
205501_at	10846	PDE10A	6
205502_at	1586	CYP17A1	10
205503_at	5784	PTPN14	1
205504_at	695	BTK	X
205505_at	2650	GCNT1	9
205506_at	7429	VIL1	2
205507_at	22899	ARHGEF15	17
205508_at	6324	SCN1B	19
205509_at	1360	CPB1	3
205512_s_at	9131	AIFM1	X
205513_at	6947	TCN1	11
205514_at	55786	ZNF415	19
205515_at	8492	PRSS12	4
205516_x_at	25792	CIZ1	9
205517_at	2626	GATA4	8
205518_s_at	8418	CMAHP	6
205519_at	79968	WDR76	15
205520_at	6801	STRN	2
205521_at	9941	EXOG	3
205522_at	3233	HOXD4	2
205523_at	1404	HAPLN1	5
205524_s_at	1404	HAPLN1	5
205525_at	800	CALD1	7
205526_s_at	11104	KATNA1	6
205527_s_at	50628	GEMIN4	17
205528_s_at	862	RUNX1T1	8
205529_s_at	862	RUNX1T1	8
205530_at	2110	ETFDH	4
205531_s_at	27165	GLS2	12
205532_s_at	1004	CDH6	5
205533_s_at	1004	CDH6	5
205534_at	5099	PCDH7	4
205535_s_at	5099	PCDH7	4
205536_at	7410	VAV2	9
205537_s_at	7410	VAV2	9
205538_at	7464	CORO2A	9
205539_at	10677	AVIL	12
205540_s_at	10325	RRAGB	X
205541_s_at	23708	GSPT2	X
205542_at	26872	STEAP1	7
205543_at	22824	HSPA4L	4
205544_s_at	1380	CR2	1
205545_x_at	22826	DNAJC8	1
205546_s_at	7297	TYK2	19
205547_s_at	6876	TAGLN	11
205548_s_at	10950	BTG3	21
205549_at	5121	PCP4	21
205550_s_at	9577	BABAM2	2
205551_at	9899	SV2B	15
205552_s_at	4938	OAS1	12
205553_s_at	8048	CSRP3	11
205554_s_at	1776	DNASE1L3	3
205555_s_at	4488	MSX2	5
205556_at	4488	MSX2	5
205557_at	671	BPI	20
205558_at	7189	TRAF6	11
205559_s_at	5125	PCSK5	9
205560_at	5125	PCSK5	9
205561_at	79734	KCTD17	22
205562_at	10557	RPP38	10
205563_at	3814	KISS1	1
205564_at	9506	PAGE4	X
205565_s_at	2395	FXN	9
205566_at	11057	ABHD2	15
205567_at	8534	CHST1	11
205568_at	366	AQP9	15
205569_at	27074	LAMP3	3
205570_at	5305	PIP4K2A	10
205571_at	51601	LIPT1	2
205572_at	285	ANGPT2	8
205573_s_at	51375	SNX7	1
205574_x_at	649	BMP1	8
205575_at	10882	C1QL1	17
205576_at	3053	SERPIND1	22
205577_at	5837	PYGM	11
205578_at	4920	ROR2	9
205579_at	3269	HRH1	3
205580_s_at	3269	HRH1	3
205581_s_at	4846	NOS3	7
205582_s_at	2687	GGT5	22
205583_s_at	79868	ALG13	X
205584_at	79868	ALG13	X
205585_at	2120	ETV6	12
205586_x_at	7425	VGF	7
205587_at	11116	CEP43	6
205588_s_at	11116	CEP43	6
205589_at	4634	MYL3	3
205590_at	10125	RASGRP1	15
205591_at	10439	OLFM1	9
205592_at	6521	SLC4A1	17
205593_s_at	5152	PDE9A	21
205594_at	22834	ZNF652	17
205595_at	1830	DSG3	18
205596_s_at	64750	SMURF2	17
205597_at	80736	SLC44A4	6
205598_at	10293	TRAIP	3
205599_at	7185	TRAF1	9
205600_x_at	3215	HOXB5	17
205601_s_at	3215	HOXB5	17
205602_x_at	5676	PSG7	19
205603_s_at	1730	DIAPH2	X
205604_at	3235	HOXD9	2
205606_at	4040	LRP6	12
205607_s_at	57147	SCYL3	1
205608_s_at	284	ANGPT1	8
205609_at	284	ANGPT1	8
205610_at	8736	MYOM1	18
205611_at	8742	TNFSF12	17
205612_at	22915	MMRN1	4
205613_at	51760	SYT17	16
205614_x_at	4485	MST1	3
205615_at	1357	CPA1	7
205617_at	5639	PRRG2	19
205618_at	5638	PRRG1	X
205619_s_at	4222	MEOX1	17
205620_at	2159	F10	13
205621_at	8846	ALKBH1	14
205622_at	6610	SMPD2	6
205623_at	218	ALDH3A1	17
205624_at	1359	CPA3	3
205625_s_at	793	CALB1	8
205626_s_at	793	CALB1	8
205627_at	978	CDA	1
205628_at	5558	PRIM2	6
205629_s_at	1392	CRH	8
205630_at	1392	CRH	8
205631_at	9786	KIAA0586	14
205632_s_at	8395	PIP5K1B	9
205633_s_at	211	ALAS1	3
205635_at	8997	KALRN	3
205636_at	6457	SH3GL3	15
205637_s_at	6457	SH3GL3	15
205638_at	577	ADGRB3	6
205639_at	313	AOAH	7
205640_at	221	ALDH3B1	11
205641_s_at	8717	TRADD	16
205642_at	11064	CNTRL	9
205643_s_at	5521	PPP2R2B	5
205644_s_at	6637	SNRPG	2
205645_at	9185	REPS2	X
205646_s_at	5080	PAX6	11
205647_at	5893	RAD52	12
205648_at	7472	WNT2	7
205649_s_at	2243	FGA	4
205650_s_at	2243	FGA	4
205651_x_at	11069	RAPGEF4	2
205652_s_at	25809	TTLL1	22
205653_at	1511	CTSG	14
205654_at	722	C4BPA	1
205655_at	4194	MDM4	1
205656_at	27253	PCDH17	13
205657_at	23498	HAAO	2
205658_s_at	6621	SNAPC4	9
205659_at	9734	HDAC9	7
205660_at	8638	OASL	12
205661_s_at	80308	FLAD1	1
205662_at	27077	B9D1	17
205663_at	54039	PCBP3	21
205664_at	22944	KIN	10
205665_at	10867	TSPAN9	12
205666_at	2326	FMO1	1
205667_at	7486	WRN	8
205668_at	4065	LY75	2
205669_at	4685	NCAM2	21
205670_at	9514	GAL3ST1	22
205671_s_at	3112	HLA-DOB	6
205672_at	7507	XPA	9
205673_s_at	140462	ASB9	X
205674_x_at	486	FXYD2	11
205675_at	4547	MTTP	4
205676_at	1594	CYP27B1	12
205677_s_at	10301	DLEU1	13
205678_at	8120	AP3B2	15
205679_x_at	176	ACAN	15
205680_at	4319	MMP10	11
205681_at	597	BCL2A1	15
205682_x_at	55937	APOM	6
205684_s_at	55667	DENND4C	9
205685_at	942	CD86	3
205686_s_at	942	CD86	3
205687_at	56061	UBFD1	16
205688_at	7023	TFAP4	16
205689_at	80003	PCNX2	1
205690_s_at	8896	BUD31	7
205691_at	9143	SYNGR3	16
205692_s_at	952	CD38	4
205693_at	7140	TNNT3	11
205694_at	7306	TYRP1	9
205695_at	10993	SDS	12
205696_s_at	2674	GFRA1	10
205697_at	10590	SCGN	6
205698_s_at	5608	MAP2K6	17
205699_at	5608	MAP2K6	17
205700_at	8630	HSD17B6	12
205701_at	10526	IPO8	12
205702_at	10745	PHTF1	1
205703_at	23545	ATP6V0A2	12
205704_s_at	23545	ATP6V0A2	12
205705_at	22852	ANKRD26	10
205706_s_at	22852	ANKRD26	10
205707_at	23765	IL17RA	22
205708_s_at	7226	TRPM2	21
205709_s_at	1040	CDS1	4
205710_at	4036	LRP2	2
205711_x_at	509	ATP5F1C	10
205712_at	5789	PTPRD	9
205713_s_at	1311	COMP	19
205714_s_at	51364	ZMYND10	3
205715_at	683	BST1	4
205716_at	55972	SLC25A40	7
205718_at	3695	ITGB7	12
205719_s_at	5053	PAH	12
205720_at	5443	POMC	2
205721_at	2675	GFRA2	8
205722_s_at	2675	GFRA2	8
205723_at	1271	CNTFR	9
205724_at	5317	PKP1	1
205725_at	7356	SCGB1A1	11
205726_at	1730	DIAPH2	X
205727_at	7011	TEP1	14
205728_at	10178	TENM1	X
205729_at	9180	OSMR	5
205730_s_at	22885	ABLIM3	5
205731_s_at	10499	NCOA2	8
205732_s_at	10499	NCOA2	8
205733_at	641	BLM	15
205734_s_at	3899	AFF3	2
205735_s_at	3899	AFF3	2
205736_at	5224	PGAM2	7
205737_at	3785	KCNQ2	20
205738_s_at	2170	FABP3	1
205739_x_at	51427	ZNF107	7
205740_s_at	79171	RBM42	19
205741_s_at	1837	DTNA	18
205742_at	7137	TNNI3	19
205743_at	6769	STAC	3
205744_at	8448	DOC2A	16
205745_x_at	6868	ADAM17	2
205746_s_at	6868	ADAM17	2
205747_at	869	CBLN1	16
205748_s_at	55658	RNF126	19
205749_at	1543	CYP1A1	15
205750_at	670	BPHL	6
205751_at	6456	SH3GL2	9
205752_s_at	2949	GSTM5	1
205753_at	1401	CRP	1
205754_at	2147	F2	11
205755_at	3699	ITIH3	3
205756_s_at	2157	F8	X
205757_at	957	ENTPD5	14
205758_at	925	CD8A	2
205759_s_at	6820	SULT2B1	19
205760_s_at	4968	OGG1	3
205761_s_at	11062	DUS4L	7
205762_s_at	11062	DUS4L	7
205763_s_at	8886	DDX18	2
205764_at	1452	CSNK1A1	5
205765_at	1577	CYP3A5	7
205766_at	8557	TCAP	17
205767_at	2069	EREG	4
205768_s_at	11001	SLC27A2	15
205769_at	11001	SLC27A2	15
205770_at	2936	GSR	8
205771_s_at	9465	AKAP7	6
205772_s_at	9465	AKAP7	6
205773_at	22849	CPEB3	10
205774_at	2161	F12	5
205775_at	26240	FAM50B	6
205776_at	2330	FMO5	1
205777_at	1852	DUSP9	X
205778_at	5650	KLK7	19
205779_at	10266	RAMP2	17
205780_at	638	BIK	22
205781_at	9605	VPS9D1	16
205782_at	2252	FGF7	15
205783_at	26085	KLK13	19
205784_x_at	421	ARVCF	22
205785_at	3684	ITGAM	16
205786_s_at	3684	ITGAM	16
205789_at	912	CD1D	1
205790_at	8631	SKAP1	17
205791_x_at	7773	ZNF230	19
205792_at	8839	CCN5	20
205793_x_at	8711	TNK1	17
205794_s_at	4857	NOVA1	14
205795_at	9369	NRXN3	14
205796_at	55346	TCP11L1	11
205797_s_at	55346	TCP11L1	11
205798_at	3575	IL7R	5
205799_s_at	6519	SLC3A1	2
205800_at	6519	SLC3A1	2
205801_s_at	25780	RASGRP3	2
205802_at	7220	TRPC1	3
205803_s_at	7220	TRPC1	3
205804_s_at	80342	TRAF3IP3	1
205805_s_at	4919	ROR1	1
205806_at	6094	ROM1	11
205807_s_at	7286	TUFT1	1
205808_at	444	ASPH	8
205809_s_at	8976	WASL	7
205810_s_at	8976	WASL	7
205811_at	11232	POLG2	17
205813_s_at	4143	MAT1A	10
205814_at	2913	GRM3	7
205815_at	5068	REG3A	2
205816_at	3696	ITGB8	7
205817_at	6495	SIX1	14
205818_at	1620	BRINP1	9
205819_at	8685	MARCO	2
205820_s_at	345	APOC3	11
205822_s_at	3157	HMGCS1	5
205823_at	6002	RGS12	4
205824_at	3316	HSPB2	11
205825_at	5122	PCSK1	5
205826_at	9172	MYOM2	8
205827_at	885	CCK	3
205828_at	4314	MMP3	11
205829_at	3292	HSD17B1	17
205830_at	1047	CLGN	4
205831_at	914	CD2	1
205832_at	51200	CPA4	7
205833_s_at	25859	PART1	5
205834_s_at	25859	PART1	5
205835_s_at	64848	YTHDC2	5
205836_s_at	64848	YTHDC2	5
205837_s_at	2993	GYPA	4
205838_at	2993	GYPA	4
205839_s_at	9256	TSPOAP1	17
205840_x_at	2688	GH1	17
205841_at	3717	JAK2	9
205842_s_at	3717	JAK2	9
205843_x_at	1384	CRAT	9
205844_at	8876	VNN1	6
205845_at	8912	CACNA1H	16
205846_at	5787	PTPRB	12
205847_at	64063	PRSS22	16
205848_at	2620	GAS2	11
205849_s_at	7381	UQCRB	8
205850_s_at	2562	GABRB3	15
205851_at	10201	NME6	3
205852_at	8941	CDK5R2	2
205853_at	51043	ZBTB7B	1
205854_at	7289	TULP3	12
205855_at	10168	ZNF197	3
205856_at	6563	SLC14A1	18
205857_at	6571	SLC18A2	10
205858_at	4804	NGFR	17
205859_at	9450	LY86	6
205861_at	6689	SPIB	19
205862_at	9687	GREB1	2
205863_at	6283	S100A12	1
205864_at	6545	SLC7A4	22
205865_at	1820	ARID3A	19
205866_at	8547	FCN3	1
205867_at	5781	PTPN11	12
205868_s_at	5781	PTPN11	12
205869_at	5644	PRSS1	7
205870_at	624	BDKRB2	14
205872_x_at	9659	PDE4DIP	1
205873_at	9487	PIGL	17
205874_at	3706	ITPKA	15
205875_s_at	11277	TREX1	3
205876_at	3977	LIFR	5
205877_s_at	23264	ZC3H7B	22
205878_at	5463	POU6F1	12
205879_x_at	5979	RET	10
205880_at	5587	PRKD1	14
205881_at	7625	ZNF74	22
205882_x_at	120	ADD3	10
205883_at	7704	ZBTB16	11
205884_at	3676	ITGA4	2
205885_s_at	3676	ITGA4	2
205886_at	5968	REG1B	2
205887_x_at	4437	MSH3	5
205888_s_at	9832	JAKMIP2	5
205889_s_at	9832	JAKMIP2	5
205891_at	136	ADORA2B	17
205892_s_at	2168	FABP1	2
205893_at	22871	NLGN1	3
205894_at	415	ARSL	X
205895_s_at	9221	NOLC1	10
205896_at	6583	SLC22A4	5
205897_at	4776	NFATC4	14
205898_at	1524	CX3CR1	3
205899_at	8900	CCNA1	13
205900_at	3848	KRT1	12
205901_at	5368	PNOC	8
205902_at	3782	KCNN3	1
205903_s_at	3782	KCNN3	1
205904_at	100507436	MICA	6
205906_at	2302	FOXJ1	17
205907_s_at	4958	OMD	9
205908_s_at	4958	OMD	9
205909_at	5427	POLE2	14
205910_s_at	1056	CEL	9
205911_at	5745	PTH1R	3
205912_at	5406	PNLIP	10
205913_at	5346	PLIN1	15
205914_s_at	2902	GRIN1	9
205915_x_at	2902	GRIN1	9
205916_at	6278	S100A7	1
205917_at	9422	ZNF264	19
205918_at	6508	SLC4A3	2
205919_at	3046	HBE1	11
205920_at	6533	SLC6A6	3
205921_s_at	6533	SLC6A6	3
205922_at	8875	VNN2	6
205923_at	5649	RELN	7
205924_at	5865	RAB3B	1
205925_s_at	5865	RAB3B	1
205926_at	9466	IL27RA	19
205927_s_at	1510	CTSE	1
205928_at	10224	ZNF443	19
205929_at	10223	GPA33	1
205930_at	2960	GTF2E1	3
205931_s_at	9586	CREB5	7
205932_s_at	4487	MSX1	4
205933_at	26040	SETBP1	18
205934_at	5334	PLCL1	2
205935_at	2294	FOXF1	16
205936_s_at	3101	HK3	5
205937_at	10669	CGREF1	2
205938_at	22843	PPM1E	17
205939_at	1551	CYP3A7	7
205940_at	4621	MYH3	17
205941_s_at	1300	COL10A1	6
205942_s_at	6296	ACSM3	16
205943_at	6999	TDO2	4
205944_s_at	8218	CLTCL1	22
205945_at	3570	IL6R	1
205946_at	7434	VIPR2	7
205947_s_at	7434	VIPR2	7
205948_at	11122	PTPRT	20
205949_at	759	CA1	8
205950_s_at	759	CA1	8
205951_at	4619	MYH1	17
205952_at	3777	KCNK3	2
205953_at	9860	LRIG2	1
205954_at	6258	RXRG	1
205956_x_at	29893	PSMC3IP	17
205957_at	5365	PLXNB3	X
205958_x_at	1444	CSHL1	17
205959_at	4322	MMP13	11
205960_at	5166	PDK4	7
205961_s_at	11168	PSIP1	9
205962_at	5062	PAK2	3
205963_s_at	9093	DNAJA3	16
205964_at	79088	ZNF426	19
205965_at	10538	BATF	14
205966_at	6884	TAF13	1
205967_at	8364	H4C3	6
205968_at	3790	KCNS3	2
205969_at	13	AADAC	3
205970_at	4504	MT3	16
205972_at	10991	SLC38A3	3
205973_at	9638	FEZ1	11
205975_s_at	3231	HOXD1	2
205976_at	22868	FASTKD2	2
205977_s_at	2041	EPHA1	7
205978_at	9365	KL	13
205979_at	4246	SCGB2A1	11
205981_s_at	3622	ING2	4
205982_x_at	6440	SFTPC	8
205983_at	1800	DPEP1	16
205984_at	1393	CRHBP	5
205985_x_at	1188	CLCNKB	1
205986_at	9625	AATK	17
205987_at	911	CD1C	1
205988_at	8832	CD84	1
205989_s_at	4340	MOG	6
205990_s_at	7474	WNT5A	3
205991_s_at	5396	PRRX1	1
205992_s_at	3600	IL15	4
205993_s_at	6909	TBX2	17
205994_at	2005	ELK4	1
205995_x_at	9657	IQCB1	3
205996_s_at	204	AK2	1
205997_at	10863	ADAM28	8
205998_x_at	1576	CYP3A4	7
205999_x_at	1576	CYP3A4	7
206000_at	4224	MEP1A	6
206001_at	4852	NPY	7
206002_at	10149	ADGRG2	X
206003_at	9662	CEP135	4
206004_at	7053	TGM3	20
206005_s_at	22832	CEP162	6
206006_s_at	22832	CEP162	6
206007_at	10216	PRG4	1
206008_at	7051	TGM1	14
206009_at	3680	ITGA9	3
206010_at	3026	HABP2	10
206011_at	834	CASP1	11
206012_at	7044	LEFTY2	1
206013_s_at	51412	ACTL6B	7
206014_at	51412	ACTL6B	7
206015_s_at	22887	FOXJ3	1
206016_at	28952	CCDC22	X
206017_at	9856	KIAA0319	6
206018_at	2290	FOXG1	14
206019_at	9904	RBM19	12
206020_at	9306	SOCS6	18
206021_at	54581	SCAND2P	15
206022_at	4693	NDP	X
206023_at	10874	NMU	4
206024_at	3242	HPD	12
206025_s_at	7130	TNFAIP6	2
206026_s_at	7130	TNFAIP6	2
206027_at	6274	S100A3	1
206028_s_at	10461	MERTK	2
206029_at	27063	ANKRD1	10
206030_at	443	ASPA	17
206031_s_at	8078	USP5	12
206032_at	1825	DSC3	18
206033_s_at	1825	DSC3	18
206034_at	5271	SERPINB8	18
206035_at	5966	REL	2
206036_s_at	5966	REL	2
206037_at	883	KYAT1	9
206038_s_at	7182	NR2C2	3
206039_at	9363	RAB33A	X
206040_s_at	5600	MAPK11	22
206043_s_at	9914	ATP2C2	16
206045_s_at	8715	NOL4	18
206046_at	8745	ADAM23	2
206047_at	2784	GNB3	12
206048_at	58495	OVOL2	20
206049_at	6403	SELP	1
206050_s_at	6050	RNH1	11
206051_at	1996	ELAVL4	1
206052_s_at	7884	SLBP	4
206053_at	22869	ZNF510	9
206054_at	3827	KNG1	3
206055_s_at	6627	SNRPA1	15
206056_x_at	6693	SPN	16
206057_x_at	6693	SPN	16
206058_at	6539	SLC6A12	12
206059_at	7644	ZNF91	19
206060_s_at	26191	PTPN22	1
206061_s_at	23405	DICER1	14
206062_at	2978	GUCA1A	6
206063_x_at	23759	PPIL2	22
206064_s_at	23759	PPIL2	22
206065_s_at	1807	DPYS	8
206066_s_at	5889	RAD51C	17
206067_s_at	7490	WT1	11
206068_s_at	33	ACADL	2
206069_s_at	33	ACADL	2
206070_s_at	2042	EPHA3	3
206071_s_at	2042	EPHA3	3
206072_at	7349	UCN	2
206073_at	8292	COLQ	3
206074_s_at	3159	HMGA1	6
206075_s_at	1457	CSNK2A1	20
206076_at	10233	LRRC23	12
206077_at	3792	KEL	7
206078_at	8997	KALRN	3
206079_at	1122	CHML	1
206080_at	9651	PLCH2	1
206081_at	9187	SLC24A1	15
206082_at	10866	HCP5	6
206083_at	575	ADGRB1	8
206084_at	5801	PTPRR	12
206085_s_at	1491	CTH	1
206086_x_at	3077	HFE	6
206087_x_at	3077	HFE	6
206089_at	4745	NELL1	11
206091_at	4148	MATN3	2
206095_s_at	10772	SRSF10	1
206096_at	7584	ZNF35	3
206097_at	5003	SLC22A18AS	11
206098_at	10773	ZBTB6	9
206099_at	5583	PRKCH	14
206100_at	1368	CPM	12
206101_at	1842	ECM2	9
206102_at	9837	GINS1	20
206103_at	5881	RAC3	17
206104_at	3670	ISL1	5
206105_at	2334	AFF2	X
206106_at	6300	MAPK12	22
206107_at	8786	RGS11	16
206108_s_at	6431	SRSF6	20
206109_at	2523	FUT1	19
206110_at	8357	H3C10	6
206111_at	6036	RNASE2	14
206112_at	56311	ANKRD7	7
206113_s_at	5868	RAB5A	3
206114_at	2043	EPHA4	2
206115_at	1960	EGR3	8
206116_s_at	7168	TPM1	15
206117_at	7168	TPM1	15
206118_at	6775	STAT4	2
206119_at	635	BHMT	5
206120_at	945	CD33	19
206121_at	270	AMPD1	1
206122_at	6665	SOX15	17
206123_at	3996	LLGL1	17
206124_s_at	3996	LLGL1	17
206125_s_at	11202	KLK8	19
206126_at	643	CXCR5	11
206127_at	2004	ELK3	12
206128_at	152	ADRA2C	4
206129_s_at	411	ARSB	5
206130_s_at	433	ASGR2	17
206131_at	1208	CLPS	6
206132_at	4163	MCC	5
206133_at	54739	XAF1	17
206134_at	27299	ADAMDEC1	8
206135_at	9705	ST18	8
206136_at	7855	FZD5	2
206137_at	9699	RIMS2	8
206138_s_at	5298	PI4KB	1
206139_at	5298	PI4KB	1
206140_at	9355	LHX2	9
206141_at	27304	MOCS3	20
206142_at	7694	ZNF135	19
206143_at	1811	SLC26A3	7
206144_at	9223	MAGI1	3
206145_at	6005	RHAG	6
206146_s_at	6005	RHAG	6
206147_x_at	10389	SCML2	X
206148_at	3563	IL3RA	X
206149_at	63928	CHP2	16
206150_at	939	CD27	12
206151_x_at	23436	CELA3B	1
206152_at	116986	AGAP2	12
206153_at	57834	CYP4F11	19
206154_at	6017	RLBP1	15
206155_at	1244	ABCC2	10
206156_at	2709	GJB5	1
206157_at	5806	PTX3	3
206158_s_at	7555	CNBP	3
206159_at	2662	GDF10	10
206160_at	10930	APOBEC2	6
206161_s_at	6861	SYT5	19
206162_x_at	6861	SYT5	19
206164_at	9635	CLCA2	1
206165_s_at	9635	CLCA2	1
206166_s_at	9635	CLCA2	1
206167_s_at	395	ARHGAP6	X
206168_at	23264	ZC3H7B	22
206169_x_at	23264	ZC3H7B	22
206170_at	154	ADRB2	5
206171_at	140	ADORA3	1
206172_at	3598	IL13RA2	X
206174_s_at	5537	PPP6C	9
206175_x_at	7673	ZNF222	19
206176_at	654	BMP6	6
206177_s_at	383	ARG1	6
206178_at	5322	PLA2G5	1
206179_s_at	11076	TPPP	5
206180_x_at	65988	ZNF747	16
206181_at	6504	SLAMF1	1
206182_at	7693	ZNF134	19
206184_at	1399	CRKL	22
206185_at	1414	CRYBB1	22
206186_at	4356	MPP3	17
206187_at	5739	PTGIR	19
206188_at	9831	ZNF623	8
206189_at	8633	UNC5C	4
206190_at	2840	GPR17	2
206191_at	956	ENTPD3	3
206192_at	1041	CDSN	6
206193_s_at	1041	CDSN	6
206194_at	3221	HOXC4	12
206195_x_at	2689	GH2	17
206196_s_at	10900	RUNDC3A	17
206197_at	8382	NME5	5
206198_s_at	1087	CEACAM7	19
206199_at	1087	CEACAM7	19
206200_s_at	311	ANXA11	10
206201_s_at	4223	MEOX2	7
206202_at	4223	MEOX2	7
206203_at	5957	RCVRN	17
206204_at	2888	GRB14	2
206205_at	10198	MPHOSPH9	12
206206_at	4064	CD180	5
206207_at	1178	CLC	19
206208_at	762	CA4	17
206209_s_at	762	CA4	17
206210_s_at	1071	CETP	16
206211_at	6401	SELE	1
206212_at	1358	CPA2	7
206213_at	7480	WNT10B	12
206214_at	7941	PLA2G7	6
206215_at	4978	OPCML	11
206216_at	26576	SRPK3	X
206217_at	1896	EDA	X
206218_at	4113	MAGEB2	X
206219_s_at	7409	VAV1	19
206220_s_at	22821	RASA3	13
206221_at	22821	RASA3	13
206222_at	8794	TNFRSF10C	8
206223_at	22853	LMTK2	7
206224_at	1469	CST1	20
206225_at	22847	ZNF507	19
206226_at	3273	HRG	3
206227_at	8483	CILP	15
206228_at	5076	PAX2	10
206229_x_at	5076	PAX2	10
206230_at	3975	LHX1	17
206231_at	3780	KCNN1	19
206232_s_at	9331	B4GALT6	18
206233_at	9331	B4GALT6	18
206234_s_at	4326	MMP17	12
206235_at	3981	LIG4	13
206236_at	2828	GPR4	19
206237_s_at	3084	NRG1	8
206238_s_at	10138	YAF2	12
206239_s_at	6690	SPINK1	5
206240_s_at	7695	ZNF136	19
206241_at	3841	KPNA5	6
206242_at	9032	TM4SF5	17
206243_at	7079	TIMP4	3
206244_at	1378	CR1	1
206245_s_at	10625	IVNS1ABP	1
206246_at	5210	PFKFB4	3
206247_at	4277	MICB	6
206248_at	5581	PRKCE	2
206249_at	9175	MAP3K13	3
206250_x_at	552	AVPR1A	12
206251_s_at	552	AVPR1A	12
206252_s_at	552	AVPR1A	12
206253_at	1740	DLG2	11
206254_at	1950	EGF	4
206255_at	640	BLK	8
206256_at	1369	CPN1	10
206257_at	26093	CCDC9	19
206258_at	29906	ST8SIA5	18
206259_at	5624	PROC	2
206260_at	7047	TGM4	3
206261_at	8187	ZNF239	10
206262_at	126	ADH1C	4
206263_at	2329	FMO4	1
206264_at	2822	GPLD1	6
206265_s_at	2822	GPLD1	6
206266_at	2822	GPLD1	6
206267_s_at	4145	MATK	19
206268_at	10637	LEFTY1	1
206269_at	8521	GCM1	6
206270_at	5582	PRKCG	19
206271_at	7098	TLR3	4
206272_at	5867	RAB4A	1
206273_at	10650	PRELID3A	18
206274_s_at	9696	CROCC	1
206275_s_at	9645	MICAL2	11
206276_at	8581	LY6D	8
206277_at	5029	P2RY2	11
206278_at	5724	PTAFR	1
206279_at	5616	PRKY	Y
206280_at	1016	CDH18	5
206281_at	116	ADCYAP1	18
206282_at	4760	NEUROD1	2
206283_s_at	6886	TAL1	1
206284_x_at	1212	CLTB	5
206285_at	4867	NPHP1	2
206287_s_at	3700	ITIH4	3
206288_at	5229	PGGT1B	5
206289_at	3201	HOXA4	7
206290_s_at	6000	RGS7	1
206291_at	4922	NTS	12
206292_s_at	6822	SULT2A1	19
206293_at	6822	SULT2A1	19
206294_at	3284	HSD3B2	1
206295_at	3606	IL18	11
206296_x_at	11184	MAP4K1	19
206297_at	11330	CTRC	1
206298_at	58504	ARHGAP22	10
206299_at	27112	NALF2	X
206300_s_at	5744	PTHLH	12
206301_at	7006	TEC	4
206304_at	4608	MYBPH	1
206305_s_at	731	C8A	1
206306_at	6263	RYR3	15
206307_s_at	2297	FOXD1	5
206308_at	1787	TRDMT1	10
206309_at	11061	CNMD	13
206310_at	6691	SPINK2	4
206311_s_at	5319	PLA2G1B	12
206312_at	2984	GUCY2C	12
206313_at	3111	HLA-DOA	6
206314_at	55888	ZKSCAN7	3
206315_at	9244	CRLF1	19
206316_s_at	9735	KNTC1	12
206317_s_at	11194	ABCB8	7
206318_at	57119	EPPIN	20
206319_s_at	57119	EPPIN	20
206320_s_at	4093	SMAD9	13
206321_at	5989	RFX1	19
206322_at	8224	SYN3	22
206323_x_at	4983	OPHN1	X
206324_s_at	23604	DAPK2	15
206325_at	866	SERPINA6	14
206326_at	2922	GRP	18
206327_s_at	1013	CDH15	16
206328_at	1013	CDH15	16
206329_at	2134	EXTL1	1
206330_s_at	53358	SHC3	9
206331_at	10203	CALCRL	2
206332_s_at	3428	IFI16	1
206333_at	4440	MSI1	12
206334_at	8513	LIPF	10
206335_at	2588	GALNS	16
206336_at	6372	CXCL6	4
206337_at	1236	CCR7	17
206338_at	1995	ELAVL3	19
206339_at	9607	CARTPT	5
206340_at	9971	NR1H4	12
206341_at	3559	IL2RA	10
206342_x_at	3423	IDS	X
206343_s_at	3084	NRG1	8
206344_at	5444	PON1	7
206345_s_at	5444	PON1	7
206346_at	5618	PRLR	5
206347_at	5165	PDK3	X
206348_s_at	5165	PDK3	X
206349_at	9211	LGI1	10
206350_at	325	APCS	1
206351_s_at	5192	PEX10	1
206352_s_at	5192	PEX10	1
206353_at	1339	COX6A2	16
206354_at	28234	SLCO1B3	12
206355_at	2774	GNAL	18
206356_s_at	2774	GNAL	18
206357_at	80207	OPA3	19
206358_at	5619	PRM1	16
206359_at	9021	SOCS3	17
206360_s_at	9021	SOCS3	17
206361_at	11251	PTGDR2	11
206362_x_at	4294	MAP3K10	19
206363_at	4094	MAF	16
206364_at	9928	KIF14	1
206365_at	6375	XCL1	1
206366_x_at	6375	XCL1	1
206367_at	5972	REN	1
206368_at	10814	CPLX2	5
206369_s_at	5294	PIK3CG	7
206370_at	5294	PIK3CG	7
206371_at	2352	FOLR3	11
206372_at	4618	MYF6	12
206373_at	7545	ZIC1	3
206374_at	1850	DUSP8	11
206375_s_at	8988	HSPB3	5
206376_at	55117	SLC6A15	12
206377_at	2295	FOXF2	6
206378_at	4250	SCGB2A2	11
206379_at	2140	EYA3	1
206380_s_at	5199	CFP	X
206381_at	6326	SCN2A	2
206382_s_at	627	BDNF	11
206383_s_at	9908	G3BP2	4
206384_at	10368	CACNG3	16
206385_s_at	288	ANK3	10
206386_at	6906	SERPINA7	X
206387_at	1045	CDX2	13
206388_at	5139	PDE3A	12
206389_s_at	5139	PDE3A	12
206390_x_at	5196	PF4	4
206391_at	5918	RARRES1	3
206392_s_at	5918	RARRES1	3
206393_at	7136	TNNI2	11
206394_at	4606	MYBPC2	19
206395_at	1608	DGKG	3
206396_at	6505	SLC1A1	9
206398_s_at	930	CD19	16
206399_x_at	773	CACNA1A	19
206401_s_at	4137	MAPT	17
206402_s_at	8620	NPFF	12
206403_at	9745	ZNF536	19
206404_at	2254	FGF9	13
206405_x_at	9098	USP6	17
206406_at	4184	SMCP	1
206407_s_at	6357	CCL13	17
206408_at	26045	LRRTM2	5
206409_at	7074	TIAM1	21
206410_at	8431	NR0B2	1
206411_s_at	27	ABL2	1
206412_at	2241	FER	5
206413_s_at	9623	TCL1B	14
206414_s_at	8853	ASAP2	2
206415_at	7092	TLL1	4
206416_at	7755	ZNF205	16
206417_at	1259	CNGA1	4
206418_at	27035	NOX1	X
206419_at	6097	RORC	1
206420_at	10261	IGSF6	16
206421_s_at	8710	SERPINB7	18
206422_at	2641	GCG	2
206423_at	10218	ANGPTL7	1
206424_at	1592	CYP26A1	10
206425_s_at	7222	TRPC3	4
206426_at	2315	MLANA	9
206427_s_at	2315	MLANA	9
206428_s_at	7702	ZNF143	11
206429_at	2150	F2RL1	5
206430_at	1044	CDX1	5
206431_x_at	23061	TBC1D9B	5
206432_at	3037	HAS2	8
206433_s_at	50859	SPOCK3	4
206434_at	50859	SPOCK3	4
206435_at	2583	B4GALNT1	12
206436_at	758	MPPED1	22
206437_at	8698	S1PR4	19
206438_x_at	79867	TCTN2	12
206439_at	1833	EPYC	12
206440_at	8825	LIN7A	12
206441_s_at	54939	COMMD4	15
206442_at	6406	SEMG1	20
206443_at	6096	RORB	9
206444_at	5153	PDE1B	12
206445_s_at	3276	PRMT1	19
206448_at	22891	ZNF365	10
206449_s_at	5648	MASP1	3
206450_at	1621	DBH	9
206451_at	55171	TBCCD1	3
206452_x_at	5524	PTPA	9
206453_s_at	57447	NDRG2	14
206454_s_at	6010	RHO	3
206455_s_at	6010	RHO	3
206456_at	2558	GABRA5	15
206457_s_at	1733	DIO1	1
206458_s_at	7482	WNT2B	1
206459_s_at	7482	WNT2B	1
206460_at	55966	AJAP1	1
206461_x_at	4496	MT1H	16
206462_s_at	4916	NTRK3	15
206463_s_at	10202	DHRS2	14
206464_at	660	BMX	X
206465_at	23205	ACSBG1	15
206466_at	23205	ACSBG1	15
206468_s_at	51603	METTL13	1
206469_x_at	22977	AKR7A3	1
206470_at	10154	PLXNC1	12
206471_s_at	10154	PLXNC1	12
206472_s_at	7090	TLE3	15
206473_at	51360	MBTPS2	X
206474_at	5128	CDK17	12
206476_s_at	4858	NOVA2	19
206477_s_at	4858	NOVA2	19
206478_at	9834	FAM30A	14
206479_at	4308	TRPM1	15
206480_at	4056	LTC4S	5
206481_s_at	9079	LDB2	4
206482_at	5753	PTK6	20
206483_at	23639	DNAAF11	8
206484_s_at	7512	XPNPEP2	X
206485_at	921	CD5	11
206486_at	3902	LAG3	12
206487_at	23353	SUN1	7
206488_s_at	948	CD36	7
206489_s_at	9229	DLGAP1	18
206490_at	9229	DLGAP1	18
206491_s_at	8775	NAPA	19
206492_at	2272	FHIT	3
206493_at	3674	ITGA2B	17
206494_s_at	3674	ITGA2B	17
206495_s_at	25988	HINFP	11
206496_at	2328	FMO3	1
206497_at	55744	COA1	7
206498_at	4948	OCA2	15
206499_s_at	1104	RCC1	1
206500_s_at	55320	MIS18BP1	14
206501_x_at	2115	ETV1	7
206502_s_at	3642	INSM1	20
206503_x_at	5371	PML	15
206504_at	1591	CYP24A1	20
206505_at	7363	UGT2B4	4
206506_s_at	8464	SUPT3H	6
206507_at	9753	ZSCAN12	6
206508_at	970	CD70	19
206509_at	5304	PIP	7
206510_at	10736	SIX2	2
206511_s_at	10736	SIX2	2
206513_at	9447	AIM2	1
206515_at	4051	CYP4F3	19
206516_at	268	AMH	19
206517_at	1014	CDH16	16
206518_s_at	8787	RGS9	17
206519_x_at	946	SIGLEC6	19
206520_x_at	946	SIGLEC6	19
206521_s_at	2957	GTF2A1	14
206522_at	8972	MGAM	7
206523_at	9265	CYTH3	7
206524_at	6862	TBXT	6
206525_at	2569	GABRR1	6
206526_at	26150	RIBC2	22
206527_at	18	ABAT	16
206528_at	7225	TRPC6	11
206529_x_at	5172	SLC26A4	7
206530_at	27314	RAB30	11
206531_at	8193	DPF1	19
206532_at	6598	SMARCB1	22
206533_at	1138	CHRNA5	15
206534_at	2903	GRIN2A	16
206535_at	6514	SLC2A2	3
206536_s_at	331	XIAP	X
206537_at	331	XIAP	X
206538_at	22808	MRAS	3
206539_s_at	66002	CYP4F12	19
206540_at	79411	GLB1L	2
206541_at	3818	KLKB1	4
206542_s_at	6595	SMARCA2	9
206543_at	6595	SMARCA2	9
206544_x_at	6595	SMARCA2	9
206545_at	940	CD28	2
206546_at	10388	SYCP2	20
206547_s_at	5475	PPEF1	X
206549_at	3641	INSL4	9
206550_s_at	9631	NUP155	5
206551_x_at	54800	KLHL24	3
206552_s_at	6863	TAC1	7
206553_at	4939	OAS2	12
206554_x_at	6419	SETMAR	3
206555_s_at	55623	THUMPD1	16
206556_at	27098	CLUL1	18
206557_at	79986	ZNF702P	19
206558_at	6493	SIM2	21
206559_x_at	1915	EEF1A1	6
206560_s_at	8190	MIA	19
206561_s_at	57016	AKR1B10	7
206562_s_at	1452	CSNK1A1	5
206563_s_at	4987	OPRL1	20
206564_at	4987	OPRL1	20
206565_x_at	11039	GUSBP14	5
206566_at	6541	SLC7A1	13
206567_s_at	51230	PHF20	20
206568_at	7141	TNP1	2
206569_at	11009	IL24	1
206570_s_at	5680	PSG11	19
206571_s_at	9448	MAP4K4	2
206572_x_at	7639	ZNF85	19
206573_at	3786	KCNQ3	8
206574_s_at	11156	PTP4A3	8
206575_at	6792	CDKL5	X
206576_s_at	634	CEACAM1	19
206577_at	7432	VIP	6
206578_at	1482	NKX2-5	5
206579_at	7745	ZKSCAN8	6
206580_s_at	30008	EFEMP2	11
206581_at	646	BNC1	15
206582_s_at	9289	ADGRG1	16
206583_at	55634	KRBOX4	X
206584_at	23643	LY96	8
206585_at	7681	MKRN3	15
206586_at	1269	CNR2	1
206587_at	10693	CCT6B	17
206588_at	1618	DAZL	3
206589_at	2672	GFI1	1
206590_x_at	1813	DRD2	11
206591_at	5896	RAG1	11
206592_s_at	8943	AP3D1	19
206593_s_at	6837	MED22	9
206594_at	23178	PASK	2
206595_at	1474	CST6	11
206596_s_at	4901	NRL	14
206597_at	4901	NRL	14
206598_at	3630	INS	11
206599_at	9121	SLC16A5	17
206600_s_at	9121	SLC16A5	17
206603_at	6517	SLC2A4	17
206604_at	5017	OVOL1	11
206605_at	8909	ENDOU	12
206606_at	3990	LIPC	15
206607_at	867	CBL	11
206608_s_at	57096	RPGRIP1	14
206609_at	9947	MAGEC1	X
206610_s_at	2160	F11	4
206611_at	29798	C2orf27A	2
206612_at	786	CACNG1	17
206613_s_at	9015	TAF1A	1
206614_at	8200	GDF5	20
206615_s_at	53616	ADAM22	7
206616_s_at	53616	ADAM22	7
206617_s_at	5973	RENBP	X
206618_at	8809	IL18R1	2
206619_at	27121	DKK4	8
206621_s_at	7458	EIF4H	7
206622_at	7200	TRH	3
206623_at	5145	PDE6A	5
206624_at	8287	USP9Y	Y
206625_at	5961	PRPH2	6
206626_x_at	6756	SSX1	X
206627_s_at	6756	SSX1	X
206628_at	6523	SLC5A1	22
206629_at	9719	ADAMTSL2	9
206630_at	7299	TYR	11
206631_at	5732	PTGER2	14
206632_s_at	9582	APOBEC3B	22
206633_at	1134	CHRNA1	2
206634_at	6496	SIX3	2
206635_at	1141	CHRNB2	1
206636_at	5922	RASA2	3
206637_at	9934	P2RY14	3
206638_at	3357	HTR2B	2
206639_x_at	3346	HTN1	4
206641_at	608	TNFRSF17	16
206642_at	1828	DSG1	18
206643_at	3034	HAL	12
206644_at	190	NR0B1	X
206645_s_at	190	NR0B1	X
206646_at	2735	GLI1	12
206647_at	3050	HBZ	16
206648_at	51276	ZNF571	19
206649_s_at	7030	TFE3	X
206650_at	55721	IQCC	1
206651_s_at	1361	CPB2	13
206652_at	9205	ZMYM5	13
206653_at	10622	POLR3G	5
206654_s_at	10622	POLR3G	5
206656_s_at	57136	APMAP	20
206657_s_at	4654	MYOD1	11
206658_at	105375355	UPK3B	7
206660_at	3543	IGLL1	22
206661_at	80174	DBF4B	17
206662_at	2745	GLRX	5
206663_at	6671	SP4	7
206664_at	6476	SI	3
206665_s_at	598	BCL2L1	20
206666_at	3003	GZMK	5
206667_s_at	9522	SCAMP1	5
206668_s_at	9522	SCAMP1	5
206669_at	2571	GAD1	2
206670_s_at	2571	GAD1	2
206671_at	6295	SAG	2
206672_at	359	AQP2	12
206673_at	11245	GPR176	15
206674_at	2322	FLT3	13
206675_s_at	6498	SKIL	3
206676_at	1088	CEACAM8	19
206677_at	3881	KRT31	17
206678_at	2554	GABRA1	5
206679_at	320	APBA1	9
206680_at	922	CD5L	1
206681_x_at	2813	GP2	16
206682_at	10462	CLEC10A	17
206683_at	7718	ZNF165	6
206684_s_at	11016	ATF7	12
206685_at	54435	HCG4	6
206686_at	5163	PDK1	2
206687_s_at	5777	PTPN6	12
206688_s_at	10898	CPSF4	7
206689_x_at	10524	KAT5	11
206690_at	40	ASIC2	17
206691_s_at	64714	PDIA2	16
206692_at	3766	KCNJ10	1
206693_at	3574	IL7	8
206694_at	5407	PNLIPRP1	10
206695_x_at	7594	ZNF43	19
206696_at	4935	GPR143	X
206697_s_at	3240	HP	16
206698_at	7504	XK	X
206699_x_at	4861	NPAS1	19
206700_s_at	8284	KDM5D	Y
206701_x_at	1910	EDNRB	13
206702_at	7010	TEK	9
206703_at	1140	CHRNB1	17
206704_at	1184	CLCN5	X
206705_at	7287	TULP1	6
206706_at	4908	NTF3	12
206707_x_at	9750	RIPOR2	6
206708_at	3344	FOXN2	2
206709_x_at	2875	GPT	8
206710_s_at	23136	EPB41L3	18
206712_at	79774	GRTP1	13
206713_at	22854	NTNG1	1
206714_at	247	ALOX15B	17
206715_at	22797	TFEC	7
206716_at	7369	UMOD	16
206717_at	4626	MYH8	17
206718_at	4004	LMO1	11
206719_at	23546	SYNGR4	19
206720_at	4249	MGAT5	2
206721_at	57821	CCDC181	1
206722_s_at	9170	LPAR2	19
206723_s_at	9170	LPAR2	19
206724_at	8535	CBX4	17
206725_x_at	649	BMP1	8
206726_at	27306	HPGDS	4
206727_at	735	C9	5
206729_at	943	TNFRSF8	1
206730_at	2892	GRIA3	X
206731_at	22866	CNKSR2	X
206732_at	22865	SLITRK3	3
206733_at	7288	TULP2	19
206734_at	8690	JRKL	11
206735_at	1137	CHRNA4	20
206736_x_at	1137	CHRNA4	20
206737_at	7481	WNT11	11
206739_at	3222	HOXC5	12
206740_x_at	6847	SYCP1	1
206741_at	51066	SSUH2	3
206743_s_at	432	ASGR1	17
206744_s_at	9205	ZMYM5	13
206745_at	3227	HOXC11	12
206746_at	631	BFSP1	20
206747_at	9721	GPRIN2	10
206748_s_at	9043	SPAG9	17
206749_at	910	CD1B	1
206750_at	7975	MAFK	7
206751_s_at	9468	PCYT1B	X
206752_s_at	1677	DFFB	1
206753_at	8608	RDH16	12
206755_at	1555	CYP2B6	19
206756_at	56548	CHST7	X
206757_at	8654	PDE5A	4
206758_at	1907	EDN2	1
206759_at	2208	FCER2	19
206760_s_at	2208	FCER2	19
206761_at	10225	CD96	3
206762_at	3741	KCNA5	12
206763_at	8468	FKBP6	7
206764_x_at	65258	MPPE1	18
206765_at	3759	KCNJ2	17
206766_at	8515	ITGA10	1
206767_at	27303	RBMS3	3
206768_at	6123	RPL3L	16
206769_at	9087	TMSB4Y	Y
206770_s_at	23443	SLC35A3	1
206771_at	7380	UPK3A	22
206772_at	5746	PTH2R	2
206773_at	4062	LY6H	8
206774_at	22844	FRMPD1	9
206775_at	8029	CUBN	10
206776_x_at	56	ACRV1	11
206778_at	1415	CRYBB2	22
206779_s_at	438	ASMT	X
206780_at	2572	GAD2	10
206781_at	3338	DNAJC4	11
206782_s_at	3338	DNAJC4	11
206783_at	2249	FGF4	11
206784_at	343	AQP8	16
206786_at	3347	HTN3	4
206787_at	676	BRDT	1
206788_s_at	865	CBFB	16
206789_s_at	5451	POU2F1	1
206790_s_at	4707	NDUFB1	14
206793_at	5409	PNMT	17
206794_at	2066	ERBB4	2
206795_at	2151	F2RL2	5
206796_at	8840	CCN4	8
206797_at	10	NAT2	8
206798_x_at	9940	DLEC1	3
206799_at	10647	SCGB1D2	11
206800_at	4524	MTHFR	1
206801_at	4879	NPPB	1
206802_at	5079	PAX5	9
206803_at	5173	PDYN	20
206804_at	917	CD3G	11
206805_at	10371	SEMA3A	7
206806_at	9162	DGKI	7
206807_s_at	119	ADD2	2
206808_at	10151	HNRNPA3P1	10
206810_at	51710	ZNF44	19
206811_at	114	ADCY8	8
206812_at	155	ADRB3	8
206813_at	1489	CTF1	16
206814_at	4803	NGF	1
206815_at	26206	SPAG8	9
206816_s_at	26206	SPAG8	9
206817_x_at	11189	CELF3	1
206818_s_at	54805	CNNM2	10
206819_at	29774	POM121L9P	22
206820_at	3268	AGFG2	7
206821_x_at	3268	AGFG2	7
206822_s_at	26013	L3MBTL1	20
206823_at	26013	L3MBTL1	20
206824_at	51716	CES1P1	16
206825_at	5021	OXTR	3
206826_at	5375	PMP2	8
206827_s_at	55503	TRPV6	7
206828_at	7294	TXK	4
206829_x_at	80264	ZNF430	19
206830_at	57282	SLC4A10	2
206831_s_at	414	ARSD	X
206832_s_at	6405	SEMA3F	3
206833_s_at	98	ACYP2	2
206834_at	3045	HBD	11
206835_at	6779	STATH	4
206836_at	6531	SLC6A3	5
206837_at	8092	ALX1	12
206838_at	9095	TBX19	1
206839_at	25770	C22orf31	22
206840_at	173	AFM	4
206841_at	5149	PDE6H	12
206842_at	3750	KCND1	X
206843_at	1413	CRYBA4	22
206844_at	8789	FBP2	9
206845_s_at	9810	RNF40	16
206846_s_at	10013	HDAC6	X
206847_s_at	3204	HOXA7	7
206849_at	2566	GABRG2	5
206850_at	10633	RASL10A	22
206851_at	6037	RNASE3	14
206852_at	2045	EPHA7	6
206853_s_at	6885	MAP3K7	6
206854_s_at	6885	MAP3K7	6
206855_s_at	8692	HYAL2	3
206856_at	10990	LILRB5	19
206857_s_at	2281	FKBP1B	2
206858_s_at	3223	HOXC6	12
206859_s_at	5047	PAEP	9
206860_s_at	54468	MIOS	7
206861_s_at	8545	CGGBP1	3
206862_at	9534	ZNF254	19
206863_x_at	8739	HRK	12
206864_s_at	8739	HRK	12
206865_at	8739	HRK	12
206866_at	1002	CDH4	20
206867_at	2646	GCKR	2
206868_at	9754	STARD8	X
206869_at	1101	CHAD	17
206870_at	5465	PPARA	22
206871_at	1991	ELANE	19
206872_at	6568	SLC17A1	6
206873_at	765	CA6	1
206874_s_at	9748	SLK	10
206875_s_at	9748	SLK	10
206876_at	6492	SIM1	6
206877_at	4084	MXD1	2
206878_at	1610	DAO	12
206879_s_at	9542	NRG2	5
206880_at	9127	P2RX6	22
206881_s_at	11026	LILRA3	19
206882_at	6511	SLC1A6	19
206883_x_at	2815	GP9	3
206884_s_at	8796	SCEL	13
206885_x_at	2688	GH1	17
206886_x_at	2688	GH1	17
206887_at	1238	ACKR2	3
206888_s_at	398	ARHGDIG	16
206890_at	3594	IL12RB1	19
206891_at	89	ACTN3	11
206892_at	269	AMHR2	12
206893_at	6299	SALL1	16
206894_at	337	APOA4	11
206895_at	5506	PPP1R3A	7
206896_s_at	2788	GNG7	19
206897_at	8712	PAGE1	X
206898_at	28513	CDH19	18
206899_at	23620	NTSR2	2
206900_x_at	56242	ZNF253	19
206901_at	79173	BRME1	19
206902_s_at	9941	EXOG	3
206903_at	9941	EXOG	3
206904_at	4146	MATN1	1
206905_s_at	4146	MATN1	1
206906_at	7087	ICAM5	19
206907_at	8744	TNFSF9	19
206908_s_at	5010	CLDN11	3
206910_x_at	3080	CFHR2	1
206911_at	7706	TRIM25	17
206912_at	2304	FOXE1	9
206913_at	570	BAAT	9
206914_at	56253	CRTAM	11
206915_at	4821	NKX2-2	20
206916_x_at	6898	TAT	16
206917_at	10672	GNA13	17
206918_s_at	8904	CPNE1	20
206919_at	2005	ELK4	1
206920_s_at	2733	GLE1	9
206921_at	2733	GLE1	9
206923_at	5578	PRKCA	17
206924_at	3589	IL11	19
206925_at	7903	ST8SIA4	5
206926_s_at	3589	IL11	19
206927_s_at	2977	GUCY1A2	11
206928_at	7678	ZNF124	1
206929_s_at	4782	NFIC	19
206930_at	10249	GLYAT	11
206931_at	7700	ZNF141	4
206932_at	9023	CH25H	10
206933_s_at	9563	H6PD	1
206934_at	10326	SIRPB1	20
206935_at	5100	PCDH8	13
206937_at	6708	SPTA1	1
206938_at	6716	SRD5A2	2
206939_at	1630	DCC	18
206940_s_at	5457	POU4F1	13
206941_x_at	9723	SEMA3E	7
206942_s_at	5367	PMCH	12
206943_at	7046	TGFBR1	9
206944_at	3362	HTR6	1
206945_at	3938	LCT	2
206946_at	10021	HCN4	15
206947_at	10317	B3GALT5	21
206948_at	10825	NEU3	11
206949_s_at	23623	RUSC1	1
206950_at	6335	SCN9A	2
206951_at	8367	H4C5	6
206952_at	2538	G6PC1	17
206953_s_at	23266	ADGRL2	1
206954_at	51352	WT1-AS	11
206955_at	364	AQP7	9
206957_at	189	AGXT	2
206958_s_at	65110	UPF3A	13
206959_s_at	65110	UPF3A	13
206960_at	2846	LPAR4	X
206961_s_at	9477	MED20	6
206964_at	51471	NAT8B	2
206965_at	11278	KLF12	13
206966_s_at	11278	KLF12	13
206967_at	904	CCNT1	12
206968_s_at	4798	NFRKB	11
206970_at	6900	CNTN2	1
206971_at	23432	GPR161	1
206972_s_at	23432	GPR161	1
206973_at	8499	PPFIA2	12
206974_at	10663	CXCR6	3
206975_at	4049	LTA	6
206976_s_at	10808	HSPH1	13
206977_at	5741	PTH	11
206978_at	729230	CCR2	3
206979_at	732	C8B	1
206980_s_at	2323	FLT3LG	19
206981_at	6329	SCN4A	17
206982_at	1411	CRYBA1	17
206983_at	1235	CCR6	6
206984_s_at	6014	RIT2	18
206985_at	3293	HSD17B3	9
206986_at	8817	FGF18	5
206987_x_at	8817	FGF18	5
206988_at	6370	CCL25	19
206989_s_at	9169	SCAF11	12
206990_at	7143	TNR	1
206991_s_at	1234	CCR5	3
206992_s_at	27109	DMAC2L	14
206993_at	27109	DMAC2L	14
206994_at	1472	CST4	20
206995_x_at	8578	SCARF1	17
206996_x_at	782	CACNB1	17
206997_s_at	9394	HS6ST1	2
206998_x_at	5544	PRB3	12
206999_at	3595	IL12RB2	1
207000_s_at	5533	PPP3CC	8
207001_x_at	1831	TSC22D3	X
207002_s_at	5325	PLAGL1	6
207004_at	596	BCL2	18
207005_s_at	596	BCL2	18
207006_s_at	29903	CCDC106	19
207007_at	9970	NR1I3	1
207008_at	3579	CXCR2	2
207009_at	8929	PHOX2B	4
207010_at	2560	GABRB1	4
207011_s_at	5754	PTK7	6
207012_at	4325	MMP16	8
207013_s_at	4325	MMP16	8
207014_at	2555	GABRA2	4
207015_s_at	8854	ALDH1A2	15
207016_s_at	8854	ALDH1A2	15
207017_at	5874	RAB27B	18
207018_s_at	5874	RAB27B	18
207019_s_at	8852	AKAP4	X
207020_at	11077	HSF2BP	21
207021_at	11055	ZPBP	7
207022_s_at	3948	LDHC	11
207023_x_at	3858	KRT10	17
207024_at	1144	CHRND	2
207025_at	57165	GJC2	1
207026_s_at	492	ATP2B3	X
207027_at	3083	HGFAC	4
207028_at	10408	MYCNOS	2
207029_at	4254	KITLG	12
207030_s_at	1466	CSRP2	12
207031_at	579	NKX3-2	4
207032_s_at	167	CRISP1	6
207033_at	2694	CBLIF	11
207034_s_at	2736	GLI2	2
207035_at	7781	SLC30A3	2
207036_x_at	2906	GRIN2D	19
207037_at	8792	TNFRSF11A	18
207038_at	9120	SLC16A6	17
207039_at	1029	CDKN2A	9
207040_s_at	6767	ST13	22
207041_at	10747	MASP2	1
207042_at	1870	E2F2	1
207043_s_at	6536	SLC6A9	1
207044_at	7068	THRB	3
207045_at	55610	VPS50	7
207048_at	6538	SLC6A11	3
207049_at	6334	SCN8A	12
207050_at	781	CACNA2D1	7
207051_at	10050	SLC17A4	6
207052_at	26762	HAVCR1	5
207053_at	6546	SLC8A1	2
207054_at	3617	IMPG1	6
207055_at	9283	GPR37L1	1
207056_s_at	9498	SLC4A8	12
207057_at	9194	SLC16A7	12
207058_s_at	5071	PRKN	6
207059_at	5083	PAX9	14
207060_at	2020	EN2	7
207061_at	2081	ERN1	17
207062_at	3375	IAPP	12
207063_at	83869	TTTY14	Y
207064_s_at	314	AOC2	17
207065_at	9119	KRT75	12
207066_at	3270	HRC	19
207067_s_at	3067	HDC	15
207068_at	7539	ZFP37	9
207069_s_at	4091	SMAD6	15
207070_at	5995	RGR	10
207071_s_at	48	ACO1	9
207072_at	8807	IL18RAP	2
207073_at	8999	CDKL2	4
207074_s_at	6570	SLC18A1	8
207075_at	114548	NLRP3	1
207076_s_at	445	ASS1	9
207077_at	51032	CELA2B	1
207078_at	10001	MED6	14
207079_s_at	10001	MED6	14
207080_s_at	5697	PYY	17
207081_s_at	5297	PI4KA	22
207082_at	1435	CSF1	1
207083_s_at	54862	CC2D1A	19
207084_at	5454	POU3F2	6
207085_x_at	1438	CSF2RA	X
207087_x_at	286	ANK1	8
207088_s_at	8402	SLC25A11	17
207089_at	4892	NRAP	10
207090_x_at	22835	ZFP30	19
207091_at	5027	P2RX7	12
207092_at	3952	LEP	7
207093_s_at	4974	OMG	17
207094_at	3577	CXCR1	2
207095_at	6555	SLC10A2	13
207096_at	6291	SAA4	11
207097_s_at	10246	SLC17A2	6
207098_s_at	55669	MFN1	3
207099_s_at	1121	CHM	X
207100_s_at	6843	VAMP1	12
207101_at	6843	VAMP1	12
207102_at	6718	AKR1D1	7
207103_at	3751	KCND2	7
207104_x_at	10859	LILRB1	19
207105_s_at	5296	PIK3R2	19
207106_s_at	4058	LTK	15
207107_at	6121	RPE65	1
207108_s_at	25836	NIPBL	5
207109_at	25833	POU2F3	11
207110_at	3768	KCNJ12	17
207111_at	2015	ADGRE1	19
207112_s_at	2549	GAB1	4
207113_s_at	7124	TNF	6
207114_at	80740	LY6G6C	6
207115_x_at	54799	MBTD1	17
207116_s_at	26330	GAPDHS	19
207117_at	51351	ZNF117	7
207119_at	5592	PRKG1	10
207120_at	63934	ZNF667	19
207121_s_at	5597	MAPK6	15
207122_x_at	6799	SULT1A2	16
207123_s_at	8785	MATN4	20
207124_s_at	10681	GNB5	15
207125_at	7768	ZNF225	19
207127_s_at	3189	HNRNPH3	10
207128_s_at	7766	ZNF223	19
207129_at	11238	CA5B	X
207130_at	23613	ZMYND8	20
207132_x_at	5204	PFDN5	12
207133_x_at	80216	ALPK1	4
207135_at	3356	HTR2A	13
207136_at	407	ARR3	X
207137_at	4796	TONSL	8
207138_at	5253	PHF2	9
207139_at	495	ATP4A	19
207140_at	248	ALPI	2
207141_s_at	3760	KCNJ3	2
207142_at	3760	KCNJ3	2
207143_at	1021	CDK6	7
207144_s_at	4435	CITED1	X
207145_at	2660	MSTN	2
207146_at	3882	KRT32	17
207147_at	1746	DLX2	2
207148_x_at	51778	MYOZ2	4
207149_at	1010	CDH12	5
207150_at	6572	SLC18A3	10
207151_at	117	ADCYAP1R1	7
207152_at	4915	NTRK2	9
207153_s_at	11146	GLMN	1
207154_at	1735	DIO3	14
207155_at	6910	TBX5	12
207156_at	8969	H2AC11	6
207157_s_at	2787	GNG5	1
207158_at	339	APOBEC1	12
207159_x_at	23373	CRTC1	19
207160_at	3592	IL12A	3
207161_at	9808	KIAA0087	7
207162_s_at	774	CACNA1B	9
207163_s_at	207	AKT1	14
207164_s_at	10472	ZBTB18	1
207165_at	3161	HMMR	5
207166_at	2792	GNGT1	7
207167_at	9398	CD101	1
207168_s_at	9555	MACROH2A1	5
207169_x_at	780	DDR1	6
207170_s_at	25875	LETMD1	12
207172_s_at	1009	CDH11	16
207173_x_at	1009	CDH11	16
207174_at	2262	GPC5	13
207175_at	9370	ADIPOQ	3
207176_s_at	941	CD80	3
207177_at	5737	PTGFR	1
207178_s_at	2444	FRK	6
207179_at	3195	TLX1	10
207180_s_at	10553	HTATIP2	11
207181_s_at	840	CASP7	10
207182_at	2559	GABRA6	5
207183_at	2842	GPR19	12
207184_at	6540	SLC6A13	12
207185_at	6554	SLC10A1	14
207186_s_at	2186	BPTF	17
207187_at	3718	JAK3	19
207189_s_at	23140	ZZEF1	17
207190_at	23140	ZZEF1	17
207191_s_at	3671	ISLR	15
207192_at	1775	DNASE1L2	16
207193_at	181	AGRP	16
207194_s_at	3386	ICAM4	19
207195_at	27255	CNTN6	3
207196_s_at	10318	TNIP1	5
207197_at	7547	ZIC3	X
207198_s_at	3987	LIMS1	2
207199_at	7015	TERT	5
207200_at	5009	OTC	X
207201_s_at	6580	SLC22A1	6
207202_s_at	8856	NR1I2	3
207203_s_at	8856	NR1I2	3
207204_at	25794	FSCN2	17
207205_at	1089	CEACAM4	19
207206_s_at	239	ALOX12	17
207207_at	27288	RBMXL2	11
207208_at	27288	RBMXL2	11
207209_at	1068	CETN1	18
207210_at	2556	GABRA3	X
207211_at	9099	USP2	11
207212_at	6550	SLC9A3	5
207213_s_at	9099	USP2	11
207214_at	27290	SPINK4	9
207216_at	944	TNFSF8	9
207217_s_at	27035	NOX1	X
207218_at	2158	F9	X
207219_at	65243	ZFP69B	1
207220_at	420	ART4	12
207221_at	9002	F2RL3	19
207222_at	8399	PLA2G10	16
207223_s_at	9991	PTBP3	9
207224_s_at	27036	SIGLEC7	19
207225_at	15	AANAT	17
207226_at	8341	H2BC15	6
207227_x_at	10739	RFPL2	22
207228_at	5568	PRKACG	9
207229_at	10748	KLRA1P	12
207230_at	50937	CDON	11
207231_at	9666	DZIP3	3
207232_s_at	9666	DZIP3	3
207233_s_at	4286	MITF	3
207234_at	5991	RFX3	9
207235_s_at	2915	GRM5	11
207236_at	25850	ZNF345	19
207237_at	3738	KCNA3	1
207238_s_at	5788	PTPRC	1
207239_s_at	5127	CDK16	X
207240_s_at	3973	LHCGR	2
207241_at	10141	LINC01587	4
207242_s_at	2897	GRIK1	21
207243_s_at	805	CALM2	2
207244_x_at	1548	CYP2A6	19
207246_at	7544	ZFY	Y
207248_at	3739	KCNA4	11
207249_s_at	9153	SLC28A2	15
207250_at	4990	SIX6	14
207251_at	4225	MEP1B	18
207252_at	8552	INE1	X
207253_s_at	29855	UBN1	16
207254_at	6564	SLC15A1	13
207255_at	3953	LEPR	1
207256_at	4153	MBL2	10
207257_at	2056	EPO	7
207258_at	10281	DSCR4	21
207259_at	55018	ANKRD40CL	17
207260_at	54738	FEV	2
207261_at	1261	CNGA3	2
207262_at	319	APOF	12
207263_x_at	55591	VEZT	12
207264_at	11015	KDELR3	22
207265_s_at	11015	KDELR3	22
207266_x_at	5937	RBMS1	2
207267_s_at	53820	RIPPLY3	21
207268_x_at	10152	ABI2	2
207269_at	1669	DEFA4	8
207270_x_at	10871	CD300C	17
207272_at	7634	ZNF80	3
207274_at	1145	CHRNE	17
207275_s_at	2180	ACSL1	4
207276_at	1038	CDR1	X
207277_at	30835	CD209	19
207278_s_at	30835	CD209	19
207279_s_at	10529	NEBL	10
207280_at	100852405	RNF185-AS1	22
207281_x_at	51480	VCX2	X
207282_s_at	4656	MYOG	1
207283_at	56969	RPL23AP32	2
207284_s_at	444	ASPH	8
207285_x_at	1444	CSHL1	17
207286_at	9662	CEP135	4
207287_at	80094	BIN3-IT1	8
207288_at	80161	ASMTL-AS1	X
207289_at	64386	MMP25	16
207290_at	5362	PLXNA2	1
207291_at	79056	PRRG4	11
207292_s_at	5598	MAPK7	17
207293_s_at	186	AGTR2	X
207294_at	186	AGTR2	X
207295_at	6340	SCNN1G	16
207296_at	79175	ZNF343	20
207298_at	10786	SLC17A3	6
207299_s_at	2911	GRM1	6
207300_s_at	2155	F7	13
207301_at	1946	EFNA5	5
207302_at	6445	SGCG	13
207303_at	5137	PDE1C	7
207304_at	7596	ZNF45	19
207305_s_at	22878	TRAPPC8	18
207306_at	6939	TCF15	20
207307_at	3358	HTR2C	X
207308_at	6579	SLCO1A2	12
207309_at	4842	NOS1	12
207310_s_at	4842	NOS1	12
207311_at	8447	DOC2B	17
207312_at	5260	PHKG1	7
207313_x_at	3812	KIR3DL2	19
207315_at	10666	CD226	18
207316_at	3036	HAS1	19
207317_s_at	845	CASQ2	1
207318_s_at	8621	CDK13	7
207319_s_at	8621	CDK13	7
207320_x_at	6780	STAU1	20
207321_s_at	23457	ABCB9	12
207322_at	6453	ITSN1	21
207323_s_at	4155	MBP	18
207324_s_at	1823	DSC1	18
207325_x_at	4100	MAGEA1	X
207326_at	685	BTC	4
207327_at	2070	EYA4	6
207328_at	246	ALOX15	17
207329_at	4317	MMP8	11
207330_at	5858	PZP	12
207331_at	1063	CENPF	1
207332_s_at	7037	TFRC	3
207333_at	4829	NMBR	6
207334_s_at	7048	TGFBR2	3
207335_x_at	521	ATP5ME	4
207336_at	6660	SOX5	12
207337_at	30848	CTAG2	X
207338_s_at	7752	ZNF200	16
207339_s_at	4050	LTB	6
207341_at	5657	PRTN3	19
207342_at	1258	CNGB1	16
207343_at	57151	LYZL6	17
207344_at	10566	AKAP3	12
207345_at	10468	FST	5
207346_at	2054	STX2	12
207347_at	2074	ERCC6	10
207348_s_at	3980	LIG3	17
207349_s_at	7352	UCP3	11
207350_s_at	8674	VAMP4	1
207351_s_at	9047	SH2D2A	1
207352_s_at	2561	GABRB2	5
207353_s_at	3166	HMX1	4
207354_at	6360	CCL16	17
207355_at	6512	SLC1A7	1
207357_s_at	55568	GALNT10	5
207358_x_at	23499	MACF1	1
207359_at	10645	CAMKK2	12
207360_s_at	4923	NTSR1	20
207361_at	26959	HBP1	7
207362_at	7782	SLC30A4	15
207363_at	6247	RS1	X
207364_at	1527	TEX28	X
207365_x_at	9736	USP34	2
207366_at	3787	KCNS1	20
207367_at	479	ATP12A	13
207368_at	3352	HTR1D	1
207369_at	680	BRS3	X
207370_at	3381	IBSP	4
207372_s_at	954	ENTPD2	9
207373_at	3236	HOXD10	2
207374_at	57047	PLSCR2	3
207375_s_at	3601	IL15RA	10
207376_at	27287	VENTX	10
207377_at	80316	PPP1R2C	X
207378_at	11181	TREH	11
207379_at	10085	EDIL3	5
207380_x_at	27035	NOX1	X
207381_at	242	ALOX12B	17
207382_at	8626	TP63	3
207383_s_at	9028	RHBDL1	16
207384_at	8993	PGLYRP1	19
207385_at	51270	TFDP3	X
207386_at	9420	CYP7B1	8
207387_s_at	2710	GK	X
207388_s_at	9536	PTGES	9
207389_at	2811	GP1BA	17
207390_s_at	6525	SMTN	22
207391_s_at	8394	PIP5K1A	1
207392_x_at	7366	UGT2B15	4
207393_at	3062	HCRTR2	6
207394_at	7696	ZNF137P	19
207395_at	696	BTN1A1	6
207396_s_at	10195	ALG3	3
207397_s_at	3239	HOXD13	2
207398_at	3239	HOXD13	2
207399_at	8419	BFSP2	3
207400_at	4889	NPY5R	4
207401_at	5629	PROX1	1
207402_at	7691	ZNF132	19
207403_at	8471	IRS4	X
207404_s_at	3354	HTR1E	6
207405_s_at	5884	RAD17	5
207406_at	1581	CYP7A1	8
207407_x_at	1579	CYP4A11	1
207408_at	9389	SLC22A14	3
207409_at	3950	LECT2	5
207410_s_at	3196	TLX2	2
207412_x_at	1057	CELP	9
207413_s_at	6331	SCN5A	3
207414_s_at	5046	PCSK6	15
207415_at	22925	PLA2R1	2
207416_s_at	4775	NFATC3	16
207418_s_at	8528	DDO	6
207419_s_at	5880	RAC2	22
207420_at	10584	COLEC10	8
207421_at	763	CA5A	16
207422_at	8748	ADAM20	14
207423_s_at	8748	ADAM20	14
207424_at	4617	MYF5	12
207425_s_at	10801	SEPTIN9	17
207426_s_at	7292	TNFSF4	1
207427_at	49	ACR	22
207428_x_at	984	CDK11B	1
207429_at	6582	SLC22A2	6
207430_s_at	4477	MSMB	10
207431_s_at	8560	DEGS1	1
207432_at	54831	BEST2	19
207433_at	3586	IL10	1
207435_s_at	23524	SRRM2	16
207436_x_at	10580	SORBS1	10
207437_at	4857	NOVA1	14
207438_s_at	10073	SNUPN	15
207439_s_at	7355	SLC35A2	X
207440_at	7355	SLC35A2	X
207441_at	10879	SMR3B	4
207442_at	1440	CSF3	17
207443_at	7101	NR2E1	6
207444_at	9390	SLC22A13	3
207445_s_at	10803	CCR9	3
207446_at	10333	TLR6	4
207447_s_at	25834	MGAT4C	12
207448_at	23275	POFUT2	21
207449_s_at	23275	POFUT2	21
207450_s_at	11281	POU6F2	7
207451_at	26257	NKX2-8	14
207452_s_at	53942	CNTN5	11
207453_s_at	25822	DNAJB5	9
207454_at	2899	GRIK3	1
207455_at	5028	P2RY1	3
207456_at	3174	HNF4G	8
207457_s_at	58530	LY6G6D	6
207458_at	78998	RHPN1-AS1	8
207459_x_at	2994	GYPB	4
207460_at	3004	GZMM	19
207462_at	2742	GLRA2	X
207463_x_at	5646	PRSS3	9
207464_at	10768	AHCYL1	1
207466_at	51083	GAL	11
207467_x_at	831	CAST	5
207468_s_at	6425	SFRP5	10
207469_s_at	8544	PIR	X
207471_at	57038	RARS2	6
207472_at	57038	RARS2	6
207473_at	4295	MLN	6
207474_at	54861	SNRK	3
207475_at	2169	FABP2	4
207480_s_at	4212	MEIS2	15
207482_at	27296	TP53TG5	20
207483_s_at	55832	CAND1	12
207484_s_at	10919	EHMT2	6
207485_x_at	11119	BTN3A1	6
207486_x_at	1124	CHN2	7
207489_at	80052	RPS2P45	16
207490_at	80086	TUBA4B	2
207491_at	80168	MOGAT2	11
207492_at	55768	NGLY1	3
207494_s_at	7629	ZNF76	6
207495_at	9364	RAB28	4
207496_at	2206	MS4A2	11
207497_s_at	2206	MS4A2	11
207499_x_at	55898	UNC45A	15
207500_at	838	CASP5	11
207501_s_at	2257	FGF12	3
207502_at	2981	GUCA2B	1
207503_at	6953	TCP10L3	6
207504_at	766	CA7	16
207505_at	5593	PRKG2	4
207506_at	10539	GLRX3	10
207507_s_at	518	ATP5MC3	2
207508_at	518	ATP5MC3	2
207509_s_at	3904	LAIR2	19
207510_at	623	BDKRB1	14
207511_s_at	27013	CNPPD1	2
207513_s_at	7743	ZNF189	9
207514_s_at	2779	GNAT1	3
207515_s_at	9533	POLR1C	6
207516_at	1143	CHRNB4	15
207517_at	3918	LAMC2	1
207518_at	8526	DGKE	17
207519_at	6532	SLC6A4	17
207520_at	6738	RO60	1
207521_s_at	489	ATP2A3	17
207522_s_at	489	ATP2A3	17
207523_at	10665	TSBP1	6
207525_s_at	10755	GIPC1	19
207526_s_at	9173	IL1RL1	2
207527_at	3765	KCNJ9	1
207528_s_at	23657	SLC7A11	4
207529_at	1670	DEFA5	8
207530_s_at	1030	CDKN2B	9
207531_at	1420	CRYGC	2
207532_at	1421	CRYGD	2
207533_at	6346	CCL1	17
207534_at	4112	MAGEB1	X
207535_s_at	4791	NFKB2	10
207536_s_at	3604	TNFRSF9	1
207537_at	5207	PFKFB1	X
207538_at	3565	IL4	5
207539_s_at	3565	IL4	5
207540_s_at	6850	SYK	9
207541_s_at	5394	EXOSC10	1
207542_s_at	358	AQP1	7
207543_s_at	5033	P4HA1	10
207544_s_at	130	ADH6	4
207546_at	496	ATP4B	13
207547_s_at	11170	FAM107A	3
207548_at	2917	GRM7	3
207549_x_at	4179	CD46	1
207550_at	4352	MPL	1
207551_s_at	10943	MSL3	X
207552_at	517	ATP5MC2	12
207553_at	4986	OPRK1	8
207554_x_at	6915	TBXA2R	19
207555_s_at	6915	TBXA2R	19
207556_s_at	8525	DGKZ	11
207557_s_at	6262	RYR2	1
207558_s_at	5308	PITX2	4
207559_s_at	9203	ZMYM3	X
207560_at	9154	SLC28A1	15
207562_at	1609	DGKQ	4
207563_s_at	8473	OGT	X
207564_x_at	8473	OGT	X
207565_s_at	3140	MR1	1
207566_at	3140	MR1	1
207567_at	9058	SLC13A2	17
207568_at	8973	CHRNA6	8
207569_at	6098	ROS1	6
207570_at	6473	SHOX	X
207571_x_at	9473	THEMIS2	1
207572_at	84288	EFCAB2	1
207573_x_at	10632	ATP5MG	11
207574_s_at	4616	GADD45B	19
207576_x_at	5020	OXT	20
207577_at	3360	HTR4	5
207578_s_at	3360	HTR4	5
207579_at	4114	MAGEB3	X
207580_at	4115	MAGEB4	X
207581_s_at	4115	MAGEB4	X
207582_at	5301	PIN1P1	1
207583_at	225	ABCD2	12
207584_at	4018	LPA	6
207585_s_at	6166	RPL36AL	14
207586_at	6469	SHH	7
207587_at	1418	CRYGA	2
207589_at	147	ADRA1B	5
207590_s_at	2491	CENPI	X
207591_s_at	8289	ARID1A	1
207592_s_at	610	HCN2	19
207593_at	64137	ABCG4	11
207594_s_at	8867	SYNJ1	21
207595_s_at	649	BMP1	8
207597_at	8749	ADAM18	8
207598_x_at	7516	XRCC2	7
207599_at	9313	MMP20	11
207600_at	3748	KCNC3	19
207601_at	27284	SULT1B1	4
207602_at	9407	TMPRSS11D	4
207603_at	9497	SLC4A7	3
207604_s_at	9497	SLC4A7	3
207605_x_at	51351	ZNF117	7
207606_s_at	94134	ARHGAP12	10
207607_at	430	ASCL2	11
207608_x_at	1544	CYP1A2	15
207609_s_at	1544	CYP1A2	15
207610_s_at	30817	ADGRE2	19
207611_at	8340	H2BC13	6
207612_at	7479	WNT8B	10
207613_s_at	815	CAMK2A	5
207614_s_at	8454	CUL1	7
207615_s_at	750	GAS8-AS1	16
207616_s_at	10010	TANK	2
207617_at	1654	DDX3X	X
207618_s_at	617	BCS1L	2
207619_at	3061	HCRTR1	1
207620_s_at	8573	CASK	X
207621_s_at	10400	PEMT	17
207624_s_at	6103	RPGR	X
207625_s_at	9139	CBFA2T2	20
207626_s_at	6542	SLC7A2	8
207627_s_at	7024	TFCP2	12
207628_s_at	114049	BUD23	7
207629_s_at	9181	ARHGEF2	1
207630_s_at	1390	CREM	10
207631_at	10230	NBR2	17
207632_at	4593	MUSK	9
207633_s_at	4593	MUSK	9
207634_at	5133	PDCD1	2
207635_s_at	3756	KCNH1	1
207636_at	5276	SERPINI2	3
207637_at	9671	WSCD2	12
207638_at	5651	TMPRSS15	21
207639_at	8326	FZD9	7
207640_x_at	4917	NTN3	16
207641_at	23495	TNFRSF13B	17
207642_at	3060	HCRT	17
207643_s_at	7132	TNFRSF1A	12
207644_at	8928	FOXH1	8
207645_s_at	9557	CHD1L	1
207647_at	9085	CDY1	Y
207648_at	1821	DRP2	X
207649_at	8688	KRT37	17
207650_x_at	5731	PTGER1	19
207651_at	29909	GPR171	3
207652_s_at	1240	CMKLR1	12
207653_at	2306	FOXD2	1
207654_x_at	1810	DR1	1
207655_s_at	29760	BLNK	10
207656_s_at	51	ACOX1	17
207657_x_at	3842	TNPO1	5
207658_s_at	2290	FOXG1	14
207659_s_at	4336	MOBP	3
207660_at	1756	DMD	X
207661_s_at	9644	SH3PXD2A	10
207662_at	6899	TBX1	22
207664_at	2515	ADAM2	8
207665_at	8747	ADAM21	14
207666_x_at	10214	SSX3	X
207667_s_at	5606	MAP2K3	17
207668_x_at	10130	PDIA6	2
207669_at	3889	KRT83	12
207670_at	3891	KRT85	12
207671_s_at	7439	BEST1	11
207672_at	5992	RFX4	12
207673_at	4868	NPHS1	19
207674_at	2204	FCAR	19
207675_x_at	9048	ARTN	1
207676_at	9480	ONECUT2	18
207677_s_at	4689	NCF4	22
207678_s_at	11063	SOX30	5
207679_at	5077	PAX3	2
207680_x_at	5077	PAX3	2
207681_at	2833	CXCR3	X
207682_s_at	3834	KIF25	6
207683_at	8456	FOXN1	17
207684_at	6911	TBX6	16
207685_at	1417	CRYBB3	22
207686_s_at	841	CASP8	2
207687_at	3626	INHBC	12
207688_s_at	3626	INHBC	12
207689_at	347853	TBX10	11
207690_at	257	ALX3	1
207691_x_at	953	ENTPD1	10
207692_s_at	176	ACAN	15
207693_at	785	CACNB4	2
207694_at	5456	POU3F4	X
207695_s_at	3547	IGSF1	X
207696_at	10690	FUT9	6
207697_x_at	10288	LILRB2	19
207698_at	26238	LINC01558	6
207699_at	85446	ZFHX2	14
207700_s_at	8202	NCOA3	20
207701_at	25775	YWHAH-AS1	22
207702_s_at	9863	MAGI2	7
207703_at	22829	NLGN4Y	Y
207704_s_at	8522	GAS7	17
207705_s_at	22981	NINL	20
207706_at	7399	USH2A	1
207707_s_at	6396	SEC13	3
207708_at	59344	ALOXE3	17
207709_at	5563	PRKAA2	1
207710_at	26239	LCE2B	1
207711_at	140710	MTCL2	20
207712_at	574	BAGE	21
207713_s_at	10616	RBCK1	20
207714_s_at	871	SERPINH1	11
207715_at	1419	CRYGB	2
207716_at	8687	KRT38	17
207717_s_at	5318	PKP2	12
207718_x_at	1549	CYP2A7	19
207719_x_at	9859	CEP170	1
207720_at	4014	LORICRIN	1
207721_x_at	3094	HINT1	5
207722_s_at	55643	BTBD2	19
207723_s_at	3823	KLRC3	12
207724_s_at	6683	SPAST	2
207725_at	5458	POU4F2	4
207726_at	2103	ESRRB	14
207727_s_at	4595	MUTYH	1
207728_at	55729	ATF7IP	12
207729_at	1007	CDH9	5
207730_x_at	126282	TNFAIP8L1	19
207732_s_at	1741	DLG3	X
207733_x_at	5678	PSG9	19
207734_at	54900	LAX1	1
207735_at	54941	RNF125	18
207736_s_at	7142	TNP2	16
207738_s_at	10787	NCKAP1	2
207740_s_at	23636	NUP62	19
207741_x_at	7177	TPSAB1	16
207742_s_at	2649	NR6A1	9
207745_at	51475	CABP2	11
207746_at	10721	POLQ	3
207747_s_at	55715	DOK4	16
207749_s_at	5523	PPP2R3A	3
207752_x_at	5542	PRB1	12
207753_at	57343	ZNF304	19
207754_at	11228	RASSF8	12
207757_at	80108	ZFP2	5
207760_s_at	9612	NCOR2	12
207761_s_at	25840	TMT1A	12
207762_at	80350	LPAL2	6
207763_at	6276	S100A5	1
207764_s_at	10114	HIPK3	11
207765_s_at	80256	ATOSB	9
207766_at	8814	CDKL1	14
207767_s_at	1961	EGR4	2
207768_at	1961	EGR4	2
207769_s_at	10084	PQBP1	X
207770_x_at	1443	CSH2	17
207771_at	6524	SLC5A2	16
207772_s_at	56341	PRMT8	12
207773_x_at	64816	CYP3A43	7
207774_at	83734	ATG10	5
207775_at	79150	MGC4859	7
207776_s_at	783	CACNB2	10
207777_s_at	11262	SP140	2
207778_at	5969	REG1CP	2
207780_at	1539	CYLC2	9
207781_s_at	7552	ZNF711	X
207782_s_at	5663	PSEN1	14
207783_x_at	10075	HUWE1	X
207784_at	414	ARSD	X
207785_s_at	3516	RBPJ	4
207786_at	120227	CYP2R1	11
207787_at	3884	KRT33B	17
207788_s_at	10174	SORBS3	8
207789_s_at	1804	DPP6	7
207790_at	55227	LRRC1	6
207791_s_at	5861	RAB1A	2
207792_at	4985	OPRD1	1
207793_s_at	2035	EPB41	1
207794_at	729230	CCR2	3
207795_s_at	3824	KLRD1	12
207796_x_at	3824	KLRD1	12
207797_s_at	55805	LRP2BP	4
207798_s_at	11273	ATXN2L	16
207799_x_at	100131755	ARMCX4	X
207800_at	9495	AKAP5	14
207801_s_at	9921	RNF10	12
207802_at	10321	CRISP3	6
207803_s_at	1448	CSN3	4
207804_s_at	2220	FCN2	9
207805_s_at	5715	PSMD9	12
207808_s_at	5627	PROS1	3
207809_s_at	537	ATP6AP1	X
207810_at	2165	F13B	1
207811_at	3859	KRT12	17
207812_s_at	26003	GORASP2	2
207813_s_at	2232	FDXR	17
207814_at	1671	DEFA6	8
207815_at	5197	PF4V1	4
207816_at	3906	LALBA	12
207817_at	3467	IFNW1	9
207818_s_at	3363	HTR7	10
207819_s_at	5244	ABCB4	7
207820_at	124	ADH1A	4
207821_s_at	5747	PTK2	8
207822_at	2260	FGFR1	8
207823_s_at	199	AIF1	6
207824_s_at	4150	MAZ	16
207825_s_at	2692	GHRHR	7
207826_s_at	3399	ID3	1
207827_x_at	6622	SNCA	4
207828_s_at	1063	CENPF	1
207829_s_at	662	BNIP1	5
207830_s_at	5511	PPP1R8	1
207831_x_at	1725	DHPS	19
207832_at	10458	BAIAP2	17
207833_s_at	3141	HLCS	21
207834_at	2192	FBLN1	22
207835_at	2192	FBLN1	22
207836_s_at	11030	RBPMS	8
207837_at	11030	RBPMS	8
207838_x_at	57326	PBXIP1	1
207839_s_at	51754	TMEM8B	9
207840_at	11126	CD160	1
207841_at	54466	SPIN2A	X
207842_s_at	22794	CASC3	17
207843_x_at	1528	CYB5A	18
207844_at	3596	IL13	5
207845_s_at	10393	ANAPC10	4
207846_at	5449	POU1F1	3
207847_s_at	4582	MUC1	1
207848_at	551	AVP	20
207849_at	3558	IL2	4
207850_at	2921	CXCL3	4
207851_s_at	3643	INSR	19
207852_at	6374	CXCL5	4
207853_s_at	6620	SNCB	5
207854_at	2996	GYPE	4
207855_s_at	23155	CLCC1	1
207857_at	11027	LILRA2	19
207858_s_at	5313	PKLR	1
207859_s_at	1142	CHRNB3	8
207860_at	9437	NCR1	19
207861_at	6367	CCL22	16
207862_at	7379	UPK2	11
207863_at	141	ADPRH	3
207864_at	6332	SCN7A	2
207865_s_at	656	BMP8B	1
207867_at	5078	PAX4	7
207868_at	1135	CHRNA2	8
207869_s_at	8913	CACNA1G	17
207870_at	10142	AKAP9	7
207872_s_at	11024	LILRA1	19
207873_x_at	23544	SEZ6L	22
207874_s_at	10877	CFHR4	1
207876_s_at	2318	FLNC	7
207877_s_at	4931	NVL	1
207878_at	51350	KRT76	12
207880_at	4185	ADAM11	17
207883_s_at	7036	TFR2	7
207884_at	3000	GUCY2D	17
207885_at	795	S100G	X
207886_s_at	799	CALCR	7
207887_s_at	799	CALCR	7
207889_at	1757	SARDH	9
207890_s_at	64386	MMP25	16
207892_at	959	CD40LG	X
207893_at	6736	SRY	Y
207894_s_at	27004	TCL6	14
207895_at	10004	NAALADL1	11
207896_s_at	9940	DLEC1	3
207897_at	1395	CRHR2	7
207899_at	2695	GIP	17
207900_at	6361	CCL17	16
207901_at	3593	IL12B	5
207902_at	3568	IL5RA	3
207904_s_at	4012	LNPEP	5
207906_at	3562	IL3	5
207907_at	8740	TNFSF14	19
207908_at	3849	KRT2	12
207910_at	10648	SCGB1D1	11
207911_s_at	9333	TGM5	15
207913_at	1572	CYP2F1	19
207914_x_at	2128	EVX1	7
207916_at	375850	RBMY2BP	Y
207917_at	25961	NUDT13	10
207919_at	417	ART1	11
207920_x_at	7543	ZFX	X
207921_x_at	7849	PAX8	2
207922_s_at	10296	MAEA	4
207923_x_at	7849	PAX8	2
207924_x_at	7849	PAX8	2
207925_at	1473	CST5	20
207926_at	2814	GP5	3
207927_at	3363	HTR7	10
207928_s_at	8001	GLRA3	4
207929_at	2925	GRPR	X
207930_at	3933	LCN1	9
207931_s_at	5208	PFKFB2	1
207932_at	3445	IFNA8	9
207933_at	7783	ZP2	16
207934_at	5988	RFPL1	22
207935_s_at	3860	KRT13	17
207936_x_at	10738	RFPL3	22
207937_x_at	2260	FGFR1	8
207938_at	51050	PI15	8
207939_x_at	10921	RNPS1	16
207940_x_at	1268	CNR1	6
207941_s_at	9584	RBM39	20
207943_x_at	5325	PLAGL1	6
207944_at	4951	OCM2	7
207945_s_at	1453	CSNK1D	17
207946_at	55534	MAML3	4
207949_s_at	3382	ICA1	7
207950_s_at	288	ANK3	10
207951_at	1447	CSN2	4
207952_at	3567	IL5	5
207954_at	2624	GATA2	3
207955_at	10850	CCL27	9
207956_x_at	23047	PDS5B	13
207957_s_at	5579	PRKCB	16
207959_s_at	1770	DNAH9	17
207961_x_at	4629	MYH11	16
207962_at	11131	CAPN11	6
207963_at	100505879	KIF25-AS1	6
207964_x_at	3441	IFNA4	9
207965_at	50674	NEUROG3	10
207966_s_at	2734	GLG1	16
207967_at	11311	VPS45	1
207968_s_at	4208	MEF2C	5
207969_x_at	56	ACRV1	11
207971_s_at	23177	CEP68	2
207972_at	2741	GLRA1	5
207973_x_at	56	ACRV1	11
207974_s_at	6500	SKP1	5
207976_at	23276	KLHL18	3
207977_s_at	1805	DPT	1
207978_s_at	8013	NR4A3	9
207979_s_at	926	CD8B	2
207980_s_at	10370	CITED2	6
207981_s_at	2104	ESRRG	1
207982_at	3010	H1-6	6
207983_s_at	10735	STAG2	X
207984_s_at	4355	MPP2	17
207986_x_at	1534	CYB561	17
207987_s_at	2796	GNRH1	8
207988_s_at	10109	ARPC2	2
207989_at	4988	OPRM1	6
207990_x_at	56	ACRV1	11
207991_x_at	56	ACRV1	11
207992_s_at	272	AMPD3	11
207993_s_at	11261	CHP1	15
207994_s_at	4988	OPRM1	6
207995_s_at	10332	CLEC4M	19
207996_s_at	753	LDLRAD4	18
207998_s_at	776	CACNA1D	3
207999_s_at	104	ADARB1	21
208000_at	2765	GML	8
208002_s_at	11332	ACOT7	1
208003_s_at	10725	NFAT5	16
208004_at	58503	OPRPN	4
208005_at	9423	NTN1	17
208006_at	2299	FOXI1	5
208007_at	23491	CES3	16
208008_at	26083	TBC1D29P	17
208009_s_at	27237	ARHGEF16	1
208010_s_at	26191	PTPN22	1
208011_at	26191	PTPN22	1
208012_x_at	3431	SP110	2
208013_s_at	56	ACRV1	11
208016_s_at	185	AGTR1	3
208017_s_at	4168	MCF2	X
208018_s_at	3055	HCK	20
208019_at	7712	ZNF157	X
208020_s_at	775	CACNA1C	12
208021_s_at	5981	RFC1	4
208022_s_at	8555	CDC14B	9
208023_at	7293	TNFRSF4	1
208025_s_at	8091	HMGA2	12
208026_at	8361	H4C6	6
208027_s_at	7093	TLL2	10
208028_s_at	2880	GPX5	6
208029_s_at	55353	LAPTM4B	8
208030_s_at	118	ADD1	4
208031_s_at	5990	RFX2	19
208032_s_at	2892	GRIA3	X
208033_s_at	463	ZFHX3	16
208034_s_at	8858	PROZ	13
208035_at	2916	GRM6	5
208036_at	611	OPN1SW	7
208037_s_at	8174	MADCAM1	19
208038_at	8808	IL1RL2	2
208039_at	6549	SLC9A2	2
208040_s_at	4607	MYBPC3	11
208041_at	6011	GRK1	13
208042_at	55109	AGGF1	5
208044_s_at	5467	PPARD	6
208046_at	8359	H4C1	6
208047_s_at	4664	NAB1	2
208048_at	6869	TACR1	2
208049_s_at	6869	TACR1	2
208050_s_at	835	CASP2	7
208051_s_at	10605	PAIP1	5
208052_x_at	1084	CEACAM3	19
208053_at	2986	GUCY2F	X
208054_at	26091	HERC4	10
208055_s_at	26091	HERC4	10
208056_s_at	863	CBFA2T3	16
208057_s_at	2736	GLI2	2
208058_s_at	4248	MGAT3	22
208059_at	1237	CCR8	3
208060_at	5081	PAX7	1
208062_s_at	9542	NRG2	5
208063_s_at	10753	CAPN9	1
208064_s_at	51046	ST8SIA3	18
208065_at	51046	ST8SIA3	18
208066_s_at	2959	GTF2B	1
208067_x_at	7404	UTY	Y
208070_s_at	5980	REV3L	6
208071_s_at	3903	LAIR1	19
208072_s_at	8527	DGKD	2
208073_x_at	7267	TTC3	21
208074_s_at	1175	AP2S1	19
208075_s_at	6354	CCL7	17
208076_at	8360	H4C4	6
208079_s_at	6790	AURKA	20
208080_at	6790	AURKA	20
208081_s_at	79973	ZNF442	19
208085_s_at	395	ARHGAP6	X
208086_s_at	1756	DMD	X
208087_s_at	81030	ZBP1	20
208088_s_at	81494	CFHR5	1
208089_s_at	81550	TDRD3	13
208090_s_at	326	AIRE	21
208091_s_at	81552	VOPP1	7
208092_s_at	81553	CYRIA	2
208093_s_at	81565	NDEL1	17
208094_s_at	81576	YJU2B	19
208096_s_at	81578	COL21A1	6
208097_s_at	81542	TMX1	14
208099_x_at	23093	TTLL5	14
208100_x_at	10500	SEMA6C	1
208101_s_at	81605	URM1	9
208102_s_at	5662	PSD	10
208103_s_at	81611	ANP32E	1
208104_s_at	81628	TSC22D4	7
208105_at	2696	GIPR	19
208106_x_at	5675	PSG6	19
208107_s_at	81691	REXO5	16
208108_s_at	554	AVPR2	X
208109_s_at	81698	LINC00597	15
208110_x_at	81857	MED25	19
208111_at	554	AVPR2	X
208112_x_at	10938	EHD1	11
208113_x_at	5042	PABPC3	13
208114_s_at	81875	ISG20L2	1
208115_x_at	26098	EDRF1	10
208116_s_at	4121	MAN1A1	6
208117_s_at	81887	LAS1L	X
208119_s_at	81931	ZNF93	19
208121_s_at	5800	PTPRO	12
208123_at	9312	KCNB2	8
208124_s_at	10505	SEMA4F	2
208126_s_at	1562	CYP2C18	10
208127_s_at	9655	SOCS5	2
208128_x_at	3834	KIF25	6
208130_s_at	6916	TBXAS1	7
208131_s_at	5740	PTGIS	20
208132_x_at	7916	PRRC2A	6
208134_x_at	5670	PSG2	19
208135_at	6928	HNF1B	17
208136_s_at	81854	ZNF205-AS1	16
208137_x_at	81856	ZNF611	19
208138_at	2520	GAST	17
208140_s_at	83450	DRC3	17
208141_s_at	83475	DOHH	19
208142_at	10876	EDDM3A	14
208143_s_at	10876	EDDM3A	14
208144_s_at	127428	TCEANC2	1
208146_s_at	54504	CPVL	7
208147_s_at	1558	CYP2C8	10
208148_at	4622	MYH4	17
208149_x_at	1663	DDX11	12
208151_x_at	10521	DDX17	22
208152_s_at	9188	DDX21	10
208153_s_at	2196	FAT2	5
208156_x_at	83481	EPPK1	8
208157_at	6493	SIM2	21
208158_s_at	114876	OSBPL1A	18
208159_x_at	1663	DDX11	12
208161_s_at	8714	ABCC3	17
208163_s_at	114881	OSBPL7	17
208164_s_at	3581	IL9R	X
208165_s_at	10279	PRSS16	6
208166_at	4325	MMP16	8
208167_s_at	4325	MMP16	8
208168_s_at	1118	CHIT1	1
208169_s_at	5733	PTGER3	1
208170_s_at	11074	TRIM31	6
208172_s_at	9312	KCNB2	8
208173_at	3456	IFNB1	9
208174_x_at	8233	ZRSR2	X
208175_s_at	1758	DMP1	4
208176_at	26584	DUX1	10
208177_at	6569	SLC34A1	5
208178_x_at	7204	TRIO	5
208179_x_at	3804	KIR2DL3	19
208180_s_at	8365	H4C8	6
208181_at	8365	H4C8	6
208182_x_at	3448	IFNA14	9
208183_at	6870	TACR3	4
208186_s_at	3991	LIPE	19
208188_at	3857	KRT9	17
208189_s_at	4647	MYO7A	11
208190_s_at	51599	LSR	19
208191_x_at	5672	PSG4	19
208193_at	3578	IL9	5
208194_s_at	10254	STAM2	2
208195_at	7273	TTN	2
208196_x_at	4772	NFATC1	18
208198_x_at	3806	KIR2DS1	19
208199_s_at	7541	ZBTB14	18
208200_at	3552	IL1A	2
208202_s_at	23338	JADE2	5
208203_x_at	3810	KIR2DS5	19
208204_s_at	859	CAV3	3
208205_at	9752	PCDHA9	5
208206_s_at	10235	RASGRP2	11
208208_at	8735	MYH13	17
208209_s_at	725	C4BPB	1
208210_at	4142	MAS1	6
208211_s_at	238	ALK	2
208212_s_at	238	ALK	2
208213_s_at	7881	KCNAB1	3
208214_at	153	ADRB1	10
208215_x_at	1815	DRD4	11
208216_at	1748	DLX4	17
208217_at	2570	GABRR2	6
208218_s_at	91	ACVR1B	12
208219_at	91	ACVR1B	12
208220_x_at	266	AMELY	Y
208221_s_at	6585	SLIT1	10
208222_at	91	ACVR1B	12
208223_s_at	91	ACVR1B	12
208224_at	3211	HOXB1	17
208225_at	2263	FGFR2	10
208226_x_at	53616	ADAM22	7
208227_x_at	53616	ADAM22	7
208228_s_at	2263	FGFR2	10
208229_at	2263	FGFR2	10
208230_s_at	3084	NRG1	8
208231_at	3084	NRG1	8
208232_x_at	3084	NRG1	8
208233_at	10630	PDPN	1
208234_x_at	2263	FGFR2	10
208237_x_at	53616	ADAM22	7
208239_at	2304	FOXE1	9
208240_s_at	2246	FGF1	5
208241_at	3084	NRG1	8
208242_at	30062	RAX	18
208243_s_at	1268	CNR1	6
208244_at	651	BMP3	4
208245_at	9366	RAB9BP1	5
208247_at	711	ERC2-IT1	3
208248_x_at	334	APLP2	11
208249_s_at	23483	TGDS	13
208250_s_at	1755	DMBT1	10
208251_at	3749	KCNC4	1
208252_s_at	9469	CHST3	10
208253_at	27181	SIGLEC8	19
208255_s_at	23770	FKBP8	19
208256_at	1943	EFNA2	19
208257_x_at	5669	PSG1	19
208258_s_at	10634	GAS2L1	22
208259_x_at	3444	IFNA7	9
208260_at	553	AVPR1B	1
208261_x_at	3446	IFNA10	9
208262_x_at	4210	MEFV	16
208263_at	6731	SRP72	4
208264_s_at	8669	EIF3J	15
208265_at	56918	C2orf83	2
208266_at	100507249	C8orf17	8
208267_at	56302	TRPV5	7
208268_at	10863	ADAM28	8
208269_s_at	10863	ADAM28	8
208270_s_at	6051	RNPEP	1
208271_at	56903	PAPOLB	7
208272_at	8498	RANBP3	19
208275_x_at	8433	UTF1	10
208277_at	5309	PITX3	10
208279_s_at	374286	FBXW10B	17
208280_at	374286	FBXW10B	17
208283_at	2543	GAGE1	X
208285_at	26659	OR7A5	19
208287_at	10255	HCG9	6
208288_at	8647	ABCB11	2
208289_s_at	9538	EI24	11
208290_s_at	1983	EIF5	14
208291_s_at	7054	TH	11
208292_at	27302	BMP10	2
208293_x_at	1444	CSHL1	17
208294_x_at	1444	CSHL1	17
208295_x_at	1444	CSHL1	17
208296_x_at	25816	TNFAIP8	5
208297_s_at	7813	EVI5	1
208298_at	7813	EVI5	1
208299_at	8911	CACNA1I	22
208300_at	5794	PTPRH	19
208302_at	57824	HMHB1	5
208303_s_at	64109	CRLF2	X
208304_at	1232	CCR3	3
208305_at	5241	PGR	11
208308_s_at	2821	GPI	19
208309_s_at	10892	MALT1	18
208311_at	9248	GPR50	X
208313_s_at	7536	SF1	11
208314_at	10692	RRH	4
208315_x_at	7187	TRAF3	14
208316_s_at	4952	OCRL	X
208317_at	9942	XYLB	3
208318_s_at	9942	XYLB	3
208319_s_at	5935	RBM3	X
208320_at	9478	CABP1	12
208321_s_at	9478	CABP1	12
208322_s_at	6482	ST3GAL1	8
208323_s_at	312	ANXA13	8
208324_at	11214	AKAP13	15
208325_s_at	11214	AKAP13	15
208327_at	1553	CYP2A13	19
208328_s_at	4205	MEF2A	15
208329_at	59351	PBOV1	6
208330_at	60529	ALX4	11
208331_at	9083	BPY2	Y
208333_at	64211	LHX5	12
208334_at	64579	NDST4	4
208335_s_at	2532	ACKR1	1
208336_s_at	9524	TECR	19
208337_s_at	2494	NR5A2	1
208338_at	5024	P2RX3	11
208340_at	643733	CASP4LP	11
208341_x_at	1443	CSH2	17
208342_x_at	1443	CSH2	17
208343_s_at	2494	NR5A2	1
208344_x_at	3447	IFNA13	9
208345_s_at	5453	POU3F1	1
208346_at	10895	PPBPP2	4
208348_s_at	868	CBLB	3
208349_at	8989	TRPA1	8
208350_at	1446	CSN1S1	4
208351_s_at	5594	MAPK1	22
208352_x_at	286	ANK1	8
208353_x_at	286	ANK1	8
208354_s_at	6559	SLC12A3	16
208357_x_at	1442	CSH1	17
208358_s_at	7368	UGT8	4
208359_s_at	3761	KCNJ4	22
208360_s_at	51359	ERVH-4	14
208361_s_at	661	POLR3D	8
208363_s_at	3631	INPP4A	2
208364_at	3631	INPP4A	2
208365_s_at	2868	GRK4	4
208366_at	27328	PCDH11X	X
208367_x_at	1576	CYP3A4	7
208368_s_at	675	BRCA2	13
208369_s_at	2639	GCDH	19
208370_s_at	1827	RCAN1	21
208371_s_at	6015	RING1	6
208372_s_at	3984	LIMK1	7
208373_s_at	5031	P2RY6	11
208374_s_at	829	CAPZA1	1
208375_at	3439	IFNA1	9
208376_at	1233	CCR4	3
208377_s_at	778	CACNA1F	X
208378_x_at	2250	FGF5	4
208379_x_at	4887	NPY2R	4
208380_at	10660	LBX1	10
208381_s_at	8879	SGPL1	10
208382_s_at	11144	DMC1	22
208383_s_at	5105	PCK1	20
208384_s_at	11043	MID2	X
208385_at	10002	NR2E3	15
208386_x_at	11144	DMC1	22
208387_s_at	10893	MMP24	20
208388_at	10002	NR2E3	15
208389_s_at	6506	SLC1A2	11
208390_s_at	2740	GLP1R	6
208391_s_at	2740	GLP1R	6
208392_x_at	3431	SP110	2
208393_s_at	10111	RAD50	5
208394_x_at	11082	ESM1	5
208395_s_at	9875	URB1	21
208396_s_at	5136	PDE1A	2
208397_x_at	3762	KCNJ5	11
208398_s_at	9519	TBPL1	6
208399_s_at	1908	EDN3	20
208400_at	2740	GLP1R	6
208401_s_at	2740	GLP1R	6
208402_at	3605	IL17A	6
208403_x_at	4149	MAX	14
208404_x_at	3762	KCNJ5	11
208405_s_at	8763	CD164	6
208406_s_at	9402	GRAP2	22
208408_at	5764	PTN	7
208409_at	8170	SLC14A2	18
208410_x_at	265	AMELX	X
208411_x_at	5470	PPEF2	4
208412_s_at	5915	RARB	3
208413_at	5915	RARB	3
208414_s_at	3213	HOXB3	17
208415_x_at	3621	ING1	13
208416_s_at	6710	SPTB	14
208417_at	2251	FGF6	12
208420_x_at	6830	SUPT6H	17
208422_at	4481	MSR1	8
208423_s_at	4481	MSR1	8
208424_s_at	57019	CIAPIN1	16
208425_s_at	26115	TANC2	17
208426_x_at	3805	KIR2DL4	19
208427_s_at	1993	ELAVL2	9
208428_at	6891	TAP2	6
208429_x_at	3172	HNF4A	20
208430_s_at	1837	DTNA	18
208431_s_at	7275	TUB	11
208432_s_at	777	CACNA1E	1
208433_s_at	7804	LRP8	1
208434_at	2122	MECOM	3
208435_s_at	363	AQP6	12
208436_s_at	3665	IRF7	11
208437_at	1180	CLCN1	7
208438_s_at	2268	FGR	1
208439_s_at	2220	FCN2	9
208440_at	23434	LINC01565	3
208441_at	3480	IGF1R	15
208442_s_at	472	ATM	11
208443_x_at	6474	SHOX2	3
208445_s_at	9031	BAZ1B	7
208446_s_at	9372	ZFYVE9	1
208447_s_at	5631	PRPS1	X
208448_x_at	3449	IFNA16	9
208449_s_at	2253	FGF8	10
208450_at	3957	LGALS2	22
208452_x_at	4650	MYO9B	19
208453_s_at	7511	XPNPEP1	10
208454_s_at	10404	CPQ	8
208455_at	5818	NECTIN1	11
208456_s_at	22800	RRAS2	11
208457_at	2563	GABRD	1
208458_at	6339	SCNN1D	1
208459_s_at	23039	XPO7	8
208460_at	10052	GJC1	17
208461_at	3090	HIC1	17
208462_s_at	10060	ABCC9	12
208463_at	2557	GABRA4	4
208464_at	2893	GRIA4	11
208465_at	2912	GRM2	3
208466_at	9545	RAB3D	19
208467_at	11278	KLF12	13
208468_at	11166	SOX21	13
208471_at	3250	HPR	16
208472_at	64375	IKZF4	12
208473_s_at	2813	GP2	16
208474_at	9074	CLDN6	16
208475_at	55691	FRMD4A	10
208476_s_at	55691	FRMD4A	10
208477_at	3746	KCNC1	11
208478_s_at	581	BAX	19
208479_at	3736	KCNA1	12
208480_s_at	368	ABCC6	16
208481_at	51666	ASB4	7
208482_at	6751	SSTR1	14
208483_x_at	3883	KRT33A	17
208484_at	3024	H1-1	6
208485_x_at	8837	CFLAR	2
208486_at	1816	DRD5	4
208487_at	4010	LMX1B	9
208488_s_at	1378	CR1	1
208489_at	2703	GJA8	1
208490_x_at	8343	H2BC7	6
208491_s_at	5239	PGM5	9
208492_at	5994	RFXAP	13
208493_at	3207	HOXA11	7
208494_at	6534	SLC6A7	5
208495_at	30012	TLX3	5
208496_x_at	8355	H3C8	6
208497_x_at	4762	NEUROG1	5
208499_s_at	5611	DNAJC3	13
208500_x_at	27022	FOXD3	1
208501_at	8328	GFI1B	9
208502_s_at	5307	PITX1	5
208503_s_at	57798	GATAD1	7
208504_x_at	56125	PCDHB11	5
208505_s_at	2524	FUT2	19
208506_at	8968	H3C7	6
208507_at	26658	OR7C2	19
208508_s_at	26707	OR2J2	6
208509_s_at	26333	OR7A17	19
208510_s_at	5468	PPARG	3
208511_at	26255	PTTG3P	8
208512_s_at	4301	AFDN	6
208513_at	27023	FOXB1	15
208515_at	8342	H2BC14	6
208516_at	4544	MTNR1B	11
208517_x_at	689	BTF3	5
208518_s_at	8864	PER2	2
208519_x_at	2797	GNRH2	20
208520_at	26532	OR10H3	19
208521_at	10798	OR5I1	11
208522_s_at	5727	PTCH1	9
208523_x_at	8346	H2BC10	6
208524_at	2838	GPR15	3
208526_at	26211	OR2F1	7
208527_x_at	8344	H2BC6	6
208528_x_at	6758	SSX5	X
208529_at	690	BTF3P11	13
208530_s_at	5915	RARB	3
208531_at	390502	SERPINA2	14
208532_x_at	57830	KRTAP5-8	11
208533_at	6656	SOX1	13
208535_x_at	1305	COL13A1	10
208536_s_at	10018	BCL2L11	2
208537_at	9294	S1PR2	19
208538_at	23520	ANP32CP	4
208541_x_at	7019	TFAM	10
208542_x_at	7757	ZNF208	19
208543_at	26538	OR10H2	19
208544_at	151	ADRA2B	2
208545_x_at	6874	TAF4	20
208546_x_at	8345	H2BC9	6
208547_at	3018	H2BC3	6
208548_at	3443	IFNA6	9
208549_x_at	5757	PTMA	2
208550_x_at	26251	KCNG2	18
208551_at	8369	H4C7	6
208552_at	2900	GRIK4	11
208553_at	3008	H1-4	6
208554_at	5459	POU4F3	5
208555_x_at	1470	CST2	20
208556_at	2853	GPR31	6
208557_at	3203	HOXA6	7
208558_at	26539	OR10H1	19
208559_at	3651	PDX1	13
208560_at	3744	KCNA10	1
208561_at	10060	ABCC9	12
208562_s_at	10060	ABCC9	12
208563_x_at	5455	POU3F3	2
208564_at	3737	KCNA2	1
208565_at	4161	MC5R	18
208568_at	4158	MC2R	18
208569_at	8335	H2AC4	6
208570_at	7471	WNT1	12
208571_at	23519	ANP32D	12
208572_at	8290	H3-4	1
208573_s_at	7932	OR2H2	6
208574_at	8403	SOX14	3
208575_at	8350	H3C1	6
208576_s_at	8358	H3C2	6
208577_at	8352	H3C3	6
208578_at	6336	SCN10A	3
208581_x_at	4501	MT1X	16
208583_x_at	8331	H2AC14	6
208584_at	6623	SNCG	10
208585_at	54718	BTN2A3P	6
208588_at	59347	TPT1P8	8
208589_at	57113	TRPC7	5
208590_x_at	2700	GJA3	13
208591_s_at	5140	PDE3B	11
208592_s_at	913	CD1E	1
208595_s_at	4152	MBD1	18
208598_s_at	10075	HUWE1	X
208599_at	10075	HUWE1	X
208600_s_at	2863	GPR39	2
208601_s_at	81027	TUBB1	20
208602_x_at	923	CD6	11
208603_s_at	23542	MAPK8IP2	22
208604_s_at	3200	HOXA3	7
208605_s_at	4914	NTRK1	1
208606_s_at	54361	WNT4	1
208608_s_at	6641	SNTB1	8
208609_s_at	7148	TNXB	6
208610_s_at	23524	SRRM2	16
208611_s_at	6709	SPTAN1	9
208612_at	2923	PDIA3	15
208613_s_at	2317	FLNB	3
208614_s_at	2317	FLNB	3
208615_s_at	8073	PTP4A2	1
208616_s_at	8073	PTP4A2	1
208617_s_at	8073	PTP4A2	1
208619_at	1642	DDB1	11
208620_at	5093	PCBP1	2
208621_s_at	7430	EZR	6
208622_s_at	7430	EZR	6
208623_s_at	7430	EZR	6
208624_s_at	1981	EIF4G1	3
208625_s_at	1981	EIF4G1	3
208626_s_at	10493	VAT1	17
208627_s_at	4904	YBX1	1
208628_s_at	4904	YBX1	1
208629_s_at	3030	HADHA	2
208630_at	3030	HADHA	2
208631_s_at	3030	HADHA	2
208632_at	9921	RNF10	12
208633_s_at	23499	MACF1	1
208634_s_at	23499	MACF1	1
208635_x_at	4666	NACA	12
208636_at	87	ACTN1	14
208637_x_at	87	ACTN1	14
208638_at	10130	PDIA6	2
208639_x_at	10130	PDIA6	2
208640_at	5879	RAC1	7
208641_s_at	5879	RAC1	7
208642_s_at	7520	XRCC5	2
208643_s_at	7520	XRCC5	2
208644_at	142	PARP1	1
208645_s_at	6208	RPS14	5
208647_at	2222	FDFT1	8
208648_at	7415	VCP	9
208649_s_at	7415	VCP	9
208650_s_at	100133941	CD24	6
208651_x_at	100133941	CD24	6
208652_at	5515	PPP2CA	5
208653_s_at	8763	CD164	6
208654_s_at	8763	CD164	6
208655_at	10983	CCNI	4
208656_s_at	10983	CCNI	4
208657_s_at	10801	SEPTIN9	17
208658_at	9601	PDIA4	7
208659_at	1192	CLIC1	6
208660_at	1431	CS	12
208661_s_at	7267	TTC3	21
208662_s_at	7267	TTC3	21
208663_s_at	7267	TTC3	21
208664_s_at	7267	TTC3	21
208666_s_at	6767	ST13	22
208667_s_at	6767	ST13	22
208668_x_at	3151	HMGN2	1
208669_s_at	23741	EID1	15
208670_s_at	23741	EID1	15
208671_at	57515	SERINC1	6
208672_s_at	6428	SRSF3	6
208673_s_at	6428	SRSF3	6
208674_x_at	1650	DDOST	1
208675_s_at	1650	DDOST	1
208676_s_at	5036	PA2G4	12
208677_s_at	682	BSG	19
208678_at	529	ATP6V1E1	22
208679_s_at	10109	ARPC2	2
208680_at	5052	PRDX1	1
208682_s_at	10916	MAGED2	X
208683_at	824	CAPN2	1
208684_at	1314	COPA	1
208685_x_at	6046	BRD2	6
208686_s_at	6046	BRD2	6
208687_x_at	3312	HSPA8	11
208688_x_at	8662	EIF3B	7
208689_s_at	6185	RPN2	20
208690_s_at	9124	PDLIM1	10
208691_at	7037	TFRC	3
208692_at	6188	RPS3	11
208693_s_at	2617	GARS1	7
208694_at	5591	PRKDC	8
208695_s_at	6170	RPL39	X
208696_at	22948	CCT5	5
208697_s_at	3646	EIF3E	8
208698_s_at	4841	NONO	X
208699_x_at	7086	TKT	3
208700_s_at	7086	TKT	3
208701_at	334	APLP2	11
208702_x_at	334	APLP2	11
208703_s_at	334	APLP2	11
208704_x_at	334	APLP2	11
208705_s_at	1983	EIF5	14
208706_s_at	1983	EIF5	14
208707_at	1983	EIF5	14
208708_x_at	1983	EIF5	14
208709_s_at	4898	NRDC	1
208710_s_at	8943	AP3D1	19
208711_s_at	595	CCND1	11
208712_at	595	CCND1	11
208713_at	11100	HNRNPUL1	19
208714_at	4723	NDUFV1	11
208715_at	54499	TMCO1	1
208716_s_at	54499	TMCO1	1
208717_at	5018	OXA1L	14
208718_at	10521	DDX17	22
208719_s_at	10521	DDX17	22
208720_s_at	9584	RBM39	20
208721_s_at	51433	ANAPC5	12
208722_s_at	51433	ANAPC5	12
208723_at	8237	USP11	X
208724_s_at	5861	RAB1A	2
208725_at	8894	EIF2S2	20
208726_s_at	8894	EIF2S2	20
208727_s_at	998	CDC42	1
208728_s_at	998	CDC42	1
208729_x_at	3106	HLA-B	6
208730_x_at	5862	RAB2A	8
208731_at	5862	RAB2A	8
208732_at	5862	RAB2A	8
208733_at	5862	RAB2A	8
208734_x_at	5862	RAB2A	8
208735_s_at	10106	CTDSP2	12
208736_at	10094	ARPC3	12
208737_at	9550	ATP6V1G1	9
208738_x_at	6613	SUMO2	17
208739_x_at	6613	SUMO2	17
208740_at	10284	SAP18	13
208741_at	10284	SAP18	13
208742_s_at	10284	SAP18	13
208743_s_at	7529	YWHAB	20
208744_x_at	10808	HSPH1	13
208745_at	10632	ATP5MG	11
208746_x_at	10632	ATP5MG	11
208747_s_at	716	C1S	12
208748_s_at	10211	FLOT1	6
208749_x_at	10211	FLOT1	6
208750_s_at	375	ARF1	1
208751_at	8775	NAPA	19
208752_x_at	4673	NAP1L1	12
208753_s_at	4673	NAP1L1	12
208754_s_at	4673	NAP1L1	12
208756_at	8668	EIF3I	1
208757_at	54732	TMED9	5
208758_at	471	ATIC	2
208759_at	23385	NCSTN	1
208760_at	7329	UBE2I	16
208761_s_at	7341	SUMO1	2
208762_at	7341	SUMO1	2
208763_s_at	1831	TSC22D3	X
208764_s_at	517	ATP5MC2	12
208765_s_at	10236	HNRNPR	1
208766_s_at	10236	HNRNPR	1
208767_s_at	55353	LAPTM4B	8
208768_x_at	6146	RPL22	1
208769_at	1979	EIF4EBP2	10
208770_s_at	1979	EIF4EBP2	10
208771_s_at	4048	LTA4H	12
208774_at	1453	CSNK1D	17
208775_at	7514	XPO1	2
208776_at	5717	PSMD11	17
208777_s_at	5717	PSMD11	17
208778_s_at	6950	TCP1	6
208779_x_at	780	DDR1	6
208780_x_at	9218	VAPA	18
208781_x_at	8724	SNX3	6
208782_at	11167	FSTL1	3
208783_s_at	4179	CD46	1
208784_s_at	116138	KLHDC3	6
208785_s_at	81631	MAP1LC3B	16
208786_s_at	81631	MAP1LC3B	16
208787_at	11222	MRPL3	3
208788_at	60481	ELOVL5	6
208789_at	284119	CAVIN1	17
208790_s_at	284119	CAVIN1	17
208791_at	1191	CLU	8
208792_s_at	1191	CLU	8
208793_x_at	6597	SMARCA4	19
208794_s_at	6597	SMARCA4	19
208795_s_at	4176	MCM7	7
208796_s_at	900	CCNG1	5
208797_s_at	23015	GOLGA8A	15
208798_x_at	23015	GOLGA8A	15
208799_at	5693	PSMB5	14
208800_at	6731	SRP72	4
208801_at	6731	SRP72	4
208802_at	6731	SRP72	4
208803_s_at	6731	SRP72	4
208804_s_at	6431	SRSF6	20
208806_at	1107	CHD3	17
208807_s_at	1107	CHD3	17
208808_s_at	3148	HMGB2	4
208809_s_at	81688	C6orf62	6
208812_x_at	3107	HLA-C	6
208813_at	2805	GOT1	10
208814_at	3308	HSPA4	5
208815_x_at	3308	HSPA4	5
208816_x_at	304	ANXA2P2	9
208817_at	1312	COMT	22
208818_s_at	1312	COMT	22
208819_at	4218	RAB8A	19
208820_at	5747	PTK2	8
208821_at	6628	SNRPB	20
208822_s_at	7818	DAP3	1
208823_s_at	5127	CDK16	X
208824_x_at	5127	CDK16	X
208825_x_at	6147	RPL23A	17
208826_x_at	3094	HINT1	5
208827_at	5694	PSMB6	17
208828_at	54107	POLE3	9
208829_at	6892	TAPBP	6
208830_s_at	6830	SUPT6H	17
208831_x_at	6830	SUPT6H	17
208832_at	25814	ATXN10	22
208833_s_at	25814	ATXN10	22
208834_x_at	6147	RPL23A	17
208835_s_at	51747	LUC7L3	17
208836_at	483	ATP1B3	3
208837_at	23423	TMED3	15
208838_at	55832	CAND1	12
208839_s_at	55832	CAND1	12
208840_s_at	9908	G3BP2	4
208841_s_at	9908	G3BP2	4
208842_s_at	26003	GORASP2	2
208843_s_at	26003	GORASP2	2
208844_at	7419	VDAC3	8
208845_at	7419	VDAC3	8
208846_s_at	7419	VDAC3	8
208847_s_at	128	ADH5	4
208848_at	128	ADH5	4
208850_s_at	7070	THY1	11
208851_s_at	7070	THY1	11
208852_s_at	821	CANX	5
208853_s_at	821	CANX	5
208854_s_at	8428	STK24	13
208855_s_at	8428	STK24	13
208856_x_at	6175	RPLP0	12
208857_s_at	5110	PCMT1	6
208858_s_at	23344	ESYT1	12
208859_s_at	546	ATRX	X
208860_s_at	546	ATRX	X
208861_s_at	546	ATRX	X
208863_s_at	6426	SRSF1	17
208864_s_at	7295	TXN	9
208865_at	1452	CSNK1A1	5
208866_at	1452	CSNK1A1	5
208867_s_at	1452	CSNK1A1	5
208868_s_at	23710	GABARAPL1	12
208869_s_at	23710	GABARAPL1	12
208870_x_at	509	ATP5F1C	10
208871_at	1822	ATN1	12
208872_s_at	7905	REEP5	5
208873_s_at	7905	REEP5	5
208874_x_at	5524	PTPA	9
208875_s_at	5062	PAK2	3
208876_s_at	5062	PAK2	3
208877_at	5062	PAK2	3
208878_s_at	5062	PAK2	3
208879_x_at	24148	PRPF6	20
208880_s_at	24148	PRPF6	20
208881_x_at	3422	IDI1	10
208882_s_at	51366	UBR5	8
208883_at	51366	UBR5	8
208884_s_at	51366	UBR5	8
208885_at	3936	LCP1	13
208886_at	3005	H1-0	22
208887_at	8666	EIF3G	19
208888_s_at	9612	NCOR2	12
208889_s_at	9612	NCOR2	12
208890_s_at	23654	PLXNB2	22
208891_at	1848	DUSP6	12
208892_s_at	1848	DUSP6	12
208893_s_at	1848	DUSP6	12
208894_at	3122	HLA-DRA	6
208895_s_at	8886	DDX18	2
208896_at	8886	DDX18	2
208897_s_at	8886	DDX18	2
208898_at	51382	ATP6V1D	14
208899_x_at	51382	ATP6V1D	14
208900_s_at	7150	TOP1	20
208901_s_at	7150	TOP1	20
208902_s_at	6234	RPS28	19
208903_at	6234	RPS28	19
208904_s_at	6234	RPS28	19
208905_at	54205	CYCS	7
208907_s_at	28973	MRPS18B	6
208908_s_at	831	CAST	5
208909_at	7386	UQCRFS1	19
208910_s_at	708	C1QBP	17
208911_s_at	5162	PDHB	3
208912_s_at	1267	CNP	17
208913_at	23062	GGA2	16
208914_at	23062	GGA2	16
208915_s_at	23062	GGA2	16
208916_at	6510	SLC1A5	19
208917_x_at	65220	NADK	1
208918_s_at	65220	NADK	1
208919_s_at	65220	NADK	1
208920_at	6717	SRI	7
208921_s_at	6717	SRI	7
208922_s_at	10482	NXF1	11
208923_at	23191	CYFIP1	15
208924_at	26994	RNF11	1
208925_at	56650	CLDND1	3
208926_at	4758	NEU1	6
208927_at	8405	SPOP	17
208928_at	5447	POR	7
208929_x_at	6137	RPL13	16
208930_s_at	3609	ILF3	19
208931_s_at	3609	ILF3	19
208932_at	5531	PPP4C	16
208933_s_at	3964	LGALS8	1
208934_s_at	3964	LGALS8	1
208935_s_at	3964	LGALS8	1
208936_x_at	3964	LGALS8	1
208937_s_at	3397	ID1	20
208938_at	5546	PRCC	1
208939_at	22929	SEPHS1	10
208940_at	22929	SEPHS1	10
208941_s_at	22929	SEPHS1	10
208942_s_at	7095	SEC62	3
208943_s_at	7095	SEC62	3
208944_at	7048	TGFBR2	3
208945_s_at	8678	BECN1	17
208946_s_at	8678	BECN1	17
208947_s_at	5976	UPF1	19
208948_s_at	6780	STAU1	20
208949_s_at	3958	LGALS3	14
208950_s_at	501	ALDH7A1	5
208951_at	501	ALDH7A1	5
208952_s_at	23185	LARP4B	10
208953_at	23185	LARP4B	10
208954_s_at	23185	LARP4B	10
208955_at	1854	DUT	15
208956_x_at	1854	DUT	15
208957_at	23071	ERP44	9
208958_at	23071	ERP44	9
208959_s_at	23071	ERP44	9
208960_s_at	1316	KLF6	10
208961_s_at	1316	KLF6	10
208962_s_at	3992	FADS1	11
208963_x_at	3992	FADS1	11
208964_s_at	3992	FADS1	11
208965_s_at	3428	IFI16	1
208966_x_at	3428	IFI16	1
208967_s_at	204	AK2	1
208968_s_at	57019	CIAPIN1	16
208969_at	4704	NDUFA9	12
208970_s_at	7389	UROD	1
208971_at	7389	UROD	1
208972_s_at	516	ATP5MC1	17
208973_at	79033	ERI3	1
208974_x_at	3837	KPNB1	17
208975_s_at	3837	KPNB1	17
208977_x_at	10383	TUBB4B	9
208978_at	1397	CRIP2	14
208979_at	23054	NCOA6	20
208980_s_at	7316	UBC	12
208981_at	5175	PECAM1	17
208982_at	5175	PECAM1	17
208983_s_at	5175	PECAM1	17
208984_x_at	8241	RBM10	X
208985_s_at	8669	EIF3J	15
208986_at	6938	TCF12	15
208987_s_at	22992	KDM2A	11
208988_at	22992	KDM2A	11
208989_s_at	22992	KDM2A	11
208990_s_at	3189	HNRNPH3	10
208991_at	6774	STAT3	17
208992_s_at	6774	STAT3	17
208993_s_at	9360	PPIG	2
208994_s_at	9360	PPIG	2
208995_s_at	9360	PPIG	2
208996_s_at	5432	POLR2C	16
208997_s_at	7351	UCP2	11
208998_at	7351	UCP2	11
208999_at	23176	SEPTIN8	5
209000_s_at	23176	SEPTIN8	5
209001_s_at	25847	ANAPC13	3
209002_s_at	57658	CALCOCO1	12
209003_at	8402	SLC25A11	17
209004_s_at	26234	FBXL5	4
209005_at	26234	FBXL5	4
209006_s_at	57035	RSRP1	1
209007_s_at	57035	RSRP1	1
209008_x_at	3856	KRT8	12
209009_at	2098	ESD	13
209010_s_at	7204	TRIO	5
209011_at	7204	TRIO	5
209012_at	7204	TRIO	5
209013_x_at	7204	TRIO	5
209014_at	9500	MAGED1	X
209015_s_at	10049	DNAJB6	7
209016_s_at	3855	KRT7	12
209017_s_at	9361	LONP1	19
209018_s_at	65018	PINK1	1
209019_s_at	65018	PINK1	1
209020_at	51526	OSER1	20
209021_x_at	9776	ATG13	11
209022_at	10735	STAG2	X
209023_s_at	10735	STAG2	X
209024_s_at	10492	SYNCRIP	6
209025_s_at	10492	SYNCRIP	6
209026_x_at	203068	TUBB	6
209027_s_at	10006	ABI1	10
209028_s_at	10006	ABI1	10
209029_at	50813	COPS7A	12
209030_s_at	23705	CADM1	11
209031_at	23705	CADM1	11
209032_s_at	23705	CADM1	11
209033_s_at	1859	DYRK1A	21
209034_at	10957	PNRC1	6
209035_at	4192	MDK	11
209036_s_at	4191	MDH2	7
209037_s_at	10938	EHD1	11
209038_s_at	10938	EHD1	11
209039_x_at	10938	EHD1	11
209040_s_at	5696	PSMB8	6
209041_s_at	7327	UBE2G2	21
209042_s_at	7327	UBE2G2	21
209043_at	9061	PAPSS1	4
209044_x_at	10262	SF3B4	1
209045_at	7511	XPNPEP1	10
209046_s_at	11345	GABARAPL2	16
209047_at	358	AQP1	7
209048_s_at	23613	ZMYND8	20
209049_s_at	23613	ZMYND8	20
209050_s_at	5900	RALGDS	9
209051_s_at	5900	RALGDS	9
209052_s_at	7468	NSD2	4
209053_s_at	7468	NSD2	4
209054_s_at	7468	NSD2	4
209055_s_at	988	CDC5L	6
209056_s_at	988	CDC5L	6
209057_x_at	988	CDC5L	6
209058_at	8721	EDF1	9
209059_s_at	8721	EDF1	9
209060_x_at	8202	NCOA3	20
209061_at	8202	NCOA3	20
209062_x_at	8202	NCOA3	20
209063_x_at	10605	PAIP1	5
209064_x_at	10605	PAIP1	5
209065_at	7381	UQCRB	8
209066_x_at	7381	UQCRB	8
209067_s_at	9987	HNRNPDL	4
209068_at	9987	HNRNPDL	4
209069_s_at	3021	H3-3B	17
209070_s_at	8490	RGS5	1
209071_s_at	8490	RGS5	1
209072_at	4155	MBP	18
209074_s_at	11170	FAM107A	3
209075_s_at	23479	ISCU	12
209076_s_at	56270	WDR45B	17
209077_at	25828	TXN2	22
209078_s_at	25828	TXN2	22
209080_x_at	10539	GLRX3	10
209081_s_at	80781	COL18A1	21
209082_s_at	80781	COL18A1	21
209083_at	11151	CORO1A	16
209084_s_at	9364	RAB28	4
209085_x_at	5981	RFC1	4
209086_x_at	4162	MCAM	11
209087_x_at	4162	MCAM	11
209088_s_at	29855	UBN1	16
209089_at	5868	RAB5A	3
209090_s_at	51100	SH3GLB1	1
209091_s_at	51100	SH3GLB1	1
209092_s_at	51031	GLOD4	17
209094_at	23576	DDAH1	1
209095_at	1738	DLD	7
209096_at	7336	UBE2V2	8
209097_s_at	182	JAG1	20
209098_s_at	182	JAG1	20
209099_x_at	182	JAG1	20
209100_at	7866	IFRD2	3
209101_at	1490	CCN2	6
209102_s_at	26959	HBP1	7
209103_s_at	7353	UFD1	22
209104_s_at	55651	NHP2	5
209105_at	8648	NCOA1	2
209106_at	8648	NCOA1	2
209107_x_at	8648	NCOA1	2
209108_at	7105	TSPAN6	X
209109_s_at	7105	TSPAN6	X
209110_s_at	5863	RGL2	6
209112_at	1027	CDKN1B	12
209113_s_at	10362	HMG20B	19
209114_at	10103	TSPAN1	1
209115_at	9039	UBA3	3
209116_x_at	3043	HBB	11
209117_at	23558	WBP2	17
209118_s_at	7846	TUBA1A	12
209119_x_at	7026	NR2F2	15
209120_at	7026	NR2F2	15
209121_x_at	7026	NR2F2	15
209122_at	123	PLIN2	9
209123_at	5860	QDPR	4
209124_at	4615	MYD88	3
209125_at	3853	KRT6A	12
209126_x_at	3854	KRT6B	12
209127_s_at	9733	SART3	12
209128_s_at	9733	SART3	12
209129_at	7205	TRIP6	7
209130_at	8773	SNAP23	15
209131_s_at	8773	SNAP23	15
209132_s_at	54939	COMMD4	15
209133_s_at	54939	COMMD4	15
209134_s_at	6194	RPS6	9
209135_at	444	ASPH	8
209136_s_at	9100	USP10	16
209137_s_at	9100	USP10	16
209139_s_at	8575	PRKRA	2
209140_x_at	3106	HLA-B	6
209142_s_at	7326	UBE2G1	17
209143_s_at	1207	CLNS1A	11
209144_s_at	9139	CBFA2T2	20
209145_s_at	9139	CBFA2T2	20
209146_at	6307	MSMO1	4
209147_s_at	8611	PLPP1	5
209148_at	6257	RXRB	6
209149_s_at	10548	TM9SF1	14
209151_x_at	6929	TCF3	19
209152_s_at	6929	TCF3	19
209153_s_at	6929	TCF3	19
209155_s_at	22978	NT5C2	10
209156_s_at	1292	COL6A2	21
209157_at	10294	DNAJA2	16
209158_s_at	9266	CYTH2	19
209159_s_at	65009	NDRG4	16
209160_at	8644	AKR1C3	10
209161_at	9128	PRPF4	9
209162_s_at	9128	PRPF4	9
209163_at	1534	CYB561	17
209164_s_at	1534	CYB561	17
209165_at	26574	AATF	17
209166_s_at	4125	MAN2B1	19
209167_at	2824	GPM6B	X
209168_at	2824	GPM6B	X
209169_at	2824	GPM6B	X
209170_s_at	2824	GPM6B	X
209171_at	3704	ITPA	20
209172_s_at	1063	CENPF	1
209173_at	10551	AGR2	7
209174_s_at	54870	QRICH1	3
209175_at	11196	SEC23IP	10
209176_at	11196	SEC23IP	10
209177_at	25915	NDUFAF3	3
209178_at	9785	DHX38	16
209179_s_at	79143	MBOAT7	19
209180_at	5876	RABGGTB	1
209181_s_at	5876	RABGGTB	1
209182_s_at	11067	DEPP1	10
209183_s_at	11067	DEPP1	10
209184_s_at	8660	IRS2	13
209185_s_at	8660	IRS2	13
209186_at	488	ATP2A2	12
209187_at	1810	DR1	1
209188_x_at	1810	DR1	1
209189_at	2353	FOS	14
209190_s_at	1729	DIAPH1	5
209191_at	84617	TUBB6	18
209192_x_at	10524	KAT5	11
209193_at	5292	PIM1	6
209194_at	1069	CETN2	X
209195_s_at	112	ADCY6	12
209196_at	9277	WDR46	6
209198_s_at	23208	SYT11	1
209199_s_at	4208	MEF2C	5
209200_at	4208	MEF2C	5
209201_x_at	7852	CXCR4	2
209202_s_at	2137	EXTL3	8
209203_s_at	23299	BICD2	9
209204_at	8543	LMO4	1
209205_s_at	8543	LMO4	1
209208_at	9526	MPDU1	17
209209_s_at	10979	FERMT2	14
209210_s_at	10979	FERMT2	14
209211_at	688	KLF5	13
209212_s_at	688	KLF5	13
209213_at	873	CBR1	21
209214_s_at	2130	EWSR1	22
209215_at	10227	MFSD10	4
209216_at	11152	WDR45	X
209217_s_at	11152	WDR45	X
209218_at	6713	SQLE	8
209219_at	7936	NELFE	6
209220_at	2719	GPC3	X
209221_s_at	9885	OSBPL2	20
209222_s_at	9885	OSBPL2	20
209223_at	4695	NDUFA2	5
209224_s_at	4695	NDUFA2	5
209225_x_at	3842	TNPO1	5
209226_s_at	3842	TNPO1	5
209227_at	7991	TUSC3	8
209228_x_at	7991	TUSC3	8
209229_s_at	22870	PPP6R1	19
209230_s_at	26471	NUPR1	16
209231_s_at	84516	DCTN5	16
209232_s_at	84516	DCTN5	16
209233_at	10436	EMG1	12
209234_at	23095	KIF1B	1
209235_at	1186	CLCN7	16
209236_at	9962	SLC23A2	20
209237_s_at	9962	SLC23A2	20
209238_at	6809	STX3	11
209239_at	4790	NFKB1	4
209240_at	8473	OGT	X
209241_x_at	50488	MINK1	17
209242_at	5178	PEG3	19
209243_s_at	5178	PEG3	19
209244_s_at	10749	KIF1C	17
209246_at	10061	ABCF2	7
209247_s_at	10061	ABCF2	7
209248_at	27069	GHITM	10
209249_s_at	27069	GHITM	10
209250_at	8560	DEGS1	1
209251_x_at	84790	TUBA1C	12
209252_at	23438	HARS2	5
209253_at	10174	SORBS3	8
209254_at	23008	KLHDC10	7
209255_at	23008	KLHDC10	7
209256_s_at	23008	KLHDC10	7
209257_s_at	9126	SMC3	10
209258_s_at	9126	SMC3	10
209259_s_at	9126	SMC3	10
209260_at	2810	SFN	1
209261_s_at	2063	NR2F6	19
209262_s_at	2063	NR2F6	19
209263_x_at	7106	TSPAN4	11
209264_s_at	7106	TSPAN4	11
209265_s_at	56339	METTL3	14
209266_s_at	64116	SLC39A8	4
209267_s_at	64116	SLC39A8	4
209268_at	11311	VPS45	1
209269_s_at	6850	SYK	9
209270_at	3914	LAMB3	1
209271_at	2186	BPTF	17
209272_at	4664	NAB1	2
209273_s_at	81689	ISCA1	9
209274_s_at	81689	ISCA1	9
209275_s_at	1201	CLN3	16
209276_s_at	2745	GLRX	5
209277_at	7980	TFPI2	7
209278_s_at	7980	TFPI2	7
209279_s_at	50814	NSDHL	X
209280_at	9902	MRC2	17
209281_s_at	490	ATP2B1	12
209282_at	25865	PRKD2	19
209283_at	1410	CRYAB	11
209284_s_at	23272	TASOR	3
209285_s_at	23272	TASOR	3
209286_at	10602	CDC42EP3	2
209287_s_at	10602	CDC42EP3	2
209288_s_at	10602	CDC42EP3	2
209289_at	4781	NFIB	9
209290_s_at	4781	NFIB	9
209291_at	3400	ID4	6
209292_at	3400	ID4	6
209293_x_at	3400	ID4	6
209294_x_at	8795	TNFRSF10B	8
209295_at	8795	TNFRSF10B	8
209296_at	5495	PPM1B	2
209297_at	6453	ITSN1	21
209298_s_at	6453	ITSN1	21
209299_x_at	23759	PPIL2	22
209300_s_at	25977	NECAP1	12
209301_at	760	CA2	8
209302_at	5437	POLR2H	3
209303_at	4724	NDUFS4	5
209304_x_at	4616	GADD45B	19
209305_s_at	4616	GADD45B	19
209306_s_at	23075	SWAP70	11
209307_at	23075	SWAP70	11
209308_s_at	663	BNIP2	15
209309_at	563	AZGP1	7
209310_s_at	837	CASP4	11
209311_at	599	BCL2L2	14
209313_at	11321	GPN1	2
209314_s_at	10767	HBS1L	6
209315_at	10767	HBS1L	6
209316_s_at	10767	HBS1L	6
209317_at	9533	POLR1C	6
209318_x_at	5325	PLAGL1	6
209320_at	109	ADCY3	2
209321_s_at	109	ADCY3	2
209322_s_at	25970	SH2B1	16
209323_at	5612	THAP12	11
209324_s_at	6004	RGS16	1
209325_s_at	6004	RGS16	1
209326_at	7355	SLC35A2	X
209327_s_at	51491	NOP16	5
209328_x_at	192286	HIGD2A	5
209329_x_at	192286	HIGD2A	5
209330_s_at	3184	HNRNPD	4
209331_s_at	4149	MAX	14
209332_s_at	4149	MAX	14
209333_at	8408	ULK1	12
209334_s_at	5715	PSMD9	12
209335_at	1634	DCN	12
209337_at	11168	PSIP1	9
209338_at	7024	TFCP2	12
209339_at	6478	SIAH2	3
209340_at	6675	UAP1	1
209341_s_at	3551	IKBKB	8
209342_s_at	3551	IKBKB	8
209343_at	80303	EFHD1	2
209344_at	7171	TPM4	19
209345_s_at	55361	PI4K2A	10
209346_s_at	55361	PI4K2A	10
209347_s_at	4094	MAF	16
209348_s_at	4094	MAF	16
209349_at	10111	RAD50	5
209350_s_at	2874	GPS2	17
209351_at	3861	KRT14	17
209352_s_at	23309	SIN3B	19
209353_s_at	148753	FAM163A	1
209354_at	8764	TNFRSF14	1
209355_s_at	8613	PLPP3	1
209356_x_at	30008	EFEMP2	11
209357_at	10370	CITED2	6
209358_at	6882	TAF11	6
209361_s_at	57060	PCBP4	3
209362_at	9412	MED21	12
209363_s_at	9412	MED21	12
209364_at	572	BAD	11
209365_s_at	1893	ECM1	1
209366_x_at	1528	CYB5A	18
209367_at	6813	STXBP2	19
209368_at	2053	EPHX2	8
209369_at	306	ANXA3	4
209370_s_at	6452	SH3BP2	4
209371_s_at	6452	SH3BP2	4
209373_at	7851	MALL	2
209374_s_at	3507	IGHM	14
209375_at	7508	XPC	3
209376_x_at	9169	SCAF11	12
209377_s_at	9324	HMGN3	6
209378_s_at	54462	CCSER2	10
209379_s_at	54462	CCSER2	10
209380_s_at	10057	ABCC5	3
209381_x_at	8175	SF3A2	19
209382_at	10623	POLR3C	1
209383_at	1649	DDIT3	12
209384_at	11212	PLPBP	8
209385_s_at	11212	PLPBP	8
209386_at	4071	TM4SF1	3
209387_s_at	4071	TM4SF1	3
209388_at	10914	PAPOLA	14
209389_x_at	1622	DBI	2
209390_at	7248	TSC1	9
209391_at	8818	DPM2	9
209392_at	5168	ENPP2	8
209393_s_at	9470	EIF4E2	2
209394_at	8623	ASMTL	X
209395_at	1116	CHI3L1	1
209396_s_at	1116	CHI3L1	1
209397_at	4200	ME2	18
209398_at	3006	H1-2	6
209399_at	3141	HLCS	21
209400_at	6560	SLC12A4	16
209401_s_at	6560	SLC12A4	16
209402_s_at	6560	SLC12A4	16
209404_s_at	51014	TMED7	5
209405_s_at	60343	FAM3A	X
209406_at	9532	BAG2	6
209407_s_at	10522	DEAF1	11
209408_at	11004	KIF2C	1
209409_at	2887	GRB10	7
209410_s_at	2887	GRB10	7
209411_s_at	23163	GGA3	17
209413_at	8704	B4GALT2	1
209414_at	51343	FZR1	19
209415_at	51343	FZR1	19
209416_s_at	51343	FZR1	19
209417_s_at	3430	IFI35	17
209418_s_at	8563	THOC5	22
209419_at	8563	THOC5	22
209420_s_at	6609	SMPD1	11
209421_at	4436	MSH2	2
209422_at	51230	PHF20	20
209423_s_at	51230	PHF20	20
209427_at	6525	SMTN	22
209428_s_at	7542	ZFPL1	11
209429_x_at	8890	EIF2B4	2
209430_at	9044	BTAF1	10
209431_s_at	23598	PATZ1	22
209432_s_at	10488	CREB3	9
209433_s_at	5471	PPAT	4
209434_s_at	5471	PPAT	4
209435_s_at	9181	ARHGEF2	1
209436_at	10418	SPON1	11
209437_s_at	10418	SPON1	11
209438_at	5256	PHKA2	X
209439_s_at	5256	PHKA2	X
209440_at	5631	PRPS1	X
209441_at	23221	RHOBTB2	8
209442_x_at	288	ANK3	10
209443_at	5104	SERPINA5	14
209444_at	5910	RAP1GDS1	4
209445_x_at	55744	COA1	7
209447_at	23345	SYNE1	6
209448_at	10553	HTATIP2	11
209449_at	57819	LSM2	6
209450_at	55644	OSGEP	14
209451_at	10010	TANK	2
209452_s_at	10490	VTI1B	14
209453_at	6548	SLC9A1	1
209454_s_at	7005	TEAD3	6
209455_at	23291	FBXW11	5
209456_s_at	23291	FBXW11	5
209457_at	1847	DUSP5	10
209459_s_at	18	ABAT	16
209460_at	18	ABAT	16
209461_x_at	57418	WDR18	19
209462_at	333	APLP1	19
209463_s_at	6883	TAF12	1
209464_at	9212	AURKB	17
209465_x_at	5764	PTN	7
209466_x_at	5764	PTN	7
209467_s_at	8569	MKNK1	1
209468_at	4041	LRP5	11
209469_at	2823	GPM6A	4
209470_s_at	2823	GPM6A	4
209471_s_at	2339	FNTA	8
209472_at	56267	KYAT3	1
209473_at	953	ENTPD1	10
209474_s_at	953	ENTPD1	10
209475_at	9958	USP15	12
209476_at	81542	TMX1	14
209477_at	2010	EMD	X
209478_at	201254	CENPX	17
209479_at	25901	CCDC28A	6
209480_at	3119	HLA-DQB1	6
209481_at	54861	SNRK	3
209482_at	10248	POP7	7
209483_s_at	25936	NSL1	1
209484_s_at	25936	NSL1	1
209485_s_at	114876	OSBPL1A	18
209486_at	57050	UTP3	4
209487_at	11030	RBPMS	8
209488_s_at	11030	RBPMS	8
209489_at	10658	CELF1	11
209490_s_at	9374	PPT2	6
209491_s_at	272	AMPD3	11
209492_x_at	521	ATP5ME	4
209493_at	23037	PDZD2	5
209494_s_at	23598	PATZ1	22
209495_at	11190	CEP250	20
209496_at	5919	RARRES2	7
209497_s_at	83759	RBM4B	11
209498_at	634	CEACAM1	19
209501_at	1039	CDR2	16
209502_s_at	10458	BAIAP2	17
209503_s_at	5705	PSMC5	17
209504_s_at	58473	PLEKHB1	11
209505_at	7025	NR2F1	5
209506_s_at	7025	NR2F1	5
209507_at	6119	RPA3	7
209508_x_at	8837	CFLAR	2
209509_s_at	1798	DPAGT1	11
209510_at	11236	RNF139	8
209511_at	5435	POLR2F	22
209512_at	84263	HSDL2	9
209513_s_at	84263	HSDL2	9
209514_s_at	5873	RAB27A	15
209515_s_at	5873	RAB27A	15
209516_at	10322	SMYD5	2
209517_s_at	9070	ASH2L	8
209518_at	6602	SMARCD1	12
209519_at	4686	NCBP1	9
209520_s_at	4686	NCBP1	9
209521_s_at	154796	AMOT	X
209522_s_at	1384	CRAT	9
209523_at	6873	TAF2	8
209524_at	50810	HDGFL3	15
209525_at	50810	HDGFL3	15
209526_s_at	50810	HDGFL3	15
209527_at	23404	EXOSC2	9
209528_s_at	9894	TELO2	16
209529_at	8612	PLPP2	19
209530_at	784	CACNB3	12
209531_at	2954	GSTZ1	14
209532_at	9373	PLAA	9
209533_s_at	9373	PLAA	9
209534_x_at	11214	AKAP13	15
209536_s_at	30844	EHD4	15
209537_at	2135	EXTL2	1
209538_at	7580	ZNF32	10
209539_at	9459	ARHGEF6	X
209540_at	3479	IGF1	12
209541_at	3479	IGF1	12
209542_x_at	3479	IGF1	12
209543_s_at	947	CD34	1
209544_at	8767	RIPK2	8
209545_s_at	8767	RIPK2	8
209546_s_at	8542	APOL1	22
209547_s_at	57794	SUGP1	19
209549_s_at	1716	DGUOK	2
209550_at	4692	NDN	15
209551_at	84272	YIPF4	2
209552_at	7849	PAX8	2
209553_at	23355	VPS8	3
209554_at	948	CD36	7
209555_s_at	948	CD36	7
209556_at	23154	NCDN	1
209557_s_at	23154	NCDN	1
209558_s_at	9026	HIP1R	12
209559_at	9026	HIP1R	12
209560_s_at	8788	DLK1	14
209561_at	7059	THBS3	1
209565_at	7737	RNF113A	X
209566_at	51141	INSIG2	2
209567_at	23212	RRS1	8
209568_s_at	23179	RGL1	1
209569_x_at	27065	NSG1	4
209570_s_at	27065	NSG1	4
209571_at	9541	CIR1	2
209572_s_at	8726	EED	11
209573_s_at	753	LDLRAD4	18
209574_s_at	753	LDLRAD4	18
209575_at	3588	IL10RB	21
209576_at	2770	GNAI1	7
209577_at	5833	PCYT2	17
209578_s_at	23275	POFUT2	21
209579_s_at	8930	MBD4	3
209580_s_at	8930	MBD4	3
209581_at	11145	PLAAT3	11
209582_s_at	4345	CD200	3
209583_s_at	4345	CD200	3
209584_x_at	27350	APOBEC3C	22
209585_s_at	9562	MINPP1	10
209586_s_at	58497	PRUNE1	1
209587_at	5307	PITX1	5
209588_at	2048	EPHB2	1
209589_s_at	2048	EPHB2	1
209590_at	655	BMP7	20
209591_s_at	655	BMP7	20
209592_s_at	10238	DCAF7	17
209593_s_at	27348	TOR1B	9
209594_x_at	5678	PSG9	19
209595_at	2963	GTF2F2	13
209596_at	25878	MXRA5	X
209597_s_at	10687	PNMA2	8
209598_at	10687	PNMA2	8
209599_s_at	58497	PRUNE1	1
209600_s_at	51	ACOX1	17
209601_at	51	ACOX1	17
209602_s_at	2625	GATA3	10
209603_at	2625	GATA3	10
209604_s_at	2625	GATA3	10
209605_at	7263	TST	22
209606_at	9595	CYTIP	2
209608_s_at	39	ACAT2	6
209609_s_at	65005	MRPL9	1
209610_s_at	6509	SLC1A4	2
209611_s_at	6509	SLC1A4	2
209612_s_at	125	ADH1B	4
209613_s_at	125	ADH1B	4
209614_at	125	ADH1B	4
209615_s_at	5058	PAK1	11
209617_s_at	1501	CTNND2	5
209618_at	1501	CTNND2	5
209619_at	972	CD74	5
209620_s_at	22	ABCB7	X
209621_s_at	27295	PDLIM3	4
209622_at	8576	STK16	2
209623_at	64087	MCCC2	5
209624_s_at	64087	MCCC2	5
209625_at	5283	PIGH	14
209626_s_at	26031	OSBPL3	7
209627_s_at	26031	OSBPL3	7
209628_at	55916	NXT2	X
209629_s_at	55916	NXT2	X
209630_s_at	26190	FBXW2	9
209631_s_at	2861	GPR37	7
209632_at	5523	PPP2R3A	3
209633_at	5523	PPP2R3A	3
209635_at	1174	AP1S1	7
209636_at	4791	NFKB2	10
209637_s_at	6002	RGS12	4
209638_x_at	6002	RGS12	4
209639_s_at	6002	RGS12	4
209640_at	5371	PML	15
209641_s_at	8714	ABCC3	17
209642_at	699	BUB1	2
209643_s_at	5338	PLD2	17
209644_x_at	1029	CDKN2A	9
209645_s_at	219	ALDH1B1	9
209646_x_at	219	ALDH1B1	9
209647_s_at	9655	SOCS5	2
209648_x_at	9655	SOCS5	2
209649_at	10254	STAM2	2
209650_s_at	25771	TBC1D22A	22
209651_at	7041	TGFB1I1	16
209652_s_at	5228	PGF	14
209653_at	3840	KPNA4	3
209654_at	23379	ICE1	5
209655_s_at	83604	TMEM47	X
209656_s_at	83604	TMEM47	X
209657_s_at	3298	HSF2	6
209658_at	8881	CDC16	13
209659_s_at	8881	CDC16	13
209660_at	7276	TTR	18
209661_at	3801	KIFC3	16
209662_at	1070	CETN3	5
209663_s_at	3679	ITGA7	12
209664_x_at	4772	NFATC1	18
209665_at	11068	CYB561D2	3
209666_s_at	1147	CHUK	10
209667_at	8824	CES2	16
209668_x_at	8824	CES2	16
209669_s_at	26135	SERBP1	1
209670_at	28755	TRAC	14
209671_x_at	28755	TRAC	14
209672_s_at	54468	MIOS	7
209674_at	1407	CRY1	12
209675_s_at	11100	HNRNPUL1	19
209676_at	7035	TFPI	2
209677_at	5584	PRKCI	3
209678_s_at	5584	PRKCI	3
209679_s_at	57228	SMAGP	12
209680_s_at	3833	KIFC1	6
209681_at	10560	SLC19A2	1
209682_at	868	CBLB	3
209683_at	81553	CYRIA	2
209684_at	54453	RIN2	20
209685_s_at	5579	PRKCB	16
209686_at	6285	S100B	21
209687_at	6387	CXCL12	10
209688_s_at	54520	CCDC93	2
209689_at	54520	CCDC93	2
209690_s_at	55715	DOK4	16
209691_s_at	55715	DOK4	16
209692_at	2139	EYA2	20
209693_at	23245	ASTN2	9
209694_at	5805	PTS	11
209695_at	11156	PTP4A3	8
209696_at	2203	FBP1	9
209697_at	5533	PPP3CC	8
209698_at	54535	CCHCR1	6
209699_x_at	1646	AKR1C2	10
209700_x_at	9659	PDE4DIP	1
209702_at	79068	FTO	16
209703_x_at	25840	TMT1A	12
209704_at	22823	MTF2	1
209705_at	22823	MTF2	1
209706_at	4824	NKX3-1	8
209707_at	10026	PIGK	1
209708_at	26002	MOXD1	6
209709_s_at	3161	HMMR	5
209710_at	2624	GATA2	3
209711_at	23169	SLC35D1	1
209712_at	23169	SLC35D1	1
209713_s_at	23169	SLC35D1	1
209714_s_at	1033	CDKN3	14
209715_at	23468	CBX5	12
209716_at	1435	CSF1	1
209717_at	7813	EVI5	1
209718_at	29781	NCAPH2	22
209719_x_at	6317	SERPINB3	18
209720_s_at	6317	SERPINB3	18
209721_s_at	25900	IFFO1	12
209722_s_at	5272	SERPINB9	6
209723_at	5272	SERPINB9	6
209724_s_at	7541	ZBTB14	18
209725_at	27340	UTP20	12
209726_at	770	CA11	19
209727_at	2760	GM2A	5
209728_at	3126	HLA-DRB4	6
209729_at	10634	GAS2L1	22
209730_at	6405	SEMA3F	3
209731_at	4913	NTHL1	16
209732_at	9976	CLEC2B	12
209733_at	11043	MID2	X
209734_at	3071	NCKAP1L	12
209735_at	9429	ABCG2	4
209736_at	9580	SOX13	1
209737_at	9863	MAGI2	7
209738_x_at	5675	PSG6	19
209739_s_at	8228	PNPLA4	X
209740_s_at	8228	PNPLA4	X
209741_x_at	49855	SCAPER	15
209742_s_at	4633	MYL2	12
209743_s_at	83737	ITCH	20
209744_x_at	83737	ITCH	20
209745_at	10229	COQ7	16
209746_s_at	10229	COQ7	16
209747_at	7043	TGFB3	14
209748_at	6683	SPAST	2
209749_s_at	1636	ACE	17
209750_at	9975	NR1D2	3
209752_at	5967	REG1A	2
209753_s_at	7112	TMPO	12
209754_s_at	7112	TMPO	12
209755_at	23057	NMNAT2	1
209756_s_at	4613	MYCN	2
209757_s_at	4613	MYCN	2
209758_s_at	8076	MFAP5	12
209759_s_at	1632	ECI1	16
209760_at	23240	TMEM131L	4
209761_s_at	3431	SP110	2
209762_x_at	3431	SP110	2
209763_at	91851	CHRDL1	X
209764_at	4248	MGAT3	22
209765_at	8728	ADAM19	5
209766_at	10935	PRDX3	10
209768_s_at	100526833	SEPT5-GP1BB	22
209769_s_at	100526833	SEPT5-GP1BB	22
209770_at	11119	BTN3A1	6
209771_x_at	100133941	CD24	6
209772_s_at	100133941	CD24	6
209773_s_at	6241	RRM2	2
209774_x_at	2920	CXCL2	4
209775_x_at	6573	SLC19A1	21
209776_s_at	6573	SLC19A1	21
209777_s_at	6573	SLC19A1	21
209778_at	9321	TRIP11	14
209779_at	84298	LLPH	12
209780_at	57157	PHTF2	7
209781_s_at	10656	KHDRBS3	8
209782_s_at	1628	DBP	19
209783_at	1628	DBP	19
209784_s_at	3714	JAG2	14
209785_s_at	8605	PLA2G4C	19
209786_at	10473	HMGN4	6
209787_s_at	10473	HMGN4	6
209788_s_at	51752	ERAP1	5
209789_at	10391	CORO2B	15
209790_s_at	839	CASP6	4
209791_at	11240	PADI2	1
209792_s_at	5655	KLK10	19
209793_at	2890	GRIA1	5
209794_at	9901	SRGAP3	3
209795_at	969	CD69	12
209796_s_at	10330	CNPY2	12
209797_at	10330	CNPY2	12
209798_at	4863	NPAT	11
209799_at	5562	PRKAA1	5
209800_at	3868	KRT16	17
209802_at	7262	PHLDA2	11
209803_s_at	7262	PHLDA2	11
209804_at	9937	DCLRE1A	10
209806_at	85236	H2BC12	6
209807_s_at	4784	NFIX	19
209808_x_at	3621	ING1	13
209810_at	6439	SFTPB	2
209811_at	835	CASP2	7
209812_x_at	835	CASP2	7
209814_at	27309	ZNF330	4
209815_at	5727	PTCH1	9
209816_at	5727	PTCH1	9
209817_at	5532	PPP3CB	10
209818_s_at	22927	HABP4	9
209819_at	22927	HABP4	9
209820_s_at	10607	TBL3	16
209821_at	90865	IL33	9
209822_s_at	7436	VLDLR	9
209823_x_at	3119	HLA-DQB1	6
209824_s_at	406	BMAL1	11
209825_s_at	7371	UCK2	1
209827_s_at	3603	IL16	15
209828_s_at	3603	IL16	15
209829_at	9750	RIPOR2	6
209830_s_at	9351	NHERF2	16
209831_x_at	1777	DNASE2	19
209832_s_at	81620	CDT1	16
209833_at	8738	CRADD	12
209834_at	9469	CHST3	10
209835_x_at	960	CD44	11
209837_at	9179	AP4M1	7
209838_at	9318	COPS2	15
209839_at	26052	DNM3	1
209840_s_at	54674	LRRN3	7
209841_s_at	54674	LRRN3	7
209842_at	6663	SOX10	22
209843_s_at	6663	SOX10	22
209844_at	10481	HOXB13	17
209845_at	23608	MKRN1	7
209846_s_at	11118	BTN3A2	6
209847_at	1015	CDH17	8
209848_s_at	6490	PMEL	12
209849_s_at	5889	RAD51C	17
209850_s_at	10435	CDC42EP2	11
209851_at	23091	ZC3H13	13
209852_x_at	10197	PSME3	17
209853_s_at	10197	PSME3	17
209854_s_at	3817	KLK2	19
209855_s_at	3817	KLK2	19
209856_x_at	10152	ABI2	2
209857_s_at	56848	SPHK2	19
209858_x_at	65258	MPPE1	18
209859_at	114088	TRIM9	14
209860_s_at	310	ANXA7	10
209861_s_at	10988	METAP2	12
209862_s_at	9702	CEP57	11
209863_s_at	8626	TP63	3
209864_at	23401	FRAT2	10
209865_at	23443	SLC35A3	1
209866_s_at	23284	ADGRL3	4
209867_s_at	23284	ADGRL3	4
209868_s_at	5937	RBMS1	2
209869_at	150	ADRA2A	10
209870_s_at	321	APBA2	15
209871_s_at	321	APBA2	15
209872_s_at	11187	PKP3	11
209873_s_at	11187	PKP3	11
209874_x_at	54805	CNNM2	10
209875_s_at	6696	SPP1	4
209876_at	9815	GIT2	12
209877_at	6623	SNCG	10
209878_s_at	5970	RELA	11
209879_at	6404	SELPLG	12
209880_s_at	6404	SELPLG	12
209881_s_at	27040	LAT	16
209882_at	6016	RIT1	1
209883_at	23127	COLGALT2	1
209884_s_at	9497	SLC4A7	3
209885_at	29984	RHOD	11
209886_s_at	4091	SMAD6	15
209887_at	4091	SMAD6	15
209888_s_at	4632	MYL1	2
209889_at	25956	SEC31B	10
209890_at	10098	TSPAN5	4
209891_at	57405	SPC25	2
209892_at	2526	FUT4	11
209893_s_at	2526	FUT4	11
209894_at	3953	LEPR	1
209895_at	5781	PTPN11	12
209896_s_at	5781	PTPN11	12
209897_s_at	9353	SLIT2	4
209898_x_at	50618	ITSN2	2
209899_s_at	22827	PUF60	8
209900_s_at	6566	SLC16A1	1
209901_x_at	199	AIF1	6
209902_at	545	ATR	3
209903_s_at	545	ATR	3
209904_at	7134	TNNC1	3
209906_at	719	C3AR1	12
209907_s_at	50618	ITSN2	2
209908_s_at	7042	TGFB2	1
209909_s_at	7042	TGFB2	1
209910_at	8034	SLC25A16	10
209911_x_at	3017	H2BC5	6
209912_s_at	9907	AP5Z1	7
209913_x_at	9907	AP5Z1	7
209914_s_at	9378	NRXN1	2
209915_s_at	9378	NRXN1	2
209916_at	55526	DHTKD1	10
209917_s_at	11257	TP53TG1	7
209920_at	659	BMPR2	2
209921_at	23657	SLC7A11	4
209922_at	8315	BRAP	12
209923_s_at	8315	BRAP	12
209924_at	6362	CCL18	17
209925_at	100506658	OCLN	5
209926_at	729991	BORCS8	19
209927_s_at	26097	CHTOP	1
209928_s_at	9242	MSC	8
209929_s_at	8517	IKBKG	X
209930_s_at	4778	NFE2	12
209932_s_at	1854	DUT	15
209933_s_at	11314	CD300A	17
209934_s_at	27032	ATP2C1	3
209935_at	27032	ATP2C1	3
209936_at	10181	RBM5	3
209937_at	7104	TM4SF4	3
209938_at	6871	TADA2A	17
209939_x_at	8837	CFLAR	2
209940_at	10039	PARP3	3
209941_at	8737	RIPK1	6
209942_x_at	4102	MAGEA3	X
209943_at	26235	FBXL4	6
209944_at	57862	ZNF410	14
209945_s_at	2932	GSK3B	3
209946_at	7424	VEGFC	4
209947_at	9898	UBAP2L	1
209948_at	3779	KCNMB1	5
209949_at	4688	NCF2	1
209950_s_at	50853	VILL	3
209951_s_at	5609	MAP2K7	19
209952_s_at	5609	MAP2K7	19
209953_s_at	11140	CDC37	19
209954_x_at	6760	SS18	18
209955_s_at	2191	FAP	2
209956_s_at	816	CAMK2B	7
209957_s_at	4878	NPPA	1
209958_s_at	27241	BBS9	7
209959_at	8013	NR4A3	9
209960_at	3082	HGF	7
209961_s_at	3082	HGF	7
209962_at	2057	EPOR	19
209963_s_at	2057	EPOR	19
209964_s_at	6314	ATXN7	3
209965_s_at	5892	RAD51D	17
209966_x_at	2104	ESRRG	1
209967_s_at	1390	CREM	10
209968_s_at	4684	NCAM1	11
209969_s_at	6772	STAT1	2
209970_x_at	834	CASP1	11
209971_x_at	7965	AIMP2	7
209972_s_at	7965	AIMP2	7
209973_at	4795	NFKBIL1	6
209974_s_at	9184	BUB3	10
209975_at	1571	CYP2E1	10
209976_s_at	1571	CYP2E1	10
209977_at	5340	PLG	6
209979_at	104	ADARB1	21
209980_s_at	6470	SHMT1	17
209981_at	27254	CSDC2	22
209982_s_at	9379	NRXN2	11
209983_s_at	9379	NRXN2	11
209984_at	23081	KDM4C	9
209985_s_at	429	ASCL1	12
209987_s_at	429	ASCL1	12
209988_s_at	429	ASCL1	12
209989_at	10795	ZNF268	12
209990_s_at	9568	GABBR2	9
209991_x_at	9568	GABBR2	9
209992_at	5208	PFKFB2	1
209993_at	5243	ABCB1	7
209995_s_at	8115	TCL1A	14
209996_x_at	5108	PCM1	8
209997_x_at	5108	PCM1	8
209998_at	84720	PIGO	9
209999_x_at	8651	SOCS1	16
210000_s_at	8651	SOCS1	16
210001_s_at	8651	SOCS1	16
210002_at	2627	GATA6	18
210004_at	4973	OLR1	12
210005_at	2618	GART	21
210006_at	25864	ABHD14A	3
210007_s_at	2820	GPD2	2
210008_s_at	6183	MRPS12	19
210009_s_at	9570	GOSR2	17
210010_s_at	6576	SLC25A1	22
210011_s_at	2130	EWSR1	22
210012_s_at	2130	EWSR1	22
210013_at	3263	HPX	11
210014_x_at	3420	IDH3B	20
210015_s_at	4133	MAP2	2
210016_at	23040	MYT1L	2
210017_at	10892	MALT1	18
210018_x_at	10892	MALT1	18
210019_at	810	CALML3	10
210020_x_at	810	CALML3	10
210021_s_at	10309	CCNO	5
210022_at	84759	PCGF1	2
210023_s_at	84759	PCGF1	2
210024_s_at	10477	UBE2E3	2
210025_s_at	29775	CARD10	22
210026_s_at	29775	CARD10	22
210027_s_at	328	APEX1	14
210028_s_at	23595	ORC3	6
210029_at	3620	IDO1	8
210030_at	83475	DOHH	19
210031_at	919	CD247	1
210032_s_at	9576	SPAG6	10
210033_s_at	9576	SPAG6	10
210034_s_at	6125	RPL5	1
210036_s_at	3757	KCNH2	7
210037_s_at	4843	NOS2	17
210038_at	5588	PRKCQ	10
210039_s_at	5588	PRKCQ	10
210040_at	57468	SLC12A5	20
210041_s_at	5238	PGM3	6
210042_s_at	1522	CTSZ	20
210043_at	83786	FRMD8	11
210044_s_at	4066	LYL1	19
210045_at	3418	IDH2	15
210046_s_at	3418	IDH2	15
210047_at	4891	SLC11A2	12
210048_at	8774	NAPG	18
210049_at	462	SERPINC1	1
210050_at	7167	TPI1	12
210051_at	10411	RAPGEF3	12
210052_s_at	22974	TPX2	20
210053_at	6877	TAF5	10
210054_at	79441	HAUS3	4
210055_at	7253	TSHR	14
210056_at	27289	RND1	12
210057_at	23049	SMG1	16
210058_at	5603	MAPK13	6
210059_s_at	5603	MAPK13	6
210060_at	5148	PDE6G	17
210061_at	51385	ZNF589	3
210062_s_at	51385	ZNF589	3
210063_at	1757	SARDH	9
210064_s_at	7348	UPK1B	3
210065_s_at	7348	UPK1B	3
210066_s_at	361	AQP4	18
210067_at	361	AQP4	18
210068_s_at	361	AQP4	18
210072_at	6363	CCL19	9
210073_at	6489	ST8SIA1	12
210074_at	1515	CTSV	9
210075_at	51257	MARCHF2	19
210076_x_at	26135	SERBP1	1
210077_s_at	6430	SRSF5	14
210078_s_at	7881	KCNAB1	3
210079_x_at	7881	KCNAB1	3
210080_x_at	10136	CELA3A	1
210081_at	177	AGER	6
210082_at	24	ABCA4	1
210083_at	8482	SEMA7A	15
210085_s_at	8416	ANXA9	1
210086_at	55806	HR	8
210087_s_at	9019	MPZL1	1
210088_x_at	4635	MYL4	17
210089_s_at	3910	LAMA4	6
210090_at	23237	ARC	8
210091_s_at	1837	DTNA	18
210092_at	4116	MAGOH	1
210093_s_at	4116	MAGOH	1
210094_s_at	56288	PARD3	10
210095_s_at	3486	IGFBP3	7
210096_at	1580	CYP4B1	1
210097_s_at	51406	NOL7	6
210099_at	20	ABCA2	9
210100_s_at	20	ABCA2	9
210101_x_at	51100	SH3GLB1	1
210102_at	4013	VWA5A	11
210103_s_at	3170	FOXA2	20
210104_at	10001	MED6	14
210105_s_at	2534	FYN	6
210107_at	1179	CLCA1	1
210108_at	776	CACNA1D	3
210110_x_at	3189	HNRNPH3	10
210111_s_at	23008	KLHDC10	7
210112_at	3257	HPS1	10
210113_s_at	22861	NLRP1	17
210114_at	27130	INVS	9
210115_at	116832	RPL39L	3
210116_at	4068	SH2D1A	X
210117_at	6674	SPAG1	8
210118_s_at	3552	IL1A	2
210119_at	3772	KCNJ15	21
210120_s_at	8498	RANBP3	19
210121_at	8707	B3GALT2	1
210122_at	5620	PRM2	16
210124_x_at	10505	SEMA4F	2
210125_s_at	8815	BANF1	11
210126_at	5678	PSG9	19
210127_at	51560	RAB6B	3
210128_s_at	1241	LTB4R	14
210130_s_at	7108	TM7SF2	11
210131_x_at	6391	SDHC	1
210132_at	1944	EFNA3	1
210133_at	6356	CCL11	17
210134_x_at	6474	SHOX2	3
210135_s_at	6474	SHOX2	3
210136_at	4155	MBP	18
210137_s_at	1635	DCTD	4
210138_at	8601	RGS20	8
210139_s_at	5376	PMP22	17
210140_at	8530	CST7	20
210141_s_at	3623	INHA	2
210142_x_at	10211	FLOT1	6
210143_at	11199	ANXA10	4
210144_at	25771	TBC1D22A	22
210145_at	5321	PLA2G4A	1
210146_x_at	10288	LILRB2	19
210147_at	419	ART3	4
210148_at	10114	HIPK3	11
210149_s_at	10476	ATP5PD	17
210150_s_at	3911	LAMA5	20
210151_s_at	8444	DYRK3	1
210152_at	11006	LILRB4	19
210153_s_at	4200	ME2	18
210154_at	4200	ME2	18
210155_at	4653	MYOC	1
210156_s_at	5110	PCMT1	6
210157_at	8725	URI1	19
210158_at	2072	ERCC4	16
210159_s_at	11074	TRIM31	6
210160_at	5049	PAFAH1B2	11
210161_at	4772	NFATC1	18
210162_s_at	4772	NFATC1	18
210163_at	6373	CXCL11	4
210164_at	3002	GZMB	14
210165_at	1773	DNASE1	16
210166_at	7100	TLR5	1
210167_s_at	7008	TEF	22
210168_at	729	C6	5
210169_at	9717	SEC14L5	16
210170_at	27295	PDLIM3	4
210171_s_at	1390	CREM	10
210172_at	7536	SF1	11
210173_at	5795	PTPRJ	11
210174_at	2494	NR5A2	1
210175_at	6936	GCFC2	2
210176_at	7096	TLR1	4
210177_at	89870	TRIM15	6
210178_x_at	10772	SRSF10	1
210179_at	3769	KCNJ13	2
210180_s_at	6434	TRA2B	3
210181_s_at	9478	CABP1	12
210182_at	1325	CORT	1
210183_x_at	5411	PNN	14
210184_at	3687	ITGAX	16
210185_at	782	CACNB1	17
210186_s_at	2280	FKBP1A	20
210187_at	2280	FKBP1A	20
210188_at	2551	GABPA	21
210189_at	3305	HSPA1L	6
210190_at	8676	STX11	6
210191_s_at	10745	PHTF1	1
210192_at	10396	ATP8A1	4
210193_at	4336	MOBP	3
210194_at	22925	PLA2R1	2
210195_s_at	5669	PSG1	19
210196_s_at	5669	PSG1	19
210197_at	3705	ITPK1	14
210198_s_at	5354	PLP1	X
210200_at	11060	WWP2	16
210201_x_at	274	BIN1	2
210202_s_at	274	BIN1	2
210203_at	4850	CNOT4	7
210204_s_at	4850	CNOT4	7
210205_at	8705	B3GALT4	6
210206_s_at	1663	DDX11	12
210208_x_at	7917	BAG6	6
210210_at	9019	MPZL1	1
210211_s_at	3320	HSP90AA1	14
210212_x_at	100272147	CMC4	X
210213_s_at	3692	EIF6	20
210214_s_at	659	BMPR2	2
210215_at	7036	TFR2	7
210216_x_at	5810	RAD1	5
210218_s_at	6672	SP100	2
210219_at	6672	SP100	2
210220_at	2535	FZD2	17
210221_at	1136	CHRNA3	15
210222_s_at	6252	RTN1	14
210223_s_at	3140	MR1	1
210224_at	3140	MR1	1
210226_at	3164	NR4A1	12
210227_at	9228	DLGAP2	8
210228_at	1437	CSF2	5
210229_s_at	1437	CSF2	5
210231_x_at	6418	SET	9
210232_at	998	CDC42	1
210233_at	3556	IL1RAP	3
210234_at	2914	GRM4	6
210235_s_at	8500	PPFIA1	11
210236_at	8500	PPFIA1	11
210237_at	9048	ARTN	1
210239_at	10265	IRX5	16
210240_s_at	1032	CDKN2D	19
210241_s_at	11257	TP53TG1	7
210242_x_at	400410	ST20	15
210243_s_at	8703	B4GALT3	1
210244_at	820	CAMP	3
210245_at	6833	ABCC8	11
210246_s_at	6833	ABCC8	11
210247_at	6854	SYN2	3
210248_at	7476	WNT7A	3
210249_s_at	8648	NCOA1	2
210250_x_at	158	ADSL	22
210251_s_at	22902	RUFY3	4
210252_s_at	8567	MADD	11
210253_at	10553	HTATIP2	11
210254_at	932	MS4A3	11
210255_at	5890	RAD51B	14
210256_s_at	8394	PIP5K1A	1
210257_x_at	8450	CUL4B	X
210258_at	6003	RGS13	1
210259_s_at	1748	DLX4	17
210260_s_at	25816	TNFAIP8	5
210261_at	3776	KCNK2	1
210262_at	7180	CRISP2	6
210263_at	3754	KCNF1	2
210264_at	2859	GPR35	2
210265_x_at	642559	POU5F1P3	12
210266_s_at	51592	TRIM33	1
210267_at	57185	NIPAL3	1
210268_at	4799	NFX1	9
210269_s_at	8227	AKAP17A	X
210270_at	9628	RGS6	14
210271_at	4761	NEUROD2	17
210272_at	1556	CYP2B7P	19
210273_at	5099	PCDH7	4
210274_at	4107	MAGEA8	X
210275_s_at	7763	ZFAND5	9
210276_s_at	11078	TRIOBP	22
210277_at	11154	AP4S1	14
210278_s_at	11154	AP4S1	14
210279_at	2841	GPR18	13
210280_at	4359	MPZ	1
210281_s_at	7750	ZMYM2	13
210282_at	7750	ZMYM2	13
210283_x_at	10605	PAIP1	5
210284_s_at	23118	TAB2	6
210285_x_at	9589	WTAP	6
210286_s_at	9497	SLC4A7	3
210287_s_at	2321	FLT1	13
210288_at	10219	KLRG1	12
210289_at	9027	NAT8	2
210290_at	7727	ZNF174	16
210291_s_at	7727	ZNF174	16
210293_s_at	10483	SEC23B	20
210294_at	6892	TAPBP	6
210295_at	4109	MAGEA10	X
210296_s_at	5828	PEX2	8
210297_s_at	4477	MSMB	10
210298_x_at	2273	FHL1	X
210299_s_at	2273	FHL1	X
210300_at	28954	REM1	20
210301_at	7498	XDH	2
210302_s_at	10586	MAB21L2	4
210303_at	10586	MAB21L2	4
210304_at	5158	PDE6B	4
210305_at	9659	PDE4DIP	1
210306_at	26013	L3MBTL1	20
210307_s_at	64410	KLHL25	15
210309_at	9400	RECQL5	17
210310_s_at	2250	FGF5	4
210311_at	2250	FGF5	4
210312_s_at	90410	IFT20	17
210313_at	23547	LILRA4	19
210314_x_at	8741	TNFSF13	17
210315_at	6854	SYN2	3
210316_at	2324	FLT4	5
210317_s_at	7531	YWHAE	17
210318_at	5949	RBP3	10
210319_x_at	4488	MSX2	5
210320_s_at	11056	DDX52	17
210321_at	2999	GZMH	14
210322_x_at	7404	UTY	Y
210323_at	27285	TEKT2	1
210324_at	733	C8G	9
210325_at	909	CD1A	1
210326_at	189	AGXT	2
210327_s_at	189	AGXT	2
210328_at	27232	GNMT	6
210329_s_at	6444	SGCD	5
210330_at	6444	SGCD	5
210331_at	23072	HECW1	7
210332_at	43	ACHE	7
210333_at	2516	NR5A1	9
210334_x_at	332	BIRC5	17
210335_at	9182	RASSF9	12
210336_x_at	7593	MZF1	19
210337_s_at	47	ACLY	17
210338_s_at	3312	HSPA8	11
210339_s_at	3817	KLK2	19
210340_s_at	1438	CSF2RA	X
210341_at	4661	MYT1	20
210342_s_at	7173	TPO	2
210343_s_at	9356	SLC22A6	11
210344_at	114881	OSBPL7	17
210345_s_at	1770	DNAH9	17
210346_s_at	57396	CLK4	5
210347_s_at	53335	BCL11A	2
210348_at	5414	SEPTIN4	17
210349_at	814	CAMK4	5
210350_x_at	3621	ING1	13
210352_at	10902	BRD8	5
210353_s_at	6530	SLC6A2	16
210354_at	3458	IFNG	12
210355_at	5744	PTHLH	12
210356_x_at	931	MS4A1	11
210357_s_at	54498	SMOX	20
210358_x_at	2624	GATA2	3
210359_at	9788	MTSS1	8
210360_s_at	9788	MTSS1	8
210361_s_at	1998	ELF2	4
210362_x_at	5371	PML	15
210363_s_at	6327	SCN2B	11
210364_at	6327	SCN2B	11
210366_at	10599	SLCO1B1	12
210367_s_at	9536	PTGES	9
210368_at	9708	PCDHGA8	5
210369_at	23075	SWAP70	11
210370_s_at	4063	LY9	1
210371_s_at	5928	RBBP4	1
210372_s_at	7164	TPD52L1	6
210373_at	10641	NPRL2	3
210374_x_at	5733	PTGER3	1
210375_at	5733	PTGER3	1
210376_x_at	2002	ELK1	X
210377_at	6296	ACSM3	16
210378_s_at	8636	SSNA1	9
210379_s_at	9874	TLK1	2
210380_s_at	8913	CACNA1G	17
210381_s_at	887	CCKBR	11
210382_at	6344	SCTR	2
210383_at	6323	SCN1A	2
210384_at	3275	PRMT2	21
210385_s_at	51752	ERAP1	5
210386_s_at	4580	MTX1	1
210388_at	5330	PLCB2	15
210389_x_at	51174	TUBD1	17
210391_at	2649	NR6A1	9
210392_x_at	2649	NR6A1	9
210393_at	8549	LGR5	12
210395_x_at	4635	MYL4	17
210397_at	1672	DEFB1	8
210398_x_at	2528	FUT6	19
210399_x_at	2528	FUT6	19
210400_at	2905	GRIN2C	17
210401_at	5023	P2RX1	17
210402_at	3758	KCNJ1	11
210403_s_at	3758	KCNJ1	11
210404_x_at	816	CAMK2B	7
210405_x_at	8795	TNFRSF10B	8
210407_at	5494	PPM1A	14
210408_s_at	9362	CPNE6	14
210409_at	653483	AFDN-DT	6
210411_s_at	2904	GRIN2B	12
210412_at	2904	GRIN2B	12
210414_at	23769	FLRT1	11
210415_s_at	4957	ODF2	9
210416_s_at	11200	CHEK2	22
210417_s_at	5298	PI4KB	1
210418_s_at	3420	IDH3B	20
210419_at	8538	BARX2	11
210420_at	9187	SLC24A1	15
210421_s_at	9187	SLC24A1	15
210422_x_at	6556	SLC11A1	2
210423_s_at	6556	SLC11A1	2
210426_x_at	6095	RORA	15
210427_x_at	302	ANXA2	15
210428_s_at	9146	HGS	17
210429_at	6007	RHD	1
210430_x_at	6007	RHD	1
210431_at	251	ALPG	2
210432_s_at	6328	SCN3A	2
210433_at	23509	POFUT1	20
210434_x_at	10899	JTB	1
210436_at	10694	CCT8	21
210438_x_at	6738	RO60	1
210439_at	29851	ICOS	2
210440_s_at	8556	CDC14A	1
210441_at	8556	CDC14A	1
210442_at	9173	IL1RL1	2
210443_x_at	11054	OGFR	20
210444_at	4888	NPY6R	5
210445_at	2172	FABP6	5
210446_at	2623	GATA1	X
210447_at	2747	GLUD2	X
210448_s_at	5026	P2RX5	17
210449_x_at	1432	MAPK14	6
210451_at	5313	PKLR	1
210452_x_at	8529	CYP4F2	19
210453_x_at	10632	ATP5MG	11
210454_s_at	3763	KCNJ6	21
210455_at	27291	R3HCC1L	10
210456_at	9468	PCYT1B	X
210457_x_at	3159	HMGA1	6
210458_s_at	10010	TANK	2
210459_at	5710	PSMD4	1
210460_s_at	5710	PSMD4	1
210461_s_at	3983	ABLIM1	10
210462_at	8548	BLZF1	1
210463_x_at	55621	TRMT1	19
210464_at	26138	LINC00588	8
210465_s_at	6619	SNAPC3	9
210466_s_at	26135	SERBP1	1
210467_x_at	4111	MAGEA12	X
210469_at	9231	DLG5	10
210470_x_at	4841	NONO	X
210471_s_at	7881	KCNAB1	3
210472_at	4495	MT1G	16
210473_s_at	166647	ADGRA3	4
210475_at	5453	POU3F1	1
210476_s_at	5618	PRLR	5
210477_x_at	5599	MAPK8	10
210479_s_at	6095	RORA	15
210480_s_at	4646	MYO6	6
210481_s_at	10332	CLEC4M	19
210482_x_at	5607	MAP2K5	15
210486_at	51281	ANKMY1	2
210487_at	1791	DNTT	10
210492_at	9848	MFAP3L	4
210493_s_at	9848	MFAP3L	4
210495_x_at	2335	FN1	2
210498_at	1213	CLTC	17
210499_s_at	10084	PQBP1	X
210501_x_at	27335	EIF3K	19
210502_s_at	10450	PPIE	1
210503_at	4110	MAGEA11	X
210504_at	10661	KLF1	19
210505_at	131	ADH7	4
210506_at	2529	FUT7	9
210507_s_at	10677	AVIL	12
210508_s_at	3785	KCNQ2	20
210510_s_at	8829	NRP1	10
210511_s_at	3624	INHBA	7
210512_s_at	7422	VEGFA	6
210513_s_at	7422	VEGFA	6
210514_x_at	3135	HLA-G	6
210515_at	6927	HNF1A	12
210516_at	23196	FAM120A	9
210517_s_at	9590	AKAP12	6
210518_at	1006	CDH8	16
210519_s_at	1728	NQO1	16
210521_s_at	26998	FETUB	3
210523_at	658	BMPR1B	4
210525_x_at	90141	EFCAB11	14
210527_x_at	7278	TUBA3C	13
210528_at	3140	MR1	1
210529_s_at	9747	TCAF1	7
210530_s_at	7181	NR2C1	12
210531_at	7181	NR2C1	12
210532_s_at	9556	ATP5MJ	14
210533_at	4438	MSH4	1
210534_s_at	27077	B9D1	17
210535_at	27077	B9D1	17
210536_s_at	6677	SPAM1	7
210537_s_at	6871	TADA2A	17
210538_s_at	330	BIRC3	11
210539_at	23093	TTLL5	14
210540_s_at	8702	B4GALT4	3
210541_s_at	5987	TRIM27	6
210542_s_at	28232	SLCO3A1	15
210543_s_at	5591	PRKDC	8
210544_s_at	224	ALDH3A2	17
210545_at	50618	ITSN2	2
210547_x_at	3382	ICA1	7
210548_at	6368	CCL23	17
210549_s_at	6368	CCL23	17
210550_s_at	5923	RASGRF1	15
210551_s_at	438	ASMT	X
210552_s_at	9649	RALGPS1	9
210553_x_at	5046	PCSK6	15
210554_s_at	1488	CTBP2	10
210555_s_at	4775	NFATC3	16
210556_at	4775	NFATC3	16
210557_x_at	1435	CSF1	1
210558_at	1109	AKR1C4	10
210559_s_at	983	CDK1	10
210560_at	2637	GBX2	2
210561_s_at	26118	WSB1	17
210562_at	9687	GREB1	2
210563_x_at	8837	CFLAR	2
210564_x_at	8837	CFLAR	2
210565_at	2642	GCGR	17
210567_s_at	6502	SKP2	5
210568_s_at	5965	RECQL	12
210569_s_at	27180	SIGLEC9	19
210570_x_at	5601	MAPK9	5
210571_s_at	8418	CMAHP	6
210573_s_at	10623	POLR3C	1
210574_s_at	10726	NUDC	1
210575_at	10726	NUDC	1
210576_at	11283	CYP4F8	19
210577_at	846	CASR	3
210578_at	10107	TRIM10	6
210579_s_at	10107	TRIM10	6
210581_x_at	23598	PATZ1	22
210582_s_at	3985	LIMK2	22
210583_at	84271	POLDIP3	22
210585_s_at	30000	TNPO2	19
210586_x_at	6007	RHD	1
210587_at	83729	INHBE	12
210588_x_at	3189	HNRNPH3	10
210589_s_at	2630	GBA1LP	1
210592_s_at	6303	SAT1	X
210594_x_at	9019	MPZL1	1
210595_at	9310	ZNF235	19
210596_at	84061	MAGT1	X
210597_x_at	5542	PRB1	12
210599_at	80110	ZNF614	19
210600_s_at	2868	GRK4	4
210601_at	1004	CDH6	5
210602_s_at	1004	CDH6	5
210603_at	84779	NAA11	4
210604_at	2780	GNAT2	1
210605_s_at	4240	MFGE8	15
210606_x_at	3824	KLRD1	12
210607_at	2323	FLT3LG	19
210608_s_at	2524	FUT2	19
210609_s_at	9540	TP53I3	2
210610_at	634	CEACAM1	19
210611_s_at	1837	DTNA	18
210612_s_at	8871	SYNJ2	6
210613_s_at	9145	SYNGR1	22
210614_at	7274	TTPA	8
210615_at	8829	NRP1	10
210616_s_at	22872	SEC31A	4
210617_at	5251	PHEX	X
210618_at	5909	RAP1GAP	1
210619_s_at	3373	HYAL1	3
210620_s_at	2976	GTF3C2	2
210621_s_at	5921	RASA1	5
210622_x_at	8558	CDK10	16
210623_at	51035	UBXN1	11
210624_s_at	10994	ILVBL	19
210625_s_at	8165	AKAP1	17
210626_at	8165	AKAP1	17
210627_s_at	7841	MOGS	2
210628_x_at	8425	LTBP4	19
210629_x_at	7940	LST1	6
210630_s_at	5893	RAD52	12
210631_at	4763	NF1	17
210632_s_at	6442	SGCA	17
210633_x_at	3858	KRT10	17
210634_at	27252	KLHL20	1
210635_s_at	27252	KLHL20	1
210636_at	5467	PPARD	6
210637_at	6869	TACR1	2
210638_s_at	26268	FBXO9	6
210639_s_at	9474	ATG5	6
210640_s_at	2852	GPER1	7
210641_at	10753	CAPN9	1
210642_at	881	CCIN	9
210643_at	8600	TNFSF11	13
210644_s_at	3903	LAIR1	19
210645_s_at	7267	TTC3	21
210646_x_at	23521	RPL13A	19
210647_x_at	8398	PLA2G6	22
210648_x_at	8724	SNX3	6
210649_s_at	8289	ARID1A	1
210650_s_at	27445	PCLO	7
210651_s_at	2048	EPHB2	1
210652_s_at	22996	TTC39A	1
210653_s_at	594	BCKDHB	6
210654_at	8793	TNFRSF10D	8
210656_at	8726	EED	11
210657_s_at	5414	SEPTIN4	17
210658_s_at	23062	GGA2	16
210659_at	1240	CMKLR1	12
210660_at	11024	LILRA1	19
210661_at	8001	GLRA3	4
210662_at	8942	KYNU	2
210663_s_at	8942	KYNU	2
210664_s_at	7035	TFPI	2
210665_at	7035	TFPI	2
210666_at	3423	IDS	X
210669_at	7020	TFAP2A	6
210670_at	5539	PPY	17
210671_x_at	5599	MAPK8	10
210672_s_at	8131	NPRL3	16
210673_x_at	7080	NKX2-1	14
210675_s_at	5801	PTPRR	12
210677_at	8435	SOAT2	12
210678_s_at	10555	AGPAT2	9
210679_x_at	283385	MORN3	12
210680_s_at	5648	MASP1	3
210681_s_at	9958	USP15	12
210682_at	4025	LPO	17
210683_at	4902	NRTN	19
210684_s_at	1742	DLG4	17
210685_s_at	10277	UBE4B	1
210686_x_at	8034	SLC25A16	10
210687_at	1374	CPT1A	11
210688_s_at	1374	CPT1A	11
210689_at	23562	CLDN14	21
210690_at	8302	KLRC4	12
210691_s_at	27101	CACYBP	1
210692_s_at	29015	SLC43A3	11
210693_at	56928	SPPL2B	19
210694_s_at	84874	ZNF514	2
210695_s_at	51741	WWOX	16
210697_at	113835	ZNF257	19
210701_at	10428	CFDP1	16
210702_s_at	5740	PTGIS	20
210704_at	9637	FEZ2	2
210705_s_at	85363	TRIM5	11
210706_s_at	11237	RNF24	20
210707_x_at	441263	DTX2P1-UPK3BP1-PMS2P11	7
210708_x_at	843	CASP10	2
210709_at	55854	ZC3H15	2
210710_at	55109	AGGF1	5
210711_at	84719	LINC00260	1
210712_at	92483	LDHAL6B	15
210713_at	6453	ITSN1	21
210714_at	23518	R3HDM1	2
210715_s_at	10653	SPINT2	19
210716_s_at	6249	CLIP1	12
210719_s_at	10362	HMG20B	19
210720_s_at	63941	NECAB3	20
210721_s_at	57144	PAK5	20
210722_at	5407	PNLIPRP1	10
210724_at	84658	ADGRE3	19
210726_at	1576	CYP3A4	7
210727_at	796	CALCA	11
210728_s_at	796	CALCA	11
210729_at	4887	NPY2R	4
210730_s_at	4887	NPY2R	4
210731_s_at	3964	LGALS8	1
210732_s_at	3964	LGALS8	1
210733_at	23471	TRAM1	8
210734_x_at	4149	MAX	14
210735_s_at	771	CA12	15
210736_x_at	1837	DTNA	18
210737_at	7275	TUB	11
210738_s_at	8671	SLC4A4	4
210739_x_at	8671	SLC4A4	4
210740_s_at	3705	ITPK1	14
210741_at	23365	ARHGEF12	11
210742_at	8556	CDC14A	1
210743_s_at	8556	CDC14A	1
210744_s_at	3568	IL5RA	3
210745_at	3175	ONECUT1	15
210746_s_at	2038	EPB42	15
210747_at	3119	HLA-DQB1	6
210749_x_at	780	DDR1	6
210750_s_at	9229	DLGAP1	18
210751_s_at	9104	RGN	X
210752_s_at	6945	MLX	17
210753_s_at	2047	EPHB1	3
210754_s_at	4067	LYN	8
210755_at	3082	HGF	7
210756_s_at	4853	NOTCH2	1
210757_x_at	1601	DAB2	5
210758_at	11168	PSIP1	9
210759_s_at	5682	PSMA1	11
210760_x_at	9321	TRIP11	14
210761_s_at	2886	GRB7	17
210762_s_at	10395	DLC1	8
210763_x_at	259197	NCR3	6
210764_s_at	3491	CCN1	1
210765_at	1434	CSE1L	20
210766_s_at	1434	CSE1L	20
210767_at	4771	NF2	22
210768_x_at	54499	TMCO1	1
210769_at	1258	CNGB1	16
210770_s_at	773	CACNA1A	19
210771_at	5465	PPARA	22
210772_at	2358	FPR2	19
210773_s_at	2358	FPR2	19
210774_s_at	8031	NCOA4	10
210775_x_at	842	CASP9	1
210776_x_at	6929	TCF3	19
210778_s_at	10608	MXD4	4
210779_x_at	8487	GEMIN2	14
210780_at	2100	ESR2	14
210781_x_at	2902	GRIN1	9
210782_x_at	2902	GRIN1	9
210783_x_at	6320	CLEC11A	19
210785_s_at	9473	THEMIS2	1
210786_s_at	2313	FLI1	11
210787_s_at	10645	CAMKK2	12
210788_s_at	51635	DHRS7	14
210789_x_at	1084	CEACAM3	19
210790_s_at	56681	SAR1A	10
210791_s_at	9743	ARHGAP32	11
210792_x_at	10572	SIVA1	14
210793_s_at	4928	NUP98	11
210794_s_at	55384	MEG3	14
210796_x_at	946	SIGLEC6	19
210797_s_at	8638	OASL	12
210798_x_at	10747	MASP2	1
210799_at	3351	HTR1B	6
210800_at	1678	TIMM8A	X
210801_at	27292	DIMT1	5
210802_s_at	27292	DIMT1	5
210803_at	10587	TXNRD2	22
210804_x_at	6546	SLC8A1	2
210806_at	23093	TTLL5	14
210807_s_at	9194	SLC16A7	12
210808_s_at	27035	NOX1	X
210809_s_at	10631	POSTN	13
210810_s_at	9152	SLC6A5	11
210811_s_at	54555	DDX49	19
210812_at	7518	XRCC4	5
210813_s_at	7518	XRCC4	5
210814_at	7222	TRPC3	4
210815_s_at	10203	CALCRL	2
210816_s_at	1534	CYB561	17
210817_s_at	10241	CALCOCO2	17
210819_x_at	1734	DIO2	14
210820_x_at	10229	COQ7	16
210821_x_at	1058	CENPA	2
210822_at	283345	RPL13P5	12
210823_s_at	5802	PTPRS	19
210825_s_at	5037	PEBP1	12
210826_x_at	5884	RAD17	5
210827_s_at	1999	ELF3	1
210828_s_at	405	ARNT	1
210829_s_at	23635	SSBP2	5
210830_s_at	5445	PON2	7
210831_s_at	5733	PTGER3	1
210832_x_at	5733	PTGER3	1
210833_at	5733	PTGER3	1
210834_s_at	5733	PTGER3	1
210835_s_at	1488	CTBP2	10
210836_x_at	5144	PDE4D	5
210837_s_at	5144	PDE4D	5
210838_s_at	94	ACVRL1	12
210839_s_at	5168	ENPP2	8
210840_s_at	8826	IQGAP1	15
210841_s_at	8828	NRP2	2
210842_at	8828	NRP2	2
210843_s_at	9848	MFAP3L	4
210844_x_at	1495	CTNNA1	5
210845_s_at	5329	PLAUR	19
210846_x_at	9830	TRIM14	9
210847_x_at	8718	TNFRSF25	1
210849_s_at	27072	VPS41	7
210850_s_at	2002	ELK1	X
210852_s_at	10157	AASS	7
210853_at	11280	SCN11A	3
210854_x_at	6535	SLC6A8	X
210855_at	9687	GREB1	2
210858_x_at	472	ATM	11
210859_x_at	1201	CLN3	16
210861_s_at	8838	CCN6	6
210862_s_at	1757	SARDH	9
210864_x_at	3077	HFE	6
210865_at	356	FASLG	1
210866_s_at	4850	CNOT4	7
210867_at	4850	CNOT4	7
210868_s_at	79071	ELOVL6	4
210869_s_at	4162	MCAM	11
210870_s_at	7957	EPM2A	6
210871_x_at	117178	SSX2IP	1
210872_x_at	8522	GAS7	17
210874_s_at	24142	NAA80	3
210875_s_at	6935	ZEB1	10
210876_at	303	ANXA2P1	4
210878_s_at	51780	KDM3B	5
210879_s_at	26056	RAB11FIP5	2
210880_s_at	10278	EFS	14
210882_s_at	7216	TRO	X
210883_x_at	1949	EFNB3	17
210884_s_at	653423	SPAG11A	8
210885_s_at	89870	TRIM15	6
210886_x_at	11257	TP53TG1	7
210887_s_at	2121	EVC	4
210888_s_at	3697	ITIH1	3
210889_s_at	2213	FCGR2B	1
210892_s_at	2969	GTF2I	7
210894_s_at	11190	CEP250	20
210895_s_at	942	CD86	3
210896_s_at	444	ASPH	8
210904_s_at	3597	IL13RA1	X
210905_x_at	645682	POU5F1P4	1
210906_x_at	361	AQP4	18
210907_s_at	11235	PDCD10	3
210908_s_at	5204	PFDN5	12
210909_x_at	80350	LPAL2	6
210910_s_at	22932	POMZP3	7
210911_at	84099	ID2B	3
210912_x_at	2948	GSTM4	1
210913_at	28316	CDH20	18
210914_at	57544	TXNDC16	14
210916_s_at	960	CD44	11
210917_at	7525	YES1	18
210919_at	23239	PHLPP1	18
210923_at	6512	SLC1A7	1
210924_at	10439	OLFM1	9
210925_at	4261	CIITA	16
210927_x_at	10899	JTB	1
210929_s_at	197	AHSG	3
210930_s_at	2064	ERBB2	17
210931_at	6049	RNF6	13
210932_s_at	6049	RNF6	13
210933_s_at	6624	FSCN1	7
210934_at	640	BLK	8
210935_s_at	9948	WDR1	4
210936_at	9948	WDR1	4
210937_s_at	3651	PDX1	13
210938_at	3651	PDX1	13
210939_s_at	2911	GRM1	6
210940_s_at	2911	GRM1	6
210941_at	5099	PCDH7	4
210942_s_at	10402	ST3GAL6	3
210943_s_at	1130	LYST	1
210944_s_at	825	CAPN3	15
210945_at	1288	COL4A6	X
210946_at	8611	PLPP1	5
210947_s_at	4437	MSH3	5
210948_s_at	51176	LEF1	4
210950_s_at	2222	FDFT1	8
210951_x_at	5873	RAB27A	15
210952_at	11154	AP4S1	14
210953_at	9819	TSC22D2	3
210954_s_at	9819	TSC22D2	3
210955_at	843	CASP10	2
210957_s_at	2334	AFF2	X
210958_s_at	375449	MAST4	5
210959_s_at	6715	SRD5A1	5
210960_at	146	ADRA1D	20
210961_s_at	146	ADRA1D	20
210962_s_at	10142	AKAP9	7
210963_s_at	8908	GYG2	X
210964_s_at	8908	GYG2	X
210965_x_at	8621	CDK13	7
210966_x_at	23367	LARP1	5
210967_x_at	782	CACNB1	17
210968_s_at	57142	RTN4	2
210969_at	5586	PKN2	1
210970_s_at	25998	IBTK	6
210971_s_at	406	BMAL1	11
210973_s_at	2260	FGFR1	8
210974_s_at	8943	AP3D1	19
210975_x_at	10922	FASTK	7
210976_s_at	5213	PFKM	12
210977_s_at	3299	HSF4	16
210978_s_at	8407	TAGLN2	1
210979_at	427	ASAH1	8
210980_s_at	427	ASAH1	8
210981_s_at	2870	GRK6	5
210982_s_at	3122	HLA-DRA	6
210983_s_at	4176	MCM7	7
210984_x_at	1956	EGFR	7
210985_s_at	6672	SP100	2
210986_s_at	7168	TPM1	15
210987_x_at	7168	TPM1	15
210988_s_at	58497	PRUNE1	1
210989_at	3910	LAMA4	6
210990_s_at	3910	LAMA4	6
210991_s_at	9783	RIMS3	1
210992_x_at	9103	FCGR2C	1
210993_s_at	4086	SMAD1	4
210994_x_at	373	TRIM23	5
210995_s_at	373	TRIM23	5
210996_s_at	7531	YWHAE	17
210997_at	3082	HGF	7
210998_s_at	3082	HGF	7
210999_s_at	2887	GRB10	7
211000_s_at	3572	IL6ST	5
211001_at	23650	TRIM29	11
211002_s_at	23650	TRIM29	11
211003_x_at	7052	TGM2	20
211004_s_at	221	ALDH3B1	11
211005_at	27040	LAT	16
211006_s_at	3745	KCNB1	20
211008_s_at	7329	UBE2I	16
211009_s_at	10778	ZNF271P	18
211010_s_at	259197	NCR3	6
211011_at	1310	COL19A1	6
211012_s_at	5371	PML	15
211013_x_at	5371	PML	15
211014_s_at	5371	PML	15
211015_s_at	3308	HSPA4	5
211016_x_at	3308	HSPA4	5
211017_s_at	4771	NF2	22
211018_at	4047	LSS	21
211019_s_at	4047	LSS	21
211020_at	2651	GCNT2	6
211021_s_at	10636	RGS14	5
211022_s_at	546	ATRX	X
211023_at	5162	PDHB	3
211024_s_at	7080	NKX2-1	14
211025_x_at	1329	COX5B	2
211026_s_at	11343	MGLL	3
211027_s_at	3551	IKBKB	8
211028_s_at	3795	KHK	2
211029_x_at	8817	FGF18	5
211030_s_at	6533	SLC6A6	3
211031_s_at	7461	CLIP2	7
211032_at	22837	COBLL1	2
211033_s_at	5191	PEX7	6
211034_s_at	283450	HECTD4	12
211036_x_at	51433	ANAPC5	12
211037_s_at	79143	MBOAT7	19
211038_s_at	84809	CROCCP2	1
211039_at	1134	CHRNA1	2
211040_x_at	51512	GTSE1	22
211042_x_at	4162	MCAM	11
211043_s_at	1212	CLTB	5
211044_at	9830	TRIM14	9
211045_s_at	81033	KCNH6	17
211046_at	81033	KCNH6	17
211047_x_at	1175	AP2S1	19
211048_s_at	9601	PDIA4	7
211049_at	3196	TLX2	2
211051_s_at	2137	EXTL3	8
211052_s_at	6904	TBCD	17
211053_at	3755	KCNG1	20
211054_at	27130	INVS	9
211055_s_at	27130	INVS	9
211056_s_at	6715	SRD5A1	5
211057_at	4919	ROR1	1
211059_s_at	2801	GOLGA2	9
211060_x_at	8733	GPAA1	8
211061_s_at	4247	MGAT2	14
211063_s_at	4690	NCK1	3
211064_at	284443	ZNF493	19
211065_x_at	5211	PFKL	21
211067_s_at	8522	GAS7	17
211068_x_at	253725	WASHC2C	10
211069_s_at	7341	SUMO1	2
211070_x_at	1622	DBI	2
211071_s_at	10962	MLLT11	1
211073_x_at	6122	RPL3	22
211074_at	2348	FOLR1	11
211075_s_at	961	CD47	3
211076_x_at	1822	ATN1	12
211077_s_at	9874	TLK1	2
211078_s_at	6788	STK3	8
211079_s_at	1859	DYRK1A	21
211080_s_at	4751	NEK2	1
211081_s_at	11183	MAP4K5	14
211082_x_at	2011	MARK2	11
211083_s_at	9175	MAP3K13	3
211084_x_at	23683	PRKD3	2
211085_s_at	6789	STK4	20
211086_x_at	4750	NEK1	4
211087_x_at	1432	MAPK14	6
211088_s_at	10733	PLK4	4
211089_s_at	4752	NEK3	13
211090_s_at	8899	PRPF4B	6
211091_s_at	4771	NF2	22
211092_s_at	4771	NF2	22
211093_at	5146	PDE6C	10
211094_s_at	4763	NF1	17
211095_at	4763	NF1	17
211096_at	5089	PBX2	6
211097_s_at	5089	PBX2	6
211098_x_at	54499	TMCO1	1
211099_s_at	1258	CNGB1	16
211100_x_at	11027	LILRA2	19
211101_x_at	11027	LILRA2	19
211102_s_at	11027	LILRA2	19
211103_at	4647	MYO7A	11
211104_s_at	4647	MYO7A	11
211105_s_at	4772	NFATC1	18
211106_at	8464	SUPT3H	6
211107_s_at	6795	AURKC	19
211108_s_at	3718	JAK3	19
211109_at	3718	JAK3	19
211110_s_at	367	AR	X
211111_at	100128124	HGC6.3	6
211112_at	6560	SLC12A4	16
211113_s_at	9619	ABCG1	21
211114_x_at	8487	GEMIN2	14
211115_x_at	8487	GEMIN2	14
211116_at	6549	SLC9A2	2
211117_x_at	2100	ESR2	14
211118_x_at	2100	ESR2	14
211119_at	2100	ESR2	14
211120_x_at	2100	ESR2	14
211121_s_at	1796	DOK1	2
211122_s_at	6373	CXCL11	4
211123_at	6528	SLC5A5	19
211124_s_at	4254	KITLG	12
211125_x_at	2902	GRIN1	9
211126_s_at	1466	CSRP2	12
211127_x_at	1896	EDA	X
211128_at	1896	EDA	X
211129_x_at	1896	EDA	X
211130_x_at	1896	EDA	X
211131_s_at	1896	EDA	X
211132_at	65123	INTS3	1
211136_s_at	1209	CLPTM1	19
211137_s_at	27032	ATP2C1	3
211138_s_at	8564	KMO	1
211139_s_at	4664	NAB1	2
211140_s_at	835	CASP2	7
211141_s_at	4849	CNOT3	19
211142_x_at	3111	HLA-DOA	6
211143_x_at	3164	NR4A1	12
211145_x_at	3452	IFNA21	9
211146_at	3514	IGKC	2
211147_s_at	9127	P2RX6	22
211148_s_at	285	ANGPT2	8
211149_at	7404	UTY	Y
211150_s_at	1737	DLAT	11
211151_x_at	2688	GH1	17
211152_s_at	27429	HTRA2	2
211153_s_at	8600	TNFSF11	13
211154_at	7066	THPO	3
211155_s_at	7066	THPO	3
211156_at	1029	CDKN2A	9
211159_s_at	5528	PPP2R5D	6
211160_x_at	87	ACTN1	14
211161_s_at	1281	COL3A1	2
211162_x_at	6319	SCD	10
211163_s_at	8794	TNFRSF10C	8
211164_at	2042	EPHA3	3
211165_x_at	2048	EPHB2	1
211166_at	285596	FAM153A	5
211167_s_at	2645	GCK	7
211168_s_at	5976	UPF1	19
211169_s_at	5506	PPP1R3A	7
211170_s_at	10846	PDE10A	6
211171_s_at	10846	PDE10A	6
211172_x_at	9465	AKAP7	6
211173_at	886	CCKAR	4
211174_s_at	886	CCKAR	4
211175_at	11250	GPR45	2
211176_s_at	5078	PAX4	7
211177_s_at	10587	TXNRD2	22
211178_s_at	9051	PSTPIP1	15
211184_s_at	10083	USH1C	11
211185_s_at	23451	SF3B1	2
211186_s_at	22848	AAK1	2
211188_at	8832	CD84	1
211189_x_at	8832	CD84	1
211190_x_at	8832	CD84	1
211191_at	8832	CD84	1
211192_s_at	8832	CD84	1
211193_at	8626	TP63	3
211194_s_at	8626	TP63	3
211195_s_at	8626	TP63	3
211196_at	1629	DBT	1
211200_s_at	84288	EFCAB2	1
211201_at	2492	FSHR	2
211202_s_at	10765	KDM5B	1
211203_s_at	1272	CNTN1	12
211204_at	4199	ME1	6
211205_x_at	8394	PIP5K1A	1
211207_s_at	23305	ACSL6	5
211208_s_at	8573	CASK	X
211209_x_at	4068	SH2D1A	X
211210_x_at	4068	SH2D1A	X
211211_x_at	4068	SH2D1A	X
211212_s_at	5001	ORC5	7
211213_at	5001	ORC5	7
211214_s_at	1612	DAPK1	9
211215_x_at	1734	DIO2	14
211217_s_at	3784	KCNQ1	11
211219_s_at	9355	LHX2	9
211220_s_at	3298	HSF2	6
211221_at	10474	TADA3	3
211222_s_at	9001	HAP1	17
211223_at	5626	PROP1	5
211224_s_at	8647	ABCB11	2
211225_at	2527	FUT5	19
211226_at	8811	GALR2	17
211228_s_at	5884	RAD17	5
211230_s_at	5293	PIK3CD	1
211231_x_at	1579	CYP4A11	1
211232_x_at	2740	GLP1R	6
211233_x_at	2099	ESR1	6
211234_x_at	2099	ESR1	6
211235_s_at	2099	ESR1	6
211237_s_at	2264	FGFR4	5
211238_at	8756	ADAM7	8
211239_s_at	8756	ADAM7	8
211241_at	305	ANXA2P3	10
211242_x_at	3805	KIR2DL4	19
211245_x_at	3805	KIR2DL4	19
211248_s_at	8646	CHRD	3
211249_at	8111	GPR68	14
211250_s_at	6452	SH3BP2	4
211251_x_at	4802	NFYC	1
211252_x_at	171558	PTCRA	6
211253_x_at	5697	PYY	17
211254_x_at	6005	RHAG	6
211255_x_at	9191	DEDD	1
211256_x_at	11120	BTN2A1	6
211257_x_at	27332	ZNF638	2
211258_s_at	7039	TGFA	2
211259_s_at	655	BMP7	20
211260_at	655	BMP7	20
211261_at	8021	NUP214	9
211262_at	5046	PCSK6	15
211263_s_at	5046	PCSK6	15
211264_at	2572	GAD2	10
211265_at	5733	PTGER3	1
211266_s_at	2828	GPR4	19
211267_at	8820	HESX1	3
211269_s_at	3559	IL2RA	10
211270_x_at	5725	PTBP1	19
211271_x_at	5725	PTBP1	19
211272_s_at	1606	DGKA	12
211273_s_at	6899	TBX1	22
211274_at	6899	TBX1	22
211275_s_at	2992	GYG1	3
211276_at	140597	TCEAL2	X
211277_x_at	351	APP	21
211279_at	4899	NRF1	7
211280_s_at	4899	NRF1	7
211282_x_at	8718	TNFRSF25	1
211284_s_at	2896	GRN	17
211285_s_at	7337	UBE3A	15
211286_x_at	1438	CSF2RA	X
211287_x_at	1438	CSF2RA	X
211295_x_at	1548	CYP2A6	19
211296_x_at	7316	UBC	12
211297_s_at	1022	CDK7	5
211298_s_at	213	ALB	4
211299_s_at	2319	FLOT2	17
211300_s_at	7157	TP53	17
211301_at	3752	KCND3	1
211302_s_at	5142	PDE4B	1
211303_x_at	219595	FOLH1B	11
211304_x_at	3762	KCNJ5	11
211305_x_at	2204	FCAR	19
211306_s_at	2204	FCAR	19
211307_s_at	2204	FCAR	19
211310_at	2145	EZH1	17
211312_s_at	8840	CCN4	8
211313_s_at	9031	BAZ1B	7
211314_at	8913	CACNA1G	17
211315_s_at	8913	CACNA1G	17
211316_x_at	8837	CFLAR	2
211317_s_at	8837	CFLAR	2
211318_s_at	8480	RAE1	20
211319_at	8480	RAE1	20
211320_s_at	10076	PTPRU	1
211322_s_at	1757	SARDH	9
211323_s_at	3708	ITPR1	3
211325_x_at	171220	DSTNP2	12
211326_x_at	3077	HFE	6
211327_x_at	3077	HFE	6
211328_x_at	3077	HFE	6
211329_x_at	3077	HFE	6
211330_s_at	3077	HFE	6
211331_x_at	3077	HFE	6
211332_x_at	3077	HFE	6
211333_s_at	356	FASLG	1
211334_at	4361	MRE11	11
211336_x_at	10859	LILRB1	19
211337_s_at	27229	TUBGCP4	15
211338_at	3440	IFNA2	9
211339_s_at	3702	ITK	5
211340_s_at	4162	MCAM	11
211341_at	5457	POU4F1	13
211342_x_at	9968	MED12	X
211343_s_at	1305	COL13A1	10
211345_x_at	1937	EEF1G	11
211347_at	8555	CDC14B	9
211348_s_at	8555	CDC14B	9
211349_at	6564	SLC15A1	13
211350_s_at	100505879	KIF25-AS1	6
211351_at	100505879	KIF25-AS1	6
211352_s_at	8202	NCOA3	20
211353_at	26103	LRIT1	10
211354_s_at	3953	LEPR	1
211355_x_at	3953	LEPR	1
211356_x_at	3953	LEPR	1
211358_s_at	25792	CIZ1	9
211359_s_at	4988	OPRM1	6
211360_s_at	3709	ITPR2	12
211361_s_at	5275	SERPINB13	18
211362_s_at	5275	SERPINB13	18
211363_s_at	4507	MTAP	9
211364_at	4507	MTAP	9
211365_s_at	56146	PCDHA2	5
211366_x_at	834	CASP1	11
211367_s_at	834	CASP1	11
211368_s_at	834	CASP1	11
211370_s_at	5607	MAP2K5	15
211371_at	5607	MAP2K5	15
211372_s_at	7850	IL1R2	2
211373_s_at	5664	PSEN2	1
211375_s_at	3609	ILF3	19
211376_s_at	54780	NSMCE4A	10
211377_x_at	4613	MYCN	2
211378_x_at	5478	PPIA	7
211379_x_at	8706	B3GALNT1	3
211380_s_at	5592	PRKG1	10
211382_s_at	10579	TACC2	10
211383_s_at	22884	WDR37	10
211384_s_at	846	CASR	3
211385_x_at	6799	SULT1A2	16
211387_x_at	8732	RNGTT	6
211389_x_at	3813	KIR3DS1	19
211390_at	90634	N4BP2L1	13
211391_s_at	23598	PATZ1	22
211392_s_at	23598	PATZ1	22
211393_at	23598	PATZ1	22
211395_x_at	9103	FCGR2C	1
211396_at	9103	FCGR2C	1
211397_x_at	3803	KIR2DL2	19
211398_at	2263	FGFR2	10
211399_at	2263	FGFR2	10
211400_at	2263	FGFR2	10
211401_s_at	2263	FGFR2	10
211402_x_at	2649	NR6A1	9
211403_x_at	51480	VCX2	X
211404_s_at	334	APLP2	11
211405_x_at	3451	IFNA17	9
211406_at	51124	IER3IP1	18
211407_at	4713	NDUFB7	19
211412_at	23569	PADI4	1
211413_s_at	23569	PADI4	1
211414_at	2744	GLS	2
211416_x_at	92086	GGTLC1	20
211419_s_at	1124	CHN2	7
211421_s_at	5979	RET	10
211422_at	80036	TRPM3	9
211423_s_at	6309	SC5D	11
211424_x_at	25840	TMT1A	12
211426_x_at	2776	GNAQ	9
211427_s_at	3769	KCNJ13	2
211428_at	5265	SERPINA1	14
211429_s_at	5265	SERPINA1	14
211431_s_at	7301	TYRO3	15
211432_s_at	7301	TYRO3	15
211433_x_at	80256	ATOSB	9
211434_s_at	9034	CCRL2	3
211438_at	7201	TRHR	8
211439_at	6432	SRSF7	2
211440_x_at	64816	CYP3A43	7
211441_x_at	64816	CYP3A43	7
211442_x_at	64816	CYP3A43	7
211444_at	6613	SUMO2	17
211445_x_at	83955	NACA4P	8
211446_at	353299	RGSL1	1
211447_s_at	5141	PDE4A	19
211448_s_at	9628	RGS6	14
211449_at	2956	MSH6	2
211450_s_at	2956	MSH6	2
211451_s_at	3761	KCNJ4	22
211452_x_at	9208	LRRFIP1	2
211453_s_at	208	AKT2	19
211454_x_at	400949	FKSG49	5
211456_x_at	645745	MT1HL1	1
211457_at	23766	GABARAPL3	15
211461_at	114758	CSPG4P1Y	Y
211462_s_at	90665	TBL1Y	Y
211463_at	84107	ZIC4	3
211464_x_at	839	CASP6	4
211465_x_at	2528	FUT6	19
211466_at	4781	NFIB	9
211467_s_at	4781	NFIB	9
211468_s_at	9400	RECQL5	17
211469_s_at	10663	CXCR6	3
211470_s_at	6819	SULT1C2	2
211471_s_at	9609	RAB36	22
211472_at	23654	PLXNB2	22
211473_s_at	1288	COL4A6	X
211474_s_at	5269	SERPINB6	6
211475_s_at	573	BAG1	9
211476_at	51778	MYOZ2	4
211478_s_at	1803	DPP4	2
211479_s_at	3358	HTR2C	X
211480_s_at	6579	SLCO1A2	12
211481_at	6579	SLCO1A2	12
211483_x_at	816	CAMK2B	7
211484_s_at	1826	DSCAM	21
211485_s_at	8817	FGF18	5
211486_s_at	3785	KCNQ2	20
211487_x_at	6218	RPS17	15
211488_s_at	3696	ITGB8	7
211489_at	148	ADRA1A	8
211490_at	148	ADRA1A	8
211491_at	148	ADRA1A	8
211492_s_at	148	ADRA1A	8
211493_x_at	1837	DTNA	18
211494_s_at	8671	SLC4A4	4
211496_s_at	5132	PDC	1
211497_x_at	4824	NKX3-1	8
211498_s_at	4824	NKX3-1	8
211499_s_at	5600	MAPK11	22
211500_at	5600	MAPK11	22
211501_s_at	8662	EIF3B	7
211502_s_at	5218	CDK14	7
211503_s_at	51552	RAB14	9
211504_x_at	9475	ROCK2	2
211505_s_at	6780	STAU1	20
211506_s_at	3576	CXCL8	4
211507_s_at	8897	MTMR3	22
211508_s_at	2689	GH2	17
211509_s_at	57142	RTN4	2
211510_s_at	1395	CRHR2	7
211512_s_at	11054	OGFR	20
211513_s_at	11054	OGFR	20
211514_at	25778	DSTYK	1
211515_s_at	25778	DSTYK	1
211516_at	3568	IL5RA	3
211517_s_at	3568	IL5RA	3
211518_s_at	652	BMP4	14
211519_s_at	11004	KIF2C	1
211520_s_at	2890	GRIA1	5
211521_s_at	27128	CYTH4	22
211522_s_at	2798	GNRHR	4
211523_at	2798	GNRHR	4
211524_at	4791	NFKB2	10
211525_s_at	2814	GP5	3
211527_x_at	7422	VEGFA	6
211528_x_at	3135	HLA-G	6
211529_x_at	3135	HLA-G	6
211530_x_at	3135	HLA-G	6
211531_x_at	5542	PRB1	12
211532_x_at	100132285	KIR2DS2	19
211533_at	5156	PDGFRA	4
211534_x_at	5799	PTPRN2	7
211535_s_at	2260	FGFR1	8
211536_x_at	6885	MAP3K7	6
211537_x_at	6885	MAP3K7	6
211538_s_at	3306	HSPA2	14
211540_s_at	5925	RB1	13
211541_s_at	1859	DYRK1A	21
211542_x_at	6204	RPS10	6
211543_s_at	2870	GRK6	5
211544_s_at	2692	GHRHR	7
211545_at	2692	GHRHR	7
211546_x_at	6622	SNCA	4
211547_s_at	5048	PAFAH1B1	17
211548_s_at	3248	HPGD	4
211549_s_at	3248	HPGD	4
211550_at	1956	EGFR	7
211551_at	1956	EGFR	7
211552_s_at	8659	ALDH4A1	1
211553_x_at	317	APAF1	12
211554_s_at	317	APAF1	12
211555_s_at	2983	GUCY1B1	4
211556_at	10982	MAPRE2	18
211557_x_at	11309	SLCO2B1	11
211558_s_at	1725	DHPS	19
211559_s_at	901	CCNG2	4
211560_s_at	212	ALAS2	X
211561_x_at	1432	MAPK14	6
211562_s_at	25802	LMOD1	1
211563_s_at	8725	URI1	19
211564_s_at	8572	PDLIM4	5
211565_at	6457	SH3GL3	15
211566_x_at	9577	BABAM2	2
211568_at	577	ADGRB3	6
211569_s_at	3033	HADH	4
211570_s_at	5913	RAPSN	11
211571_s_at	1462	VCAN	5
211572_s_at	9962	SLC23A2	20
211573_x_at	7052	TGM2	20
211574_s_at	4179	CD46	1
211575_s_at	7337	UBE3A	15
211576_s_at	6573	SLC19A1	21
211577_s_at	3479	IGF1	12
211578_s_at	6198	RPS6KB1	17
211579_at	3690	ITGB3	17
211580_s_at	8503	PIK3R3	1
211581_x_at	7940	LST1	6
211582_x_at	7940	LST1	6
211583_x_at	259197	NCR3	6
211584_s_at	4863	NPAT	11
211585_at	4863	NPAT	11
211586_s_at	491	ATP2B2	3
211587_x_at	1136	CHRNA3	15
211588_s_at	5371	PML	15
211589_at	5371	PML	15
211590_x_at	6915	TBXA2R	19
211591_s_at	5141	PDE4A	19
211592_s_at	775	CACNA1C	12
211593_s_at	23139	MAST2	1
211594_s_at	65005	MRPL9	1
211595_s_at	64963	MRPS11	15
211596_s_at	26018	LRIG1	3
211597_s_at	84525	HOPX	4
211598_x_at	7434	VIPR2	7
211599_x_at	4233	MET	7
211600_at	5800	PTPRO	12
211602_s_at	7220	TRPC1	3
211603_s_at	2118	ETV4	17
211604_x_at	9001	HAP1	17
211605_s_at	5914	RARA	17
211607_x_at	1956	EGFR	7
211608_at	28584	TRBV10-2	7
211609_x_at	5710	PSMD4	1
211610_at	1316	KLF6	10
211612_s_at	3597	IL13RA1	X
211613_s_at	2820	GPD2	2
211614_at	51581	ERVH-6	Y
211615_s_at	10128	LRPPRC	2
211616_s_at	3356	HTR2A	13
211617_at	228	ALDOAP2	10
211618_s_at	248	ALPI	2
211621_at	367	AR	X
211622_s_at	377	ARF3	12
211623_s_at	2091	FBL	19
211624_s_at	1813	DRD2	11
211625_s_at	1814	DRD3	3
211626_x_at	2078	ERG	21
211627_x_at	2099	ESR1	6
211628_x_at	2509	FTH1P5	6
211630_s_at	2937	GSS	20
211631_x_at	2683	B4GALT1	9
211632_at	8935	SKAP2	7
211633_x_at	3500	IGHG1	14
211635_x_at	28461	IGHV1-69	14
211639_x_at	8935	SKAP2	7
211640_x_at	28461	IGHV1-69	14
211642_at	28409	IGHV3-73	14
211643_x_at	3514	IGKC	2
211644_x_at	3514	IGKC	2
211645_x_at	28937	IGKV1-17	2
211647_x_at	3500	IGHG1	14
211648_at	3500	IGHG1	14
211650_x_at	50802	IGK	2
211651_s_at	3912	LAMB1	7
211652_s_at	3929	LBP	20
211653_x_at	1646	AKR1C2	10
211654_x_at	3119	HLA-DQB1	6
211655_at	3537	IGLC1	22
211656_x_at	3119	HLA-DQB1	6
211657_at	4680	CEACAM6	19
211658_at	7001	PRDX2	19
211659_at	64582	GPR135	14
211660_at	5452	POU2F2	19
211661_x_at	5724	PTAFR	1
211662_s_at	7417	VDAC2	10
211663_x_at	5730	PTGDS	9
211665_s_at	6655	SOS2	14
211666_x_at	6122	RPL3	22
211667_x_at	28673	TRAV12-2	14
211668_s_at	5328	PLAU	10
211670_x_at	10214	SSX3	X
211671_s_at	2908	NR3C1	5
211673_s_at	4337	MOCS1	6
211675_s_at	29969	MDFIC	7
211676_s_at	3459	IFNGR1	6
211677_x_at	57863	CADM3	1
211678_s_at	55905	RNF114	20
211679_x_at	9568	GABBR2	9
211680_at	10611	PDLIM5	4
211681_s_at	10611	PDLIM5	4
211682_x_at	54490	UGT2B28	4
211684_s_at	1781	DYNC1I2	2
211685_s_at	83988	NCALD	8
211686_s_at	84549	MAK16	8
211687_x_at	3811	KIR3DL1	19
211689_s_at	7113	TMPRSS2	21
211690_at	6194	RPS6	9
211692_s_at	27113	BBC3	19
211693_at	3492	IGH	14
211694_at	83942	TSSK1B	5
211695_x_at	4582	MUC1	1
211696_x_at	3043	HBB	11
211697_x_at	56902	PNO1	2
211698_at	23741	EID1	15
211700_s_at	7216	TRO	X
211701_s_at	7216	TRO	X
211702_s_at	84669	USP32	17
211703_s_at	83941	TM2D1	1
211705_s_at	10580	SORBS1	10
211706_s_at	23097	CDK19	6
211707_s_at	9657	IQCB1	3
211708_s_at	6319	SCD	10
211709_s_at	6320	CLEC11A	19
211710_x_at	6124	RPL4	15
211711_s_at	5728	PTEN	10
211712_s_at	8416	ANXA9	1
211713_x_at	9768	PCLAF	15
211714_x_at	203068	TUBB	6
211715_s_at	622	BDH1	3
211716_x_at	396	ARHGDIA	17
211717_at	91369	ANKRD40	17
211718_at	84789	MGC2889	3
211719_x_at	2335	FN1	2
211720_x_at	6175	RPLP0	12
211721_s_at	90233	ZNF551	19
211722_s_at	10013	HDAC6	X
211724_x_at	54468	MIOS	7
211725_s_at	637	BID	22
211726_s_at	2327	FMO2	1
211727_s_at	1353	COX11	17
211728_s_at	8372	HYAL3	3
211729_x_at	644	BLVRA	7
211730_s_at	5441	POLR2L	11
211731_x_at	10214	SSX3	X
211732_x_at	3176	HNMT	2
211733_x_at	6342	SCP2	1
211734_s_at	2205	FCER1A	1
211735_x_at	6440	SFTPC	8
211736_at	6668	SP2	17
211737_x_at	5764	PTN	7
211738_x_at	10136	CELA3A	1
211740_at	3382	ICA1	7
211741_x_at	5671	PSG3	19
211742_s_at	2124	EVI2B	17
211743_s_at	5553	PRG2	11
211744_s_at	965	CD58	1
211746_x_at	5682	PSMA1	11
211747_s_at	23658	LSM5	7
211748_x_at	5730	PTGDS	9
211749_s_at	9341	VAMP3	1
211750_x_at	84790	TUBA1C	12
211752_s_at	374291	NDUFS7	19
211753_s_at	6013	RLN1	9
211754_s_at	10478	SLC25A17	22
211755_s_at	515	ATP5PB	1
211756_at	5744	PTHLH	12
211758_x_at	10190	TXNDC9	2
211759_x_at	1155	TBCB	19
211760_s_at	8674	VAMP4	1
211761_s_at	27101	CACYBP	1
211762_s_at	3838	KPNA2	17
211763_s_at	7320	UBE2B	5
211764_s_at	7321	UBE2D1	10
211765_x_at	5478	PPIA	7
211766_s_at	5408	PNLIPRP2	10
211767_at	84296	GINS4	8
211768_at	7462	LAT2	7
211769_x_at	10955	SERINC3	20
211771_s_at	5452	POU2F2	19
211772_x_at	1136	CHRNA3	15
211773_s_at	80317	ZKSCAN3	6
211774_s_at	25974	MMACHC	1
211776_s_at	23136	EPB41L3	18
211778_s_at	58495	OVOL2	20
211779_x_at	161	AP2A2	11
211780_x_at	1639	DCTN1	2
211782_at	3423	IDS	X
211783_s_at	9112	MTA1	14
211784_s_at	6426	SRSF1	17
211786_at	3604	TNFRSF9	1
211788_s_at	11219	TREX2	X
211789_s_at	22877	MLXIP	12
211790_s_at	8085	KMT2D	12
211791_s_at	8514	KCNAB2	1
211792_s_at	1031	CDKN2C	1
211793_s_at	10152	ABI2	2
211794_at	2533	FYB1	5
211795_s_at	2533	FYB1	5
211797_s_at	4802	NFYC	1
211798_x_at	28831	IGLJ3	22
211799_x_at	3107	HLA-C	6
211800_s_at	7375	USP4	3
211801_x_at	55669	MFN1	3
211802_x_at	8913	CACNA1G	17
211803_at	1017	CDK2	12
211804_s_at	1017	CDK2	12
211805_s_at	6546	SLC8A1	2
211806_s_at	3772	KCNJ15	21
211807_x_at	56101	PCDHGB5	5
211808_s_at	1387	CREBBP	16
211809_x_at	1305	COL13A1	10
211810_s_at	2581	GALC	14
211811_s_at	56142	PCDHA6	5
211812_s_at	8706	B3GALNT1	3
211813_x_at	1634	DCN	12
211814_s_at	9134	CCNE2	8
211815_s_at	23163	GGA3	17
211816_x_at	2204	FCAR	19
211817_s_at	3762	KCNJ5	11
211819_s_at	10580	SORBS1	10
211820_x_at	2993	GYPA	4
211821_x_at	2993	GYPA	4
211822_s_at	22861	NLRP1	17
211823_s_at	5829	PXN	12
211824_x_at	22861	NLRP1	17
211825_s_at	2313	FLI1	11
211826_s_at	4299	AFF1	4
211827_s_at	3752	KCND3	1
211828_s_at	23043	TNIK	3
211829_s_at	2852	GPER1	7
211830_s_at	8911	CACNA1I	22
211831_s_at	7066	THPO	3
211832_s_at	4193	MDM2	12
211833_s_at	581	BAX	19
211834_s_at	8626	TP63	3
211835_at	28299	IGKV1-5	2
211836_s_at	4340	MOG	6
211837_s_at	171558	PTCRA	6
211838_x_at	56143	PCDHA5	5
211839_s_at	1435	CSF1	1
211840_s_at	5144	PDE4D	5
211841_s_at	8718	TNFRSF25	1
211842_s_at	9187	SLC24A1	15
211843_x_at	100861540	CYP3A7-CYP3A51P	7
211844_s_at	8828	NRP2	2
211845_at	5818	NECTIN1	11
211846_s_at	5818	NECTIN1	11
211848_s_at	1087	CEACAM7	19
211849_s_at	8732	RNGTT	6
211851_x_at	672	BRCA1	17
211852_s_at	8455	ATRN	20
211855_s_at	9016	SLC25A14	X
211856_x_at	940	CD28	2
211858_x_at	2778	GNAS	20
211861_x_at	940	CD28	2
211862_x_at	8837	CFLAR	2
211863_x_at	3077	HFE	6
211864_s_at	26509	MYOF	10
211865_s_at	51343	FZR1	19
211866_x_at	3077	HFE	6
211867_s_at	56139	PCDHA10	5
211870_s_at	56145	PCDHA3	5
211871_x_at	10681	GNB5	15
211872_s_at	8786	RGS11	16
211873_s_at	56107	PCDHGA9	5
211874_s_at	23522	KAT6B	10
211875_x_at	56106	PCDHGA10	5
211876_x_at	56105	PCDHGA11	5
211877_s_at	56105	PCDHGA11	5
211879_x_at	56112	PCDHGA3	5
211880_x_at	56114	PCDHGA1	5
211881_x_at	28831	IGLJ3	22
211882_x_at	2528	FUT6	19
211883_x_at	634	CEACAM1	19
211884_s_at	4261	CIITA	16
211885_x_at	2528	FUT6	19
211886_s_at	6910	TBX5	12
211887_x_at	4481	MSR1	8
211888_x_at	843	CASP10	2
211889_x_at	634	CEACAM1	19
211890_x_at	825	CAPN3	15
211891_s_at	50649	ARHGEF4	2
211892_s_at	5740	PTGIS	20
211893_x_at	923	CD6	11
211894_x_at	23544	SEZ6L	22
211896_s_at	1634	DCN	12
211898_s_at	2047	EPHB1	3
211899_s_at	9618	TRAF4	17
211900_x_at	923	CD6	11
211901_s_at	5141	PDE4A	19
211902_x_at	10730	YME1L1	10
211903_s_at	4352	MPL	1
211904_x_at	5893	RAD52	12
211905_s_at	3691	ITGB4	17
211906_s_at	6318	SERPINB4	18
211907_s_at	84612	PARD6B	20
211908_x_at	50802	IGK	2
211909_x_at	5733	PTGER3	1
211911_x_at	3106	HLA-B	6
211912_at	10461	MERTK	2
211913_s_at	10461	MERTK	2
211914_x_at	4763	NF1	17
211915_s_at	56604	TUBB7P	4
211916_s_at	4640	MYO1A	12
211917_s_at	5618	PRLR	5
211918_x_at	60676	PAPPA2	1
211919_s_at	7852	CXCR4	2
211920_at	629	CFB	6
211921_x_at	5757	PTMA	2
211922_s_at	847	CAT	11
211923_s_at	57573	ZNF471	19
211924_s_at	5329	PLAUR	19
211925_s_at	23236	PLCB1	20
211926_s_at	4627	MYH9	22
211927_x_at	1937	EEF1G	11
211928_at	1778	DYNC1H1	14
211929_at	220988	HNRNPA3	2
211930_at	220988	HNRNPA3	2
211932_at	220988	HNRNPA3	2
211934_x_at	23193	GANAB	11
211935_at	23204	ARL6IP1	16
211936_at	3309	HSPA5	9
211937_at	1975	EIF4B	12
211938_at	1975	EIF4B	12
211939_x_at	689	BTF3	5
211941_s_at	5037	PEBP1	12
211943_x_at	7178	TPT1	13
211944_at	23215	PRRC2C	1
211945_s_at	3688	ITGB1	10
211946_s_at	23215	PRRC2C	1
211947_s_at	23215	PRRC2C	1
211948_x_at	23215	PRRC2C	1
211949_s_at	9221	NOLC1	10
211950_at	23352	UBR4	1
211951_at	9221	NOLC1	10
211952_at	3843	IPO5	13
211953_s_at	3843	IPO5	13
211954_s_at	3843	IPO5	13
211955_at	3843	IPO5	13
211956_s_at	10209	EIF1	17
211958_at	3488	IGFBP5	2
211959_at	3488	IGFBP5	2
211960_s_at	7879	RAB7A	3
211961_s_at	7879	RAB7A	3
211962_s_at	677	ZFP36L1	14
211963_s_at	10092	ARPC5	1
211964_at	1284	COL4A2	13
211965_at	677	ZFP36L1	14
211966_at	1284	COL4A2	13
211967_at	114908	TMEM123	11
211968_s_at	3320	HSP90AA1	14
211969_at	3320	HSP90AA1	14
211970_x_at	71	ACTG1	17
211971_s_at	10128	LRPPRC	2
211972_x_at	6175	RPLP0	12
211973_at	11165	NUDT3	6
211974_x_at	3516	RBPJ	4
211975_at	84364	ARFGAP2	11
211976_at	11165	NUDT3	6
211977_at	57720	GPR107	9
211978_x_at	5478	PPIA	7
211979_at	57720	GPR107	9
211980_at	1282	COL4A1	13
211981_at	1282	COL4A1	13
211982_x_at	23214	XPO6	16
211983_x_at	71	ACTG1	17
211986_at	79026	AHNAK	11
211987_at	7155	TOP2B	3
211988_at	6605	SMARCE1	17
211989_at	6605	SMARCE1	17
211990_at	3113	HLA-DPA1	6
211991_s_at	3113	HLA-DPA1	6
211992_at	65125	WNK1	12
211993_at	65125	WNK1	12
211994_at	65125	WNK1	12
211995_x_at	71	ACTG1	17
211997_x_at	3021	H3-3B	17
211998_at	3021	H3-3B	17
211999_at	3021	H3-3B	17
212000_at	10147	SUGP2	19
212001_at	10147	SUGP2	19
212002_at	26099	SZRD1	1
212003_at	26099	SZRD1	1
212004_at	26099	SZRD1	1
212005_at	26099	SZRD1	1
212006_at	23190	UBXN4	2
212007_at	23190	UBXN4	2
212008_at	23190	UBXN4	2
212009_s_at	10963	STIP1	11
212010_s_at	55573	CDV3	3
212012_at	7837	PXDN	2
212013_at	7837	PXDN	2
212014_x_at	960	CD44	11
212015_x_at	5725	PTBP1	19
212016_s_at	5725	PTBP1	19
212017_at	130074	FAM168B	2
212018_s_at	26156	RSL1D1	16
212019_at	26156	RSL1D1	16
212020_s_at	4288	MKI67	10
212021_s_at	4288	MKI67	10
212022_s_at	4288	MKI67	10
212023_s_at	4288	MKI67	10
212024_x_at	2314	FLII	17
212025_s_at	2314	FLII	17
212026_s_at	23265	EXOC7	17
212027_at	58517	RBM25	14
212028_at	58517	RBM25	14
212030_at	58517	RBM25	14
212031_at	58517	RBM25	14
212032_s_at	53635	PTOV1	19
212033_at	58517	RBM25	14
212034_s_at	23265	EXOC7	17
212035_s_at	23265	EXOC7	17
212036_s_at	5411	PNN	14
212037_at	5411	PNN	14
212038_s_at	7416	VDAC1	5
212039_x_at	6122	RPL3	22
212040_at	10618	TGOLN2	2
212041_at	9114	ATP6V0D1	16
212042_x_at	6129	RPL7	8
212043_at	10618	TGOLN2	2
212044_s_at	6157	RPL27A	11
212045_at	2734	GLG1	16
212046_x_at	5595	MAPK3	16
212047_s_at	26001	RNF167	17
212048_s_at	8565	YARS1	1
212049_at	147179	WIPF2	17
212050_at	147179	WIPF2	17
212051_at	147179	WIPF2	17
212052_s_at	23061	TBC1D9B	5
212053_at	23042	PDXDC1	16
212054_x_at	23061	TBC1D9B	5
212055_at	25941	TPGS2	18
212056_at	23199	GSE1	16
212057_at	23199	GSE1	16
212058_at	23350	U2SURP	3
212059_s_at	26133	TRPC4AP	20
212060_at	23350	U2SURP	3
212061_at	23350	U2SURP	3
212062_at	10079	ATP9A	20
212063_at	960	CD44	11
212064_x_at	4150	MAZ	16
212065_s_at	9736	USP34	2
212066_s_at	9736	USP34	2
212067_s_at	715	C1R	12
212068_s_at	84726	PRRC2B	9
212069_s_at	84726	PRRC2B	9
212070_at	9289	ADGRG1	16
212071_s_at	6711	SPTBN1	2
212072_s_at	1457	CSNK2A1	20
212073_at	1457	CSNK2A1	20
212074_at	23353	SUN1	7
212075_s_at	1457	CSNK2A1	20
212076_at	4297	KMT2A	11
212077_at	800	CALD1	7
212078_s_at	4297	KMT2A	11
212079_s_at	4297	KMT2A	11
212080_at	4297	KMT2A	11
212081_x_at	7916	PRRC2A	6
212082_s_at	4637	MYL6	12
212083_at	113419	TEX261	2
212084_at	113419	TEX261	2
212085_at	293	SLC25A6	X
212086_x_at	4000	LMNA	1
212087_s_at	26284	ERAL1	17
212088_at	23203	PMPCA	9
212089_at	4000	LMNA	1
212090_at	2907	GRINA	8
212091_s_at	1291	COL6A1	21
212092_at	23089	PEG10	7
212093_s_at	57509	MTUS1	8
212094_at	23089	PEG10	7
212095_s_at	57509	MTUS1	8
212096_s_at	57509	MTUS1	8
212097_at	857	CAV1	7
212098_at	4249	MGAT5	2
212099_at	388	RHOB	2
212100_s_at	84271	POLDIP3	22
212101_at	23633	KPNA6	1
212102_s_at	23633	KPNA6	1
212103_at	23633	KPNA6	1
212104_s_at	23543	RBFOX2	22
212105_s_at	1660	DHX9	1
212106_at	23197	FAF2	5
212107_s_at	1660	DHX9	1
212108_at	23197	FAF2	5
212109_at	90861	JPT2	16
212110_at	23516	SLC39A14	8
212111_at	23673	STX12	1
212112_s_at	23673	STX12	1
212113_at	552889	ATXN7L3B	12
212114_at	552889	ATXN7L3B	12
212115_at	90861	JPT2	16
212116_at	5987	TRIM27	6
212117_at	23433	RHOQ	2
212118_at	5987	TRIM27	6
212119_at	23433	RHOQ	2
212120_at	23433	RHOQ	2
212121_at	26123	TCTN3	10
212122_at	23433	RHOQ	2
212123_at	26123	TCTN3	10
212124_at	57178	ZMIZ1	10
212125_at	5905	RANGAP1	22
212126_at	23468	CBX5	12
212127_at	5905	RANGAP1	22
212128_s_at	1605	DAG1	3
212129_at	81614	NIPA2	15
212130_x_at	10209	EIF1	17
212131_at	26065	LSM14A	19
212132_at	26065	LSM14A	19
212133_at	81614	NIPA2	15
212134_at	23187	PHLDB1	11
212135_s_at	493	ATP2B4	1
212136_at	493	ATP2B4	1
212137_at	23367	LARP1	5
212138_at	23244	PDS5A	4
212139_at	10985	GCN1	12
212140_at	23244	PDS5A	4
212141_at	4173	MCM4	8
212142_at	4173	MCM4	8
212143_s_at	3486	IGFBP3	7
212144_at	25777	SUN2	22
212145_at	23107	MRPS27	5
212146_at	23207	PLEKHM2	1
212147_at	23381	SMG5	1
212148_at	5087	PBX1	1
212149_at	23167	EFR3A	8
212150_at	23167	EFR3A	8
212151_at	5087	PBX1	1
212152_x_at	8289	ARID1A	1
212153_at	23126	POGZ	1
212154_at	6383	SDC2	8
212155_at	149603	RNF187	1
212156_at	23339	VPS39	15
212157_at	6383	SDC2	8
212158_at	6383	SDC2	8
212159_x_at	161	AP2A2	11
212160_at	11260	XPOT	12
212161_at	161	AP2A2	11
212162_at	57498	KIDINS220	2
212163_at	57498	KIDINS220	2
212166_at	23039	XPO7	8
212167_s_at	6598	SMARCB1	22
212168_at	10137	RBM12	20
212169_at	11328	FKBP9	7
212170_at	10137	RBM12	20
212171_x_at	7422	VEGFA	6
212172_at	204	AK2	1
212173_at	204	AK2	1
212174_at	204	AK2	1
212175_s_at	204	AK2	1
212176_at	25957	PNISR	6
212177_at	25957	PNISR	6
212179_at	25957	PNISR	6
212180_at	1399	CRKL	22
212181_s_at	11163	NUDT4	12
212182_at	11163	NUDT4	12
212183_at	11163	NUDT4	12
212184_s_at	23118	TAB2	6
212185_x_at	4502	MT2A	16
212186_at	31	ACACA	17
212187_x_at	5730	PTGDS	9
212188_at	115207	KCTD12	13
212189_s_at	25839	COG4	16
212190_at	5270	SERPINE2	2
212191_x_at	6137	RPL13	16
212192_at	115207	KCTD12	13
212193_s_at	23367	LARP1	5
212194_s_at	9777	TM9SF4	20
212195_at	3572	IL6ST	5
212196_at	3572	IL6ST	5
212197_x_at	23164	MPRIP	17
212198_s_at	9777	TM9SF4	20
212199_at	114932	MRFAP1L1	4
212200_at	23141	ANKLE2	12
212201_at	23141	ANKLE2	12
212202_s_at	25963	TMEM87A	15
212203_x_at	10410	IFITM3	11
212204_at	25963	TMEM87A	15
212205_at	94239	H2AZ2	7
212206_s_at	94239	H2AZ2	7
212207_at	23389	MED13L	12
212208_at	23389	MED13L	12
212209_at	23389	MED13L	12
212210_at	26173	INTS1	7
212211_at	26057	ANKRD17	4
212212_s_at	26173	INTS1	7
212213_x_at	4976	OPA1	3
212214_at	4976	OPA1	3
212215_at	9581	PREPL	2
212216_at	9581	PREPL	2
212217_at	9581	PREPL	2
212218_s_at	2194	FASN	17
212219_at	23198	PSME4	2
212220_at	23198	PSME4	2
212221_x_at	3423	IDS	X
212222_at	23198	PSME4	2
212223_at	3423	IDS	X
212224_at	216	ALDH1A1	9
212225_at	10209	EIF1	17
212226_s_at	8613	PLPP3	1
212227_x_at	10209	EIF1	17
212228_s_at	57017	COQ9	16
212229_s_at	23014	FBXO21	12
212230_at	8613	PLPP3	1
212231_at	23014	FBXO21	12
212232_at	23360	FNBP4	11
212233_at	4131	MAP1B	5
212234_at	171023	ASXL1	20
212235_at	23129	PLXND1	3
212236_x_at	3872	KRT17	17
212237_at	171023	ASXL1	20
212238_at	171023	ASXL1	20
212239_at	5295	PIK3R1	5
212240_s_at	5295	PIK3R1	5
212242_at	7277	TUBA4A	2
212245_at	90411	MCFD2	2
212246_at	90411	MCFD2	2
212247_at	23165	NUP205	7
212248_at	92140	MTDH	8
212249_at	5295	PIK3R1	5
212250_at	92140	MTDH	8
212251_at	92140	MTDH	8
212252_at	10645	CAMKK2	12
212253_x_at	667	DST	6
212254_s_at	667	DST	6
212255_s_at	27032	ATP2C1	3
212256_at	55568	GALNT10	5
212257_s_at	6595	SMARCA2	9
212258_s_at	6595	SMARCA2	9
212259_s_at	57326	PBXIP1	1
212260_at	26058	GIGYF2	2
212261_at	26058	GIGYF2	2
212262_at	9444	QKI	6
212263_at	9444	QKI	6
212264_s_at	23063	WAPL	10
212265_at	9444	QKI	6
212266_s_at	6430	SRSF5	14
212267_at	23063	WAPL	10
212268_at	1992	SERPINB1	6
212269_s_at	8888	MCM3AP	21
212271_at	5594	MAPK1	22
212272_at	23175	LPIN1	2
212273_x_at	2778	GNAS	20
212274_at	23175	LPIN1	2
212275_s_at	10847	SRCAP	16
212276_at	23175	LPIN1	2
212277_at	9110	MTMR4	17
212278_x_at	7337	UBE3A	15
212279_at	27346	TMEM97	17
212280_x_at	23192	ATG4B	2
212281_s_at	27346	TMEM97	17
212282_at	27346	TMEM97	17
212283_at	375790	AGRN	1
212284_x_at	7178	TPT1	13
212285_s_at	375790	AGRN	1
212286_at	23253	ANKRD12	18
212287_at	23512	SUZ12	17
212288_at	23048	FNBP1	9
212289_at	23253	ANKRD12	18
212290_at	6541	SLC7A1	13
212291_at	204851	HIPK1	1
212292_at	6541	SLC7A1	13
212293_at	204851	HIPK1	1
212294_at	55970	GNG12	1
212295_s_at	6541	SLC7A1	13
212296_at	10213	PSMD14	2
212297_at	79572	ATP13A3	3
212298_at	8829	NRP1	10
212299_at	91754	NEK9	14
212300_at	200081	TXLNA	1
212301_at	23168	RTF1	15
212302_at	23168	RTF1	15
212303_x_at	8570	KHSRP	19
212305_s_at	375056	MIA3	1
212306_at	23122	CLASP2	3
212307_s_at	8473	OGT	X
212308_at	23122	CLASP2	3
212309_at	23122	CLASP2	3
212310_at	375056	MIA3	1
212311_at	23231	SEL1L3	4
212312_at	598	BCL2L1	20
212313_at	91782	CHMP7	8
212314_at	23231	SEL1L3	4
212315_s_at	23225	NUP210	3
212316_at	23225	NUP210	3
212317_at	23534	TNPO3	7
212318_at	23534	TNPO3	7
212319_at	9905	SGSM2	17
212320_at	203068	TUBB	6
212321_at	8879	SGPL1	10
212322_at	8879	SGPL1	10
212323_s_at	55187	VPS13D	1
212324_s_at	55187	VPS13D	1
212325_at	22998	LIMCH1	4
212326_at	55187	VPS13D	1
212327_at	22998	LIMCH1	4
212328_at	22998	LIMCH1	4
212329_at	22937	SCAP	3
212330_at	7027	TFDP1	13
212331_at	5934	RBL2	16
212332_at	5934	RBL2	16
212333_at	25940	FAM98A	2
212334_at	2799	GNS	12
212335_at	2799	GNS	12
212336_at	2036	EPB41L1	20
212337_at	55000	TUG1	22
212338_at	4642	MYO1D	17
212339_at	2036	EPB41L1	20
212340_at	286451	YIPF6	X
212341_at	286451	YIPF6	X
212342_at	286451	YIPF6	X
212343_at	286451	YIPF6	X
212344_at	23213	SULF1	8
212345_s_at	64764	CREB3L2	7
212346_s_at	10608	MXD4	4
212347_x_at	10608	MXD4	4
212348_s_at	23028	KDM1A	1
212349_at	23509	POFUT1	20
212350_at	23216	TBC1D1	4
212351_at	8893	EIF2B5	3
212352_s_at	10972	TMED10	14
212353_at	23213	SULF1	8
212354_at	23213	SULF1	8
212355_at	23351	KHNYN	14
212356_at	23351	KHNYN	14
212357_at	23201	FAM168A	11
212358_at	25999	CLIP3	19
212359_s_at	23053	ZSWIM8	10
212360_at	271	AMPD2	1
212361_s_at	488	ATP2A2	12
212362_at	488	ATP2A2	12
212363_x_at	71	ACTG1	17
212364_at	4430	MYO1B	2
212365_at	4430	MYO1B	2
212366_at	23036	ZNF292	6
212367_at	10116	FEM1B	15
212368_at	23036	ZNF292	6
212369_at	171017	ZNF384	12
212371_at	51029	DESI2	1
212372_at	4628	MYH10	17
212373_at	10116	FEM1B	15
212374_at	10116	FEM1B	15
212375_at	57634	EP400	12
212376_s_at	57634	EP400	12
212377_s_at	4853	NOTCH2	1
212378_at	2618	GART	21
212379_at	2618	GART	21
212380_at	23070	CMTR1	6
212381_at	23358	USP24	1
212382_at	6925	TCF4	18
212383_at	535	ATP6V0A1	17
212385_at	6925	TCF4	18
212386_at	6925	TCF4	18
212387_at	6925	TCF4	18
212388_at	23358	USP24	1
212389_at	6305	SBF1	22
212391_x_at	6189	RPS3A	4
212393_at	6305	SBF1	22
212394_at	23065	EMC1	1
212395_s_at	23065	EMC1	1
212396_s_at	23065	EMC1	1
212397_at	5962	RDX	11
212398_at	5962	RDX	11
212399_s_at	9686	VGLL4	3
212400_at	399665	EEIG1	9
212402_at	23091	ZC3H13	13
212403_at	89910	UBE3B	12
212404_s_at	89910	UBE3B	12
212405_s_at	51603	METTL13	1
212406_s_at	55251	PCMTD2	20
212407_at	51603	METTL13	1
212408_at	26092	TOR1AIP1	1
212409_s_at	26092	TOR1AIP1	1
212410_at	221154	MICU2	13
212411_at	92856	IMP4	2
212412_at	10611	PDLIM5	4
212413_at	23157	SEPTIN6	X
212415_at	23157	SEPTIN6	X
212416_at	9522	SCAMP1	5
212417_at	9522	SCAMP1	5
212418_at	1997	ELF1	13
212419_at	219654	ZCCHC24	10
212420_at	1997	ELF1	13
212421_at	23313	KIAA0930	22
212422_at	22984	PDCD11	10
212423_at	219654	ZCCHC24	10
212424_at	22984	PDCD11	10
212425_at	9522	SCAMP1	5
212426_s_at	10971	YWHAQ	2
212427_at	23392	ECPAS	9
212428_at	23392	ECPAS	9
212429_s_at	2976	GTF3C2	2
212430_at	55544	RBM38	20
212431_at	22993	HMGXB3	5
212432_at	80273	GRPEL1	4
212433_x_at	6187	RPS2	16
212434_at	80273	GRPEL1	4
212435_at	51592	TRIM33	1
212436_at	51592	TRIM33	1
212437_at	1059	CENPB	20
212438_at	11017	SNRNP27	2
212439_at	9807	IP6K1	3
212440_at	11017	SNRNP27	2
212441_at	9778	KIAA0232	4
212442_s_at	253782	CERS6	2
212443_at	23218	NBEAL2	3
212444_at	9052	GPRC5A	12
212445_s_at	23327	NEDD4L	18
212446_s_at	253782	CERS6	2
212447_at	25948	KBTBD2	7
212448_at	23327	NEDD4L	18
212449_s_at	10434	LYPLA1	8
212450_at	9728	SECISBP2L	15
212451_at	9728	SECISBP2L	15
212452_x_at	23522	KAT6B	10
212453_at	26128	KIFBP	10
212454_x_at	9987	HNRNPDL	4
212455_at	91746	YTHDC1	4
212456_at	23277	CLUH	17
212457_at	7030	TFE3	X
212458_at	200734	SPRED2	2
212459_x_at	8801	SUCLG2	3
212460_at	171546	SPTSSA	14
212461_at	51582	AZIN1	8
212462_at	23522	KAT6B	10
212463_at	966	CD59	11
212464_s_at	2335	FN1	2
212465_at	84193	SETD3	14
212466_at	200734	SPRED2	2
212467_at	23317	DNAJC13	3
212468_at	9043	SPAG9	17
212469_at	25836	NIPBL	5
212470_at	9043	SPAG9	17
212471_at	23080	AVL9	7
212472_at	9645	MICAL2	11
212473_s_at	9645	MICAL2	11
212474_at	23080	AVL9	7
212475_at	23080	AVL9	7
212476_at	23527	ACAP2	3
212477_at	23527	ACAP2	3
212478_at	64795	RMND5A	2
212479_s_at	64795	RMND5A	2
212480_at	23384	SPECC1L	22
212481_s_at	7171	TPM4	19
212482_at	64795	RMND5A	2
212483_at	25836	NIPBL	5
212484_at	23625	FAM89B	11
212485_at	23131	GPATCH8	17
212486_s_at	2534	FYN	6
212487_at	23131	GPATCH8	17
212488_at	1289	COL5A1	9
212489_at	1289	COL5A1	9
212490_at	22826	DNAJC8	1
212491_s_at	22826	DNAJC8	1
212492_s_at	23030	KDM4B	19
212493_s_at	29072	SETD2	3
212494_at	23371	TNS2	12
212495_at	23030	KDM4B	19
212496_s_at	23030	KDM4B	19
212497_at	93487	MAPK1IP1L	14
212498_at	10299	MARCHF6	5
212500_at	84890	ADO	10
212501_at	1051	CEBPB	20
212502_at	84890	ADO	10
212503_s_at	22982	DIP2C	10
212504_at	22982	DIP2C	10
212505_s_at	23383	MAU2	19
212506_at	8301	PICALM	11
212507_at	23505	TMEM131	2
212508_at	64112	MOAP1	14
212509_s_at	439921	MXRA7	17
212510_at	23171	GPD1L	3
212511_at	8301	PICALM	11
212512_s_at	10498	CARM1	19
212513_s_at	23032	USP33	1
212514_x_at	1654	DDX3X	X
212515_s_at	1654	DDX3X	X
212516_at	116985	ARAP1	11
212517_at	8455	ATRN	20
212518_at	23396	PIP5K1C	19
212519_at	7324	UBE2E1	3
212520_s_at	6597	SMARCA4	19
212521_s_at	5151	PDE8A	15
212522_at	5151	PDE8A	15
212523_s_at	23514	SPIDR	8
212525_s_at	3014	H2AX	11
212526_at	23111	SPART	13
212527_at	27351	DESI1	22
212528_at	27351	DESI1	22
212529_at	124801	LSM12	17
212530_at	140609	NEK7	1
212531_at	3934	LCN2	9
212532_s_at	124801	LSM12	17
212533_at	7465	WEE1	11
212534_at	7572	ZNF24	18
212535_at	4205	MEF2A	15
212536_at	23200	ATP11B	3
212538_at	23348	DOCK9	13
212539_at	9557	CHD1L	1
212540_at	997	CDC34	19
212541_at	80308	FLAD1	1
212542_s_at	55023	PHIP	6
212543_at	202	CRYBG1	6
212544_at	9326	ZNHIT3	17
212545_s_at	23051	ZHX3	20
212546_s_at	285527	FRYL	4
212547_at	8019	BRD3	9
212548_s_at	285527	FRYL	4
212549_at	6777	STAT5B	17
212550_at	6777	STAT5B	17
212551_at	10486	CAP2	6
212552_at	3241	HPCAL1	2
212553_at	23248	RPRD2	1
212554_at	10486	CAP2	6
212555_at	5575	PRKAR1B	7
212556_at	23513	SCRIB	8
212557_at	26036	ZNF451	6
212558_at	10252	SPRY1	4
212559_at	5575	PRKAR1B	7
212560_at	6653	SORL1	11
212561_at	23258	DENND5A	11
212562_s_at	1522	CTSZ	20
212563_at	23246	BOP1	8
212564_at	23510	KCTD2	17
212565_at	23012	STK38L	12
212566_at	4134	MAP4	3
212567_s_at	4134	MAP4	3
212568_s_at	1737	DLAT	11
212569_at	23347	SMCHD1	18
212570_at	23052	ENDOD1	11
212571_at	57680	CHD8	14
212572_at	23012	STK38L	12
212573_at	23052	ENDOD1	11
212574_x_at	91304	TMEM259	19
212575_at	91304	TMEM259	19
212576_at	23295	MGRN1	16
212577_at	23347	SMCHD1	18
212578_x_at	6218	RPS17	15
212579_at	23347	SMCHD1	18
212580_at	831	CAST	5
212581_x_at	2597	GAPDH	12
212582_at	114882	OSBPL8	12
212583_at	9716	AQR	15
212584_at	9716	AQR	15
212585_at	114882	OSBPL8	12
212586_at	831	CAST	5
212587_s_at	5788	PTPRC	1
212588_at	5788	PTPRC	1
212589_at	22800	RRAS2	11
212590_at	22800	RRAS2	11
212592_at	3512	JCHAIN	4
212593_s_at	27250	PDCD4	10
212594_at	27250	PDCD4	10
212595_s_at	9802	DAZAP2	12
212596_s_at	10042	HMGXB4	22
212597_s_at	10042	HMGXB4	22
212598_at	23001	WDFY3	4
212599_at	26053	AUTS2	7
212600_s_at	7385	UQCRC2	16
212601_at	23140	ZZEF1	17
212602_at	23001	WDFY3	4
212603_at	10240	MRPS31	13
212604_at	10240	MRPS31	13
212605_s_at	11165	NUDT3	6
212606_at	23001	WDFY3	4
212607_at	10000	AKT3	1
212608_s_at	11165	NUDT3	6
212609_s_at	10000	AKT3	1
212610_at	5781	PTPN11	12
212611_at	23220	DTX4	11
212612_at	23186	RCOR1	14
212613_at	11118	BTN3A2	6
212614_at	84159	ARID5B	10
212615_at	80205	CHD9	16
212616_at	80205	CHD9	16
212617_at	23060	ZNF609	15
212618_at	23060	ZNF609	15
212619_at	23306	NEMP1	12
212620_at	23060	ZNF609	15
212621_at	23306	NEMP1	12
212622_at	440026	TMEM41B	11
212623_at	440026	TMEM41B	11
212624_s_at	1123	CHN1	2
212625_at	8677	STX10	19
212626_x_at	3183	HNRNPC	14
212627_s_at	23016	EXOSC7	3
212628_at	5586	PKN2	1
212629_s_at	5586	PKN2	1
212630_at	11336	EXOC3	5
212631_at	8417	STX7	6
212632_at	8417	STX7	6
212633_at	23376	UFL1	6
212634_at	23376	UFL1	6
212635_at	3842	TNPO1	5
212636_at	9444	QKI	6
212637_s_at	11059	WWP1	8
212638_s_at	11059	WWP1	8
212640_at	201562	HACD2	3
212641_at	3097	HIVEP2	6
212642_s_at	3097	HIVEP2	6
212643_at	93487	MAPK1IP1L	14
212644_s_at	93487	MAPK1IP1L	14
212645_x_at	9577	BABAM2	2
212646_at	23180	RFTN1	3
212647_at	6237	RRAS	19
212648_at	54505	DHX29	5
212650_at	23301	EHBP1	2
212651_at	9886	RHOBTB1	10
212652_s_at	8723	SNX4	3
212653_s_at	23301	EHBP1	2
212654_at	7169	TPM2	9
212655_at	23174	ZCCHC14	16
212656_at	10102	TSFM	12
212657_s_at	3557	IL1RN	2
212658_at	10184	LHFPL2	5
212659_s_at	3557	IL1RN	2
212660_at	23338	JADE2	5
212661_x_at	5478	PPIA	7
212662_at	5817	PVR	19
212663_at	23307	FKBP15	9
212664_at	10382	TUBB4A	19
212665_at	25976	TIPARP	3
212666_at	57154	SMURF1	7
212667_at	6678	SPARC	5
212668_at	57154	SMURF1	7
212669_at	818	CAMK2G	10
212670_at	2006	ELN	7
212672_at	472	ATM	11
212673_at	23173	METAP1	4
212674_s_at	22907	DHX30	3
212675_s_at	23177	CEP68	2
212676_at	4763	NF1	17
212677_s_at	23177	CEP68	2
212678_at	4763	NF1	17
212679_at	26608	TBL2	7
212680_x_at	26472	PPP1R14B	11
212681_at	23136	EPB41L3	18
212682_s_at	91289	LMF2	22
212683_at	9673	SLC25A44	1
212684_at	7551	ZNF3	7
212685_s_at	26608	TBL2	7
212686_at	57460	PPM1H	12
212687_at	3987	LIMS1	2
212688_at	5291	PIK3CB	3
212689_s_at	55818	KDM3A	2
212690_at	23259	DDHD2	8
212691_at	23511	NUP188	9
212692_s_at	987	LRBA	4
212693_at	23195	MDN1	6
212694_s_at	5096	PCCB	3
212695_at	1408	CRY2	11
212696_s_at	6047	RNF4	4
212697_at	162427	RETREG3	17
212698_s_at	151011	SEPTIN10	2
212699_at	192683	SCAMP5	15
212701_at	83660	TLN2	15
212702_s_at	23299	BICD2	9
212703_at	83660	TLN2	15
212704_at	23318	TUT4	1
212705_x_at	57104	PNPLA2	11
212706_at	10156	RASA4	7
212708_at	339287	MSL1	17
212709_at	23279	NUP160	11
212710_at	157922	CAMSAP1	9
212711_at	157922	CAMSAP1	9
212712_at	157922	CAMSAP1	9
212713_at	4239	MFAP4	17
212714_at	113251	LARP4	12
212715_s_at	57553	MICAL3	22
212716_s_at	27335	EIF3K	19
212717_at	9842	PLEKHM1	17
212718_at	10914	PAPOLA	14
212719_at	23239	PHLPP1	18
212720_at	10914	PAPOLA	14
212721_at	140890	SREK1	5
212722_s_at	23210	JMJD6	17
212723_at	23210	JMJD6	17
212724_at	390	RND3	2
212725_s_at	55000	TUG1	22
212726_at	5253	PHF2	9
212727_at	1741	DLG3	X
212728_at	1741	DLG3	X
212729_at	1741	DLG3	X
212730_at	23336	SYNM	15
212731_at	157567	ANKRD46	8
212732_at	55384	MEG3	14
212733_at	9711	RUBCN	3
212734_x_at	6137	RPL13	16
212735_at	9711	RUBCN	3
212736_at	89927	BMERB1	16
212737_at	2760	GM2A	5
212738_at	84986	ARHGAP19	10
212739_s_at	4833	NME4	16
212740_at	30849	PIK3R4	3
212741_at	4128	MAOA	X
212742_at	27246	RNF115	1
212743_at	25898	RCHY1	4
212744_at	585	BBS4	15
212745_s_at	585	BBS4	15
212746_s_at	9859	CEP170	1
212747_at	23294	ANKS1A	6
212748_at	57591	MRTFA	22
212749_s_at	25898	RCHY1	4
212750_at	26051	PPP1R16B	20
212751_at	7334	UBE2N	12
212752_at	23332	CLASP1	2
212753_at	10336	PCGF3	4
212754_s_at	23041	MON2	12
212755_at	23041	MON2	12
212756_s_at	23304	UBR2	6
212757_s_at	818	CAMK2G	10
212758_s_at	6935	ZEB1	10
212759_s_at	6934	TCF7L2	10
212760_at	23304	UBR2	6
212761_at	6934	TCF7L2	10
212762_s_at	6934	TCF7L2	10
212763_at	23271	CAMSAP2	1
212764_at	6935	ZEB1	10
212765_at	23271	CAMSAP2	1
212766_s_at	81875	ISG20L2	1
212767_at	92170	MTG1	10
212768_s_at	10562	OLFM4	13
212769_at	7090	TLE3	15
212770_at	7090	TLE3	15
212771_at	221061	FAM171A1	10
212772_s_at	20	ABCA2	9
212773_s_at	9804	TOMM20	1
212774_at	10472	ZBTB18	1
212775_at	23363	OBSL1	2
212776_s_at	23363	OBSL1	2
212777_at	6654	SOS1	2
212778_at	23241	PACS2	14
212779_at	84162	BLTP1	4
212780_at	6654	SOS1	2
212781_at	5930	RBBP6	16
212782_x_at	5439	POLR2J	7
212783_at	5930	RBBP6	16
212784_at	23152	CIC	19
212785_s_at	51574	LARP7	4
212786_at	23274	CLEC16A	16
212787_at	56252	YLPM1	14
212788_x_at	2512	FTL	19
212789_at	23310	NCAPD3	11
212790_x_at	23521	RPL13A	19
212791_at	127703	C1orf216	1
212792_at	23333	DPY19L1	7
212793_at	23500	DAAM2	6
212794_s_at	23325	WASHC4	12
212795_at	23325	WASHC4	12
212796_s_at	23102	TBC1D2B	15
212797_at	6272	SORT1	1
212798_s_at	57037	ANKMY2	7
212799_at	10228	STX6	1
212800_at	10228	STX6	1
212801_at	11113	CIT	12
212802_s_at	26130	GAPVD1	9
212803_at	4665	NAB2	12
212804_s_at	26130	GAPVD1	9
212805_at	158471	PRUNE2	9
212806_at	158471	PRUNE2	9
212807_s_at	6272	SORT1	1
212808_at	84901	NFATC2IP	16
212809_at	84901	NFATC2IP	16
212810_s_at	6509	SLC1A4	2
212811_x_at	6509	SLC1A4	2
212812_at	256987	SERINC5	5
212813_at	83700	JAM3	11
212814_at	23382	AHCYL2	7
212815_at	10973	ASCC3	6
212817_at	25822	DNAJB5	9
212818_s_at	51665	ASB1	2
212819_at	51665	ASB1	2
212820_at	23312	DMXL2	15
212821_at	26030	PLEKHG3	14
212822_at	57493	HEG1	3
212823_s_at	26030	PLEKHG3	14
212824_at	8939	FUBP3	9
212825_at	22976	PAXIP1	7
212826_s_at	293	SLC25A6	X
212827_at	3507	IGHM	14
212828_at	8871	SYNJ2	6
212829_at	5305	PIP4K2A	10
212830_at	1955	MEGF9	9
212831_at	1955	MEGF9	9
212832_s_at	9793	CKAP5	11
212833_at	91137	SLC25A46	5
212834_at	11056	DDX52	17
212835_at	23172	ABRAXAS2	10
212836_at	10714	POLD3	11
212837_at	23172	ABRAXAS2	10
212838_at	23268	DNMBP	10
212839_s_at	6738	RO60	1
212840_at	26043	UBXN7	3
212841_s_at	8495	PPFIBP2	11
212843_at	4684	NCAM1	11
212844_at	23076	RRP1B	21
212845_at	23034	SAMD4A	14
212846_at	23076	RRP1B	21
212847_at	8880	FUBP1	1
212848_s_at	84909	AOPEP	9
212849_at	8312	AXIN1	16
212850_s_at	4038	LRP4	11
212851_at	23142	DCUN1D4	4
212852_s_at	6738	RO60	1
212853_at	23142	DCUN1D4	4
212854_x_at	55672	NBPF1	1
212855_at	23142	DCUN1D4	4
212856_at	23151	GRAMD4	22
212857_x_at	10923	SUB1	5
212858_at	124222	PAQR4	16
212859_x_at	4493	MT1E	16
212860_at	84243	ZDHHC18	1
212861_at	84975	MFSD5	12
212862_at	8760	CDS2	20
212863_x_at	1487	CTBP1	4
212864_at	8760	CDS2	20
212865_s_at	7373	COL14A1	8
212866_at	203069	R3HCC1	8
212867_at	10499	NCOA2	8
212869_x_at	7178	TPT1	13
212870_at	6655	SOS2	14
212871_at	8550	MAPKAPK5	12
212872_s_at	9477	MED20	6
212873_at	23526	ARHGAP45	19
212874_at	348	APOE	19
212875_s_at	25966	C2CD2	21
212876_at	8702	B4GALT4	3
212877_at	3831	KLC1	14
212878_s_at	3831	KLC1	14
212879_x_at	51588	PIAS4	19
212880_at	23335	WDR7	18
212881_at	51588	PIAS4	19
212882_at	23276	KLHL18	3
212883_at	348	APOE	19
212884_x_at	348	APOE	19
212885_at	10199	MPHOSPH10	2
212886_at	26112	CCDC69	5
212887_at	10484	SEC23A	14
212888_at	23405	DICER1	14
212889_x_at	90480	GADD45GIP1	19
212890_at	124565	SLC38A10	17
212891_s_at	90480	GADD45GIP1	19
212892_at	8427	ZNF282	7
212893_at	26009	ZZZ3	1
212894_at	6832	SUPV3L1	10
212895_s_at	29	ABR	17
212896_at	23517	MTREX	5
212897_at	23097	CDK19	6
212898_at	9675	TTI1	20
212899_at	23097	CDK19	6
212900_at	10802	SEC24A	5
212901_s_at	23283	CSTF2T	10
212902_at	10802	SEC24A	5
212904_at	57470	LRRC47	1
212905_at	23283	CSTF2T	10
212906_at	57476	GRAMD1B	11
212907_at	7779	SLC30A1	1
212908_at	23341	DNAJC16	1
212909_at	116372	LYPD1	2
212910_at	57215	THAP11	16
212911_at	23341	DNAJC16	1
212912_at	6196	RPS6KA2	6
212914_at	23492	CBX7	22
212915_at	23024	PDZRN3	3
212916_at	23133	PHF8	X
212917_x_at	5965	RECQL	12
212918_at	5965	RECQL	12
212919_at	167227	DCP2	5
212920_at	5978	REST	4
212921_at	56950	SMYD2	1
212922_s_at	56950	SMYD2	1
212923_s_at	221749	PXDC1	6
212924_s_at	25804	LSM4	19
212925_at	126353	MISP	19
212926_at	23137	SMC5	9
212927_at	23137	SMC5	9
212928_at	23270	TSPYL4	6
212930_at	490	ATP2B1	12
212931_at	6942	TCF20	22
212932_at	22930	RAB3GAP1	2
212933_x_at	6137	RPL13	16
212934_at	137886	UBXN2B	8
212935_at	23263	MCF2L	13
212936_at	83989	ARB2A	5
212937_s_at	1291	COL6A1	21
212938_at	1291	COL6A1	21
212939_at	1291	COL6A1	21
212940_at	1291	COL6A1	21
212942_s_at	57214	CEMIP	15
212943_at	9847	C2CD5	12
212944_at	6526	SLC5A3	21
212945_s_at	23269	MGA	15
212946_at	23078	VWA8	13
212947_at	23315	SLC9A8	20
212948_at	23125	CAMTA2	17
212949_at	23397	NCAPH	2
212950_at	221395	ADGRF5	6
212951_at	221395	ADGRF5	6
212953_x_at	811	CALR	19
212954_at	8798	DYRK4	12
212955_s_at	5438	POLR2I	19
212956_at	23158	TBC1D9	4
212957_s_at	92249	LINC01278	X
212958_x_at	5066	PAM	5
212959_s_at	79158	GNPTAB	12
212960_at	23158	TBC1D9	4
212961_x_at	541578	EOLA2	X
212962_at	85360	SYDE1	19
212963_at	83941	TM2D1	1
212964_at	23119	HIC2	22
212965_at	23119	HIC2	22
212966_at	23119	HIC2	22
212967_x_at	4673	NAP1L1	12
212968_at	5986	RFNG	17
212969_x_at	256364	EML3	11
212970_at	323	APBB2	4
212971_at	833	CARS1	11
212972_x_at	323	APBB2	4
212973_at	22934	RPIA	2
212974_at	22898	DENND3	8
212975_at	22898	DENND3	8
212976_at	23507	LRRC8B	1
212977_at	57007	ACKR3	2
212978_at	23507	LRRC8B	1
212979_s_at	9747	TCAF1	7
212981_s_at	9747	TCAF1	7
212982_at	23390	ZDHHC17	12
212983_at	3265	HRAS	11
212984_at	1386	ATF2	2
212985_at	323	APBB2	4
212986_s_at	11011	TLK2	17
212987_at	26268	FBXO9	6
212988_x_at	71	ACTG1	17
212989_at	259230	SGMS1	10
212990_at	8867	SYNJ1	21
212991_at	26268	FBXO9	6
212992_at	113146	AHNAK2	14
212993_at	138151	NACC2	9
212994_at	57187	THOC2	X
212996_s_at	9875	URB1	21
212997_s_at	11011	TLK2	17
212998_x_at	3119	HLA-DQB1	6
213000_at	23515	MORC3	21
213001_at	23452	ANGPTL2	9
213002_at	4082	MARCKS	6
213003_s_at	23514	SPIDR	8
213004_at	23452	ANGPTL2	9
213005_s_at	23189	KANK1	9
213006_at	1052	CEBPD	8
213007_at	55215	FANCI	15
213008_at	55215	FANCI	15
213009_s_at	4591	TRIM37	17
213010_at	112464	CAVIN3	11
213011_s_at	7167	TPI1	12
213012_at	4734	NEDD4	15
213014_at	9479	MAPK8IP1	11
213015_at	56987	BBX	3
213016_at	56987	BBX	3
213017_at	171586	ABHD3	18
213018_at	57798	GATAD1	7
213019_at	26953	RANBP6	9
213020_at	9527	GOSR1	17
213021_at	9527	GOSR1	17
213022_s_at	7402	UTRN	6
213023_at	7402	UTRN	6
213024_at	7110	TMF1	3
213025_at	55623	THUMPD1	16
213026_at	9140	ATG12	5
213027_at	6738	RO60	1
213028_at	4798	NFRKB	11
213029_at	4781	NFIB	9
213030_s_at	5362	PLXNA2	1
213031_s_at	84942	WDR73	15
213032_at	4781	NFIB	9
213033_s_at	4781	NFIB	9
213034_at	23387	SIK3	11
213035_at	23243	ANKRD28	3
213036_x_at	489	ATP2A3	17
213037_x_at	6780	STAU1	20
213038_at	127544	RNF19B	1
213039_at	23370	ARHGEF18	19
213040_s_at	23467	NPTXR	22
213041_s_at	513	ATP5F1D	19
213042_s_at	489	ATP2A3	17
213043_s_at	9862	MED24	17
213044_at	6093	ROCK1	18
213045_at	23031	MAST3	19
213046_at	8106	PABPN1	14
213047_x_at	6418	SET	9
213049_at	253959	RALGAPA1	14
213050_at	23242	COBL	7
213051_at	56829	ZC3HAV1	7
213052_at	5576	PRKAR2A	3
213053_at	23354	HAUS5	19
213054_at	23354	HAUS5	19
213055_at	961	CD47	3
213056_at	23150	FRMD4B	3
213057_at	91647	ATPAF2	17
213058_at	23331	TTC28	22
213059_at	90993	CREB3L1	11
213060_s_at	1117	CHI3L2	1
213061_s_at	123803	NTAN1	16
213062_at	123803	NTAN1	16
213063_at	79882	ZC3H14	14
213064_at	79882	ZC3H14	14
213065_at	196441	ZFC3H1	12
213066_at	9853	RUSC2	9
213067_at	4628	MYH10	17
213068_at	1805	DPT	1
213069_at	57493	HEG1	3
213070_at	5286	PIK3C2A	11
213071_at	1805	DPT	1
213072_at	50626	ZFTRAF1	8
213073_at	23503	ZFYVE26	14
213074_at	55023	PHIP	6
213075_at	169611	OLFML2A	9
213076_at	80271	ITPKC	19
213077_at	64848	YTHDC2	5
213078_x_at	254531	LPCAT4	15
213079_at	90121	TSR2	X
213080_x_at	6125	RPL5	1
213081_at	9278	ZBTB22	6
213082_s_at	11046	SLC35D2	9
213083_at	11046	SLC35D2	9
213084_x_at	6147	RPL23A	17
213085_s_at	23286	WWC1	5
213086_s_at	1452	CSNK1A1	5
213087_s_at	1936	EEF1D	8
213088_s_at	23234	DNAJC9	10
213090_s_at	6874	TAF4	20
213091_at	23373	CRTC1	19
213092_x_at	23234	DNAJC9	10
213093_at	5578	PRKCA	17
213094_at	57211	ADGRG6	6
213095_x_at	199	AIF1	6
213096_at	9911	TMCC2	1
213097_s_at	27000	DNAJC2	7
213098_at	9125	CNOT9	2
213099_at	23357	ANGEL1	14
213100_at	219699	UNC5B	10
213101_s_at	10096	ACTR3	2
213102_at	10096	ACTR3	2
213103_at	90627	STARD13	13
213104_at	115939	TSR3	16
213105_s_at	115939	TSR3	16
213106_at	10396	ATP8A1	4
213107_at	23043	TNIK	3
213108_at	815	CAMK2A	5
213109_at	23043	TNIK	3
213110_s_at	1287	COL4A5	X
213111_at	200576	PIKFYVE	2
213112_s_at	8878	SQSTM1	5
213113_s_at	29015	SLC43A3	11
213115_at	115201	ATG4A	X
213116_at	4752	NEK3	13
213117_at	55958	KLHL9	9
213118_at	23074	BLTP3B	12
213119_at	206358	SLC36A1	5
213120_at	23074	BLTP3B	12
213121_at	6625	SNRNP70	19
213122_at	85453	TSPYL5	8
213123_at	4238	MFAP3	5
213124_at	25888	ZNF473	19
213125_at	25903	OLFML2B	1
213126_at	112950	MED8	1
213127_s_at	112950	MED8	1
213128_s_at	7337	UBE3A	15
213129_s_at	2653	GCSH	16
213130_at	25888	ZNF473	19
213131_at	10439	OLFM1	9
213132_s_at	27349	MCAT	22
213133_s_at	2653	GCSH	16
213134_x_at	10950	BTG3	21
213135_at	7074	TIAM1	21
213136_at	5771	PTPN2	18
213137_s_at	5771	PTPN2	18
213138_at	10865	ARID5A	2
213139_at	6591	SNAI2	8
213140_s_at	26039	SS18L1	20
213141_at	5681	PSKH1	16
213142_x_at	54103	GSAP	7
213143_at	257407	C2orf72	2
213144_at	9570	GOSR2	17
213145_at	144699	FBXL14	12
213146_at	23135	KDM6B	17
213147_at	3206	HOXA10	7
213148_at	257407	C2orf72	2
213149_at	1737	DLAT	11
213150_at	3206	HOXA10	7
213151_s_at	989	SEPTIN7	7
213152_s_at	10929	SRSF8	11
213153_at	23067	SETD1B	12
213154_s_at	23299	BICD2	9
213156_at	26137	ZBTB20	3
213158_at	26137	ZBTB20	3
213159_at	22990	PCNX1	14
213160_at	1794	DOCK2	5
213162_at	1783	DYNC1LI2	16
213164_at	6526	SLC5A3	21
213165_at	9857	CEP350	1
213166_x_at	653784	MZT2A	2
213167_s_at	6526	SLC5A3	21
213168_at	6670	SP3	2
213169_at	9037	SEMA5A	5
213170_at	2882	GPX7	1
213171_s_at	10893	MMP24	20
213172_at	23508	TTC9	14
213173_at	22990	PCNX1	14
213174_at	23508	TTC9	14
213175_s_at	6628	SNRPB	20
213176_s_at	8425	LTBP4	19
213177_at	23162	MAPK8IP3	16
213178_s_at	23162	MAPK8IP3	16
213179_at	9125	CNOT9	2
213180_s_at	9570	GOSR2	17
213181_s_at	4337	MOCS1	6
213182_x_at	1028	CDKN1C	11
213184_at	205564	SENP5	3
213185_at	23247	KATNIP	16
213186_at	9666	DZIP3	3
213187_x_at	2512	FTL	19
213188_s_at	84864	RIOX2	3
213189_at	84864	RIOX2	3
213190_at	91949	COG7	16
213191_at	148022	TICAM1	19
213192_at	90326	THAP3	1
213194_at	6091	ROBO1	3
213195_at	201229	LYRM9	17
213196_at	23361	ZNF629	16
213197_at	460	ASTN1	1
213198_at	91	ACVR1B	12
213199_at	26005	C2CD3	11
213200_at	6855	SYP	X
213201_s_at	7138	TNNT1	19
213202_at	9739	SETD1A	16
213203_at	10302	SNAPC5	15
213204_at	23113	CUL9	6
213205_s_at	23132	RAD54L2	3
213206_at	9570	GOSR2	17
213207_s_at	9570	GOSR2	17
213208_at	23506	BICRAL	6
213209_at	10629	TAF6L	11
213210_at	10629	TAF6L	11
213211_s_at	10629	TAF6L	11
213213_at	11083	DIDO1	20
213214_x_at	71	ACTG1	17
213216_at	23252	OTUD3	1
213217_at	108	ADCY2	5
213218_at	7741	ZSCAN26	6
213219_at	108	ADCY2	5
213220_at	92482	BBIP1	10
213221_s_at	23235	SIK2	11
213222_at	23236	PLCB1	20
213223_at	6158	RPL28	19
213224_s_at	92482	BBIP1	10
213225_at	5495	PPM1B	2
213226_at	890	CCNA2	4
213227_at	10424	PGRMC2	4
213228_at	8622	PDE8B	5
213229_at	23405	DICER1	14
213230_at	30850	CDR2L	17
213231_at	1762	DMWD	19
213232_at	57613	FAM234B	12
213233_s_at	55958	KLHL9	9
213234_at	57613	FAM234B	12
213235_at	400506	KNOP1	16
213236_at	23328	SASH1	6
213237_at	400506	KNOP1	16
213238_at	57205	ATP10D	4
213239_at	10464	PIBF1	13
213240_s_at	3851	KRT4	12
213241_at	10154	PLXNC1	12
213242_x_at	283638	CEP170B	14
213243_at	157680	VPS13B	8
213244_at	113178	SCAMP4	19
213245_at	107	ADCY1	7
213246_at	26175	LYSET	14
213247_at	79987	SVEP1	9
213248_at	730101	LOC730101	6
213249_at	23194	FBXL7	5
213250_at	11007	CCDC85B	11
213251_at	8467	SMARCA5	4
213252_at	9644	SH3PXD2A	10
213253_at	10592	SMC2	9
213254_at	23112	TNRC6B	22
213256_at	115123	MARCHF3	5
213257_at	23098	SARM1	17
213258_at	7035	TFPI	2
213259_s_at	23098	SARM1	17
213260_at	2296	FOXC1	6
213261_at	9881	TRANK1	3
213262_at	26278	SACS	13
213263_s_at	5094	PCBP2	12
213264_at	5094	PCBP2	12
213266_at	7158	TP53BP1	15
213267_at	23033	DOP1A	6
213268_at	23261	CAMTA1	1
213269_at	57209	ZNF248	10
213270_at	4355	MPP2	17
213271_s_at	23033	DOP1A	6
213272_s_at	57146	LDAF1	16
213273_at	26011	TENM4	11
213274_s_at	1508	CTSB	8
213275_x_at	1508	CTSB	8
213276_at	816	CAMK2B	7
213277_at	677	ZFP36L1	14
213278_at	66036	MTMR9	8
213279_at	115817	DHRS1	14
213280_at	23108	RAP1GAP2	17
213281_at	3725	JUN	1
213282_at	139322	APOOL	X
213283_s_at	6297	SALL2	14
213284_at	677	ZFP36L1	14
213285_at	161291	TMEM30B	14
213286_at	51663	ZFR	5
213287_s_at	3858	KRT10	17
213288_at	129642	MBOAT2	2
213289_at	139322	APOOL	X
213290_at	1292	COL6A2	21
213291_s_at	7337	UBE3A	15
213292_s_at	23161	SNX13	7
213293_s_at	10346	TRIM22	11
213294_at	5610	EIF2AK2	2
213295_at	1540	CYLD	16
213296_at	11079	RER1	1
213297_at	64777	RMND5B	5
213298_at	4782	NFIC	19
213299_at	51341	ZBTB7A	19
213300_at	23130	ATG2A	11
213301_x_at	8805	TRIM24	7
213302_at	5198	PFAS	17
213303_x_at	51341	ZBTB7A	19
213304_at	23116	TOGARAM1	14
213305_s_at	5527	PPP2R5C	14
213306_at	8777	MPDZ	9
213307_at	22941	SHANK2	11
213308_at	22941	SHANK2	11
213309_at	23228	PLCL2	3
213310_at	27161	AGO2	8
213311_s_at	22980	TCF25	16
213315_x_at	91966	EOLA1	X
213316_at	57608	JCAD	10
213317_at	53405	CLIC5	6
213318_s_at	7917	BAG6	6
213319_s_at	8531	YBX3	12
213320_at	10196	PRMT3	11
213321_at	594	BCKDHB	6
213322_at	221443	OARD1	6
213323_s_at	23264	ZC3H7B	22
213324_at	6714	SRC	20
213325_at	25945	NECTIN3	3
213326_at	6843	VAMP1	12
213327_s_at	219333	USP12	13
213328_at	4750	NEK1	4
213329_at	23380	SRGAP2	1
213330_s_at	10963	STIP1	11
213331_s_at	4750	NEK1	4
213332_at	60676	PAPPA2	1
213333_at	4191	MDH2	7
213334_x_at	55559	HAUS7	X
213335_s_at	10402	ST3GAL6	3
213336_at	9031	BAZ1B	7
213337_s_at	8651	SOCS1	16
213338_at	25907	TMEM158	3
213339_at	57212	GFOD3P	1
213340_s_at	57212	GFOD3P	1
213341_at	56929	FEM1C	5
213342_at	10413	YAP1	11
213343_s_at	81544	GDPD5	11
213344_s_at	3014	H2AX	11
213345_at	4776	NFATC4	14
213346_at	93081	TEX30	13
213347_x_at	6191	RPS4X	X
213348_at	1028	CDKN1C	11
213349_at	23023	TMCC1	3
213350_at	6205	RPS11	19
213351_s_at	23023	TMCC1	3
213352_at	23023	TMCC1	3
213353_at	23461	ABCA5	17
213354_s_at	2063	NR2F6	19
213355_at	10402	ST3GAL6	3
213357_at	404672	GTF2H5	6
213358_at	23255	MTCL1	18
213359_at	3184	HNRNPD	4
213361_at	23424	TDRD7	9
213362_at	5789	PTPRD	9
213363_at	340591	CA5BP1	X
213364_s_at	6642	SNX1	15
213365_at	112479	ERI2	16
213366_x_at	509	ATP5F1C	10
213367_at	155060	LOC155060	7
213368_x_at	8541	PPFIA3	19
213369_at	92211	CDHR1	10
213370_s_at	51460	SFMBT1	3
213371_at	11155	LDB3	10
213372_at	152559	PAQR3	4
213373_s_at	841	CASP8	2
213374_x_at	26275	HIBCH	2
213375_s_at	90634	N4BP2L1	13
213376_at	22890	ZBTB1	14
213377_x_at	6206	RPS12	6
213379_at	27235	COQ2	4
213381_at	196740	VSTM4	10
213382_at	11223	MST1L	1
213383_at	6305	SBF1	22
213384_x_at	5331	PLCB3	11
213385_at	1124	CHN2	7
213386_at	84302	PGAP4	9
213387_at	54454	ATAD2B	2
213388_at	9659	PDE4DIP	1
213389_at	9640	ZNF592	15
213390_at	23211	ZC3H4	19
213391_at	286148	DPY19L4	8
213392_at	124152	IQCK	16
213393_at	84804	MFSD9	2
213394_at	23005	MAPKBP1	15
213395_at	23209	MLC1	22
213396_s_at	11216	AKAP10	17
213397_x_at	6038	RNASE4	14
213398_s_at	56948	SDR39U1	14
213399_x_at	6185	RPN2	20
213400_s_at	6907	TBL1X	X
213401_s_at	6907	TBL1X	X
213402_at	126208	ZNF787	19
213403_at	84804	MFSD9	2
213404_s_at	6009	RHEB	7
213405_at	57403	RAB22A	20
213406_at	26118	WSB1	17
213407_at	23035	PHLPP2	16
213410_at	26098	EDRF1	10
213411_at	53616	ADAM22	7
213412_at	27134	TJP3	19
213413_at	11037	STON1	2
213414_s_at	6223	RPS19	19
213415_at	1193	CLIC2	X
213416_at	3676	ITGA4	2
213417_at	6909	TBX2	17
213418_at	3310	HSPA6	1
213419_at	323	APBB2	4
213420_at	90957	DHX57	2
213421_x_at	5646	PRSS3	9
213422_s_at	54587	MXRA8	1
213423_x_at	7991	TUSC3	8
213424_at	23366	MATCAP2	7
213425_at	7474	WNT5A	3
213426_s_at	858	CAV2	7
213427_at	10799	RPP40	6
213428_s_at	1291	COL6A1	21
213429_at	80114	BICC1	10
213430_at	22902	RUFY3	4
213431_x_at	9814	SFI1	22
213432_at	727897	MUC5B	11
213433_at	403	ARL3	10
213434_at	2054	STX2	12
213435_at	23314	SATB2	2
213436_at	1268	CNR1	6
213437_at	22902	RUFY3	4
213438_at	23114	NFASC	1
213439_x_at	10900	RUNDC3A	17
213440_at	5861	RAB1A	2
213441_x_at	25803	SPDEF	6
213442_x_at	25803	SPDEF	6
213443_at	8717	TRADD	16
213444_at	643641	ZNF862	7
213445_at	23144	ZC3H3	8
213446_s_at	8826	IQGAP1	15
213447_at	3653	IPW	15
213449_at	10940	POP1	8
213450_s_at	23308	ICOSLG	21
213452_at	7738	ZNF184	6
213453_x_at	2597	GAPDH	12
213454_at	378708	CENPS	1
213455_at	92689	FAM114A1	4
213456_at	25928	SOSTDC1	7
213457_at	9258	MFHAS1	8
213458_at	317662	FAM149B1	10
213459_at	6168	RPL37A	2
213461_at	11051	NUDT21	16
213462_at	4862	NPAS2	2
213463_s_at	317662	FAM149B1	10
213464_at	25759	SHC2	19
213465_s_at	5510	PPP1R7	2
213466_at	57799	RAB40C	16
213467_at	8153	RND2	17
213468_at	2068	ERCC2	19
213469_at	80055	PGAP1	2
213470_s_at	3187	HNRNPH1	5
213471_at	261734	NPHP4	1
213472_at	3187	HNRNPH1	5
213473_at	8315	BRAP	12
213474_at	154881	KCTD7	7
213475_s_at	3683	ITGAL	16
213476_x_at	10381	TUBB3	16
213477_x_at	1915	EEF1A1	6
213478_at	23254	KAZN	1
213479_at	4885	NPTX2	7
213480_at	8674	VAMP4	1
213481_at	6284	S100A13	1
213482_at	1795	DOCK3	3
213483_at	23398	PPWD1	5
213484_at	119	ADD2	2
213485_s_at	89845	ABCC10	6
213486_at	53844	COPG2IT1	7
213487_at	5605	MAP2K2	19
213488_at	25992	SNED1	2
213489_at	10982	MAPRE2	18
213490_s_at	5605	MAP2K2	19
213491_x_at	6185	RPN2	20
213492_at	1280	COL2A1	12
213493_at	25992	SNED1	2
213494_s_at	7528	YY1	14
213495_s_at	6238	RRBP1	20
213496_at	9890	PLPPR4	1
213497_at	25841	ABTB2	11
213498_at	90993	CREB3L1	11
213499_at	1181	CLCN2	3
213501_at	51	ACOX1	17
213502_x_at	91316	GUSBP11	22
213503_x_at	302	ANXA2	15
213504_at	10980	COPS6	7
213505_s_at	10147	SUGP2	19
213506_at	2150	F2RL1	5
213507_s_at	3837	KPNB1	17
213508_at	171546	SPTSSA	14
213509_x_at	8824	CES2	16
213510_x_at	220594	USP32P2	17
213511_s_at	8776	MTMR1	X
213512_at	122616	CLBA1	14
213513_x_at	10109	ARPC2	2
213514_s_at	1729	DIAPH1	5
213515_x_at	3048	HBG2	11
213516_at	11214	AKAP13	15
213517_at	5094	PCBP2	12
213518_at	5584	PRKCI	3
213519_s_at	3908	LAMA2	6
213520_at	9401	RECQL4	8
213521_at	26469	PTPN18	2
213522_s_at	1453	CSNK1D	17
213523_at	898	CCNE1	19
213524_s_at	50486	G0S2	1
213526_s_at	55957	LIN37	19
213527_s_at	146542	ZNF688	16
213528_at	92342	METTL18	1
213529_at	146542	ZNF688	16
213530_at	22930	RAB3GAP1	2
213531_s_at	22930	RAB3GAP1	2
213532_at	6868	ADAM17	2
213533_at	27065	NSG1	4
213534_s_at	23178	PASK	2
213535_s_at	7329	UBE2I	16
213537_at	3113	HLA-DPA1	6
213538_at	6651	SON	21
213539_at	915	CD3D	11
213540_at	7923	HSD17B8	6
213541_s_at	2078	ERG	21
213542_at	374655	ZNF710	15
213543_at	6444	SGCD	5
213544_at	3622	ING2	4
213545_x_at	8724	SNX3	6
213546_at	222161	DKFZP586I1420	7
213547_at	23066	CAND2	3
213548_s_at	55573	CDV3	3
213549_at	118987	PDZD8	10
213551_x_at	7703	PCGF2	17
213552_at	26035	GLCE	15
213553_x_at	341	APOC1	19
213554_s_at	55573	CDV3	3
213555_at	112611	RWDD2A	6
213556_at	390940	PINLYP	19
213557_at	51755	CDK12	17
213558_at	27445	PCLO	7
213559_s_at	168544	ZNF467	7
213560_at	4616	GADD45B	19
213561_at	254394	MCM9	6
213562_s_at	6713	SQLE	8
213563_s_at	10844	TUBGCP2	10
213564_x_at	3945	LDHB	12
213565_s_at	4091	SMAD6	15
213566_at	6039	RNASE6	14
213567_at	3840	KPNA4	3
213568_at	116039	OSR2	8
213569_at	100506603	VASH1-AS1	14
213570_at	9470	EIF4E2	2
213571_s_at	9470	EIF4E2	2
213572_s_at	1992	SERPINB1	6
213573_at	3837	KPNB1	17
213574_s_at	3837	KPNB1	17
213575_at	29896	TRA2A	7
213577_at	6713	SQLE	8
213578_at	657	BMPR1A	10
213579_s_at	2033	EP300	22
213580_at	58487	CREBZF	11
213581_at	5134	PDCD2	6
213582_at	23250	ATP11A	13
213584_s_at	58487	CREBZF	11
213585_s_at	5134	PDCD2	6
213586_at	1032	CDKN2D	19
213587_s_at	155066	ATP6V0E2	7
213588_x_at	9045	RPL14	3
213589_s_at	146712	B3GNTL1	17
213590_at	9121	SLC16A5	17
213591_at	501	ALDH7A1	5
213592_at	187	APLNR	11
213593_s_at	29896	TRA2A	7
213594_x_at	10772	SRSF10	1
213595_s_at	8476	CDC42BPA	1
213596_at	837	CASP4	11
213597_s_at	10217	CTDSPL	3
213599_at	11339	OIP5	15
213600_at	23094	SIPA1L3	19
213601_at	6585	SLIT1	10
213603_s_at	5880	RAC2	22
213604_at	6924	ELOA	1
213606_s_at	396	ARHGDIA	17
213607_x_at	65220	NADK	1
213608_s_at	402055	SRRD	22
213609_s_at	23544	SEZ6L	22
213611_at	362	AQP5	12
213613_s_at	65220	NADK	1
213614_x_at	1915	EEF1A1	6
213615_at	10436	EMG1	12
213616_at	25941	TPGS2	18
213617_s_at	25941	TPGS2	18
213618_at	116984	ARAP2	4
213620_s_at	3384	ICAM2	17
213621_s_at	2987	GUK1	1
213622_at	1298	COL9A2	1
213623_at	11127	KIF3A	5
213624_at	10924	SMPDL3A	6
213625_at	387032	ZKSCAN4	6
213626_at	84869	CBR4	4
213627_at	10916	MAGED2	X
213628_at	23155	CLCC1	1
213629_x_at	4494	MT1F	16
213630_at	23148	NACAD	7
213631_x_at	1723	DHODH	16
213632_at	1723	DHODH	16
213633_at	23616	SH3BP1	22
213634_s_at	55687	TRMU	22
213635_s_at	6294	SAFB	19
213636_at	23349	PHF24	9
213637_at	11056	DDX52	17
213638_at	221692	PHACTR1	6
213639_s_at	26048	ZNF500	16
213640_s_at	4015	LOX	5
213641_at	26048	ZNF500	16
213642_at	6155	RPL27	17
213643_s_at	3633	INPP5B	1
213644_at	201134	CEP112	17
213645_at	55556	ENOSF1	18
213647_at	1763	DNA2	10
213648_at	23016	EXOSC7	3
213649_at	6432	SRSF7	2
213651_at	27124	INPP5J	22
213652_at	5125	PCSK5	9
213653_at	56339	METTL3	14
213654_at	27097	TAF5L	1
213656_s_at	3831	KLC1	14
213659_at	7626	ZNF75D	X
213660_s_at	8940	TOP3B	22
213661_at	25891	PAMR1	11
213662_at	54463	RETREG1	5
213663_s_at	54463	RETREG1	5
213664_at	6505	SLC1A1	9
213665_at	6659	SOX4	6
213666_at	23157	SEPTIN6	X
213667_at	100862671	TMEM265	16
213668_s_at	6659	SOX4	6
213669_at	23149	FCHO1	19
213670_x_at	155400	NSUN5P1	7
213671_s_at	4141	MARS1	12
213672_at	4141	MARS1	12
213673_x_at	29937	NENF	1
213674_x_at	3495	IGHD	14
213675_at	55742	PARVA	11
213676_at	441151	TMEM151B	6
213677_s_at	5378	PMS1	2
213678_at	441151	TMEM151B	6
213679_at	92104	IFT70A	2
213680_at	3854	KRT6B	12
213681_at	50626	ZFTRAF1	8
213682_at	10762	NUP50	22
213683_at	23305	ACSL6	5
213684_s_at	10611	PDLIM5	4
213685_at	100506963	ELOA-AS1	1
213686_at	23230	VPS13A	9
213687_s_at	6165	RPL35A	3
213689_x_at	388650	DIPK1A	1
213690_s_at	101928378	PTOV1-AS2	19
213691_at	101928378	PTOV1-AS2	19
213692_s_at	7421	VDR	12
213693_s_at	4582	MUC1	1
213694_at	54665	RSBN1	1
213695_at	5446	PON3	7
213696_s_at	112950	MED8	1
213697_at	10114	HIPK3	11
213698_at	100506144	TMEM35B	1
213699_s_at	10971	YWHAQ	2
213700_s_at	5315	PKM	15
213701_at	91298	RLIG1	12
213702_x_at	427	ASAH1	8
213703_at	150759	LINC00342	2
213704_at	5876	RABGGTB	1
213705_at	2677	GGCX	2
213707_s_at	1749	DLX5	7
213708_s_at	6945	MLX	17
213709_at	80823	GPRASP3	X
213710_s_at	801	CALM1	14
213711_at	3887	KRT81	12
213712_at	54898	ELOVL2	6
213713_s_at	89944	GLB1L2	11
213714_at	783	CACNB2	10
213715_s_at	256949	KANK3	19
213716_s_at	6398	SECTM1	17
213717_at	11155	LDB3	10
213718_at	5936	RBM4	11
213719_s_at	6597	SMARCA4	19
213720_s_at	6597	SMARCA4	19
213721_at	6657	SOX2	3
213722_at	6657	SOX2	3
213723_s_at	3425	IDUA	4
213724_s_at	5164	PDK2	17
213725_x_at	64131	XYLT1	16
213726_x_at	10383	TUBB4B	9
213727_x_at	65258	MPPE1	18
213728_at	3916	LAMP1	13
213729_at	55660	PRPF40A	2
213730_x_at	6929	TCF3	19
213731_s_at	6929	TCF3	19
213732_at	6929	TCF3	19
213733_at	4542	MYO1F	19
213734_at	5985	RFC5	12
213735_s_at	1329	COX5B	2
213736_at	1329	COX5B	2
213737_x_at	643699	GOLGA8N	15
213738_s_at	498	ATP5F1A	18
213740_s_at	100130348	TMEM262	11
213741_s_at	3836	KPNA1	3
213742_at	9295	SRSF11	1
213743_at	905	CCNT2	2
213744_at	26033	ATRNL1	10
213745_at	26033	ATRNL1	10
213746_s_at	2316	FLNA	X
213748_at	9866	TRIM66	11
213749_at	5648	MASP1	3
213750_at	26156	RSL1D1	16
213751_at	284352	PPP1R37	19
213752_at	23254	KAZN	1
213753_x_at	1984	EIF5A	17
213754_s_at	10605	PAIP1	5
213755_s_at	79906	MORN1	1
213756_s_at	3297	HSF1	8
213758_at	1327	COX4I1	16
213759_at	10123	ARL4C	2
213760_s_at	27309	ZNF330	4
213761_at	56890	MDM1	12
213762_x_at	27316	RBMX	X
213763_at	28996	HIPK2	7
213764_s_at	8076	MFAP5	12
213765_at	8076	MFAP5	12
213766_x_at	2767	GNA11	19
213767_at	8844	KSR1	17
213768_s_at	429	ASCL1	12
213769_at	8844	KSR1	17
213770_at	8844	KSR1	17
213771_at	26145	IRF2BP1	19
213772_s_at	23062	GGA2	16
213773_x_at	55695	NSUN5	7
213774_s_at	5504	PPP1R2	3
213775_x_at	27332	ZNF638	2
213777_s_at	58487	CREBZF	11
213778_x_at	92822	ZNF276	16
213779_at	129080	EMID1	22
213780_at	7062	TCHH	1
213781_at	284352	PPP1R37	19
213782_s_at	51778	MYOZ2	4
213783_at	4242	MFNG	22
213784_at	11020	IFT27	22
213785_at	55705	IPO9	1
213786_at	8887	TAX1BP1	7
213787_s_at	10682	EBP	X
213789_at	10682	EBP	X
213790_at	8038	ADAM12	10
213791_at	5179	PENK	8
213792_s_at	3643	INSR	19
213793_s_at	9456	HOMER1	5
213794_s_at	25983	NGDN	14
213795_s_at	5786	PTPRA	20
213796_at	6698	SPRR1A	1
213797_at	91543	RSAD2	2
213798_s_at	10487	CAP1	1
213799_s_at	5786	PTPRA	20
213800_at	3075	CFH	1
213801_x_at	3921	RPSA	3
213802_at	8492	PRSS12	4
213803_at	3837	KPNB1	17
213804_at	3633	INPP5B	1
213805_at	51099	ABHD5	3
213806_at	5813	PURA	5
213807_x_at	4233	MET	7
213808_at	8745	ADAM23	2
213809_x_at	6929	TCF3	19
213811_x_at	6929	TCF3	19
213812_s_at	10645	CAMKK2	12
213814_s_at	6645	SNTB2	16
213815_x_at	58509	CACTIN	19
213816_s_at	4233	MET	7
213817_at	11213	IRAK3	12
213818_x_at	79064	TMEM223	11
213819_s_at	10211	FLOT1	6
213820_s_at	80765	STARD5	15
213821_s_at	3423	IDS	X
213822_s_at	89910	UBE3B	12
213823_at	3207	HOXA11	7
213824_at	10215	OLIG2	21
213825_at	10215	OLIG2	21
213826_s_at	3020	H3-3A	1
213827_at	115703	ARHGAP33	19
213830_at	10730	YME1L1	10
213831_at	3117	HLA-DQA1	6
213832_at	3752	KCND3	1
213833_x_at	51491	NOP16	5
213834_at	440073	IQSEC3	12
213835_x_at	84705	GTPBP3	19
213836_s_at	55062	WIPI1	17
213837_at	26013	L3MBTL1	20
213838_at	51406	NOL7	6
213839_at	79789	CLMN	14
213840_s_at	6183	MRPS12	19
213841_at	7143	TNR	1
213843_x_at	6535	SLC6A8	X
213844_at	3202	HOXA5	7
213845_at	2898	GRIK2	6
213846_at	1350	COX7C	5
213847_at	5630	PRPH	12
213848_at	1849	DUSP7	3
213849_s_at	5521	PPP2R2B	5
213850_s_at	9169	SCAF11	12
213851_at	375346	STIMATE	3
213852_at	9939	RBM8A	1
213853_at	120526	DNAJC24	11
213854_at	9145	SYNGR1	22
213855_s_at	3991	LIPE	19
213856_at	961	CD47	3
213857_s_at	961	CD47	3
213858_at	58500	ZNF250	8
213859_x_at	8467	SMARCA5	4
213860_x_at	1452	CSNK1A1	5
213861_s_at	25895	EEF1AKMT3	12
213863_s_at	51686	OAZ3	1
213864_s_at	4673	NAP1L1	12
213865_at	131566	DCBLD2	3
213866_at	201191	SAMD14	17
213867_x_at	60	ACTB	7
213868_s_at	51635	DHRS7	14
213869_x_at	7070	THY1	11
213870_at	1302	COL11A2	6
213871_s_at	10591	DNPH1	6
213874_at	5267	SERPINA4	14
213875_x_at	81688	C6orf62	6
213876_x_at	8233	ZRSR2	X
213877_x_at	6923	ELOB	16
213878_at	79912	PYROXD1	12
213880_at	8549	LGR5	12
213881_x_at	6613	SUMO2	17
213882_at	83941	TM2D1	1
213883_s_at	83941	TM2D1	1
213884_s_at	10612	TRIM3	11
213885_at	10612	TRIM3	11
213887_s_at	5434	POLR2E	19
213888_s_at	80342	TRAF3IP3	1
213889_at	9487	PIGL	17
213890_x_at	6217	RPS16	19
213891_s_at	6925	TCF4	18
213892_s_at	353	APRT	16
213893_x_at	5383	PMS2P5	7
213894_at	221981	THSD7A	7
213895_at	2012	EMP1	12
213896_x_at	317662	FAM149B1	10
213897_s_at	6150	MRPL23	11
213898_at	23543	RBFOX2	22
213899_at	10988	METAP2	12
213900_at	9413	ENTREP1	9
213901_x_at	23543	RBFOX2	22
213902_at	427	ASAH1	8
213903_s_at	9125	CNOT9	2
213904_at	23732	FRRS1L	9
213905_x_at	633	BGN	X
213906_at	4603	MYBL1	8
213907_at	9521	EEF1E1	6
213909_at	131578	LRRC15	3
213910_at	3490	IGFBP7	4
213911_s_at	3015	H2AZ1	4
213912_at	23329	TBC1D30	12
213913_s_at	23329	TBC1D30	12
213914_s_at	6711	SPTBN1	2
213915_at	4818	NKG7	19
213917_at	7849	PAX8	2
213918_s_at	25836	NIPBL	5
213919_at	3338	DNAJC4	11
213920_at	23316	CUX2	12
213921_at	6750	SST	3
213922_at	146057	TTBK2	15
213923_at	5912	RAP2B	3
213924_at	2774	GNAL	18
213925_at	375057	STUM	1
213926_s_at	3267	AGFG1	2
213927_at	4293	MAP3K9	14
213928_s_at	3267	AGFG1	2
213929_at	23086	EXPH5	11
213930_at	9140	ATG12	5
213932_x_at	3105	HLA-A	6
213933_at	5733	PTGER3	1
213934_s_at	7571	ZNF23	16
213935_at	51099	ABHD5	3
213936_x_at	6439	SFTPB	2
213937_s_at	24140	FTSJ1	X
213938_at	26059	ERC2	3
213939_s_at	22902	RUFY3	4
213940_s_at	23048	FNBP1	9
213941_x_at	6201	RPS7	2
213942_at	1953	MEGF6	1
213943_at	7291	TWIST1	7
213944_x_at	2767	GNA11	19
213945_s_at	23225	NUP210	3
213946_s_at	23363	OBSL1	2
213947_s_at	23225	NUP210	3
213948_x_at	57863	CADM3	1
213949_s_at	83475	DOHH	19
213950_s_at	5533	PPP3CC	8
213951_s_at	29893	PSMC3IP	17
213952_s_at	240	ALOX5	10
213953_at	54474	KRT20	17
213954_at	26049	FAM169A	5
213955_at	91977	MYOZ3	5
213956_at	9857	CEP350	1
213957_s_at	9857	CEP350	1
213958_at	923	CD6	11
213959_s_at	23322	RPGRIP1L	16
213960_at	4916	NTRK3	15
213962_s_at	23141	ANKLE2	12
213963_s_at	8819	SAP30	4
213964_x_at	100505761	C10orf95-AS1	10
213965_s_at	26038	CHD5	1
213966_at	10362	HMG20B	19
213967_at	138046	RALYL	8
213969_x_at	6159	RPL29	3
213970_at	285282	RABL3	3
213973_at	6238	RRBP1	20
213974_at	57188	ADAMTSL3	15
213975_s_at	4069	LYZ	12
213976_at	25792	CIZ1	9
213977_s_at	25792	CIZ1	9
213978_at	92154	MTSS2	16
213980_s_at	1487	CTBP1	4
213981_at	1312	COMT	22
213982_s_at	9910	RABGAP1L	1
213983_s_at	23244	PDS5A	4
213984_at	23244	PDS5A	4
213985_s_at	91304	TMEM259	19
213986_s_at	91304	TMEM259	19
213987_s_at	8621	CDK13	7
213988_s_at	6303	SAT1	X
213989_x_at	54093	SETD4	21
213990_s_at	57144	PAK5	20
213991_s_at	9957	HS3ST1	4
213992_at	1288	COL4A6	X
213993_at	10418	SPON1	11
213994_s_at	10418	SPON1	11
213995_at	27109	DMAC2L	14
213996_at	29799	YPEL1	22
213997_at	23359	ENTREP2	15
213998_s_at	10521	DDX17	22
213999_at	84272	YIPF4	2
214000_s_at	6001	RGS10	10
214001_x_at	6204	RPS10	6
214002_at	4637	MYL6	12
214003_x_at	6224	RPS20	8
214004_s_at	9686	VGLL4	3
214005_at	2677	GGCX	2
214006_s_at	2677	GGCX	2
214007_s_at	5756	TWF1	12
214008_at	5756	TWF1	12
214009_at	10943	MSL3	X
214010_s_at	374868	ATP9B	18
214011_s_at	51491	NOP16	5
214012_at	51752	ERAP1	5
214014_at	10435	CDC42EP2	11
214015_at	30837	SOCS7	17
214016_s_at	6421	SFPQ	1
214017_s_at	9704	DHX34	19
214018_at	23426	GRIP1	12
214020_x_at	3693	ITGB5	3
214021_x_at	3693	ITGB5	3
214022_s_at	8519	IFITM1	11
214023_x_at	347733	TUBB2B	6
214024_s_at	85359	DGCR6L	22
214025_at	55794	DDX28	16
214026_s_at	200734	SPRED2	2
214028_x_at	81550	TDRD3	13
214029_at	284439	SLC25A42	19
214030_at	131544	CRYBG3	3
214032_at	7535	ZAP70	2
214034_at	51752	ERAP1	5
214036_at	1946	EFNA5	5
214037_s_at	28952	CCDC22	X
214038_at	6355	CCL8	17
214039_s_at	55353	LAPTM4B	8
214040_s_at	2934	GSN	9
214041_x_at	6168	RPL37A	2
214042_s_at	6146	RPL22	1
214043_at	5789	PTPRD	9
214044_at	6262	RYR2	1
214045_at	11019	LIAS	4
214046_at	10690	FUT9	6
214047_s_at	8930	MBD4	3
214048_at	8930	MBD4	3
214049_x_at	924	CD7	17
214051_at	286527	TMSB15B	X
214052_x_at	23215	PRRC2C	1
214053_at	2066	ERBB4	2
214054_at	9046	DOK2	8
214055_x_at	23215	PRRC2C	1
214056_at	4170	MCL1	1
214057_at	4170	MCL1	1
214058_at	4610	MYCL	1
214059_at	10561	IFI44	1
214060_at	6742	SSBP1	7
214061_at	93594	TBC1D31	8
214062_x_at	4793	NFKBIB	19
214063_s_at	7018	TF	3
214064_at	7018	TF	3
214066_x_at	4882	NPR2	9
214067_at	115939	TSR3	16
214068_at	146227	BEAN1	16
214070_s_at	23120	ATP10B	5
214071_at	2774	GNAL	18
214072_x_at	29937	NENF	1
214073_at	2017	CTTN	11
214074_s_at	2017	CTTN	11
214075_at	29937	NENF	1
214076_at	81577	GFOD2	16
214077_x_at	4213	MEIS3P1	17
214078_at	5063	PAK3	X
214079_at	10202	DHRS2	14
214080_x_at	5589	PRKCSH	19
214081_at	57125	PLXDC1	17
214082_at	11238	CA5B	X
214083_at	5527	PPP2R5C	14
214084_x_at	653361	NCF1	7
214085_x_at	11010	GLIPR1	12
214086_s_at	10038	PARP2	14
214087_s_at	4604	MYBPC1	12
214088_s_at	2525	FUT3	19
214089_at	6202	RPS8	1
214090_at	5074	PAWR	12
214091_s_at	2878	GPX3	5
214092_x_at	10147	SUGP2	19
214093_s_at	8880	FUBP1	1
214094_at	8880	FUBP1	1
214095_at	6472	SHMT2	12
214096_s_at	6472	SHMT2	12
214097_at	6227	RPS21	20
214098_at	284697	BTBD8	1
214100_x_at	155400	NSUN5P1	7
214101_s_at	9520	NPEPPS	17
214103_s_at	5911	RAP2A	13
214104_at	23432	GPR161	1
214105_at	9021	SOCS3	17
214106_s_at	2762	GMDS	6
214107_x_at	440434	NPEPPSP1	17
214108_at	4149	MAX	14
214109_at	987	LRBA	4
214111_at	4978	OPCML	11
214113_s_at	9939	RBM8A	1
214114_x_at	10922	FASTK	7
214115_at	10791	VAMP5	2
214116_at	686	BTD	3
214117_s_at	686	BTD	3
214118_x_at	5108	PCM1	8
214119_s_at	2280	FKBP1A	20
214120_at	10740	RFPL1S	22
214121_x_at	9260	PDLIM7	5
214122_at	9260	PDLIM7	5
214123_s_at	317648	NOP14-AS1	4
214124_x_at	11116	CEP43	6
214125_s_at	29937	NENF	1
214127_s_at	51593	SRRT	7
214128_at	747	DAGLA	11
214129_at	9659	PDE4DIP	1
214130_s_at	9659	PDE4DIP	1
214131_at	246126	TXLNGY	Y
214132_at	509	ATP5F1C	10
214133_at	4588	MUC6	11
214134_at	343990	CRACDL	2
214135_at	51208	CLDN18	3
214136_at	25961	NUDT13	10
214137_at	5795	PTPRJ	11
214138_at	7633	ZNF79	9
214139_at	51742	ARID4B	1
214140_at	8034	SLC25A16	10
214141_x_at	6432	SRSF7	2
214142_at	653808	ZG16	16
214143_x_at	6152	RPL24	3
214144_at	5433	POLR2D	2
214145_s_at	6710	SPTB	14
214146_s_at	5473	PPBP	4
214147_at	374977	MROH7	1
214148_at	55846	ITFG2	12
214149_s_at	8992	ATP6V0E1	5
214150_x_at	8992	ATP6V0E1	5
214153_at	60481	ELOVL5	6
214154_s_at	5318	PKP2	12
214155_s_at	113251	LARP4	12
214156_at	25924	MYRIP	3
214157_at	2778	GNAS	20
214158_s_at	56980	PRDM10	11
214159_at	51196	PLCE1	10
214161_at	734	OSGIN2	8
214162_at	80816	ASXL3	18
214163_at	51668	IFT25	1
214164_x_at	771	CA12	15
214165_s_at	9394	HS6ST1	2
214166_at	6390	SDHB	1
214167_s_at	6175	RPLP0	12
214168_s_at	7082	TJP1	15
214169_at	23353	SUN1	7
214170_x_at	2271	FH	1
214171_s_at	11338	U2AF2	19
214172_x_at	6259	RYK	3
214173_x_at	8725	URI1	19
214174_s_at	8572	PDLIM4	5
214175_x_at	8572	PDLIM4	5
214177_s_at	57326	PBXIP1	1
214178_s_at	6657	SOX2	3
214179_s_at	4779	NFE2L1	17
214180_at	57134	MAN1C1	1
214181_x_at	7940	LST1	6
214183_s_at	8277	TKTL1	X
214184_at	8620	NPFF	12
214185_at	10657	KHDRBS1	1
214186_s_at	352961	HCG26	6
214187_x_at	10217	CTDSPL	3
214189_s_at	23062	GGA2	16
214190_x_at	23062	GGA2	16
214191_at	3382	ICA1	7
214192_at	4927	NUP88	17
214193_s_at	27042	UTP25	1
214194_at	22894	DIS3	13
214195_at	1200	TPP1	11
214196_s_at	1200	TPP1	11
214197_s_at	9869	SETDB1	1
214198_s_at	9993	DGCR2	22
214199_at	6441	SFTPD	10
214200_s_at	1291	COL6A1	21
214201_x_at	7916	PRRC2A	6
214202_at	5229	PGGT1B	5
214203_s_at	5625	PRODH	22
214204_at	135138	PACRG	6
214205_x_at	10539	GLRX3	10
214206_at	285755	PPIL6	6
214207_s_at	29775	CARD10	22
214208_at	283212	KLHL35	11
214209_s_at	23457	ABCB9	12
214210_at	10478	SLC25A17	22
214211_at	2495	FTH1	11
214212_x_at	10979	FERMT2	14
214213_x_at	4000	LMNA	1
214214_s_at	708	C1QBP	17
214215_s_at	23185	LARP4B	10
214216_s_at	23185	LARP4B	10
214217_at	2915	GRM5	11
214218_s_at	7503	XIST	X
214219_x_at	11184	MAP4K1	19
214220_s_at	7840	ALMS1	2
214221_at	7840	ALMS1	2
214222_at	56171	DNAH7	2
214223_at	11156	PTP4A3	8
214224_s_at	5303	PIN4	X
214225_at	5303	PIN4	X
214226_at	339105	PRSS53	16
214228_x_at	7293	TNFRSF4	1
214229_at	8632	DNAH17	17
214230_at	998	CDC42	1
214231_s_at	23078	VWA8	13
214232_at	10061	ABCF2	7
214233_at	23062	GGA2	16
214234_s_at	1577	CYP3A5	7
214235_at	1577	CYP3A5	7
214237_x_at	5074	PAWR	12
214238_at	151449	GDF7	2
214239_x_at	7703	PCGF2	17
214240_at	51083	GAL	11
214241_at	4714	NDUFB8	10
214242_at	10905	MAN1A2	1
214244_s_at	8992	ATP6V0E1	5
214245_at	6208	RPS14	5
214246_x_at	50488	MINK1	17
214247_s_at	27122	DKK3	11
214248_s_at	23321	TRIM2	4
214249_at	23321	TRIM2	4
214250_at	4926	NUMA1	11
214251_s_at	4926	NUMA1	11
214252_s_at	1203	CLN5	13
214253_s_at	1838	DTNB	2
214254_at	4103	MAGEA4	X
214255_at	57194	ATP10A	15
214256_at	57194	ATP10A	15
214257_s_at	9554	SEC22B	1
214258_x_at	10524	KAT5	11
214259_s_at	8574	AKR7A2	1
214260_at	10920	COPS8	2
214261_s_at	130	ADH6	4
214262_at	7205	TRIP6	7
214263_x_at	5432	POLR2C	16
214264_s_at	90141	EFCAB11	14
214265_at	8516	ITGA8	10
214266_s_at	9260	PDLIM7	5
214267_s_at	199731	CADM4	19
214268_s_at	9110	MTMR4	17
214269_at	84179	SLC49A3	4
214270_s_at	22924	MAPRE3	2
214271_x_at	6136	RPL12	9
214272_at	1540	CYLD	16
214273_x_at	8131	NPRL3	16
214274_s_at	30	ACAA1	3
214275_at	9968	MED12	X
214276_at	11278	KLF12	13
214277_at	1353	COX11	17
214278_s_at	57447	NDRG2	14
214279_s_at	57447	NDRG2	14
214280_x_at	3178	HNRNPA1	12
214281_s_at	25898	RCHY1	4
214283_at	27346	TMEM97	17
214284_s_at	8817	FGF18	5
214285_at	2170	FABP3	1
214286_at	2779	GNAT1	3
214287_s_at	8621	CDK13	7
214288_s_at	5689	PSMB1	6
214289_at	5689	PSMB1	6
214292_at	3691	ITGB4	17
214293_at	55752	SEPTIN11	4
214296_x_at	113177	IZUMO4	19
214297_at	1464	CSPG4	15
214298_x_at	23157	SEPTIN6	X
214299_at	7156	TOP3A	17
214300_s_at	7156	TOP3A	17
214301_s_at	10570	DPYSL4	10
214302_x_at	57165	GJC2	1
214303_x_at	4586	MUC5AC	11
214305_s_at	23451	SF3B1	2
214306_at	4976	OPA1	3
214307_at	3081	HGD	3
214308_s_at	3081	HGD	3
214310_s_at	7542	ZFPL1	11
214311_at	7542	ZFPL1	11
214312_at	3170	FOXA2	20
214313_s_at	9669	EIF5B	2
214314_s_at	9669	EIF5B	2
214315_x_at	811	CALR	19
214317_x_at	6203	RPS9	19
214318_s_at	10129	FRY	13
214319_at	10129	FRY	13
214320_x_at	1548	CYP2A6	19
214321_at	4856	CCN3	8
214322_at	818	CAMK2G	10
214323_s_at	65110	UPF3A	13
214324_at	2813	GP2	16
214325_at	2813	GP2	16
214326_x_at	3727	JUND	19
214327_x_at	7178	TPT1	13
214328_s_at	3320	HSP90AA1	14
214329_x_at	8743	TNFSF10	3
214330_at	91647	ATPAF2	17
214331_at	10102	TSFM	12
214332_s_at	10102	TSFM	12
214333_x_at	3421	IDH3G	X
214334_x_at	9802	DAZAP2	12
214335_at	6141	RPL18	19
214336_s_at	1314	COPA	1
214337_at	1314	COPA	1
214338_at	54788	DNAJB12	10
214339_s_at	11184	MAP4K1	19
214340_at	245	ALOX12P2	17
214341_at	8906	AP1G2	14
214342_at	222255	ATXN7L1	7
214343_s_at	222255	ATXN7L1	7
214346_at	10882	C1QL1	17
214347_s_at	1644	DDC	7
214348_at	6865	TACR2	10
214350_at	6645	SNTB2	16
214351_x_at	6137	RPL13	16
214352_s_at	3845	KRAS	12
214354_x_at	6439	SFTPB	2
214356_s_at	23392	ECPAS	9
214357_at	92346	C1orf105	1
214358_at	31	ACACA	17
214359_s_at	3326	HSP90AB1	6
214360_at	6597	SMARCA4	19
214361_s_at	6002	RGS12	4
214362_at	6002	RGS12	4
214363_s_at	9782	MATR3	5
214364_at	130916	MTERF4	2
214365_at	7170	TPM3	1
214366_s_at	240	ALOX5	10
214367_at	10235	RASGRP2	11
214368_at	10235	RASGRP2	11
214369_s_at	10235	RASGRP2	11
214370_at	6279	S100A8	1
214371_at	23617	TSSK2	22
214372_x_at	10595	ERN2	16
214374_s_at	8496	PPFIBP1	12
214375_at	8496	PPFIBP1	12
214376_at	5602	MAPK10	4
214377_s_at	1506	CTRL	16
214378_at	7035	TFPI	2
214379_at	9987	HNRNPDL	4
214380_at	26121	PRPF31	19
214381_at	441601	SEPTIN7P11	11
214382_at	54346	UNC93A	6
214383_x_at	116138	KLHDC3	6
214384_s_at	10540	DCTN2	12
214385_s_at	4586	MUC5AC	11
214387_x_at	6440	SFTPC	8
214389_at	159963	SLC5A12	11
214390_s_at	586	BCAT1	12
214391_x_at	5731	PTGER1	19
214392_at	56269	IRGC	19
214393_at	8153	RND2	17
214395_x_at	1936	EEF1D	8
214396_s_at	8932	MBD2	18
214397_at	8932	MBD2	18
214398_s_at	9641	IKBKE	1
214399_s_at	3851	KRT4	12
214400_at	3640	INSL3	19
214401_at	5075	PAX1	20
214402_s_at	9814	SFI1	22
214403_x_at	25803	SPDEF	6
214404_x_at	25803	SPDEF	6
214406_s_at	6545	SLC7A4	22
214407_x_at	2994	GYPB	4
214409_at	10737	RFPL3S	22
214410_at	105370752	LOC105370752	15
214411_x_at	440387	CTRB2	16
214413_at	6898	TAT	16
214417_s_at	105374258	HRG-AS1	3
214418_at	196993	CT62	15
214419_s_at	1559	CYP2C9	10
214420_s_at	1559	CYP2C9	10
214421_x_at	1559	CYP2C9	10
214422_at	5887	RAD23B	9
214423_x_at	229	ALDOB	9
214424_s_at	229	ALDOB	9
214425_at	259	AMBP	9
214426_x_at	10036	CHAF1A	19
214427_at	4839	NOP2	12
214429_at	9107	MTMR6	13
214430_at	2717	GLA	X
214431_at	8833	GMPS	3
214432_at	478	ATP1A3	19
214433_s_at	8991	SELENBP1	1
214434_at	259217	HSPA12A	10
214435_x_at	5898	RALA	7
214436_at	25827	FBXL2	3
214437_s_at	6472	SHMT2	12
214438_at	3142	HLX	1
214439_x_at	274	BIN1	2
214440_at	9	NAT1	8
214441_at	10228	STX6	1
214442_s_at	9063	PIAS2	18
214443_at	5817	PVR	19
214444_s_at	5817	PVR	19
214445_at	22936	ELL2	5
214446_at	22936	ELL2	5
214447_at	2113	ETS1	11
214448_x_at	4793	NFKBIB	19
214449_s_at	23433	RHOQ	2
214450_at	1521	CTSW	11
214451_at	7021	TFAP2B	6
214452_at	586	BCAT1	12
214453_s_at	10561	IFI44	1
214454_at	9509	ADAMTS2	5
214455_at	8347	H2BC4	6
214457_at	3199	HOXA2	7
214458_at	26146	TRAF3IP1	2
214459_x_at	3107	HLA-C	6
214460_at	4045	LSAMP	3
214461_at	3929	LBP	20
214462_at	9306	SOCS6	18
214464_at	8476	CDC42BPA	1
214466_at	2702	GJA5	1
214467_at	8477	GPR65	14
214468_at	4624	MYH6	14
214469_at	3012	H2AC8	6
214470_at	3820	KLRB1	12
214471_x_at	3972	LHB	19
214473_x_at	5387	PMS2P3	7
214474_at	5565	PRKAB2	1
214475_x_at	825	CAPN3	15
214476_at	7032	TFF2	21
214477_at	4298	MLLT1	19
214478_at	6694	SPP2	2
214479_at	2676	GFRA3	5
214480_at	2117	ETV3	1
214482_at	7597	ZBTB25	14
214483_s_at	27236	ARFIP1	4
214484_s_at	10280	SIGMAR1	9
214485_at	4956	ODF1	8
214486_x_at	8837	CFLAR	2
214488_at	5912	RAP2B	3
214489_at	2488	FSHB	11
214490_at	416	ARSF	X
214491_at	6753	SSTR3	22
214492_at	6444	SGCD	5
214493_s_at	10207	PATJ	1
214494_s_at	6687	SPG7	16
214495_at	10369	CACNG2	22
214496_x_at	23522	KAT6B	10
214497_s_at	4808	NHLH2	1
214498_at	434	ASIP	20
214499_s_at	9774	BCLAF1	6
214500_at	9555	MACROH2A1	5
214501_s_at	9555	MACROH2A1	5
214502_at	8970	H2BC11	6
214503_x_at	64582	GPR135	14
214504_at	28	ABO	9
214505_s_at	2273	FHL1	X
214506_at	11318	GPR182	12
214507_s_at	23404	EXOSC2	9
214508_x_at	1390	CREM	10
214509_at	8354	H3C11	6
214510_at	2843	GPR20	8
214511_x_at	2210	FCGR1BP	1
214512_s_at	10923	SUB1	5
214513_s_at	1385	CREB1	2
214514_at	8888	MCM3AP	21
214515_at	8387	OR1E1	17
214516_at	8366	H4C2	6
214517_at	3846	KRTAP5-9	11
214518_at	5161	PDHA2	4
214519_s_at	6019	RLN2	9
214520_at	2303	FOXC2	16
214521_at	54626	HES2	1
214523_at	1053	CEBPE	14
214524_at	2691	GHRH	20
214525_x_at	27030	MLH3	14
214526_x_at	5379	PMS2P1	7
214527_s_at	10084	PQBP1	X
214528_s_at	7849	PAX8	2
214529_at	7252	TSHB	1
214530_x_at	2035	EPB41	1
214531_s_at	6642	SNX1	15
214532_x_at	5462	POU5F1B	8
214533_at	1215	CMA1	14
214534_at	3009	H1-5	6
214535_s_at	9509	ADAMTS2	5
214536_at	57152	SLURP1	8
214537_at	3007	H1-3	6
214538_x_at	9628	RGS6	14
214539_at	5273	SERPINB10	18
214540_at	8348	H2BC17	6
214541_s_at	9444	QKI	6
214542_x_at	8329	H2AC13	6
214543_x_at	9444	QKI	6
214544_s_at	8773	SNAP23	15
214545_s_at	11212	PLPBP	8
214547_at	55811	ADCY10	1
214548_x_at	2778	GNAS	20
214549_x_at	6698	SPRR1A	1
214550_s_at	23534	TNPO3	7
214551_s_at	924	CD7	17
214552_s_at	9135	RABEP1	17
214553_s_at	10776	ARPP19	15
214554_at	8332	H2AC16	6
214555_at	6755	SSTR5	16
214556_at	6754	SSTR4	20
214557_at	10744	PTTG2	4
214558_at	2835	GPR12	13
214559_at	1814	DRD3	3
214560_at	2359	FPR3	19
214561_at	79166	LILRP2	19
214562_at	8368	H4C13	6
214563_at	5098	PCDHGC3	5
214564_s_at	5098	PCDHGC3	5
214566_at	26952	SMR3A	4
214568_at	23430	TPSD1	16
214569_at	3442	IFNA5	9
214571_at	2248	FGF3	11
214572_s_at	3640	INSL3	19
214574_x_at	7940	LST1	6
214575_s_at	566	AZU1	19
214576_at	8689	KRT36	17
214577_at	4131	MAP1B	5
214578_s_at	6093	ROCK1	18
214579_at	57185	NIPAL3	1
214581_x_at	27242	TNFRSF21	6
214582_at	5140	PDE3B	11
214583_at	84301	DDI2	1
214584_x_at	32	ACACB	12
214585_s_at	6293	VPS52	6
214586_at	2861	GPR37	7
214587_at	1295	COL8A1	3
214588_s_at	4238	MFAP3	5
214589_at	2257	FGF12	3
214590_s_at	7321	UBE2D1	10
214591_at	56062	KLHL4	X
214592_s_at	10302	SNAPC5	15
214593_at	9063	PIAS2	18
214594_x_at	5205	ATP8B1	18
214595_at	3755	KCNG1	20
214596_at	1131	CHRM3	1
214597_at	6752	SSTR2	17
214598_at	9073	CLDN8	21
214599_at	3713	IVL	1
214600_at	7003	TEAD1	11
214601_at	7166	TPH1	11
214602_at	1286	COL4A4	2
214604_at	3237	HOXD11	2
214605_x_at	2825	CMKLR2	2
214606_at	10100	TSPAN2	1
214607_at	5063	PAK3	X
214608_s_at	2138	EYA1	8
214609_at	401	PHOX2A	11
214610_at	1584	CYP11B1	8
214611_at	2897	GRIK1	21
214612_x_at	4105	MAGEA6	X
214613_at	2827	GPR3	1
214614_at	3110	MNX1	7
214615_at	27334	P2RY10	X
214616_at	8353	H3C6	6
214617_at	5551	PRF1	10
214618_at	8837	CFLAR	2
214620_x_at	5066	PAM	5
214621_at	2998	GYS2	12
214623_at	26226	FBXW4P1	22
214624_at	11045	UPK1A	19
214625_s_at	50488	MINK1	17
214626_s_at	23193	GANAB	11
214627_at	8288	EPX	17
214628_at	4807	NHLH1	1
214629_x_at	57142	RTN4	2
214630_at	1585	CYP11B2	8
214631_at	10009	ZBTB33	X
214632_at	8828	NRP2	2
214633_at	6658	SOX3	X
214634_at	8294	H4C9	6
214635_at	9080	CLDN9	16
214636_at	797	CALCB	11
214637_at	5008	OSM	22
214638_s_at	905	CCNT2	2
214639_s_at	3198	HOXA1	7
214640_at	54346	UNC93A	6
214641_at	1285	COL4A3	2
214643_x_at	274	BIN1	2
214644_at	8330	H2AC15	6
214646_at	8356	H3C12	6
214647_s_at	3077	HFE	6
214648_at	2880	GPX5	6
214649_s_at	8898	MTMR2	11
214650_x_at	4340	MOG	6
214652_at	1812	DRD1	5
214655_at	2830	GPR6	6
214656_x_at	4641	MYO1C	17
214657_s_at	283131	NEAT1	11
214658_at	51014	TMED7	5
214659_x_at	56252	YLPM1	14
214660_at	3672	ITGA1	5
214661_s_at	8602	NOP14	4
214662_at	23160	WDR43	2
214663_at	25778	DSTYK	1
214664_at	10606	PAICS	4
214665_s_at	11261	CHP1	15
214666_x_at	3658	IREB2	15
214667_s_at	9537	TP53I11	11
214668_at	57213	SPRYD7	13
214669_x_at	3514	IGKC	2
214670_at	7586	ZKSCAN1	7
214671_s_at	29	ABR	17
214672_at	23093	TTLL5	14
214673_s_at	10075	HUWE1	X
214674_at	10869	USP19	3
214675_at	23511	NUP188	9
214676_x_at	57876	MUC3B	7
214678_x_at	7543	ZFX	X
214679_x_at	2767	GNA11	19
214680_at	4915	NTRK2	9
214681_at	2710	GK	X
214682_at	105369154	PKD1P6-NPIPP1	16
214683_s_at	1195	CLK1	2
214684_at	4205	MEF2A	15
214685_at	317648	NOP14-AS1	4
214686_at	10781	ZNF266	19
214687_x_at	226	ALDOA	16
214688_at	7091	TLE4	9
214689_at	60676	PAPPA2	1
214690_at	9014	TAF1B	2
214691_x_at	54629	MINDY2	15
214692_s_at	8629	JRK	8
214694_at	23164	MPRIP	17
214695_at	9898	UBAP2L	1
214696_at	84981	MIR22HG	17
214697_s_at	9991	PTBP3	9
214698_at	9991	PTBP3	9
214699_x_at	26100	WIPI2	7
214700_x_at	55183	RIF1	2
214701_s_at	2335	FN1	2
214702_at	2335	FN1	2
214703_s_at	23324	MAN2B2	4
214704_at	22980	TCF25	16
214705_at	10207	PATJ	1
214706_at	7752	ZNF200	16
214707_x_at	7840	ALMS1	2
214708_at	6641	SNTB1	8
214709_s_at	3895	KTN1	14
214710_s_at	891	CCNB1	5
214711_at	283459	GATC	12
214712_at	440352	SNX29P2	16
214713_at	56252	YLPM1	14
214714_at	84124	ZNF394	7
214715_x_at	90338	ZNF160	19
214716_at	55589	BMP2K	4
214717_at	150967	LINC01963	2
214718_at	57798	GATAD1	7
214719_at	283537	SLC46A3	13
214720_x_at	151011	SEPTIN10	2
214721_x_at	23580	CDC42EP4	17
214722_at	388677	NOTCH2NLA	1
214724_at	85458	DIXDC1	11
214725_at	157869	SBSPON	8
214726_x_at	118	ADD1	4
214727_at	675	BRCA2	13
214728_x_at	6597	SMARCA4	19
214729_at	221830	POLR1F	7
214730_s_at	2734	GLG1	16
214732_at	6667	SP1	12
214733_s_at	54432	YIPF1	1
214734_at	23086	EXPH5	11
214735_at	26034	IPCEF1	6
214736_s_at	118	ADD1	4
214737_x_at	3183	HNRNPC	14
214738_s_at	91754	NEK9	14
214739_at	84859	LRCH3	3
214740_at	548644	POLR2J3	7
214741_at	7690	ZNF131	5
214742_at	22994	CEP131	17
214743_at	1523	CUX1	7
214744_s_at	9349	RPL23	17
214745_at	23007	PLCH1	3
214746_s_at	168544	ZNF467	7
214747_at	9889	ZBED4	22
214748_at	10443	N4BP2L2	13
214749_s_at	54470	ARMCX6	X
214750_at	191585	PLAC4	21
214751_at	90333	ZNF468	19
214752_x_at	2316	FLNA	X
214753_at	10443	N4BP2L2	13
214754_at	200424	TET3	2
214755_at	91373	UAP1L1	9
214756_x_at	5379	PMS2P1	7
214757_at	5380	PMS2P2	7
214758_at	26094	DCAF4	14
214759_at	9589	WTAP	6
214760_at	26152	ZNF337	20
214761_at	23090	ZNF423	16
214762_at	534	ATP6V1G2	6
214763_at	26027	ACOT11	1
214764_at	51018	RRP15	1
214765_s_at	27163	NAAA	4
214766_s_at	25909	AHCTF1	1
214767_s_at	126393	HSPB6	19
214769_at	1183	CLCN4	X
214770_at	4481	MSR1	8
214771_x_at	23164	MPRIP	17
214772_at	25758	KIAA1549L	11
214773_x_at	261726	TIPRL	1
214774_x_at	27324	TOX3	16
214775_at	23138	N4BP3	5
214776_x_at	9942	XYLB	3
214777_at	28908	IGKV4-1	2
214778_at	1954	MEGF8	19
214779_s_at	27352	SGSM3	22
214780_s_at	4650	MYO9B	19
214781_at	50944	SHANK1	19
214782_at	2017	CTTN	11
214783_s_at	311	ANXA11	10
214784_x_at	23214	XPO6	16
214785_at	23230	VPS13A	9
214786_at	4214	MAP3K1	5
214787_at	10260	DENND4A	15
214788_x_at	23109	DDN	12
214789_x_at	10929	SRSF8	11
214790_at	26054	SENP6	6
214791_at	93349	SP140L	2
214792_x_at	6844	VAMP2	17
214793_at	1849	DUSP7	3
214794_at	5036	PA2G4	12
214795_at	23613	ZMYND8	20
214796_at	57604	TRMT9B	8
214797_s_at	5129	CDK18	1
214798_at	9914	ATP2C2	16
214799_at	23114	NFASC	1
214800_x_at	689	BTF3	5
214801_at	163590	TOR1AIP2	1
214802_at	23265	EXOC7	17
214803_at	1004	CDH6	5
214804_at	2491	CENPI	X
214805_at	1973	EIF4A1	17
214806_at	636	BICD1	12
214807_at	84898	PLXDC2	10
214808_at	81844	TRIM56	7
214809_at	100294145	LOC100294145	6
214811_at	23504	RIMBP2	12
214812_s_at	55233	MOB1A	2
214813_at	7626	ZNF75D	X
214814_at	91746	YTHDC1	4
214815_at	51592	TRIM33	1
214816_x_at	91442	FAAP24	19
214817_at	23025	UNC13A	19
214818_at	284001	CCDC57	17
214819_at	23096	IQSEC2	X
214820_at	54014	BRWD1	21
214821_at	291	SLC25A4	4
214822_at	57795	BRINP2	1
214823_at	7754	ZNF204P	6
214825_at	728215	NALF1	13
214826_at	201626	PDE12	3
214827_at	84612	PARD6B	20
214829_at	10157	AASS	7
214830_at	145389	SLC38A6	14
214831_at	2005	ELK4	1
214832_at	3172	HNF4A	20
214833_at	9725	TMEM63A	1
214834_at	8123	PWAR5	15
214835_s_at	8801	SUCLG2	3
214837_at	213	ALB	4
214838_at	375035	SFT2D2	1
214839_at	157627	MIR124-1HG	8
214840_at	146691	TOM1L2	17
214841_at	149111	CNIH3	1
214842_s_at	213	ALB	4
214843_s_at	23032	USP33	1
214844_s_at	55816	DOK5	20
214845_s_at	813	CALU	7
214846_s_at	57538	ALPK3	15
214847_s_at	63940	GPSM3	6
214848_at	7534	YWHAZ	8
214849_at	222658	KCTD20	6
214850_at	11039	GUSBP14	5
214851_at	3172	HNF4A	20
214852_x_at	23230	VPS13A	9
214853_s_at	6464	SHC1	1
214856_at	6711	SPTBN1	2
214857_at	100505761	C10orf95-AS1	10
214858_at	100130449	GPC1-AS1	2
214859_at	23105	FSTL4	5
214860_at	84679	SLC9A7	X
214861_at	23081	KDM4C	9
214862_x_at	80312	TET1	10
214864_s_at	9380	GRHPR	9
214865_at	84444	DOT1L	19
214866_at	5329	PLAUR	19
214868_at	9271	PIWIL1	12
214869_x_at	26130	GAPVD1	9
214872_at	55183	RIF1	2
214873_at	91355	LRP5L	22
214874_at	8502	PKP4	2
214875_x_at	334	APLP2	11
214876_s_at	114791	TUBGCP5	15
214877_at	54901	CDKAL1	6
214878_at	7587	ZNF37A	10
214879_x_at	7392	USF2	19
214880_x_at	800	CALD1	7
214881_s_at	7343	UBTF	17
214882_s_at	6427	SRSF2	17
214883_at	7067	THRA	17
214884_at	4168	MCF2	X
214885_at	84148	KAT8	16
214886_s_at	90634	N4BP2L1	13
214887_at	90634	N4BP2L1	13
214888_at	824	CAPN2	1
214889_at	25854	FAM149A	4
214890_s_at	25854	FAM149A	4
214891_at	23014	FBXO21	12
214892_x_at	58509	CACTIN	19
214893_x_at	610	HCN2	19
214894_x_at	23499	MACF1	1
214895_s_at	102	ADAM10	15
214896_at	100996492	CTXND1	15
214898_x_at	57876	MUC3B	7
214899_at	163131	ZNF780B	19
214900_at	7586	ZKSCAN1	7
214901_at	7554	ZNF8	19
214903_at	127833	SYT2	1
214904_at	7592	ZNF41	X
214905_at	5923	RASGRF1	15
214906_x_at	90634	N4BP2L1	13
214907_at	90273	CEACAM21	19
214908_s_at	8295	TRRAP	7
214909_s_at	23564	DDAH2	6
214910_s_at	55937	APOM	6
214911_s_at	6046	BRD2	6
214913_at	9508	ADAMTS3	4
214914_at	220965	FAM13C	10
214915_at	149076	ZNF362	1
214917_at	5562	PRKAA1	5
214918_at	4670	HNRNPM	19
214920_at	221981	THSD7A	7
214921_at	3778	KCNMA1	10
214922_at	83744	ZNF484	9
214923_at	51382	ATP6V1D	14
214924_s_at	22906	TRAK1	3
214925_s_at	6709	SPTAN1	9
214926_at	6709	SPTAN1	9
214927_at	9358	ITGBL1	13
214928_at	23363	OBSL1	2
214929_s_at	84162	BLTP1	4
214930_at	26050	SLITRK5	13
214931_s_at	6733	SRPK2	7
214932_at	57498	KIDINS220	2
214933_at	773	CACNA1A	19
214934_at	374868	ATP9B	18
214936_at	23143	LRCH1	13
214937_x_at	5108	PCM1	8
214938_x_at	3146	HMGB1	13
214939_x_at	4301	AFDN	6
214940_s_at	23293	SMG6	17
214941_s_at	55660	PRPF40A	2
214942_at	23029	RBM34	1
214944_at	23035	PHLPP2	16
214947_at	54491	OTULINL	5
214948_s_at	7110	TMF1	3
214951_at	65012	SLC26A10P	12
214952_at	4684	NCAM1	11
214953_s_at	351	APP	21
214954_at	26032	SUSD5	3
214955_at	164656	TMPRSS6	22
214956_at	22848	AAK1	2
214957_at	81569	ACTL8	1
214958_s_at	11322	TMC6	17
214959_s_at	8539	API5	11
214960_at	8539	API5	11
214961_at	23281	MTUS2	13
214962_s_at	23279	NUP160	11
214963_at	23279	NUP160	11
214965_at	124044	SPATA2L	16
214966_at	2901	GRIK5	19
214968_at	317781	DDX51	12
214969_at	4293	MAP3K9	14
214970_s_at	6480	ST6GAL1	3
214971_s_at	6480	ST6GAL1	3
214972_at	10724	OGA	10
214973_x_at	3495	IGHD	14
214974_x_at	6374	CXCL5	4
214975_s_at	8776	MTMR1	X
214976_at	6137	RPL13	16
214978_s_at	8497	PPFIA4	1
214980_at	7337	UBE3A	15
214981_at	10631	POSTN	13
214982_at	23020	SNRNP200	2
214983_at	64595	TTTY15	Y
214985_at	2131	EXT1	8
214986_x_at	23759	PPIL2	22
214987_at	2549	GAB1	4
214988_s_at	6651	SON	21
214990_at	84720	PIGO	9
214991_s_at	84720	PIGO	9
214992_s_at	1777	DNASE2	19
214993_at	253982	ASPHD1	16
214994_at	200316	APOBEC3F	22
214997_at	286205	SCAI	9
214998_at	22848	AAK1	2
214999_s_at	9727	RAB11FIP3	16
215000_s_at	9637	FEZ2	2
215001_s_at	2752	GLUL	1
215004_s_at	57794	SUGP1	19
215005_at	54550	NECAB2	16
215008_at	7093	TLL2	10
215009_s_at	100499177	THAP9-AS1	4
215010_s_at	9024	BRSK2	11
215011_at	8420	SNHG3	1
215012_at	26036	ZNF451	6
215013_s_at	9736	USP34	2
215014_at	3752	KCND3	1
215015_at	92558	BICDL1	12
215016_x_at	667	DST	6
215017_s_at	54874	FNBP1L	1
215018_at	85459	CEP295	11
215019_x_at	84436	ZNF528	19
215020_at	9369	NRXN3	14
215021_s_at	9369	NRXN3	14
215022_x_at	7582	ZNF33B	10
215023_s_at	5189	PEX1	7
215024_at	221960	CCZ1B	7
215025_at	4916	NTRK3	15
215026_x_at	6337	SCNN1A	12
215027_at	10411	RAPGEF3	12
215028_at	57556	SEMA6A	5
215029_at	79647	AKIRIN1	1
215030_at	2926	GRSF1	4
215031_x_at	55658	RNF126	19
215032_at	6239	RREB1	6
215033_at	4071	TM4SF1	3
215034_s_at	4071	TM4SF1	3
215037_s_at	598	BCL2L1	20
215038_s_at	29072	SETD2	3
215039_at	339524	LINC01140	1
215040_at	79621	RNASEH2B	13
215041_s_at	23348	DOCK9	13
215042_at	654	BMP6	6
215044_s_at	10254	STAM2	2
215045_at	11189	CELF3	1
215046_at	151050	KANSL1L	2
215047_at	25893	TRIM58	1
215048_at	140883	ZNF280B	22
215049_x_at	9332	CD163	12
215050_x_at	9261	MAPKAPK2	1
215051_x_at	199	AIF1	6
215052_at	9758	FRMPD4	X
215053_at	10847	SRCAP	16
215055_at	146712	B3GNTL1	17
215056_at	79605	PGBD5	1
215057_at	100272228	EOLA2-DT	X
215058_at	160518	DENND5B	12
215060_at	101927610	LOC101927610	7
215061_at	399818	EEF1AKMT2	10
215063_x_at	55631	LRRC40	1
215064_at	6309	SC5D	11
215065_at	23133	PHF8	X
215066_at	5792	PTPRF	1
215067_x_at	7001	PRDX2	19
215068_s_at	80028	FBXL18	7
215069_at	9397	NMT2	10
215071_s_at	8334	H2AC6	6
215072_x_at	26098	EDRF1	10
215073_s_at	7026	NR2F2	15
215074_at	4430	MYO1B	2
215075_s_at	2885	GRB2	17
215076_s_at	1281	COL3A1	2
215080_s_at	116986	AGAP2	12
215081_at	23251	MINAR1	15
215082_at	60481	ELOVL5	6
215084_s_at	115353	LRRC42	1
215085_x_at	9940	DLEC1	3
215086_at	25998	IBTK	6
215087_at	56905	C15orf39	15
215088_s_at	6391	SDHC	1
215089_s_at	8241	RBM10	X
215090_x_at	440434	NPEPPSP1	17
215091_s_at	2971	GTF3A	13
215092_s_at	10725	NFAT5	16
215093_at	50814	NSDHL	X
215094_at	152185	SPICE1	3
215096_s_at	2098	ESD	13
215097_at	832	CAPZB	1
215098_at	6257	RXRB	6
215099_s_at	6257	RXRB	6
215100_at	84830	ADTRP	6
215101_s_at	6374	CXCL5	4
215102_at	100129460	DPY19L1P1	7
215103_at	1562	CYP2C18	10
215104_at	83714	NRIP2	12
215105_at	116828	N4BP2L2-IT2	13
215106_at	55001	TTC22	1
215107_s_at	55001	TTC22	1
215108_x_at	27324	TOX3	16
215109_at	149041	RC3H1	1
215111_s_at	8848	TSC22D1	13
215112_x_at	23101	MCF2L2	3
215114_at	26168	SENP3	17
215115_x_at	4916	NTRK3	15
215116_s_at	1759	DNM1	9
215117_at	5897	RAG2	11
215118_s_at	3492	IGH	14
215119_at	23026	MYO16	13
215120_s_at	23034	SAMD4A	14
215122_at	6911	TBX6	16
215124_at	162972	ZNF550	19
215126_at	100996492	CTXND1	15
215127_s_at	5937	RBMS1	2
215129_at	5288	PIK3C2G	12
215130_s_at	124152	IQCK	16
215131_at	124152	IQCK	16
215134_at	55361	PI4K2A	10
215135_at	23549	DNPEP	2
215136_s_at	11340	EXOSC8	13
215138_s_at	23254	KAZN	1
215139_at	9639	ARHGEF10	8
215141_at	317648	NOP14-AS1	4
215142_at	25763	H2AP	X
215143_at	349152	DPY19L2P2	7
215145_s_at	26047	CNTNAP2	7
215146_s_at	23331	TTC28	22
215148_s_at	9546	APBA3	19
215149_at	55966	AJAP1	1
215150_at	55432	YOD1	1
215151_at	55619	DOCK10	2
215152_at	4602	MYB	6
215153_at	9722	NOS1AP	1
215154_at	9706	ULK2	17
215155_at	3073	HEXA	15
215156_at	80349	SKIC8	15
215157_x_at	26986	PABPC1	8
215158_s_at	9191	DEDD	1
215159_s_at	65220	NADK	1
215160_x_at	100289097	FRG1CP	20
215161_at	57172	CAMK1G	1
215162_at	253959	RALGAPA1	14
215165_x_at	7372	UMPS	3
215166_at	22997	IGSF9B	11
215167_at	9282	MED14	X
215168_at	10440	TIMM17A	1
215169_at	9906	SLC35E2A	1
215170_s_at	22995	CEP152	15
215171_s_at	10440	TIMM17A	1
215172_at	26095	PTPN20	10
215173_at	123872	DNAAF1	16
215174_at	388714	FMO6P	1
215175_at	22990	PCNX1	14
215177_s_at	3655	ITGA6	2
215178_x_at	27163	NAAA	4
215179_x_at	5228	PGF	14
215181_at	64405	CDH22	20
215184_at	23604	DAPK2	15
215185_at	100506190	LINC00963	9
215186_at	23329	TBC1D30	12
215187_at	55338	LINC01949	5
215188_at	8428	STK24	13
215189_at	3892	KRT86	12
215190_at	10480	EIF3M	11
215192_at	5382	PMS2P4	7
215194_at	5578	PRKCA	17
215195_at	5578	PRKCA	17
215198_s_at	800	CALD1	7
215199_at	800	CALD1	7
215201_at	85021	REPS1	6
215202_at	91316	GUSBP11	22
215203_at	2803	GOLGA4	3
215205_x_at	9612	NCOR2	12
215208_x_at	6165	RPL35A	3
215209_at	9871	SEC24D	4
215211_at	730092	RRN3P1	16
215213_at	53371	NUP54	4
215214_at	28793	IGLV3-25	22
215215_s_at	81691	REXO5	16
215216_at	64601	VPS16	20
215217_at	3514	IGKC	2
215218_s_at	284403	WDR62	19
215219_at	9980	DOP1B	21
215220_s_at	7175	TPR	1
215222_x_at	23499	MACF1	1
215224_at	619505	SNORA21	17
215225_s_at	2840	GPR17	2
215226_at	23086	EXPH5	11
215227_x_at	52	ACP1	2
215228_at	4808	NHLH2	1
215229_at	100129973	CERNA1	15
215231_at	51422	PRKAG2	7
215232_at	9912	ARHGAP44	17
215233_at	23210	JMJD6	17
215234_at	1859	DYRK1A	21
215235_at	6709	SPTAN1	9
215236_s_at	8301	PICALM	11
215237_at	23348	DOCK9	13
215238_s_at	23348	DOCK9	13
215239_x_at	10793	ZNF273	7
215240_at	3690	ITGB3	17
215241_at	63982	ANO3	11
215243_s_at	2707	GJB3	1
215244_at	26220	DGCR5	22
215245_x_at	2332	FMR1	X
215246_at	51574	LARP7	4
215247_at	100288570	LOC100288570	2
215248_at	2887	GRB10	7
215249_at	6165	RPL35A	3
215250_at	55831	EMC3	3
215253_s_at	1827	RCAN1	21
215254_at	1827	RCAN1	21
215255_at	22997	IGSF9B	11
215256_x_at	115703	ARHGAP33	19
215257_at	51614	ERGIC3	20
215258_at	199731	CADM4	19
215259_s_at	199731	CADM4	19
215260_s_at	6929	TCF3	19
215264_at	2016	EMX1	2
215266_at	55567	DNAH3	16
215267_s_at	6543	SLC8A2	19
215268_at	23499	MACF1	1
215269_at	7109	TRAPPC10	21
215270_at	3955	LFNG	7
215271_at	63923	TNN	1
215272_at	4968	OGG1	3
215273_s_at	10474	TADA3	3
215274_at	6559	SLC12A3	16
215275_at	80342	TRAF3IP3	1
215276_at	90199	WFDC8	20
215277_at	5097	PCDH1	5
215280_s_at	8541	PPFIA3	19
215281_x_at	23126	POGZ	1
215282_at	25847	ANAPC13	3
215283_at	339290	LINC00667	18
215285_s_at	10745	PHTF1	1
215286_s_at	57157	PHTF2	7
215287_at	6801	STRN	2
215288_at	7221	TRPC2	11
215289_at	388567	ZNF749	19
215291_at	57591	MRTFA	22
215292_s_at	57591	MRTFA	22
215293_s_at	27315	PGAP2	11
215294_s_at	6594	SMARCA1	X
215295_at	1838	DTNB	2
215296_at	8476	CDC42BPA	1
215297_at	441204	LINC02981	7
215298_at	105377443	LINC02172	4
215299_x_at	6817	SULT1A1	16
215300_s_at	2330	FMO5	1
215301_at	100130958	SYCE1L	16
215303_at	9201	DCLK1	13
215305_at	5156	PDGFRA	4
215307_at	57711	ZNF529	19
215308_at	2547	XRCC6	22
215309_at	641339	ZNF674	X
215310_at	324	APC	5
215311_at	4916	NTRK3	15
215313_x_at	3105	HLA-A	6
215315_at	256051	ZNF549	19
215318_at	100462953	MICOS10P1	13
215319_at	148229	ATP8B3	19
215320_at	645961	SPATA31C2	9
215321_at	154661	RUNDC3B	7
215322_at	91694	LONRF1	8
215323_at	338645	LUZP2	11
215324_at	223117	SEMA3D	7
215325_x_at	255057	CBARP	19
215326_at	10298	PAK4	19
215328_at	22979	EFR3B	2
215331_at	22989	MYH15	3
215332_s_at	926	CD8B	2
215333_x_at	2944	GSTM1	1
215334_at	22979	EFR3B	2
215336_at	11215	AKAP11	13
215337_at	9862	MED24	17
215338_s_at	4820	NKTR	3
215339_at	4820	NKTR	3
215340_at	107	ADCY1	7
215341_at	1768	DNAH6	2
215342_s_at	9910	RABGAP1L	1
215345_x_at	6981	TRGV7	7
215346_at	958	CD40	20
215348_at	107	ADCY1	7
215349_at	643376	BTBD18	11
215350_at	23345	SYNE1	6
215352_at	55340	GIMAP5	7
215354_s_at	27043	PELP1	17
215355_at	25833	POU2F3	11
215356_at	91646	TDRD12	19
215357_s_at	84271	POLDIP3	22
215358_x_at	100129482	ZNF37BP	10
215359_x_at	51710	ZNF44	19
215361_at	80005	DOCK5	8
215364_s_at	23334	SZT2	1
215365_at	783	CACNB2	10
215366_at	23161	SNX13	7
215367_at	57710	KIAA1614	1
215368_at	4703	NEB	2
215371_at	9442	MED27	9
215372_x_at	9223	MAGI1	3
215374_at	10914	PAPOLA	14
215375_x_at	9208	LRRFIP1	2
215377_at	1488	CTBP2	10
215380_s_at	79017	GGCT	7
215381_at	2475	MTOR	1
215383_x_at	51324	SPG21	15
215384_s_at	4130	MAP1A	15
215389_s_at	7139	TNNT2	1
215391_at	4130	MAP1A	15
215393_s_at	22837	COBLL1	2
215394_at	5289	PIK3C3	18
215395_x_at	154754	PRSS3P2	7
215396_at	84059	ADGRV1	5
215399_s_at	10956	OS9	12
215400_x_at	115	ADCY9	16
215402_at	10513	APPBP2	17
215404_x_at	2260	FGFR1	8
215407_s_at	23245	ASTN2	9
215409_at	254531	LPCAT4	15
215411_s_at	10758	TRAF3IP2	6
215412_x_at	5379	PMS2P1	7
215413_at	23265	EXOC7	17
215414_at	10667	FARS2	6
215415_s_at	1130	LYST	1
215416_s_at	30968	STOML2	9
215417_at	23233	EXOC6B	2
215418_at	55742	PARVA	11
215419_at	23217	ZFR2	19
215420_at	3549	IHH	2
215422_at	10299	MARCHF6	5
215423_at	10299	MARCHF6	5
215424_s_at	22938	SNW1	14
215425_at	10950	BTG3	21
215426_at	23174	ZCCHC14	16
215427_s_at	23174	ZCCHC14	16
215429_s_at	126299	ZNF428	19
215430_at	2712	GK2	4
215431_at	6641	SNTB1	8
215432_at	116285	ACSM1	16
215433_at	23333	DPY19L1	7
215436_at	84263	HSDL2	9
215437_x_at	11176	BAZ2A	12
215438_x_at	2935	GSPT1	16
215440_s_at	56271	BEX4	X
215442_s_at	7253	TSHR	14
215443_at	7253	TSHR	14
215444_s_at	11074	TRIM31	6
215446_s_at	4015	LOX	5
215449_at	222642	TSPO2	6
215450_at	6635	SNRPE	1
215451_s_at	4299	AFF1	4
215452_x_at	387082	SUMO4	6
215454_x_at	6440	SFTPC	8
215455_at	8914	TIMELESS	12
215458_s_at	57154	SMURF1	7
215460_x_at	23774	BRD1	22
215461_at	148066	ZNRF4	19
215462_at	1263	PLK3	1
215463_at	26648	OR7E24	19
215465_at	26154	ABCA12	2
215467_x_at	647070	DHX9-AS1	1
215468_at	647070	DHX9-AS1	1
215469_at	26050	SLITRK5	13
215470_at	653238	GTF2H2B	5
215471_s_at	9053	MAP7	6
215472_at	135138	PACRG	6
215478_at	9699	RIMS2	8
215481_s_at	5830	PEX5	12
215482_s_at	8890	EIF2B4	2
215483_at	10142	AKAP9	7
215485_s_at	3383	ICAM1	19
215486_at	221823	PRPS1L1	7
215487_x_at	728882	FAM182B	20
215489_x_at	9454	HOMER3	19
215490_at	200205	IBA57	1
215491_at	4610	MYCL	1
215492_x_at	171558	PTCRA	6
215493_x_at	11120	BTN2A1	6
215495_s_at	23034	SAMD4A	14
215496_at	23034	SAMD4A	14
215497_s_at	23038	WDTC1	1
215498_s_at	5606	MAP2K3	17
215499_at	5606	MAP2K3	17
215500_at	92017	SNX29	16
215501_s_at	11221	DUSP10	1
215503_at	10816	SPINT3	20
215504_x_at	100505494	ANKRD10-IT1	13
215505_s_at	29966	STRN3	14
215506_s_at	9077	DIRAS3	1
215508_at	699	BUB1	2
215509_s_at	699	BUB1	2
215510_at	2116	ETV2	19
215511_at	6942	TCF20	22
215512_at	10299	MARCHF6	5
215513_at	57061	HYMAI	6
215516_at	22798	LAMB4	7
215517_at	26108	PYGO1	15
215518_at	9515	STXBP5L	3
215519_x_at	27352	SGSM3	22
215520_at	26108	PYGO1	15
215521_at	80012	PHC3	3
215522_at	22986	SORCS3	10
215523_at	346157	ZNF391	6
215527_at	202559	KHDRBS2	6
215529_x_at	23181	DIP2A	21
215530_at	2175	FANCA	16
215531_s_at	2558	GABRA5	15
215532_x_at	57615	ZNF492	19
215533_s_at	10277	UBE4B	1
215535_s_at	10554	AGPAT1	6
215536_at	3120	HLA-DQB2	6
215537_x_at	23564	DDAH2	6
215538_at	9215	LARGE1	22
215541_s_at	1729	DIAPH1	5
215542_at	60686	C14orf93	14
215543_s_at	9215	LARGE1	22
215544_s_at	22888	UBOX5	20
215546_at	5711	PSMD5	9
215547_at	9819	TSC22D2	3
215548_s_at	23256	SCFD1	14
215549_x_at	643854	CTAGE9	6
215550_at	9901	SRGAP3	3
215551_at	2099	ESR1	6
215552_s_at	2099	ESR1	6
215554_at	2822	GPLD1	6
215558_at	23304	UBR2	6
215559_at	368	ABCC6	16
215560_x_at	54516	MTRF1L	6
215561_s_at	3554	IL1R1	2
215562_at	22996	TTC39A	1
215563_s_at	11223	MST1L	1
215564_at	374	AREG	4
215565_at	101929272	DTNB-AS1	2
215566_x_at	11313	LYPLA2	1
215567_at	51077	FCF1	14
215568_x_at	11313	LYPLA2	1
215573_at	847	CAT	11
215575_at	9659	PDE4DIP	1
215579_at	60489	APOBEC3G	22
215580_at	8888	MCM3AP	21
215581_s_at	8888	MCM3AP	21
215582_x_at	8888	MCM3AP	21
215583_at	9725	TMEM63A	1
215584_at	23072	HECW1	7
215588_x_at	8780	RIOK3	18
215590_x_at	100128640	ACVR2B-AS1	3
215591_at	23314	SATB2	2
215594_at	100616497	ERV9-1	11
215596_s_at	26046	LTN1	21
215598_at	54970	TTC12	11
215600_x_at	285231	FBXW12	3
215602_at	221472	FGD2	6
215605_at	10499	NCOA2	8
215606_s_at	23085	ERC1	12
215611_at	6938	TCF12	15
215613_at	8038	ADAM12	10
215616_s_at	23030	KDM4B	19
215617_at	26010	SPATS2L	2
215618_at	6251	RSU1	10
215620_at	6239	RREB1	6
215621_s_at	3495	IGHD	14
215622_x_at	51533	PHF7	3
215623_x_at	10051	SMC4	3
215624_at	7249	TSC2	16
215627_at	101926913	ERICH2-DT	2
215631_s_at	25855	BRMS1	11
215632_at	63973	NEUROG2	4
215633_x_at	7940	LST1	6
215636_at	23352	UBR4	1
215637_at	95681	CEP41	7
215638_at	2065	ERBB3	12
215639_at	10044	SH2D3C	9
215640_at	23102	TBC1D2B	15
215641_at	9871	SEC24D	4
215643_at	223117	SEMA3D	7
215644_at	9849	ZNF518A	10
215645_at	201163	FLCN	17
215646_s_at	1462	VCAN	5
215649_s_at	4598	MVK	12
215652_at	6392	SDHD	11
215654_at	587	BCAT2	19
215655_at	2898	GRIK2	6
215656_at	10960	LMAN2	5
215657_at	1811	SLC26A3	7
215658_at	100289255	TMEM238L	17
215659_at	55876	GSDMB	17
215660_s_at	23139	MAST2	1
215661_at	23139	MAST2	1
215663_at	4154	MBNL1	3
215664_s_at	2044	EPHA5	4
215666_at	3126	HLA-DRB4	6
215668_s_at	5364	PLXNB1	3
215669_at	3126	HLA-DRB4	6
215670_s_at	54581	SCAND2P	15
215671_at	5142	PDE4B	1
215672_s_at	23382	AHCYL2	7
215673_at	7008	TEF	22
215675_at	7008	TEF	22
215676_at	2972	BRF1	14
215677_s_at	2972	BRF1	14
215678_at	440792	PRODHLP	22
215679_at	104564224	LUNAR1	15
215682_at	440792	PRODHLP	22
215683_at	100506070	RBFADN	18
215684_s_at	84164	ASCC2	22
215685_s_at	1746	DLX2	2
215686_x_at	7021	TFAP2B	6
215687_x_at	23236	PLCB1	20
215688_at	5923	RASGRF1	15
215689_s_at	6462	SHBG	17
215690_x_at	8733	GPAA1	8
215691_x_at	51668	IFT25	1
215692_s_at	744	MPPED2	11
215693_x_at	55661	DDX27	20
215694_at	79029	AFG2B	15
215695_s_at	8908	GYG2	X
215696_s_at	9919	SEC16A	9
215698_at	5927	KDM5A	12
215699_x_at	9814	SFI1	22
215700_x_at	9362	CPNE6	14
215702_s_at	1080	CFTR	7
215703_at	1080	CFTR	7
215704_at	2312	FLG	1
215705_at	5536	PPP5C	19
215706_x_at	7791	ZYX	7
215707_s_at	5621	PRNP	20
215708_s_at	5558	PRIM2	6
215709_at	5558	PRIM2	6
215710_at	6484	ST3GAL4	11
215711_s_at	7465	WEE1	11
215712_s_at	3483	IGFALS	16
215714_s_at	6597	SMARCA4	19
215715_at	6530	SLC6A2	16
215716_s_at	490	ATP2B1	12
215717_s_at	2201	FBN2	5
215718_s_at	23469	PHF3	6
215719_x_at	355	FAS	10
215720_s_at	4800	NFYA	6
215722_s_at	6627	SNRPA1	15
215723_s_at	5337	PLD1	3
215724_at	5337	PLD1	3
215725_at	25786	DGCR11	22
215726_s_at	1528	CYB5A	18
215727_x_at	54470	ARMCX6	X
215728_s_at	11332	ACOT7	1
215729_s_at	51442	VGLL1	X
215730_at	51442	VGLL1	X
215731_s_at	10198	MPHOSPH9	12
215732_s_at	113878	DTX2	7
215733_x_at	30848	CTAG2	X
215734_at	113177	IZUMO4	19
215735_s_at	7249	TSC2	16
215736_at	27012	KCNV1	8
215737_x_at	7392	USF2	19
215738_at	100861554	LINC00563	13
215739_s_at	10426	TUBGCP3	13
215740_at	5799	PTPRN2	7
215741_x_at	26993	AKAP8L	19
215743_at	9397	NMT2	10
215744_at	2521	FUS	16
215747_s_at	1104	RCC1	1
215748_at	283212	KLHL35	11
215749_s_at	64689	GORASP1	3
215751_at	64062	RBM26	13
215752_at	23235	SIK2	11
215754_at	950	SCARB2	4
215756_at	730227	BTG2-DT	1
215757_at	5591	PRKDC	8
215758_x_at	81931	ZNF93	19
215759_at	79998	ANKRD53	2
215760_s_at	22904	SBNO2	19
215761_at	23312	DMXL2	15
215764_x_at	161	AP2A2	11
215765_at	10489	LRRC41	1
215767_at	91752	ZNF804A	2
215769_at	28667	TRAV16	14
215770_at	8587	OR7E2P	11
215771_x_at	5979	RET	10
215772_x_at	8801	SUCLG2	3
215773_x_at	10038	PARP2	14
215776_at	3645	INSRR	1
215777_at	28785	IGLV4-60	22
215779_s_at	8339	H2BC8	6
215780_s_at	6418	SET	9
215781_s_at	8940	TOP3B	22
215782_at	282808	RAB40AL	X
215783_s_at	249	ALPL	1
215784_at	913	CD1E	1
215785_s_at	26999	CYFIP2	5
215787_at	59	ACTA2	10
215788_at	85452	CFAP74	1
215789_s_at	55966	AJAP1	1
215790_at	55966	AJAP1	1
215792_s_at	55735	DNAJC11	1
215793_at	9108	MTMR7	8
215794_x_at	2747	GLUD2	X
215795_at	57644	MYH7B	20
215796_at	28670	TRAV13-2	14
215798_at	10840	ALDH1L1	3
215799_at	101927051	PDXP-DT	22
215800_at	53905	DUOX1	15
215803_at	55086	RADX	X
215804_at	2041	EPHA1	7
215807_s_at	5364	PLXNB1	3
215808_at	5655	KLK10	19
215809_at	1564	CYP2D7	22
215810_x_at	667	DST	6
215811_at	6622	SNCA	4
215813_s_at	5742	PTGS1	9
215814_at	667	DST	6
215816_at	91316	GUSBP11	22
215817_at	5275	SERPINB13	18
215818_at	283927	NUDT7	16
215820_x_at	23161	SNX13	7
215821_x_at	5671	PSG3	19
215822_x_at	4661	MYT1	20
215826_x_at	90485	ZNF835	19
215827_x_at	114819	CROCCP3	1
215829_at	22941	SHANK2	11
215830_at	22941	SHANK2	11
215832_x_at	8301	PICALM	11
215833_s_at	56928	SPPL2B	19
215834_x_at	949	SCARB1	12
215835_at	949	SCARB1	12
215838_at	353514	LILRA5	19
215839_at	353514	LILRA5	19
215840_at	146754	DNAH2	17
215841_at	2979	GUCA1B	6
215842_s_at	23250	ATP11A	13
215843_s_at	7093	TLL2	10
215844_at	30000	TNPO2	19
215847_at	283755	HERC2P3	15
215848_at	49855	SCAPER	15
215849_x_at	118491	CFAP70	10
215850_s_at	4698	NDUFA5	7
215851_at	2122	MECOM	3
215852_x_at	140710	MTCL2	20
215855_s_at	7110	TMF1	3
215856_at	284266	SIGLEC15	18
215857_at	56926	NCLN	19
215859_at	56926	NCLN	19
215860_at	91683	SYT12	11
215861_at	101927770	ZNF217-AS1	20
215863_at	7036	TFR2	7
215865_at	91683	SYT12	11
215867_x_at	771	CA12	15
215870_s_at	5322	PLA2G5	1
215871_at	5322	PLA2G5	1
215873_x_at	89845	ABCC10	6
215876_at	105376196	LOC105376196	9
215879_at	3688	ITGB1	10
215880_at	4669	NAGLU	17
215882_at	22995	CEP152	15
215883_at	1495	CTNNA1	5
215884_s_at	29978	UBQLN2	X
215885_at	727837	SSX2B	X
215886_x_at	219333	USP12	13
215887_at	11179	ZNF277	7
215888_at	23047	PDS5B	13
215889_at	6498	SKIL	3
215890_at	2760	GM2A	5
215891_s_at	2760	GM2A	5
215892_at	126070	ZNF440	19
215894_at	5729	PTGDR	14
215895_x_at	123	PLIN2	9
215897_at	81857	MED25	19
215898_at	23093	TTLL5	14
215901_at	347344	ZNF81	X
215903_s_at	23139	MAST2	1
215904_at	4301	AFDN	6
215905_s_at	9410	SNRNP40	1
215909_x_at	50488	MINK1	17
215910_s_at	22862	FNDC3A	13
215911_x_at	492	ATP2B3	X
215912_at	2775	GNAO1	16
215913_s_at	51454	GULP1	2
215914_at	105375582	LOC105375582	7
215915_at	51454	GULP1	2
215917_at	642636	RAD21L1	20
215918_s_at	6711	SPTBN1	2
215919_s_at	64963	MRPS11	15
215922_at	85021	REPS1	6
215923_s_at	23550	PSD4	2
215925_s_at	971	CD72	9
215926_x_at	6621	SNAPC4	9
215927_at	10564	ARFGEF2	20
215929_at	100507605	LINC00837	10
215930_s_at	4253	MIA2	14
215931_s_at	10564	ARFGEF2	20
215932_at	51438	MAGEC2	X
215933_s_at	3087	HHEX	10
215936_s_at	23325	WASHC4	12
215937_at	5729	PTGDR	14
215938_s_at	8398	PLA2G6	22
215940_at	101927498	LINC01361	1
215942_s_at	51512	GTSE1	22
215944_at	101927498	LINC01361	1
215945_s_at	23321	TRIM2	4
215946_x_at	91353	IGLL3P	22
215948_x_at	9205	ZMYM5	13
215951_at	23102	TBC1D2B	15
215952_s_at	4946	OAZ1	19
215953_at	284649	SMG7-AS1	1
215954_s_at	58509	CACTIN	19
215955_x_at	23092	ARHGAP26	5
215957_at	7321	UBE2D1	10
215959_at	8495	PPFIBP2	11
215960_at	6527	SLC5A4	22
215961_at	2161	F12	5
215963_x_at	6122	RPL3	22
215966_x_at	2713	GK3	4
215967_s_at	4063	LY9	1
215970_at	100130331	LOC100130331	1
215972_at	25859	PART1	5
215973_at	80868	HCG4B	6
215975_x_at	2710	GK	X
215977_x_at	2710	GK	X
215978_x_at	170960	ZNF721	4
215979_s_at	6541	SLC7A1	13
215980_s_at	3508	IGHMBP2	11
215981_at	100505534	GPR176-DT	15
215982_s_at	1797	DXO	6
215983_s_at	7993	UBXN8	8
215984_s_at	10139	ARFRP1	20
215985_at	80862	POLR1HASP	6
215987_at	9693	RAPGEF2	4
215988_s_at	1739	DLG1	3
215989_at	84733	CBX2	17
215990_s_at	604	BCL6	3
215991_s_at	23065	EMC1	1
215992_s_at	9693	RAPGEF2	4
215994_x_at	23061	TBC1D9B	5
215997_s_at	8450	CUL4B	X
215999_at	374286	FBXW10B	17
216001_at	390999	PRAMEF12	1
216003_at	374286	FBXW10B	17
216004_s_at	5316	PKNOX1	21
216005_at	3371	TNC	9
216008_s_at	10425	ARIH2	3
216009_at	55334	SLC39A9	14
216010_x_at	2525	FUT3	19
216011_at	55334	SLC39A9	14
216013_at	158586	ZXDB	X
216015_s_at	114548	NLRP3	1
216016_at	114548	NLRP3	1
216017_s_at	4665	NAB2	12
216018_at	6048	RNF5	6
216019_x_at	23187	PHLDB1	11
216020_at	64135	IFIH1	2
216021_s_at	8001	GLRA3	4
216023_at	23030	KDM4B	19
216024_at	1785	DNM2	19
216025_x_at	1559	CYP2C9	10
216026_s_at	5426	POLE	12
216027_at	56255	TMX4	20
216030_s_at	6407	SEMG2	20
216031_x_at	90861	JPT2	16
216032_s_at	51614	ERGIC3	20
216033_s_at	2534	FYN	6
216034_at	129025	ZNF280A	22
216035_x_at	6934	TCF7L2	10
216036_x_at	23038	WDTC1	1
216037_x_at	6934	TCF7L2	10
216038_x_at	1616	DAXX	6
216039_at	2555	GABRA2	4
216041_x_at	2896	GRN	17
216042_at	8718	TNFRSF25	1
216044_x_at	388650	DIPK1A	1
216045_at	9720	CCDC144A	17
216047_x_at	23544	SEZ6L	22
216048_s_at	22836	RHOBTB3	5
216049_at	22836	RHOBTB3	5
216051_x_at	100169750	PRINS	10
216052_x_at	9048	ARTN	1
216054_x_at	4635	MYL4	17
216055_at	5155	PDGFB	22
216056_at	960	CD44	11
216057_at	25782	RAB3GAP2	1
216058_s_at	1557	CYP2C19	10
216059_at	5077	PAX3	2
216060_s_at	23002	DAAM1	14
216061_x_at	5155	PDGFB	22
216063_at	3044	HBBP1	11
216064_s_at	175	AGA	4
216065_at	8705	B3GALT4	6
216066_at	19	ABCA1	9
216069_at	3275	PRMT2	21
216071_x_at	9968	MED12	X
216073_at	390616	ANKRD34C	15
216074_x_at	23286	WWC1	5
216075_at	8869	ST3GAL5	2
216076_at	26013	L3MBTL1	20
216077_s_at	26013	L3MBTL1	20
216079_at	7957	EPM2A	6
216080_s_at	3995	FADS3	11
216081_at	3910	LAMA4	6
216082_at	10825	NEU3	11
216083_s_at	10825	NEU3	11
216084_at	389715	SPATA31F2P	9
216085_at	84033	OBSCN	1
216086_at	22987	SV2C	5
216088_s_at	5688	PSMA7	20
216091_s_at	8945	BTRC	10
216092_s_at	23428	SLC7A8	14
216095_x_at	8776	MTMR1	X
216096_s_at	9378	NRXN1	2
216097_at	9678	PHF14	7
216099_at	93164	HTR7P1	12
216100_s_at	26092	TOR1AIP1	1
216102_at	23187	PHLDB1	11
216103_at	26027	ACOT11	1
216105_x_at	5524	PTPA	9
216109_at	23389	MED13L	12
216111_x_at	5387	PMS2P3	7
216113_at	10152	ABI2	2
216114_at	51517	NCKIPSD	3
216115_at	4763	NF1	17
216116_at	51517	NCKIPSD	3
216117_at	23404	EXOSC2	9
216119_s_at	25876	SPEF1	20
216120_s_at	491	ATP2B2	3
216125_s_at	10048	RANBP9	6
216126_at	284440	LINC00663	19
216127_at	64714	PDIA2	16
216128_at	6904	TBCD	17
216129_at	10079	ATP9A	20
216131_at	23150	FRMD4B	3
216133_at	28662	TRAV21	14
216134_at	23150	FRMD4B	3
216135_at	124152	IQCK	16
216137_s_at	23162	MAPK8IP3	16
216139_s_at	23162	MAPK8IP3	16
216149_at	147172	LRRC37BP1	17
216153_x_at	8434	RECK	9
216156_at	8434	RECK	9
216161_at	55206	SBNO1	12
216162_at	55206	SBNO1	12
216164_at	10446	LRRN2	1
216165_at	84253	GARNL3	9
216167_at	10446	LRRN2	1
216178_x_at	3688	ITGB1	10
216180_s_at	8871	SYNJ2	6
216181_at	8871	SYNJ2	6
216182_at	8871	SYNJ2	6
216183_at	7052	TGM2	20
216184_s_at	22999	RIMS1	6
216185_at	10690	FUT9	6
216188_at	10408	MYCNOS	2
216190_x_at	3688	ITGB1	10
216191_s_at	28516	TRDV3	14
216192_at	2173	FABP7	6
216194_s_at	1155	TBCB	19
216195_at	287	ANK2	4
216196_at	440366	HERC2P8	16
216199_s_at	4216	MAP3K4	6
216200_at	9842	PLEKHM1	17
216202_s_at	9517	SPTLC2	14
216203_at	9517	SPTLC2	14
216204_at	1312	COMT	22
216205_s_at	9927	MFN2	1
216206_x_at	5609	MAP2K7	19
216207_x_at	28902	IGKV1D-13	2
216208_s_at	1388	ATF6B	6
216209_at	400084	LINC00939	12
216210_x_at	11078	TRIOBP	22
216211_at	54906	TASOR2	10
216212_s_at	1736	DKC1	X
216213_at	4750	NEK1	4
216215_s_at	23543	RBFOX2	22
216216_at	6586	SLIT3	5
216217_at	23228	PLCL2	3
216218_s_at	23228	PLCL2	3
216219_at	363	AQP6	12
216220_s_at	134	ADORA1	1
216221_s_at	23369	PUM2	2
216222_s_at	4651	MYO10	5
216223_at	1370	CPN2	3
216224_s_at	10013	HDAC6	X
216226_at	6875	TAF4B	18
216228_s_at	11169	WDHD1	14
216230_x_at	6609	SMPD1	11
216231_s_at	567	B2M	15
216232_s_at	10985	GCN1	12
216233_at	9332	CD163	12
216234_s_at	5566	PRKACA	19
216235_s_at	1909	EDNRA	4
216237_s_at	4174	MCM5	22
216238_s_at	2244	FGB	4
216239_at	27241	BBS9	7
216240_at	5820	PVT1	8
216241_s_at	6917	TCEA1	8
216243_s_at	3557	IL1RN	2
216244_at	3557	IL1RN	2
216245_at	3557	IL1RN	2
216247_at	6224	RPS20	8
216248_s_at	4929	NR4A2	2
216249_at	5820	PVT1	8
216250_s_at	9404	LPXN	11
216251_s_at	23170	TTLL12	22
216252_x_at	355	FAS	10
216253_s_at	29780	PARVB	22
216255_s_at	2918	GRM8	7
216256_at	2918	GRM8	7
216257_at	5275	SERPINB13	18
216258_s_at	5275	SERPINB13	18
216260_at	23405	DICER1	14
216261_at	3690	ITGB3	17
216262_s_at	60436	TGIF2	20
216263_s_at	25983	NGDN	14
216264_s_at	3913	LAMB2	3
216265_x_at	4625	MYH7	14
216266_s_at	10565	ARFGEF1	8
216267_s_at	11070	TMEM115	3
216268_s_at	182	JAG1	20
216269_s_at	2006	ELN	7
216271_x_at	85360	SYDE1	19
216272_x_at	85360	SYDE1	19
216273_at	10794	ZNF460	19
216274_s_at	23478	SEC11A	15
216275_at	699	BUB1	2
216276_s_at	1587	ADAM3A	8
216277_at	699	BUB1	2
216279_at	10794	ZNF460	19
216280_s_at	23405	DICER1	14
216281_at	23405	DICER1	14
216282_x_at	5432	POLR2C	16
216283_s_at	5817	PVR	19
216285_at	8220	ESS2	22
216288_at	10800	CYSLTR1	X
216289_at	347088	ADGRD2	9
216291_at	126070	ZNF440	19
216293_at	1211	CLTA	9
216294_s_at	84162	BLTP1	4
216295_s_at	1211	CLTA	9
216296_at	1211	CLTA	9
216299_s_at	7517	XRCC3	14
216300_x_at	5914	RARA	17
216303_s_at	8776	MTMR1	X
216304_x_at	10730	YME1L1	10
216305_s_at	6936	GCFC2	2
216306_x_at	5725	PTBP1	19
216307_at	1607	DGKB	7
216308_x_at	9380	GRHPR	9
216309_x_at	8629	JRK	8
216310_at	57551	TAOK1	17
216311_at	728361	OVOL3	19
216312_at	492	ATP2B3	X
216313_at	54661	PCDHB17P	5
216314_at	167	CRISP1	6
216317_x_at	6006	RHCE	1
216320_x_at	4485	MST1	3
216321_s_at	2908	NR3C1	5
216322_at	965	CD58	1
216323_x_at	113457	TUBA3D	2
216325_x_at	100533107	RTEL1-TNFRSF6B	20
216326_s_at	8841	HDAC3	5
216327_s_at	27181	SIGLEC8	19
216328_at	27181	SIGLEC8	19
216330_s_at	5463	POU6F1	12
216331_at	3679	ITGA7	12
216332_at	5463	POU6F1	12
216336_x_at	4493	MT1E	16
216338_s_at	25844	YIPF3	6
216340_s_at	1550	CYP2A7P1	19
216341_s_at	2798	GNRHR	4
216344_at	261734	NPHP4	1
216345_at	23053	ZSWIM8	10
216346_at	266629	SEC14L3	22
216347_s_at	23368	PPP1R13B	14
216349_at	160851	DGKH	13
216350_s_at	7556	ZNF10	12
216352_x_at	56112	PCDHGA3	5
216355_at	54661	PCDHB17P	5
216356_x_at	8938	BAIAP3	16
216357_at	6642	SNX1	15
216359_at	4589	MUC7	4
216360_x_at	23223	RRP12	10
216361_s_at	7994	KAT6A	8
216364_s_at	2334	AFF2	X
216367_at	1285	COL4A3	2
216368_s_at	1285	COL4A3	2
216370_s_at	8277	TKTL1	X
216373_at	202018	TAPT1	4
216375_s_at	2119	ETV5	3
216376_x_at	3734	ANOS2P	Y
216377_x_at	251	ALPG	2
216379_x_at	100133941	CD24	6
216381_x_at	22977	AKR7A3	1
216382_s_at	8085	KMT2D	12
216384_x_at	5757	PTMA	2
216385_at	220077	LOC220077	11
216386_at	220077	LOC220077	11
216388_s_at	1241	LTB4R	14
216389_s_at	80344	DCAF11	14
216390_at	3931	LCAT	16
216392_s_at	11196	SEC23IP	10
216393_at	84458	LCOR	10
216395_at	80028	FBXL18	7
216396_s_at	9538	EI24	11
216397_s_at	23246	BOP1	8
216398_at	2994	GYPB	4
216399_s_at	49855	SCAPER	15
216402_at	284904	SEC14L4	22
216403_at	160824	SP3P	13
216404_at	6315	ATXN8OS	13
216407_at	55697	VAC14	16
216408_at	81697	OR2B2	6
216409_at	23305	ACSL6	5
216415_at	55567	DNAH3	16
216417_x_at	3219	HOXB9	17
216419_at	9696	CROCC	1
216424_at	920	CD4	12
216427_at	103752589	TMEM92-AS1	17
216428_x_at	90011	KIR3DX1	19
216432_at	9153	SLC28A2	15
216433_s_at	7799	PRDM2	1
216434_at	55020	TTC38	22
216435_at	5607	MAP2K5	15
216436_at	30849	PIK3R4	3
216438_s_at	7114	TMSB4X	X
216439_at	10188	TNK2	3
216442_x_at	2335	FN1	2
216445_at	7799	PRDM2	1
216449_x_at	7184	HSP90B1	12
216450_x_at	7184	HSP90B1	12
216451_at	11329	STK38	6
216452_at	80036	TRPM3	9
216453_at	57336	ZNF287	17
216454_at	55621	TRMT1	19
216455_at	55501	CHST12	7
216457_s_at	10291	SF3A1	22
216458_at	130814	SLC66A3	2
216459_x_at	414771	DDR1-DT	6
216460_at	55501	CHST12	7
216464_x_at	11251	PTGDR2	11
216466_at	89795	NAV3	12
216468_s_at	91120	ZNF682	19
216469_at	100505852	ZNF355P	21
216480_x_at	8028	MLLT10	10
216481_at	80852	GRIP2	3
216482_x_at	7633	ZNF79	9
216483_s_at	56005	MYDGF	19
216485_s_at	7177	TPSAB1	16
216486_x_at	7633	ZNF79	9
216488_s_at	23250	ATP11A	13
216490_x_at	442175	RPLP2P1	6
216491_x_at	3507	IGHM	14
216492_at	90011	KIR3DX1	19
216493_s_at	10643	IGF2BP3	7
216499_at	101929073	LOC101929073	10
216501_at	55697	VAC14	16
216502_at	81875	ISG20L2	1
216503_s_at	8028	MLLT10	10
216504_s_at	64116	SLC39A8	4
216506_x_at	8028	MLLT10	10
216507_at	202018	TAPT1	4
216509_x_at	8028	MLLT10	10
216511_s_at	6934	TCF7L2	10
216512_s_at	1638	DCT	13
216513_at	1638	DCT	13
216517_at	28904	IGKV1D-8	2
216519_s_at	11212	PLPBP	8
216520_s_at	7178	TPT1	13
216521_s_at	79184	BRCC3	X
216522_at	26212	OR2B6	6
216525_x_at	5387	PMS2P3	7
216526_x_at	3107	HLA-C	6
216533_at	5095	PCCA	13
216536_at	26651	OR7E19P	19
216537_s_at	27036	SIGLEC7	19
216539_at	92552	ATXN3L	X
216540_at	10730	YME1L1	10
216544_at	159162	RBMY2FP	Y
216546_s_at	1116	CHI3L1	1
216548_x_at	128872	HMGB3P1	20
216549_s_at	55633	TBC1D22B	6
216550_x_at	23253	ANKRD12	18
216551_x_at	5335	PLCG1	20
216552_x_at	3809	KIR2DS4	19
216555_at	253143	PRR14L	22
216560_x_at	28803	IGLV3-10	22
216563_at	23253	ANKRD12	18
216572_at	2300	FOXL1	16
216579_at	127534	GJB4	1
216582_at	94026	POM121L2	6
216585_at	8333	H2AC10P	6
216587_s_at	8325	FZD8	10
216590_at	346562	GNAT3	7
216591_s_at	6391	SDHC	1
216592_at	139081	MAGEC3	X
216593_s_at	5279	PIGC	1
216594_x_at	1645	AKR1C1	10
216595_at	121006	FAM186A	12
216596_at	26082	LINC02249	15
216598_s_at	6347	CCL2	17
216599_x_at	9356	SLC22A6	11
216600_x_at	229	ALDOB	9
216601_at	90586	AOC4P	17
216602_s_at	2193	FARSA	19
216603_at	23428	SLC7A8	14
216604_s_at	23428	SLC7A8	14
216605_s_at	90273	CEACAM21	19
216608_at	26102	DKFZP434A062	9
216609_at	7295	TXN	9
216610_at	6530	SLC6A2	16
216611_s_at	6530	SLC6A2	16
216615_s_at	3359	HTR3A	11
216617_s_at	4099	MAG	19
216620_s_at	9639	ARHGEF10	8
216622_at	22798	LAMB4	7
216623_x_at	27324	TOX3	16
216624_s_at	4297	KMT2A	11
216627_s_at	2683	B4GALT1	9
216629_at	23524	SRRM2	16
216632_at	89795	NAV3	12
216633_s_at	23007	PLCH1	3
216634_at	23007	PLCH1	3
216638_s_at	5618	PRLR	5
216639_at	27286	SRPX2	X
216640_s_at	10130	PDIA6	2
216641_s_at	3898	LAD1	1
216646_at	79075	DSCC1	8
216647_at	6929	TCF3	19
216648_s_at	6239	RREB1	6
216649_at	6239	RREB1	6
216651_s_at	2572	GAD2	10
216652_s_at	1810	DR1	1
216653_at	1810	DR1	1
216654_at	7148	TNXB	6
216657_at	4287	ATXN3	14
216659_at	1720	DHFRP3	2
216660_at	4648	MYO7B	2
216661_x_at	1559	CYP2C9	10
216662_at	4648	MYO7B	2
216663_s_at	51364	ZMYND10	3
216664_at	101929148	LOC101929148	Y
216665_s_at	101929148	LOC101929148	Y
216666_at	93432	MGAM2	7
216667_at	643332	RNASE2CP	14
216669_at	57107	PDSS2	6
216670_at	26085	KLK13	19
216671_x_at	100129528	MUC8	12
216672_s_at	23040	MYT1L	2
216674_at	54626	HES2	1
216676_x_at	115653	KIR3DL3	19
216677_at	7710	ZNF154	19
216678_at	55764	IFT122	3
216679_at	414771	DDR1-DT	6
216680_s_at	2050	EPHB4	7
216681_at	10495	ENOX2	X
216682_s_at	55578	SUPT20H	13
216684_s_at	6760	SS18	18
216685_s_at	4507	MTAP	9
216686_at	645784	ANKRD36BP2	2
216687_x_at	7366	UGT2B15	4
216689_x_at	392	ARHGAP1	11
216690_at	26664	OR7C1	19
216693_x_at	50810	HDGFL3	15
216695_s_at	8658	TNKS	8
216696_s_at	58510	PRODH2	19
216697_at	7204	TRIO	5
216698_x_at	10821	OR7E12P	11
216699_s_at	3816	KLK1	19
216700_at	7204	TRIO	5
216701_at	100129271	KPLCE	1
216705_s_at	100	ADA	20
216710_x_at	57336	ZNF287	17
216711_s_at	6872	TAF1	X
216713_at	889	KRIT1	7
216714_at	6357	CCL13	17
216716_at	28	ABO	9
216717_at	55578	SUPT20H	13
216718_at	388699	LINC00302	1
216719_s_at	84440	RAB11FIP4	17
216721_at	54972	TMEM132A	11
216722_at	139538	VENTXP1	X
216724_at	166614	DCLK2	4
216725_at	166614	DCLK2	4
216726_at	139538	VENTXP1	X
216727_at	11329	STK38	6
216733_s_at	2628	GATM	15
216734_s_at	643	CXCR5	11
216736_at	53345	TM6SF2	19
216740_at	105375061	LOC105375061	6
216747_at	323	APBB2	4
216748_at	149628	PYHIN1	1
216750_at	323	APBB2	4
216752_at	30849	PIK3R4	3
216755_at	114884	OSBPL10	3
216759_at	54979	PLAAT2	11
216760_at	54979	PLAAT2	11
216765_at	5607	MAP2K5	15
216768_x_at	55020	TTC38	22
216775_at	54532	USP53	4
216778_s_at	1538	CYLC1	X
216779_at	1538	CYLC1	X
216780_at	10224	ZNF443	19
216781_at	85452	CFAP74	1
216786_at	401630	FAM224A	Y
216788_at	10224	ZNF443	19
216789_at	103752589	TMEM92-AS1	17
216793_x_at	100289518	LOC100289518	11
216794_at	100289518	LOC100289518	11
216798_at	6050	RNH1	11
216803_at	10611	PDLIM5	4
216804_s_at	10611	PDLIM5	4
216807_at	85452	CFAP74	1
216808_at	693207	MIR622	13
216809_at	1538	CYLC1	X
216817_s_at	26716	OR2H1	6
216825_s_at	4352	MPL	1
216828_at	140678	MLLT10P1	20
216831_s_at	862	RUNX1T1	8
216832_at	862	RUNX1T1	8
216834_at	5996	RGS1	1
216835_s_at	1796	DOK1	2
216836_s_at	2064	ERBB2	17
216837_at	2044	EPHA5	4
216838_at	92249	LINC01278	X
216839_at	3908	LAMA2	6
216840_s_at	3908	LAMA2	6
216843_x_at	5379	PMS2P1	7
216844_at	23264	ZC3H7B	22
216845_x_at	8085	KMT2D	12
216846_at	28831	IGLJ3	22
216852_x_at	28831	IGLJ3	22
216854_at	10220	GDF11	12
216855_s_at	3192	HNRNPU	1
216856_s_at	8847	DLEU2	13
216857_at	28566	TRBV21-1	7
216860_s_at	10220	GDF11	12
216862_s_at	100272147	CMC4	X
216863_s_at	22880	MORC2	22
216865_at	7373	COL14A1	8
216866_s_at	7373	COL14A1	8
216867_s_at	5154	PDGFA	7
216869_at	5137	PDE1C	7
216870_x_at	8847	DLEU2	13
216871_at	23390	ZDHHC17	12
216873_s_at	57198	ATP8B2	1
216874_at	100505498	LOC100505498	2
216876_s_at	3605	IL17A	6
216877_at	100505498	LOC100505498	2
216880_at	5890	RAD51B	14
216881_x_at	5545	PRB4	12
216882_s_at	10529	NEBL	10
216883_x_at	5147	PDE6D	2
216884_at	5782	PTPN12	7
216885_s_at	50717	DCAF8	1
216886_at	1137	CHRNA4	20
216887_s_at	11155	LDB3	10
216888_at	11155	LDB3	10
216889_s_at	3172	HNF4A	20
216892_at	3500	IGHG1	14
216893_s_at	1285	COL4A3	2
216894_x_at	1028	CDKN1C	11
216895_at	2567	GABRG3	15
216896_at	1285	COL4A3	2
216897_s_at	199870	FAM76A	1
216898_s_at	1285	COL4A3	2
216899_s_at	8935	SKAP2	7
216900_s_at	1137	CHRNA4	20
216901_s_at	10320	IKZF1	7
216903_s_at	10367	MICU1	10
216904_at	1291	COL6A1	21
216905_s_at	6768	ST14	11
216906_at	6768	ST14	11
216908_x_at	730092	RRN3P1	16
216909_at	23223	RRP12	10
216910_at	7512	XPNPEP2	X
216911_s_at	23119	HIC2	22
216912_at	50649	ARHGEF4	2
216913_s_at	23223	RRP12	10
216914_at	995	CDC25C	5
216915_s_at	5782	PTPN12	7
216916_s_at	9228	DLGAP2	8
216917_s_at	6847	SYCP1	1
216918_s_at	667	DST	6
216919_at	9537	TP53I11	11
216921_s_at	3886	KRT35	17
216924_s_at	1813	DRD2	11
216925_s_at	6886	TAL1	1
216926_s_at	23383	MAU2	19
216927_at	23383	MAU2	19
216928_at	6886	TAL1	1
216929_x_at	28	ABO	9
216930_at	6927	HNF1A	12
216933_x_at	324	APC	5
216935_at	388699	LINC00302	1
216937_s_at	6247	RS1	X
216938_x_at	1813	DRD2	11
216939_s_at	3360	HTR4	5
216940_x_at	4904	YBX1	1
216941_s_at	9014	TAF1B	2
216942_s_at	965	CD58	1
216944_s_at	3708	ITPR1	3
216945_x_at	23178	PASK	2
216946_at	3111	HLA-DOA	6
216947_at	1674	DES	2
216949_s_at	5310	PKD1	16
216951_at	2209	FCGR1A	1
216952_s_at	84823	LMNB2	19
216953_s_at	7490	WT1	11
216954_x_at	539	ATP5PO	21
216955_at	6872	TAF1	X
216956_s_at	3674	ITGA2B	17
216957_at	23326	USP22	17
216958_s_at	3712	IVD	15
216959_x_at	4897	NRCAM	7
216960_s_at	7692	ZNF133	20
216961_s_at	84268	RPAIN	17
216962_at	84268	RPAIN	17
216963_s_at	2596	GAP43	3
216964_at	23326	USP22	17
216965_x_at	23111	SPART	13
216966_at	3674	ITGA2B	17
216967_at	2596	GAP43	3
216968_at	10747	MASP2	1
216969_s_at	3835	KIF22	16
216970_at	6000	RGS7	1
216971_s_at	5339	PLEC	8
216972_at	6677	SPAM1	7
216973_s_at	3217	HOXB7	17
216974_at	4254	KITLG	12
216975_x_at	4861	NPAS1	19
216976_s_at	6259	RYK	3
216977_x_at	6627	SNRPA1	15
216979_at	8013	NR4A3	9
216980_s_at	6693	SPN	16
216981_x_at	6693	SPN	16
216983_s_at	7767	ZNF224	19
216984_x_at	28831	IGLJ3	22
216985_s_at	6809	STX3	11
216986_s_at	3662	IRF4	6
216987_at	3662	IRF4	6
216988_s_at	8073	PTP4A2	1
216989_at	6677	SPAM1	7
216990_at	2618	GART	21
216991_at	7767	ZNF224	19
216992_s_at	2918	GRM8	7
216993_s_at	1302	COL11A2	6
216994_s_at	860	RUNX2	6
216995_x_at	23609	MKRN2	3
216996_s_at	22868	FASTKD2	2
216997_x_at	7091	TLE4	9
216998_s_at	255926	ADAM5	8
216999_at	2057	EPOR	19
217001_x_at	3111	HLA-DOA	6
217002_s_at	3359	HTR3A	11
217003_s_at	255926	ADAM5	8
217004_s_at	4168	MCF2	X
217005_at	3949	LDLR	19
217006_x_at	2194	FASN	17
217007_s_at	8751	ADAM15	1
217008_s_at	2917	GRM7	3
217009_at	5232	PGK2	6
217010_s_at	995	CDC25C	5
217011_at	2636	GBX1	7
217013_at	646282	AZGP1P1	7
217016_x_at	389177	TMEM212	3
217017_at	114884	OSBPL10	3
217018_at	57107	PDSS2	6
217020_at	5915	RARB	3
217021_at	1528	CYB5A	18
217024_x_at	140885	SIRPA	20
217025_s_at	1627	DBN1	5
217026_at	1080	CFTR	7
217028_at	7852	CXCR4	2
217030_at	101929550	LOC101929550	8
217031_at	3890	KRT84	12
217033_x_at	4916	NTRK3	15
217035_at	8935	SKAP2	7
217037_at	6506	SLC1A2	11
217039_x_at	2003	ELK2AP	14
217040_x_at	6665	SOX15	17
217041_at	23467	NPTXR	22
217042_at	51109	RDH11	14
217043_s_at	55669	MFN1	3
217044_s_at	26030	PLEKHG3	14
217045_x_at	9436	NCR2	6
217046_s_at	177	AGER	6
217047_s_at	10144	FAM13A	4
217050_at	10824	DIAPH2-AS1	X
217053_x_at	2115	ETV1	7
217054_at	4584	MUC3A	7
217055_x_at	6506	SLC1A2	11
217057_s_at	2778	GNAS	20
217058_at	2778	GNAS	20
217059_at	4589	MUC7	4
217060_at	28571	TRBV16	7
217061_s_at	2115	ETV1	7
217062_at	1760	DMPK	19
217063_x_at	10730	YME1L1	10
217066_s_at	1760	DMPK	19
217067_s_at	1758	DMP1	4
217069_at	9757	KMT2B	19
217070_at	4524	MTHFR	1
217071_s_at	4524	MTHFR	1
217072_at	11314	CD300A	17
217073_x_at	335	APOA1	11
217074_at	54498	SMOX	20
217075_x_at	9757	KMT2B	19
217077_s_at	9568	GABBR2	9
217078_s_at	11314	CD300A	17
217080_s_at	9455	HOMER2	15
217081_at	7932	OR2H2	6
217083_at	152098	ZCWPW2	3
217086_at	1142	CHRNB3	8
217087_at	100129271	KPLCE	1
217088_s_at	9437	NCR1	19
217090_at	1587	ADAM3A	8
217093_at	6035	RNASE1	14
217094_s_at	83737	ITCH	20
217095_x_at	9437	NCR1	19
217096_at	27445	PCLO	7
217097_s_at	57157	PHTF2	7
217098_s_at	9753	ZSCAN12	6
217099_s_at	50628	GEMIN4	17
217100_s_at	26043	UBXN7	3
217101_at	22996	TTC39A	1
217103_at	3949	LDLR	19
217104_at	400410	ST20	15
217106_x_at	27292	DIMT1	5
217109_at	4585	MUC4	3
217110_s_at	4585	MUC4	3
217111_at	23600	AMACR	5
217112_at	5155	PDGFB	22
217113_at	23600	AMACR	5
217114_at	23020	SNRNP200	2
217115_at	7686	MKRN7P	20
217118_s_at	23313	KIAA0930	22
217119_s_at	2833	CXCR3	X
217120_s_at	9282	MED14	X
217121_at	8658	TNKS	8
217123_x_at	5369	PMCHL1	5
217124_at	23288	IQCE	7
217127_at	1491	CTH	1
217128_s_at	57172	CAMK1G	1
217133_x_at	1555	CYP2B6	19
217134_at	4507	MTAP	9
217136_at	653505	PPIAL4A	1
217138_x_at	3537	IGLC1	22
217139_at	7416	VDAC1	5
217140_s_at	7416	VDAC1	5
217141_at	55727	BTBD7	14
217143_s_at	28526	TRDC	14
217146_at	8629	JRK	8
217147_s_at	50852	TRAT1	3
217148_x_at	28815	IGLV2-14	22
217149_x_at	8711	TNK1	17
217150_s_at	4771	NF2	22
217153_at	392	ARHGAP1	11
217154_s_at	1908	EDN3	20
217158_at	442421	PTGER4P2-CDK2AP2P2	9
217159_x_at	27036	SIGLEC7	19
217160_at	7258	TSPY1	Y
217161_x_at	176	ACAN	15
217162_at	7258	TSPY1	Y
217163_at	2099	ESR1	6
217165_x_at	4494	MT1F	16
217167_x_at	2710	GK	X
217168_s_at	9709	HERPUD1	16
217170_at	28680	TRAV8-6	14
217171_at	6609	SMPD1	11
217173_s_at	3949	LDLR	19
217174_s_at	10297	APC2	19
217175_at	7366	UGT2B15	4
217176_s_at	7543	ZFX	X
217177_s_at	5787	PTPRB	12
217178_at	5916	RARG	12
217182_at	4586	MUC5AC	11
217184_s_at	4058	LTK	15
217186_at	442240	ZPR1P1	6
217187_at	4586	MUC5AC	11
217188_s_at	11161	ERG28	14
217189_s_at	9887	SMG7	1
217190_x_at	2099	ESR1	6
217192_s_at	639	PRDM1	6
217194_at	9462	RASAL2	1
217196_s_at	23271	CAMSAP2	1
217197_x_at	90634	N4BP2L1	13
217199_s_at	6773	STAT2	12
217200_x_at	1534	CYB561	17
217201_at	9462	RASAL2	1
217202_s_at	2752	GLUL	1
217204_at	54516	MTRF1L	6
217207_s_at	10917	BTNL3	5
217208_s_at	1739	DLG1	3
217209_at	1084	CEACAM3	19
217212_s_at	3581	IL9R	X
217213_at	6530	SLC6A2	16
217214_s_at	6530	SLC6A2	16
217216_x_at	27030	MLH3	14
217218_at	23063	WAPL	10
217219_at	26102	DKFZP434A062	9
217220_at	100287387	LOC100287387	2
217221_x_at	8241	RBM10	X
217223_s_at	613	BCR	22
217224_at	8389	OR1E3	17
217226_s_at	81855	SFXN3	10
217228_s_at	51666	ASB4	7
217229_at	51666	ASB4	7
217230_at	7430	EZR	6
217231_s_at	22983	MAST1	19
217232_x_at	3043	HBB	11
217234_s_at	7430	EZR	6
217235_x_at	3546	IGLV@	22
217236_x_at	3500	IGHG1	14
217237_at	1596	ADAM3B	16
217238_s_at	229	ALDOB	9
217239_x_at	28425	IGHV3-47	14
217240_at	10326	SIRPB1	20
217242_at	7710	ZNF154	19
217245_at	10824	DIAPH2-AS1	X
217248_s_at	23428	SLC7A8	14
217249_x_at	1348	COX7A2P2	4
217250_s_at	26038	CHD5	1
217253_at	6452	SH3BP2	4
217254_s_at	2056	EPO	7
217257_at	6452	SH3BP2	4
217260_x_at	3500	IGHG1	14
217262_s_at	9620	CELSR1	22
217264_s_at	6337	SCNN1A	12
217266_at	6138	RPL15	3
217267_s_at	92249	LINC01278	X
217269_s_at	5651	TMPRSS15	21
217270_s_at	9149	DYRK1B	19
217272_s_at	5275	SERPINB13	18
217273_at	343071	PRAMEF10	1
217274_x_at	4635	MYL4	17
217276_x_at	253190	SERHL2	22
217279_x_at	4323	MMP14	14
217280_x_at	2558	GABRA5	15
217282_at	10905	MAN1A2	1
217284_x_at	253190	SERHL2	22
217285_at	8220	ESS2	22
217286_s_at	57446	NDRG3	20
217287_s_at	7225	TRPC6	11
217289_s_at	2542	SLC37A4	11
217291_at	1048	CEACAM5	19
217292_at	9108	MTMR7	8
217294_s_at	2023	ENO1	1
217295_at	100129528	MUC8	12
217296_at	3809	KIR2DS4	19
217297_s_at	4650	MYO9B	19
217298_at	6208	RPS14	5
217299_s_at	4683	NBN	8
217301_x_at	5928	RBBP4	1
217302_at	135948	OR2F2	7
217303_s_at	155	ADRB3	8
217304_at	6470	SHMT1	17
217305_s_at	55811	ADCY10	1
217307_at	50	ACO2	22
217308_at	26184	OR1F2P	16
217309_s_at	10311	VPS26C	21
217310_s_at	22887	FOXJ3	1
217312_s_at	1294	COL7A1	3
217314_at	390688	CDC37P1	16
217315_s_at	26085	KLK13	19
217316_at	390892	OR7A10	19
217320_at	28410	IGHV3-72	14
217321_x_at	4287	ATXN3	14
217323_at	3128	HLA-DRB6	6
217325_at	3850	KRT3	12
217326_x_at	51561	IL23A	12
217330_at	27185	DISC1	1
217332_at	647288	CTAGE11P	13
217334_at	442186	OR2J3	6
217335_at	55338	LINC01949	5
217338_at	160313	KRT19P2	12
217341_at	1759	DNM1	9
217342_x_at	55338	LINC01949	5
217348_x_at	22899	ARHGEF15	17
217349_s_at	4007	PRICKLE3	X
217350_at	160313	KRT19P2	12
217354_s_at	3257	HPS1	10
217356_s_at	5230	PGK1	X
217358_at	23341	DNAJC16	1
217359_s_at	4684	NCAM1	11
217362_x_at	3128	HLA-DRB6	6
217365_at	440560	PRAMEF11	1
217367_s_at	23051	ZHX3	20
217370_x_at	2521	FUS	16
217371_s_at	3600	IL15	4
217373_x_at	4193	MDM2	12
217374_x_at	6978	TRGV5	7
217377_x_at	4916	NTRK3	15
217378_x_at	28862	IGKV1OR2-108	2
217380_s_at	100505933	ADD3-AS1	10
217381_s_at	6978	TRGV5	7
217383_at	5230	PGK1	X
217387_at	827	CAPN6	X
217388_s_at	8942	KYNU	2
217389_s_at	22809	ATF5	19
217393_x_at	389898	UBE2NL	X
217394_at	28671	TRAV13-1	14
217395_at	84560	MT4	16
217397_at	28676	TRAV10	14
217398_x_at	2597	GAPDH	12
217403_s_at	7770	ZNF227	19
217404_s_at	1280	COL2A1	12
217405_x_at	2822	GPLD1	6
217407_x_at	23759	PPIL2	22
217408_at	28973	MRPS18B	6
217409_at	4644	MYO5A	15
217410_at	375790	AGRN	1
217411_s_at	6239	RREB1	6
217412_at	28677	TRAV9-2	14
217413_s_at	7148	TNXB	6
217414_x_at	3040	HBA2	16
217415_at	5430	POLR2A	17
217417_at	4644	MYO5A	15
217418_x_at	931	MS4A1	11
217419_x_at	375790	AGRN	1
217420_s_at	5430	POLR2A	17
217421_at	55124	PIWIL2	8
217422_s_at	933	CD22	19
217425_at	4158	MC2R	18
217427_s_at	7290	HIRA	22
217428_s_at	1300	COL10A1	6
217430_x_at	1277	COL1A1	17
217431_x_at	1536	CYBB	X
217432_s_at	3423	IDS	X
217433_at	6867	TACC1	8
217434_at	4158	MC2R	18
217436_x_at	3137	HLA-J	6
217437_s_at	6867	TACC1	8
217439_at	101928278	IGFBP-AS1	2
217441_at	23032	USP33	1
217442_at	100131825	CADM3-AS1	1
217443_at	106699570	DYNC1LI2-DT	16
217445_s_at	2618	GART	21
217447_at	4099	MAG	19
217448_s_at	9878	TOX4	14
217450_at	3268	AGFG2	7
217452_s_at	8707	B3GALT2	1
217453_at	729815	LOC729815	10
217455_s_at	6752	SSTR2	17
217456_x_at	3133	HLA-E	6
217457_s_at	5910	RAP1GDS1	4
217460_at	7142	TNP2	16
217462_at	745	MYRF	11
217463_s_at	745	MYRF	11
217465_at	10787	NCKAP1	2
217466_x_at	6187	RPS2	16
217468_at	1565	CYP2D6	22
217469_at	3492	IGH	14
217471_at	101928104	LINC01482	17
217473_x_at	6556	SLC11A1	2
217474_at	101928104	LINC01482	17
217475_s_at	3985	LIMK2	22
217477_at	8395	PIP5K1B	9
217478_s_at	3108	HLA-DMA	6
217479_at	388336	SHISA6	17
217481_x_at	388336	SHISA6	17
217483_at	2346	FOLH1	11
217484_at	1378	CR1	1
217485_x_at	5379	PMS2P1	7
217486_s_at	23390	ZDHHC17	12
217488_x_at	5387	PMS2P3	7
217489_s_at	3570	IL6R	1
217493_x_at	9436	NCR2	6
217494_s_at	11191	PTENP1	9
217495_x_at	796	CALCA	11
217496_s_at	3416	IDE	10
217497_at	1890	TYMP	22
217498_at	10220	GDF11	12
217499_x_at	100506759	OR7E37P	13
217500_at	7073	TIAL1	10
217501_at	9391	CIAO1	2
217502_at	3433	IFIT2	10
217503_at	9262	STK17B	2
217504_at	23460	ABCA6	17
217507_at	6556	SLC11A1	2
217508_s_at	147339	ARK2N	18
217509_x_at	2901	GRIK5	19
217510_at	1406	CRX	19
217511_at	81621	KAZALD1	10
217512_at	3827	KNG1	3
217513_at	284021	MILR1	17
217514_at	29906	ST8SIA5	18
217515_s_at	779	CACNA1S	1
217516_x_at	421	ARVCF	22
217517_x_at	6733	SRPK2	7
217518_at	26509	MYOF	10
217520_x_at	283683	LOC283683	15
217521_at	3034	HAL	12
217522_at	169522	KCNV2	9
217523_at	960	CD44	11
217525_at	283298	OLFML1	11
217526_at	84901	NFATC2IP	16
217527_s_at	84901	NFATC2IP	16
217528_at	9635	CLCA2	1
217529_at	80228	ORAI2	7
217530_at	6569	SLC34A1	5
217533_x_at	114825	PWWP2A	5
217534_at	51571	CYRIB	8
217538_at	9905	SGSM2	17
217539_at	147339	ARK2N	18
217540_at	91775	NXPE3	3
217541_x_at	125893	ZNF816	19
217542_at	4193	MDM2	12
217543_s_at	8720	MBTPS1	16
217545_at	79784	MYH14	19
217546_at	4499	MT1M	16
217547_x_at	171392	ZNF675	19
217548_at	348110	ARPIN	15
217549_at	3071	NCKAP1L	12
217550_at	22926	ATF6	1
217551_at	10819	OR7E14P	11
217552_x_at	1378	CR1	1
217553_at	256227	STEAP1B	7
217555_at	8243	SMC1A	X
217556_at	1183	CLCN4	X
217557_s_at	1368	CPM	12
217558_at	1559	CYP2C9	10
217559_at	140801	RPL10L	14
217560_at	26088	GGA1	22
217561_at	796	CALCA	11
217562_at	339479	BRINP3	1
217563_at	9575	CLOCK	4
217564_s_at	1373	CPS1	2
217565_at	2892	GRIA3	X
217566_s_at	7047	TGM4	3
217567_at	7047	TGM4	3
217568_at	10876	EDDM3A	14
217573_at	2905	GRIN2C	17
217574_at	1006	CDH8	16
217575_s_at	6655	SOS2	14
217576_x_at	6655	SOS2	14
217583_at	5053	PAH	12
217584_at	4864	NPC1	18
217585_at	10529	NEBL	10
217589_at	142684	RAB40A	X
217590_s_at	8989	TRPA1	8
217591_at	6498	SKIL	3
217592_at	90204	ZSWIM1	20
217593_at	65982	ZSCAN18	19
217594_at	23318	TUT4	1
217595_at	2935	GSPT1	16
217596_at	65110	UPF3A	13
217597_x_at	10966	RAB40B	17
217598_at	51550	CINP	14
217599_s_at	29969	MDFIC	7
217600_at	222663	SCUBE3	6
217601_at	23511	NUP188	9
217602_at	5478	PPIA	7
217603_at	23545	ATP6V0A2	12
217605_at	389856	USP27X	X
217607_x_at	1982	EIF4G2	11
217608_at	285672	SREK1IP1	5
217609_at	10233	LRRC23	12
217610_at	441273	SPDYE2	7
217611_at	157697	ERICH1	8
217612_at	92609	TIMM50	19
217613_at	55314	TMEM144	4
217614_at	23526	ARHGAP45	19
217618_x_at	3364	HUS1	7
217620_s_at	5291	PIK3CB	3
217621_at	6530	SLC6A2	16
217622_at	25807	RHBDD3	22
217623_at	91807	MYLK3	16
217624_at	11333	PDAP1	7
217625_x_at	100506190	LINC00963	9
217626_at	1645	AKR1C1	10
217627_at	126231	ZNF573	19
217628_at	53405	CLIC5	6
217630_at	90806	ANGEL2	1
217631_at	23560	GTPBP4	10
217632_at	54552	GNL3L	X
217633_at	9875	URB1	21
217634_at	6840	SVIL	10
217635_s_at	5428	POLG	15
217636_at	5428	POLG	15
217637_at	3745	KCNB1	20
217640_x_at	220134	SKA1	18
217641_at	64582	GPR135	14
217642_at	9810	RNF40	16
217644_s_at	6655	SOS2	14
217646_at	6834	SURF1	9
217647_at	1723	DHODH	16
217649_at	7763	ZFAND5	9
217650_x_at	6483	ST3GAL2	16
217651_at	27043	PELP1	17
217652_at	23383	MAU2	19
217654_at	8837	CFLAR	2
217655_at	53827	FXYD5	19
217658_at	90326	THAP3	1
217660_at	79784	MYH14	19
217661_x_at	147912	SIX5	19
217663_at	10780	ZNF234	19
217665_at	126017	ZNF813	19
217667_at	729799	SEC14L1P1	11
217668_at	388886	LRRC75B	22
217669_s_at	9472	AKAP6	14
217670_at	6181	RPLP2	11
217672_x_at	10209	EIF1	17
217673_x_at	2778	GNAS	20
217675_at	201501	ZBTB7C	18
217677_at	59339	PLEKHA2	8
217678_at	23657	SLC7A11	4
217680_x_at	6134	RPL10	X
217681_at	7477	WNT7B	22
217682_at	29035	HAPSTR1	16
217683_at	3046	HBE1	11
217684_at	7298	TYMS	18
217686_at	5770	PTPN1	20
217687_at	108	ADCY2	5
217688_at	108	ADCY2	5
217689_at	5770	PTPN1	20
217690_at	55556	ENOSF1	18
217691_x_at	9123	SLC16A3	17
217692_at	100506898	MAGOH2P	17
217693_x_at	100506898	MAGOH2P	17
217696_at	2529	FUT7	9
217700_at	245812	CNPY4	7
217705_at	5587	PRKD1	14
217707_x_at	6595	SMARCA2	9
217710_x_at	3705	ITPK1	14
217711_at	7010	TEK	9
217716_s_at	29927	SEC61A1	3
217717_s_at	7529	YWHAB	20
217718_s_at	7529	YWHAB	20
217719_at	51386	EIF3L	22
217720_at	51142	CHCHD2	7
217721_at	989	SEPTIN7	7
217722_s_at	51335	NGRN	15
217724_at	26135	SERBP1	1
217725_x_at	26135	SERBP1	1
217726_at	22818	COPZ1	12
217727_x_at	55737	VPS35	16
217728_at	6277	S100A6	1
217729_s_at	166	TLE5	19
217730_at	64114	TMBIM1	2
217731_s_at	9445	ITM2B	13
217732_s_at	9445	ITM2B	13
217733_s_at	9168	TMSB10	2
217734_s_at	11180	WDR6	3
217735_s_at	27102	EIF2AK1	7
217736_s_at	27102	EIF2AK1	7
217737_x_at	51507	RTF2	20
217738_at	10135	NAMPT	7
217739_s_at	10135	NAMPT	7
217740_x_at	6130	RPL7A	9
217741_s_at	7763	ZFAND5	9
217742_s_at	51322	WAC	10
217744_s_at	64065	PERP	6
217745_s_at	80218	NAA50	3
217746_s_at	10015	PDCD6IP	3
217747_s_at	6203	RPS9	19
217748_at	51094	ADIPOR1	1
217749_at	22820	COPG1	3
217750_s_at	65264	UBE2Z	17
217751_at	373156	GSTK1	7
217752_s_at	55748	CNDP2	18
217753_s_at	6231	RPS26	12
217754_at	54606	DDX56	7
217755_at	51155	JPT1	17
217756_x_at	10169	SERF2	15
217757_at	2	A2M	12
217758_s_at	56889	TM9SF3	10
217759_at	54765	TRIM44	11
217760_at	54765	TRIM44	11
217761_at	55256	ADI1	2
217762_s_at	11031	RAB31	18
217763_s_at	11031	RAB31	18
217764_s_at	11031	RAB31	18
217765_at	29959	NRBP1	2
217766_s_at	23585	TMEM50A	1
217767_at	718	C3	19
217768_at	51637	RTRAF	14
217769_s_at	51371	POMP	13
217770_at	51604	PIGT	20
217771_at	51280	GOLM1	9
217772_s_at	23788	MTCH2	11
217773_s_at	4697	NDUFA4	7
217774_s_at	51504	TRMT112	11
217775_s_at	51109	RDH11	14
217776_at	51109	RDH11	14
217777_s_at	51495	HACD3	15
217778_at	27173	SLC39A1	1
217779_s_at	55629	PNRC2	1
217780_at	51398	WDR83OS	19
217781_s_at	64397	ZNF106	15
217782_s_at	2873	GPS1	17
217783_s_at	51646	YPEL5	2
217784_at	10652	YKT6	7
217785_s_at	10652	YKT6	7
217786_at	10419	PRMT5	14
217787_s_at	2590	GALNT2	1
217788_s_at	2590	GALNT2	1
217790_s_at	6747	SSR3	3
217791_s_at	5832	ALDH18A1	10
217792_at	27131	SNX5	20
217793_at	9230	RAB11B	19
217794_at	54458	PRR13	12
217795_s_at	79188	TMEM43	3
217796_s_at	55666	NPLOC4	17
217797_at	51506	UFC1	1
217798_at	4848	CNOT2	12
217799_x_at	7328	UBE2H	7
217800_s_at	80762	NDFIP1	5
217801_at	514	ATP5F1E	20
217802_s_at	64710	NUCKS1	1
217803_at	64083	GOLPH3	5
217804_s_at	3609	ILF3	19
217805_at	3609	ILF3	19
217806_s_at	26073	POLDIP2	17
217807_s_at	29997	NOP53	19
217808_s_at	79109	MAPKAP1	9
217809_at	28969	BZW2	7
217810_x_at	51520	LARS1	5
217811_at	51714	SELENOT	3
217812_at	51441	YTHDF2	1
217813_s_at	10927	SPIN1	9
217814_at	57003	CCDC47	17
217815_at	11198	SUPT16H	14
217816_s_at	57092	PCNP	3
217817_at	10093	ARPC4	3
217818_s_at	10093	ARPC4	3
217819_at	51125	GOLGA7	8
217820_s_at	55740	ENAH	1
217821_s_at	51729	WBP11	12
217822_at	51729	WBP11	12
217823_s_at	51465	UBE2J1	6
217824_at	51465	UBE2J1	6
217825_s_at	51465	UBE2J1	6
217826_s_at	51465	UBE2J1	6
217827_s_at	51324	SPG21	15
217828_at	79811	SLTM	15
217829_s_at	10713	USP39	2
217830_s_at	55968	NSFL1C	20
217831_s_at	55968	NSFL1C	20
217832_at	10492	SYNCRIP	6
217833_at	10492	SYNCRIP	6
217834_s_at	10492	SYNCRIP	6
217836_s_at	55249	YY1AP1	1
217838_s_at	51466	EVL	14
217839_at	10342	TFG	3
217840_at	51428	DDX41	5
217841_s_at	51400	PPME1	11
217843_s_at	29079	MED4	13
217844_at	58190	CTDSP1	2
217845_x_at	25994	HIGD1A	3
217846_at	5859	QARS1	3
217847_s_at	9967	THRAP3	1
217848_s_at	5464	PPA1	10
217849_s_at	9578	CDC42BPB	14
217850_at	26354	GNL3	3
217851_s_at	51012	PRELID3B	20
217852_s_at	55207	ARL8B	3
217853_at	64759	TNS3	7
217854_s_at	5434	POLR2E	19
217855_x_at	51150	SDF4	1
217856_at	9939	RBM8A	1
217857_s_at	9939	RBM8A	1
217858_s_at	51566	ARMCX3	X
217859_s_at	55334	SLC39A9	14
217860_at	4705	NDUFA10	2
217861_s_at	10113	PREB	2
217862_at	8554	PIAS1	15
217863_at	8554	PIAS1	15
217864_s_at	8554	PIAS1	15
217865_at	55819	RNF130	5
217866_at	79869	CPSF7	11
217867_x_at	25825	BACE2	21
217868_s_at	51108	METTL9	16
217869_at	51144	HSD17B12	11
217870_s_at	51727	CMPK1	1
217871_s_at	4282	MIF	22
217872_at	55011	PIH1D1	19
217873_at	51719	CAB39	2
217874_at	8802	SUCLG1	2
217875_s_at	56937	PMEPA1	20
217876_at	9328	GTF3C5	9
217877_s_at	60313	GPBP1L1	1
217878_s_at	996	CDC27	17
217879_at	996	CDC27	17
217880_at	996	CDC27	17
217881_s_at	996	CDC27	17
217882_at	55831	EMC3	3
217883_at	27249	MMADHC	2
217884_at	55226	NAT10	11
217885_at	55705	IPO9	1
217886_at	2060	EPS15	1
217887_s_at	2060	EPS15	1
217888_s_at	55738	ARFGAP1	20
217889_s_at	79901	CYBRD1	2
217890_s_at	55742	PARVA	11
217891_at	64755	RUSF1	16
217892_s_at	51474	LIMA1	12
217893_s_at	79647	AKIRIN1	1
217894_at	51133	KCTD3	1
217895_at	55037	PTCD3	2
217896_s_at	80011	PSME3IP1	16
217897_at	53826	FXYD6	11
217898_at	56851	EMC7	15
217899_at	54867	TMEM214	2
217900_at	55699	IARS2	1
217901_at	1829	DSG2	18
217902_s_at	8924	HERC2	15
217903_at	29888	STRN4	19
217904_s_at	23621	BACE1	11
217905_at	79892	MCMBP	10
217906_at	23588	KLHDC2	14
217907_at	29074	MRPL18	6
217908_s_at	55827	DCAF6	1
217909_s_at	6945	MLX	17
217910_x_at	6945	MLX	17
217911_s_at	9531	BAG3	10
217912_at	64118	DUS1L	17
217913_at	27183	VPS4A	16
217914_at	53373	TPCN1	12
217915_s_at	51187	RSL24D1	15
217916_s_at	51571	CYRIB	8
217917_s_at	83658	DYNLRB1	20
217918_at	83658	DYNLRB1	20
217919_s_at	28977	MRPL42	12
217920_at	10905	MAN1A2	1
217921_at	10905	MAN1A2	1
217922_at	10905	MAN1A2	1
217923_at	553115	PEF1	1
217924_at	64771	ILRUN	6
217925_s_at	64771	ILRUN	6
217926_at	28974	C19orf53	19
217927_at	28972	SPCS1	3
217928_s_at	55291	PPP6R3	11
217929_s_at	79932	KIAA0319L	1
217930_s_at	54472	TOLLIP	11
217931_at	10695	CNPY3	6
217932_at	51081	MRPS7	17
217933_s_at	51056	LAP3	4
217934_x_at	10273	STUB1	16
217935_s_at	55245	UQCC1	20
217936_at	394	ARHGAP5	14
217937_s_at	51564	HDAC7	12
217938_s_at	56888	KCMF1	2
217939_s_at	54812	AFTPH	2
217940_s_at	55739	NAXD	13
217941_s_at	55914	ERBIN	5
217942_at	60488	MRPS35	12
217943_s_at	55700	MAP7D1	1
217944_at	55624	POMGNT1	1
217945_at	53339	BTBD1	15
217946_s_at	10055	SAE1	19
217947_at	54918	CMTM6	3
217948_at	26071	RTL8A	X
217949_s_at	79001	VKORC1	16
217950_at	51070	NOSIP	19
217951_s_at	23469	PHF3	6
217952_x_at	23469	PHF3	6
217953_at	23469	PHF3	6
217954_s_at	23469	PHF3	6
217955_at	23786	BCL2L13	22
217956_s_at	58478	ENOPH1	4
217957_at	29105	CFAP20	16
217958_at	51399	TRAPPC4	11
217959_s_at	51399	TRAPPC4	11
217960_s_at	56993	TOMM22	22
217961_at	54977	SLC25A38	3
217962_at	55505	NOP10	15
217963_s_at	27018	BEX3	X
217964_at	54902	TTC19	17
217965_s_at	29115	SAP30BP	17
217966_s_at	116496	NIBAN1	1
217967_s_at	116496	NIBAN1	1
217968_at	7260	EIPR1	2
217969_at	738	VPS51	11
217970_s_at	57472	CNOT6	5
217971_at	8649	LAMTOR3	4
217972_at	54927	CHCHD3	7
217973_at	51181	DCXR	17
217974_at	51768	TM7SF3	12
217975_at	51186	TCEAL9	X
217976_s_at	51143	DYNC1LI1	3
217977_at	51734	MSRB1	16
217978_s_at	55585	UBE2Q1	1
217979_at	27075	TSPAN13	7
217980_s_at	54948	MRPL16	11
217981_s_at	26515	TIMM10B	11
217982_s_at	10933	MORF4L1	15
217983_s_at	8635	RNASET2	6
217984_at	8635	RNASET2	6
217985_s_at	11177	BAZ1A	14
217986_s_at	11177	BAZ1A	14
217987_at	54529	ASNSD1	2
217988_at	57820	CCNB1IP1	14
217989_at	51170	HSD17B11	4
217990_at	51292	GMPR2	14
217991_x_at	23648	SSBP3	1
217992_s_at	79180	EFHD2	1
217993_s_at	27430	MAT2B	5
217994_x_at	54973	INTS11	1
217995_at	58472	SQOR	15
217996_at	22822	PHLDA1	12
217997_at	22822	PHLDA1	12
217998_at	22822	PHLDA1	12
217999_s_at	22822	PHLDA1	12
218000_s_at	22822	PHLDA1	12
218001_at	51116	MRPS2	9
218002_s_at	9547	CXCL14	5
218003_s_at	2287	FKBP3	14
218004_at	55108	BSDC1	1
218005_at	7570	ZNF22	10
218006_s_at	7570	ZNF22	10
218007_s_at	51065	RPS27L	15
218008_at	55069	TMEM248	7
218009_s_at	9055	PRC1	15
218010_x_at	79144	PPDPF	20
218011_at	59286	UBL5	19
218012_at	64061	TSPYL2	X
218013_x_at	51164	DCTN4	5
218014_at	79902	NUP85	17
218015_s_at	56897	WRNIP1	6
218016_s_at	55718	POLR3E	16
218017_s_at	138050	HGSNAT	8
218020_s_at	60685	ZFAND3	6
218022_at	51231	VRK3	19
218023_s_at	51307	FAM53C	5
218024_at	51660	MPC1	6
218025_s_at	10455	ECI2	6
218026_at	28958	COA3	17
218027_at	29088	MRPL15	8
218028_at	64834	ELOVL1	1
218029_at	79567	RIPOR1	16
218030_at	28964	GIT1	17
218031_s_at	1112	FOXN3	14
218032_at	8303	SNN	16
218033_s_at	8303	SNN	16
218034_at	51024	FIS1	7
218035_s_at	54502	RBM47	4
218036_x_at	51068	NMD3	3
218037_at	79137	RETREG2	2
218038_at	55101	DMAC2	19
218039_at	51203	NUSAP1	15
218040_at	55119	PRPF38B	1
218041_x_at	54407	SLC38A2	12
218042_at	51138	COPS4	4
218043_s_at	64343	AZI2	3
218044_x_at	5763	PTMS	12
218045_x_at	5763	PTMS	12
218046_s_at	51021	MRPS16	10
218047_at	114883	OSBPL9	1
218048_at	23412	COMMD3	10
218049_s_at	28998	MRPL13	8
218050_at	51569	UFM1	13
218051_s_at	64943	NT5DC2	3
218052_s_at	57130	ATP13A1	19
218053_at	55660	PRPF40A	2
218054_s_at	79036	KXD1	19
218055_s_at	55255	WDR41	5
218056_at	51283	BFAR	16
218057_x_at	10328	EMC8	16
218058_at	30827	CXXC1	18
218059_at	51123	ZNF706	8
218060_s_at	79650	USB1	16
218061_at	4201	MEA1	6
218062_x_at	23580	CDC42EP4	17
218063_s_at	23580	CDC42EP4	17
218064_s_at	26993	AKAP8L	19
218065_s_at	56674	TMEM9B	11
218066_at	10723	SLC12A7	5
218067_s_at	55082	ARGLU1	13
218068_s_at	79894	ZNF672	1
218069_at	79077	DCTPP1	16
218070_s_at	29926	GMPPA	2
218071_s_at	23609	MKRN2	3
218072_at	29099	COMMD9	11
218073_s_at	55706	NDC1	1
218074_at	51647	CIAO2B	16
218075_at	8086	AAAS	12
218076_s_at	55114	ARHGAP17	16
218077_s_at	51304	ZDHHC3	3
218078_s_at	51304	ZDHHC3	3
218079_s_at	79893	GGNBP2	17
218080_x_at	11124	FAF1	1
218081_at	54976	ADISSP	20
218082_s_at	7342	UBP1	3
218083_at	80142	PTGES2	9
218084_x_at	53827	FXYD5	19
218085_at	51510	CHMP5	9
218086_at	56654	NPDC1	9
218087_s_at	10580	SORBS1	10
218088_s_at	64121	RRAGC	1
218089_at	25980	AAR2	20
218090_s_at	55717	WDR11	10
218091_at	3267	AGFG1	2
218092_s_at	3267	AGFG1	2
218093_s_at	55608	ANKRD10	13
218095_s_at	55858	TMEM165	4
218096_at	55326	AGPAT5	8
218097_s_at	79004	CUEDC2	10
218098_at	10564	ARFGEF2	20
218099_at	55852	TEX2	17
218100_s_at	55081	IFT57	3
218101_s_at	4718	NDUFC2	11
218102_at	51071	DERA	12
218103_at	117246	FTSJ3	17
218104_at	54881	TEX10	9
218105_s_at	51073	MRPL4	19
218106_s_at	55173	MRPS10	6
218107_at	80232	WDR26	1
218108_at	55148	UBR7	14
218109_s_at	64747	MFSD1	3
218110_at	56949	XAB2	19
218111_s_at	55907	CMAS	12
218112_at	65993	MRPS34	16
218113_at	23670	CEMIP2	9
218114_at	26088	GGA1	22
218115_at	55723	ASF1B	19
218116_at	51759	C9orf78	9
218117_at	9978	RBX1	22
218118_s_at	100287932	TIMM23	10
218119_at	100287932	TIMM23	10
218120_s_at	3163	HMOX2	16
218121_at	3163	HMOX2	16
218122_s_at	59343	SENP2	3
218123_at	56683	CFAP298	21
218124_at	54884	RETSAT	2
218125_s_at	55246	CCDC25	8
218126_at	55177	RMDN3	15
218127_at	4801	NFYB	12
218128_at	4801	NFYB	12
218129_s_at	4801	NFYB	12
218130_at	79415	CYBC1	17
218131_s_at	54815	GATAD2A	19
218132_s_at	79042	TSEN34	19
218133_s_at	60491	NIF3L1	2
218134_s_at	55696	RBM22	5
218135_at	51290	ERGIC2	12
218136_s_at	51312	SLC25A37	8
218137_s_at	60682	SMAP1	6
218138_at	8195	MKKS	20
218139_s_at	55745	AP5M1	14
218140_x_at	58477	SRPRB	3
218141_at	63893	UBE2O	17
218142_s_at	51185	CRBN	3
218143_s_at	10066	SCAMP2	15
218144_s_at	64423	INF2	14
218145_at	57761	TRIB3	20
218146_at	55830	GLT8D1	3
218147_s_at	55830	GLT8D1	3
218148_at	80152	CENPT	16
218149_s_at	55893	ZNF395	8
218150_at	26225	ARL5A	2
218151_x_at	79581	SLC52A2	8
218152_at	10363	HMG20A	15
218153_at	79587	CARS2	13
218154_at	79792	GSDMD	8
218155_x_at	55720	TSR1	17
218156_s_at	55720	TSR1	17
218157_x_at	56882	CDC42SE1	1
218158_s_at	26060	APPL1	3
218159_at	65992	DDRGK1	20
218160_at	4702	NDUFA8	9
218161_s_at	54982	CLN6	15
218162_at	56944	OLFML3	1
218163_at	28985	MCTS1	X
218164_at	64847	SPATA20	17
218165_at	64769	MEAF6	1
218166_s_at	51773	RSF1	11
218167_at	51321	AMZ2	17
218168_s_at	56997	COQ8A	1
218169_at	55697	VAC14	16
218170_at	51015	ISOC1	5
218171_at	9525	VPS4B	18
218172_s_at	79139	DERL1	8
218173_s_at	54904	NSD3	8
218174_s_at	80195	TMEM254	10
218175_at	80212	CCDC92	12
218176_at	64110	MAGEF1	3
218177_at	57132	CHMP1B	18
218178_s_at	57132	CHMP1B	18
218179_s_at	60684	TRAPPC11	4
218180_s_at	64787	EPS8L2	11
218181_s_at	9448	MAP4K4	2
218182_s_at	9076	CLDN1	3
218183_at	29965	CDIP1	16
218184_at	56995	TULP4	6
218185_s_at	55156	ARMC1	8
218186_at	57111	RAB25	1
218187_s_at	65265	C8orf33	8
218188_s_at	26517	TIMM13	19
218189_s_at	54187	NANS	9
218190_s_at	29796	UQCR10	22
218191_s_at	55788	LMBRD1	6
218192_at	51447	IP6K2	3
218193_s_at	51026	GOLT1B	12
218194_at	25996	REXO2	11
218195_at	79624	ARMT1	6
218196_at	28962	OSTM1	6
218197_s_at	55074	OXR1	8
218198_at	55760	DHX32	10
218199_s_at	65083	NOL6	9
218200_s_at	4708	NDUFB2	7
218201_at	4708	NDUFB2	7
218202_x_at	65080	MRPL44	2
218203_at	29880	ALG5	13
218204_s_at	79443	FYCO1	3
218205_s_at	2872	MKNK2	19
218206_x_at	51282	SCAND1	20
218207_s_at	50861	STMN3	20
218208_at	80148	SLC66A2	18
218209_s_at	55197	RPRD1A	18
218210_at	79672	FN3KRP	17
218211_s_at	79083	MLPH	2
218212_s_at	4338	MOCS2	5
218213_s_at	746	TMEM258	11
218214_at	60673	ATG101	12
218215_s_at	7376	NR1H2	19
218216_x_at	51329	ARL6IP4	12
218217_at	59342	SCPEP1	17
218218_at	55198	APPL2	12
218219_s_at	55915	LANCL2	7
218220_at	60314	MYG1	12
218221_at	405	ARNT	1
218222_x_at	405	ARNT	1
218223_s_at	51177	PLEKHO1	1
218224_at	9240	PNMA1	14
218225_at	51295	ECSIT	19
218226_s_at	4710	NDUFB4	3
218227_at	10101	NUBP2	16
218228_s_at	80351	TNKS2	10
218229_s_at	57645	POGK	1
218230_at	27236	ARFIP1	4
218231_at	55577	NAGK	2
218232_at	712	C1QA	1
218234_at	51147	ING4	12
218235_s_at	51118	UTP11	1
218236_s_at	23683	PRKD3	2
218237_s_at	81539	SLC38A1	12
218238_at	23560	GTPBP4	10
218239_s_at	23560	GTPBP4	10
218240_at	28511	NKIRAS2	17
218241_at	9950	GOLGA5	14
218242_s_at	51111	KMT5B	11
218243_at	80230	RUFY1	5
218244_at	55035	NOL8	9
218245_at	25987	TSKU	11
218246_at	79594	MUL1	1
218247_s_at	51320	MEX3C	18
218248_at	63901	FAM111A	11
218249_at	64429	ZDHHC6	10
218250_s_at	29883	CNOT7	8
218251_at	58526	MID1IP1	X
218252_at	26586	CKAP2	13
218253_s_at	1939	EIF2D	1
218254_s_at	51128	SAR1B	5
218255_s_at	64319	FBRS	16
218256_s_at	53371	NUP54	4
218257_s_at	56886	UGGT1	2
218258_at	51082	POLR1D	13
218259_at	57496	MRTFB	16
218260_at	79016	DDA1	19
218261_at	10053	AP1M2	19
218262_at	64777	RMND5B	5
218263_s_at	58486	ZBED5	11
218264_at	56647	BCCIP	10
218265_at	79048	SECISBP2	9
218266_s_at	23413	NCS1	9
218267_at	51550	CINP	14
218268_at	64786	TBC1D15	12
218269_at	29102	DROSHA	5
218270_at	79590	MRPL24	1
218271_s_at	55486	PARL	3
218272_at	55020	TTC38	22
218273_s_at	54704	PDP1	8
218274_s_at	55139	ANKZF1	2
218275_at	1468	SLC25A10	17
218276_s_at	60485	SAV1	14
218277_s_at	79665	DHX40	17
218278_at	54663	WDR74	11
218279_s_at	8337	H2AC18	1
218281_at	51642	MRPL48	11
218282_at	55741	EDEM2	20
218283_at	51188	SS18L2	3
218284_at	4088	SMAD3	15
218285_s_at	56898	BDH2	4
218286_s_at	9616	RNF7	3
218288_s_at	60492	CCDC90B	11
218289_s_at	79876	UBA5	3
218290_at	55111	PLEKHJ1	19
218291_at	28956	LAMTOR2	1
218292_s_at	51422	PRKAG2	7
218293_x_at	10762	NUP50	22
218294_s_at	10762	NUP50	22
218295_s_at	10762	NUP50	22
218297_at	80013	MINDY3	10
218298_s_at	80017	DGLUCY	14
218299_at	53838	C11orf24	11
218300_at	79447	PAGR1	16
218301_at	57140	RNPEPL1	2
218302_at	55851	PSENEN	19
218303_x_at	51315	KRCC1	2
218304_s_at	114885	OSBPL11	3
218305_at	79711	IPO4	14
218306_s_at	8925	HERC1	15
218307_at	55316	RSAD1	17
218308_at	10460	TACC3	4
218309_at	55450	CAMK2N1	1
218310_at	27342	RABGEF1	7
218311_at	8491	MAP4K3	2
218312_s_at	65982	ZSCAN18	19
218313_s_at	51809	GALNT7	4
218314_s_at	55216	NKAPD1	11
218315_s_at	51654	CDK5RAP1	20
218316_at	26520	TIMM9	14
218318_s_at	51701	NLK	17
218319_at	57162	PELI1	2
218320_s_at	54539	NDUFB11	X
218321_x_at	51657	STYXL1	7
218322_s_at	51703	ACSL5	10
218323_at	55288	RHOT1	17
218324_s_at	65244	SPATS2	12
218325_s_at	11083	DIDO1	20
218326_s_at	55366	LGR4	11
218327_s_at	9342	SNAP29	22
218328_at	51117	COQ4	9
218329_at	11108	PRDM4	12
218330_s_at	89797	NAV2	11
218331_s_at	54906	TASOR2	10
218332_at	55859	BEX1	X
218333_at	51009	DERL2	17
218334_at	80145	THOC7	3
218335_x_at	79155	TNIP2	4
218336_at	5202	PFDN2	1
218337_at	64760	FHIP2B	8
218338_at	1911	PHC1	12
218339_at	29093	MRPL22	5
218340_s_at	55236	UBA6	4
218341_at	79717	PPCS	1
218342_s_at	79956	ERMP1	9
218343_s_at	9330	GTF3C3	2
218344_s_at	55758	RCOR3	1
218345_at	55365	TMEM176A	7
218346_s_at	27244	SESN1	6
218347_at	55253	TYW1	7
218348_s_at	29066	ZC3H7A	16
218349_s_at	55055	ZWILCH	15
218350_s_at	51053	GMNN	6
218351_at	54951	COMMD8	4
218352_at	55213	RCBTB1	13
218353_at	8490	RGS5	1
218354_at	51693	TRAPPC2L	16
218355_at	24137	KIF4A	X
218356_at	29960	MRM2	7
218357_s_at	26521	TIMM8B	11
218358_at	79174	CRELD2	22
218359_at	80023	NRSN2	20
218360_at	57403	RAB22A	20
218361_at	55204	GOLPH3L	1
218362_s_at	22894	DIS3	13
218363_at	55218	EXD2	14
218364_at	9209	LRRFIP2	3
218365_s_at	55157	DARS2	1
218366_x_at	64745	METTL17	14
218367_x_at	27005	USP21	1
218368_s_at	51330	TNFRSF12A	16
218369_s_at	51013	EXOSC1	10
218370_s_at	64766	S100PBP	1
218371_s_at	55269	PSPC1	13
218372_at	55090	MED9	17
218373_at	64400	AKTIP	16
218374_s_at	57102	C12orf4	12
218375_at	53343	NUDT9	4
218376_s_at	64780	MICAL1	6
218377_s_at	10069	RWDD2B	21
218379_at	10179	RBM7	11
218380_at	728392	LOC728392	17
218381_s_at	11338	U2AF2	19
218382_s_at	11338	U2AF2	19
218383_at	54930	HAUS4	14
218384_at	23589	CARHSP1	16
218385_at	55168	MRPS18A	6
218386_x_at	10600	USP16	21
218387_s_at	25796	PGLS	19
218388_at	25796	PGLS	19
218389_s_at	51107	APH1A	1
218390_s_at	63877	FAM204A	10
218391_at	11267	SNF8	17
218392_x_at	94081	SFXN1	5
218393_s_at	55234	SMU1	9
218394_at	79641	ROGDI	16
218395_at	64431	ACTR6	12
218396_at	54832	VPS13C	15
218397_at	55120	FANCL	2
218398_at	10884	MRPS30	5
218399_s_at	55038	CDCA4	14
218401_s_at	23528	ZNF281	1
218402_s_at	89781	HPS4	22
218403_at	51499	TRIAP1	12
218404_at	29887	SNX10	7
218405_at	29777	ABT1	6
218406_x_at	29937	NENF	1
218407_x_at	29937	NENF	1
218408_at	26519	TIMM10	11
218409_s_at	64215	DNAJC1	10
218411_s_at	51562	MBIP	14
218412_s_at	9569	GTF2IRD1	7
218413_s_at	51193	ZNF639	3
218414_s_at	54820	NDE1	16
218415_at	26276	VPS33B	15
218416_s_at	55652	SLC48A1	12
218417_s_at	55652	SLC48A1	12
218418_s_at	25959	KANK2	19
218419_s_at	79089	TMUB2	17
218420_s_at	80209	PROSER1	13
218421_at	64781	CERK	22
218422_s_at	64062	RBM26	13
218423_x_at	51542	VPS54	2
218424_s_at	55240	STEAP3	2
218425_at	54476	RNF216	7
218426_s_at	54476	RNF216	7
218427_at	10807	ENTR1	9
218428_s_at	51455	REV1	2
218429_s_at	55337	SHFL	19
218430_s_at	64864	RFX7	15
218431_at	63894	VIPAS39	14
218432_at	26273	FBXO3	11
218433_at	79646	PANK3	5
218434_s_at	65985	AACS	12
218435_at	29103	DNAJC15	13
218436_at	64374	SIL1	5
218437_s_at	54585	LZTFL1	3
218438_s_at	80306	MED28	4
218439_s_at	51397	COMMD10	5
218440_at	56922	MCCC1	3
218441_s_at	26015	RPAP1	15
218442_at	7268	TTC4	1
218443_s_at	26528	DAZAP1	19
218444_at	79087	ALG12	22
218445_at	55506	MACROH2A2	10
218446_s_at	51030	TVP23B	17
218447_at	56942	CMC2	16
218448_at	54994	GID8	20
218449_at	55325	UFSP2	4
218450_at	50865	HEBP1	12
218451_at	64866	CDCP1	3
218452_at	50485	SMARCAL1	2
218453_s_at	729515	TMEM242	6
218454_at	79887	PLBD1	12
218455_at	9054	NFS1	20
218456_at	65981	CAPRIN2	12
218457_s_at	1788	DNMT3A	2
218459_at	64222	TOR3A	1
218460_at	54919	DNAAF5	7
218461_at	51184	GPN3	12
218462_at	80135	RPF1	1
218463_s_at	80198	MUS81	11
218464_s_at	55731	FAM222B	17
218465_at	55161	TMEM33	4
218466_at	79735	TBC1D17	19
218467_at	56984	PSMG2	18
218468_s_at	26585	GREM1	15
218469_at	26585	GREM1	15
218470_at	51067	YARS2	12
218471_s_at	582	BBS1	11
218472_s_at	53918	PELO	5
218473_s_at	79709	COLGALT1	19
218474_s_at	54442	KCTD5	16
218475_at	27037	TRMT2A	22
218476_at	10585	POMT1	9
218477_at	28978	TMEM14A	6
218478_s_at	55596	ZCCHC8	12
218479_s_at	64328	XPO4	13
218480_at	60509	AGBL5	2
218481_at	56915	EXOSC5	19
218482_at	56943	ENY2	8
218483_s_at	56912	IFT46	11
218484_at	56901	NDUFA4L2	12
218485_s_at	55343	SLC35C1	11
218486_at	8462	KLF11	2
218487_at	210	ALAD	9
218488_at	8891	EIF2B3	1
218489_s_at	210	ALAD	9
218490_s_at	55900	ZNF302	19
218491_s_at	29087	THYN1	11
218492_s_at	80764	THAP7	22
218493_at	79622	SNRNP25	16
218494_s_at	56731	SLC2A4RG	20
218495_at	8409	UXT	X
218496_at	246243	RNASEH1	2
218497_s_at	246243	RNASEH1	2
218498_s_at	30001	ERO1A	14
218499_at	51765	STK26	X
218500_at	51337	THEM6	8
218501_at	50650	ARHGEF3	3
218502_s_at	7227	TRPS1	8
218503_at	54914	FOCAD	9
218504_at	51011	FAHD2A	2
218505_at	79726	WDR59	16
218506_x_at	84656	GLYR1	16
218507_at	29923	HILPDA	7
218508_at	55802	DCP1A	3
218509_at	64748	PLPPR2	19
218510_x_at	54463	RETREG1	5
218511_s_at	55163	PNPO	17
218512_at	55759	WDR12	2
218513_at	55319	TMA16	4
218514_at	55181	SMG8	17
218515_at	94104	PAXBP1	21
218516_s_at	54928	BPNT2	8
218517_at	79960	JADE1	4
218518_at	51306	FAM13B	5
218519_at	55032	SLC35A5	3
218520_at	29110	TBK1	12
218521_s_at	55284	UBE2W	8
218522_s_at	55201	MAP1S	19
218523_at	64077	LHPP	10
218524_at	1877	E4F1	16
218525_s_at	55662	HIF1AN	10
218526_s_at	29098	RANGRF	17
218527_at	54840	APTX	9
218528_s_at	152006	RNF38	9
218529_at	51293	CD320	19
218530_at	29109	FHOD1	16
218531_at	80194	TMEM134	11
218532_s_at	54463	RETREG1	5
218533_s_at	54963	UCKL1	20
218534_s_at	55109	AGGF1	5
218535_s_at	55781	RIOK2	5
218536_at	57380	MRS2	6
218537_at	54985	HCFC1R1	16
218538_s_at	57380	MRS2	6
218539_at	55030	FBXO34	14
218540_at	79178	THTPA	14
218541_s_at	56892	TCIM	8
218542_at	55165	CEP55	10
218543_s_at	64761	PARP12	7
218544_s_at	10171	RCL1	9
218545_at	55297	CCDC91	12
218546_at	79762	C1orf115	1
218547_at	79947	DHDDS	1
218548_x_at	51368	TEX264	3
218549_s_at	51115	RMDN1	8
218550_s_at	55222	LRRC20	10
218551_at	60672	MIIP	1
218552_at	55268	ECHDC2	1
218553_s_at	79047	KCTD15	19
218554_s_at	55870	ASH1L	1
218555_at	29882	ANAPC2	9
218556_at	29095	ORMDL2	12
218557_at	56954	NIT2	3
218558_s_at	54148	MRPL39	21
218559_s_at	9935	MAFB	20
218560_s_at	65094	JMJD4	1
218561_s_at	57128	LYRM4	6
218562_s_at	55219	MACO1	1
218563_at	4696	NDUFA3	19
218564_at	55159	RFWD3	16
218565_at	51490	SPOUT1	9
218566_s_at	26973	CHORDC1	11
218567_x_at	10072	DPP3	11
218568_at	55750	AGK	7
218569_s_at	55709	KBTBD4	11
218570_at	55709	KBTBD4	11
218571_s_at	29082	CHMP4A	14
218572_at	29082	CHMP4A	14
218573_at	28986	MAGEH1	X
218574_s_at	29995	LMCD1	3
218576_s_at	11266	DUSP12	1
218577_at	55631	LRRC40	1
218578_at	79577	CDC73	1
218579_s_at	60625	DHX35	20
218580_x_at	54998	AURKAIP1	1
218581_at	63874	ABHD4	14
218582_at	54708	MARCHF5	10
218583_s_at	54165	DCUN1D1	3
218584_at	79600	TCTN1	12
218585_s_at	51514	DTL	1
218586_at	55257	MRGBP	20
218587_s_at	56983	POGLUT1	3
218588_s_at	10827	FAM114A2	5
218589_at	10161	LPAR6	13
218590_at	56652	TWNK	10
218591_s_at	79954	NOL10	2
218592_s_at	27440	HDHD5	22
218593_at	55131	RBM28	7
218594_at	55127	HEATR1	1
218595_s_at	55127	HEATR1	1
218596_at	54662	TBC1D13	9
218597_s_at	55847	CISD1	10
218598_at	60561	RINT1	7
218599_at	9985	REC8	14
218600_at	80774	LIMD2	17
218601_at	55665	URGCP	7
218602_s_at	54801	HAUS6	9
218603_at	51696	HECA	6
218604_at	23592	LEMD3	12
218605_at	64216	TFB2M	1
218606_at	55625	ZDHHC7	16
218607_s_at	55153	SDAD1	4
218608_at	23400	ATP13A2	1
218609_s_at	318	NUDT2	9
218610_s_at	55313	CPPED1	16
218611_at	51278	IER5	1
218612_s_at	10078	TSSC4	11
218613_at	23362	PSD3	8
218614_at	55196	RESF1	12
218615_s_at	55254	TMEM39A	3
218616_at	57117	INTS12	4
218617_at	54802	TRIT1	1
218618_s_at	64778	FNDC3B	3
218619_s_at	6839	SUV39H1	X
218620_s_at	51409	HEMK1	3
218621_at	51409	HEMK1	3
218622_at	79023	NUP37	12
218623_at	51617	NSG2	5
218624_s_at	65996	CENPBD2P	19
218625_at	51299	NRN1	6
218626_at	56478	EIF4ENIF1	22
218627_at	55332	DRAM1	12
218628_at	51019	WASHC3	12
218629_at	6608	SMO	7
218630_at	54903	MKS1	17
218631_at	60370	AVPI1	10
218632_at	79654	HECTD3	1
218633_x_at	55347	ABHD10	3
218634_at	23612	PHLDA3	1
218636_s_at	11253	MAN1B1	9
218637_at	55364	IMPACT	18
218638_s_at	10417	SPON2	4
218639_s_at	79364	ZXDC	3
218640_s_at	79666	PLEKHF2	8
218641_at	65998	ZFTA	11
218642_s_at	79145	CHCHD7	8
218643_s_at	9419	CRIPT	2
218644_at	26499	PLEK2	14
218645_at	11179	ZNF277	7
218646_at	54969	HPF1	4
218647_s_at	79693	YRDC	1
218648_at	64784	CRTC3	15
218649_x_at	9147	NEMF	14
218650_at	54487	DGCR8	22
218651_s_at	55323	LARP6	15
218652_s_at	54872	PIGG	4
218653_at	10166	SLC25A15	13
218654_s_at	51650	MRPS33	7
218655_s_at	54883	CWC25	17
218656_s_at	10186	LHFPL6	13
218657_at	51195	RAPGEFL1	17
218658_s_at	93973	ACTR8	3
218659_at	55252	ASXL2	2
218660_at	8291	DYSF	2
218661_at	79903	NAA60	16
218662_s_at	64151	NCAPG	4
218663_at	64151	NCAPG	4
218664_at	51102	MECR	1
218665_at	8322	FZD4	11
218666_s_at	55014	STX17	9
218667_at	64219	PJA1	X
218668_s_at	57826	RAP2C	X
218669_at	57826	RAP2C	X
218670_at	80324	PUS1	12
218671_s_at	93974	ATP5IF1	1
218673_s_at	10533	ATG7	3
218674_at	80006	TRAPPC13	5
218675_at	51310	SLC22A17	14
218676_s_at	58488	PCTP	17
218677_at	57402	S100A14	1
218678_at	10763	NES	1
218679_s_at	51160	VPS28	8
218681_s_at	23753	SDF2L1	22
218682_s_at	22950	SLC4A1AP	2
218683_at	58155	PTBP2	1
218684_at	55144	LRRC8D	1
218685_s_at	23583	SMUG1	12
218686_s_at	64285	RHBDF1	16
218687_s_at	56667	MUC13	3
218688_at	26007	TKFC	11
218689_at	2188	FANCF	11
218690_at	8572	PDLIM4	5
218691_s_at	8572	PDLIM4	5
218692_at	55638	SYBU	8
218693_at	23555	TSPAN15	10
218694_at	51309	ARMCX1	X
218695_at	54512	EXOSC4	8
218696_at	9451	EIF2AK3	2
218697_at	51517	NCKIPSD	3
218698_at	51074	APIP	11
218699_at	8934	RAB29	1
218700_s_at	8934	RAB29	1
218701_at	51110	LACTB2	8
218702_at	54938	SARS2	19
218703_at	26984	SEC22A	3
218704_at	54894	RNF43	17
218705_s_at	28966	SNX24	5
218706_s_at	65983	GRAMD2B	5
218707_at	55311	ZNF444	19
218708_at	29107	NXT1	20
218709_s_at	51098	IFT52	20
218710_at	55622	TTC27	2
218711_s_at	8436	CAVIN2	2
218712_at	54955	AIRIM	1
218713_at	79664	ICE2	15
218714_at	78994	PRR14	16
218715_at	55813	UTP6	17
218716_x_at	25821	MTO1	6
218717_s_at	55214	P3H2	3
218718_at	56034	PDGFC	4
218719_s_at	64785	GINS3	16
218720_x_at	26470	SEZ6L2	16
218721_s_at	54953	ODR4	1
218722_s_at	79714	CCDC51	3
218723_s_at	28984	RGCC	13
218724_s_at	60436	TGIF2	20
218725_at	79751	SLC25A22	11
218726_at	55355	HJURP	2
218727_at	55238	SLC38A7	16
218728_s_at	29097	CNIH4	1
218729_at	56925	LXN	3
218730_s_at	4969	OGN	9
218731_s_at	64856	VWA1	1
218732_at	51651	PTRH2	17
218733_at	55167	MSL2	3
218734_at	79829	NAA40	11
218735_s_at	27300	ZNF544	19
218736_s_at	54873	PALMD	1
218737_at	55206	SBNO1	12
218738_s_at	51444	RNF138	18
218739_at	51099	ABHD5	3
218740_s_at	80279	CDK5RAP3	17
218741_at	79019	CENPM	22
218742_at	64428	CIAO3	16
218743_at	79643	CHMP6	17
218744_s_at	29763	PACSIN3	11
218745_x_at	54929	TMEM161A	19
218746_at	55080	TAPBPL	12
218747_s_at	55080	TAPBPL	12
218748_s_at	10640	EXOC5	14
218749_s_at	80024	SLC8B1	12
218750_at	79101	TAF1D	11
218751_s_at	55294	FBXW7	4
218752_at	55954	ZMAT5	22
218753_at	55113	XKR8	1
218754_at	79707	NOL9	1
218755_at	10112	KIF20A	5
218756_s_at	79154	DHRS11	17
218757_s_at	65109	UPF3B	X
218758_s_at	8568	RRP1	21
218759_at	1856	DVL2	17
218760_at	51004	COQ6	14
218761_at	54778	RNF111	15
218762_at	64763	ZNF574	19
218763_at	53407	STX18	4
218764_at	5583	PRKCH	14
218765_at	51092	SIDT2	11
218766_s_at	10352	WARS2	1
218767_at	57109	REXO4	9
218768_at	57122	NUP107	12
218769_s_at	57763	ANKRA2	5
218770_s_at	55116	TMEM39B	1
218771_at	55229	PANK4	1
218772_x_at	55151	TMEM38B	9
218773_s_at	22921	MSRB2	10
218774_at	28960	DCPS	11
218775_s_at	80014	WWC2	4
218776_s_at	80021	TMEM62	15
218777_at	80346	REEP4	8
218778_x_at	54869	EPS8L1	19
218779_x_at	54869	EPS8L1	19
218780_at	29911	HOOK2	19
218781_at	79677	SMC6	2
218782_s_at	29028	ATAD2	8
218783_at	25896	INTS7	1
218784_s_at	55776	SAYSD1	6
218785_s_at	64792	IFT22	7
218786_at	51559	NT5DC3	12
218787_x_at	55280	CWF19L1	10
218788_s_at	64754	SMYD3	1
218789_s_at	54494	C11orf71	11
218790_s_at	55217	TMLHE	X
218791_s_at	79768	KATNBL1	15
218792_s_at	54836	BSPRY	9
218793_s_at	6322	SCML1	X
218794_s_at	54957	TXNL4B	16
218795_at	51205	ACP6	1
218796_at	55612	FERMT1	20
218797_s_at	51547	SIRT7	17
218798_at	65095	KRI1	19
218799_at	54707	GPN2	1
218800_at	79644	SRD5A3	4
218801_at	55757	UGGT2	13
218802_at	55013	MCUB	4
218803_at	55743	CHFR	12
218804_at	55107	ANO1	11
218806_s_at	10451	VAV3	1
218807_at	10451	VAV3	1
218808_at	55152	DALRD3	3
218809_at	80025	PANK2	20
218810_at	80149	ZC3H12A	1
218811_at	80228	ORAI2	7
218812_s_at	80228	ORAI2	7
218813_s_at	56904	SH3GLB2	9
218814_s_at	55248	PACC1	1
218815_s_at	55092	TMEM51	1
218816_at	55227	LRRC1	6
218817_at	60559	SPCS3	4
218818_at	2275	FHL3	1
218819_at	26512	INTS6	13
218820_at	56967	C14orf132	14
218823_s_at	54793	KCTD9	8
218824_at	55228	PNMA8A	19
218825_at	51162	EGFL7	9
218826_at	54733	SLC35F2	11
218827_s_at	55125	CEP192	18
218829_s_at	55636	CHD7	8
218830_at	51121	RPL26L1	5
218831_s_at	2217	FCGRT	19
218832_x_at	408	ARRB1	11
218833_at	51776	MAP3K20	2
218834_s_at	54972	TMEM132A	11
218835_at	729238	SFTPA2	10
218837_s_at	51619	UBE2D4	7
218838_s_at	64427	TTC31	2
218839_at	23462	HEY1	8
218840_s_at	55191	NADSYN1	11
218841_at	140461	ASB8	12
218842_at	79657	RPAP3	12
218843_at	64838	FNDC4	2
218844_at	80221	ACSF2	17
218845_at	56940	DUSP22	6
218846_at	9439	MED23	6
218847_at	10644	IGF2BP2	3
218848_at	79228	THOC6	16
218849_s_at	10848	PPP1R13L	19
218850_s_at	8994	LIMD1	3
218851_s_at	55339	WDR33	2
218852_at	55012	PPP2R3C	14
218853_s_at	56180	MOSPD1	X
218854_at	29940	DSE	6
218855_at	131601	TPRA1	3
218856_at	27242	TNFRSF21	6
218857_s_at	80150	ASRGL1	11
218858_at	64798	DEPTOR	8
218859_s_at	51575	ESF1	20
218860_at	79050	NOC4L	12
218861_at	64320	RNF25	2
218862_at	79754	ASB13	10
218863_s_at	7145	TNS1	2
218864_at	7145	TNS1	2
218865_at	64757	MTARC1	1
218866_s_at	51728	POLR3K	16
218867_s_at	79794	SPRING1	12
218868_at	57180	ACTR3B	7
218869_at	23417	MLYCD	16
218870_at	55843	ARHGAP15	2
218871_x_at	55454	CSGALNACT2	10
218872_at	54997	TESC	12
218873_at	54856	GON4L	1
218874_s_at	79969	ATAT1	6
218875_s_at	26271	FBXO5	6
218876_at	51673	TPPP3	16
218877_s_at	60487	TRMT11	6
218878_s_at	23411	SIRT1	10
218879_s_at	64779	MTHFSD	16
218880_at	2355	FOSL2	2
218881_s_at	2355	FOSL2	2
218882_s_at	10885	WDR3	1
218883_s_at	79682	CENPU	4
218884_s_at	60558	GUF1	4
218885_s_at	79695	GALNT12	9
218886_at	55003	PAK1IP1	6
218887_at	51069	MRPL2	6
218888_s_at	81831	NETO2	16
218889_at	64318	NOC3L	10
218890_x_at	51318	MRPL35	2
218891_at	79591	ARMH3	10
218892_at	8642	DCHS1	11
218893_at	79763	ISOC2	19
218894_s_at	55110	MAGOHB	12
218895_at	63906	GPATCH3	1
218896_s_at	55421	NCBP3	17
218897_at	80775	TMEM177	2
218898_at	79850	TLCD3A	17
218899_s_at	79870	BAALC	8
218900_at	26504	CNNM4	2
218901_at	57088	PLSCR4	3
218902_at	4851	NOTCH1	9
218903_s_at	79035	NABP2	12
218904_s_at	55071	C9orf40	9
218905_at	55656	INTS8	8
218906_x_at	64837	KLC2	11
218907_s_at	65999	LRRC61	7
218908_at	79058	ASPSCR1	17
218909_at	26750	RPS6KC1	1
218910_at	55129	ANO10	3
218911_at	8089	YEATS4	12
218912_at	79571	GCC1	7
218913_s_at	51291	GMIP	19
218914_at	51093	METTL25B	1
218915_at	4771	NF2	22
218916_at	79724	ZNF768	16
218917_s_at	8289	ARID1A	1
218918_at	57134	MAN1C1	1
218919_at	79752	ZFAND1	8
218920_at	54540	FAM193B	5
218921_at	59307	SIGIRR	11
218922_s_at	79603	CERS4	19
218923_at	1486	CTBS	1
218924_s_at	1486	CTBS	1
218925_s_at	64776	CFAP68	11
218926_at	55892	MYNN	3
218927_s_at	55501	CHST12	7
218928_s_at	54020	SLC37A1	21
218929_at	55602	CDKN2AIP	4
218930_s_at	54664	TMEM106B	7
218931_at	64284	RAB17	2
218932_at	54680	ZNHIT6	1
218933_at	79029	AFG2B	15
218934_s_at	27129	HSPB7	1
218935_at	30845	EHD3	2
218936_s_at	29080	CCDC59	12
218937_at	54925	ZSCAN32	16
218938_at	79176	FBXL15	10
218939_at	3954	LETM1	4
218940_at	79609	VCPKMT	14
218941_at	26190	FBXW2	9
218942_at	79837	PIP4K2C	12
218943_s_at	23586	RIGI	9
218944_at	65263	PYCR3	8
218945_at	79091	METTL22	16
218946_at	27247	NFU1	2
218947_s_at	55149	MTPAP	10
218948_at	55278	QRSL1	6
218949_s_at	55278	QRSL1	6
218950_at	64411	ARAP3	5
218951_s_at	55344	PLCXD1	X
218952_at	27344	PCSK1N	X
218953_s_at	78991	PCYOX1L	5
218954_s_at	55290	BRF2	8
218955_at	55290	BRF2	8
218957_s_at	80227	PAAF1	11
218958_at	55049	REX1BD	19
218959_at	3226	HOXC10	12
218960_at	56649	TMPRSS4	11
218961_s_at	11284	PNKP	19
218962_s_at	64418	TMEM168	7
218963_s_at	25984	KRT23	17
218964_at	10620	ARID3B	15
218965_s_at	64852	TUT1	11
218966_at	55930	MYO5C	15
218967_s_at	9317	PTER	10
218968_s_at	55734	ZFP64	20
218969_at	51025	PAM16	16
218970_s_at	51076	CUTC	10
218971_s_at	29062	WDR91	7
218972_at	55761	TTC17	11
218973_at	79631	EFL1	15
218974_at	55084	SOBP	6
218975_at	50509	COL5A3	19
218976_at	56521	DNAJC12	10
218977_s_at	54952	TRNAU1AP	1
218978_s_at	51312	SLC25A37	8
218979_at	80010	RMI1	9
218980_at	80206	FHOD3	18
218981_at	57001	SDHAF3	7
218982_s_at	51373	MRPS17	7
218983_at	51279	C1RL	12
218984_at	54517	PUS7	7
218985_at	29988	SLC2A8	9
218986_s_at	55601	DDX60	4
218987_at	55729	ATF7IP	12
218988_at	55508	SLC35E3	12
218989_x_at	64924	SLC30A5	5
218990_s_at	6707	SPRR3	1
218991_at	63897	HEATR6	17
218992_at	55848	PLGRKT	9
218993_at	55178	MRM3	17
218994_s_at	64940	STAG3L4	7
218995_s_at	1906	EDN1	6
218996_at	29844	TFPT	19
218997_at	64425	POLR1E	9
218998_at	54942	ABITRAM	9
218999_at	55281	TMEM140	7
219000_s_at	79075	DSCC1	8
219001_s_at	79269	DCAF10	9
219002_at	79675	FASTKD1	2
219003_s_at	79694	MANEA	6
219004_s_at	54069	MIS18A	21
219005_at	25789	TMEM59L	19
219006_at	29078	NDUFAF4	6
219007_at	348995	NUP43	6
219008_at	60526	LDAH	2
219009_at	60686	C14orf93	14
219010_at	55765	INAVA	1
219011_at	57664	PLEKHA4	19
219012_s_at	56946	EMSY	11
219013_at	63917	GALNT11	7
219014_at	51316	PLAC8	4
219015_s_at	79868	ALG13	X
219016_at	60493	FASTKD5	20
219017_at	55500	ETNK1	12
219018_s_at	317762	CCDC85C	14
219019_at	55367	PIDD1	11
219020_at	64342	HS1BP3	2
219021_at	55298	RNF121	11
219022_at	64897	C12orf43	12
219023_at	55435	AP1AR	4
219024_at	59338	PLEKHA1	10
219025_at	57124	CD248	11
219026_s_at	9462	RASAL2	1
219027_s_at	4649	MYO9A	15
219028_at	28996	HIPK2	7
219029_at	64417	TMEM267	5
219030_at	51002	TPRKB	2
219031_s_at	51388	NIP7	16
219032_x_at	23596	OPN3	1
219033_at	79668	PARP8	5
219034_at	54956	PARP16	15
219035_s_at	80196	RNF34	12
219036_at	80321	CEP70	3
219037_at	51018	RRP15	1
219038_at	79710	MORC4	X
219039_at	54910	SEMA4C	2
219040_at	79585	CORO7	16
219041_s_at	29803	REPIN1	7
219042_at	11178	LZTS1	8
219044_at	55258	THNSL2	2
219045_at	54509	RHOF	12
219046_s_at	63876	PKNOX2	11
219047_s_at	79759	ZNF668	16
219048_at	23556	PIGN	18
219049_at	55790	CSGALNACT1	8
219050_s_at	741	ZNHIT2	11
219051_x_at	79006	METRN	16
219052_at	79803	HPS6	10
219053_s_at	55048	VPS37C	11
219054_at	4883	NPR3	5
219055_at	55133	SRBD1	2
219056_at	79621	RNASEH2B	13
219057_at	79874	RABEP2	16
219058_x_at	64129	TINAGL1	1
219059_s_at	10894	LYVE1	11
219060_at	55093	NTAQ1	8
219061_s_at	8270	LAGE3	X
219062_s_at	54877	ZCCHC2	18
219063_at	79169	C1orf35	1
219064_at	80760	ITIH5	10
219066_at	60490	PPCDC	15
219067_s_at	54780	NSMCE4A	10
219068_x_at	55210	ATAD3A	1
219069_at	54851	ANKRD49	11
219070_s_at	64598	MOSPD3	7
219071_x_at	51236	HGH1	8
219072_at	9274	BCL7C	16
219073_s_at	114884	OSBPL10	3
219074_at	55751	TMEM184C	4
219075_at	78992	YIPF2	19
219076_s_at	5827	PXMP2	12
219077_s_at	51741	WWOX	16
219078_at	55105	GPATCH2	1
219079_at	51167	CYB5R4	6
219080_s_at	56474	CTPS2	X
219081_at	54882	ANKHD1	5
219082_at	51005	AMDHD2	16
219083_at	55164	SHQ1	3
219084_at	64324	NSD1	5
219085_s_at	79760	GEMIN7	19
219086_at	55778	ZNF839	14
219087_at	54829	ASPN	9
219088_s_at	79177	ZNF576	19
219089_s_at	79177	ZNF576	19
219090_at	57419	SLC24A3	20
219091_s_at	79812	MMRN2	10
219092_s_at	64768	IPPK	9
219093_at	55022	PID1	2
219094_at	25852	ARMC8	3
219096_at	79637	ARMC7	17
219097_x_at	79086	SMIM7	19
219098_at	10514	MYBBP1A	17
219099_at	57103	TIGAR	12
219100_at	79991	STN1	10
219101_x_at	79575	ABHD8	19
219102_at	57333	RCN3	19
219103_at	55616	ASAP3	1
219104_at	50862	RNF141	11
219105_x_at	23594	ORC6	16
219106_s_at	10324	KLHL41	2
219107_at	63827	BCAN	1
219108_x_at	55661	DDX27	20
219109_at	79582	SPAG16	2
219110_at	54433	GAR1	4
219111_s_at	79039	DDX54	12
219112_at	51735	RAPGEF6	5
219113_x_at	51171	HSD17B14	19
219114_at	51161	C3orf18	3
219115_s_at	53832	IL20RA	6
219116_s_at	55208	DCUN1D2	13
219117_s_at	51303	FKBP11	12
219118_at	51303	FKBP11	12
219119_at	51691	LSM8	7
219120_at	80304	WDCP	2
219121_s_at	54845	ESRP1	8
219122_s_at	54974	THG1L	5
219123_at	7775	ZNF232	17
219124_at	80185	TTI2	8
219125_s_at	55974	SLC50A1	1
219126_at	55274	PHF10	6
219127_at	79170	PRR15L	17
219128_at	54980	C2orf42	2
219129_s_at	79685	SAP30L	5
219130_at	54482	TRMT13	1
219131_at	29914	UBIAD1	1
219132_at	57161	PELI2	14
219133_at	54995	OXSM	3
219134_at	64123	ADGRL4	1
219135_s_at	64788	LMF1	16
219136_s_at	64788	LMF1	16
219137_s_at	56947	MFF	2
219138_at	9045	RPL14	3
219139_s_at	114819	CROCCP3	1
219140_s_at	5950	RBP4	10
219141_s_at	55626	AMBRA1	11
219142_at	65997	RASL11B	4
219143_s_at	54913	RPP25	15
219144_at	78986	DUSP26	8
219145_at	22859	ADGRL1	19
219146_at	79736	TEFM	17
219147_s_at	54981	NMRK1	9
219148_at	55872	PBK	8
219149_x_at	51163	DBR1	3
219150_s_at	11033	ADAP1	7
219152_at	50512	PODXL2	3
219153_s_at	79875	THSD4	15
219154_at	144404	TMEM120B	12
219155_at	26207	PITPNC1	17
219156_at	55333	SYNJ2BP	14
219157_at	11275	KLHL2	4
219158_s_at	80155	NAA15	4
219159_s_at	57823	SLAMF7	1
219160_s_at	64895	PAPOLG	2
219162_s_at	65003	MRPL11	11
219163_at	54811	ZNF562	19
219164_s_at	55102	ATG2B	14
219165_at	64236	PDLIM2	8
219166_at	55172	DNAAF2	14
219167_at	51285	RASL12	15
219168_s_at	55615	PRR5	22
219169_s_at	51106	TFB1M	6
219170_at	79187	FSD1	19
219171_s_at	7776	ZNF236	18
219172_at	80019	UBTD1	10
219173_at	80022	MYO15B	17
219174_at	80173	IFT74	9
219175_s_at	54946	SLC41A3	3
219176_at	79568	MAIP1	2
219177_at	55299	BRIX1	5
219178_at	79691	QTRT2	3
219179_at	51339	DACT1	14
219180_s_at	55670	PEX26	22
219181_at	9388	LIPG	18
219183_s_at	27128	CYTH4	22
219184_x_at	29928	TIMM22	17
219185_at	23408	SIRT5	6
219186_at	51341	ZBTB7A	19
219187_at	63943	FKBPL	6
219188_s_at	28992	MACROD1	11
219189_at	26233	FBXL6	8
219190_s_at	192670	AGO4	1
219191_s_at	51411	BIN2	12
219192_at	55833	UBAP2	9
219193_at	55100	WDR70	5
219194_at	57715	SEMA4G	10
219195_at	10891	PPARGC1A	4
219196_at	29106	SCG3	15
219197_s_at	57758	SCUBE2	11
219198_at	9329	GTF3C4	9
219199_at	27125	AFF4	5
219200_at	79072	FASTKD3	5
219201_s_at	57045	TWSG1	18
219202_at	79651	RHBDF2	17
219203_at	51016	EMC9	14
219204_s_at	63826	SRR	17
219205_at	63826	SRR	17
219206_x_at	51643	TMBIM4	12
219207_at	80153	EDC3	15
219208_at	80204	FBXO11	2
219209_at	64135	IFIH1	2
219210_s_at	51762	RAB8B	15
219211_at	11274	USP18	22
219212_at	51182	HSPA14	10
219213_at	58494	JAM2	21
219215_s_at	55630	SLC39A4	8
219216_at	54465	ETAA1	2
219217_at	79731	NARS2	11
219218_at	57597	BAHCC1	17
219219_at	54958	TMEM160	19
219220_x_at	56945	MRPS22	3
219221_at	253461	ZBTB38	3
219222_at	64080	RBKS	2
219223_at	11094	CACFD1	9
219224_x_at	79797	ZNF408	11
219225_at	79605	PGBD5	1
219226_at	51755	CDK12	17
219227_at	79616	CCNJL	5
219228_at	55422	ZNF331	19
219229_at	28232	SLCO3A1	15
219230_at	55273	TMEM100	17
219231_at	96764	TGS1	8
219232_s_at	112399	EGLN3	14
219233_s_at	55876	GSDMB	17
219234_x_at	79634	SCRN3	2
219235_s_at	65979	PHACTR4	1
219236_at	79957	PAQR6	1
219237_s_at	79982	DNAJB14	4
219238_at	55650	PIGV	1
219239_s_at	55279	ZNF654	3
219240_s_at	80007	C10orf88	10
219241_x_at	54961	SSH3	11
219242_at	80254	CEP63	3
219243_at	55303	GIMAP4	7
219244_s_at	26589	MRPL46	15
219245_s_at	79676	OGFOD2	12
219246_s_at	79676	OGFOD2	12
219247_s_at	79683	ZDHHC14	6
219248_at	80745	THUMPD2	2
219249_s_at	60681	FKBP10	17
219250_s_at	23767	FLRT3	20
219251_s_at	55112	DYNC2I1	7
219252_s_at	54960	GEMIN8	X
219253_at	79134	TMEM185B	2
219254_at	79701	OGFOD3	17
219255_x_at	55540	IL17RB	3
219256_s_at	54436	SH3TC1	4
219257_s_at	8877	SPHK1	17
219258_at	54962	TIPIN	15
219259_at	64218	SEMA4A	1
219260_s_at	23587	ELP5	17
219261_at	79034	INTS15	7
219262_at	79723	SUV39H2	10
219263_at	79589	RNF128	X
219264_s_at	28227	PPP2R3B	X
219265_at	79817	MOB3B	9
219266_at	59348	ZNF350	19
219267_at	51228	GLTP	12
219268_at	55224	ETNK2	1
219269_at	79618	HMBOX1	8
219270_at	79094	CHAC1	15
219271_at	79623	GALNT14	2
219272_at	55223	TRIM62	1
219273_at	8812	CCNK	14
219274_at	23554	TSPAN12	7
219275_at	9141	PDCD5	19
219276_x_at	79886	CAAP1	9
219277_s_at	55753	OGDHL	10
219278_at	9064	MAP3K6	1
219279_at	55619	DOCK10	2
219280_at	54014	BRWD1	21
219281_at	4482	MSRA	8
219282_s_at	51393	TRPV2	17
219283_at	29071	C1GALT1C1	X
219284_at	79663	HSPBAP1	3
219285_s_at	51199	NIN	14
219286_s_at	64783	RBM15	1
219287_at	27345	KCNMB4	12
219288_at	57415	CEP15	3
219289_at	55027	HEATR3	16
219290_x_at	27071	DAPP1	4
219291_at	56986	DTWD1	15
219292_at	55145	THAP1	8
219293_s_at	29789	OLA1	2
219294_at	55166	CENPQ	6
219295_s_at	26577	PCOLCE2	3
219296_at	54503	ZDHHC13	11
219297_at	54521	WDR44	X
219298_at	79746	ECHDC3	10
219299_at	55039	TRMT12	8
219300_s_at	26047	CNTNAP2	7
219301_s_at	26047	CNTNAP2	7
219302_s_at	26047	CNTNAP2	7
219303_at	79596	OBI1	13
219304_s_at	80310	PDGFD	11
219305_x_at	26232	FBXO2	1
219306_at	56992	KIF15	3
219307_at	57107	PDSS2	6
219308_s_at	26289	AK5	1
219309_at	79640	C22orf46P	22
219310_at	79953	SYNDIG1	20
219311_at	79959	CEP76	18
219312_s_at	65986	ZBTB10	8
219313_at	54762	GRAMD1C	3
219314_s_at	51222	ZNF219	14
219315_s_at	79652	TMEM204	16
219316_s_at	55640	FLVCR2	14
219317_at	11201	POLI	18
219318_x_at	51003	MED31	17
219319_at	64344	HIF3A	19
219320_at	80179	MYO19	17
219321_at	64398	PALS1	14
219322_s_at	49856	WRAP73	1
219323_s_at	10068	IL18BP	11
219324_at	79159	NOL12	22
219325_s_at	55520	ELAC1	18
219326_s_at	10678	B3GNT2	2
219327_s_at	55890	GPRC5C	17
219328_at	64794	DDX31	9
219329_s_at	51374	ATRAID	2
219330_at	81839	VANGL1	1
219331_s_at	55220	KLHDC8A	1
219332_at	79778	MICALL2	7
219333_s_at	11132	CAPN10	2
219334_s_at	64859	NABP1	2
219335_at	64860	ARMCX5	X
219336_s_at	51008	ASCC1	10
219337_at	54991	C1orf159	1
219338_s_at	54839	LRRC49	15
219339_s_at	79813	EHMT1	9
219340_s_at	2055	CLN8	8
219341_at	2055	CLN8	8
219342_at	64921	CASD1	7
219343_at	55664	CDC37L1	9
219344_at	55315	SLC29A3	10
219345_at	51027	BOLA1	1
219346_at	79414	LRFN3	19
219347_at	55270	NUDT15	13
219348_at	55850	USE1	19
219349_s_at	55770	EXOC2	6
219350_s_at	56616	DIABLO	12
219351_at	6399	TRAPPC2	X
219352_at	55008	HERC6	4
219353_at	374354	NHLRC2	10
219354_at	55295	KLHL26	19
219355_at	55086	RADX	X
219356_s_at	51510	CHMP5	9
219357_at	9567	GTPBP1	22
219358_s_at	55803	ADAP2	17
219359_at	80162	PGGHG	11
219360_s_at	54795	TRPM4	19
219361_s_at	64782	AEN	15
219362_at	60560	NAA35	9
219363_s_at	51001	MTERF3	8
219364_at	79132	DHX58	17
219365_s_at	79012	CAMKV	3
219366_at	57099	AVEN	15
219367_s_at	8828	NRP2	2
219368_at	4674	NAP1L2	X
219369_s_at	78990	OTUB2	14
219370_at	56475	RPRM	2
219371_s_at	10365	KLF2	19
219372_at	28981	IFT81	12
219373_at	54344	DPM3	1
219374_s_at	79796	ALG9	11
219375_at	10390	CEPT1	1
219376_at	79692	ZNF322	6
219377_at	64762	GAREM1	18
219378_at	79612	NAA16	13
219379_x_at	140467	ZNF358	19
219380_x_at	5429	POLH	6
219381_at	65250	CPLANE1	5
219382_at	29946	SERTAD3	19
219383_at	79899	PRR5L	11
219384_s_at	23536	ADAT1	16
219385_at	56833	SLAMF8	1
219386_s_at	56833	SLAMF8	1
219387_at	55704	CCDC88A	2
219388_at	79977	GRHL2	8
219389_at	55061	SUSD4	1
219390_at	55033	FKBP14	7
219391_at	10380	BPNT1	1
219392_x_at	55771	PRR11	17
219393_s_at	10000	AKT3	1
219394_at	9489	PGS1	17
219395_at	80004	ESRP2	16
219396_s_at	79661	NEIL1	15
219397_at	80219	COQ10B	2
219398_at	63924	CIDEC	3
219399_at	55327	LIN7C	11
219400_at	8506	CNTNAP1	17
219401_at	64132	XYLT2	17
219402_s_at	79139	DERL1	8
219403_s_at	10855	HPSE	4
219404_at	79574	EPS8L3	1
219405_at	55128	TRIM68	11
219406_at	79078	C1orf50	1
219407_s_at	10319	LAMC3	9
219408_at	54496	PRMT7	16
219409_at	79753	SNIP1	1
219410_at	55076	TMEM45A	3
219411_at	79767	ELMO3	16
219412_at	23682	RAB38	11
219413_at	79777	ACBD4	17
219414_at	64084	CLSTN2	3
219415_at	57348	TTYH1	19
219416_at	51435	SCARA3	8
219417_s_at	54785	BORCS6	17
219418_at	79840	NHEJ1	2
219419_at	79863	RBFA	18
219420_s_at	65260	COA7	1
219421_at	23548	TTC33	5
219423_x_at	8718	TNFRSF25	1
219424_at	10148	EBI3	19
219425_at	25830	SULT4A1	22
219426_at	192669	AGO3	1
219427_at	79633	FAT4	4
219428_s_at	11264	PXMP4	20
219429_at	79152	FA2H	16
219430_at	56834	GPR137	11
219431_at	79658	ARHGAP10	4
219432_at	2121	EVC	4
219433_at	54880	BCOR	X
219434_at	54210	TREM1	6
219435_at	80169	CTC1	17
219436_s_at	51705	EMCN	4
219437_s_at	29123	ANKRD11	16
219438_at	79570	NKAIN1	1
219439_at	56913	C1GALT1	7
219440_at	10742	RAI2	X
219441_s_at	79705	LRRK1	15
219442_at	100132341	CLUHP3	16
219443_at	55617	TASP1	20
219444_at	63035	BCORL1	X
219445_at	29998	BICRA	19
219446_at	55188	RIC8B	12
219447_s_at	51006	SLC35C2	20
219448_at	54968	TMEM70	8
219449_s_at	54968	TMEM70	8
219450_at	55286	C4orf19	4
219451_at	22921	MSRB2	10
219452_at	64174	DPEP2	16
219453_at	79786	KLHL36	16
219454_at	25975	EGFL6	X
219455_at	79846	CFAP69	7
219456_s_at	79890	RIN3	14
219457_s_at	79890	RIN3	14
219458_s_at	63899	NSUN3	3
219459_at	55703	POLR3B	12
219460_s_at	55654	TMEM127	2
219461_at	56924	PAK6	15
219462_at	79639	TMEM53	1
219463_at	24141	LAMP5	20
219464_at	23632	CA14	1
219465_at	336	APOA2	1
219466_s_at	336	APOA2	1
219467_at	54826	GIN1	5
219468_s_at	404093	CUEDC1	17
219469_at	79659	DYNC2H1	11
219470_x_at	54619	CCNJ	10
219471_at	80183	RUBCNL	13
219472_at	79172	CENPO	2
219473_at	54834	GDAP2	1
219474_at	79669	C3orf52	3
219475_at	29948	OSGIN1	16
219476_at	79098	C1orf116	1
219478_at	58189	WFDC1	16
219479_at	79070	POGLUT2	13
219480_at	6615	SNAI1	20
219481_at	79573	TTC13	1
219482_at	54093	SETD4	21
219483_s_at	64840	PORCN	X
219484_at	29915	HCFC2	12
219485_s_at	5716	PSMD10	X
219486_at	54920	DUS2	16
219487_at	79738	BBS10	12
219488_at	53947	A4GALT	22
219490_s_at	64858	DCLRE1B	1
219491_at	78999	LRFN4	11
219492_at	26511	CHIC2	4
219493_at	79801	SHCBP1	16
219494_at	25788	RAD54B	8
219495_s_at	7733	ZNF180	19
219496_at	65124	SOWAHC	2
219497_s_at	53335	BCL11A	2
219498_s_at	53335	BCL11A	2
219499_at	55176	SEC61A2	10
219500_at	23529	CLCF1	11
219501_at	55068	ENOX1	13
219502_at	55247	NEIL3	4
219503_s_at	55287	TMEM40	3
219504_s_at	79871	RPAP2	1
219505_at	51816	ADA2	22
219506_at	79630	C1orf54	1
219507_at	51319	RSRC1	3
219508_at	9245	GCNT3	15
219509_at	58529	MYOZ1	10
219510_at	10721	POLQ	3
219511_s_at	9627	SNCAIP	5
219512_at	79980	DSN1	20
219513_s_at	10045	SH2D3A	19
219514_at	23452	ANGPTL2	9
219515_at	56980	PRDM10	11
219516_at	59341	TRPV4	12
219517_at	80237	ELL3	15
219518_s_at	80237	ELL3	15
219519_s_at	6614	SIGLEC1	20
219520_s_at	55841	WWC3	X
219521_at	27087	B3GAT1	11
219522_at	24147	FJX1	11
219523_s_at	55714	TENM3	4
219524_s_at	79133	NDUFAF5	20
219525_at	55244	SLC47A1	17
219526_at	79697	RIOX1	14
219527_at	54996	MTARC2	1
219528_s_at	64919	BCL11B	14
219529_at	9022	CLIC3	9
219530_at	79728	PALB2	16
219531_at	55722	CEP72	5
219532_at	6785	ELOVL4	6
219533_at	1028	CDKN1C	11
219534_x_at	1028	CDKN1C	11
219535_at	30811	HUNK	21
219536_s_at	55734	ZFP64	20
219537_x_at	10683	DLL3	19
219538_at	54554	WDR5B	3
219539_at	79833	GEMIN6	2
219540_at	10308	ZNF267	16
219541_at	54923	LIME1	20
219542_at	79858	NEK11	3
219543_at	64081	PBLD	10
219544_at	79866	BORA	13
219546_at	55589	BMP2K	4
219547_at	1355	COX15	10
219548_at	7564	ZNF16	8
219549_s_at	10313	RTN3	11
219550_at	64221	ROBO3	11
219551_at	55840	EAF2	3
219552_at	79987	SVEP1	9
219553_at	29922	NME7	1
219554_at	51458	RHCG	15
219555_s_at	55839	CENPN	16
219556_at	80178	TEDC2	16
219557_s_at	56675	NRIP3	11
219558_at	79572	ATP13A3	3
219559_at	63910	SLC17A9	20
219560_at	79680	RTL10	22
219561_at	51226	COPZ2	17
219562_at	25837	RAB26	16
219563_at	161176	SYNE3	14
219564_at	3773	KCNJ16	17
219565_at	57404	CYP20A1	2
219566_at	79156	PLEKHF1	19
219567_s_at	64789	EXO5	1
219568_x_at	54345	SOX18	20
219569_s_at	80723	SLC35G2	3
219570_at	55614	KIF16B	20
219571_s_at	7559	ZNF12	7
219572_at	93664	CADPS2	7
219573_at	55604	CARMIL1	6
219574_at	55016	MARCHF1	4
219576_at	79649	MAP7D3	X
219577_s_at	10347	ABCA7	19
219578_s_at	64506	CPEB1	15
219579_at	5866	RAB3IL1	11
219580_s_at	79838	TMC5	16
219581_at	80746	TSEN2	3
219582_at	79627	OGFRL1	6
219583_s_at	55812	SPATA7	14
219584_at	51365	PLA1A	3
219585_at	79140	CCDC28B	1
219586_at	79726	WDR59	16
219587_at	54970	TTC12	11
219588_s_at	54892	NCAPG2	7
219589_s_at	55260	TMEM143	19
219590_x_at	51611	DPH5	1
219591_at	51286	CEND1	11
219592_at	79648	MCPH1	8
219593_at	51296	SLC15A3	11
219594_at	4815	NINJ2	12
219595_at	7574	ZNF26	12
219596_at	56906	THAP10	15
219597_s_at	53905	DUOX1	15
219598_s_at	51389	RWDD1	6
219599_at	1975	EIF4B	12
219600_s_at	757	TMEM50B	21
219601_s_at	84458	LCOR	10
219602_s_at	63895	PIEZO2	18
219603_s_at	7769	ZNF226	19
219604_s_at	7551	ZNF3	7
219605_at	7551	ZNF3	7
219606_at	51105	PHF20L1	8
219607_s_at	51338	MS4A4A	11
219608_s_at	81545	FBXO38	5
219609_at	79446	WDR25	14
219610_at	64283	ARHGEF28	5
219611_s_at	64793	CEP85	1
219612_s_at	2266	FGG	4
219613_s_at	51548	SIRT6	19
219614_s_at	54716	SLC6A20	3
219615_s_at	8645	KCNK5	6
219616_at	79611	ACSS3	12
219617_at	79823	CAMKMT	2
219618_at	51135	IRAK4	12
219619_at	54769	DIRAS2	9
219620_x_at	54863	TOR4A	9
219621_at	63967	CLSPN	1
219622_at	55647	RAB20	13
219623_at	79913	ACTR5	20
219624_at	9530	BAG4	8
219625_s_at	10087	CERT1	5
219626_at	79649	MAP7D3	X
219627_at	79970	ZNF767P	7
219628_at	64393	ZMAT3	3
219629_at	55007	FAM118A	22
219630_at	10158	PDZK1IP1	1
219631_at	29967	LRP12	8
219632_s_at	7442	TRPV1	17
219633_at	79183	TTPAL	20
219634_at	50515	CHST11	12
219635_at	80095	ZNF606	19
219636_s_at	80210	ARMC9	2
219637_at	80210	ARMC9	2
219638_at	26263	FBXO22	15
219639_x_at	56965	PARP6	15
219640_at	24146	CLDN15	7
219641_at	55070	DET1	15
219642_s_at	51555	PEX5L	3
219643_at	53353	LRP1B	2
219644_at	51134	CEP83	12
219645_at	844	CASQ1	1
219646_at	54849	DEF8	16
219647_at	64091	POPDC2	3
219648_at	55686	MREG	2
219649_at	29929	ALG6	1
219650_at	54821	ERCC6L	X
219651_at	55211	DPPA4	3
219652_s_at	79742	DIPK2B	X
219653_at	149986	LSM14B	20
219654_at	9200	HACD1	10
219655_at	79783	SUGCT	7
219656_at	51294	PCDH12	5
219657_s_at	51274	KLF3	4
219658_at	79810	PTCD2	5
219659_at	51761	ATP8A2	13
219660_s_at	51761	ATP8A2	13
219661_at	64901	RANBP17	5
219662_at	79074	C2orf49	2
219663_s_at	80757	TMEM121	14
219664_s_at	26063	DECR2	16
219665_at	79873	NUDT18	8
219666_at	64231	MS4A6A	11
219667_s_at	55024	BANK1	4
219668_at	78997	GDAP1L1	20
219669_at	57126	CD177	19
219670_at	79656	BEND5	1
219671_at	51440	HPCAL4	1
219672_at	51327	AHSP	16
219673_at	254394	MCM9	6
219675_s_at	80146	UXS1	2
219676_at	80345	ZSCAN16	6
219677_at	80176	SPSB1	1
219678_x_at	64421	DCLRE1C	10
219679_s_at	51322	WAC	10
219680_at	79671	NLRX1	11
219681_s_at	80223	RAB11FIP1	8
219682_s_at	6926	TBX3	12
219683_at	7976	FZD3	8
219684_at	64108	RTP4	3
219685_at	59353	TMEM35A	X
219686_at	55351	STK32B	4
219687_at	55733	HHAT	1
219688_at	55212	BBS7	4
219689_at	56920	SEMA3G	3
219690_at	79713	IGFLR1	19
219691_at	54809	SAMD9	7
219692_at	79412	KREMEN2	16
219693_at	56895	AGPAT4	6
219694_at	54491	OTULINL	5
219695_at	55512	SMPD3	16
219696_at	163486	DENND1B	1
219697_at	9956	HS3ST2	16
219698_s_at	64863	METTL4	18
219699_at	55203	LGI2	4
219700_at	57125	PLXDC1	17
219701_at	29767	TMOD2	15
219702_at	10761	PLAC1	X
219703_at	55329	MNS1	15
219704_at	51087	YBX2	17
219705_at	79832	QSER1	11
219706_at	55317	AP5S1	20
219707_at	27132	CPNE7	16
219708_at	56953	NT5M	17
219709_x_at	65990	ANTKMT	16
219710_at	79628	SH3TC2	5
219711_at	54807	ZNF586	19
219713_at	23729	SHPK	17
219714_s_at	55799	CACNA2D3	3
219715_s_at	55775	TDP1	14
219716_at	80830	APOL6	22
219717_at	54876	DCAF16	4
219718_at	55277	FGGY	1
219719_at	51751	HIGD1B	17
219720_s_at	55668	GPATCH2L	14
219722_s_at	79153	GDPD3	16
219723_x_at	56894	AGPAT3	21
219724_s_at	9840	TESPA1	12
219725_at	54209	TREM2	6
219726_at	54413	NLGN3	X
219727_at	50506	DUOX2	15
219728_at	9499	MYOT	5
219729_at	51450	PRRX2	9
219730_at	54797	MED18	1
219731_at	728558	ENTPD1-AS1	10
219732_at	54886	PLPPR1	9
219733_s_at	10998	SLC27A5	19
219734_at	54847	SIDT1	3
219735_s_at	29842	TFCP2L1	2
219736_at	55521	TRIM36	5
219737_s_at	5101	PCDH9	13
219738_s_at	5101	PCDH9	13
219739_at	54546	RNF186	1
219740_at	79805	VASH2	1
219741_x_at	79818	ZNF552	19
219742_at	80758	PRR7	5
219743_at	23493	HEY2	6
219744_at	64122	FN3K	17
219745_at	79847	MFSD13A	10
219746_at	8110	DPF3	14
219747_at	79625	NDNF	4
219748_at	79865	TREML2	6
219749_at	63898	SH2D4A	8
219750_at	55314	TMEM144	4
219751_at	79918	SETD6	16
219752_at	8437	RASAL1	12
219753_at	10734	STAG3	7
219754_at	55285	RBM41	X
219755_at	57332	CBX8	17
219756_s_at	79983	POF1B	X
219757_s_at	54916	TMEM260	14
219758_at	79989	IFT56	7
219759_at	64167	ERAP2	5
219760_at	64130	LIN7B	19
219761_at	51267	CLEC1A	12
219762_s_at	25873	RPL36	19
219763_at	57706	DENND1A	9
219764_at	11211	FZD10	12
219765_at	79673	ZNF329	19
219766_at	80776	B9D2	19
219767_s_at	9946	CRYZL1	21
219768_at	79679	VTCN1	1
219769_at	3619	INCENP	11
219770_at	79712	GTDC1	2
219771_at	54885	TBC1D8B	X
219772_s_at	23676	SMPX	X
219773_at	50507	NOX4	11
219774_at	54520	CCDC93	2
219775_s_at	594855	CPLX3	15
219777_at	474344	GIMAP6	7
219778_at	23414	ZFPM2	8
219779_at	79776	ZFHX4	8
219780_at	51333	ZNF771	16
219781_s_at	51333	ZNF771	16
219782_s_at	51333	ZNF771	16
219783_at	54978	SLC35F6	2
219786_at	9633	TESMIN	11
219787_s_at	1894	ECT2	3
219788_at	29992	PILRA	7
219789_at	4883	NPR3	5
219790_s_at	4883	NPR3	5
219791_s_at	79804	HAND2-AS1	4
219792_at	79814	AGMAT	1
219793_at	64089	SNX16	8
219794_at	55275	VPS53	17
219795_at	11254	SLC6A14	X
219796_s_at	53841	CDHR5	11
219797_at	11320	MGAT4A	2
219798_s_at	56257	MEPCE	7
219799_s_at	10170	DHRS9	2
219800_s_at	79896	THNSL1	10
219801_at	80778	ZNF34	8
219802_at	79912	PYROXD1	12
219803_at	27329	ANGPTL3	1
219804_at	79933	SYNPO2L	10
219805_at	63932	STEEP1	X
219806_s_at	56935	SMCO4	11
219808_at	51540	SCLY	2
219809_at	54853	WDR55	5
219810_at	80124	VCPIP1	8
219811_at	54487	DGCR8	22
219812_at	79037	PVRIG	7
219813_at	9113	LATS1	6
219814_at	55796	MBNL3	X
219815_at	79690	GAL3ST4	7
219816_s_at	55147	RBM23	14
219817_at	51275	MAPKAPK5-AS1	12
219818_s_at	55094	GPATCH1	19
219819_s_at	28957	MRPS28	8
219820_at	28968	SLC6A16	19
219821_s_at	54438	GFOD1	6
219822_at	9617	MTRF1	13
219823_at	79727	LIN28A	1
219824_at	26266	SLC13A4	7
219825_at	56603	CYP26B1	2
219826_at	79744	ZNF419	19
219827_at	7352	UCP3	11
219828_at	55684	RABL6	9
219829_at	26548	ITGB1BP2	X
219830_at	10743	RAI1	17
219831_at	51265	CDKL3	5
219832_s_at	3229	HOXC13	12
219833_s_at	114327	EFHC1	6
219834_at	79800	CARF	2
219835_at	56978	PRDM8	4
219836_at	79413	ZBED2	3
219837_s_at	54360	CYTL1	4
219838_at	64927	TTC23	15
219839_x_at	27004	TCL6	14
219840_s_at	27004	TCL6	14
219841_at	57379	AICDA	12
219842_at	54622	ARL15	5
219843_at	3652	IPP	1
219844_at	55088	CCDC186	10
219845_at	56033	BARX1	9
219846_at	54856	GON4L	1
219847_at	79885	HDAC11	3
219848_s_at	9668	ZNF432	19
219849_at	79891	ZNF671	19
219850_s_at	26298	EHF	11
219851_at	79898	ZNF613	19
219852_s_at	79906	MORN1	1
219853_at	79147	FKRP	19
219854_at	7561	ZNF14	19
219855_at	55190	NUDT11	X
219856_at	79098	C1orf116	1
219857_at	79949	PLEKHS1	10
219858_s_at	54842	MFSD6	2
219859_at	26253	CLEC4E	12
219860_at	80741	LY6G5C	6
219861_at	55192	DNAJC17	15
219862_s_at	26502	NARF	17
219863_at	51191	HERC5	4
219864_s_at	11123	RCAN3	1
219865_at	29092	LINC00339	1
219866_at	53405	CLIC5	6
219867_at	140578	CHODL	21
219868_s_at	51479	ANKFY1	17
219869_s_at	64116	SLC39A8	4
219870_at	80063	ATF7IP2	16
219871_at	79667	KLF3-AS1	4
219872_at	51313	GASK1B	4
219873_at	78989	COLEC11	2
219874_at	84561	SLC12A8	3
219875_s_at	51029	DESI2	1
219876_s_at	55592	GOLGA2P5	12
219877_at	79698	ZMAT4	8
219878_s_at	51621	KLF13	15
219879_s_at	78995	HROB	17
219880_at	101928649	CTC-338M12.4	5
219881_s_at	101928649	CTC-338M12.4	5
219882_at	79739	TTLL7	1
219884_at	26468	LHX6	9
219885_at	55106	SLFN12	17
219886_at	79598	CEP97	3
219887_at	55231	CCDC87	11
219888_at	6676	SPAG4	20
219889_at	10023	FRAT1	10
219890_at	23601	CLEC5A	7
219891_at	54858	PGPEP1	19
219892_at	53346	TM6SF1	15
219893_at	64925	CCDC71	3
219894_at	54551	MAGEL2	15
219895_at	55026	TMEM255A	X
219896_at	50632	CALY	10
219897_at	79845	RNF122	8
219898_at	54329	GPR85	7
219899_x_at	27158	NDOR1	9
219900_s_at	55663	ZNF446	19
219901_at	55785	FGD6	12
219902_at	23743	BHMT2	5
219903_s_at	1558	CYP2C8	10
219904_at	79149	ZSCAN5A	19
219905_at	114625	ERMAP	1
219906_at	55096	EBLN2	3
219907_at	10817	FRS3	6
219908_at	27123	DKK2	4
219909_at	79148	MMP28	17
219910_at	11153	FICD	12
219911_s_at	28231	SLCO4A1	20
219912_s_at	5169	ENPP3	6
219913_s_at	51340	CRNKL1	20
219914_at	9427	ECEL1	2
219915_s_at	117247	SLC16A10	6
219916_s_at	80352	RNF39	6
219917_at	29063	ZCCHC4	4
219918_s_at	259266	ASPM	1
219919_s_at	54961	SSH3	11
219920_s_at	29925	GMPPB	3
219921_s_at	80005	DOCK5	8
219922_s_at	4054	LTBP3	11
219923_at	80263	TRIM45	1
219924_s_at	9204	ZMYM6	1
219925_at	9204	ZMYM6	1
219926_at	64208	POPDC3	6
219927_at	51077	FCF1	14
219928_s_at	26256	CABYR	18
219929_s_at	79038	ZFYVE21	14
219930_at	11279	KLF8	X
219931_s_at	59349	KLHL12	1
219932_at	28965	SLC27A6	5
219933_at	51022	GLRX2	1
219934_s_at	6783	SULT1E1	4
219935_at	11096	ADAMTS5	21
219936_s_at	53836	GPR87	3
219937_at	29953	TRHDE	12
219938_s_at	9050	PSTPIP2	18
219939_s_at	7812	CSDE1	1
219940_s_at	55795	PCID2	13
219941_at	55266	TMEM19	12
219942_at	58498	MYL7	7
219943_s_at	64854	USP46	4
219944_at	79745	CLIP4	2
219945_at	29118	DDX25	11
219946_x_at	79784	MYH14	19
219947_at	50856	CLEC4A	12
219948_x_at	79799	UGT2A3	4
219949_at	79442	LRRC2	3
219950_s_at	26230	TIAM2	6
219951_s_at	55184	DZANK1	20
219952_s_at	57192	MCOLN1	19
219953_s_at	56672	AKIP1	11
219954_s_at	57733	GBA3	4
219955_at	54596	L1TD1	1
219956_at	11226	GALNT6	12
219957_at	55680	RUFY2	10
219958_at	55321	TMEM74B	20
219959_at	55034	MOCOS	18
219960_s_at	51377	UCHL5	1
219961_s_at	55857	KIZ	20
219962_at	59272	ACE2	X
219963_at	51207	DUSP13B	10
219964_at	54879	ST7L	1
219965_s_at	79917	MAGIX	X
219966_x_at	54971	BANP	16
219967_at	79922	MRM1	17
219968_at	51385	ZNF589	3
219969_at	55787	TXLNG	X
219970_at	54810	GIPC2	1
219971_at	50615	IL21R	16
219972_s_at	64430	PCNX4	14
219973_at	79642	ARSJ	4
219974_x_at	55862	ECHDC1	6
219975_x_at	55301	OLAH	10
219976_at	51361	HOOK1	1
219977_at	23746	AIPL1	17
219978_s_at	51203	NUSAP1	15
219979_s_at	51501	HIKESHI	11
219980_at	80167	ABHD18	4
219981_x_at	84914	ZNF587	19
219983_at	57110	PLAAT1	3
219984_s_at	57110	PLAAT1	3
219985_at	9955	HS3ST3A1	17
219986_s_at	80724	ACAD10	12
219987_at	100288413	ERVMER34-1	4
219988_s_at	55182	RNF220	1
219989_s_at	56899	ANKS1B	12
219990_at	79733	E2F8	11
219991_at	56606	SLC2A9	4
219992_at	6866	TAC3	12
219993_at	64321	SOX17	8
219994_at	54518	APBB1IP	10
219995_s_at	79755	ZNF750	17
219996_at	140460	ASB7	15
219997_s_at	64708	COPS7B	2
219998_at	29094	LGALSL	2
219999_at	4122	MAN2A2	15
220000_at	8778	SIGLEC5	19
220001_at	23569	PADI4	1
220002_at	55083	KIF26B	1
220003_at	55282	LRRC36	16
220004_at	55510	DDX43	6
220005_at	53829	P2RY13	3
220006_at	79825	EFCC1	3
220007_at	79828	METTL8	2
220008_at	79834	PEAK1	15
220009_at	79836	LONRF3	X
220010_at	23630	KCNE5	X
220011_at	79000	AUNIP	1
220012_at	56605	ERO1B	1
220013_at	79852	EPHX3	19
220014_at	51334	PRR16	5
220015_at	54897	CASZ1	1
220016_at	79026	AHNAK	11
220017_x_at	1559	CYP2C9	10
220018_at	79872	CBLL1	7
220019_s_at	7767	ZNF224	19
220020_at	63929	XPNPEP3	22
220021_at	79905	TMC7	16
220022_at	55713	ZNF334	20
220023_at	55911	APOBR	16
220024_s_at	57716	PRX	19
220025_at	10716	TBR1	2
220026_at	22802	CLCA4	1
220027_s_at	54922	RASIP1	19
220028_at	93	ACVR2B	3
220029_at	54898	ELOVL2	6
220030_at	55359	STYK1	12
220031_at	56957	OTUD7B	1
220032_at	79974	CPED1	7
220034_at	11213	IRAK3	12
220035_at	23225	NUP210	3
220036_s_at	55716	LMBR1L	12
220037_s_at	10894	LYVE1	11
220039_s_at	54901	CDKAL1	6
220040_x_at	55906	ZC4H2	X
220041_at	80235	PIGZ	3
220042_x_at	59269	HIVEP3	1
220043_s_at	4241	MELTF	3
220044_x_at	51747	LUC7L3	17
220045_at	63974	NEUROD6	7
220046_s_at	57018	CCNL1	3
220047_at	23409	SIRT4	12
220048_at	10913	EDAR	2
220049_s_at	80380	PDCD1LG2	9
220050_at	11092	SPACA9	9
220051_at	10942	PRSS21	16
220052_s_at	26277	TINF2	14
220053_at	9573	GDF3	12
220054_at	51561	IL23A	12
220055_at	57336	ZNF287	17
220056_at	58985	IL22RA1	1
220058_at	79018	GID4	17
220059_at	26228	STAP1	4
220060_s_at	55010	PARPBP	12
220061_at	54988	ACSM5	16
220062_s_at	51438	MAGEC2	X
220063_at	79807	GSTCD	4
220064_at	79809	TTC21B	2
220065_at	64102	TNMD	X
220066_at	64127	NOD2	16
220067_at	51332	SPTBN5	15
220068_at	29802	VPREB3	22
220069_at	51807	TUBA8	22
220070_at	79831	KDM8	16
220071_x_at	55142	HAUS2	15
220072_at	79848	CSPP1	8
220073_s_at	55200	PLEKHG6	12
220074_at	53841	CDHR5	11
220075_s_at	53841	CDHR5	11
220076_at	56172	ANKH	5
220077_at	79879	CCDC134	22
220078_at	84196	USP48	1
220079_s_at	84196	USP48	1
220080_at	55336	FBXL8	16
220081_x_at	51478	HSD17B7	1
220082_at	54866	PPP1R14D	15
220083_x_at	51377	UCHL5	1
220084_at	55195	CCDC198	14
220085_at	3070	HELLS	10
220086_at	64376	IKZF5	10
220087_at	53630	BCO1	16
220088_at	728	C5AR1	19
220089_at	79944	L2HGDH	14
220090_at	49860	CRNN	1
220091_at	11182	SLC2A6	9
220092_s_at	84168	ANTXR1	2
220093_at	84168	ANTXR1	2
220094_s_at	63933	MCUR1	6
220095_at	54875	CNTLN	9
220097_s_at	54868	TMEM104	17
220098_at	54768	HYDIN	16
220100_at	55867	SLC22A11	11
220102_at	668	FOXL2	3
220103_s_at	51023	MRPS18C	4
220104_at	56829	ZC3HAV1	7
220105_at	27156	RSPH14	22
220106_at	29881	NPC1L1	7
220107_s_at	79696	ZC2HC1C	14
220108_at	9630	GNA14	9
220109_at	7018	TF	3
220110_s_at	56000	NXF3	X
220111_s_at	57101	ANO2	12
220112_at	79722	ANKRD55	5
220113_x_at	84172	POLR1B	2
220114_s_at	55576	STAB2	12
220115_s_at	1008	CDH10	5
220116_at	3781	KCNN2	5
220117_at	79750	ZNF385D	3
220118_at	27033	ZBTB32	19
220119_at	64097	EPB41L4A	5
220120_s_at	64097	EPB41L4A	5
220121_at	55180	LINS1	15
220122_at	79772	MCTP1	5
220123_at	80255	SLC35F5	2
220124_at	8139	GAN	16
220125_at	27019	DNAI1	9
220126_at	29122	PRSS50	3
220127_s_at	54850	FBXL12	19
220128_s_at	79815	NIPAL2	8
220130_x_at	56413	LTB4R2	14
220131_at	53822	FXYD7	19
220132_s_at	29121	CLEC2D	12
220133_at	54959	ODAM	4
220134_x_at	55194	EVA1B	1
220135_s_at	11136	SLC7A9	19
220136_s_at	1412	CRYBA2	2
220137_at	54621	VSIG10	12
220138_at	9421	HAND1	5
220139_at	29947	DNMT3L	21
220140_s_at	29916	SNX11	17
220141_at	79864	JHY	11
220142_at	60484	HAPLN2	1
220143_x_at	55692	LUC7L	16
220144_s_at	63926	ANKEF1	20
220145_at	79884	MAP9	4
220146_at	51284	TLR7	X
220147_s_at	58516	SINHCAF	12
220148_at	64577	ALDH8A1	6
220149_at	79919	MAB21L4	2
220150_s_at	79632	FAM184A	6
220151_at	55150	C19orf73	19
220152_at	79946	C10orf95	10
220153_at	57089	ENTPD7	10
220154_at	667	DST	6
220155_s_at	65980	BRD9	5
220156_at	79645	CLXN	8
220157_x_at	51054	PLEKHA8P1	12
220158_at	56891	LGALS14	19
220159_at	79963	ABCA11P	4
220160_s_at	11133	KPTN	19
220161_s_at	54566	EPB41L4B	9
220162_s_at	64170	CARD9	9
220163_s_at	55806	HR	8
220164_s_at	51725	FBXO40	3
220165_at	54891	INO80D	2
220166_at	26507	CNNM1	10
220168_at	55259	DNAI7	12
220169_at	80008	TMEM156	4
220170_at	9457	FHL5	6
220171_x_at	55425	GPALPP1	13
220172_at	80067	DCAF17	2
220173_at	80127	BBOF1	14
220174_at	80131	LRRC8E	19
220176_at	80224	NUBPL	14
220177_s_at	64699	TMPRSS3	21
220178_at	126321	MFSD12	19
220179_at	64180	DPEP3	16
220180_at	80323	CCDC68	18
220181_x_at	64924	SLC30A5	5
220182_at	79085	SLC25A23	19
220183_s_at	11162	NUDT6	4
220184_at	79923	NANOG	12
220185_at	57731	SPTBN4	19
220186_s_at	54825	CDHR2	5
220187_at	79689	STEAP4	7
220188_at	57338	JPH3	16
220189_s_at	11282	MGAT4B	5
220191_at	56287	GKN1	2
220192_x_at	25803	SPDEF	6
220193_at	79729	SH3D21	1
220194_at	79730	NSUN7	4
220195_at	55777	MBD5	2
220196_at	94025	MUC16	19
220197_at	50617	ATP6V0A4	7
220198_s_at	56648	EIF5A2	3
220199_s_at	64853	AIDA	1
220200_s_at	387893	KMT5A	12
220201_at	54542	RC3H2	9
220202_s_at	54542	RC3H2	9
220203_at	353500	BMP8A	1
220204_s_at	353500	BMP8A	1
220205_at	7179	TPTE	21
220206_at	79830	ZMYM1	1
220208_at	11093	ADAMTS13	9
220209_at	23615	PYY2	17
220210_at	57053	CHRNA10	11
220211_at	79857	FLJ13224	12
220212_s_at	63892	THADA	2
220213_at	128553	TSHZ2	20
220214_at	7762	ZNF215	11
220215_at	79862	ZNF669	1
220216_at	56260	C8orf44	8
220218_at	55064	SPATA6L	9
220220_at	55073	LRRC37A4P	17
220221_at	55187	VPS13D	1
220222_at	55472	RBM12B-AS1	8
220223_at	79915	ATAD5	17
220224_at	54363	HAO1	20
220225_at	50805	IRX4	5
220226_at	79054	TRPM8	2
220227_at	1002	CDH4	20
220228_at	23431	AP4E1	15
220229_s_at	23431	AP4E1	15
220230_s_at	51700	CYB5R2	11
220231_at	10842	PPP1R17	7
220232_at	79966	SCD5	4
220233_at	115290	FBXO17	19
220234_at	767	CA8	8
220235_s_at	55791	LRIF1	1
220236_at	55066	PDPR	16
220237_at	64422	ATG3	3
220238_s_at	55975	KLHL7	7
220239_at	55975	KLHL7	7
220240_s_at	55002	TMCO3	13
220241_at	55002	TMCO3	13
220242_x_at	55762	ZNF701	19
220243_at	29068	ZBTB44	11
220244_at	29931	LINC00312	3
220245_at	51151	SLC45A2	5
220246_at	57118	CAMK1D	10
220247_at	57082	KNL1	15
220248_x_at	55968	NSFL1C	20
220249_at	23553	HYAL4	7
220250_at	57335	ZNF286A	17
220251_at	27042	UTP25	1
220252_x_at	80231	TASL	X
220253_s_at	29967	LRP12	8
220254_at	29967	LRP12	8
220255_at	2178	FANCE	6
220258_s_at	55135	WRAP53	17
220259_at	79990	PLEKHH3	17
220260_at	55296	TBC1D19	4
220261_s_at	55146	ZDHHC4	7
220262_s_at	65989	DLK2	6
220263_at	9597	SMAD5-AS1	5
220264_s_at	57720	GPR107	9
220265_at	57720	GPR107	9
220266_s_at	9314	KLF4	9
220267_at	192666	KRT24	17
220268_at	28971	AAMDC	11
220269_at	79740	ZBBX	3
220270_at	56163	RNF17	13
220271_x_at	64800	EFCAB6	22
220272_at	54796	BNC2	9
220273_at	27190	IL17B	5
220274_at	79781	IQCA1	2
220275_at	50624	CUZD1	10
220276_at	79785	RERGL	12
220277_at	80319	CXXC4	4
220278_at	55693	KDM4D	11
220279_at	51127	TRIM17	1
220280_s_at	51281	ANKMY1	2
220281_at	6557	SLC12A1	15
220282_at	79608	RIC3	11
220283_at	79802	HHIPL2	1
220284_at	27120	DKKL1	19
220285_at	51104	ABHD17B	9
220286_at	54893	MTMR10	15
220287_at	56999	ADAMTS9	3
220288_at	51168	MYO15A	17
220289_s_at	55057	CRYBG2	1
220290_at	55057	CRYBG2	1
220291_at	54857	GDPD2	X
220292_at	54925	ZSCAN32	16
220293_at	79820	CATSPERB	14
220294_at	27012	KCNV1	8
220295_x_at	55635	DEPDC1	1
220296_at	55568	GALNT10	5
220297_at	55727	BTBD7	14
220298_s_at	54558	SPATA6	1
220299_at	54558	SPATA6	1
220300_at	5998	RGS3	9
220301_at	79839	CCDC102B	18
220302_at	4117	MAK	6
220303_at	79849	NHERF4	11
220304_s_at	54714	CNGB3	8
220305_at	57506	MAVS	20
220306_at	54855	TENT5C	1
220307_at	51744	CD244	1
220308_at	25790	CFAP45	1
220309_at	55001	TTC22	1
220310_at	79861	TUBAL3	10
220311_at	29104	N6AMT1	21
220312_at	54854	FAM83E	19
220313_at	54112	GPR88	1
220315_at	57097	PARP11	12
220316_at	64067	NPAS3	14
220317_at	9227	LRAT	4
220318_at	55040	EPN3	17
220319_s_at	29116	MYLIP	6
220320_at	79930	DOK3	5
220321_s_at	79635	CCDC121	2
220322_at	56300	IL36G	2
220323_at	79935	CCNP	19
220324_at	79940	LINC00472	6
220325_at	54457	TAF7L	X
220326_s_at	55701	ARHGEF40	14
220327_at	389136	VGLL3	3
220328_at	80012	PHC3	3
220329_s_at	55005	RMND1	6
220330_s_at	64092	SAMSN1	21
220331_at	10858	CYP46A1	14
220332_at	10686	CLDN16	3
220333_at	54852	PAQR5	15
220334_at	26575	RGS17	6
220335_x_at	23491	CES3	16
220336_s_at	51206	GP6	19
220337_at	58157	NGB	14
220338_at	55103	RALGPS2	1
220339_s_at	25823	TPSG1	16
220340_at	80000	GREB1L	18
220341_s_at	51149	MRNIP	5
220342_x_at	80267	EDEM3	1
220343_at	27115	PDE7B	6
220344_at	56673	C11orf16	11
220345_at	80059	LRRTM4	2
220346_at	441024	MTHFD2L	4
220347_at	23293	SMG6	17
220348_at	114818	KLHL29	2
220349_s_at	64772	ENGASE	17
220350_at	9310	ZNF235	19
220351_at	51554	ACKR4	3
220352_x_at	645644	FLJ42627	16
220353_at	55199	FAM86C1P	11
220354_at	100289410	MCF2L-AS1	13
220355_s_at	55193	PBRM1	3
220356_at	10699	CORIN	4
220357_s_at	10110	SGK2	20
220358_at	55509	BATF3	1
220359_s_at	10777	ARPP21	3
220360_at	79725	THAP9	4
220361_at	64799	IQCH	15
220362_at	170679	PSORS1C1	6
220363_s_at	63916	ELMO2	20
220364_at	54508	EPB41L4A-DT	5
220365_at	55821	ALLC	2
220366_at	64100	ELSPBP1	19
220367_s_at	79595	SAP130	2
220368_s_at	55671	PPP4R3A	14
220369_at	55671	PPP4R3A	14
220370_s_at	57602	USP36	17
220371_s_at	56996	SLC12A9	7
220372_at	54943	DNAJC28	21
220373_at	54798	DCHS2	4
220374_at	54813	KLHL28	14
220375_s_at	100996485	PITX1-AS1	5
220376_at	64922	LRRC19	9
220377_at	9834	FAM30A	14
220378_at	6954	TCP11	6
220379_at	29999	FSCN3	7
220380_at	58511	DNASE2B	1
220381_at	79822	ARHGAP28	18
220382_s_at	79822	ARHGAP28	18
220383_at	64240	ABCG5	2
220384_at	51314	NME8	7
220385_at	57158	JPH2	20
220386_s_at	27436	EML4	2
220387_s_at	11147	ANKRD13C-DT	1
220388_at	80307	FER1L4	20
220389_at	60494	CCDC81	11
220390_at	79841	AGBL2	11
220391_at	79842	ZBTB3	11
220392_at	64641	EBF2	8
220393_at	51557	LGSN	6
220394_at	26281	FGF20	8
220395_at	55466	DNAJA4	15
220396_at	55390	PRO2268	12
220397_at	56890	MDM1	12
220398_at	79158	GNPTAB	12
220399_at	79854	LINC00115	1
220400_at	157680	VPS13B	8
220402_at	63970	TP53AIP1	11
220403_s_at	63970	TP53AIP1	11
220404_at	222487	ADGRG3	16
220405_at	54212	SNTG1	8
220406_at	7042	TGFB2	1
220407_s_at	7042	TGFB2	1
220408_x_at	55578	SUPT20H	13
220409_at	157922	CAMSAP1	9
220410_s_at	157922	CAMSAP1	9
220411_x_at	79883	PODNL1	19
220412_x_at	10089	KCNK7	11
220413_at	29986	SLC39A2	14
220414_at	51806	CALML5	10
220416_at	79895	ATP8B4	15
220417_s_at	51078	THAP4	2
220418_at	53347	UBASH3A	21
220419_s_at	29761	USP25	21
220420_at	79748	LMAN1L	15
220421_at	79908	BTNL8	5
220422_at	50613	UBQLN3	11
220423_at	26279	PLA2G2D	1
220424_at	7827	NPHS2	1
220426_at	79025	FNDC11	20
220427_at	84033	OBSCN	1
220428_at	50489	CD207	2
220429_at	9348	NDST3	4
220430_at	79927	FAM110D	1
220431_at	28983	TMPRSS11E	4
220432_s_at	51302	CYP39A1	6
220433_at	79057	PRRG3	X
220434_at	79934	COQ8B	19
220435_at	55532	SLC30A10	1
220436_at	643827	CNTNAP3P2	9
220437_at	55908	ANGPTL8	19
220438_at	54814	QPCTL	19
220439_at	79890	RIN3	14
220440_at	29124	LGALS13	19
220441_at	79962	DNAJC22	12
220443_s_at	25806	VAX2	2
220444_at	79230	ZNF557	19
220445_s_at	389903	CSAG3	X
220446_s_at	10164	CHST4	16
220447_at	11255	HRH3	20
220448_at	56660	KCNK12	2
220449_at	79015	LINC01260	20
220451_s_at	79444	BIRC7	20
220453_at	54896	SLC66A1	1
220454_s_at	57556	SEMA6A	5
220455_at	23539	SLC16A8	22
220456_at	55304	SPTLC3	20
220457_at	55095	SAMD4B	19
220459_at	114044	MCM3AP-AS1	21
220460_at	53919	SLCO1C1	12
220461_at	80003	PCNX2	1
220462_at	80034	CSRNP3	2
220463_at	80036	TRPM3	9
220464_at	23263	MCF2L	13
220465_at	80054	CEBPA-DT	19
220466_at	80071	CCDC15	11
220468_at	80117	ARL14	3
220469_at	11316	COPE	19
220470_at	51272	BET1L	11
220471_s_at	80177	MYCT1	6
220472_at	29063	ZCCHC4	4
220473_s_at	29063	ZCCHC4	4
220474_at	89874	SLC25A21	14
220475_at	64078	SLC28A3	9
220477_s_at	29058	TMEM230	20
220478_at	80831	APOL5	22
220479_at	29034	CPS1-IT1	2
220480_at	9464	HAND2	4
220481_at	10936	GPR75	2
220482_s_at	26297	SERGEF	11
220483_s_at	25897	RNF19A	8
220484_at	55283	MCOLN3	1
220485_s_at	55423	SIRPG	20
220486_x_at	84187	TMEM164	X
220487_at	54221	SNTG2	2
220488_s_at	54828	BCAS3	17
220489_s_at	347735	SERINC2	1
220490_at	347735	SERINC2	1
220491_at	57817	HAMP	19
220492_s_at	9381	OTOF	2
220493_at	1761	DMRT1	9
220495_s_at	79770	TXNDC15	5
220496_at	51266	CLEC1B	12
220497_at	7761	ZNF214	11
220498_at	10880	ACTL7B	9
220499_at	54752	FNDC8	17
220501_at	10881	ACTL7A	9
220502_s_at	6561	SLC13A1	7
220503_at	6561	SLC13A1	7
220504_at	11081	KERA	12
220505_at	51198	CDKN2A-AS1	9
220506_at	2974	GUCY1B2	13
220507_s_at	51733	UPB1	22
220508_at	150160	CCT8L2	22
220509_at	64062	RBM26	13
220510_at	57127	RHBG	1
220511_s_at	10395	DLC1	8
220512_at	10395	DLC1	8
220515_at	63904	DUSP21	X
220516_at	54993	ZSCAN2	15
220517_at	54832	VPS13C	15
220518_at	25890	ABI3BP	3
220519_s_at	3982	LIM2	19
220520_s_at	54830	NUP62CL	X
220521_s_at	55054	ATG16L1	2
220522_at	23418	CRB1	1
220523_at	80258	EFHC2	X
220524_at	54566	EPB41L4B	9
220525_s_at	550	AUP1	2
220526_s_at	55052	MRPL20	1
220527_at	55052	MRPL20	1
220528_at	55350	VNN3P	6
220532_s_at	28959	TMEM176B	7
220533_at	105376204	LOC105376204	9
220534_at	79097	TRIM48	11
220535_at	55138	FAM90A1	12
220536_at	55237	VRTN	14
220537_at	55613	MTMR8	X
220538_at	79924	ADM2	22
220539_at	54777	CFAP46	10
220540_at	60598	KCNK15	20
220541_at	56547	MMP26	11
220542_s_at	51297	BPIFA1	20
220543_at	56245	C21orf62	21
220544_at	60385	TSKS	19
220545_s_at	60385	TSKS	19
220546_at	4297	KMT2A	11
220547_s_at	54537	SHLD2	10
220548_at	10343	PKDREJ	22
220550_at	26272	FBXO4	5
220551_at	57084	SLC17A6	11
220552_at	7224	TRPC5	X
220553_s_at	55015	PRPF39	14
220554_at	10864	SLC22A7	6
220555_s_at	79955	PDZD7	10
220556_at	23439	ATP1B4	X
220557_s_at	55690	PACS1	11
220558_x_at	10077	TSPAN32	11
220559_at	2019	EN1	2
220560_at	29125	C11orf21	11
220561_at	51214	IGF2-AS	11
220562_at	54905	CYP2W1	7
220563_s_at	50944	SHANK1	19
220564_at	55328	RNLS	10
220565_at	2826	CCR10	17
220566_at	23533	PIK3R5	17
220567_at	22807	IKZF2	2
220570_at	56729	RETN	19
220571_at	56981	PRDM11	11
220572_at	100506282	ANKRD42-DT	11
220573_at	43847	KLK14	19
220574_at	80031	SEMA6D	15
220575_at	80039	FAM106A	17
220576_at	80055	PGAP1	2
220577_at	387751	GVINP1	11
220578_at	54507	ADAMTSL4	1
220580_at	80114	BICC1	10
220581_at	80129	CCDC170	6
220584_at	80164	PRR36	19
220585_at	80201	HKDC1	10
220586_at	80205	CHD9	16
220587_s_at	64223	MLST8	16
220588_at	55653	BCAS4	20
220589_s_at	55846	ITFG2	12
220590_at	55846	ITFG2	12
220591_s_at	80258	EFHC2	X
220592_at	55036	CCDC40	17
220593_s_at	55036	CCDC40	17
220594_at	8473	OGT	X
220595_at	29951	PDZRN4	12
220596_at	54865	GPATCH4	1
220597_s_at	51329	ARL6IP4	12
220598_at	79092	CARD14	17
220599_s_at	79092	CARD14	17
220600_at	54859	ELP6	3
220601_at	80262	PHAF1	16
220603_s_at	55784	MCTP2	15
220604_x_at	10841	FTCD	21
220605_s_at	22933	SIRT2	19
220606_s_at	56985	ADPRM	17
220607_x_at	51497	NELFCD	20
220608_s_at	54989	ZNF770	15
220609_at	202181	SIMC1P1	5
220610_s_at	9209	LRRFIP2	3
220611_at	1600	DAB1	1
220613_s_at	54843	SYTL2	11
220614_s_at	79747	ADGB	6
220615_s_at	55711	FAR2	12
220616_at	171017	ZNF384	12
220617_s_at	55205	ZNF532	18
220618_s_at	55063	ZCWPW1	7
220619_at	55636	CHD7	8
220620_at	54544	CRCT1	1
220621_at	2301	FOXE3	1
220622_at	79782	LRRC31	3
220623_s_at	80705	TSGA10	2
220624_s_at	2001	ELF5	11
220625_s_at	2001	ELF5	11
220626_at	51156	SERPINA10	14
220627_at	10047	CST8	20
220628_s_at	54549	SDK2	17
220629_at	55539	KCNQ1DN	11
220630_s_at	27159	CHIA	1
220631_at	64172	OSGEPL1	2
220632_s_at	29954	POMT2	14
220633_s_at	50809	HP1BP3	1
220634_at	9496	TBX4	17
220635_at	170680	PSORS1C2	6
220636_at	64446	DNAI2	17
220637_at	79843	FAM124B	2
220638_s_at	23624	CBLC	19
220639_at	79853	TM4SF20	2
220640_at	53944	CSNK1G1	15
220641_at	79400	NOX5	15
220643_s_at	55179	FAIM	3
220645_at	54827	NXPE4	11
220646_s_at	51348	KLRF1	12
220647_s_at	51287	COA4	11
220648_at	105	ADARB2	10
220649_at	340351	AGBL3	7
220650_s_at	6553	SLC9A5	16
220651_s_at	55388	MCM10	10
220652_at	347240	KIF24	9
220653_at	23619	ZIM2	19
220654_at	23614	PPY2P	17
220655_at	79931	TNIP3	4
220656_at	79612	NAA16	13
220657_at	55175	KLHL11	17
220658_s_at	56938	BMAL2	12
220659_s_at	55262	TRAPPC14	7
220660_at	58483	LINC00474	9
220661_s_at	55657	ZNF692	1
220662_s_at	26508	HEYL	1
220663_at	11141	IL1RAPL1	X
220664_at	6702	SPRR2C	1
220665_at	51213	LUZP4	X
220667_at	25862	USP49	6
220668_s_at	1789	DNMT3B	20
220669_at	54726	OTUD4	4
220671_at	25819	NOCT	4
220672_at	57718	PPP4R4	14
220673_s_at	57718	PPP4R4	14
220674_at	933	CD22	19
220675_s_at	80339	PNPLA3	22
220676_at	11095	ADAMTS8	11
220677_s_at	11095	ADAMTS8	11
220678_at	55025	FLJ20712	7
220679_s_at	1005	CDH7	18
220680_at	55225	RAVER2	1
220681_at	55267	PRR34	22
220682_s_at	51088	KLHL5	4
220683_at	50700	RDH8	19
220684_at	30009	TBX21	17
220685_at	54954	FAM120C	X
220686_s_at	55124	PIWIL2	8
220687_at	101927550	LOC101927550	7
220688_s_at	51154	MRTO4	1
220689_at	4838	NODAL	10
220690_s_at	25979	DHRS7B	17
220692_at	10156	RASA4	7
220693_at	79780	CCDC82	11
220694_at	29065	ASAP1-IT1	8
220698_at	79160	LINC01711	20
220699_s_at	3796	KIF2A	5
220702_at	9874	TLK1	2
220703_at	55853	IDI2-AS1	10
220704_at	10320	IKZF1	7
220705_s_at	11173	ADAMTS7	15
220706_at	11173	ADAMTS7	15
220707_s_at	80020	FOXRED2	22
220709_at	80032	ZNF556	19
220710_at	80035	ANP32A-IT1	15
220713_at	414918	DENND6B	22
220714_at	63978	PRDM14	8
220717_at	80070	ADAMTS20	12
220718_at	80072	HEXA-AS1	15
220720_x_at	80097	MZT2B	2
220721_at	80110	ZNF614	19
220722_s_at	60482	SLC5A7	2
220723_s_at	80157	CWH43	4
220724_at	80157	CWH43	4
220725_x_at	55567	DNAH3	16
220727_at	54207	KCNK10	14
220730_at	197320	ZNF778	16
220731_s_at	55707	NECAP2	1
220732_at	80243	PREX2	8
220733_at	10861	SLC26A1	4
220734_s_at	80772	CPTP	1
220735_s_at	57337	SENP7	3
220736_at	80704	SLC19A3	2
220737_at	27330	RPS6KA6	X
220738_s_at	27330	RPS6KA6	X
220739_s_at	26505	CNNM3	2
220740_s_at	9990	SLC12A6	15
220741_s_at	27068	PPA2	4
220742_s_at	55768	NGLY1	3
220743_at	29035	HAPSTR1	16
220744_s_at	55764	IFT122	3
220745_at	29949	IL19	1
220746_s_at	51720	UIMC1	5
220747_at	29075	LINC00652	20
220748_s_at	51157	ZNF580	19
220749_at	79741	CCDC7	10
220750_s_at	64175	P3H1	1
220751_s_at	10826	FAXDC2	5
220752_at	51145	PBX3-DT	9
220753_s_at	51084	CRYL1	13
220754_at	80210	ARMC9	2
220755_s_at	50854	SNHG32	6
220756_s_at	55065	SLC52A1	17
220757_s_at	80700	UBXN6	19
220758_s_at	54538	ROBO4	11
220759_at	64184	EDDM3B	14
220760_x_at	79788	ZNF665	19
220761_s_at	51347	TAOK3	12
220762_s_at	54584	GNB1L	22
220763_at	259217	HSPA12A	10
220765_s_at	55679	LIMS2	2
220766_at	54766	BTG4	11
220768_s_at	1456	CSNK1G3	5
220769_s_at	79819	DNAI4	1
220770_s_at	63920	FAM200C	5
220771_at	51152	LINC00328	21
220772_at	60467	BPESC1	3
220773_s_at	10243	GPHN	14
220774_at	54808	DYM	18
220775_s_at	55293	UEVLD	11
220776_at	3770	KCNJ14	19
220777_at	63971	KIF13A	6
220778_x_at	10501	SEMA6B	19
220779_at	51702	PADI3	1
220780_at	50487	PLA2G3	22
220781_at	50514	DELEC1	9
220782_x_at	43849	KLK12	19
220783_at	64066	MMP27	11
220784_s_at	10911	UTS2	1
220785_at	10911	UTS2	1
220786_s_at	55089	SLC38A4	12
220788_s_at	55072	RNF31	14
220789_s_at	9238	TBRG4	7
220790_s_at	64232	MS4A5	11
220791_x_at	11280	SCN11A	3
220792_at	11107	PRDM5	4
220793_at	55511	SAGE1	X
220794_at	64388	GREM2	1
220795_s_at	57596	BEGAIN	14
220796_x_at	79939	SLC35E1	19
220797_at	79066	METTL16	17
220798_x_at	79948	PLPPR3	19
220799_at	9247	GCM2	6
220800_s_at	29766	TMOD3	15
220801_s_at	51179	HAO2	1
220802_at	23415	KCNH4	17
220804_s_at	7161	TP73	1
220805_at	3274	HRH2	5
220806_x_at	51764	GNG13	16
220807_at	3049	HBQ1	16
220808_at	51298	SPMAP2	19
220810_at	9629	CLCA3P	1
220811_at	10394	PRG3	11
220812_s_at	11148	HHLA2	3
220813_at	57105	CYSLTR2	13
220814_at	55676	SLC30A6	2
220815_at	29119	CTNNA3	10
220816_at	23566	LPAR3	1
220817_at	7223	TRPC4	13
220818_s_at	7223	TRPC4	13
220819_at	79981	FRMD1	6
220821_at	2587	GALR1	18
220825_s_at	55243	KIRREL1	1
220826_at	140290	TCP10L	21
220828_s_at	55338	LINC01949	5
220829_s_at	8708	B3GALT1	2
220830_at	50939	IMPG2	3
220831_at	51301	GCNT4	5
220832_at	51311	TLR8	X
220834_at	54860	MS4A12	11
220835_s_at	55628	ZNF407	18
220836_at	55628	ZNF407	18
220837_at	100996325	CEP72-DT	5
220838_at	54932	EXD3	9
220839_at	29081	METTL5	2
220840_s_at	55732	FIRRM	1
220841_s_at	54806	AHI1	6
220842_at	54806	AHI1	6
220843_s_at	25879	DCAF13	8
220844_at	51224	ELOA2	18
220845_at	55289	ACOXL	2
220846_s_at	100506504	PRKCZ-AS1	1
220847_x_at	7638	ZNF221	19
220848_x_at	29991	OBP2A	9
220849_at	79999	GRAPL-AS1	17
220850_at	27136	MORC1	3
220852_at	29018	FOXN3-AS2	14
220853_at	79712	GTDC1	2
220858_at	8470	SORBS2	4
220860_at	29942	PURG	8
220861_at	23326	USP22	17
220862_s_at	23326	USP22	17
220863_at	4284	MIP	12
220864_s_at	51079	NDUFA13	19
220865_s_at	23590	PDSS1	10
220866_at	11174	ADAMTS6	5
220867_s_at	25769	SLC24A2	9
220868_s_at	56301	SLC7A10	19
220869_at	55236	UBA6	4
220874_at	2035	EPB41	1
220885_s_at	55835	CENPJ	13
220886_at	55879	GABRQ	X
220887_at	56936	CCDC177	14
220888_s_at	57091	CASS4	20
220889_s_at	56934	CA10	17
220891_at	152992	TRMT44	4
220892_s_at	29968	PSAT1	9
220894_x_at	59335	PRDM12	9
220895_at	57663	USP29	19
220896_at	80028	FBXL18	7
220901_at	80045	GPR157	1
220902_at	51363	CHST15	10
220903_at	85476	GFM1	3
220904_at	80069	LINC00574	6
220907_at	266977	ADGRF1	6
220908_at	80125	CCDC33	15
220909_at	80128	TRIM46	1
220910_at	80144	FRAS1	4
220911_s_at	57523	NYNRIN	14
220917_s_at	57728	WDR19	4
220918_at	80215	RUNX1-IT1	21
220919_s_at	80217	CFAP43	10
220920_at	23120	ATP10B	5
220923_s_at	29944	PNMA3	X
220924_s_at	54407	SLC38A2	12
220925_at	60560	NAA35	9
220926_s_at	80267	EDEM3	1
220927_s_at	60495	HPSE2	10
220928_s_at	63976	PRDM16	1
220930_s_at	79024	SMIM2	13
220931_at	79024	SMIM2	13
220933_s_at	79670	TUT7	9
220934_s_at	79064	TMEM223	11
220935_s_at	55755	CDK5RAP2	9
220936_s_at	55766	H2AJ	12
220937_s_at	27090	ST6GALNAC4	9
220938_s_at	10691	GMEB1	1
220939_s_at	54878	DPP8	15
220940_at	57730	ANKRD36B	2
220941_s_at	54149	C21orf91	21
220942_x_at	26355	FAM162A	3
220943_s_at	55471	NDUFAF7	2
220944_at	57115	PGLYRP4	1
220945_x_at	54682	MANSC1	12
220946_s_at	29072	SETD2	3
220947_s_at	26000	TBC1D10B	16
220948_s_at	476	ATP1A1	1
220949_s_at	78996	CYREN	7
220950_s_at	55683	KANSL3	2
220951_s_at	29974	A1CF	10
220952_s_at	54477	PLEKHA5	12
220953_s_at	54545	MTMR12	5
220955_x_at	51715	RAB23	6
220957_at	64693	CTAGE1	18
220958_at	54986	ULK4	3
220960_x_at	6146	RPL22	1
220961_s_at	9238	TBRG4	7
220962_s_at	29943	PADI1	1
220963_s_at	79363	CPLANE2	1
220965_s_at	81492	RSPH6A	19
220966_x_at	81873	ARPC5L	9
220967_s_at	79943	ZNF696	8
220968_s_at	10867	TSPAN9	12
220971_at	64806	IL25	14
220972_s_at	81870	KRTAP9-9	17
220973_s_at	81858	SHARPIN	8
220974_x_at	81855	SFXN3	10
220975_s_at	114897	C1QTNF1	17
220976_s_at	81851	KRTAP1-1	17
220977_x_at	57669	EPB41L5	2
220978_at	81850	KRTAP1-3	17
220979_s_at	81849	ST6GALNAC5	1
220980_s_at	83440	ADPGK	15
220982_s_at	81833	SPACA1	6
220984_s_at	81796	SLCO5A1	8
220985_s_at	81790	RNF170	8
220986_s_at	81789	TIGD6	5
220988_s_at	114899	C1QTNF3	5
220989_s_at	81693	AMN	14
220991_s_at	140545	RNF32	7
220992_s_at	81627	TRMT1L	1
220993_s_at	81491	GPR63	6
220994_s_at	29091	STXBP6	14
220995_at	29091	STXBP6	14
220996_s_at	81626	SHCBP1L	1
220997_s_at	81624	DIAPH3	13
220998_s_at	81622	UNC93B1	11
220999_s_at	26999	CYFIP2	5
221000_s_at	81621	KAZALD1	10
221002_s_at	81619	TSPAN14	10
221003_s_at	81617	CAB39L	13
221004_s_at	81618	ITM2C	2
221005_s_at	81490	PTDSS2	11
221006_s_at	81609	SNX27	1
221007_s_at	81608	FIP1L1	4
221008_s_at	64850	ETNPPL	4
221009_s_at	51129	ANGPTL4	19
221010_s_at	23408	SIRT5	6
221011_s_at	81606	LBH	2
221012_s_at	81603	TRIM8	10
221013_s_at	23780	APOL2	22
221014_s_at	83452	RAB33B	4
221015_s_at	81602	CDADC1	13
221016_s_at	83439	TCF7L1	2
221017_s_at	81543	LRRC3	21
221018_s_at	56165	TDRD1	10
221019_s_at	81035	COLEC12	18
221020_s_at	81034	SLC25A32	8
221021_s_at	56259	CTNNBL1	20
221022_s_at	83449	PMFBP1	16
221023_s_at	81033	KCNH6	17
221024_s_at	81031	SLC2A10	20
221025_x_at	83448	PUS7L	12
221026_s_at	83482	SCRT1	8
221027_s_at	81579	PLA2G12A	4
221028_s_at	81577	GFOD2	16
221029_s_at	81029	WNT5B	12
221030_s_at	83478	ARHGAP24	4
221031_s_at	81575	APOLD1	12
221032_s_at	80975	TMPRSS5	11
221033_s_at	56163	RNF17	13
221034_s_at	56156	TEX13B	X
221035_s_at	56155	TEX14	17
221036_s_at	83464	APH1B	15
221037_s_at	83447	SLC25A31	4
221039_s_at	50807	ASAP1	8
221040_at	11132	CAPN10	2
221041_s_at	26503	SLC17A5	6
221042_s_at	79789	CLMN	14
221045_s_at	8863	PER3	1
221046_s_at	29083	GTPBP8	3
221047_s_at	4139	MARK1	1
221048_x_at	55028	C17orf80	17
221049_s_at	27343	POLL	10
221050_s_at	54676	GTPBP2	6
221051_s_at	27231	NMRK2	19
221052_at	11022	TDRKH	1
221053_s_at	11022	TDRKH	1
221054_s_at	27004	TCL6	14
221056_x_at	58513	EPS15L1	19
221057_at	100505741	SPATA1	1
221058_s_at	51192	CKLF	16
221060_s_at	7099	TLR4	9
221061_at	9033	PKD2L1	10
221062_at	9953	HS3ST3B1	17
221063_x_at	63891	RNF123	3
221064_s_at	64718	UNKL	16
221065_s_at	64377	CHST8	19
221066_at	51289	RXFP3	5
221067_s_at	80763	SPX	12
221068_at	25959	KANK2	19
221069_s_at	51204	TACO1	17
221070_s_at	57805	CCAR2	8
221072_at	57000	GSN-AS1	9
221073_s_at	10392	NOD1	7
221074_at	9436	NCR2	6
221075_s_at	9436	NCR2	6
221077_at	55130	ODAD2	10
221078_s_at	55704	CCDC88A	2
221080_s_at	79958	DENND1C	19
221081_s_at	79961	DENND2D	1
221082_s_at	57446	NDRG3	20
221083_at	9132	KCNQ4	1
221084_at	9177	HTR3B	11
221085_at	9966	TNFSF15	9
221086_s_at	55079	FEZF2	3
221087_s_at	80833	APOL3	22
221088_s_at	55607	PPP1R9A	7
221089_at	50508	NOX3	6
221090_s_at	55239	OGFOD1	16
221091_at	10022	INSL5	1
221092_at	22806	IKZF3	17
221093_at	23629	BRD7P3	6
221094_s_at	55140	ELP3	8
221095_s_at	9992	KCNE2	21
221096_s_at	55374	TMCO6	5
221097_s_at	10242	KCNMB2	3
221098_x_at	10813	UTP14A	X
221100_at	29113	C6orf15	6
221102_s_at	140803	TRPM6	9
221103_s_at	55779	CFAP44	3
221104_s_at	55335	NIPSNAP3B	9
221106_at	51310	SLC22A17	14
221107_at	55584	CHRNA9	4
221108_at	51233	DRICH1	22
221109_at	100506571	LINC02809	1
221110_x_at	50940	PDE11A	2
221111_at	55801	IL26	12
221112_at	26280	IL1RAPL2	X
221113_s_at	51384	WNT16	7
221114_at	258	AMBN	4
221115_s_at	55891	LENEP	1
221118_at	27039	PKD2L2	5
221119_at	54848	ARHGEF38	4
221121_at	54967	CT55	X
221122_at	54979	PLAAT2	11
221124_s_at	30813	VSX1	20
221125_s_at	27094	KCNMB3	3
221126_at	27122	DKK3	11
221127_s_at	27122	DKK3	11
221128_at	8728	ADAM19	5
221129_at	23591	FAM215A	17
221131_at	51146	A4GNT	3
221132_at	51208	CLDN18	3
221133_s_at	51208	CLDN18	3
221134_at	51378	ANGPT4	20
221135_s_at	28990	ASTE1	3
221136_at	2658	GDF2	10
221139_s_at	51380	CSAD	12
221140_s_at	29933	GPR132	14
221141_x_at	29924	EPN1	19
221142_s_at	55825	PECR	2
221143_at	29935	RPA4	X
221147_x_at	51741	WWOX	16
221149_at	27202	C5AR2	19
221150_at	56955	MEPE	4
221151_at	56979	PRDM9	5
221152_at	1295	COL8A1	3
221156_x_at	9236	CCPG1	15
221157_s_at	26261	FBXO24	7
221158_at	94104	PAXBP1	21
221160_s_at	56344	CABP5	19
221161_at	56676	ASCL3	11
221162_at	10086	HHLA1	8
221163_s_at	51085	MLXIPL	7
221164_x_at	23563	CHST5	16
221165_s_at	50616	IL22	12
221166_at	8074	FGF23	12
221167_s_at	83446	CCDC70	13
221168_at	59336	PRDM13	6
221169_s_at	59340	HRH4	18
221170_at	59340	HRH4	18
221171_at	728621	CCDC30	1
221172_at	80099	PKD1L1-AS1	7
221173_at	10083	USH1C	11
221175_at	80111	C3orf36	3
221178_at	80115	BAIAP2L2	22
221179_at	100533178	PRORY	Y
221180_at	80122	MAP3K19	2
221182_at	80133	MROH9	1
221183_at	100507388	PARM1-AS1	4
221185_s_at	84223	IQCG	3
221186_at	100131532	LOC100131532	6
221187_s_at	80199	FUZ	19
221188_s_at	27141	CIDEB	14
221189_s_at	80222	TARS2	1
221190_s_at	29919	RMC1	18
221192_x_at	79157	MFSD11	17
221193_s_at	54819	ZCCHC10	5
221194_s_at	51136	RNFT1	17
221195_at	51136	RNFT1	17
221196_x_at	79184	BRCC3	X
221197_s_at	1103	CHAT	10
221198_at	6343	SCT	11
221199_at	64096	GFRA4	20
221200_at	100862697	ERVK3-2	14
221201_s_at	7711	ZNF155	19
221203_s_at	55689	YEATS2	3
221204_s_at	55118	CRTAC1	10
221207_s_at	26960	NBEA	13
221208_s_at	79684	MSANTD2	11
221209_s_at	56914	OTOR	20
221210_s_at	80896	NPL	1
221211_s_at	56911	MAP3K7CL	21
221212_x_at	55193	PBRM1	3
221214_s_at	26012	NSMF	9
221215_s_at	54101	RIPK4	21
221216_s_at	22955	SCMH1	1
221217_s_at	54715	RBFOX1	16
221218_s_at	27010	TPK1	7
221219_s_at	54758	KLHDC4	16
221220_s_at	55681	SCYL2	12
221221_s_at	26249	KLHL3	5
221222_s_at	54964	C1orf56	1
221223_x_at	1154	CISH	3
221224_s_at	79877	DCAKD	17
221225_at	79877	DCAKD	17
221226_s_at	55515	ASIC4	2
221227_x_at	51805	COQ3	6
221229_s_at	55006	TRMT61B	2
221230_s_at	51742	ARID4B	1
221231_s_at	55051	NRDE2	14
221232_s_at	26287	ANKRD2	10
221233_s_at	57579	FAM135A	6
221234_s_at	60468	BACH2	6
221235_s_at	9392	TGFBRAP1	2
221236_s_at	81551	STMN4	8
221237_s_at	23762	OSBP2	22
221238_at	79366	HMGN5	X
221239_s_at	79368	FCRL2	1
221240_s_at	79369	B3GNT4	12
221241_s_at	79370	BCL2L14	12
221244_s_at	5170	PDPK1	16
221245_s_at	7855	FZD5	2
221246_x_at	7145	TNS1	2
221247_s_at	81554	RCC1L	7
221248_s_at	54904	NSD3	8
221249_s_at	81558	FAM117A	17
221250_s_at	83463	MXD3	5
221252_s_at	83445	GSG1	12
221254_s_at	83394	PITPNM3	17
221255_s_at	83460	EMC6	17
221256_s_at	81932	HDHD3	9
221257_x_at	81545	FBXO38	5
221258_s_at	81930	KIF18A	11
221259_s_at	56159	TEX11	X
221260_s_at	81566	CSRNP2	12
221262_s_at	66035	SLC2A11	22
221263_s_at	83443	SF3B5	6
221264_s_at	23435	TARDBP	1
221265_s_at	81556	INTS14	15
221266_s_at	81501	DCSTAMP	8
221267_s_at	81926	ABHD17A	19
221268_s_at	81537	SGPP1	14
221269_s_at	83442	SH3BGRL3	1
221270_s_at	81890	QTRT1	19
221271_at	59067	IL21	4
221272_s_at	81563	C1orf21	1
221273_s_at	727800	RNF208	9
221274_s_at	81562	LMAN2L	2
221276_s_at	81493	SYNC	1
221277_s_at	83480	PUS3	11
221278_at	3218	HOXB8	17
221279_at	54332	GDAP1	8
221280_s_at	56288	PARD3	10
221281_at	6714	SRC	20
221282_x_at	860	RUNX2	6
221283_at	860	RUNX2	6
221284_s_at	6714	SRC	20
221285_at	8128	ST8SIA2	15
221286_s_at	51237	MZB1	5
221287_at	6041	RNASEL	1
221288_at	2845	GPR22	7
221289_at	1750	DLX6	7
221290_s_at	84939	PWWP3A	19
221291_at	80328	ULBP2	6
221292_at	8643	PTCH2	1
221293_s_at	50619	DEF6	6
221295_at	1149	CIDEA	18
221296_at	7007	TECTA	11
221297_at	55507	GPRC5D	12
221298_s_at	9376	SLC22A8	11
221299_at	54328	GPR173	X
221300_at	23742	NPAP1	15
221301_at	80737	VWA7	6
221302_at	28999	KLF15	3
221303_at	29930	PCDHB1	5
221304_at	54576	UGT1A8	2
221306_at	2850	GPR27	3
221307_at	30820	KCNIP1	5
221308_at	10818	FRS2	12
221309_at	84991	RBM17	10
221310_at	2259	FGF14	13
221311_x_at	57226	LYRM2	6
221312_at	9340	GLP2R	17
221313_at	9293	GPR52	1
221314_at	2661	GDF9	5
221315_s_at	27006	FGF22	19
221316_at	57828	CATSPERG	19
221317_x_at	56130	PCDHB6	5
221318_at	58158	NEUROD4	12
221319_at	56128	PCDHB8	5
221320_at	10017	BCL2L10	15
221321_s_at	30819	KCNIP2	10
221322_at	64111	NPVF	7
221323_at	80329	ULBP1	6
221324_at	50834	TAS2R1	5
221325_at	56659	KCNK13	14
221326_s_at	51174	TUBD1	17
221328_at	26285	CLDN17	21
221329_at	23538	OR52A1	11
221330_at	1129	CHRM2	7
221331_x_at	1493	CTLA4	2
221332_at	9210	BMP15	X
221333_at	50943	FOXP3	X
221334_s_at	50943	FOXP3	X
221335_x_at	56006	SMG9	19
221336_at	474	ATOH1	4
221337_s_at	11086	ADAM29	4
221338_at	79136	LY6G6E	6
221339_at	442194	OR10C1	6
221340_at	1046	CDX4	X
221342_at	80739	MPIG6B	6
221343_at	26531	OR11A1	6
221344_at	26529	OR12D2	6
221345_at	2867	FFAR2	19
221346_at	26476	OR10J1	1
221347_at	1133	CHRM5	15
221348_at	4880	NPPC	2
221349_at	7441	VPREB1	22
221350_at	3224	HOXC8	12
221351_at	3350	HTR1A	5
221353_at	4994	OR3A1	17
221354_s_at	2847	MCHR1	22
221355_at	1146	CHRNG	2
221356_x_at	22953	P2RX2	12
221357_at	1132	CHRM4	11
221358_at	2832	NPBWR2	20
221359_at	2668	GDNF	5
221360_s_at	2693	GHSR	3
221361_at	4975	OMP	11
221362_at	3361	HTR5A	7
221363_x_at	2848	GPR25	1
221364_at	2895	GRID2	4
221365_at	2862	MLNR	13
221366_at	4825	NKX6-1	4
221367_at	4342	MOS	8
221368_at	4759	NEU2	2
221369_at	4543	MTNR1A	4
221370_at	100131827	ZNF717	3
221371_at	8995	TNFSF18	1
221372_s_at	22953	P2RX2	12
221373_x_at	5623	PSPN	19
221374_at	8823	FGF16	X
221375_at	8390	OR1G1	17
221376_at	8822	FGF17	8
221377_s_at	11317	RBPJL	20
221378_at	9350	CER1	9
221383_at	10316	NMUR1	2
221384_at	7350	UCP1	4
221386_at	4995	OR3A2	17
221387_at	64106	NPFFR1	10
221388_at	8383	OR1A1	17
221389_at	30814	PLA2G2E	1
221391_at	50840	TAS2R14	12
221392_at	50832	TAS2R4	7
221393_at	9288	TAAR3P	6
221394_at	9287	TAAR2	6
221395_at	50838	TAS2R13	12
221396_at	50837	TAS2R7	12
221397_at	50839	TAS2R10	12
221398_at	50836	TAS2R8	12
221399_at	60401	EDA2R	X
221400_at	53904	MYO3A	10
221401_at	27091	CACNG5	17
221402_at	4992	OR1F1	16
221403_s_at	11172	INSL6	9
221404_at	27179	IL36A	2
221407_at	57369	GJD2	15
221408_x_at	56124	PCDHB12	5
221409_at	56656	OR2S2	9
221410_x_at	56132	PCDHB3	5
221411_at	3238	HOXD12	2
221412_at	57191	VN1R1	19
221413_at	9196	KCNAB3	17
221414_s_at	81623	DEFB126	20
221416_at	64600	PLA2G2F	1
221417_x_at	53637	S1PR5	19
221418_s_at	10025	MED16	19
221421_s_at	81792	ADAMTS12	5
221423_s_at	81555	YIPF5	5
221424_s_at	81285	OR51E2	11
221425_s_at	81689	ISCA1	9
221426_s_at	8392	OR3A3	17
221427_s_at	81669	CCNL2	1
221428_s_at	79718	TBL1XR1	3
221429_x_at	56157	TEX13A	X
221430_s_at	81847	RNF146	6
221431_s_at	81797	OR12D3	6
221432_s_at	81894	SLC25A28	10
221433_at	26291	FGF21	19
221434_s_at	81892	SLIRP	14
221435_x_at	81888	HYI	1
221436_s_at	83461	CDCA3	12
221437_s_at	64960	MRPS15	1
221438_s_at	56158	TEX12	11
221439_at	10741	RBBP9	20
221440_s_at	10741	RBBP9	20
221441_at	2928	GSC2	22
221442_at	4159	MC3R	20
221443_x_at	51052	PRLH	2
221444_at	50833	TAS2R16	7
221445_at	26189	OR1A2	17
221446_at	11085	ADAM30	1
221447_s_at	83468	GLT8D2	12
221448_s_at	56154	TEX15	8
221449_s_at	81533	ITFG1	16
221450_x_at	56123	PCDHB13	5
221451_s_at	26692	OR2W1	6
221452_s_at	81853	TMEM14B	6
221453_at	57818	G6PC2	2
221456_at	50831	TAS2R3	7
221457_s_at	56244	BTNL2	6
221458_at	3355	HTR1F	3
221459_at	9038	TAAR5	6
221460_at	4993	OR2C1	16
221461_at	50835	TAS2R9	12
221462_x_at	55554	KLK15	19
221463_at	6369	CCL24	7
221464_at	4991	OR1D2	17
221465_at	8590	OR6A2	11
221466_at	5030	P2RY4	X
221467_at	4160	MC4R	18
221468_at	2829	XCR1	3
221469_at	2854	GPR32	19
221470_s_at	27178	IL37	2
221471_at	10955	SERINC3	20
221472_at	10955	SERINC3	20
221473_x_at	10955	SERINC3	20
221474_at	103910	MYL12B	18
221475_s_at	6138	RPL15	3
221476_s_at	6138	RPL15	3
221478_at	665	BNIP3L	8
221479_s_at	665	BNIP3L	8
221480_at	3184	HNRNPD	4
221481_x_at	3184	HNRNPD	4
221482_s_at	10776	ARPP19	15
221483_s_at	10776	ARPP19	15
221484_at	9334	B4GALT5	20
221485_at	9334	B4GALT5	20
221486_at	2029	ENSA	1
221487_s_at	2029	ENSA	1
221488_s_at	51596	CUTA	6
221489_s_at	81848	SPRY4	5
221490_at	51271	UBAP1	9
221492_s_at	64422	ATG3	3
221493_at	7259	TSPYL1	6
221494_x_at	27335	EIF3K	19
221495_s_at	22980	TCF25	16
221496_s_at	10766	TOB2	22
221497_x_at	54583	EGLN1	1
221498_at	81609	SNX27	1
221499_s_at	8675	STX16	20
221500_s_at	8675	STX16	20
221502_at	3839	KPNA3	13
221503_s_at	3839	KPNA3	13
221504_s_at	51606	ATP6V1H	8
221505_at	81611	ANP32E	1
221506_s_at	30000	TNPO2	19
221507_at	30000	TNPO2	19
221508_at	51347	TAOK3	12
221509_at	8562	DENR	12
221510_s_at	2744	GLS	2
221512_at	84065	TMEM222	1
221514_at	10813	UTP14A	X
221515_s_at	51451	LCMT1	16
221516_s_at	54471	MIEF1	22
221517_s_at	9440	MED17	11
221518_s_at	55031	USP47	11
221519_at	6468	FBXW4	10
221520_s_at	55143	CDCA8	1
221521_s_at	51659	GINS2	16
221522_at	84079	ANKRD27	19
221523_s_at	58528	RRAGD	6
221524_s_at	58528	RRAGD	6
221525_at	83637	ZMIZ2	7
221526_x_at	56288	PARD3	10
221527_s_at	56288	PARD3	10
221528_s_at	63916	ELMO2	20
221529_s_at	83483	PLVAP	19
221530_s_at	79365	BHLHE41	12
221531_at	80349	SKIC8	15
221532_s_at	80349	SKIC8	15
221533_at	26355	FAM162A	3
221534_at	83638	C11orf68	11
221535_at	55341	LSG1	3
221536_s_at	55341	LSG1	3
221537_at	5361	PLXNA1	3
221538_s_at	5361	PLXNA1	3
221539_at	1978	EIF4EBP1	8
221541_at	83716	CRISPLD2	16
221542_s_at	11160	ERLIN2	8
221543_s_at	11160	ERLIN2	8
221544_s_at	10025	MED16	19
221545_x_at	10025	MED16	19
221546_at	8559	PRPF18	10
221547_at	8559	PRPF18	10
221548_s_at	80895	ILKAP	2
221549_at	83743	GRWD1	19
221550_at	1355	COX15	10
221551_x_at	27090	ST6GALNAC4	9
221552_at	57406	ABHD6	3
221553_at	84061	MAGT1	X
221554_at	92335	STRADA	17
221555_x_at	8555	CDC14B	9
221556_at	8555	CDC14B	9
221557_s_at	51176	LEF1	4
221558_s_at	51176	LEF1	4
221559_s_at	79003	MIS12	17
221560_at	57787	MARK4	19
221561_at	6646	SOAT1	1
221562_s_at	23410	SIRT3	11
221563_at	11221	DUSP10	1
221564_at	3275	PRMT2	21
221565_s_at	51063	CALHM2	10
221566_s_at	8996	NOL3	16
221567_at	8996	NOL3	16
221568_s_at	55327	LIN7C	11
221569_at	54806	AHI1	6
221570_s_at	29081	METTL5	2
221571_at	7187	TRAF3	14
221572_s_at	65010	SLC26A6	3
221573_at	79020	C7orf25	7
221575_at	51540	SCLY	2
221576_at	9518	GDF15	19
221577_x_at	9518	GDF15	19
221578_at	83937	RASSF4	10
221580_s_at	79101	TAF1D	11
221581_s_at	7462	LAT2	7
221582_at	92815	H2AC25	1
221583_s_at	3778	KCNMA1	10
221584_s_at	3778	KCNMA1	10
221585_at	27092	CACNG4	17
221586_s_at	1875	E2F5	8
221587_s_at	55009	FAM174C	19
221588_x_at	4329	ALDH6A1	14
221589_s_at	4329	ALDH6A1	14
221590_s_at	4329	ALDH6A1	14
221591_s_at	54478	PIMREG	17
221593_s_at	6160	RPL31	2
221594_at	84060	RBM48	7
221595_at	84060	RBM48	7
221596_s_at	84060	RBM48	7
221597_s_at	29100	TMEM208	16
221598_s_at	9442	MED27	9
221599_at	28971	AAMDC	11
221600_s_at	28971	AAMDC	11
221601_s_at	9214	FCMR	1
221602_s_at	9214	FCMR	1
221603_at	9409	PEX16	11
221604_s_at	9409	PEX16	11
221605_s_at	51268	PIPOX	17
221606_s_at	79366	HMGN5	X
221607_x_at	71	ACTG1	17
221608_at	7475	WNT6	2
221609_s_at	7475	WNT6	2
221610_s_at	55620	STAP2	19
221611_s_at	51533	PHF7	3
221612_at	57408	LRTM1	3
221613_s_at	54469	ZFAND6	15
221614_s_at	9501	RPH3AL	17
221616_s_at	51616	TAF9B	X
221617_at	51616	TAF9B	X
221618_s_at	51616	TAF9B	X
221619_s_at	23787	MTCH1	6
221620_s_at	79135	APOO	X
221621_at	654434	SNHG20	17
221622_s_at	55863	TMEM126B	11
221623_at	63827	BCAN	1
221624_at	27004	TCL6	14
221625_at	440515	ZNF506	19
221626_at	440515	ZNF506	19
221627_at	10107	TRIM10	6
221628_s_at	84656	GLYR1	16
221629_x_at	51236	HGH1	8
221630_s_at	54514	DDX4	5
221631_at	8911	CACNA1I	22
221632_s_at	10785	WDR4	21
221633_at	29781	NCAPH2	22
221636_s_at	54996	MTARC2	1
221638_s_at	8675	STX16	20
221639_x_at	3192	HNRNPU	1
221640_s_at	55367	PIDD1	11
221641_s_at	23597	ACOT9	X
221643_s_at	473	RERE	1
221644_s_at	51151	SLC45A2	5
221645_s_at	55769	ZNF83	19
221647_s_at	60626	RIC8A	11
221648_s_at	79814	AGMAT	1
221649_s_at	56342	PPAN	19
221650_s_at	54797	MED18	1
221652_s_at	55726	INTS13	12
221653_x_at	23780	APOL2	22
221654_s_at	9960	USP3	15
221655_x_at	54869	EPS8L1	19
221656_s_at	55160	ARHGEF10L	1
221657_s_at	140459	ASB6	9
221658_s_at	50615	IL21R	16
221659_s_at	93408	MYL10	7
221660_at	93408	MYL10	7
221661_at	10864	SLC22A7	6
221662_s_at	10864	SLC22A7	6
221663_x_at	11255	HRH3	20
221664_s_at	50848	F11R	1
221665_s_at	54869	EPS8L1	19
221666_s_at	29108	PYCARD	16
221667_s_at	26353	HSPB8	12
221668_s_at	64446	DNAI2	17
221669_s_at	27034	ACAD8	11
221670_s_at	8022	LHX3	9
221672_s_at	83696	TRAPPC9	8
221673_s_at	53944	CSNK1G1	15
221674_s_at	8646	CHRD	3
221675_s_at	56994	CHPT1	12
221676_s_at	23603	CORO1C	12
221677_s_at	29980	DONSON	21
221678_at	57406	ABHD6	3
221679_s_at	57406	ABHD6	3
221680_s_at	51513	ETV7	6
221681_s_at	1834	DSPP	4
221682_s_at	56100	PCDHGB6	5
221683_s_at	80184	CEP290	12
221684_s_at	60506	NYX	X
221685_s_at	54908	SPDL1	5
221686_s_at	9400	RECQL5	17
221687_s_at	89853	MVB12B	9
221688_s_at	55272	IMP3	15
221689_s_at	51227	PIGP	21
221690_s_at	55655	NLRP2	19
221691_x_at	4869	NPM1	5
221692_s_at	64981	MRPL34	19
221693_s_at	55168	MRPS18A	6
221695_s_at	10746	MAP3K2	2
221696_s_at	55359	STYK1	12
221697_at	440738	MAP1LC3C	1
221698_s_at	64581	CLEC7A	12
221699_s_at	79009	DDX50	10
221700_s_at	7311	UBA52	19
221701_s_at	64220	STRA6	15
221702_s_at	80213	TM2D3	15
221703_at	83990	BRIP1	17
221704_s_at	79720	VPS37B	12
221705_s_at	80143	SIKE1	1
221706_s_at	55850	USE1	19
221707_s_at	55275	VPS53	17
221708_s_at	55898	UNC45A	15
221709_s_at	55778	ZNF839	14
221710_x_at	55194	EVA1B	1
221711_s_at	29086	BABAM1	19
221712_s_at	54663	WDR74	11
221713_s_at	79929	MAP6D1	3
221714_s_at	730092	RRN3P1	16
221716_s_at	81616	ACSBG2	19
221718_s_at	11214	AKAP13	15
221719_s_at	11178	LZTS1	8
221721_s_at	11178	LZTS1	8
221722_x_at	11178	LZTS1	8
221723_s_at	57835	SLC4A5	2
221724_s_at	50856	CLEC4A	12
221725_at	10163	WASF2	1
221726_at	6146	RPL22	1
221727_at	10923	SUB1	5
221728_x_at	7503	XIST	X
221729_at	1290	COL5A2	2
221730_at	1290	COL5A2	2
221731_x_at	1462	VCAN	5
221732_at	124583	CANT1	17
221733_s_at	54865	GPATCH4	1
221734_at	133619	PRRC1	5
221735_at	57599	WDR48	3
221736_at	57148	RALGAPB	20
221737_at	2768	GNA12	7
221738_at	57148	RALGAPB	20
221739_at	56005	MYDGF	19
221740_x_at	474170	LRRC37A2	17
221741_s_at	54915	YTHDF1	20
221742_at	10658	CELF1	11
221743_at	10658	CELF1	11
221744_at	10238	DCAF7	17
221745_at	10238	DCAF7	17
221746_at	8266	UBL4A	X
221747_at	7145	TNS1	2
221748_s_at	7145	TNS1	2
221749_at	253943	YTHDF3	8
221750_at	3157	HMGCS1	5
221751_at	79646	PANK3	5
221752_at	54434	SSH1	12
221753_at	54434	SSH1	12
221754_s_at	57175	CORO1B	11
221755_at	254102	EHBP1L1	11
221756_at	113791	PIK3IP1	22
221757_at	113791	PIK3IP1	22
221758_at	93436	ARMC6	19
221759_at	92579	G6PC3	17
221760_at	4121	MAN1A1	6
221761_at	159	ADSS2	1
221762_s_at	63935	PCIF1	20
221763_at	221037	JMJD1C	10
221764_at	91300	R3HDM4	19
221765_at	7357	UGCG	9
221766_s_at	55603	TENT5A	6
221767_x_at	3069	HDLBP	2
221768_at	6421	SFPQ	1
221769_at	90864	SPSB3	16
221770_at	6120	RPE	2
221771_s_at	54737	MPHOSPH8	13
221772_s_at	55844	PPP2R2D	10
221773_at	2004	ELK3	12
221774_x_at	55578	SUPT20H	13
221775_x_at	6146	RPL22	1
221776_s_at	29117	BRD7	16
221777_at	84934	RITA1	12
221778_at	80853	KDM7A	7
221779_at	85377	MICALL1	22
221780_s_at	55661	DDX27	20
221781_s_at	54431	DNAJC10	2
221782_at	54431	DNAJC10	2
221783_at	58525	WIZ	19
221784_at	58525	WIZ	19
221785_at	58525	WIZ	19
221786_at	387263	C6orf120	6
221787_at	387263	C6orf120	6
221788_at	5238	PGM3	6
221789_x_at	89941	RHOT2	16
221790_s_at	26119	LDLRAP1	1
221791_s_at	51372	TMA7	3
221792_at	51560	RAB6B	3
221794_at	57572	DOCK6	19
221795_at	4915	NTRK2	9
221796_at	4915	NTRK2	9
221797_at	339229	OXLD1	17
221799_at	54480	CHPF2	7
221800_s_at	80233	FAAP100	17
221801_x_at	4747	NEFL	8
221802_s_at	57698	SHTN1	10
221803_s_at	29982	NRBF2	10
221805_at	4747	NEFL	8
221806_s_at	55209	SETD5	3
221807_s_at	80305	TRABD	22
221808_at	9367	RAB9A	X
221809_at	57610	RANBP10	16
221810_at	376267	RAB15	14
221811_at	93210	PGAP3	17
221812_at	54455	FBXO42	1
221813_at	54455	FBXO42	1
221814_at	25960	ADGRA2	8
221815_at	11057	ABHD2	15
221816_s_at	51131	PHF11	13
221817_at	57171	DOLPP1	9
221818_at	80789	INTS5	11
221819_at	11021	RAB35	12
221820_s_at	84148	KAT8	16
221821_s_at	54934	KANSL2	12
221822_at	112869	SGF29	16
221823_at	90355	MACIR	5
221824_s_at	220972	MARCHF8	10
221825_at	90806	ANGEL2	1
221826_at	90806	ANGEL2	1
221827_at	10616	RBCK1	20
221828_s_at	89853	MVB12B	9
221829_s_at	3842	TNPO1	5
221830_at	5911	RAP2A	13
221831_at	7798	LUZP1	1
221832_s_at	7798	LUZP1	1
221834_at	83752	LONP2	16
221835_at	196403	DTX3	12
221836_s_at	83696	TRAPPC9	8
221837_at	84861	KLHL22	22
221838_at	84861	KLHL22	22
221839_s_at	55833	UBAP2	9
221840_at	5791	PTPRE	10
221841_s_at	9314	KLF4	9
221842_s_at	7690	ZNF131	5
221843_s_at	57707	MEAK7	16
221844_x_at	60559	SPCS3	4
221845_s_at	81570	CLPB	11
221846_s_at	57513	CASKIN2	17
221847_at	100129361	SMIM10L1	12
221848_at	84619	ZGPAT	20
221849_s_at	90379	DCAF15	19
221851_at	90379	DCAF15	19
221854_at	5317	PKP1	1
221855_at	644096	SDHAF1	19
221856_s_at	55793	MINDY1	1
221857_s_at	93643	TJAP1	6
221858_at	23232	TBC1D12	10
221859_at	57586	SYT13	11
221861_at	408	ARRB1	11
221862_at	54531	MIER2	19
221863_at	54531	MIER2	19
221864_at	93129	ORAI3	16
221865_at	203197	TMEM268	9
221866_at	7942	TFEB	6
221867_at	9683	N4BP1	16
221868_at	400961	PAIP2B	2
221870_at	30846	EHD2	19
221871_s_at	10342	TFG	3
221872_at	5918	RARRES1	3
221873_at	7702	ZNF143	11
221874_at	57535	ELAPOR1	1
221875_x_at	3134	HLA-F	6
221876_at	100289678	ZNF783	7
221877_at	126298	IRGQ	19
221878_at	388969	C2orf68	2
221879_at	91860	CALML4	15
221880_s_at	400451	FAM174B	15
221881_s_at	25932	CLIC4	1
221882_s_at	58986	PGAP6	16
221883_at	5316	PKNOX1	21
221884_at	2122	MECOM	3
221885_at	27147	DENND2A	7
221886_at	27147	DENND2A	7
221887_s_at	25861	WHRN	9
221888_at	54862	CC2D1A	19
221889_at	253980	KCTD13	16
221890_at	63925	ZNF335	20
221891_x_at	3312	HSPA8	11
221892_at	9563	H6PD	1
221893_s_at	90956	ADCK2	7
221894_at	90956	ADCK2	7
221895_at	158747	MOSPD2	X
221896_s_at	25994	HIGD1A	3
221897_at	84851	TRIM52	5
221898_at	10630	PDPN	1
221899_at	10443	N4BP2L2	13
221900_at	1296	COL8A2	1
221901_at	85352	SHISAL1	22
221902_at	387509	GPR153	1
221903_s_at	1540	CYLD	16
221904_at	131408	FAM131A	3
221905_at	1540	CYLD	16
221906_at	114112	TXNRD3	3
221907_at	115708	TRMT61A	14
221908_at	84900	RNFT2	12
221909_at	84900	RNFT2	12
221910_at	2115	ETV1	7
221911_at	2115	ETV1	7
221912_s_at	79140	CCDC28B	1
221913_at	23410	SIRT3	11
221914_at	6853	SYN1	X
221915_s_at	5902	RANBP1	22
221916_at	4747	NEFL	8
221917_s_at	2926	GRSF1	4
221918_at	5128	CDK17	12
221919_at	3178	HNRNPA1	12
221920_s_at	51312	SLC25A37	8
221921_s_at	57863	CADM3	1
221922_at	29899	GPSM2	1
221923_s_at	4869	NPM1	5
221924_at	83637	ZMIZ2	7
221925_s_at	79848	CSPP1	8
221926_s_at	84818	IL17RC	3
221927_s_at	83451	ABHD11	7
221928_at	32	ACACB	12
221930_at	51533	PHF7	3
221931_s_at	81929	SEH1L	18
221932_s_at	51218	GLRX5	14
221933_at	57502	NLGN4X	X
221934_s_at	55152	DALRD3	3
221935_s_at	285203	EOGT	3
221936_x_at	64975	MRPL41	9
221937_at	11276	SYNRG	17
221938_x_at	10025	MED16	19
221939_at	78992	YIPF2	19
221940_at	27079	RPUSD2	15
221941_at	196743	PAOX	10
221942_s_at	2982	GUCY1A1	4
221943_x_at	6169	RPL38	17
221944_at	645644	FLJ42627	16
221945_at	150726	FBXO41	2
221946_at	138162	PIERCE1	9
221948_s_at	84861	KLHL22	22
221949_at	51619	UBE2D4	7
221950_at	2018	EMX2	10
221951_at	283232	TMEM80	11
221952_x_at	57570	TRMT5	14
221953_s_at	101410538	MMP24OS	20
221954_at	51526	OSER1	20
221956_at	4034	LRCH4	7
221957_at	5165	PDK3	X
221958_s_at	79971	WLS	1
221959_at	90362	FAM110B	8
221960_s_at	5862	RAB2A	8
221961_at	1186	CLCN7	16
221962_s_at	7328	UBE2H	7
221963_x_at	100293516	ZNF587B	19
221964_at	7289	TULP3	12
221965_at	10198	MPHOSPH9	12
221966_at	56834	GPR137	11
221967_at	11247	NXPH4	12
221968_s_at	51333	ZNF771	16
221969_at	5079	PAX5	9
221970_s_at	25926	NOL11	17
221972_s_at	51150	SDF4	1
221974_at	3653	IPW	15
221975_s_at	755	CFAP410	21
221977_at	6909	TBX2	17
221978_at	3134	HLA-F	6
221979_at	100129250	SMIM27	9
221980_at	84034	EMILIN2	18
221981_s_at	79726	WDR59	16
221982_x_at	55558	PLXNA3	X
221983_at	79137	RETREG2	2
221984_s_at	79137	RETREG2	2
221985_at	54800	KLHL24	3
221986_s_at	54800	KLHL24	3
221987_s_at	55720	TSR1	17
221988_at	79086	SMIM7	19
221989_at	6134	RPL10	X
221990_at	7849	PAX8	2
221991_at	11248	NXPH3	17
221993_s_at	115939	TSR3	16
221994_at	10611	PDLIM5	4
221996_s_at	1212	CLTB	5
221997_s_at	122704	MRPL52	14
221998_s_at	51231	VRK3	19
221999_at	51231	VRK3	19
222000_at	339448	C1orf174	1
222002_at	79034	INTS15	7
222003_s_at	57572	DOCK6	19
222005_s_at	2785	GNG3	11
222006_at	3954	LETM1	4
222007_s_at	23770	FKBP8	19
222008_at	1297	COL9A1	6
222009_at	752014	CEMP1	16
222010_at	6950	TCP1	6
222011_s_at	6950	TCP1	6
222012_at	90379	DCAF15	19
222013_x_at	196483	EEF2KMT	16
222014_x_at	25821	MTO1	6
222016_s_at	64288	ZSCAN31	6
222017_x_at	4034	LRCH4	7
222018_at	4666	NACA	12
222019_at	10471	PFDN6	6
222020_s_at	50863	NTM	11
222021_x_at	255812	SDHAP1	3
222022_at	196403	DTX3	12
222023_at	11214	AKAP13	15
222024_s_at	11214	AKAP13	15
222025_s_at	26873	OPLAH	8
222026_at	5935	RBM3	X
222027_at	64710	NUCKS1	1
222028_at	7596	ZNF45	19
222029_x_at	10471	PFDN6	6
222030_at	10572	SIVA1	14
222032_s_at	7874	USP7	16
222033_s_at	2321	FLT1	13
222034_at	10399	RACK1	5
222035_s_at	10914	PAPOLA	14
222036_s_at	4173	MCM4	8
222037_at	4173	MCM4	8
222038_s_at	51096	UTP18	17
222039_at	146909	KIF18B	17
222040_at	3178	HNRNPA1	12
222042_x_at	399664	MEX3D	19
222043_at	1191	CLU	8
222044_at	63935	PCIF1	20
222045_s_at	63935	PCIF1	20
222046_at	51593	SRRT	7
222047_s_at	51593	SRRT	7
222048_at	1416	CRYBB2P1	22
222049_s_at	5950	RBP4	10
222052_at	284325	ACTMAP	19
222053_at	10629	TAF6L	11
222054_at	728448	PPIEL	1
222056_s_at	51011	FAHD2A	2
222057_at	79159	NOL12	22
222058_at	55819	RNF130	5
222059_at	63925	ZNF335	20
222060_at	90133	KRT8P12	3
222061_at	965	CD58	1
222062_at	9466	IL27RA	19
222063_s_at	1040	CDS1	4
222065_s_at	2314	FLII	17
222066_at	105372602	LOC105372602	20
222067_x_at	3017	H2BC5	6
222068_s_at	123872	DNAAF1	16
222070_at	373863	DND1	5
222071_s_at	353189	SLCO4C1	5
222072_at	100505933	ADD3-AS1	10
222073_at	1285	COL4A3	2
222074_at	7389	UROD	1
222075_s_at	51686	OAZ3	1
222076_at	1839	HBEGF	5
222077_s_at	29127	RACGAP1	12
222078_at	5313	PKLR	1
222079_at	2078	ERG	21
222080_s_at	23408	SIRT5	6
222081_at	23408	SIRT5	6
222082_at	51341	ZBTB7A	19
222083_at	10249	GLYAT	11
222084_s_at	6305	SBF1	22
222086_s_at	7475	WNT6	2
222087_at	5820	PVT1	8
222089_s_at	146562	DNAAF8	16
222090_at	100134713	NDUFB2-AS1	7
222091_at	51440	HPCAL4	1
222092_at	11099	PTPN21	14
222093_s_at	83444	INO80B	2
222095_s_at	148753	FAM163A	1
222099_s_at	26065	LSM14A	19
222101_s_at	8642	DCHS1	11
222102_at	2940	GSTA3	6
222103_at	466	ATF1	12
222104_x_at	2967	GTF2H3	12
222105_s_at	28511	NKIRAS2	17
222106_at	23627	PRND	20
222107_x_at	11178	LZTS1	8
222108_at	347902	AMIGO2	12
222109_at	54552	GNL3L	X
222110_at	205564	SENP5	3
222111_at	54629	MINDY2	15
222112_at	58513	EPS15L1	19
222113_s_at	58513	EPS15L1	19
222114_x_at	54853	WDR55	5
222115_x_at	84656	GLYR1	16
222116_s_at	125058	TBC1D16	17
222117_s_at	90956	ADCK2	7
222118_at	55839	CENPN	16
222119_s_at	80204	FBXO11	2
222120_at	92595	ZNF764	16
222121_at	26084	ARHGEF26	3
222122_s_at	57187	THOC2	X
222123_s_at	64344	HIF3A	19
222124_at	64344	HIF3A	19
222125_s_at	54681	P4HTM	3
222126_at	3268	AGFG2	7
222127_s_at	55763	EXOC1	4
222129_at	79137	RETREG2	2
222130_s_at	29960	MRM2	7
222131_x_at	89941	RHOT2	16
222132_s_at	55750	AGK	7
222133_s_at	51105	PHF20L1	8
222134_at	8528	DDO	6
222135_at	730051	ZNF814	19
222136_x_at	7594	ZNF43	19
222137_at	54862	CC2D1A	19
222138_s_at	64743	WDR13	X
222139_at	57612	ERV3-2	7
222141_at	84861	KLHL22	22
222142_at	1540	CYLD	16
222143_s_at	64419	MTMR14	3
222144_at	57576	KIF17	1
222146_s_at	6925	TCF4	18
222147_s_at	79913	ACTR5	20
222148_s_at	55288	RHOT1	17
222150_s_at	54103	GSAP	7
222151_s_at	80254	CEP63	3
222152_at	10016	PDCD6	5
222153_at	50804	MYEF2	15
222154_s_at	26010	SPATS2L	2
222155_s_at	79581	SLC52A2	8
222157_s_at	57599	WDR48	3
222158_s_at	51029	DESI2	1
222160_at	26993	AKAP8L	19
222161_at	10003	NAALAD2	11
222162_s_at	9510	ADAMTS1	21
222163_s_at	79029	AFG2B	15
222164_at	2260	FGFR1	8
222165_x_at	79095	BBLN	9
222166_at	79095	BBLN	9
222169_x_at	10045	SH2D3A	19
222170_at	100507458	ZNF213-AS1	16
222171_s_at	63876	PKNOX2	11
222172_at	64067	NPAS3	14
222173_s_at	55357	TBC1D2	9
222175_s_at	51586	MED15	22
222177_s_at	54581	SCAND2P	15
222179_at	988	CDC5L	6
222181_at	4848	CNOT2	12
222182_s_at	4848	CNOT2	12
222183_x_at	53615	MBD3	19
222185_at	63876	PKNOX2	11
222187_x_at	10146	G3BP1	5
222188_at	51531	TRMO	9
222189_at	55626	AMBRA1	11
222190_s_at	64755	RUSF1	16
222191_s_at	11285	B4GALT7	5
222192_s_at	60526	LDAH	2
222193_at	60526	LDAH	2
222194_at	100132923	FAM66D	8
222195_s_at	51531	TRMO	9
222199_s_at	55909	BIN3	8
222200_s_at	55108	BSDC1	1
222201_s_at	9994	CASP8AP2	6
222204_s_at	54700	RRN3	16
222205_x_at	728882	FAM182B	20
222206_s_at	56926	NCLN	19
222208_s_at	84820	POLR2J4	7
222209_s_at	65084	TMEM135	11
222211_x_at	54581	SCAND2P	15
222212_s_at	29956	CERS2	1
222215_at	55238	SLC38A7	16
222216_s_at	63875	MRPL17	11
222217_s_at	11000	SLC27A3	1
222218_s_at	29992	PILRA	7
222219_s_at	79816	TLE6	19
222220_s_at	55815	TSNAXIP1	16
222221_x_at	10938	EHD1	11
222222_s_at	9454	HOMER3	19
222223_s_at	26525	IL36RN	2
222224_at	342538	NACA2	17
222225_at	644128	RPL23AP53	8
222228_s_at	54784	ALKBH4	7
222230_s_at	55860	ACTR10	14
222231_s_at	55379	LRRC59	17
222233_s_at	64421	DCLRE1C	10
222234_s_at	79007	DBNDD1	16
222235_s_at	55454	CSGALNACT2	10
222236_s_at	55616	ASAP3	1
222237_s_at	7771	ZNF112	19
222238_s_at	27434	POLM	7
222239_s_at	26512	INTS6	13
222240_s_at	51477	ISYNA1	19
222241_at	89853	MVB12B	9
222242_s_at	25818	KLK5	19
222243_s_at	10766	TOB2	22
222244_s_at	55000	TUG1	22
222245_s_at	80307	FER1L4	20
222246_at	9168	TMSB10	2
222248_s_at	23409	SIRT4	12
222250_s_at	25896	INTS7	1
222251_s_at	26205	GMEB2	20
222252_x_at	56893	UBQLN4	1
222253_s_at	29774	POM121L9P	22
222255_at	57716	PRX	19
222257_s_at	59272	ACE2	X
222258_s_at	23677	SH3BP4	2
222259_s_at	23626	SPO11	20
222261_at	57707	MEAK7	16
222262_s_at	55500	ETNK1	12
222263_at	79939	SLC35E1	19
222264_at	221092	HNRNPUL2	11
222265_at	84951	TNS4	17
222267_at	84928	TMEM209	7
222268_x_at	727897	MUC5B	11
222269_at	139322	APOOL	X
222270_at	57223	PPP4R3B	2
222271_at	105371267	CHD9NB	16
222272_x_at	85477	SCIN	7
222273_at	64895	PAPOLG	2
222274_at	150244	ZDHHC8BP	22
222275_at	10884	MRPS30	5
222276_at	55798	METTL2B	7
222277_at	542767	PCOTH	13
222278_at	101929726	MYMX	6
222279_at	285830	HLA-F-AS1	6
222280_at	100506469	TMEM147-AS1	19
222281_s_at	440712	RHEX	1
222283_at	147657	ZNF480	19
222285_at	3495	IGHD	14
222286_at	6619	SNAPC3	9
222287_at	10345	TRDN	6
222289_at	3747	KCNC2	12
222291_at	25854	FAM149A	4
222292_at	958	CD40	20
222293_at	199731	CADM4	19
222294_s_at	5873	RAB27A	15
222301_at	10485	MIR9-1HG	1
222302_at	53358	SHC3	9
222304_x_at	26628	OR7E47P	12
222307_at	282997	PDCD4-AS1	10
222309_at	81688	C6orf62	6
222310_at	57466	SCAF4	21
222311_s_at	57466	SCAF4	21
222314_x_at	100126791	EGOT	3
222315_at	100996756	LOC100996756	1
222317_at	5140	PDE3B	11
222318_at	388569	ZNF324B	19
222321_at	186	AGTR2	X
222327_x_at	283491	OR7E156P	13
222333_at	259173	ALS2CL	3
222334_at	440712	RHEX	1
222336_at	201895	SMIM14	4
222339_x_at	4784	NFIX	19
222343_at	10018	BCL2L11	2
222345_at	284361	EMC10	19
222346_at	284217	LAMA1	18
222348_at	375449	MAST4	5
222349_x_at	376412	RNF126P1	17
222351_at	5519	PPP2R1B	11
222352_at	79791	FBXO31	16
222353_at	8994	LIMD1	3
222354_at	50848	F11R	1
222357_at	26137	ZBTB20	3
222359_x_at	2531	KDSR	18
222360_at	51611	DPH5	1
222361_at	643224	TUBBP5	9
222362_at	3268	AGFG2	7
222364_at	23446	SLC44A1	9
222369_at	79829	NAA40	11
222372_at	9223	MAGI1	3
222374_at	8945	BTRC	10
222377_at	347853	TBX10	11
222379_at	23704	KCNE4	2
222380_s_at	10016	PDCD6	5
222382_x_at	23165	NUP205	7
222383_s_at	59344	ALOXE3	17
222384_at	284649	SMG7-AS1	1
243_g_at	4134	MAP4	3
266_s_at	100133941	CD24	6
31807_at	54555	DDX49	19
31826_at	23307	FKBP15	9
31835_at	3273	HRG	3
31837_at	91289	LMF2	22
31845_at	2000	ELF4	X
31846_at	29984	RHOD	11
31861_at	3508	IGHMBP2	11
31874_at	10634	GAS2L1	22
32029_at	5170	PDPK1	16
32032_at	8220	ESS2	22
32042_at	10495	ENOX2	X
32062_at	9684	LRRC14	8
32069_at	9683	N4BP1	16
32088_at	8548	BLZF1	1
32091_at	9673	SLC25A44	1
32094_at	9469	CHST3	10
32099_at	9667	SAFB2	19
320_at	5190	PEX6	6
32128_at	6362	CCL18	17
32137_at	3714	JAG2	14
32209_at	23625	FAM89B	11
32259_at	2145	EZH1	17
32402_s_at	8189	SYMPK	19
32502_at	81544	GDPD5	11
32540_at	5533	PPP3CC	8
32541_at	5533	PPP3CC	8
32625_at	4881	NPR1	1
32699_s_at	5817	PVR	19
32723_at	1477	CSTF1	20
32811_at	4641	MYO1C	17
32836_at	10554	AGPAT1	6
32837_at	10555	AGPAT2	9
33132_at	29894	CPSF1	8
33148_at	51663	ZFR	5
33197_at	4647	MYO7A	11
33304_at	3669	ISG20	15
33307_at	27341	RRP7A	22
33322_i_at	2810	SFN	1
33323_r_at	2810	SFN	1
33494_at	2110	ETFDH	4
33579_i_at	8484	GALR3	22
33646_g_at	2760	GM2A	5
336_at	6915	TBXA2R	19
33736_at	9399	STOML1	15
33760_at	5195	PEX14	1
33767_at	4744	NEFH	22
33768_at	1762	DMWD	19
33778_at	25771	TBC1D22A	22
33814_at	10298	PAK4	19
33850_at	4134	MAP4	3
34031_i_at	889	KRIT1	7
34063_at	9400	RECQL5	17
34187_at	5939	RBMS2	12
34206_at	116985	ARAP1	11
34210_at	1043	CD52	1
34221_at	22993	HMGXB3	5
34225_at	7469	NELFA	4
34260_at	9894	TELO2	16
34406_at	23241	PACS2	14
34408_at	6253	RTN2	19
34449_at	835	CASP2	7
34471_at	4626	MYH8	17
34478_at	9230	RAB11B	19
34689_at	11277	TREX1	3
34697_at	4040	LRP6	12
34726_at	784	CACNB3	12
34764_at	23395	LARS2	3
34846_at	816	CAMK2B	7
34858_at	23510	KCTD2	17
34868_at	23381	SMG5	1
35147_at	23263	MCF2L	13
35148_at	27134	TJP3	19
35150_at	958	CD40	20
35156_at	203069	R3HCC1	8
35160_at	8861	LDB1	10
35179_at	26229	B3GAT3	11
35201_at	3191	HNRNPL	19
35254_at	10906	TRAFD1	12
35265_at	9513	FXR2	17
35436_at	2801	GOLGA2	9
35617_at	5598	MAPK7	17
35626_at	6448	SGSH	17
35666_at	6405	SEMA3F	3
35671_at	2975	GTF3C1	16
35685_at	6015	RING1	6
35776_at	6453	ITSN1	21
35820_at	2760	GM2A	5
35846_at	7067	THRA	17
35974_at	4033	IRAG2	12
36004_at	8517	IKBKG	X
36019_at	8859	STK19	6
36030_at	25900	IFFO1	12
36084_at	9820	CUL7	6
36129_at	9905	SGSM2	17
36475_at	23464	GCAT	22
36499_at	1952	CELSR2	1
36545_s_at	9814	SFI1	22
36552_at	26005	C2CD3	11
36553_at	8623	ASMTL	X
36554_at	8623	ASMTL	X
36564_at	127544	RNF19B	1
36566_at	1497	CTNS	17
36612_at	23201	FAM168A	11
36711_at	23764	MAFF	22
36742_at	89870	TRIM15	6
36829_at	5187	PER1	17
36830_at	4285	MIPEP	13
36865_at	23357	ANGEL1	14
36888_at	23354	HAUS5	19
36907_at	4598	MVK	12
36920_at	4534	MTM1	X
36936_at	7264	GFUS	8
36994_at	527	ATP6V0C	16
37004_at	6439	SFTPB	2
37012_at	832	CAPZB	1
37020_at	1401	CRP	1
37022_at	5549	PRELP	1
37028_at	23645	PPP1R15A	19
37079_at	11049	NUS1P3	13
37145_at	10578	GNLY	2
37152_at	5467	PPARD	6
37170_at	55589	BMP2K	4
37201_at	3700	ITIH4	3
37226_at	662	BNIP1	5
37232_at	9786	KIAA0586	14
37254_at	7692	ZNF133	20
37278_at	6901	TAFAZZIN	X
37384_at	9647	PPM1F	22
37408_at	9902	MRC2	17
37424_at	54535	CCHCR1	6
37425_g_at	54535	CCHCR1	6
37433_at	9063	PIAS2	18
37462_i_at	8175	SF3A2	19
37512_at	8630	HSD17B6	12
37547_at	27241	BBS9	7
37549_g_at	27241	BBS9	7
37566_at	23349	PHF24	9
37577_at	84986	ARHGAP19	10
37586_at	7701	ZNF142	2
37590_g_at	109729181	ZNF710-AS1	15
37652_at	23523	CABIN1	22
37793_r_at	5892	RAD51D	17
37796_at	100316904	SAP25	7
37802_r_at	54629	MINDY2	15
37831_at	23094	SIPA1L3	19
37860_at	26152	ZNF337	20
37872_at	8629	JRK	8
37892_at	1301	COL11A1	1
37943_at	23503	ZFYVE26	14
37950_at	5550	PREP	6
37953_s_at	41	ASIC1	12
37965_at	29780	PARVB	22
37966_at	29780	PARVB	22
37986_at	2057	EPOR	19
37996_s_at	1760	DMPK	19
38037_at	1839	HBEGF	5
38043_at	60343	FAM3A	X
38069_at	1186	CLCN7	16
38149_at	9938	ARHGAP25	2
38157_at	1797	DXO	6
38158_at	9700	ESPL1	12
38241_at	10384	BTN3A3	6
38269_at	25865	PRKD2	19
38290_at	10636	RGS14	5
38340_at	9026	HIP1R	12
38398_at	8567	MADD	11
38447_at	156	GRK2	11
38487_at	23166	STAB1	3
38521_at	933	CD22	19
38671_at	23129	PLXND1	3
38691_s_at	6440	SFTPC	8
38703_at	23549	DNPEP	2
38707_r_at	1874	E2F4	16
38710_at	55611	OTUB1	11
38766_at	100862671	TMEM265	16
38892_at	23506	BICRAL	6
38918_at	9580	SOX13	1
38964_r_at	7454	WAS	X
39248_at	360	AQP3	9
39249_at	360	AQP3	9
39313_at	65125	WNK1	12
39318_at	8115	TCL1A	14
39402_at	3553	IL1B	2
39548_at	4862	NPAS2	2
39549_at	4862	NPAS2	2
39582_at	1540	CYLD	16
39650_s_at	80003	PCNX2	1
396_f_at	2057	EPOR	19
39705_at	23309	SIN3B	19
39729_at	7001	PRDX2	19
39763_at	3263	HPX	11
39817_s_at	10591	DNPH1	6
39835_at	6305	SBF1	22
39854_r_at	57104	PNPLA2	11
39891_at	374655	ZNF710	15
39966_at	10675	CSPG5	3
40016_g_at	375449	MAST4	5
40020_at	1951	CELSR3	3
40093_at	4059	BCAM	19
40148_at	323	APBB2	4
40149_at	25970	SH2B1	16
40189_at	6418	SET	9
40225_at	2580	GAK	4
40255_at	55794	DDX28	16
40273_at	56848	SPHK2	19
40284_at	3170	FOXA2	20
40359_at	8045	RASSF7	11
40420_at	6793	STK10	5
40446_at	5252	PHF1	6
40465_at	9416	DDX23	12
40472_at	254531	LPCAT4	15
40489_at	1822	ATN1	12
40524_at	11099	PTPN21	14
40560_at	6909	TBX2	17
40562_at	2767	GNA11	19
40569_at	7593	MZF1	19
40612_at	23033	DOP1A	6
40640_at	29781	NCAPH2	22
40665_at	2328	FMO3	1
40687_at	2701	GJA4	1
40829_at	23038	WDTC1	1
40837_at	7089	TLE2	19
40850_at	23770	FKBP8	19
41037_at	7004	TEAD4	12
41047_at	79095	BBLN	9
41113_at	26048	ZNF500	16
41160_at	53615	MBD3	19
41220_at	10801	SEPTIN9	17
41329_at	57147	SCYL3	1
41386_i_at	23135	KDM6B	17
41387_r_at	23135	KDM6B	17
41397_at	55565	ZNF821	16
41469_at	5266	PI3	20
41512_at	8315	BRAP	12
41553_at	734	OSGIN2	8
41577_at	26051	PPP1R16B	20
41644_at	23328	SASH1	6
41657_at	6794	STK11	19
41660_at	9620	CELSR1	22
41856_at	219699	UNC5B	10
41858_at	27315	PGAP2	11
42361_g_at	54535	CCHCR1	6
43427_at	32	ACACB	12
43511_s_at	408	ARRB1	11
43544_at	10025	MED16	19
43934_at	56834	GPR137	11
43977_at	54929	TMEM161A	19
44040_at	150726	FBXO41	2
44065_at	84934	RITA1	12
44111_at	26276	VPS33B	15
44120_at	90956	ADCK2	7
44146_at	26205	GMEB2	20
44563_at	55135	WRAP53	17
44617_at	79676	OGFOD2	12
44654_at	92579	G6PC3	17
44669_at	644096	SDHAF1	19
44673_at	6614	SIGLEC1	20
44696_at	54662	TBC1D13	9
44702_at	85360	SYDE1	19
44783_s_at	23462	HEY1	8
44790_s_at	80183	RUBCNL	13
44822_s_at	54531	MIER2	19
45288_at	57406	ABHD6	3
45297_at	30846	EHD2	19
45526_g_at	79903	NAA60	16
45572_s_at	26088	GGA1	22
45633_at	64785	GINS3	16
45653_at	253980	KCTD13	16
45687_at	78994	PRR14	16
45714_at	54985	HCFC1R1	16
45749_at	79567	RIPOR1	16
45828_at	55101	DMAC2	19
46142_at	64788	LMF1	16
46256_at	90864	SPSB3	16
46270_at	51271	UBAP1	9
46323_at	124583	CANT1	17
46665_at	54910	SEMA4C	2
46947_at	54552	GNL3L	X
47069_at	55615	PRR5	22
47083_at	79034	INTS15	7
47105_at	54920	DUS2	16
47530_at	51531	TRMO	9
47550_at	11178	LZTS1	8
47553_at	25861	WHRN	9
47560_at	22859	ADGRL1	19
47571_at	7776	ZNF236	18
47608_at	93643	TJAP1	6
47773_at	54455	FBXO42	1
48030_i_at	10826	FAXDC2	5
48031_r_at	10826	FAXDC2	5
48106_at	55652	SLC48A1	12
48117_at	112869	SGF29	16
48531_at	79155	TNIP2	4
48580_at	30827	CXXC1	18
48612_at	9683	N4BP1	16
48659_at	60672	MIIP	1
48808_at	1719	DHFR	5
48825_at	51147	ING4	12
49049_at	196403	DTX3	12
49051_g_at	196403	DTX3	12
49077_at	51400	PPME1	11
49111_at	408	ARRB1	11
49306_at	83937	RASSF4	10
49327_at	23410	SIRT3	11
49329_at	84861	KLHL22	22
49452_at	32	ACACB	12
49485_at	11108	PRDM4	12
49679_s_at	101410538	MMP24OS	20
49878_at	9409	PEX16	11
50221_at	7942	TFEB	6
50277_at	26088	GGA1	22
50314_i_at	54976	ADISSP	20
50374_at	339229	OXLD1	17
50376_at	55311	ZNF444	19
50400_at	196743	PAOX	10
50965_at	25837	RAB26	16
51146_at	55650	PIGV	1
51158_at	400451	FAM174B	15
51176_at	9442	MED27	9
51192_at	54961	SSH3	11
51200_at	55049	REX1BD	19
51228_at	389677	RBM12B	8
51774_s_at	51619	UBE2D4	7
52005_at	58525	WIZ	19
52078_at	84065	TMEM222	1
52159_at	51409	HEMK1	3
52164_at	53838	C11orf24	11
52169_at	92335	STRADA	17
52255_s_at	50509	COL5A3	19
52285_f_at	79959	CEP76	18
52651_at	1296	COL8A2	1
52731_at	55626	AMBRA1	11
52741_at	115708	TRMT61A	14
52837_at	85352	SHISAL1	22
52940_at	59307	SIGIRR	11
52975_at	89853	MVB12B	9
53071_s_at	79701	OGFOD3	17
53076_at	11285	B4GALT7	5
53202_at	79020	C7orf25	7
53720_at	55337	SHFL	19
53912_at	29916	SNX11	17
53968_at	80789	INTS5	11
53987_at	57610	RANBP10	16
53991_at	27147	DENND2A	7
54037_at	89781	HPS4	22
54051_at	5316	PKNOX1	21
54632_at	63892	THADA	2
54970_at	83637	ZMIZ2	7
55065_at	57787	MARK4	19
55081_at	85377	MICALL1	22
55093_at	54480	CHPF2	7
55583_at	57572	DOCK6	19
55616_at	93210	PGAP3	17
55662_at	79591	ARMH3	10
55692_at	63916	ELMO2	20
55705_at	91300	R3HDM4	19
56256_at	51092	SIDT2	11
564_at	2767	GNA11	19
56748_at	10107	TRIM10	6
56821_at	55238	SLC38A7	16
56829_at	83696	TRAPPC9	8
56919_at	57599	WDR48	3
57082_at	26119	LDLRAP1	1
57163_at	64834	ELOVL1	1
57516_at	92595	ZNF764	16
57532_at	1856	DVL2	17
57539_at	84619	ZGPAT	20
57540_at	64080	RBKS	2
57588_at	57419	SLC24A3	20
57703_at	205564	SENP5	3
57715_at	51063	CALHM2	10
57739_at	373863	DND1	5
58308_at	55223	TRIM62	1
58367_s_at	79744	ZNF419	19
58696_at	54512	EXOSC4	8
58780_s_at	55701	ARHGEF40	14
58900_at	51619	UBE2D4	7
58994_at	54862	CC2D1A	19
59375_at	80022	MYO15B	17
59433_at	101930105	FAM239A	X
59437_at	138162	PIERCE1	9
59625_at	8996	NOL3	16
59631_at	114112	TXNRD3	3
59644_at	55589	BMP2K	4
59697_at	376267	RAB15	14
59705_at	51540	SCLY	2
59999_at	55662	HIF1AN	10
60084_at	1540	CYLD	16
60471_at	79890	RIN3	14
60474_at	55612	FERMT1	20
60794_f_at	730051	ZNF814	19
60815_at	84820	POLR2J4	7
61297_at	57513	CASKIN2	17
61732_r_at	80173	IFT74	9
61734_at	57333	RCN3	19
61874_at	11094	CACFD1	9
62212_at	79078	C1orf50	1
62987_r_at	27092	CACNG4	17
63009_at	55164	SHQ1	3
632_at	2931	GSK3A	19
63305_at	63876	PKNOX2	11
635_s_at	5526	PPP2R5B	11
63825_at	11057	ABHD2	15
64371_at	10147	SUGP2	19
64408_s_at	91860	CALML4	15
64418_at	11276	SYNRG	17
64432_at	51275	MAPKAPK5-AS1	12
64438_at	79701	OGFOD3	17
64440_at	84818	IL17RC	3
64474_g_at	54487	DGCR8	22
64486_at	57175	CORO1B	11
64488_at	126298	IRGQ	19
64883_at	158747	MOSPD2	X
64899_at	64748	PLPPR2	19
64900_at	79583	TMEM231	16
64942_at	387509	GPR153	1
65086_at	78992	YIPF2	19
65438_at	57707	MEAK7	16
65472_at	388969	C2orf68	2
65493_at	63897	HEATR6	17
65517_at	10053	AP1M2	19
65521_at	51619	UBE2D4	7
65588_at	388796	SNHG17	20
65591_at	57599	WDR48	3
65630_at	283232	TMEM80	11
65635_at	64772	ENGASE	17
65718_at	25960	ADGRA2	8
65770_at	89941	RHOT2	16
65884_at	11253	MAN1B1	9
71933_at	7475	WNT6	2
74694_s_at	79874	RABEP2	16
76897_s_at	23307	FKBP15	9
77508_r_at	79874	RABEP2	16
78047_s_at	101410538	MMP24OS	20
78330_at	63925	ZNF335	20
78383_at	100129250	SMIM27	9
78495_at	100289678	ZNF783	7
79005_at	79939	SLC35E1	19
81737_at	100505915	LOC100505915	16
823_at	6376	CX3CL1	16
87100_at	11057	ABHD2	15
89476_r_at	79716	NPEPL1	20
89948_at	63935	PCIF1	20
89977_at	54988	ACSM5	16
90265_at	11033	ADAP1	7
90610_at	4034	LRCH4	7
91580_at	57408	LRTM1	3
91617_at	54487	DGCR8	22
91682_at	54512	EXOSC4	8
91684_g_at	54512	EXOSC4	8
91703_at	254102	EHBP1L1	11
91816_f_at	399664	MEX3D	19
91826_at	54869	EPS8L1	19
91920_at	63827	BCAN	1
91952_at	90379	DCAF15	19
AFFX-HSAC07/X00351_3_at	60	ACTB	7
AFFX-HSAC07/X00351_5_at	60	ACTB	7
AFFX-HSAC07/X00351_M_at	60	ACTB	7
AFFX-HUMGAPDH/M33197_3_at	2597	GAPDH	12
AFFX-HUMGAPDH/M33197_5_at	2597	GAPDH	12
AFFX-HUMGAPDH/M33197_M_at	2597	GAPDH	12
AFFX-HUMISGF3A/M97935_3_at	6772	STAT1	2
AFFX-HUMISGF3A/M97935_5_at	6772	STAT1	2
AFFX-HUMISGF3A/M97935_MA_at	6772	STAT1	2
AFFX-HUMISGF3A/M97935_MB_at	6772	STAT1	2
