gse	gsm	platform	title	dx	region	sex_reported	age	pmi	ph	donor_local	sample_kind	note	race	rin	chip	site
GSE11223	GSM282855	GPL1708	5192 Normal Uninflamed sigmoid colon	NON_PSYCH	sigmoid colon (non-brain)						non_brain					
GSE11223	GSM282856	GPL1708	5193 Normal Uninflamed sigmoid colon	NON_PSYCH	sigmoid colon (non-brain)						non_brain					
GSE11223	GSM282857	GPL1708	5194 Normal Uninflamed sigmoid colon	NON_PSYCH	sigmoid colon (non-brain)						non_brain					
GSE11223	GSM282858	GPL1708	5195 Normal Uninflamed sigmoid colon	NON_PSYCH	sigmoid colon (non-brain)						non_brain					
GSE11223	GSM282859	GPL1708	5196 Normal Uninflamed sigmoid colon	NON_PSYCH	sigmoid colon (non-brain)						non_brain					
GSE11223	GSM282860	GPL1708	5197 Normal Uninflamed sigmoid colon	NON_PSYCH	sigmoid colon (non-brain)						non_brain					
GSE11223	GSM282861	GPL1708	5198 Normal Uninflamed sigmoid colon	NON_PSYCH	sigmoid colon (non-brain)						non_brain					
GSE11223	GSM282862	GPL1708	5199 Normal Uninflamed sigmoid colon	NON_PSYCH	sigmoid colon (non-brain)						non_brain					
GSE11223	GSM282863	GPL1708	5200 Normal Uninflamed sigmoid colon	NON_PSYCH	sigmoid colon (non-brain)						non_brain					
GSE11223	GSM282864	GPL1708	5201 Normal Uninflamed sigmoid colon	NON_PSYCH	sigmoid colon (non-brain)						non_brain					
GSE11223	GSM282865	GPL1708	5202 Normal Uninflamed sigmoid colon	NON_PSYCH	sigmoid colon (non-brain)						non_brain					
GSE11223	GSM282866	GPL1708	5203 Normal Uninflamed sigmoid colon	NON_PSYCH	sigmoid colon (non-brain)						non_brain					
GSE11223	GSM282867	GPL1708	5204 Normal Uninflamed sigmoid colon	NON_PSYCH	sigmoid colon (non-brain)						non_brain					
GSE11223	GSM282868	GPL1708	5205 Normal Uninflamed sigmoid colon	NON_PSYCH	sigmoid colon (non-brain)						non_brain					
GSE11223	GSM282869	GPL1708	5206 Normal Uninflamed sigmoid colon	NON_PSYCH	sigmoid colon (non-brain)						non_brain					
GSE11223	GSM282870	GPL1708	5207 Normal Uninflamed sigmoid colon	NON_PSYCH	sigmoid colon (non-brain)						non_brain					
GSE11223	GSM282871	GPL1708	5208 Normal Uninflamed sigmoid colon	NON_PSYCH	sigmoid colon (non-brain)						non_brain					
GSE11223	GSM282872	GPL1708	5209 Normal Uninflamed sigmoid colon	NON_PSYCH	sigmoid colon (non-brain)						non_brain					
GSE11223	GSM282873	GPL1708	5210 Normal Uninflamed terminal ileum	NON_PSYCH	sigmoid colon (non-brain)						non_brain					
GSE11223	GSM282874	GPL1708	5211 Normal Uninflamed terminal ileum	NON_PSYCH	sigmoid colon (non-brain)						non_brain					
GSE11223	GSM282875	GPL1708	10609 Normal Uninflamed terminal ileum	NON_PSYCH	sigmoid colon (non-brain)						non_brain					
GSE11223	GSM282876	GPL1708	11081 Normal Uninflamed descending colon	NON_PSYCH	sigmoid colon (non-brain)						non_brain					
GSE11223	GSM282877	GPL1708	11082 Normal Uninflamed descending colon	NON_PSYCH	sigmoid colon (non-brain)						non_brain					
GSE11223	GSM282878	GPL1708	11083 Normal Uninflamed descending colon	NON_PSYCH	sigmoid colon (non-brain)						non_brain					
GSE11223	GSM282879	GPL1708	11084 Normal Uninflamed descending colon	NON_PSYCH	sigmoid colon (non-brain)						non_brain					
GSE11223	GSM282880	GPL1708	11085 Normal Uninflamed descending colon	NON_PSYCH	sigmoid colon (non-brain)						non_brain					
GSE11223	GSM282881	GPL1708	11086 Normal Uninflamed descending colon	NON_PSYCH	sigmoid colon (non-brain)						non_brain					
GSE11223	GSM282882	GPL1708	11087 Normal Uninflamed descending colon	NON_PSYCH	sigmoid colon (non-brain)						non_brain					
GSE11223	GSM282883	GPL1708	11088 Normal Uninflamed descending colon	NON_PSYCH	sigmoid colon (non-brain)						non_brain					
GSE11223	GSM282884	GPL1708	11089 Normal Uninflamed descending colon	NON_PSYCH	sigmoid colon (non-brain)						non_brain					
GSE11223	GSM282885	GPL1708	11090 Normal Uninflamed descending colon	NON_PSYCH	sigmoid colon (non-brain)						non_brain					
GSE11223	GSM282886	GPL1708	11091 Normal Uninflamed descending colon	NON_PSYCH	sigmoid colon (non-brain)						non_brain					
GSE11223	GSM282887	GPL1708	11092 Normal Uninflamed descending colon	NON_PSYCH	sigmoid colon (non-brain)						non_brain					
GSE11223	GSM282888	GPL1708	11093 Normal Uninflamed descending colon	NON_PSYCH	sigmoid colon (non-brain)						non_brain					
GSE11223	GSM282889	GPL1708	11094 Normal Uninflamed descending colon	NON_PSYCH	sigmoid colon (non-brain)						non_brain					
GSE11223	GSM282890	GPL1708	11095 Normal Uninflamed descending colon	NON_PSYCH	sigmoid colon (non-brain)						non_brain					
GSE11223	GSM282891	GPL1708	11376 Normal Uninflamed ascending colon	NON_PSYCH	sigmoid colon (non-brain)						non_brain					
GSE11223	GSM282892	GPL1708	11377 Normal Uninflamed ascending colon	NON_PSYCH	sigmoid colon (non-brain)						non_brain					
GSE11223	GSM282893	GPL1708	11378 Normal Uninflamed ascending colon	NON_PSYCH	sigmoid colon (non-brain)						non_brain					
GSE11223	GSM282894	GPL1708	11379 Normal Uninflamed ascending colon	NON_PSYCH	sigmoid colon (non-brain)						non_brain					
GSE11223	GSM282895	GPL1708	11380 Normal Uninflamed ascending colon	NON_PSYCH	sigmoid colon (non-brain)						non_brain					
GSE11223	GSM282896	GPL1708	11381 Normal Uninflamed ascending colon	NON_PSYCH	sigmoid colon (non-brain)						non_brain					
GSE11223	GSM282897	GPL1708	11382 Normal Uninflamed ascending colon	NON_PSYCH	sigmoid colon (non-brain)						non_brain					
GSE11223	GSM282898	GPL1708	11383 Normal Uninflamed ascending colon	NON_PSYCH	sigmoid colon (non-brain)						non_brain					
GSE11223	GSM282899	GPL1708	11384 Normal Uninflamed ascending colon	NON_PSYCH	sigmoid colon (non-brain)						non_brain					
GSE11223	GSM282900	GPL1708	11385 Normal Uninflamed ascending colon	NON_PSYCH	sigmoid colon (non-brain)						non_brain					
GSE11223	GSM282901	GPL1708	11386 Normal Uninflamed ascending colon	NON_PSYCH	sigmoid colon (non-brain)						non_brain					
GSE11223	GSM282902	GPL1708	11387 Normal Uninflamed descending colon	NON_PSYCH	sigmoid colon (non-brain)						non_brain					
GSE11223	GSM282903	GPL1708	11388 Normal Uninflamed descending colon	NON_PSYCH	sigmoid colon (non-brain)						non_brain					
GSE11223	GSM282904	GPL1708	11389 Normal Uninflamed sigmoid colon	NON_PSYCH	sigmoid colon (non-brain)						non_brain					
GSE11223	GSM282905	GPL1708	11390 Normal Uninflamed terminal ileum	NON_PSYCH	sigmoid colon (non-brain)						non_brain					
GSE11223	GSM282906	GPL1708	11391 Normal Uninflamed ascending colon	NON_PSYCH	sigmoid colon (non-brain)						non_brain					
GSE11223	GSM282907	GPL1708	11392 Normal Uninflamed descending colon	NON_PSYCH	sigmoid colon (non-brain)						non_brain					
GSE11223	GSM282908	GPL1708	11393 Normal Uninflamed ascending colon	NON_PSYCH	sigmoid colon (non-brain)						non_brain					
GSE11223	GSM282909	GPL1708	11394 Normal Uninflamed descending colon	NON_PSYCH	sigmoid colon (non-brain)						non_brain					
GSE11223	GSM282910	GPL1708	11395 Normal Uninflamed sigmoid colon	NON_PSYCH	sigmoid colon (non-brain)						non_brain					
GSE11223	GSM282911	GPL1708	11396 Normal Uninflamed ascending colon	NON_PSYCH	sigmoid colon (non-brain)						non_brain					
GSE11223	GSM282912	GPL1708	11397 Normal Uninflamed descending colon	NON_PSYCH	sigmoid colon (non-brain)						non_brain					
GSE11223	GSM282913	GPL1708	11398 Normal Uninflamed sigmoid colon	NON_PSYCH	sigmoid colon (non-brain)						non_brain					
GSE11223	GSM282914	GPL1708	11399 Normal Uninflamed terminal ileum	NON_PSYCH	sigmoid colon (non-brain)						non_brain					
GSE11223	GSM282915	GPL1708	11400 Normal Uninflamed sigmoid colon	NON_PSYCH	sigmoid colon (non-brain)						non_brain					
GSE11223	GSM282916	GPL1708	11401 Normal Uninflamed ascending colon	NON_PSYCH	sigmoid colon (non-brain)						non_brain					
GSE11223	GSM282917	GPL1708	11402 Normal Inflamed sigmoid colon	NON_PSYCH	sigmoid colon (non-brain)						non_brain					
GSE11223	GSM282918	GPL1708	11403 Normal Uninflamed terminal ileum	NON_PSYCH	sigmoid colon (non-brain)						non_brain					
GSE11223	GSM282919	GPL1708	11404 Normal Uninflamed ascending colon	NON_PSYCH	sigmoid colon (non-brain)						non_brain					
GSE11223	GSM282920	GPL1708	11405 Normal Uninflamed descending colon	NON_PSYCH	sigmoid colon (non-brain)						non_brain					
GSE11223	GSM282921	GPL1708	11406 Normal Uninflamed sigmoid colon	NON_PSYCH	sigmoid colon (non-brain)						non_brain					
GSE11223	GSM282922	GPL1708	12457 Normal Inflamed sigmoid colon	NON_PSYCH	sigmoid colon (non-brain)						non_brain					
GSE11223	GSM282923	GPL1708	12458 Normal Uninflamed ascending colon	NON_PSYCH	sigmoid colon (non-brain)						non_brain					
GSE11223	GSM282924	GPL1708	12459 Normal Uninflamed descending colon	NON_PSYCH	sigmoid colon (non-brain)						non_brain					
GSE11223	GSM282925	GPL1708	12460 Normal Inflamed descending colon	NON_PSYCH	sigmoid colon (non-brain)						non_brain					
GSE11223	GSM282926	GPL1708	12461 Normal Inflamed sigmoid colon	NON_PSYCH	sigmoid colon (non-brain)						non_brain					
GSE11223	GSM282927	GPL1708	12462 Normal Uninflamed sigmoid colon	NON_PSYCH	sigmoid colon (non-brain)						non_brain					
GSE11223	GSM282928	GPL1708	5212 UC Inflamed terminal ileum	NON_PSYCH	sigmoid colon (non-brain)						non_brain					
GSE11223	GSM282929	GPL1708	5213 UC Inflamed sigmoid colon	NON_PSYCH	sigmoid colon (non-brain)						non_brain					
GSE11223	GSM282930	GPL1708	5214 UC Inflamed descending colon	NON_PSYCH	sigmoid colon (non-brain)						non_brain					
GSE11223	GSM282931	GPL1708	5215 UC Uninflamed ascending colon	NON_PSYCH	sigmoid colon (non-brain)						non_brain					
GSE11223	GSM282932	GPL1708	5216 UC Inflamed descending colon	NON_PSYCH	sigmoid colon (non-brain)						non_brain					
GSE11223	GSM282933	GPL1708	5217 UC Inflamed sigmoid colon	NON_PSYCH	sigmoid colon (non-brain)						non_brain					
GSE11223	GSM282934	GPL1708	5218 UC Inflamed descending colon	NON_PSYCH	sigmoid colon (non-brain)						non_brain					
GSE11223	GSM282935	GPL1708	5221 UC Uninflamed sigmoid colon	NON_PSYCH	sigmoid colon (non-brain)						non_brain					
GSE11223	GSM282936	GPL1708	5222 UC Inflamed sigmoid colon	NON_PSYCH	sigmoid colon (non-brain)						non_brain					
GSE11223	GSM282937	GPL1708	5223 UC Inflamed sigmoid colon	NON_PSYCH	sigmoid colon (non-brain)						non_brain					
GSE11223	GSM282938	GPL1708	5224 UC Uninflamed sigmoid colon	NON_PSYCH	sigmoid colon (non-brain)						non_brain					
GSE11223	GSM282939	GPL1708	5237 UC Uninflamed ascending colon	NON_PSYCH	sigmoid colon (non-brain)						non_brain					
GSE11223	GSM282940	GPL1708	5238 UC Uninflamed sigmoid colon	NON_PSYCH	sigmoid colon (non-brain)						non_brain					
GSE11223	GSM282941	GPL1708	5239 UC Uninflamed sigmoid colon	NON_PSYCH	sigmoid colon (non-brain)						non_brain					
GSE11223	GSM282942	GPL1708	5240 UC Inflamed sigmoid colon	NON_PSYCH	sigmoid colon (non-brain)						non_brain					
GSE11223	GSM282943	GPL1708	5241 UC Uninflamed sigmoid colon	NON_PSYCH	sigmoid colon (non-brain)						non_brain					
GSE11223	GSM282944	GPL1708	5242 UC Uninflamed sigmoid colon	NON_PSYCH	sigmoid colon (non-brain)						non_brain					
GSE11223	GSM282945	GPL1708	5243 UC Inflamed sigmoid colon	NON_PSYCH	sigmoid colon (non-brain)						non_brain					
GSE11223	GSM282946	GPL1708	5244 UC Uninflamed sigmoid colon	NON_PSYCH	sigmoid colon (non-brain)						non_brain					
GSE11223	GSM282947	GPL1708	5245 UC Uninflamed sigmoid colon	NON_PSYCH	sigmoid colon (non-brain)						non_brain					
GSE11223	GSM282948	GPL1708	5246 UC Uninflamed sigmoid colon	NON_PSYCH	sigmoid colon (non-brain)						non_brain					
GSE11223	GSM282949	GPL1708	5247 UC Uninflamed sigmoid colon	NON_PSYCH	sigmoid colon (non-brain)						non_brain					
GSE11223	GSM282950	GPL1708	5248 UC Uninflamed sigmoid colon	NON_PSYCH	sigmoid colon (non-brain)						non_brain					
GSE11223	GSM282951	GPL1708	5249 UC Uninflamed sigmoid colon	NON_PSYCH	sigmoid colon (non-brain)						non_brain					
GSE11223	GSM282952	GPL1708	5250 UC Uninflamed sigmoid colon	NON_PSYCH	sigmoid colon (non-brain)						non_brain					
GSE11223	GSM282953	GPL1708	5251 UC Uninflamed sigmoid colon	NON_PSYCH	sigmoid colon (non-brain)						non_brain					
GSE11223	GSM282954	GPL1708	5252 UC Inflamed sigmoid colon	NON_PSYCH	sigmoid colon (non-brain)						non_brain					
GSE11223	GSM282955	GPL1708	5253 UC Uninflamed sigmoid colon	NON_PSYCH	sigmoid colon (non-brain)						non_brain					
GSE11223	GSM282956	GPL1708	5254 UC Uninflamed sigmoid colon	NON_PSYCH	sigmoid colon (non-brain)						non_brain					
GSE11223	GSM282957	GPL1708	5255 UC Uninflamed terminal ileum	NON_PSYCH	sigmoid colon (non-brain)						non_brain					
GSE11223	GSM282958	GPL1708	5256 UC Uninflamed terminal ileum	NON_PSYCH	sigmoid colon (non-brain)						non_brain					
GSE11223	GSM282959	GPL1708	5257 UC Uninflamed sigmoid colon	NON_PSYCH	sigmoid colon (non-brain)						non_brain					
GSE11223	GSM282960	GPL1708	5258 UC Uninflamed terminal ileum	NON_PSYCH	sigmoid colon (non-brain)						non_brain					
GSE11223	GSM282961	GPL1708	5259 UC Inflamed sigmoid colon	NON_PSYCH	sigmoid colon (non-brain)						non_brain					
GSE11223	GSM282962	GPL1708	5260 UC Uninflamed descending colon	NON_PSYCH	sigmoid colon (non-brain)						non_brain					
GSE11223	GSM282963	GPL1708	5261 UC Uninflamed descending colon	NON_PSYCH	sigmoid colon (non-brain)						non_brain					
GSE11223	GSM282964	GPL1708	5262 UC Inflamed sigmoid colon	NON_PSYCH	sigmoid colon (non-brain)						non_brain					
GSE11223	GSM282965	GPL1708	5263 UC Inflamed sigmoid colon	NON_PSYCH	sigmoid colon (non-brain)						non_brain					
GSE11223	GSM282966	GPL1708	5264 UC Uninflamed sigmoid colon	NON_PSYCH	sigmoid colon (non-brain)						non_brain					
GSE11223	GSM282967	GPL1708	5265 UC Inflamed sigmoid colon	NON_PSYCH	sigmoid colon (non-brain)						non_brain					
GSE11223	GSM282968	GPL1708	5266 UC Uninflamed sigmoid colon	NON_PSYCH	sigmoid colon (non-brain)						non_brain					
GSE11223	GSM282969	GPL1708	5267 UC Inflamed sigmoid colon	NON_PSYCH	sigmoid colon (non-brain)						non_brain					
GSE11223	GSM282970	GPL1708	5268 UC Inflamed sigmoid colon	NON_PSYCH	sigmoid colon (non-brain)						non_brain					
GSE11223	GSM282971	GPL1708	5269 UC Uninflamed terminal ileum	NON_PSYCH	sigmoid colon (non-brain)						non_brain					
GSE11223	GSM282972	GPL1708	5270 UC Inflamed sigmoid colon	NON_PSYCH	sigmoid colon (non-brain)						non_brain					
GSE11223	GSM282973	GPL1708	5271 UC Inflamed sigmoid colon	NON_PSYCH	sigmoid colon (non-brain)						non_brain					
GSE11223	GSM282974	GPL1708	5272 UC Uninflamed sigmoid colon	NON_PSYCH	sigmoid colon (non-brain)						non_brain					
GSE11223	GSM282975	GPL1708	5273 UC Inflamed sigmoid colon	NON_PSYCH	sigmoid colon (non-brain)						non_brain					
GSE11223	GSM282976	GPL1708	5274 UC Inflamed descending colon	NON_PSYCH	sigmoid colon (non-brain)						non_brain					
GSE11223	GSM282977	GPL1708	5275 UC Uninflamed descending colon	NON_PSYCH	sigmoid colon (non-brain)						non_brain					
GSE11223	GSM282978	GPL1708	5276 UC Uninflamed descending colon	NON_PSYCH	sigmoid colon (non-brain)						non_brain					
GSE11223	GSM282979	GPL1708	5278 UC Inflamed descending colon	NON_PSYCH	sigmoid colon (non-brain)						non_brain					
GSE11223	GSM282980	GPL1708	5279 UC Inflamed ascending colon	NON_PSYCH	sigmoid colon (non-brain)						non_brain					
GSE11223	GSM282981	GPL1708	5280 UC Uninflamed ascending colon	NON_PSYCH	sigmoid colon (non-brain)						non_brain					
GSE11223	GSM282982	GPL1708	5281 UC Inflamed ascending colon	NON_PSYCH	sigmoid colon (non-brain)						non_brain					
GSE11223	GSM282983	GPL1708	5282 UC Uninflamed ascending colon	NON_PSYCH	sigmoid colon (non-brain)						non_brain					
GSE11223	GSM282984	GPL1708	5283 UC Inflamed ascending colon	NON_PSYCH	sigmoid colon (non-brain)						non_brain					
GSE11223	GSM282985	GPL1708	5284 UC Uninflamed ascending colon	NON_PSYCH	sigmoid colon (non-brain)						non_brain					
GSE11223	GSM282986	GPL1708	5285 UC Inflamed ascending colon	NON_PSYCH	sigmoid colon (non-brain)						non_brain					
GSE11223	GSM282987	GPL1708	11098 UC Uninflamed descending colon	NON_PSYCH	sigmoid colon (non-brain)						non_brain					
GSE11223	GSM282988	GPL1708	11099 UC Uninflamed descending colon	NON_PSYCH	sigmoid colon (non-brain)						non_brain					
GSE11223	GSM282989	GPL1708	11100 UC Uninflamed descending colon	NON_PSYCH	sigmoid colon (non-brain)						non_brain					
GSE11223	GSM282990	GPL1708	11101 UC Uninflamed descending colon	NON_PSYCH	sigmoid colon (non-brain)						non_brain					
GSE11223	GSM282991	GPL1708	11102 UC Uninflamed descending colon	NON_PSYCH	sigmoid colon (non-brain)						non_brain					
GSE11223	GSM282992	GPL1708	11103 UC Uninflamed descending colon	NON_PSYCH	sigmoid colon (non-brain)						non_brain					
GSE11223	GSM282993	GPL1708	11104 UC Uninflamed descending colon	NON_PSYCH	sigmoid colon (non-brain)						non_brain					
GSE11223	GSM282994	GPL1708	11105 UC Uninflamed descending colon	NON_PSYCH	sigmoid colon (non-brain)						non_brain					
GSE11223	GSM282995	GPL1708	11106 UC Uninflamed descending colon	NON_PSYCH	sigmoid colon (non-brain)						non_brain					
GSE11223	GSM282996	GPL1708	11408 UC Inflamed sigmoid colon	NON_PSYCH	sigmoid colon (non-brain)						non_brain					
GSE11223	GSM282997	GPL1708	11409 UC Inflamed ascending colon	NON_PSYCH	sigmoid colon (non-brain)						non_brain					
GSE11223	GSM282998	GPL1708	11410 UC Inflamed descending colon	NON_PSYCH	sigmoid colon (non-brain)						non_brain					
GSE11223	GSM282999	GPL1708	11411 UC Inflamed sigmoid colon	NON_PSYCH	sigmoid colon (non-brain)						non_brain					
GSE11223	GSM283000	GPL1708	11413 UC Uninflamed ascending colon	NON_PSYCH	sigmoid colon (non-brain)						non_brain					
GSE11223	GSM283001	GPL1708	11415 UC Uninflamed ascending colon	NON_PSYCH	sigmoid colon (non-brain)						non_brain					
GSE11223	GSM283002	GPL1708	11417 UC Uninflamed ascending colon	NON_PSYCH	sigmoid colon (non-brain)						non_brain					
GSE11223	GSM283003	GPL1708	11418 UC Uninflamed ascending colon	NON_PSYCH	sigmoid colon (non-brain)						non_brain					
GSE11223	GSM283004	GPL1708	11419 UC Uninflamed ascending colon	NON_PSYCH	sigmoid colon (non-brain)						non_brain					
GSE11223	GSM283005	GPL1708	11420 UC Uninflamed ascending colon	NON_PSYCH	sigmoid colon (non-brain)						non_brain					
GSE11223	GSM283006	GPL1708	11421 UC Uninflamed ascending colon	NON_PSYCH	sigmoid colon (non-brain)						non_brain					
GSE11223	GSM283007	GPL1708	11422 UC Uninflamed ascending colon	NON_PSYCH	sigmoid colon (non-brain)						non_brain					
GSE11223	GSM283008	GPL1708	11423 UC Uninflamed ascending colon	NON_PSYCH	sigmoid colon (non-brain)						non_brain					
GSE11223	GSM283009	GPL1708	11424 UC Uninflamed ascending colon	NON_PSYCH	sigmoid colon (non-brain)						non_brain					
GSE11223	GSM283010	GPL1708	11425 UC Uninflamed ascending colon	NON_PSYCH	sigmoid colon (non-brain)						non_brain					
GSE11223	GSM283011	GPL1708	11426 UC Uninflamed ascending colon	NON_PSYCH	sigmoid colon (non-brain)						non_brain					
GSE11223	GSM283012	GPL1708	11428 UC Inflamed ascending colon	NON_PSYCH	sigmoid colon (non-brain)						non_brain					
GSE11223	GSM283013	GPL1708	11429 UC Inflamed descending colon	NON_PSYCH	sigmoid colon (non-brain)						non_brain					
GSE11223	GSM283014	GPL1708	11430 UC Inflamed sigmoid colon	NON_PSYCH	sigmoid colon (non-brain)						non_brain					
GSE11223	GSM283015	GPL1708	11431 UC Uninflamed terminal ileum	NON_PSYCH	sigmoid colon (non-brain)						non_brain					
GSE11223	GSM283016	GPL1708	11432 UC Uninflamed sigmoid colon	NON_PSYCH	sigmoid colon (non-brain)						non_brain					
GSE11223	GSM283017	GPL1708	11434 UC Inflamed descending colon	NON_PSYCH	sigmoid colon (non-brain)						non_brain					
GSE11223	GSM283018	GPL1708	11436 UC Inflamed descending colon	NON_PSYCH	sigmoid colon (non-brain)						non_brain					
GSE11223	GSM283019	GPL1708	11437 UC Inflamed sigmoid colon	NON_PSYCH	sigmoid colon (non-brain)						non_brain					
GSE11223	GSM283020	GPL1708	11439 UC Uninflamed descending colon	NON_PSYCH	sigmoid colon (non-brain)						non_brain					
GSE11223	GSM283021	GPL1708	11440 UC Uninflamed sigmoid colon	NON_PSYCH	sigmoid colon (non-brain)						non_brain					
GSE11223	GSM283022	GPL1708	11441 UC Uninflamed ascending colon	NON_PSYCH	sigmoid colon (non-brain)						non_brain					
GSE11223	GSM283023	GPL1708	11442 UC Uninflamed descending colon	NON_PSYCH	sigmoid colon (non-brain)						non_brain					
GSE11223	GSM283024	GPL1708	11443 UC Uninflamed sigmoid colon	NON_PSYCH	sigmoid colon (non-brain)						non_brain					
GSE11223	GSM283025	GPL1708	12463 UC Inflamed descending colon	NON_PSYCH	sigmoid colon (non-brain)						non_brain					
GSE11223	GSM283026	GPL1708	12464 UC Inflamed sigmoid colon	NON_PSYCH	sigmoid colon (non-brain)						non_brain					
GSE11223	GSM283027	GPL1708	12465 UC Inflamed ascending colon	NON_PSYCH	sigmoid colon (non-brain)						non_brain					
GSE11223	GSM283028	GPL1708	12466 UC Inflamed descending colon	NON_PSYCH	sigmoid colon (non-brain)						non_brain					
GSE11223	GSM283029	GPL1708	12467 UC Inflamed sigmoid colon	NON_PSYCH	sigmoid colon (non-brain)						non_brain					
GSE11223	GSM283030	GPL1708	12468 UC Inflamed sigmoid colon	NON_PSYCH	sigmoid colon (non-brain)						non_brain					
GSE11223	GSM283031	GPL1708	12469 UC Inflamed ascending colon	NON_PSYCH	sigmoid colon (non-brain)						non_brain					
GSE11223	GSM283032	GPL1708	12470 UC Inflamed descending colon	NON_PSYCH	sigmoid colon (non-brain)						non_brain					
GSE11223	GSM283033	GPL1708	12471 UC Inflamed sigmoid colon	NON_PSYCH	sigmoid colon (non-brain)						non_brain					
GSE11223	GSM283034	GPL1708	12472 UC Uninflamed ascending colon	NON_PSYCH	sigmoid colon (non-brain)						non_brain					
GSE11223	GSM283035	GPL1708	12473 UC Inflamed sigmoid colon	NON_PSYCH	sigmoid colon (non-brain)						non_brain					
GSE11223	GSM283036	GPL1708	12474 UC Inflamed sigmoid colon	NON_PSYCH	sigmoid colon (non-brain)						non_brain					
GSE11223	GSM283037	GPL1708	12475 UC Inflamed descending colon	NON_PSYCH	sigmoid colon (non-brain)						non_brain					
GSE11223	GSM283038	GPL1708	12476 UC Inflamed sigmoid colon	NON_PSYCH	sigmoid colon (non-brain)						non_brain					
GSE11223	GSM283039	GPL1708	12477 UC Inflamed ascending colon	NON_PSYCH	sigmoid colon (non-brain)						non_brain					
GSE11223	GSM283040	GPL1708	12478 UC Inflamed descending colon	NON_PSYCH	sigmoid colon (non-brain)						non_brain					
GSE11223	GSM283041	GPL1708	12479 UC Uninflamed sigmoid colon	NON_PSYCH	sigmoid colon (non-brain)						non_brain					
GSE11223	GSM283042	GPL1708	12480 UC Inflamed descending colon	NON_PSYCH	sigmoid colon (non-brain)						non_brain					
GSE11223	GSM283043	GPL1708	12481 UC Uninflamed sigmoid colon	NON_PSYCH	sigmoid colon (non-brain)						non_brain					
GSE11223	GSM283044	GPL1708	12482 UC Inflamed ascending colon	NON_PSYCH	sigmoid colon (non-brain)						non_brain					
GSE11223	GSM283045	GPL1708	12483 UC Inflamed descending colon	NON_PSYCH	sigmoid colon (non-brain)						non_brain					
GSE11223	GSM283046	GPL1708	12484 UC Inflamed sigmoid colon	NON_PSYCH	sigmoid colon (non-brain)						non_brain					
GSE11223	GSM283047	GPL1708	12485 UC Inflamed ascending colon	NON_PSYCH	sigmoid colon (non-brain)						non_brain					
GSE11223	GSM283048	GPL1708	12486 UC Inflamed descending colon	NON_PSYCH	sigmoid colon (non-brain)						non_brain					
GSE11223	GSM283049	GPL1708	12487 UC Uninflamed ascending colon	NON_PSYCH	sigmoid colon (non-brain)						non_brain					
GSE11223	GSM283050	GPL1708	12488 UC Inflamed sigmoid colon	NON_PSYCH	sigmoid colon (non-brain)						non_brain					
GSE11223	GSM283051	GPL1708	12489 UC Uninflamed ascending colon	NON_PSYCH	sigmoid colon (non-brain)						non_brain					
GSE11223	GSM283052	GPL1708	12490 UC Inflamed descending colon	NON_PSYCH	sigmoid colon (non-brain)						non_brain					
GSE11223	GSM283053	GPL1708	12491 UC Inflamed sigmoid colon	NON_PSYCH	sigmoid colon (non-brain)						non_brain					
GSE11223	GSM283054	GPL1708	12492 UC Inflamed descending colon	NON_PSYCH	sigmoid colon (non-brain)						non_brain					
GSE11223	GSM283055	GPL1708	12493 UC Inflamed sigmoid colon	NON_PSYCH	sigmoid colon (non-brain)						non_brain					
GSE11223	GSM283056	GPL1708	12494 UC Inflamed sigmoid colon	NON_PSYCH	sigmoid colon (non-brain)						non_brain					
GSE12649	GSM317385	GPL96	bipolar disorder, BA46-1	BD	PFC_BA46					1	tissue					
GSE12649	GSM317386	GPL96	bipolar disorder, BA46-2	BD	PFC_BA46					2	tissue					
GSE12649	GSM317387	GPL96	schizophrenia, BA46-3	SCZ	PFC_BA46					3	tissue					
GSE12649	GSM317388	GPL96	bipolar disorder, BA46-4	BD	PFC_BA46					4	tissue					
GSE12649	GSM317389	GPL96	bipolar disorder, BA46-6	BD	PFC_BA46					6	tissue					
GSE12649	GSM317390	GPL96	schizophrenia, BA46-7	SCZ	PFC_BA46					7	tissue					
GSE12649	GSM317391	GPL96	bipolar disorder, BA46-8	BD	PFC_BA46					8	tissue					
GSE12649	GSM317392	GPL96	schizophrenia, BA46-9	SCZ	PFC_BA46					9	tissue					
GSE12649	GSM317393	GPL96	schizophrenia, BA46-10	SCZ	PFC_BA46					10	tissue					
GSE12649	GSM317394	GPL96	schizophrenia, BA46-11	SCZ	PFC_BA46					11	tissue					
GSE12649	GSM317395	GPL96	schizophrenia, BA46-12	SCZ	PFC_BA46					12	tissue					
GSE12649	GSM317396	GPL96	bipolar disorder, BA46-13	BD	PFC_BA46					13	tissue					
GSE12649	GSM317397	GPL96	bipolar disorder, BA46-14	BD	PFC_BA46					14	tissue					
GSE12649	GSM317398	GPL96	control, BA46-15	CTL	PFC_BA46					15	tissue					
GSE12649	GSM317399	GPL96	bipolar disorder, BA46-16	BD	PFC_BA46					16	tissue					
GSE12649	GSM317400	GPL96	schizophrenia, BA46-17	SCZ	PFC_BA46					17	tissue					
GSE12649	GSM317401	GPL96	bipolar disorder, BA46-18	BD	PFC_BA46					18	tissue					
GSE12649	GSM317402	GPL96	control, BA46-19	CTL	PFC_BA46					19	tissue					
GSE12649	GSM317403	GPL96	bipolar disorder, BA46-20	BD	PFC_BA46					20	tissue					
GSE12649	GSM317404	GPL96	bipolar disorder, BA46-21	BD	PFC_BA46					21	tissue					
GSE12649	GSM317405	GPL96	schizophrenia, BA46-22	SCZ	PFC_BA46					22	tissue					
GSE12649	GSM317406	GPL96	bipolar disorder, BA46-23	BD	PFC_BA46					23	tissue					
GSE12649	GSM317407	GPL96	control, BA46-24	CTL	PFC_BA46					24	tissue					
GSE12649	GSM317408	GPL96	schizophrenia, BA46-25	SCZ	PFC_BA46					25	tissue					
GSE12649	GSM317409	GPL96	schizophrenia, BA46-26	SCZ	PFC_BA46					26	tissue					
GSE12649	GSM317410	GPL96	control, BA46-27	CTL	PFC_BA46					27	tissue					
GSE12649	GSM317411	GPL96	bipolar disorder, BA46-28	BD	PFC_BA46					28	tissue					
GSE12649	GSM317412	GPL96	control, BA46-29	CTL	PFC_BA46					29	tissue					
GSE12649	GSM317413	GPL96	control, BA46-30	CTL	PFC_BA46					30	tissue					
GSE12649	GSM317414	GPL96	schizophrenia, BA46-31	SCZ	PFC_BA46					31	tissue					
GSE12649	GSM317415	GPL96	bipolar disorder, BA46-32	BD	PFC_BA46					32	tissue					
GSE12649	GSM317416	GPL96	control, BA46-33	CTL	PFC_BA46					33	tissue					
GSE12649	GSM317417	GPL96	bipolar disorder, BA46-34	BD	PFC_BA46					34	tissue					
GSE12649	GSM317418	GPL96	control, BA46-35	CTL	PFC_BA46					35	tissue					
GSE12649	GSM317419	GPL96	bipolar disorder, BA46-36	BD	PFC_BA46					36	tissue					
GSE12649	GSM317420	GPL96	schizophrenia, BA46-37	SCZ	PFC_BA46					37	tissue					
GSE12649	GSM317421	GPL96	control, BA46-38	CTL	PFC_BA46					38	tissue					
GSE12649	GSM317422	GPL96	schizophrenia, BA46-39	SCZ	PFC_BA46					39	tissue					
GSE12649	GSM317423	GPL96	schizophrenia, BA46-40	SCZ	PFC_BA46					40	tissue					
GSE12649	GSM317424	GPL96	schizophrenia, BA46-41	SCZ	PFC_BA46					41	tissue					
GSE12649	GSM317425	GPL96	bipolar disorder, BA46-42	BD	PFC_BA46					42	tissue					
GSE12649	GSM317426	GPL96	control, BA46-43	CTL	PFC_BA46					43	tissue					
GSE12649	GSM317427	GPL96	schizophrenia, BA46-44	SCZ	PFC_BA46					44	tissue					
GSE12649	GSM317428	GPL96	schizophrenia, BA46-45	SCZ	PFC_BA46					45	tissue					
GSE12649	GSM317429	GPL96	bipolar disorder, BA46-46	BD	PFC_BA46					46	tissue					
GSE12649	GSM317430	GPL96	schizophrenia, BA46-47	SCZ	PFC_BA46					47	tissue					
GSE12649	GSM317431	GPL96	bipolar disorder, BA46-48	BD	PFC_BA46					48	tissue					
GSE12649	GSM317432	GPL96	control, BA46-49	CTL	PFC_BA46					49	tissue					
GSE12649	GSM317433	GPL96	bipolar disorder, BA46-50	BD	PFC_BA46					50	tissue					
GSE12649	GSM317434	GPL96	control, BA46-52	CTL	PFC_BA46					52	tissue					
GSE12649	GSM317435	GPL96	control, BA46-53	CTL	PFC_BA46					53	tissue					
GSE12649	GSM317436	GPL96	control, BA46-54	CTL	PFC_BA46					54	tissue					
GSE12649	GSM317437	GPL96	schizophrenia, BA46-55	SCZ	PFC_BA46					55	tissue					
GSE12649	GSM317438	GPL96	control, BA46-56	CTL	PFC_BA46					56	tissue					
GSE12649	GSM317439	GPL96	bipolar disorder, BA46-57	BD	PFC_BA46					57	tissue					
GSE12649	GSM317440	GPL96	bipolar disorder, BA46-58	BD	PFC_BA46					58	tissue					
GSE12649	GSM317441	GPL96	control, BA46-59	CTL	PFC_BA46					59	tissue					
GSE12649	GSM317442	GPL96	control, BA46-60	CTL	PFC_BA46					60	tissue					
GSE12649	GSM317443	GPL96	bipolar disorder, BA46-61	BD	PFC_BA46					61	tissue					
GSE12649	GSM317444	GPL96	bipolar disorder, BA46-62	BD	PFC_BA46					62	tissue					
GSE12649	GSM317445	GPL96	bipolar disorder, BA46-63	BD	PFC_BA46					63	tissue					
GSE12649	GSM317446	GPL96	bipolar disorder, BA46-64	BD	PFC_BA46					64	tissue					
GSE12649	GSM317447	GPL96	control, BA46-65	CTL	PFC_BA46					65	tissue					
GSE12649	GSM317448	GPL96	schizophrenia, BA46-66	SCZ	PFC_BA46					66	tissue					
GSE12649	GSM317449	GPL96	control, BA46-67	CTL	PFC_BA46					67	tissue					
GSE12649	GSM317450	GPL96	schizophrenia, BA46-68	SCZ	PFC_BA46					68	tissue					
GSE12649	GSM317451	GPL96	bipolar disorder, BA46-69	BD	PFC_BA46					69	tissue					
GSE12649	GSM317452	GPL96	control, BA46-70	CTL	PFC_BA46					70	tissue					
GSE12649	GSM317453	GPL96	control, BA46-71	CTL	PFC_BA46					71	tissue					
GSE12649	GSM317454	GPL96	bipolar disorder, BA46-72	BD	PFC_BA46					72	tissue					
GSE12649	GSM317455	GPL96	schizophrenia, BA46-73	SCZ	PFC_BA46					73	tissue					
GSE12649	GSM317456	GPL96	bipolar disorder, BA46-74	BD	PFC_BA46					74	tissue					
GSE12649	GSM317457	GPL96	schizophrenia, BA46-75	SCZ	PFC_BA46					75	tissue					
GSE12649	GSM317458	GPL96	bipolar disorder, BA46-76	BD	PFC_BA46					76	tissue					
GSE12649	GSM317459	GPL96	control, BA46-77	CTL	PFC_BA46					77	tissue					
GSE12649	GSM317460	GPL96	schizophrenia, BA46-78	SCZ	PFC_BA46					78	tissue					
GSE12649	GSM317461	GPL96	control, BA46-79	CTL	PFC_BA46					79	tissue					
GSE12649	GSM317462	GPL96	control, BA46-80	CTL	PFC_BA46					80	tissue					
GSE12649	GSM317463	GPL96	schizophrenia, BA46-81	SCZ	PFC_BA46					81	tissue					
GSE12649	GSM317464	GPL96	schizophrenia, BA46-82	SCZ	PFC_BA46					82	tissue					
GSE12649	GSM317465	GPL96	control, BA46-83	CTL	PFC_BA46					83	tissue					
GSE12649	GSM317466	GPL96	control, BA46-84	CTL	PFC_BA46					84	tissue					
GSE12649	GSM317467	GPL96	schizophrenia, BA46-85	SCZ	PFC_BA46					85	tissue					
GSE12649	GSM317468	GPL96	control, BA46-86	CTL	PFC_BA46					86	tissue					
GSE12649	GSM317469	GPL96	schizophrenia, BA46-87	SCZ	PFC_BA46					87	tissue					
GSE12649	GSM317470	GPL96	schizophrenia, BA46-88	SCZ	PFC_BA46					88	tissue					
GSE12649	GSM317471	GPL96	control, BA46-90	CTL	PFC_BA46					90	tissue					
GSE12649	GSM317472	GPL96	control, BA46-91	CTL	PFC_BA46					91	tissue					
GSE12649	GSM317473	GPL96	schizophrenia, BA46-92	SCZ	PFC_BA46					92	tissue					
GSE12649	GSM317474	GPL96	schizophrenia, BA46-93	SCZ	PFC_BA46					93	tissue					
GSE12649	GSM317475	GPL96	schizophrenia, BA46-94	SCZ	PFC_BA46					94	tissue					
GSE12649	GSM317476	GPL96	control, BA46-95	CTL	PFC_BA46					95	tissue					
GSE12649	GSM317477	GPL96	control, BA46-96	CTL	PFC_BA46					96	tissue					
GSE12649	GSM317478	GPL96	schizophrenia, BA46-97	SCZ	PFC_BA46					97	tissue					
GSE12649	GSM317479	GPL96	bipolar disorder, BA46-98	BD	PFC_BA46					98	tissue					
GSE12649	GSM317480	GPL96	control, BA46-99	CTL	PFC_BA46					99	tissue					
GSE12649	GSM317481	GPL96	schizophrenia, BA46-100	SCZ	PFC_BA46					100	tissue					
GSE12649	GSM317482	GPL96	schizophrenia, BA46-101	SCZ	PFC_BA46					101	tissue					
GSE12649	GSM317483	GPL96	bipolar disorder, BA46-102	BD	PFC_BA46					102	tissue					
GSE12649	GSM317484	GPL96	control, BA46-103	CTL	PFC_BA46					103	tissue					
GSE12649	GSM317485	GPL96	bipolar disorder, BA46-104	BD	PFC_BA46					104	tissue					
GSE12649	GSM317486	GPL96	control, BA46-105	CTL	PFC_BA46					105	tissue					
GSE17612	GSM439778	GPL570	S014_Scz_M_74	SCZ	PFC_BA10	M	74.0	4.5	6.0	S014	tissue					
GSE17612	GSM439779	GPL570	C017_Control_M_72	CTL	PFC_BA10	M	72.0	12.0	6.8	C017	tissue					
GSE17612	GSM439780	GPL570	C011_Control_F_89	CTL	PFC_BA10	F	89.0	5.0	6.5	C011	tissue					
GSE17612	GSM439781	GPL570	S017_Scz_F_85	SCZ	PFC_BA10	F	85.0	3.5	5.9	S017	tissue					
GSE17612	GSM439782	GPL570	C013_Control_M_61	CTL	PFC_BA10	M	61.0	16.5	6.2	C013	tissue					
GSE17612	GSM439783	GPL570	C028_Control_F_54	CTL	PFC_BA10	F	54.0	4.0	6.5	C028	tissue					
GSE17612	GSM439784	GPL570	S025_Scz_M_41	SCZ	PFC_BA10	M	41.0	8.0	6.3	S025	tissue					
GSE17612	GSM439785	GPL570	S021_Scz_M_71	SCZ	PFC_BA10	M	71.0	6.5	6.0	S021	tissue					
GSE17612	GSM439786	GPL570	S027_Scz_M_77	SCZ	PFC_BA10	M	77.0	3.0	6.1	S027	tissue					
GSE17612	GSM439787	GPL570	C010_Control_F_90	CTL	PFC_BA10	F	90.0	12.5	5.7	C010	tissue					
GSE17612	GSM439788	GPL570	C014_Control_M91	CTL	PFC_BA10		91.0	4.5	6.3	C014	tissue	sex missing in characteristics; taken from title				
GSE17612	GSM439789	GPL570	C007_Control_M_54	CTL	PFC_BA10	M	54.0	12.0	6.6	C007	tissue					
GSE17612	GSM439790	GPL570	S013_Scz_F_65	SCZ	PFC_BA10	F	65.0	3.0	6.1	S013	tissue					
GSE17612	GSM439791	GPL570	S024_Scz_M_75	SCZ	PFC_BA10	M	75.0	9.0	6.3	S024	tissue					
GSE17612	GSM439792	GPL570	C024_Control_F_78	CTL	PFC_BA10	F	78.0	8.0	6.7	C024	tissue					
GSE17612	GSM439793	GPL570	C027_Control_M_90	CTL	PFC_BA10	M	90.0	6.75	6.2	C027	tissue					
GSE17612	GSM439794	GPL570	S015_Scz_M_56	SCZ	PFC_BA10	M	56.0	16.5	6.4	S015	tissue					
GSE17612	GSM439795	GPL570	S008_Scz_F_81	SCZ	PFC_BA10	F	81.0	22.0		S008	tissue					
GSE17612	GSM439796	GPL570	S002_Scz_M_82	SCZ	PFC_BA10	M	82.0	11.0	6.0	S002	tissue					
GSE17612	GSM439797	GPL570	C015_Control_M_91	CTL	PFC_BA10	M	91.0	9.5	6.3	C015	tissue					
GSE17612	GSM439798	GPL570	S005_Scz_M_82	SCZ	PFC_BA10	M	82.0	11.0	6.4	S005	tissue					
GSE17612	GSM439799	GPL570	C026_Control_M_58	CTL	PFC_BA10	M	58.0	15.0	6.5	C026	tissue					
GSE17612	GSM439800	GPL570	S028_Scz_F_28	SCZ	PFC_BA10	F	28.0	11.0	6.3	S028	tissue					
GSE17612	GSM439801	GPL570	S009_Scz_M_87	SCZ	PFC_BA10	M	87.0	3.5	6.0	S009	tissue					
GSE17612	GSM439802	GPL570	C002_Control_F_87	CTL	PFC_BA10	F	87.0	14.5	6.5	C002	tissue					
GSE17612	GSM439803	GPL570	S026_Scz_M_72	SCZ	PFC_BA10	M	72.0	20.0	6.6	S026	tissue					
GSE17612	GSM439804	GPL570	C021_Control_M_25	CTL	PFC_BA10	M	25.0	17.0	6.9	C021	tissue					
GSE17612	GSM439805	GPL570	S020_Scz_F_82	SCZ	PFC_BA10	F	82.0	8.5	5.9	S020	tissue					
GSE17612	GSM439806	GPL570	S031_Scz_M_79	SCZ	PFC_BA10	M	79.0	4.5	6.1	S031	tissue					
GSE17612	GSM439807	GPL570	S004_Scz_F_88	SCZ	PFC_BA10	F	88.0	7.0	5.7	S004	tissue					
GSE17612	GSM439808	GPL570	C008_Control_F_94	CTL	PFC_BA10	F	94.0	9.5	6.3	C008	tissue					
GSE17612	GSM439809	GPL570	S012_Scz_M_63	SCZ	PFC_BA10	M	63.0	30.0	6.5	S012	tissue					
GSE17612	GSM439810	GPL570	C019_Control_F_46	CTL	PFC_BA10	F	46.0	4.0	6.6	C019	tissue					
GSE17612	GSM439811	GPL570	S001_Scz_F_75	SCZ	PFC_BA10	F	75.0	3.0	6.0	S001	tissue					
GSE17612	GSM439812	GPL570	C022_Control_F_68	CTL	PFC_BA10	F	68.0	6.0	6.4	C022	tissue					
GSE17612	GSM439813	GPL570	S033_Scz_M_83	SCZ	PFC_BA10	M	83.0	11.5	6.1	S033	tissue					
GSE17612	GSM439814	GPL570	C016_Control_M_60	CTL	PFC_BA10	M	60.0	16.0	6.9	C016	tissue					
GSE17612	GSM439815	GPL570	S019_Scz_M_79	SCZ	PFC_BA10	M	79.0	4.5	6.3	S019	tissue					
GSE17612	GSM439816	GPL570	C023_Control_M_38	CTL	PFC_BA10	M	38.0	6.0	6.9	C023	tissue					
GSE17612	GSM439817	GPL570	S006_Scz_M_79	SCZ	PFC_BA10	M	79.0	4.0	6.2	S006	tissue					
GSE17612	GSM439818	GPL570	C006_Control_F_71	CTL	PFC_BA10	F	71.0	13.0	6.3	C006	tissue					
GSE17612	GSM439819	GPL570	C005_Control_M_91	CTL	PFC_BA10	M	91.0	13.0	6.3	C005	tissue					
GSE17612	GSM439820	GPL570	S023_Scz_F_97	SCZ	PFC_BA10	F	97.0	3.5	6.2	S023	tissue					
GSE17612	GSM439821	GPL570	S010_Scz_M_82	SCZ	PFC_BA10	M	82.0	19.5	5.8	S010	tissue					
GSE17612	GSM439822	GPL570	C020_Control_M_25	CTL	PFC_BA10	M	25.0	12.0	6.6	C020	tissue					
GSE17612	GSM439823	GPL570	S011_Scz_M_82	SCZ	PFC_BA10	M	82.0	5.0	6.2	S011	tissue					
GSE17612	GSM439824	GPL570	S022_Scz_M_44	SCZ	PFC_BA10	M	44.0	4.0	6.3	S022	tissue					
GSE17612	GSM439825	GPL570	C025_Control_F_88	CTL	PFC_BA10	F	88.0	5.0	6.8	C025	tissue					
GSE17612	GSM439826	GPL570	C018_Control_F_67	CTL	PFC_BA10	F	67.0	6.0	6.7	C018	tissue					
GSE17612	GSM439827	GPL570	S007_Scz_F_67	SCZ	PFC_BA10	F	67.0	3.5	6.1	S007	tissue					
GSE17612	GSM439828	GPL570	S032_Scz_M_77	SCZ	PFC_BA10	M	77.0	3.0	6.2	S032	tissue					
GSE21138	GSM528831	GPL570	Control-1	CTL	PFC_BA46	M	38.0	46.0	6.42	Control-1	tissue					
GSE21138	GSM528832	GPL570	Control-2	CTL	PFC_BA46	M	26.0	24.0	6.42	Control-2	tissue					
GSE21138	GSM528833	GPL570	Control-3	CTL	PFC_BA46	M	21.0	40.0	5.82	Control-3	tissue					
GSE21138	GSM528834	GPL570	Control-4	CTL	PFC_BA46	M	22.0	62.0	6.39	Control-4	tissue					
GSE21138	GSM528835	GPL570	Control-5	CTL	PFC_BA46	M	25.0	50.0	6.48	Control-5	tissue					
GSE21138	GSM528836	GPL570	Control-6	CTL	PFC_BA46	M	25.0	35.0	6.15	Control-6	tissue					
GSE21138	GSM528837	GPL570	Control-8	CTL	PFC_BA46	F	38.0	50.0	6.14	Control-8	tissue					
GSE21138	GSM528838	GPL570	Control-9	CTL	PFC_BA46	M	53.0	12.0	6.43	Control-9	tissue					
GSE21138	GSM528839	GPL570	Control-10	CTL	PFC_BA46	M	38.0	44.0	6.19	Control-10	tissue					
GSE21138	GSM528840	GPL570	Control-11	CTL	PFC_BA46	M	42.0	26.0	6.21	Control-11	tissue					
GSE21138	GSM528841	GPL570	Control-12	CTL	PFC_BA46	F	29.0	34.0	6.38	Control-12	tissue					
GSE21138	GSM528842	GPL570	Control-13	CTL	PFC_BA46	M	36.0	42.0	6.46	Control-13	tissue					
GSE21138	GSM528843	GPL570	Control-14	CTL	PFC_BA46	M	48.0	52.0	6.0	Control-14	tissue					
GSE21138	GSM528844	GPL570	Control-15	CTL	PFC_BA46	M	44.0	44.0	6.38	Control-15	tissue					
GSE21138	GSM528845	GPL570	Control-16	CTL	PFC_BA46	M	34.0	15.5	6.46	Control-16	tissue					
GSE21138	GSM528846	GPL570	Control-17	CTL	PFC_BA46	M	42.0	63.0	6.34	Control-17	tissue					
GSE21138	GSM528847	GPL570	Control-18	CTL	PFC_BA46	M	37.0	47.0	6.4	Control-18	tissue					
GSE21138	GSM528848	GPL570	Control-19	CTL	PFC_BA46	M	43.0	45.0	6.25	Control-19	tissue					
GSE21138	GSM528849	GPL570	Control-20	CTL	PFC_BA46	M	35.0	27.0	6.4	Control-20	tissue					
GSE21138	GSM528850	GPL570	Control-21	CTL	PFC_BA46	F	38.0	52.0	6.28	Control-21	tissue					
GSE21138	GSM528851	GPL570	Control-22	CTL	PFC_BA46	F	66.0	43.0	6.37	Control-22	tissue					
GSE21138	GSM528852	GPL570	Control-23	CTL	PFC_BA46	M	57.0	27.0	6.43	Control-23	tissue					
GSE21138	GSM528853	GPL570	Control-24	CTL	PFC_BA46	M	68.0	41.0	6.06	Control-24	tissue					
GSE21138	GSM528854	GPL570	Control-25	CTL	PFC_BA46	M	65.0	20.5	6.47	Control-25	tissue					
GSE21138	GSM528855	GPL570	Control-26	CTL	PFC_BA46	M	50.0	69.0	6.43	Control-26	tissue					
GSE21138	GSM528856	GPL570	Control-27	CTL	PFC_BA46	M	60.0	27.5	6.11	Control-27	tissue					
GSE21138	GSM528857	GPL570	Control-28	CTL	PFC_BA46	M	72.0	39.0	6.21	Control-28	tissue					
GSE21138	GSM528858	GPL570	Control-29	CTL	PFC_BA46	F	80.0	55.0	6.28	Control-29	tissue					
GSE21138	GSM528859	GPL570	Control-30	CTL	PFC_BA46	M	65.0	41.0	6.56	Control-30	tissue					
GSE21138	GSM528860	GPL570	Scz-1	SCZ	PFC_BA46	M	38.0	50.0	6.02	Scz-1	tissue					
GSE21138	GSM528861	GPL570	Scz-2	SCZ	PFC_BA46	M	26.0	52.0	6.39	Scz-2	tissue					
GSE21138	GSM528862	GPL570	Scz-3	SCZ	PFC_BA46	M	19.0	43.0	6.22	Scz-3	tissue					
GSE21138	GSM528863	GPL570	Scz-4	SCZ	PFC_BA46	M	22.0	37.0	6.17	Scz-4	tissue					
GSE21138	GSM528864	GPL570	Scz-5	SCZ	PFC_BA46	M	22.0	37.0	6.07	Scz-5	tissue					
GSE21138	GSM528865	GPL570	Scz-6	SCZ	PFC_BA46	M	25.0	49.0	6.38	Scz-6	tissue					
GSE21138	GSM528866	GPL570	Scz-7	SCZ	PFC_BA46	F	21.0	56.0	6.24	Scz-7	tissue					
GSE21138	GSM528867	GPL570	Scz-8	SCZ	PFC_BA46	F	36.0	45.0	6.28	Scz-8	tissue					
GSE21138	GSM528868	GPL570	Scz-9	SCZ	PFC_BA46	M	53.0	25.0	6.23	Scz-9	tissue					
GSE21138	GSM528869	GPL570	Scz-10	SCZ	PFC_BA46	M	38.0	36.0	6.44	Scz-10	tissue					
GSE21138	GSM528870	GPL570	Scz-11	SCZ	PFC_BA46	M	41.0	31.0	6.2	Scz-11	tissue					
GSE21138	GSM528871	GPL570	Scz-12	SCZ	PFC_BA46	F	26.0	41.0	6.11	Scz-12	tissue					
GSE21138	GSM528872	GPL570	Scz-13	SCZ	PFC_BA46	M	36.0	38.0	6.04	Scz-13	tissue					
GSE21138	GSM528873	GPL570	Scz-14	SCZ	PFC_BA46	M	46.0	42.0	5.83	Scz-14	tissue					
GSE21138	GSM528874	GPL570	Scz-15	SCZ	PFC_BA46	M	45.0	68.0	6.33	Scz-15	tissue					
GSE21138	GSM528875	GPL570	Scz-16	SCZ	PFC_BA46	M	32.0	17.0	6.05	Scz-16	tissue					
GSE21138	GSM528876	GPL570	Scz-17	SCZ	PFC_BA46	M	42.0	34.5	6.26	Scz-17	tissue					
GSE21138	GSM528877	GPL570	Scz-18	SCZ	PFC_BA46	M	38.0	40.0	5.6	Scz-18	tissue					
GSE21138	GSM528878	GPL570	Scz-19	SCZ	PFC_BA46	M	41.0	52.0	6.64	Scz-19	tissue					
GSE21138	GSM528879	GPL570	Scz-20	SCZ	PFC_BA46	M	35.0	47.0	6.27	Scz-20	tissue					
GSE21138	GSM528880	GPL570	Scz-21	SCZ	PFC_BA46	F	33.0	20.0	6.43	Scz-21	tissue					
GSE21138	GSM528881	GPL570	Scz-22	SCZ	PFC_BA46	F	65.0	50.0	6.35	Scz-22	tissue					
GSE21138	GSM528882	GPL570	Scz-23	SCZ	PFC_BA46	M	57.0	24.0	6.06	Scz-23	tissue					
GSE21138	GSM528883	GPL570	Scz-24	SCZ	PFC_BA46	M	65.0	41.0	6.57	Scz-24	tissue					
GSE21138	GSM528884	GPL570	Scz-25	SCZ	PFC_BA46	M	65.0	42.0	6.29	Scz-25	tissue					
GSE21138	GSM528885	GPL570	Scz-26	SCZ	PFC_BA46	M	55.0	25.0	6.1	Scz-26	tissue					
GSE21138	GSM528886	GPL570	Scz-27	SCZ	PFC_BA46	M	61.0	37.5	6.46	Scz-27	tissue					
GSE21138	GSM528887	GPL570	Scz-28	SCZ	PFC_BA46	M	71.0	48.0	6.45	Scz-28	tissue					
GSE21138	GSM528888	GPL570	Scz-29	SCZ	PFC_BA46	F	81.0	25.0	6.31	Scz-29	tissue					
GSE21138	GSM528889	GPL570	Scz-30	SCZ	PFC_BA46	M	67.0	21.0	6.46	Scz-30	tissue					
GSE21935	GSM545725	GPL570	C002_Control_F_87	CTL	STG_BA22	F	87.0	14.5	6.5	C002	tissue					
GSE21935	GSM545726	GPL570	C005_Control_M_91	CTL	STG_BA22	M	91.0	13.0	6.3	C005	tissue					
GSE21935	GSM545727	GPL570	C007_Control_M_54	CTL	STG_BA22	M	54.0	12.0	6.6	C007	tissue					
GSE21935	GSM545728	GPL570	C008_Control_F_94	CTL	STG_BA22	F	94.0	9.5	6.3	C008	tissue					
GSE21935	GSM545729	GPL570	C010_Control_F_90	CTL	STG_BA22	F	90.0	12.5	5.7	C010	tissue					
GSE21935	GSM545730	GPL570	C011_Control_F_89	CTL	STG_BA22	F	89.0	5.0	6.5	C011	tissue					
GSE21935	GSM545731	GPL570	C014_Control_M91	CTL	STG_BA22	M	91.0	4.5	6.3	C014	tissue					
GSE21935	GSM545732	GPL570	C016_Control_M_60	CTL	STG_BA22	M	60.0	16.0	6.9	C016	tissue					
GSE21935	GSM545733	GPL570	C017_Control_M_72	CTL	STG_BA22	M	72.0	12.0	6.8	C017	tissue					
GSE21935	GSM545734	GPL570	C018_Control_F_67	CTL	STG_BA22	F	67.0	6.0	6.7	C018	tissue					
GSE21935	GSM545735	GPL570	C019_Control_F_46	CTL	STG_BA22	F	46.0	4.0	6.6	C019	tissue					
GSE21935	GSM545736	GPL570	C020_Control_M_25	CTL	STG_BA22	M	25.0	12.0	6.6	C020	tissue					
GSE21935	GSM545737	GPL570	C021_Control_M_25	CTL	STG_BA22	M	25.0	17.0	6.9	C021	tissue					
GSE21935	GSM545738	GPL570	C022_Control_F_68	CTL	STG_BA22	F	68.0	6.0	6.4	C022	tissue					
GSE21935	GSM545739	GPL570	C023_Control_M_38	CTL	STG_BA22	M	38.0	6.0	6.9	C023	tissue					
GSE21935	GSM545740	GPL570	C024_Control_F_78	CTL	STG_BA22	F	78.0	8.0	6.7	C024	tissue					
GSE21935	GSM545741	GPL570	C028_Control_F_54	CTL	STG_BA22	F	54.0	4.0	6.5	C028	tissue					
GSE21935	GSM545742	GPL570	C032_Control_M_76	CTL	STG_BA22	M	76.0	6.0	6.0	C032	tissue					
GSE21935	GSM545743	GPL570	C033_Control_M_81	CTL	STG_BA22	M	81.0	5.0	6.1	C033	tissue					
GSE21935	GSM545744	GPL570	S001_Scz_F_75	SCZ	STG_BA22	F	75.0	3.0	6.0	S001	tissue					
GSE21935	GSM545745	GPL570	S002_Scz_M_82	SCZ	STG_BA22	M	82.0	11.0	6.0	S002	tissue					
GSE21935	GSM545746	GPL570	S003_Scz_F_89	SCZ	STG_BA22	F	89.0	8.0	6.3	S003	tissue					
GSE21935	GSM545747	GPL570	S004_Scz_F_88	SCZ	STG_BA22	F	88.0	7.0	5.7	S004	tissue					
GSE21935	GSM545748	GPL570	S005_Scz_M_82	SCZ	STG_BA22	M	82.0	11.0	6.4	S005	tissue					
GSE21935	GSM545749	GPL570	S006_Scz_M_79	SCZ	STG_BA22	M	79.0	4.0	6.2	S006	tissue					
GSE21935	GSM545750	GPL570	S007_Scz_F_67	SCZ	STG_BA22	F	67.0	3.5	6.1	S007	tissue					
GSE21935	GSM545751	GPL570	S009_Scz_M_87	SCZ	STG_BA22	M	87.0	3.5	6.0	S009	tissue					
GSE21935	GSM545752	GPL570	S011_Scz_M_82	SCZ	STG_BA22	M	82.0	5.0	6.2	S011	tissue					
GSE21935	GSM545753	GPL570	S012_Scz_M_63	SCZ	STG_BA22	M	63.0	30.0	6.5	S012	tissue					
GSE21935	GSM545754	GPL570	S013_Scz_F_65	SCZ	STG_BA22	F	65.0	3.0	6.1	S013	tissue					
GSE21935	GSM545755	GPL570	S019_Scz_M_79	SCZ	STG_BA22	M	79.0	4.5	6.3	S019	tissue					
GSE21935	GSM545756	GPL570	S021_Scz_M_71	SCZ	STG_BA22	M	71.0	6.5	6.0	S021	tissue					
GSE21935	GSM545757	GPL570	S022_Scz_M_44	SCZ	STG_BA22	M	44.0	4.0	6.3	S022	tissue					
GSE21935	GSM545758	GPL570	S023_Scz_F_97	SCZ	STG_BA22	F	97.0	3.5	6.2	S023	tissue					
GSE21935	GSM545759	GPL570	S024_Scz_M_75	SCZ	STG_BA22	M	75.0	9.0	6.3	S024	tissue					
GSE21935	GSM545760	GPL570	S025_Scz_M_41	SCZ	STG_BA22	M	41.0	8.0	6.3	S025	tissue					
GSE21935	GSM545761	GPL570	S027_Scz_M_77	SCZ	STG_BA22	M	77.0	3.0	6.1	S027	tissue					
GSE21935	GSM545762	GPL570	S028_Scz_F_28	SCZ	STG_BA22	F	28.0	11.0	6.3	S028	tissue					
GSE21935	GSM545763	GPL570	S029_Scz_F_53	SCZ	STG_BA22	F	53.0	11.0	6.0	S029	tissue					
GSE21935	GSM545764	GPL570	S031_Scz_M_79	SCZ	STG_BA22	M	79.0	4.5	6.1	S031	tissue					
GSE21935	GSM545765	GPL570	S034_Scz_F_70	SCZ	STG_BA22	F	70.0	4.5	6.2	S034	tissue					
GSE21935	GSM545766	GPL570	S035_Scz_F_87	SCZ	STG_BA22	F	87.0	5.5	6.1	S035	tissue					
GSE28475	GSM703645	GPL6883	Frozen Tissue_DASL_57B rep1	ASD	brain_unspecified					57B	tissue					
GSE28475	GSM703646	GPL6883	Frozen Tissue_DASL_61B	ASD	brain_unspecified					61B	tissue					
GSE28475	GSM703647	GPL6883	Frozen Tissue_DASL_64B	ASD	brain_unspecified					64B	tissue					
GSE28475	GSM703648	GPL6883	Frozen Tissue_DASL_66B	CTL	brain_unspecified					66B	tissue					
GSE28475	GSM703649	GPL6883	Frozen Tissue_DASL_69A	ASD	brain_unspecified					69A	tissue					
GSE28475	GSM703650	GPL6883	Frozen Tissue_DASL_57B rep2	ASD	brain_unspecified					57B	tissue					
GSE28475	GSM703651	GPL6883	Frozen Tissue_DASL_48B rep1	CTL	brain_unspecified					48B	tissue					
GSE28475	GSM703652	GPL6883	Frozen Tissue_DASL_52A	CTL	brain_unspecified					52A	tissue					
GSE28475	GSM703653	GPL6883	Frozen Tissue_DASL_54B	CTL	brain_unspecified					54B	tissue					
GSE28475	GSM703654	GPL6883	Frozen Tissue_DASL_55B	CTL	brain_unspecified					55B	tissue					
GSE28475	GSM703655	GPL6883	Frozen Tissue_DASL_56A	CTL	brain_unspecified					56A	tissue					
GSE28475	GSM703656	GPL6883	Frozen Tissue_DASL_59A	CTL	brain_unspecified					59A	tissue					
GSE28475	GSM703657	GPL6883	Frozen Tissue_DASL_60A	ASD	brain_unspecified					60A	tissue					
GSE28475	GSM703658	GPL6883	Frozen Tissue_DASL_48B rep2	CTL	brain_unspecified					48B	tissue					
GSE28475	GSM703659	GPL6883	Frozen Tissue_DASL_27A rep1	ASD	brain_unspecified					27A	tissue					
GSE28475	GSM703660	GPL6883	Frozen Tissue_DASL_45B	ASD	brain_unspecified					45B	tissue					
GSE28475	GSM703661	GPL6883	Frozen Tissue_DASL_46A	ASD	brain_unspecified					46A	tissue					
GSE28475	GSM703662	GPL6883	Frozen Tissue_DASL_47A	CTL	brain_unspecified					47A	tissue					
GSE28475	GSM703663	GPL6883	Frozen Tissue_DASL_49A	CTL	brain_unspecified					49A	tissue					
GSE28475	GSM703664	GPL6883	Frozen Tissue_DASL_50A	CTL	brain_unspecified					50A	tissue					
GSE28475	GSM703665	GPL6883	Frozen Tissue_DASL_51B	CTL	brain_unspecified					51B	tissue					
GSE28475	GSM703666	GPL6883	Frozen Tissue_DASL_27A rep2	ASD	brain_unspecified					27A	tissue					
GSE28475	GSM703667	GPL6883	Frozen Tissue_DASL_25A rep1	CTL	brain_unspecified					25A	tissue					
GSE28475	GSM703668	GPL6883	Frozen Tissue_DASL_36A	ASD	brain_unspecified					36A	tissue					
GSE28475	GSM703669	GPL6883	Frozen Tissue_DASL_37B	ASD	brain_unspecified					37B	tissue					
GSE28475	GSM703670	GPL6883	Frozen Tissue_DASL_38B	ASD	brain_unspecified					38B	tissue					
GSE28475	GSM703671	GPL6883	Frozen Tissue_DASL_40B	CTL	brain_unspecified					40B	tissue					
GSE28475	GSM703672	GPL6883	Frozen Tissue_DASL_41B	CTL	brain_unspecified					41B	tissue					
GSE28475	GSM703673	GPL6883	Frozen Tissue_DASL_44A	CTL	brain_unspecified					44A	tissue					
GSE28475	GSM703674	GPL6883	Frozen Tissue_DASL_25A rep2	CTL	brain_unspecified					25A	tissue					
GSE28475	GSM703675	GPL6883	Frozen Tissue_DASL_21C rep1	ASD	brain_unspecified					21C	tissue					
GSE28475	GSM703676	GPL6883	Frozen Tissue_DASL_29B	ASD	brain_unspecified					29B	tissue					
GSE28475	GSM703677	GPL6883	Frozen Tissue_DASL_31A	ASD	brain_unspecified					31A	tissue					
GSE28475	GSM703678	GPL6883	Frozen Tissue_DASL_32C	CTL	brain_unspecified					32C	tissue					
GSE28475	GSM703679	GPL6883	Frozen Tissue_DASL_33B	CTL	brain_unspecified					33B	tissue					
GSE28475	GSM703680	GPL6883	Frozen Tissue_DASL_34A	ASD	brain_unspecified					34A	tissue					
GSE28475	GSM703681	GPL6883	Frozen Tissue_DASL_35A	ASD	brain_unspecified					35A	tissue					
GSE28475	GSM703682	GPL6883	Frozen Tissue_DASL_21C rep2	ASD	brain_unspecified					21C	tissue					
GSE28475	GSM703683	GPL6883	Frozen Tissue_DASL_16A rep1	ASD	brain_unspecified					16A	tissue					
GSE28475	GSM703684	GPL6883	Frozen Tissue_DASL_19A	ASD	brain_unspecified					19A	tissue					
GSE28475	GSM703685	GPL6883	Frozen Tissue_DASL_20A	CTL	brain_unspecified					20A	tissue					
GSE28475	GSM703686	GPL6883	Frozen Tissue_DASL_22A	CTL	brain_unspecified					22A	tissue					
GSE28475	GSM703687	GPL6883	Frozen Tissue_DASL_23A	ASD	brain_unspecified					23A	tissue					
GSE28475	GSM703688	GPL6883	Frozen Tissue_DASL_24A	ASD	brain_unspecified					24A	tissue					
GSE28475	GSM703689	GPL6883	Frozen Tissue_DASL_26B	ASD	brain_unspecified					26B	tissue					
GSE28475	GSM703690	GPL6883	Frozen Tissue_DASL_16A rep2	ASD	brain_unspecified					16A	tissue					
GSE28475	GSM703691	GPL6883	Frozen Tissue_DASL_13B rep1	CTL	brain_unspecified					13B	tissue					
GSE28475	GSM703692	GPL6883	Frozen Tissue_DASL_11A	CTL	brain_unspecified					11A	tissue					
GSE28475	GSM703693	GPL6883	Frozen Tissue_DASL_12B	CTL	brain_unspecified					12B	tissue					
GSE28475	GSM703694	GPL6883	Frozen Tissue_DASL_14A	CTL	brain_unspecified					14A	tissue					
GSE28475	GSM703695	GPL6883	Frozen Tissue_DASL_15B	ASD	brain_unspecified					15B	tissue					
GSE28475	GSM703696	GPL6883	Frozen Tissue_DASL_17A	ASD	brain_unspecified					17A	tissue					
GSE28475	GSM703697	GPL6883	Frozen Tissue_DASL_18B	CTL	brain_unspecified					18B	tissue					
GSE28475	GSM703698	GPL6883	Frozen Tissue_DASL_13B rep2	CTL	brain_unspecified					13B	tissue					
GSE28475	GSM703699	GPL6883	Frozen Tissue_DASL_7A rep1	ASD	brain_unspecified					7A	tissue					
GSE28475	GSM703700	GPL6883	Frozen Tissue_DASL_7B rep1	ASD	brain_unspecified					7B	tissue					
GSE28475	GSM703701	GPL6883	Frozen Tissue_DASL_8A	ASD	brain_unspecified					8A	tissue					
GSE28475	GSM703702	GPL6883	Frozen Tissue_DASL_8B	ASD	brain_unspecified					8B	tissue					
GSE28475	GSM703703	GPL6883	Frozen Tissue_DASL_7A rep2	ASD	brain_unspecified					7A	tissue					
GSE28475	GSM703704	GPL6883	Frozen Tissue_DASL_7B rep2	ASD	brain_unspecified					7B	tissue					
GSE28475	GSM703705	GPL6883	Frozen Tissue_DASL_3A	CTL	brain_unspecified					3A	tissue					
GSE28475	GSM703706	GPL6883	Frozen Tissue_DASL_3B	CTL	brain_unspecified					3B	tissue					
GSE28475	GSM703707	GPL6883	Frozen Tissue_DASL_4A	CTL	brain_unspecified					4A	tissue					
GSE28475	GSM703708	GPL6883	Frozen Tissue_DASL_4B	CTL	brain_unspecified					4B	tissue					
GSE28475	GSM703709	GPL6883	Frozen Tissue_DASL_5A	ASD	brain_unspecified					5A	tissue					
GSE28475	GSM703710	GPL6883	Frozen Tissue_DASL_5B	ASD	brain_unspecified					5B	tissue					
GSE28475	GSM703711	GPL6883	Frozen Tissue_DASL_6A	CTL	brain_unspecified					6A	tissue					
GSE28475	GSM703712	GPL6883	Frozen Tissue_DASL_6B	CTL	brain_unspecified					6B	tissue					
GSE28475	GSM703713	GPL6883	Frozen Tissue_DASL_1A	ASD	brain_unspecified					1A	tissue					
GSE28475	GSM703714	GPL6883	Frozen Tissue_DASL_1B	ASD	brain_unspecified					1B	tissue					
GSE28475	GSM703715	GPL6883	Frozen Tissue_DASL_2A	CTL	brain_unspecified					2A	tissue					
GSE28475	GSM703716	GPL6883	Frozen Tissue_DASL_2B	CTL	brain_unspecified					2B	tissue					
GSE28475	GSM703717	GPL6883	Frozen Tissue_DASL_70B	ASD	brain_unspecified					70B	tissue					
GSE28475	GSM703718	GPL6883	Frozen Tissue_DASL_74C	CTL	brain_unspecified					74C	tissue					
GSE28475	GSM703719	GPL6883	Fixed tissue_DASL_EC5-G1	CTL	brain_unspecified					EC5	fixed_tissue					
GSE28475	GSM703720	GPL6883	Fixed tissue_DASL_EC5-G2	CTL	brain_unspecified					EC5	fixed_tissue					
GSE28475	GSM703721	GPL6883	Fixed tissue_DASL_EC5-W1	CTL	brain_unspecified					EC5	fixed_tissue					
GSE28475	GSM703722	GPL6883	Fixed tissue_DASL_EC5-W2	CTL	brain_unspecified					EC5	fixed_tissue					
GSE28475	GSM703723	GPL6883	Fixed tissue_DASL_EC6-G1	CTL	brain_unspecified					EC6	fixed_tissue					
GSE28475	GSM703724	GPL6883	Fixed tissue_DASL_EC6-G2	CTL	brain_unspecified					EC6	fixed_tissue					
GSE28475	GSM703725	GPL6883	Fixed tissue_DASL_EC6-W1	CTL	brain_unspecified					EC6	fixed_tissue					
GSE28475	GSM703726	GPL6883	Fixed tissue_DASL_EC6-W2	CTL	brain_unspecified					EC6	fixed_tissue					
GSE28475	GSM703727	GPL6883	Fixed tissue_DASL_M1106-G1	ASD	brain_unspecified					M1106	fixed_tissue					
GSE28475	GSM703728	GPL6883	Fixed tissue_DASL_M1106-G2	ASD	brain_unspecified					M1106	fixed_tissue					
GSE28475	GSM703729	GPL6883	Fixed tissue_DASL_M1106-W1	ASD	brain_unspecified					M1106	fixed_tissue					
GSE28475	GSM703730	GPL6883	Fixed tissue_DASL_M1106-W2	ASD	brain_unspecified					M1106	fixed_tissue					
GSE28475	GSM703731	GPL6883	Fixed tissue_DASL_M806-G1 rep1	CTL	brain_unspecified					M806	fixed_tissue					
GSE28475	GSM703732	GPL6883	Fixed tissue_DASL_M806-G2 rep1	CTL	brain_unspecified					M806	fixed_tissue					
GSE28475	GSM703733	GPL6883	Fixed tissue_DASL_M806-W1 rep1	CTL	brain_unspecified					M806	fixed_tissue					
GSE28475	GSM703734	GPL6883	Fixed tissue_DASL_M806-W2 rep1	CTL	brain_unspecified					M806	fixed_tissue					
GSE28475	GSM703735	GPL6883	Fixed tissue_DASL_M806-G1 rep2	CTL	brain_unspecified					M806	fixed_tissue					
GSE28475	GSM703736	GPL6883	Fixed tissue_DASL_M806-G2 rep2	CTL	brain_unspecified					M806	fixed_tissue					
GSE28475	GSM703737	GPL6883	Fixed tissue_DASL_M806-W1 rep2	CTL	brain_unspecified					M806	fixed_tissue					
GSE28475	GSM703738	GPL6883	Fixed tissue_DASL_M806-W2 rep2	CTL	brain_unspecified					M806	fixed_tissue					
GSE28475	GSM703739	GPL6883	Fixed tissue_IVT_EC5rep1	CTL	brain_unspecified					EC5	fixed_tissue					
GSE28475	GSM703740	GPL6883	Fixed tissue_IVT_EC5rep2	CTL	brain_unspecified					EC5	fixed_tissue					
GSE28475	GSM703741	GPL6883	Fixed tissue_IVT_EC6	CTL	brain_unspecified					EC6	fixed_tissue					
GSE28475	GSM703742	GPL6883	Fixed tissue_IVT_M1106	ASD	brain_unspecified					M1106	fixed_tissue					
GSE28475	GSM703743	GPL6883	Fixed tissue_IVT_M806 rep1	CTL	brain_unspecified					M806	fixed_tissue					
GSE28475	GSM703744	GPL6883	Fixed tissue_IVT_M806 rep2	CTL	brain_unspecified					M806	fixed_tissue					
GSE28475	GSM703745	GPL6883	Frozen tissue_IVT_28C	CTL	brain_unspecified					28C	tissue					
GSE28475	GSM703746	GPL6883	Frozen tissue_IVT_29A rep1	ASD	brain_unspecified					29A	tissue					
GSE28475	GSM703747	GPL6883	Frozen tissue_IVT_29A rep2	ASD	brain_unspecified					29A	tissue					
GSE28475	GSM703748	GPL6883	Frozen tissue_IVT_30A rep1	ASD	brain_unspecified					30A	tissue					
GSE28475	GSM703749	GPL6883	Frozen tissue_IVT_30A rep2	ASD	brain_unspecified					30A	tissue					
GSE28475	GSM703750	GPL6883	Frozen tissue_IVT_39B	ASD	brain_unspecified					39B	tissue					
GSE28475	GSM703751	GPL6883	Frozen tissue_IVT_42A	ASD	brain_unspecified					42A	tissue					
GSE28475	GSM703752	GPL6883	Frozen tissue_IVT_53B	CTL	brain_unspecified					53B	tissue					
GSE28475	GSM703753	GPL6883	Frozen tissue_IVT_55C rep1	CTL	brain_unspecified					55C	tissue					
GSE28475	GSM703754	GPL6883	Frozen tissue_IVT_55C rep2	CTL	brain_unspecified					55C	tissue					
GSE28475	GSM703755	GPL6883	Frozen tissue_IVT_58C	ASD	brain_unspecified					58C	tissue					
GSE28475	GSM703756	GPL6883	Frozen tissue_IVT_62A rep1	ASD	brain_unspecified					62A	tissue					
GSE28475	GSM703757	GPL6883	Frozen tissue_IVT_62A rep2	ASD	brain_unspecified					62A	tissue					
GSE28475	GSM703758	GPL6883	Reference_IVT_B0		brain_unspecified						reference_rna					
GSE28475	GSM703759	GPL6883	Reference_IVT_B10		brain_unspecified						reference_rna					
GSE28475	GSM703760	GPL6883	Reference_IVT_B30		brain_unspecified						reference_rna					
GSE28475	GSM703761	GPL6883	Reference_IVT_B60		brain_unspecified						reference_rna					
GSE28475	GSM703762	GPL6883	Reference_IVT_P0		brain_unspecified						reference_rna					
GSE28475	GSM703763	GPL6883	Reference_IVT_P10		brain_unspecified						reference_rna					
GSE28475	GSM703764	GPL6883	Reference_IVT_P30		brain_unspecified						reference_rna					
GSE28475	GSM703765	GPL6883	Reference_IVT_P60		brain_unspecified						reference_rna					
GSE28475	GSM703766	GPL6883	Reference_IVT_B25P75		brain_unspecified						reference_rna					
GSE28475	GSM703767	GPL6883	Reference_IVT_B75P25		brain_unspecified						reference_rna					
GSE28475	GSM703768	GPL13388	Reference_DASL_B0 rep1		brain_unspecified						reference_rna					
GSE28475	GSM703769	GPL13388	Reference_DASL_B0 rep2		brain_unspecified						reference_rna					
GSE28475	GSM703770	GPL13388	Reference_DASL_B10 rep1		brain_unspecified						reference_rna					
GSE28475	GSM703771	GPL13388	Reference_DASL_B10 rep2		brain_unspecified						reference_rna					
GSE28475	GSM703772	GPL13388	Reference_DASL_B30 rep1		brain_unspecified						reference_rna					
GSE28475	GSM703773	GPL13388	Reference_DASL_B30 rep2		brain_unspecified						reference_rna					
GSE28475	GSM703774	GPL13388	Reference_DASL_B60 rep1		brain_unspecified						reference_rna					
GSE28475	GSM703775	GPL13388	Reference_DASL_B60 rep2		brain_unspecified						reference_rna					
GSE28475	GSM703776	GPL13388	Reference_DASL_P0 rep1		brain_unspecified						reference_rna					
GSE28475	GSM703777	GPL13388	Reference_DASL_P0 rep2		brain_unspecified						reference_rna					
GSE28475	GSM703778	GPL13388	Reference_DASL_P10 rep1		brain_unspecified						reference_rna					
GSE28475	GSM703779	GPL13388	Reference_DASL_P10 rep2		brain_unspecified						reference_rna					
GSE28475	GSM703780	GPL13388	Reference_DASL_P30 rep1		brain_unspecified						reference_rna					
GSE28475	GSM703781	GPL13388	Reference_DASL_P30 rep2		brain_unspecified						reference_rna					
GSE28475	GSM703782	GPL13388	Reference_DASL_P60 rep1		brain_unspecified						reference_rna					
GSE28475	GSM703783	GPL13388	Reference_DASL_P60 rep2		brain_unspecified						reference_rna					
GSE28475	GSM703784	GPL13388	Reference_DASL_B25+P75 rep1		brain_unspecified						reference_rna					
GSE28475	GSM703785	GPL13388	Reference_DASL_B25+P75 rep2		brain_unspecified						reference_rna					
GSE28475	GSM703786	GPL13388	Reference_DASL_B75+P25 rep1		brain_unspecified						reference_rna					
GSE28475	GSM703787	GPL13388	Reference_DASL_B75+P25 rep2		brain_unspecified						reference_rna					
GSE28521	GSM706391	GPL6883	A_AN11989_C	ASD	CB					AN11989	tissue					
GSE28521	GSM706392	GPL6883	A_AN16115_C	ASD	CB					AN16115	tissue					
GSE28521	GSM706393	GPL6883	A_AN16641_C	ASD	CB					AN16641	tissue					
GSE28521	GSM706394	GPL6883	A_AN17254_C	ASD	CB					AN17254	tissue					
GSE28521	GSM706395	GPL6883	A_AN19511_C	ASD	CB					AN19511	tissue					
GSE28521	GSM706396	GPL6883	A_AN01570_C	ASD	CB					AN01570	tissue					
GSE28521	GSM706397	GPL6883	A_AN06420_C	ASD	CB					AN06420	tissue					
GSE28521	GSM706398	GPL6883	A_AN08166_C	ASD	CB					AN08166	tissue					
GSE28521	GSM706399	GPL6883	A_AN08873_C	ASD	CB					AN08873	tissue					
GSE28521	GSM706400	GPL6883	A_AN00764_C	ASD	CB					AN00764	tissue					
GSE28521	GSM706401	GPL6883	C_AN10028_C	CTL	CB					AN10028	tissue					
GSE28521	GSM706402	GPL6883	C_AN12240_C	CTL	CB					AN12240	tissue					
GSE28521	GSM706403	GPL6883	C_AN13295_C	CTL	CB					AN13295	tissue					
GSE28521	GSM706404	GPL6883	C_AN14757_C	CTL	CB					AN14757	tissue					
GSE28521	GSM706405	GPL6883	C_AN15566_C	CTL	CB					AN15566	tissue					
GSE28521	GSM706406	GPL6883	C_AN17425_C	CTL	CB					AN17425	tissue					
GSE28521	GSM706407	GPL6883	C_AN19442_C	CTL	CB					AN19442	tissue					
GSE28521	GSM706408	GPL6883	C_AN19760_C	CTL	CB					AN19760	tissue					
GSE28521	GSM706409	GPL6883	C_AN01125_C	CTL	CB					AN01125	tissue					
GSE28521	GSM706410	GPL6883	C_AN03217_C	CTL	CB					AN03217	tissue					
GSE28521	GSM706411	GPL6883	C_AN00142_C	CTL	CB					AN00142	tissue					
GSE28521	GSM706412	GPL6883	A_AN11989_F	ASD	FC					AN11989	tissue					
GSE28521	GSM706413	GPL6883	A_AN12457_F	ASD	FC					AN12457	tissue					
GSE28521	GSM706414	GPL6883	A_AN16115_F	ASD	FC					AN16115	tissue					
GSE28521	GSM706415	GPL6883	A_AN16641_F	ASD	FC					AN16641	tissue					
GSE28521	GSM706416	GPL6883	A_AN17138_F	ASD	FC					AN17138	tissue					
GSE28521	GSM706417	GPL6883	A_AN17254_F	ASD	FC					AN17254	tissue					
GSE28521	GSM706418	GPL6883	A_AN17777_F	ASD	FC					AN17777	tissue					
GSE28521	GSM706419	GPL6883	A_AN19511_F	ASD	FC					AN19511	tissue					
GSE28521	GSM706420	GPL6883	A_AN01570_F	ASD	FC					AN01570	tissue					
GSE28521	GSM706421	GPL6883	A_AN06420_F	ASD	FC					AN06420	tissue					
GSE28521	GSM706422	GPL6883	A_AN08166_F	ASD	FC					AN08166	tissue					
GSE28521	GSM706423	GPL6883	A_AN08792_F	ASD	FC					AN08792	tissue					
GSE28521	GSM706424	GPL6883	A_AN08873_F	ASD	FC					AN08873	tissue					
GSE28521	GSM706425	GPL6883	A_AN09730_F	ASD	FC					AN09730	tissue					
GSE28521	GSM706426	GPL6883	A_AN00493_F	ASD	FC					AN00493	tissue					
GSE28521	GSM706427	GPL6883	A_AN00764_F	ASD	FC					AN00764	tissue					
GSE28521	GSM706428	GPL6883	C_AN10028_F	CTL	FC					AN10028	tissue					
GSE28521	GSM706429	GPL6883	C_AN10833_F	CTL	FC					AN10833	tissue					
GSE28521	GSM706430	GPL6883	C_AN12137_F	CTL	FC					AN12137	tissue					
GSE28521	GSM706431	GPL6883	C_AN12240_F	CTL	FC					AN12240	tissue					
GSE28521	GSM706432	GPL6883	C_AN14757_F	CTL	FC					AN14757	tissue					
GSE28521	GSM706433	GPL6883	C_AN15566_F	CTL	FC					AN15566	tissue					
GSE28521	GSM706434	GPL6883	C_AN17425_F	CTL	FC					AN17425	tissue					
GSE28521	GSM706435	GPL6883	C_AN19442_F	CTL	FC					AN19442	tissue					
GSE28521	GSM706436	GPL6883	C_AN19760_F	CTL	FC					AN19760	tissue					
GSE28521	GSM706437	GPL6883	C_AN01125_F	CTL	FC					AN01125	tissue					
GSE28521	GSM706438	GPL6883	C_AN01410_F	CTL	FC					AN01410	tissue					
GSE28521	GSM706439	GPL6883	C_AN03217_F	CTL	FC					AN03217	tissue					
GSE28521	GSM706440	GPL6883	C_AN04479_F	CTL	FC					AN04479	tissue					
GSE28521	GSM706441	GPL6883	C_AN07176_F	CTL	FC					AN07176	tissue					
GSE28521	GSM706442	GPL6883	C_AN00142_F	CTL	FC					AN00142	tissue					
GSE28521	GSM706443	GPL6883	C_AN00544_F	CTL	FC					AN00544	tissue					
GSE28521	GSM706444	GPL6883	A_AN11989_T	ASD	TC					AN11989	tissue					
GSE28521	GSM706445	GPL6883	A_AN12457_T	ASD	TC					AN12457	tissue					
GSE28521	GSM706446	GPL6883	A_AN16641_T	ASD	TC					AN16641	tissue					
GSE28521	GSM706447	GPL6883	A_AN17138_T	ASD	TC					AN17138	tissue					
GSE28521	GSM706448	GPL6883	A_AN17777_T	ASD	TC					AN17777	tissue					
GSE28521	GSM706449	GPL6883	A_AN19511_T	ASD	TC					AN19511	tissue					
GSE28521	GSM706450	GPL6883	A_AN01570_T	ASD	TC					AN01570	tissue					
GSE28521	GSM706451	GPL6883	A_AN06420_T	ASD	TC					AN06420	tissue					
GSE28521	GSM706452	GPL6883	A_AN08166_T	ASD	TC					AN08166	tissue					
GSE28521	GSM706453	GPL6883	A_AN08792_T	ASD	TC					AN08792	tissue					
GSE28521	GSM706454	GPL6883	A_AN08873_T	ASD	TC					AN08873	tissue					
GSE28521	GSM706455	GPL6883	A_AN09730_T	ASD	TC					AN09730	tissue					
GSE28521	GSM706456	GPL6883	A_AN00764_T	ASD	TC					AN00764	tissue					
GSE28521	GSM706457	GPL6883	C_AN10028_T	CTL	TC					AN10028	tissue					
GSE28521	GSM706458	GPL6883	C_AN10833_T	CTL	TC					AN10833	tissue					
GSE28521	GSM706459	GPL6883	C_AN12240_T	CTL	TC					AN12240	tissue					
GSE28521	GSM706460	GPL6883	C_AN14757_T	CTL	TC					AN14757	tissue					
GSE28521	GSM706461	GPL6883	C_AN15566_T	CTL	TC					AN15566	tissue					
GSE28521	GSM706462	GPL6883	C_AN17425_T	CTL	TC					AN17425	tissue					
GSE28521	GSM706463	GPL6883	C_AN19442_T	CTL	TC					AN19442	tissue					
GSE28521	GSM706464	GPL6883	C_AN19760_T	CTL	TC					AN19760	tissue					
GSE28521	GSM706465	GPL6883	C_AN01125_T	CTL	TC					AN01125	tissue					
GSE28521	GSM706466	GPL6883	C_AN04479_T	CTL	TC					AN04479	tissue					
GSE28521	GSM706467	GPL6883	C_AN07176_T	CTL	TC					AN07176	tissue					
GSE28521	GSM706468	GPL6883	C_AN00142_T	CTL	TC					AN00142	tissue					
GSE28521	GSM706469	GPL6883	C_AN00544_T	CTL	TC					AN00544	tissue					
GSE29555	GSM731723	GPL6947	C1R1_A	CTL	Superior Frontal Cortex	M	59.0			C1	tissue					
GSE29555	GSM731724	GPL6947	C5R1_E	CTL	Superior Frontal Cortex	M	64.0			C5	tissue					
GSE29555	GSM731725	GPL6947	A1R1_G	AUD	Superior Frontal Cortex	M	34.0			A1	tissue					
GSE29555	GSM731726	GPL6947	A5R1_K	AUD	Superior Frontal Cortex	F	59.0			A5	tissue					
GSE29555	GSM731727	GPL6947	C2R1_B	CTL	Superior Frontal Cortex	M	48.0			C2	tissue					
GSE29555	GSM731728	GPL6947	C6R1_F	CTL	Superior Frontal Cortex	M	41.0			C6	tissue					
GSE29555	GSM731729	GPL6947	A2R1_H	AUD	Superior Frontal Cortex	M	54.0			A2	tissue					
GSE29555	GSM731730	GPL6947	A6R1_L	AUD	Superior Frontal Cortex	M	41.0			A6	tissue					
GSE29555	GSM731731	GPL6947	C3R1_C	CTL	Superior Frontal Cortex	M	58.0			C3	tissue					
GSE29555	GSM731732	GPL6947	A3R1_I	AUD	Superior Frontal Cortex	F	46.0			A3	tissue					
GSE29555	GSM731733	GPL6947	C4R1_D	CTL	Superior Frontal Cortex	M	69.0			C4	tissue					
GSE29555	GSM731734	GPL6947	A4R1_J	AUD	Superior Frontal Cortex	M	39.0			A4	tissue					
GSE29555	GSM731735	GPL6947	C7R1_A	CTL	Superior Frontal Cortex	M	34.0			C7	tissue					
GSE29555	GSM731736	GPL6947	C11R1_E	CTL	Superior Frontal Cortex	M	63.0			C11	tissue					
GSE29555	GSM731737	GPL6947	A7R1_G	AUD	Superior Frontal Cortex	M	79.0			A7	tissue					
GSE29555	GSM731738	GPL6947	A11R1_K	AUD	Superior Frontal Cortex	M	42.0			A11	tissue					
GSE29555	GSM731739	GPL6947	C8R1_B	CTL	Superior Frontal Cortex	M	48.0			C8	tissue					
GSE29555	GSM731740	GPL6947	C12R1_F	CTL	Superior Frontal Cortex	M	73.0			C12	tissue					
GSE29555	GSM731741	GPL6947	A8R1_H	AUD	Superior Frontal Cortex	M	70.0			A8	tissue					
GSE29555	GSM731742	GPL6947	A12R1_L	AUD	Superior Frontal Cortex	M	60.0			A12	tissue					
GSE29555	GSM731743	GPL6947	C9R1_C	CTL	Superior Frontal Cortex	M	56.0			C9	tissue					
GSE29555	GSM731744	GPL6947	A9R1_I	AUD	Superior Frontal Cortex	M	67.0			A9	tissue					
GSE29555	GSM731745	GPL6947	C10R1_D	CTL	Superior Frontal Cortex	M	57.0			C10	tissue					
GSE29555	GSM731746	GPL6947	A10R1_J	AUD	Superior Frontal Cortex	M	53.0			A10	tissue					
GSE29555	GSM731747	GPL6947	C13R1_A	CTL	Superior Frontal Cortex	M	37.0			C13	tissue					
GSE29555	GSM731748	GPL6947	A17R1_J	AUD	Superior Frontal Cortex	M	43.0			A17	tissue					
GSE29555	GSM731749	GPL6947	C14R1_E	CTL	Superior Frontal Cortex	M	78.0			C14	tissue					
GSE29555	GSM731750	GPL6947	A13R1_F	AUD	Superior Frontal Cortex	M	66.0			A13	tissue					
GSE29555	GSM731751	GPL6947	A16R1_I	AUD	Superior Frontal Cortex	M	52.0			A16	tissue					
GSE29555	GSM731752	GPL6947	C15R1_C	CTL	Superior Frontal Cortex	M	73.0			C15	tissue					
GSE29555	GSM731753	GPL6947	A15R1_H	AUD	Superior Frontal Cortex	M	70.0			A15	tissue					
GSE29555	GSM731754	GPL6947	A14R1_K	AUD	Superior Frontal Cortex	M	51.0			A14	tissue					
GSE29555	GSM731755	GPL6947	C4R2_D	CTL	Basolateral Amygdala	M	69.0			C4	tissue					
GSE29555	GSM731756	GPL6947	A4R2_J	AUD	Basolateral Amygdala	M	39.0			A4	tissue					
GSE29555	GSM731757	GPL6947	C1R2_A	CTL	Basolateral Amygdala	M	59.0			C1	tissue					
GSE29555	GSM731758	GPL6947	C5R2_E	CTL	Basolateral Amygdala	M	64.0			C5	tissue					
GSE29555	GSM731759	GPL6947	A1R2_G	AUD	Basolateral Amygdala	M	34.0			A1	tissue					
GSE29555	GSM731760	GPL6947	A5R2_K	AUD	Basolateral Amygdala	F	59.0			A5	tissue					
GSE29555	GSM731761	GPL6947	C2R2_B	CTL	Basolateral Amygdala	M	48.0			C2	tissue					
GSE29555	GSM731762	GPL6947	C6R2_F	CTL	Basolateral Amygdala	M	41.0			C6	tissue					
GSE29555	GSM731763	GPL6947	A2R2_H	AUD	Basolateral Amygdala	M	54.0			A2	tissue					
GSE29555	GSM731764	GPL6947	A6R2_L	AUD	Basolateral Amygdala	M	41.0			A6	tissue					
GSE29555	GSM731765	GPL6947	C3R2_C	CTL	Basolateral Amygdala	M	58.0			C3	tissue					
GSE29555	GSM731766	GPL6947	A3R2_I	AUD	Basolateral Amygdala	F	46.0			A3	tissue					
GSE29555	GSM731767	GPL6947	C10R2_D	CTL	Basolateral Amygdala	M	57.0			C10	tissue					
GSE29555	GSM731768	GPL6947	A10R2_J	AUD	Basolateral Amygdala	M	53.0			A10	tissue					
GSE29555	GSM731769	GPL6947	C7R2_A	CTL	Basolateral Amygdala	M	34.0			C7	tissue					
GSE29555	GSM731770	GPL6947	C11R2_E	CTL	Basolateral Amygdala	M	63.0			C11	tissue					
GSE29555	GSM731771	GPL6947	A7R2_G	AUD	Basolateral Amygdala	M	79.0			A7	tissue					
GSE29555	GSM731772	GPL6947	A11R2_K	AUD	Basolateral Amygdala	M	42.0			A11	tissue					
GSE29555	GSM731773	GPL6947	C8R2_B	CTL	Basolateral Amygdala	M	48.0			C8	tissue					
GSE29555	GSM731774	GPL6947	C12R2_F	CTL	Basolateral Amygdala	M	73.0			C12	tissue					
GSE29555	GSM731775	GPL6947	A8R2_H	AUD	Basolateral Amygdala	M	70.0			A8	tissue					
GSE29555	GSM731776	GPL6947	A12R2_L	AUD	Basolateral Amygdala	M	60.0			A12	tissue					
GSE29555	GSM731777	GPL6947	C9R2_C	CTL	Basolateral Amygdala	M	56.0			C9	tissue					
GSE29555	GSM731778	GPL6947	A9R2_I	AUD	Basolateral Amygdala	M	67.0			A9	tissue					
GSE29555	GSM731779	GPL6947	C14R2_B	CTL	Basolateral Amygdala	M	78.0			C14	tissue					
GSE29555	GSM731780	GPL6947	A14R2_G	AUD	Basolateral Amygdala	M	51.0			A14	tissue					
GSE29555	GSM731781	GPL6947	A15R2_L	AUD	Basolateral Amygdala	M	70.0			A15	tissue					
GSE29555	GSM731782	GPL6947	C13R2_A	CTL	Basolateral Amygdala	M	37.0			C13	tissue					
GSE29555	GSM731783	GPL6947	A17R2_J	AUD	Basolateral Amygdala	M	43.0			A17	tissue					
GSE29555	GSM731784	GPL6947	C15R2_E	CTL	Basolateral Amygdala	M	73.0			C15	tissue					
GSE29555	GSM731785	GPL6947	A13R2_F	AUD	Basolateral Amygdala	M	66.0			A13	tissue					
GSE29555	GSM731786	GPL6947	A16R2_I	AUD	Basolateral Amygdala	M	52.0			A16	tissue					
GSE29555	GSM731787	GPL6947	C3R3_C	CTL	Central Nucleus of Amygdala	M	58.0			C3	tissue					
GSE29555	GSM731788	GPL6947	A3R3_I	AUD	Central Nucleus of Amygdala	F	46.0			A3	tissue					
GSE29555	GSM731789	GPL6947	C4R3_D	CTL	Central Nucleus of Amygdala	M	69.0			C4	tissue					
GSE29555	GSM731790	GPL6947	A4R3_J	AUD	Central Nucleus of Amygdala	M	39.0			A4	tissue					
GSE29555	GSM731791	GPL6947	C1R3_A	CTL	Central Nucleus of Amygdala	M	59.0			C1	tissue					
GSE29555	GSM731792	GPL6947	C5R3_E	CTL	Central Nucleus of Amygdala	M	64.0			C5	tissue					
GSE29555	GSM731793	GPL6947	A1R3_G	AUD	Central Nucleus of Amygdala	M	34.0			A1	tissue					
GSE29555	GSM731794	GPL6947	A5R3_K	AUD	Central Nucleus of Amygdala	F	59.0			A5	tissue					
GSE29555	GSM731795	GPL6947	C2R3_B	CTL	Central Nucleus of Amygdala	M	48.0			C2	tissue					
GSE29555	GSM731796	GPL6947	C6R3_F	CTL	Central Nucleus of Amygdala	M	41.0			C6	tissue					
GSE29555	GSM731797	GPL6947	A2R3_H	AUD	Central Nucleus of Amygdala	M	54.0			A2	tissue					
GSE29555	GSM731798	GPL6947	A6R3_L	AUD	Central Nucleus of Amygdala	M	41.0			A6	tissue					
GSE29555	GSM731799	GPL6947	C9R3_C	CTL	Central Nucleus of Amygdala	M	56.0			C9	tissue					
GSE29555	GSM731800	GPL6947	A9R3_I	AUD	Central Nucleus of Amygdala	M	67.0			A9	tissue					
GSE29555	GSM731801	GPL6947	C10R3_D	CTL	Central Nucleus of Amygdala	M	57.0			C10	tissue					
GSE29555	GSM731802	GPL6947	A10R3_J	AUD	Central Nucleus of Amygdala	M	53.0			A10	tissue					
GSE29555	GSM731803	GPL6947	C7R3_A	CTL	Central Nucleus of Amygdala	M	34.0			C7	tissue					
GSE29555	GSM731804	GPL6947	C11R3_E	CTL	Central Nucleus of Amygdala	M	63.0			C11	tissue					
GSE29555	GSM731805	GPL6947	A7R3_G	AUD	Central Nucleus of Amygdala	M	79.0			A7	tissue					
GSE29555	GSM731806	GPL6947	A11R3_K	AUD	Central Nucleus of Amygdala	M	42.0			A11	tissue					
GSE29555	GSM731807	GPL6947	C8R3_B	CTL	Central Nucleus of Amygdala	M	48.0			C8	tissue					
GSE29555	GSM731808	GPL6947	C12R3_F	CTL	Central Nucleus of Amygdala	M	73.0			C12	tissue					
GSE29555	GSM731809	GPL6947	A8R3_H	AUD	Central Nucleus of Amygdala	M	70.0			A8	tissue					
GSE29555	GSM731810	GPL6947	A12R3_L	AUD	Central Nucleus of Amygdala	M	60.0			A12	tissue					
GSE29555	GSM731811	GPL6947	C15R3_C	CTL	Central Nucleus of Amygdala	M	73.0			C15	tissue					
GSE29555	GSM731812	GPL6947	A15R3_H	AUD	Central Nucleus of Amygdala	M	70.0			A15	tissue					
GSE29555	GSM731813	GPL6947	A13R3_K	AUD	Central Nucleus of Amygdala	M	66.0			A13	tissue					
GSE29555	GSM731814	GPL6947	C14R3_B	CTL	Central Nucleus of Amygdala	M	78.0			C14	tissue					
GSE29555	GSM731815	GPL6947	A14R3_G	AUD	Central Nucleus of Amygdala	M	51.0			A14	tissue					
GSE29555	GSM731816	GPL6947	A16R3_L	AUD	Central Nucleus of Amygdala	M	52.0			A16	tissue					
GSE29555	GSM731817	GPL6947	C13R3_A	CTL	Central Nucleus of Amygdala	M	37.0			C13	tissue					
GSE29555	GSM731818	GPL6947	A17R3_J	AUD	Central Nucleus of Amygdala	M	43.0			A17	tissue					
GSE29555	GSM731819	GPL6947	C2R4_B	CTL	Medial Nucleus of Amygdala	M	48.0			C2	tissue					
GSE29555	GSM731820	GPL6947	C6R4_F	CTL	Medial Nucleus of Amygdala	M	41.0			C6	tissue					
GSE29555	GSM731821	GPL6947	A2R4_H	AUD	Medial Nucleus of Amygdala	M	54.0			A2	tissue					
GSE29555	GSM731822	GPL6947	A6R4_L	AUD	Medial Nucleus of Amygdala	M	41.0			A6	tissue					
GSE29555	GSM731823	GPL6947	C3R4_C	CTL	Medial Nucleus of Amygdala	M	58.0			C3	tissue					
GSE29555	GSM731824	GPL6947	A3R4_I	AUD	Medial Nucleus of Amygdala	F	46.0			A3	tissue					
GSE29555	GSM731825	GPL6947	C4R4_D	CTL	Medial Nucleus of Amygdala	M	69.0			C4	tissue					
GSE29555	GSM731826	GPL6947	A4R4_J	AUD	Medial Nucleus of Amygdala	M	39.0			A4	tissue					
GSE29555	GSM731827	GPL6947	C1R4_A	CTL	Medial Nucleus of Amygdala	M	59.0			C1	tissue					
GSE29555	GSM731828	GPL6947	C5R4_E	CTL	Medial Nucleus of Amygdala	M	64.0			C5	tissue					
GSE29555	GSM731829	GPL6947	A1R4_G	AUD	Medial Nucleus of Amygdala	M	34.0			A1	tissue					
GSE29555	GSM731830	GPL6947	A5R4_K	AUD	Medial Nucleus of Amygdala	F	59.0			A5	tissue					
GSE29555	GSM731831	GPL6947	C8R4_B	CTL	Medial Nucleus of Amygdala	M	48.0			C8	tissue					
GSE29555	GSM731832	GPL6947	C12R4_F	CTL	Medial Nucleus of Amygdala	M	73.0			C12	tissue					
GSE29555	GSM731833	GPL6947	A8R4_H	AUD	Medial Nucleus of Amygdala	M	70.0			A8	tissue					
GSE29555	GSM731834	GPL6947	A12R4_L	AUD	Medial Nucleus of Amygdala	M	60.0			A12	tissue					
GSE29555	GSM731835	GPL6947	C9R4_C	CTL	Medial Nucleus of Amygdala	M	56.0			C9	tissue					
GSE29555	GSM731836	GPL6947	A9R4_I	AUD	Medial Nucleus of Amygdala	M	67.0			A9	tissue					
GSE29555	GSM731837	GPL6947	C10R4_D	CTL	Medial Nucleus of Amygdala	M	57.0			C10	tissue					
GSE29555	GSM731838	GPL6947	A10R4_J	AUD	Medial Nucleus of Amygdala	M	53.0			A10	tissue					
GSE29555	GSM731839	GPL6947	C7R4_A	CTL	Medial Nucleus of Amygdala	M	34.0			C7	tissue					
GSE29555	GSM731840	GPL6947	C11R4_E	CTL	Medial Nucleus of Amygdala	M	63.0			C11	tissue					
GSE29555	GSM731841	GPL6947	A7R4_G	AUD	Medial Nucleus of Amygdala	M	79.0			A7	tissue					
GSE29555	GSM731842	GPL6947	A11R4_K	AUD	Medial Nucleus of Amygdala	M	42.0			A11	tissue					
GSE29555	GSM731843	GPL6947	C13R4_E	CTL	Medial Nucleus of Amygdala	M	37.0			C13	tissue					
GSE29555	GSM731844	GPL6947	A16R4_I	AUD	Medial Nucleus of Amygdala	M	52.0			A16	tissue					
GSE29555	GSM731845	GPL6947	C15R4_C	CTL	Medial Nucleus of Amygdala	M	73.0			C15	tissue					
GSE29555	GSM731846	GPL6947	A15R4_H	AUD	Medial Nucleus of Amygdala	M	70.0			A15	tissue					
GSE29555	GSM731847	GPL6947	A13R4_K	AUD	Medial Nucleus of Amygdala	M	66.0			A13	tissue					
GSE29555	GSM731848	GPL6947	C14R4_B	CTL	Medial Nucleus of Amygdala	M	78.0			C14	tissue					
GSE29555	GSM731849	GPL6947	A14R4_G	AUD	Medial Nucleus of Amygdala	M	51.0			A14	tissue					
GSE29555	GSM731850	GPL6947	A17R4_L	AUD	Medial Nucleus of Amygdala	M	43.0			A17	tissue					
GSE35978	GSM878214	GPL6244	CC1_100909	BD	CB	M	30.0	48.0	6.39	k0	tissue					
GSE35978	GSM878215	GPL6244	CC2_100909	SCZ	CB	M	40.0	34.0	6.18	k1	tissue					
GSE35978	GSM878216	GPL6244	CC3_100909	SCZ	CB	F	60.0	38.0	6.93	k2	tissue					
GSE35978	GSM878217	GPL6244	CC5_100909	SCZ	CB	M	50.0	16.0	6.52	k3	tissue					
GSE35978	GSM878218	GPL6244	CC5_102109	SCZ	CB	M	50.0	16.0	6.52	k3	tissue					
GSE35978	GSM878219	GPL6244	CC5_102309	SCZ	CB	M	50.0	16.0	6.52	k3	tissue					
GSE35978	GSM878220	GPL6244	CC7_100909	BD	CB	M	50.0	23.0	6.9	k4	tissue					
GSE35978	GSM878221	GPL6244	CC8_100909	CTL	CB	M	45.0	36.0	6.57	k5	tissue					
GSE35978	GSM878222	GPL6244	CC9_100909	BD	CB	M	20.0	12.0	5.978	k6	tissue					
GSE35978	GSM878223	GPL6244	CC10_102109	SCZ	CB	M	50.0	43.0	6.63	k7	tissue					
GSE35978	GSM878224	GPL6244	CC11_102109	SCZ	CB	M	20.0	28.0	6.73	k8	tissue					
GSE35978	GSM878225	GPL6244	CC12_102109	BD	CB	F	50.0	18.0	6.5	k9	tissue					
GSE35978	GSM878226	GPL6244	CC13_100909	CTL	CB	F	45.0	28.0	6.59	k10	tissue					
GSE35978	GSM878227	GPL6244	CC14_102109	BD	CB	M	40.0	32.0	6.65	k11	tissue					
GSE35978	GSM878228	GPL6244	CC15_102109	SCZ	CB	F	55.0	13.0	6.49	k12	tissue					
GSE35978	GSM878229	GPL6244	CC16_102109	BD	CB	M	35.0	35.0	6.3	k13	tissue					
GSE35978	GSM878230	GPL6244	CC17_100909	CTL	CB	M	50.0	46.0	6.5	k14	tissue					
GSE35978	GSM878231	GPL6244	CC18_102309	BD	CB	M	30.0	60.0	6.7	k15	tissue					
GSE35978	GSM878232	GPL6244	CC19_102309	BD	CB	F	60.0	53.0	6.2	k16	tissue					
GSE35978	GSM878233	GPL6244	CC20_102309	BD	CB	M	55.0	44.0	6.5	k17	tissue					
GSE35978	GSM878234	GPL6244	CC21_102309	SCZ	CB	M	35.0	30.0	6.8	k18	tissue					
GSE35978	GSM878235	GPL6244	CC22_103009	BD	CB	F	35.0	17.0	6.1	k19	tissue					
GSE35978	GSM878236	GPL6244	CC23_100909	CTL	CB	M	55.0	9.0	6.4	k20	tissue					
GSE35978	GSM878237	GPL6244	CC24_102309	SCZ	CB	M	50.0	10.0	6.1	k21	tissue					
GSE35978	GSM878238	GPL6244	CC25_102309	SCZ	CB	M	25.0	15.0	6.2	k22	tissue					
GSE35978	GSM878239	GPL6244	CC26_103009	CTL	CB	M	35.0	13.0	6.5	k23	tissue					
GSE35978	GSM878240	GPL6244	CC27_102109	CTL	CB	M	50.0	31.0	6.7	k24	tissue					
GSE35978	GSM878241	GPL6244	CC28_103009	SCZ	CB	M	45.0	26.0	6.42	k25	tissue					
GSE35978	GSM878242	GPL6244	CC29_102109	CTL	CB	M	55.0	28.0	6.0	k26	tissue					
GSE35978	GSM878243	GPL6244	CC30_103009	BD	CB	F	40.0	49.0	6.65	k27	tissue					
GSE35978	GSM878244	GPL6244	CC31_103009	BD	CB	F	60.0	35.0	6.5	k28	tissue					
GSE35978	GSM878245	GPL6244	CC32_102109	CTL	CB	F	40.0	28.0	6.7	k29	tissue					
GSE35978	GSM878246	GPL6244	CC33_103009	SCZ	CB	M	40.0	80.0	6.6	k30	tissue					
GSE35978	GSM878247	GPL6244	CC34_103009	SCZ	CB	M	35.0	29.0	6.5	k31	tissue					
GSE35978	GSM878248	GPL6244	CC35_111809	BD	CB	M	45.0	28.0	6.35	k32	tissue					
GSE35978	GSM878249	GPL6244	CC36_111809	SCZ	CB	M	50.0	9.0	6.2	k33	tissue					
GSE35978	GSM878250	GPL6244	CC37_111809	SCZ	CB	M	45.0	18.0	6.3	k34	tissue					
GSE35978	GSM878251	GPL6244	CC38_111809	BD	CB	M	65.0	16.0	6.1	k35	tissue					
GSE35978	GSM878252	GPL6244	CC39_102309	CTL	CB	M	35.0	52.0	6.7	k36	tissue					
GSE35978	GSM878253	GPL6244	CC40_111809	SCZ	CB	F	30.0	36.0	6.8	k37	tissue					
GSE35978	GSM878254	GPL6244	CC41_111109	SCZ	CB	M	35.0	47.0	6.4	k38	tissue					
GSE35978	GSM878255	GPL6244	CC42_111809	BD	CB	M	60.0	84.0	6.65	k39	tissue					
GSE35978	GSM878256	GPL6244	CC43_111109	SCZ	CB	M	45.0	32.0	6.67	k40	tissue					
GSE35978	GSM878257	GPL6244	CC44_102309	CTL	CB	M	35.0	22.0	6.48	k41	tissue					
GSE35978	GSM878258	GPL6244	CC45_102309	CTL	CB	M	45.0	21.0	6.81	k42	tissue					
GSE35978	GSM878259	GPL6244	CC46_103009	CTL	CB	M	45.0	29.0	6.94	k43	tissue					
GSE35978	GSM878260	GPL6244	CC47_103009	CTL	CB	F	35.0	24.0	6.87	k44	tissue					
GSE35978	GSM878261	GPL6244	CC48_103009	CTL	CB	M	40.0	37.0	6.91	k45	tissue					
GSE35978	GSM878262	GPL6244	CC49_111109	SCZ	CB	M	45.0	13.0	6.3	k46	tissue					
GSE35978	GSM878263	GPL6244	CC50_111809	CTL	CB	F	45.0	10.0	6.2	k47	tissue					
GSE35978	GSM878264	GPL6244	CC51_111109	BD	CB	M	50.0	23.0	6.67	k48	tissue					
GSE35978	GSM878265	GPL6244	CC52_111109	BD	CB	F	65.0	32.0	6.97	k49	tissue					
GSE35978	GSM878266	GPL6244	CC52_111809	BD	CB	F	65.0	32.0	6.97	k49	tissue					
GSE35978	GSM878267	GPL6244	CC54_100909	BD	CB	F	30.0	62.0	6.74	k50	tissue					
GSE35978	GSM878268	GPL6244	CC55_111809	CTL	CB	M	45.0	18.0	6.81	k51	tissue					
GSE35978	GSM878269	GPL6244	CC56_102309	BD	CB	F	45.0	37.0	6.37	k52	tissue					
GSE35978	GSM878270	GPL6244	CC57_111109	BD	CB	F	55.0	26.0	6.58	k53	tissue					
GSE35978	GSM878271	GPL6244	CC58_111109	BD	CB	F	45.0	39.0	6.74	k54	tissue					
GSE35978	GSM878272	GPL6244	CC59_111109	BD	CB	M	35.0	22.0	6.58	k55	tissue					
GSE35978	GSM878273	GPL6244	CC60_111809	CTL	CB	M	50.0	23.0	6.93	k56	tissue					
GSE35978	GSM878274	GPL6244	CC61_102109	SCZ	CB	M	45.0	35.0	6.66	k57	tissue					
GSE35978	GSM878275	GPL6244	CC62_111109	CTL	CB	M	30.0	24.0	7.03	k58	tissue					
GSE35978	GSM878276	GPL6244	CC63_102109	SCZ	CB	F	35.0	27.0	6.49	k59	tissue					
GSE35978	GSM878277	GPL6244	CC63_102309	SCZ	CB	F	35.0	27.0	6.49	k59	tissue					
GSE35978	GSM878278	GPL6244	CC65_111809	BD	CB	F	50.0	62.0	6.51	k60	tissue					
GSE35978	GSM878279	GPL6244	CC66_110409	SCZ	CB	M	30.0	33.0	6.2	k61	tissue					
GSE35978	GSM878280	GPL6244	CC67_111109	CTL	CB	M	55.0	31.0	6.7	k62	tissue					
GSE35978	GSM878281	GPL6244	CC68_111109	CTL	CB	F	50.0	45.0	6.72	k63	tissue					
GSE35978	GSM878282	GPL6244	CC69_111809	BD	CB	F	50.0	38.0	6.39	k64	tissue					
GSE35978	GSM878283	GPL6244	CC70_111109	SCZ	CB	M	55.0	38.0	6.17	k65	tissue					
GSE35978	GSM878284	GPL6244	CC71_111809	BD	CB	F	35.0	24.0	6.51	k66	tissue					
GSE35978	GSM878285	GPL6244	CC72_111809	SCZ	CB	F	55.0	42.0	6.65	k67	tissue					
GSE35978	GSM878286	GPL6244	CC73_111109	CTL	CB	F	35.0	29.0	6.52	k68	tissue					
GSE35978	GSM878287	GPL6244	CC74_111109	SCZ	CB	F	45.0	26.0	6.58	k69	tissue					
GSE35978	GSM878288	GPL6244	CC75_100909	CTL	CB	M	50.0	31.0	6.86	k70	tissue					
GSE35978	GSM878289	GPL6244	CC76_103009	BD	CB	M	45.0	19.0	6.74	k71	tissue					
GSE35978	GSM878290	GPL6244	CC77_100909	CTL	CB	M	50.0	49.0	6.75	k72	tissue					
GSE35978	GSM878291	GPL6244	CC78_111109	SCZ	CB	F	45.0	30.0	6.47	k73	tissue					
GSE35978	GSM878292	GPL6244	CC79_111809	SCZ	CB	M	40.0	26.0	6.8	k74	tissue					
GSE35978	GSM878293	GPL6244	CC80_111109	CTL	CB	M	30.0	13.0	6.57	k75	tissue					
GSE35978	GSM878294	GPL6244	CC81_111109	CTL	CB	M	45.0	11.0	6.6	k76	tissue					
GSE35978	GSM878295	GPL6244	CC82_111809	CTL	CB	M	45.0	31.0	6.67	k77	tissue					
GSE35978	GSM878296	GPL6244	CC83_111809	SCZ	CB	M	40.0	54.0	6.18	k78	tissue					
GSE35978	GSM878297	GPL6244	CC84_111809	SCZ	CB	M	45.0	65.0	6.67	k79	tissue					
GSE35978	GSM878298	GPL6244	CC85_103009	BD	CB	F	45.0	57.0	5.92	k80	tissue					
GSE35978	GSM878299	GPL6244	CC86_103009	SCZ	CB	F	45.0	52.0	6.51	k81	tissue					
GSE35978	GSM878300	GPL6244	CC87_111109	CTL	CB	M	40.0	38.0	6.67	k82	tissue					
GSE35978	GSM878301	GPL6244	CC88_111109	CTL	CB	M	50.0	22.0	6.71	k83	tissue					
GSE35978	GSM878302	GPL6244	CC89_103009	SCZ	CB	M	40.0	26.0	6.19	k84	tissue					
GSE35978	GSM878303	GPL6244	CC90_103009	SCZ	CB	F	45.0	35.0	6.5	k85	tissue					
GSE35978	GSM878304	GPL6244	CC91_102309	SCZ	CB	M	40.0	19.0	6.48	k86	tissue					
GSE35978	GSM878305	GPL6244	CC92_111809	CTL	CB	M	30.0	11.0	6.13	k87	tissue					
GSE35978	GSM878306	GPL6244	CC93_111809	CTL	CB	M	50.0	24.0	6.91	k88	tissue					
GSE35978	GSM878307	GPL6244	CC94_111809	CTL	CB	F	40.0	58.0	6.46	k89	tissue					
GSE35978	GSM878308	GPL6244	CC95_100909	MDD	CB	M	55.0	23.0	6.5	k90	tissue					
GSE35978	GSM878309	GPL6244	CC96_103009	CTL	CB	M	50.0	22.0	6.2	k91	tissue					
GSE35978	GSM878310	GPL6244	CC97_103009	CTL	CB	M	50.0	28.0	6.5	k92	tissue					
GSE35978	GSM878311	GPL6244	CC98_103009	BD	CB	M	30.0	45.0	6.3	k93	tissue					
GSE35978	GSM878312	GPL6244	CC99_102109	MDD	CB	F	30.0	47.0	6.0	k94	tissue					
GSE35978	GSM878313	GPL6244	CC100_102109	CTL	CB	F	35.0	23.0	6.6	k95	tissue					
GSE35978	GSM878314	GPL6244	CC101_102309	CTL	CB	F	35.0	40.0	5.8	k96	tissue					
GSE35978	GSM878315	GPL6244	CC102_103009	MDD	CB	F	30.0	33.0	6.0	k97	tissue					
GSE35978	GSM878316	GPL6244	CC103_100909	MDD	CB	M	45.0	28.0	6.4	k98	tissue					
GSE35978	GSM878317	GPL6244	CC103_111809	MDD	CB	M	45.0	28.0	6.4	k98	tissue					
GSE35978	GSM878318	GPL6244	CC105_111109	MDD	CB	M	40.0	7.0	6.2	k99	tissue					
GSE35978	GSM878319	GPL6244	CC106_102309	MDD	CB	F	40.0	25.0	6.3	k100	tissue					
GSE35978	GSM878320	GPL6244	CC107_111809	MDD	CB	M	50.0	12.0	6.5	k101	tissue					
GSE35978	GSM878321	GPL6244	CC108_102309	CTL	CB	M	50.0	8.0	6.5	k102	tissue					
GSE35978	GSM878322	GPL6244	CC109_102309	CTL	CB	M	60.0	26.0	6.4	k103	tissue					
GSE35978	GSM878323	GPL6244	CC110_102309	SCZ	CB	M	50.0	61.0	6.0	k104	tissue					
GSE35978	GSM878324	GPL6244	CC110_103009	SCZ	CB	M	50.0	61.0	6.0	k104	tissue					
GSE35978	GSM878325	GPL6244	CC112_102309	BD	CB	F	60.0	60.0	6.5	k105	tissue					
GSE35978	GSM878326	GPL6244	CC113_102309	BD	CB	M	50.0	19.0	6.2	k106	tissue					
GSE35978	GSM878327	GPL6244	CC114_102309	SCZ	CB	F	60.0	40.0	6.2	k107	tissue					
GSE35978	GSM878328	GPL6244	CC115_102309	SCZ	CB	M	30.0	32.0	5.8	k108	tissue					
GSE35978	GSM878329	GPL6244	CC116_102109	BD	CB	M	50.0	13.0	6.1	k109	tissue					
GSE35978	GSM878330	GPL6244	CC117_100909	CTL	CB	F	55.0	26.0	6.0	k110	tissue					
GSE35978	GSM878331	GPL6244	CC117_102109	CTL	CB	F	55.0	26.0	6.0	k110	tissue					
GSE35978	GSM878332	GPL6244	CC117_102309	CTL	CB	F	55.0	26.0	6.0	k110	tissue					
GSE35978	GSM878333	GPL6244	CC117_103009	CTL	CB	F	55.0	26.0	6.0	k110	tissue					
GSE35978	GSM878334	GPL6244	CC117_111109	CTL	CB	F	55.0	26.0	6.0	k110	tissue					
GSE35978	GSM878335	GPL6244	CC117_111809	CTL	CB	F	55.0	26.0	6.0	k110	tissue					
GSE35978	GSM878336	GPL6244	CC123_102109	CTL	CB	M	60.0	27.0	6.0	k111	tissue					
GSE35978	GSM878337	GPL6244	CC124_102109	CTL	CB	M	40.0	27.0	6.6	k112	tissue					
GSE35978	GSM878338	GPL6244	CC125_102109	CTL	CB	M	55.0	28.0	6.2	k113	tissue					
GSE35978	GSM878339	GPL6244	CC126_102109	BD	CB	F	50.0	62.0	6.3	k114	tissue					
GSE35978	GSM878340	GPL6244	CC127_103009	MDD	CB	M	50.0	26.0	6.3	k115	tissue					
GSE35978	GSM878341	GPL6244	CC128_102109	SCZ	CB	M	60.0	31.0	6.2	k116	tissue					
GSE35978	GSM878342	GPL6244	CC129_102109	BD	CB	M	55.0	19.0	6.2	k117	tissue					
GSE35978	GSM878343	GPL6244	CC130_111109	MDD	CB	F	45.0	32.0	6.2	k118	tissue					
GSE35978	GSM878344	GPL6244	CC131_100909	BD	CB	F	25.0	24.0	6.4	k119	tissue					
GSE35978	GSM878345	GPL6244	CC132_100909	CTL	CB	F	70.0	13.0	6.3	k120	tissue					
GSE35978	GSM878346	GPL6244	CC133_102109	SCZ	CB	M	35.0	35.0	6.5	k121	tissue					
GSE35978	GSM878347	GPL6244	CC134_100909	CTL	CB	F	45.0	25.0	6.3	k122	tissue					
GSE35978	GSM878348	GPL6244	CC135_100909	BD	CB	M	30.0	31.0	6.1	k123	tissue					
GSE35978	GSM878349	GPL6244	CC136_100909	SCZ	CB	M	45.0	50.0	6.5	k124	tissue					
GSE35978	GSM878350	GPL6244	CC137_102309	MDD	CB	M	40.0	23.0	6.0	k125	tissue					
GSE35978	GSM878351	GPL6244	CC138_102109	MDD	CB	M	65.0	19.0	6.2	k126	tissue					
GSE35978	GSM878352	GPL6244	CC139_100909	SCZ	CB	F	50.0	38.0	6.2	k127	tissue					
GSE35978	GSM878353	GPL6244	CC140_103009	CTL	CB	F	30.0	42.0	6.2	k128	tissue					
GSE35978	GSM878354	GPL6244	CC140_111109	CTL	CB	F	30.0	42.0	6.2	k128	tissue					
GSE35978	GSM878355	GPL6244	CC142_100909	MDD	CB	F	55.0	40.0	6.3	k129	tissue					
GSE35978	GSM878356	GPL6244	CC143_111109	BD	CB	M	35.0	23.0	6.3	k130	tissue					
GSE35978	GSM878357	GPL6244	CC144_100909	SCZ	CB	M	25.0	32.0	6.6	k131	tissue					
GSE35978	GSM878376	GPL6244	CC145_40610	CTL	PARIETAL	M	45.0	21.0	6.81	k42	tissue					
GSE35978	GSM878377	GPL6244	CC146_40910	BD	PARIETAL	M	45.0	28.0	6.35	k32	tissue					
GSE35978	GSM878378	GPL6244	CC147_40910	SCZ	PARIETAL	M	45.0	26.0	6.42	k25	tissue					
GSE35978	GSM878379	GPL6244	CC148_40910	BD	PARIETAL	F	35.0	24.0	6.51	k66	tissue					
GSE35978	GSM878380	GPL6244	CC149_40910	BD	PARIETAL	M	30.0	60.0	6.7	k15	tissue					
GSE35978	GSM878381	GPL6244	CC150_40910	SCZ	PARIETAL	M	55.0	38.0	6.17	k65	tissue					
GSE35978	GSM878382	GPL6244	CC151_40910	BD	PARIETAL	M	30.0	48.0	6.39	k0	tissue					
GSE35978	GSM878383	GPL6244	CC152_40910	BD	PARIETAL	F	50.0	38.0	6.39	k64	tissue					
GSE35978	GSM878384	GPL6244	CC153_40910	CTL	PARIETAL	F	50.0	45.0	6.72	k63	tissue					
GSE35978	GSM878385	GPL6244	CC154_40910	CTL	PARIETAL	M	55.0	31.0	6.7	k62	tissue					
GSE35978	GSM878386	GPL6244	CC155_40910	BD	PARIETAL	F	50.0	62.0	6.51	k60	tissue					
GSE35978	GSM878387	GPL6244	CC156_40610	BD	PARIETAL	M	50.0	23.0	6.9	k4	tissue					
GSE35978	GSM878388	GPL6244	CC157_40910	SCZ	PARIETAL	F	35.0	27.0	6.49	k59	tissue					
GSE35978	GSM878389	GPL6244	CC158_40910	CTL	PARIETAL	M	30.0	24.0	7.03	k58	tissue					
GSE35978	GSM878390	GPL6244	CC159_51110	SCZ	PARIETAL	M	45.0	35.0	6.66	k57	tissue					
GSE35978	GSM878391	GPL6244	CC160_51110	CTL	PARIETAL	M	50.0	23.0	6.93	k56	tissue					
GSE35978	GSM878392	GPL6244	CC161_51110	BD	PARIETAL	M	35.0	22.0	6.58	k55	tissue					
GSE35978	GSM878393	GPL6244	CC162_51110	BD	PARIETAL	F	45.0	39.0	6.74	k54	tissue					
GSE35978	GSM878394	GPL6244	CC163_51110	BD	PARIETAL	F	55.0	26.0	6.58	k53	tissue					
GSE35978	GSM878395	GPL6244	CC164_40610	CTL	PARIETAL	M	35.0	22.0	6.48	k41	tissue					
GSE35978	GSM878396	GPL6244	CC165_51110	BD	PARIETAL	F	45.0	37.0	6.37	k52	tissue					
GSE35978	GSM878397	GPL6244	CC166_51110	CTL	PARIETAL	M	45.0	18.0	6.81	k51	tissue					
GSE35978	GSM878398	GPL6244	CC167_40610	SCZ	PARIETAL	M	50.0	16.0	6.52	k3	tissue					
GSE35978	GSM878399	GPL6244	CC168_51110	BD	PARIETAL	F	65.0	32.0	6.97	k49	tissue					
GSE35978	GSM878400	GPL6244	CC169_51110	BD	PARIETAL	M	50.0	23.0	6.67	k48	tissue					
GSE35978	GSM878401	GPL6244	CC170_51110	CTL	PARIETAL	F	45.0	10.0	6.2	k47	tissue					
GSE35978	GSM878402	GPL6244	CC171_40610	SCZ	PARIETAL	M	45.0	32.0	6.67	k40	tissue					
GSE35978	GSM878403	GPL6244	CC172_40610	SCZ	PARIETAL	F	60.0	38.0	6.93	k2	tissue					
GSE35978	GSM878404	GPL6244	CC173_40610	SCZ	PARIETAL	M	45.0	13.0	6.3	k46	tissue					
GSE35978	GSM878405	GPL6244	CC174_40610	BD	PARIETAL	M	60.0	84.0	6.65	k39	tissue					
GSE35978	GSM878406	GPL6244	CC175_40610	BD	PARIETAL	F	40.0	49.0	6.65	k27	tissue					
GSE35978	GSM878407	GPL6244	CC176_40610	SCZ	PARIETAL	M	35.0	47.0	6.4	k38	tissue					
GSE35978	GSM878408	GPL6244	CC177_40610	SCZ	PARIETAL	F	30.0	36.0	6.8	k37	tissue					
GSE35978	GSM878409	GPL6244	CC178_40610	CTL	PARIETAL	F	40.0	58.0	6.46	k89	tissue					
GSE35978	GSM878410	GPL6244	CC179_40610	CTL	PARIETAL	M	35.0	52.0	6.7	k36	tissue					
GSE35978	GSM878411	GPL6244	CC180_40610	BD	PARIETAL	M	55.0	23.0	6.07	k132	tissue					
GSE35978	GSM878412	GPL6244	CC181_40610	BD	PARIETAL	M	65.0	16.0	6.1	k35	tissue					
GSE35978	GSM878413	GPL6244	CC182_40610	SCZ	PARIETAL	M	45.0	30.0	6.72	k133	tissue					
GSE35978	GSM878414	GPL6244	CC183_40610	SCZ	PARIETAL	M	45.0	18.0	6.3	k34	tissue					
GSE35978	GSM878415	GPL6244	CC184_40610	SCZ	PARIETAL	M	50.0	9.0	6.2	k33	tissue					
GSE35978	GSM878416	GPL6244	CC184_40710	SCZ	PARIETAL	M	50.0	9.0	6.2	k33	tissue					
GSE35978	GSM878417	GPL6244	CC186_40710	CTL	PARIETAL	M	50.0	24.0	6.91	k88	tissue					
GSE35978	GSM878418	GPL6244	CC187_40710	SCZ	PARIETAL	M	35.0	29.0	6.5	k31	tissue					
GSE35978	GSM878419	GPL6244	CC188_40710	CTL	PARIETAL	M	60.0	47.0	6.8	k134	tissue					
GSE35978	GSM878420	GPL6244	CC189_40710	CTL	PARIETAL	M	30.0	11.0	6.13	k87	tissue					
GSE35978	GSM878421	GPL6244	CC190_40710	SCZ	PARIETAL	M	40.0	80.0	6.6	k30	tissue					
GSE35978	GSM878422	GPL6244	CC191_40710	SCZ	PARIETAL	M	40.0	19.0	6.48	k86	tissue					
GSE35978	GSM878423	GPL6244	CC192_40610	CTL	PARIETAL	M	40.0	37.0	6.91	k45	tissue					
GSE35978	GSM878424	GPL6244	CC193_40710	AMBIG	PARIETAL	M	40.0	39.0	6.6	k135	tissue					
GSE35978	GSM878425	GPL6244	CC194_40710	CTL	PARIETAL	F	40.0	28.0	6.7	k29	tissue					
GSE35978	GSM878426	GPL6244	CC195_40710	SCZ	PARIETAL	F	45.0	35.0	6.5	k85	tissue					
GSE35978	GSM878427	GPL6244	CC196_40710	BD	PARIETAL	F	60.0	35.0	6.5	k28	tissue					
GSE35978	GSM878428	GPL6244	CC197_40710	CTL	PARIETAL	F	40.0	33.0	6.0	k136	tissue					
GSE35978	GSM878429	GPL6244	CC198_40710	SCZ	PARIETAL	M	45.0	9.0	5.9	k137	tissue					
GSE35978	GSM878430	GPL6244	CC199_40710	SCZ	PARIETAL	M	40.0	26.0	6.19	k84	tissue					
GSE35978	GSM878431	GPL6244	CC200_40710	CTL	PARIETAL	M	55.0	28.0	6.0	k26	tissue					
GSE35978	GSM878432	GPL6244	CC201_40710	CTL	PARIETAL	M	50.0	22.0	6.71	k83	tissue					
GSE35978	GSM878433	GPL6244	CC202_40710	CTL	PARIETAL	M	50.0	31.0	6.7	k24	tissue					
GSE35978	GSM878434	GPL6244	CC203_40710	CTL	PARIETAL	M	35.0	13.0	6.5	k23	tissue					
GSE35978	GSM878435	GPL6244	CC204_40710	CTL	PARIETAL	M	40.0	38.0	6.67	k82	tissue					
GSE35978	GSM878436	GPL6244	CC205_40710	SCZ	PARIETAL	M	25.0	15.0	6.2	k22	tissue					
GSE35978	GSM878437	GPL6244	CC206_40710	BD	PARIETAL	F	45.0	57.0	5.92	k80	tissue					
GSE35978	GSM878438	GPL6244	CC207_40710	SCZ	PARIETAL	M	50.0	10.0	6.1	k21	tissue					
GSE35978	GSM878439	GPL6244	CC208_40710	CTL	PARIETAL	M	55.0	9.0	6.4	k20	tissue					
GSE35978	GSM878440	GPL6244	CC209_40610	BD	PARIETAL	M	20.0	12.0	5.978	k6	tissue					
GSE35978	GSM878441	GPL6244	CC210_40810	SCZ	PARIETAL	M	45.0	65.0	6.67	k79	tissue					
GSE35978	GSM878442	GPL6244	CC211_40810	BD	PARIETAL	F	35.0	17.0	6.1	k19	tissue					
GSE35978	GSM878443	GPL6244	CC212_40810	SCZ	PARIETAL	M	40.0	54.0	6.18	k78	tissue					
GSE35978	GSM878444	GPL6244	CC213_40810	SCZ	PARIETAL	M	35.0	30.0	6.8	k18	tissue					
GSE35978	GSM878445	GPL6244	CC214_41410	BD	PARIETAL	M	55.0	44.0	6.5	k17	tissue					
GSE35978	GSM878446	GPL6244	CC215_40810	CTL	PARIETAL	M	45.0	31.0	6.67	k77	tissue					
GSE35978	GSM878447	GPL6244	CC216_40810	BD	PARIETAL	F	60.0	53.0	6.2	k16	tissue					
GSE35978	GSM878448	GPL6244	CC217_40810	SCZ	PARIETAL	M	40.0	35.0	6.68	k138	tissue					
GSE35978	GSM878449	GPL6244	CC218_40610	CTL	PARIETAL	F	35.0	24.0	6.87	k44	tissue					
GSE35978	GSM878450	GPL6244	CC219_40810	CTL	PARIETAL	M	50.0	46.0	6.5	k14	tissue					
GSE35978	GSM878451	GPL6244	CC220_40810	BD	PARIETAL	M	35.0	35.0	6.3	k13	tissue					
GSE35978	GSM878452	GPL6244	CC221_40810	CTL	PARIETAL	M	45.0	11.0	6.6	k76	tissue					
GSE35978	GSM878453	GPL6244	CC222_40810	SCZ	PARIETAL	F	55.0	13.0	6.49	k12	tissue					
GSE35978	GSM878454	GPL6244	CC223_40810	CTL	PARIETAL	M	30.0	13.0	6.57	k75	tissue					
GSE35978	GSM878455	GPL6244	CC224_40810	BD	PARIETAL	M	40.0	32.0	6.65	k11	tissue					
GSE35978	GSM878456	GPL6244	CC225_40810	CTL	PARIETAL	F	45.0	28.0	6.59	k10	tissue					
GSE35978	GSM878457	GPL6244	CC226_40810	SCZ	PARIETAL	M	40.0	26.0	6.8	k74	tissue					
GSE35978	GSM878458	GPL6244	CC227_40610	CTL	PARIETAL	M	45.0	29.0	6.94	k43	tissue					
GSE35978	GSM878459	GPL6244	CC228_40810	BD	PARIETAL	F	50.0	18.0	6.5	k9	tissue					
GSE35978	GSM878460	GPL6244	CC229_40810	SCZ	PARIETAL	F	45.0	30.0	6.47	k73	tissue					
GSE35978	GSM878461	GPL6244	CC230_40810	BD	PARIETAL	F	50.0	19.0	5.87	k139	tissue					
GSE35978	GSM878462	GPL6244	CC231_40810	SCZ	PARIETAL	M	20.0	28.0	6.73	k8	tissue					
GSE35978	GSM878463	GPL6244	CC232_40810	CTL	PARIETAL	M	50.0	49.0	6.75	k72	tissue					
GSE35978	GSM878464	GPL6244	CC233_40810	SCZ	PARIETAL	M	50.0	43.0	6.63	k7	tissue					
GSE35978	GSM878465	GPL6244	CC234_40810	CTL	PARIETAL	M	50.0	31.0	6.86	k70	tissue					
GSE35978	GSM878466	GPL6244	CC234_40910	CTL	PARIETAL	M	50.0	31.0	6.86	k70	tissue					
GSE35978	GSM878467	GPL6244	CC236_40910	SCZ	PARIETAL	M	40.0	34.0	6.18	k1	tissue					
GSE35978	GSM878468	GPL6244	CC237_40910	SCZ	PARIETAL	F	45.0	52.0	6.51	k81	tissue					
GSE35978	GSM878469	GPL6244	CC238_40610	CTL	PARIETAL	M	45.0	36.0	6.57	k5	tissue					
GSE35978	GSM878470	GPL6244	CC239_40910	SCZ	PARIETAL	F	45.0	26.0	6.58	k69	tissue					
GSE35978	GSM878471	GPL6244	CC240_40910	BD	PARIETAL	M	45.0	19.0	6.74	k71	tissue					
GSE35978	GSM878472	GPL6244	CC241_40910	CTL	PARIETAL	F	35.0	29.0	6.52	k68	tissue					
GSE35978	GSM878473	GPL6244	CC242_40910	SCZ	PARIETAL	M	30.0	33.0	6.2	k61	tissue					
GSE35978	GSM878474	GPL6244	CC243_40910	BD	PARIETAL	F	30.0	62.0	6.74	k50	tissue					
GSE35978	GSM878475	GPL6244	CC244_40910	BD	PARIETAL	F	40.0	28.0	6.44	k140	tissue					
GSE35978	GSM878476	GPL6244	CC245_40910	BD	PARIETAL	M	40.0	70.0	6.71	k141	tissue					
GSE35978	GSM878477	GPL6244	CC246_40910	SCZ	PARIETAL	F	55.0	42.0	6.65	k67	tissue					
GSE35978	GSM878478	GPL6244	CC247_51310	CTL	PARIETAL	F	55.0	26.0	6.0	k110	tissue					
GSE35978	GSM878479	GPL6244	CC248_51110	BD	PARIETAL	F	50.0	18.0	6.1	k142	tissue					
GSE35978	GSM878480	GPL6244	CC249_51110	BD	PARIETAL	F	35.0	29.0	6.5	k143	tissue					
GSE35978	GSM878481	GPL6244	CC250_51110	CTL	PARIETAL	F	55.0	26.0	6.0	k110	tissue					
GSE35978	GSM878482	GPL6244	CC251_51110	SCZ	PARIETAL	M	25.0	32.0	6.6	k131	tissue					
GSE35978	GSM878483	GPL6244	CC252_51110	SCZ	PARIETAL	M	30.0	14.0	5.8	k144	tissue					
GSE35978	GSM878484	GPL6244	CC252_51210	SCZ	PARIETAL	M	30.0	14.0	5.8	k144	tissue					
GSE35978	GSM878485	GPL6244	CC254_51210	MDD	PARIETAL	F	55.0	40.0	6.3	k129	tissue					
GSE35978	GSM878486	GPL6244	CC255_51210	MDD	PARIETAL	M	50.0	26.0	6.3	k115	tissue					
GSE35978	GSM878487	GPL6244	CC256_51210	BD	PARIETAL	M	50.0	19.0	6.2	k106	tissue					
GSE35978	GSM878488	GPL6244	CC257_51210	BD	PARIETAL	M	35.0	23.0	6.3	k130	tissue					
GSE35978	GSM878489	GPL6244	CC258_51210	BD	PARIETAL	F	25.0	24.0	6.4	k119	tissue					
GSE35978	GSM878490	GPL6244	CC259_51210	CTL	PARIETAL	M	50.0	28.0	6.5	k92	tissue					
GSE35978	GSM878491	GPL6244	CC260_51110	SCZ	PARIETAL	M	30.0	19.0	6.1	k145	tissue					
GSE35978	GSM878492	GPL6244	CC261_51210	CTL	PARIETAL	M	55.0	28.0	6.2	k113	tissue					
GSE35978	GSM878493	GPL6244	CC262_51210	CTL	PARIETAL	M	50.0	22.0	6.2	k91	tissue					
GSE35978	GSM878494	GPL6244	CC263_51210	CTL	PARIETAL	F	35.0	40.0	5.8	k96	tissue					
GSE35978	GSM878495	GPL6244	CC264_51210	BD	PARIETAL	M	30.0	28.0	6.3	k146	tissue					
GSE35978	GSM878496	GPL6244	CC265_51210	SCZ	PARIETAL	M	45.0	29.0	5.9	k147	tissue					
GSE35978	GSM878497	GPL6244	CC266_51210	SCZ	PARIETAL	F	60.0	40.0	6.2	k107	tissue					
GSE35978	GSM878498	GPL6244	CC267_51210	SCZ	PARIETAL	F	30.0	60.0	6.2	k148	tissue					
GSE35978	GSM878499	GPL6244	CC268_51210	BD	PARIETAL	F	60.0	60.0	6.5	k105	tissue					
GSE35978	GSM878500	GPL6244	CC269_51110	MDD	PARIETAL	M	40.0	7.0	6.2	k99	tissue					
GSE35978	GSM878501	GPL6244	CC270_51210	MDD	PARIETAL	M	45.0	28.0	6.4	k98	tissue					
GSE35978	GSM878502	GPL6244	CC271_51210	MDD	PARIETAL	M	40.0	23.0	6.0	k125	tissue					
GSE35978	GSM878503	GPL6244	CC272_51210	BD	PARIETAL	M	50.0	13.0	6.1	k109	tissue					
GSE35978	GSM878504	GPL6244	CC273_51210	BD	PARIETAL	M	30.0	31.0	6.1	k123	tissue					
GSE35978	GSM878505	GPL6244	CC274_51210	SCZ	PARIETAL	F	55.0	12.0	6.4	k149	tissue					
GSE35978	GSM878506	GPL6244	CC275_51210	MDD	PARIETAL	F	45.0	32.0	6.2	k118	tissue					
GSE35978	GSM878507	GPL6244	CC276_51210	SCZ	PARIETAL	M	30.0	32.0	5.8	k108	tissue					
GSE35978	GSM878508	GPL6244	CC277_51210	SCZ	PARIETAL	M	35.0	35.0	6.5	k121	tissue					
GSE35978	GSM878509	GPL6244	CC278_51310	CTL	PARIETAL	M	40.0	11.0	6.0	k150	tissue					
GSE35978	GSM878510	GPL6244	CC279_51110	CTL	PARIETAL	M	60.0	27.0	6.0	k111	tissue					
GSE35978	GSM878511	GPL6244	CC280_51310	BD	PARIETAL	M	30.0	45.0	6.3	k93	tissue					
GSE35978	GSM878512	GPL6244	CC281_51310	SCZ	PARIETAL	F	60.0	26.0	6.1	k151	tissue					
GSE35978	GSM878513	GPL6244	CC282_51310	MDD	PARIETAL	M	65.0	19.0	6.2	k126	tissue					
GSE35978	GSM878514	GPL6244	CC283_51310	SCZ	PARIETAL	M	45.0	50.0	6.5	k124	tissue					
GSE35978	GSM878515	GPL6244	CC284_51310	CTL	PARIETAL	F	35.0	23.0	6.6	k95	tissue					
GSE35978	GSM878516	GPL6244	CC285_51310	MDD	PARIETAL	F	55.0	28.0	5.8	k152	tissue					
GSE35978	GSM878517	GPL6244	CC286_51310	MDD	PARIETAL	M	50.0	12.0	6.5	k101	tissue					
GSE35978	GSM878518	GPL6244	CC287_51310	SCZ	PARIETAL	F	50.0	38.0	6.2	k127	tissue					
GSE35978	GSM878519	GPL6244	CC288_51310	CTL	PARIETAL	F	45.0	25.0	6.3	k122	tissue					
GSE35978	GSM878520	GPL6244	CC289_51310	BD	PARIETAL	M	55.0	39.0	5.8	k153	tissue					
GSE35978	GSM878521	GPL6244	CC290_51110	SCZ	PARIETAL	M	50.0	61.0	6.0	k104	tissue					
GSE35978	GSM878522	GPL6244	CC291_51310	BD	PARIETAL	F	50.0	62.0	6.3	k114	tissue					
GSE35978	GSM878523	GPL6244	CC292_51310	MDD	PARIETAL	F	30.0	47.0	6.0	k94	tissue					
GSE35978	GSM878524	GPL6244	CC293_51310	BD	PARIETAL	M	30.0	56.0	5.8	k154	tissue					
GSE35978	GSM878525	GPL6244	CC294_51310	MDD	PARIETAL	M	55.0	23.0	6.5	k90	tissue					
GSE35978	GSM878526	GPL6244	CC295_51310	BD	PARIETAL	M	55.0	19.0	6.2	k117	tissue					
GSE35978	GSM878527	GPL6244	CC296_51310	MDD	PARIETAL	M	45.0	43.0	5.9	k155	tissue					
GSE35978	GSM878528	GPL6244	CC297_51310	CTL	PARIETAL	F	30.0	42.0	6.2	k128	tissue					
GSE35978	GSM878529	GPL6244	CC298_51310	MDD	PARIETAL	F	30.0	33.0	6.0	k97	tissue					
GSE35978	GSM878530	GPL6244	CC299_51310	SCZ	PARIETAL	M	60.0	31.0	6.2	k116	tissue					
GSE35978	GSM878531	GPL6244	CC300_51310	CTL	PARIETAL	F	70.0	13.0	6.3	k120	tissue					
GSE35978	GSM878532	GPL6244	CC301_51110	CTL	PARIETAL	M	60.0	26.0	6.4	k103	tissue					
GSE35978	GSM878533	GPL6244	CC302_51310	CTL	PARIETAL	M	45.0	10.0	6.4	k156	tissue					
GSE35978	GSM878534	GPL6244	CC303_51110	MDD	PARIETAL	F	40.0	25.0	6.3	k100	tissue					
GSE35978	GSM878535	GPL6244	CC304_51110	CTL	PARIETAL	M	40.0	27.0	6.6	k112	tissue					
GSE35978	GSM878536	GPL6244	CC305_51110	CTL	PARIETAL	M	50.0	8.0	6.5	k102	tissue					
GSE35978	GSM878537	GPL6244	UNIVREP_40610	REF	PARIETAL						reference_rna					
GSE35978	GSM878538	GPL6244	UNIVREP_40710	REF	PARIETAL						reference_rna					
GSE35978	GSM878539	GPL6244	UNIVREP_40810	REF	PARIETAL						reference_rna					
GSE35978	GSM878540	GPL6244	UNIVREP_40910	REF	PARIETAL						reference_rna					
GSE35978	GSM878541	GPL6244	UNIVREP_51110	REF	PARIETAL						reference_rna					
GSE35978	GSM878542	GPL6244	UNIVREP_51210	REF	PARIETAL						reference_rna					
GSE35978	GSM878543	GPL6244	UNIVREP_51310	REF	PARIETAL						reference_rna					
GSE5388	GSM123182	GPL96	brain_DLPFC_bipolar B_mr279	BD	PFC_DLPFC	M	41.0	39.0	6.6	mr279	tissue					
GSE5388	GSM123183	GPL96	brain_DLPFC_bipolar B_mr281	BD	PFC_DLPFC	M	51.0	23.0	6.67	mr281	tissue					
GSE5388	GSM123184	GPL96	brain_DLPFC_bipolar B_mr282	BD	PFC_DLPFC	M	29.0	60.0	6.7	mr282	tissue					
GSE5388	GSM123185	GPL96	brain_DLPFC_bipolar B_mr288	BD	PFC_DLPFC	M	45.0	35.0	6.03	mr288	tissue					
GSE5388	GSM123186	GPL96	brain_DLPFC_bipolar B_mr304	BD	PFC_DLPFC	M	45.0	28.0	6.35	mr304	tissue					
GSE5388	GSM123187	GPL96	brain_DLPFC_bipolar B_mr403	BD	PFC_DLPFC	M	29.0	48.0	6.39	mr403	tissue					
GSE5388	GSM123188	GPL96	brain_DLPFC_bipolar B_mr409	BD	PFC_DLPFC	F	33.0	24.0	6.51	mr409	tissue					
GSE5388	GSM123189	GPL96	brain_DLPFC_bipolar B_mr420	BD	PFC_DLPFC	M	56.0	23.0	6.07	mr420	tissue					
GSE5388	GSM123190	GPL96	brain_DLPFC_bipolar B_mr425	BD	PFC_DLPFC	F	48.0	18.0	6.5	mr425	tissue					
GSE5388	GSM123191	GPL96	brain_DLPFC_bipolar B_mr426	BD	PFC_DLPFC	M	42.0	32.0	6.65	mr426	tissue					
GSE5388	GSM123192	GPL96	brain_DLPFC_bipolar B_mr427	BD	PFC_DLPFC	M	54.0	44.0	6.5	mr427	tissue					
GSE5388	GSM123193	GPL96	brain_DLPFC_bipolar B_mr430	BD	PFC_DLPFC	F	43.0	39.0	6.74	mr430	tissue					
GSE5388	GSM123194	GPL96	brain_DLPFC_bipolar B_mr446	BD	PFC_DLPFC	F	56.0	26.0	6.58	mr446	tissue					
GSE5388	GSM123195	GPL96	brain_DLPFC_bipolar B_mr520	BD	PFC_DLPFC	F	35.0	17.0	6.1	mr520	tissue					
GSE5388	GSM123196	GPL96	brain_DLPFC_bipolar B_mr547	BD	PFC_DLPFC	M	44.0	19.0	6.74	mr547	tissue					
GSE5388	GSM123197	GPL96	brain_DLPFC_bipolar B_mr553	BD	PFC_DLPFC	M	48.0	23.0	6.9	mr553	tissue					
GSE5388	GSM123198	GPL96	brain_DLPFC_bipolar B_mr613	BD	PFC_DLPFC	M	41.0	70.0	6.71	mr613	tissue					
GSE5388	GSM123199	GPL96	brain_DLPFC_bipolar B_mr646	BD	PFC_DLPFC	M	35.0	35.0	6.3	mr646	tissue					
GSE5388	GSM123200	GPL96	brain_DLPFC_bipolar B_mr648	BD	PFC_DLPFC	M	64.0	16.0	6.1	mr648	tissue					
GSE5388	GSM123201	GPL96	brain_DLPFC_bipolar B_mr667	BD	PFC_DLPFC	F	58.0	35.0	6.5	mr667	tissue					
GSE5388	GSM123202	GPL96	brain_DLPFC_bipolar B_mr676	BD	PFC_DLPFC	F	42.0	49.0	6.65	mr676	tissue					
GSE5388	GSM123203	GPL96	brain_DLPFC_bipolar B_mr678	BD	PFC_DLPFC	F	63.0	32.0	6.97	mr678	tissue					
GSE5388	GSM123204	GPL96	brain_DLPFC_bipolar B_mr697	BD	PFC_DLPFC	F	44.0	37.0	6.37	mr697	tissue					
GSE5388	GSM123205	GPL96	brain_DLPFC_bipolar B_mr777	BD	PFC_DLPFC	F	43.0	57.0	5.92	mr777	tissue					
GSE5388	GSM123206	GPL96	brain_DLPFC_bipolar B_mr781	BD	PFC_DLPFC	M	19.0	12.0	5.97	mr781	tissue					
GSE5388	GSM123207	GPL96	brain_DLPFC_bipolar B_mr867	BD	PFC_DLPFC	M	59.0	84.0	6.65	mr867	tissue					
GSE5388	GSM123208	GPL96	brain_DLPFC_bipolar B_mr943	BD	PFC_DLPFC	F	41.0	28.0	6.44	mr943	tissue					
GSE5388	GSM123209	GPL96	brain_DLPFC_bipolar B_mr946	BD	PFC_DLPFC	F	49.0	38.0	6.39	mr946	tissue					
GSE5388	GSM123210	GPL96	brain_DLPFC_bipolar B_mr950	BD	PFC_DLPFC	F	29.0	62.0	6.74	mr950	tissue					
GSE5388	GSM123211	GPL96	brain_DLPFC_bipolar B_mr953	BD	PFC_DLPFC	F	50.0	62.0	6.51	mr953	tissue					
GSE5388	GSM123212	GPL96	brain_DLPFC_bipolar C_mr275	CTL	PFC_DLPFC	M	59.0	47.0	6.8	mr275	tissue					
GSE5388	GSM123213	GPL96	brain_DLPFC_bipolar C_mr276	CTL	PFC_DLPFC	M	45.0	29.0	6.94	mr276	tissue					
GSE5388	GSM123214	GPL96	brain_DLPFC_bipolar C_mr283	CTL	PFC_DLPFC	M	34.0	22.0	6.48	mr283	tissue					
GSE5388	GSM123215	GPL96	brain_DLPFC_bipolar C_mr284	CTL	PFC_DLPFC	M	32.0	24.0	7.03	mr284	tissue					
GSE5388	GSM123216	GPL96	brain_DLPFC_bipolar C_mr404	CTL	PFC_DLPFC	M	49.0	46.0	6.5	mr404	tissue					
GSE5388	GSM123217	GPL96	brain_DLPFC_bipolar C_mr407	CTL	PFC_DLPFC	M	35.0	52.0	6.7	mr407	tissue					
GSE5388	GSM123218	GPL96	brain_DLPFC_bipolar C_mr418	CTL	PFC_DLPFC	M	53.0	9.0	6.4	mr418	tissue					
GSE5388	GSM123219	GPL96	brain_DLPFC_bipolar C_mr423	CTL	PFC_DLPFC	M	47.0	21.0	6.81	mr423	tissue					
GSE5388	GSM123220	GPL96	brain_DLPFC_bipolar C_mr444	CTL	PFC_DLPFC	M	51.0	31.0	6.7	mr444	tissue					
GSE5388	GSM123221	GPL96	brain_DLPFC_bipolar C_mr448	CTL	PFC_DLPFC	F	39.0	58.0	6.46	mr448	tissue					
GSE5388	GSM123222	GPL96	brain_DLPFC_bipolar C_mr521	CTL	PFC_DLPFC	M	37.0	13.0	6.5	mr521	tissue					
GSE5388	GSM123223	GPL96	brain_DLPFC_bipolar C_mr523	CTL	PFC_DLPFC	M	52.0	28.0	6.0	mr523	tissue					
GSE5388	GSM123224	GPL96	brain_DLPFC_bipolar C_mr532	CTL	PFC_DLPFC	M	47.0	36.0	6.57	mr532	tissue					
GSE5388	GSM123225	GPL96	brain_DLPFC_bipolar C_mr537	CTL	PFC_DLPFC	M	55.0	31.0	6.7	mr537	tissue					
GSE5388	GSM123226	GPL96	brain_DLPFC_bipolar C_mr538	CTL	PFC_DLPFC	M	47.0	11.0	6.6	mr538	tissue					
GSE5388	GSM123227	GPL96	brain_DLPFC_bipolar C_mr539	CTL	PFC_DLPFC	M	32.0	13.0	6.57	mr539	tissue					
GSE5388	GSM123228	GPL96	brain_DLPFC_bipolar C_mr540	CTL	PFC_DLPFC	M	48.0	23.0	6.93	mr540	tissue					
GSE5388	GSM123229	GPL96	brain_DLPFC_bipolar C_mr544	CTL	PFC_DLPFC	M	40.0	38.0	6.67	mr544	tissue					
GSE5388	GSM123230	GPL96	brain_DLPFC_bipolar C_mr545	CTL	PFC_DLPFC	M	46.0	31.0	6.67	mr545	tissue					
GSE5388	GSM123231	GPL96	brain_DLPFC_bipolar C_mr546	CTL	PFC_DLPFC	F	38.0	33.0	6.0	mr546	tissue					
GSE5388	GSM123232	GPL96	brain_DLPFC_bipolar C_mr645	CTL	PFC_DLPFC	F	44.0	28.0	6.59	mr645	tissue					
GSE5388	GSM123233	GPL96	brain_DLPFC_bipolar C_mr677	CTL	PFC_DLPFC	F	34.0	24.0	6.87	mr677	tissue					
GSE5388	GSM123234	GPL96	brain_DLPFC_bipolar C_mr682	CTL	PFC_DLPFC	M	42.0	37.0	6.91	mr682	tissue					
GSE5388	GSM123235	GPL96	brain_DLPFC_bipolar C_mr700	CTL	PFC_DLPFC	M	31.0	11.0	6.13	mr700	tissue					
GSE5388	GSM123236	GPL96	brain_DLPFC_bipolar C_mr701	CTL	PFC_DLPFC	M	48.0	24.0	6.91	mr701	tissue					
GSE5388	GSM123237	GPL96	brain_DLPFC_bipolar C_mr780	CTL	PFC_DLPFC	F	38.0	28.0	6.7	mr780	tissue					
GSE5388	GSM123238	GPL96	brain_DLPFC_bipolar C_mr801	CTL	PFC_DLPFC	M	50.0	49.0	6.75	mr801	tissue					
GSE5388	GSM123239	GPL96	brain_DLPFC_bipolar C_mr869	CTL	PFC_DLPFC	F	44.0	10.0	6.2	mr869	tissue					
GSE5388	GSM123240	GPL96	brain_DLPFC_bipolar C_mr871	CTL	PFC_DLPFC	F	49.0	45.0	6.72	mr871	tissue					
GSE5388	GSM123241	GPL96	brain_DLPFC_bipolar C_mr945	CTL	PFC_DLPFC	M	48.0	31.0	6.86	mr945	tissue					
GSE5388	GSM123242	GPL96	brain_DLPFC_bipolar C_mr951	CTL	PFC_DLPFC	M	45.0	18.0	6.81	mr951	tissue					
GSE53987	GSM1304852	GPL570	bipolar_hip_10	BD	HPC	M	52.0	23.5	6.7	k0	tissue		W	6.3		
GSE53987	GSM1304853	GPL570	bipolar_hip_11	BD	HPC	F	50.0	11.7	6.4	k1	tissue		W	6.8		
GSE53987	GSM1304854	GPL570	bipolar_hip_12	BD	HPC	F	28.0	22.3	6.3	k2	tissue		W	7.7		
GSE53987	GSM1304855	GPL570	bipolar_hip_13	BD	HPC	F	55.0	17.5	6.4	k3	tissue		W	7.6		
GSE53987	GSM1304856	GPL570	bipolar_hip_14	BD	HPC	M	58.0	27.7	6.8	k4	tissue		W	7.0		
GSE53987	GSM1304857	GPL570	bipolar_hip_15	BD	HPC	M	28.0	27.4	6.2	k5	tissue		W	7.7		
GSE53987	GSM1304858	GPL570	bipolar_hip_16	BD	HPC	F	49.0	21.5	6.7	k6	tissue		W	8.2		
GSE53987	GSM1304859	GPL570	bipolar_hip_18	BD	HPC	F	42.0	31.2	6.5	k7	tissue		W	5.6		
GSE53987	GSM1304860	GPL570	bipolar_hip_19	BD	HPC	F	43.0	31.9	6.7	k8	tissue		W	6.3		
GSE53987	GSM1304861	GPL570	bipolar_hip_1	BD	HPC	M	50.0	12.1	6.7	k9	tissue		W	7.4		
GSE53987	GSM1304862	GPL570	bipolar_hip_2	BD	HPC	M	40.0	18.5	6.4	k10	tissue		W	6.5		
GSE53987	GSM1304863	GPL570	bipolar_hip_3	BD	HPC	F	39.0	22.2	6.7	k11	tissue		W	7.9		
GSE53987	GSM1304864	GPL570	bipolar_hip_4	BD	HPC	M	45.0	27.2	7.1	k12	tissue		W	8.1		
GSE53987	GSM1304865	GPL570	bipolar_hip_5	BD	HPC	M	42.0	12.5	6.7	k13	tissue		W	8.2		
GSE53987	GSM1304866	GPL570	bipolar_hip_6	BD	HPC	M	65.0	8.9	6.7	k14	tissue		W	6.6		
GSE53987	GSM1304867	GPL570	bipolar_hip_7	BD	HPC	F	51.0	21.5	6.7	k15	tissue		W	7.0		
GSE53987	GSM1304868	GPL570	bipolar_hip_8	BD	HPC	M	39.0	24.2	6.6	k16	tissue		W	7.8		
GSE53987	GSM1304869	GPL570	bipolar_hip_9	BD	HPC	M	48.0	18.1	6.9	k17	tissue		W	7.0		
GSE53987	GSM1304870	GPL570	control_hip_10	CTL	HPC	M	51.0	24.2	6.6	k18	tissue		W	7.8		
GSE53987	GSM1304871	GPL570	control_hip_11	CTL	HPC	F	51.0	7.8	6.6	k19	tissue		W	7.2		
GSE53987	GSM1304872	GPL570	control_hip_12	CTL	HPC	F	36.0	14.5	6.4	k20	tissue		W	8.0		
GSE53987	GSM1304873	GPL570	control_hip_13	CTL	HPC	F	65.0	18.5	6.5	k21	tissue		W	7.0		
GSE53987	GSM1304874	GPL570	control_hip_14	CTL	HPC	M	55.0	28.0	6.1	k22	tissue		W	6.8		
GSE53987	GSM1304875	GPL570	control_hip_15	CTL	HPC	M	22.0	20.1	6.8	k23	tissue		W	7.1		
GSE53987	GSM1304876	GPL570	control_hip_16	CTL	HPC	F	52.0	22.6	7.1	k24	tissue		W	7.0		
GSE53987	GSM1304877	GPL570	control_hip_17	CTL	HPC	F	58.0	22.7	6.4	k25	tissue		W	6.3		
GSE53987	GSM1304878	GPL570	control_hip_18	CTL	HPC	F	40.0	16.6	6.8	k26	tissue		B	7.9		
GSE53987	GSM1304879	GPL570	control_hip_19	CTL	HPC	F	41.0	15.4	6.6	k27	tissue		W	8.5		
GSE53987	GSM1304880	GPL570	control_hip_1	CTL	HPC	M	49.0	21.2	6.5	k28	tissue		W	7.8		
GSE53987	GSM1304881	GPL570	control_hip_2	CTL	HPC	M	48.0	21.68	6.6	k29	tissue		W	7.3		
GSE53987	GSM1304882	GPL570	control_hip_3	CTL	HPC	F	39.0	24.5	6.8	k30	tissue		W	8.2		
GSE53987	GSM1304883	GPL570	control_hip_4	CTL	HPC	M	48.0	24.5	6.5	k31	tissue		W	7.0		
GSE53987	GSM1304884	GPL570	control_hip_5	CTL	HPC	M	43.0	13.8	6.6	k32	tissue		W	7.6		
GSE53987	GSM1304885	GPL570	control_hip_6	CTL	HPC	M	68.0	11.8	6.8	k33	tissue		W	6.1		
GSE53987	GSM1304886	GPL570	control_hip_7	CTL	HPC	F	58.0	18.8	6.6	k34	tissue		W	7.2		
GSE53987	GSM1304887	GPL570	control_hip_8	CTL	HPC	M	43.0	22.3	6.7	k35	tissue		W	7.9		
GSE53987	GSM1304888	GPL570	MDD_hip_10	MDD	HPC	M	51.0	24.6	6.5	k36	tissue		W	7.7		
GSE53987	GSM1304889	GPL570	MDD_hip_11	MDD	HPC	F	53.0	11.9	6.7	k37	tissue		W	8.1		
GSE53987	GSM1304890	GPL570	MDD_hip_12	MDD	HPC	F	26.0	13.4	6.4	k38	tissue		W	7.5		
GSE53987	GSM1304891	GPL570	MDD_hip_13	MDD	HPC	F	52.0	10.3	6.5	k39	tissue		W	6.6		
GSE53987	GSM1304892	GPL570	MDD_hip_14	MDD	HPC	M	62.0	26.0	6.5	k40	tissue		W	6.8		
GSE53987	GSM1304893	GPL570	MDD_hip_15	MDD	HPC	M	29.0	26.6	6.9	k41	tissue		W	7.8		
GSE53987	GSM1304894	GPL570	MDD_hip_16	MDD	HPC	F	49.0	23.4	6.4	k42	tissue		W	6.2		
GSE53987	GSM1304895	GPL570	MDD_hip_17	MDD	HPC	F	54.0	17.9	6.2	k43	tissue		W	6.1		
GSE53987	GSM1304896	GPL570	MDD_hip_19	MDD	HPC	F	28.0	24.8	6.6	k44	tissue		B	8.2		
GSE53987	GSM1304897	GPL570	MDD_hip_1	MDD	HPC	M	42.0	14.3	6.4	k45	tissue		W	6.2		
GSE53987	GSM1304898	GPL570	MDD_hip_2	MDD	HPC	M	44.0	19.3	6.5	k46	tissue		W	6.3		
GSE53987	GSM1304899	GPL570	MDD_hip_3	MDD	HPC	F	40.0	22.2	6.6	k47	tissue		W	8.0		
GSE53987	GSM1304900	GPL570	MDD_hip_4	MDD	HPC	M	47.0	24.0	6.6	k48	tissue		W	5.5		
GSE53987	GSM1304901	GPL570	MDD_hip_6	MDD	HPC	M	59.0	13.0	6.6	k49	tissue		W	7.2		
GSE53987	GSM1304902	GPL570	MDD_hip_7	MDD	HPC	F	47.0	22.3	6.6	k50	tissue		W	6.5		
GSE53987	GSM1304903	GPL570	MDD_hip_8	MDD	HPC	M	34.0	24.4	6.6	k51	tissue		W	8.4		
GSE53987	GSM1304904	GPL570	MDD_hip_9	MDD	HPC	M	51.0	28.3	7.3	k52	tissue		W	7.0		
GSE53987	GSM1304905	GPL570	schiz_hip_10	SCZ	HPC	M	49.0	21.5	5.97	k53	tissue		W	6.0		
GSE53987	GSM1304906	GPL570	schiz_hip_11	SCZ	HPC	F	47.0	14.37	6.35	k54	tissue		W	6.3		
GSE53987	GSM1304907	GPL570	schiz_hip_12	SCZ	HPC	F	25.0	20.1	6.73	k55	tissue		B	5.6		
GSE53987	GSM1304908	GPL570	schiz_hip_14	SCZ	HPC	M	62.0	22.7	7.14	k56	tissue		W	6.3		
GSE53987	GSM1304909	GPL570	schiz_hip_18	SCZ	HPC	F	44.0	24.5	6.63	k57	tissue		W	7.8		
GSE53987	GSM1304910	GPL570	schiz_hip_19	SCZ	HPC	F	46.0	23.8	6.61	k58	tissue		W	6.9		
GSE53987	GSM1304911	GPL570	schiz_hip_1	SCZ	HPC	M	50.0	11.0	6.23	k59	tissue		W	7.2		
GSE53987	GSM1304912	GPL570	schiz_hip_2	SCZ	HPC	M	46.0	15.8	6.19	k60	tissue		W	6.2		
GSE53987	GSM1304913	GPL570	schiz_hip_3	SCZ	HPC	F	41.0	20.1	6.27	k61	tissue		W	6.7		
GSE53987	GSM1304914	GPL570	schiz_hip_4	SCZ	HPC	M	47.0	28.9	6.58	k62	tissue		W	6.7		
GSE53987	GSM1304915	GPL570	schiz_hip_5	SCZ	HPC	M	37.0	5.98	6.07	k63	tissue		B	6.4		
GSE53987	GSM1304916	GPL570	schiz_hip_6	SCZ	HPC	M	58.0	7.7	6.22	k64	tissue		W	6.7		
GSE53987	GSM1304917	GPL570	schiz_hip_7	SCZ	HPC	F	44.0	18.7	6.2	k65	tissue		B	6.4		
GSE53987	GSM1304918	GPL570	schiz_hip_8	SCZ	HPC	M	38.0	28.8	6.56	k66	tissue		W	6.6		
GSE53987	GSM1304919	GPL570	schiz_hip_9	SCZ	HPC	M	52.0	27.1	6.68	k67	tissue		B	6.3		
GSE53987	GSM1304920	GPL570	bipolar_pfc_10	BD	PFC_BA46	M	52.0	23.5	6.7	k0	tissue		W	7.2		
GSE53987	GSM1304921	GPL570	bipolar_pfc_11	BD	PFC_BA46	F	50.0	11.7	6.4	k1	tissue		W	8.6		
GSE53987	GSM1304922	GPL570	bipolar_pfc_12	BD	PFC_BA46	F	28.0	22.3	6.3	k2	tissue		W	8.6		
GSE53987	GSM1304923	GPL570	bipolar_pfc_13	BD	PFC_BA46	F	55.0	17.5	6.4	k3	tissue		W	8.0		
GSE53987	GSM1304924	GPL570	bipolar_pfc_14	BD	PFC_BA46	M	58.0	27.7	6.8	k4	tissue		W	7.5		
GSE53987	GSM1304925	GPL570	bipolar_pfc_15	BD	PFC_BA46	M	28.0	27.4	6.2	k5	tissue		W	7.9		
GSE53987	GSM1304926	GPL570	bipolar_pfc_16	BD	PFC_BA46	F	49.0	21.5	6.7	k6	tissue		W	8.1		
GSE53987	GSM1304927	GPL570	bipolar_pfc_17	BD	PFC_BA46	F	56.0	24.5	6.1	k68	tissue		W	6.9		
GSE53987	GSM1304928	GPL570	bipolar_pfc_1	BD	PFC_BA46	M	50.0	12.1	6.7	k9	tissue		W	7.6		
GSE53987	GSM1304929	GPL570	bipolar_pfc_2	BD	PFC_BA46	M	40.0	18.5	6.4	k10	tissue		W	7.9		
GSE53987	GSM1304930	GPL570	bipolar_pfc_3	BD	PFC_BA46	F	39.0	22.2	6.7	k11	tissue		W	7.8		
GSE53987	GSM1304931	GPL570	bipolar_pfc_4	BD	PFC_BA46	M	45.0	27.2	7.1	k12	tissue		W	7.3		
GSE53987	GSM1304932	GPL570	bipolar_pfc_5	BD	PFC_BA46	M	42.0	12.5	6.7	k13	tissue		W	7.6		
GSE53987	GSM1304933	GPL570	bipolar_pfc_6	BD	PFC_BA46	M	65.0	8.9	6.7	k14	tissue		W	6.9		
GSE53987	GSM1304934	GPL570	bipolar_pfc_7	BD	PFC_BA46	F	51.0	21.5	6.7	k15	tissue		W	7.7		
GSE53987	GSM1304935	GPL570	bipolar_pfc_8	BD	PFC_BA46	M	39.0	24.2	6.6	k16	tissue		W	7.3		
GSE53987	GSM1304936	GPL570	bipolar_pfc_9	BD	PFC_BA46	M	48.0	18.1	6.9	k17	tissue		W	8.2		
GSE53987	GSM1304937	GPL570	control_pfc_10	CTL	PFC_BA46	M	51.0	24.2	6.6	k18	tissue		W	7.9		
GSE53987	GSM1304938	GPL570	control_pfc_11	CTL	PFC_BA46	F	51.0	7.8	6.6	k19	tissue		W	8.6		
GSE53987	GSM1304939	GPL570	control_pfc_12	CTL	PFC_BA46	F	36.0	14.5	6.4	k20	tissue		W	8.6		
GSE53987	GSM1304940	GPL570	control_pfc_13	CTL	PFC_BA46	F	65.0	18.5	6.5	k21	tissue		W	8.3		
GSE53987	GSM1304941	GPL570	control_pfc_14	CTL	PFC_BA46	M	55.0	28.0	6.1	k22	tissue		W	7.9		
GSE53987	GSM1304942	GPL570	control_pfc_15	CTL	PFC_BA46	M	22.0	20.1	6.8	k23	tissue		W	8.1		
GSE53987	GSM1304943	GPL570	control_pfc_16	CTL	PFC_BA46	F	52.0	22.6	7.1	k24	tissue		W	8.2		
GSE53987	GSM1304944	GPL570	control_pfc_17	CTL	PFC_BA46	F	58.0	22.7	6.4	k25	tissue		W	8.0		
GSE53987	GSM1304945	GPL570	control_pfc_18	CTL	PFC_BA46	F	40.0	16.6	6.8	k26	tissue		B	8.2		
GSE53987	GSM1304946	GPL570	control_pfc_19	CTL	PFC_BA46	F	41.0	15.4	6.6	k27	tissue		W	8.2		
GSE53987	GSM1304947	GPL570	control_pfc_1	CTL	PFC_BA46	M	49.0	21.2	6.5	k28	tissue		W	7.9		
GSE53987	GSM1304948	GPL570	control_pfc_2	CTL	PFC_BA46	M	48.0	21.68	6.6	k29	tissue		W	7.5		
GSE53987	GSM1304949	GPL570	control_pfc_3	CTL	PFC_BA46	F	39.0	24.5	6.8	k30	tissue		W	7.4		
GSE53987	GSM1304950	GPL570	control_pfc_4	CTL	PFC_BA46	M	48.0	24.5	6.5	k31	tissue		W	6.8		
GSE53987	GSM1304951	GPL570	control_pfc_5	CTL	PFC_BA46	M	43.0	13.8	6.6	k32	tissue		W	7.5		
GSE53987	GSM1304952	GPL570	control_pfc_6	CTL	PFC_BA46	M	68.0	11.8	6.8	k33	tissue		W	6.7		
GSE53987	GSM1304953	GPL570	control_pfc_7	CTL	PFC_BA46	F	58.0	18.8	6.6	k34	tissue		W	8.7		
GSE53987	GSM1304954	GPL570	control_pfc_8	CTL	PFC_BA46	M	43.0	22.3	6.7	k35	tissue		W	8.0		
GSE53987	GSM1304955	GPL570	control_pfc_9	CTL	PFC_BA46	M	46.0	22.0	6.3	k69	tissue		W	6.6		
GSE53987	GSM1304956	GPL570	MDD_pfc_10	MDD	PFC_BA46	M	51.0	24.6	6.5	k36	tissue		W	7.8		
GSE53987	GSM1304957	GPL570	MDD_pfc_11	MDD	PFC_BA46	F	53.0	11.9	6.7	k37	tissue		W	8.4		
GSE53987	GSM1304958	GPL570	MDD_pfc_12	MDD	PFC_BA46	F	26.0	13.4	6.4	k38	tissue		W	8.4		
GSE53987	GSM1304959	GPL570	MDD_pfc_13	MDD	PFC_BA46	F	52.0	10.3	6.5	k39	tissue		W	8.1		
GSE53987	GSM1304960	GPL570	MDD_pfc_14	MDD	PFC_BA46	M	62.0	26.0	6.5	k40	tissue		W	7.8		
GSE53987	GSM1304961	GPL570	MDD_pfc_15	MDD	PFC_BA46	M	29.0	26.6	6.9	k41	tissue		W	8.2		
GSE53987	GSM1304962	GPL570	MDD_pfc_16	MDD	PFC_BA46	F	49.0	23.4	6.4	k42	tissue		W	7.6		
GSE53987	GSM1304963	GPL570	MDD_pfc_17	MDD	PFC_BA46	F	54.0	17.9	6.2	k43	tissue		W	7.5		
GSE53987	GSM1304964	GPL570	MDD_pfc_19	MDD	PFC_BA46	F	28.0	24.8	6.6	k44	tissue		B	7.9		
GSE53987	GSM1304965	GPL570	MDD_pfc_1	MDD	PFC_BA46	M	42.0	14.3	6.4	k45	tissue		W	8.4		
GSE53987	GSM1304966	GPL570	MDD_pfc_3	MDD	PFC_BA46	F	40.0	22.2	6.6	k47	tissue		W	7.7		
GSE53987	GSM1304967	GPL570	MDD_pfc_4	MDD	PFC_BA46	M	47.0	24.0	6.6	k48	tissue		W	6.8		
GSE53987	GSM1304968	GPL570	MDD_pfc_5	MDD	PFC_BA46	M	44.0	11.0	6.5	k70	tissue		W	7.2		
GSE53987	GSM1304969	GPL570	MDD_pfc_6	MDD	PFC_BA46	M	59.0	13.0	6.6	k49	tissue		W	7.7		
GSE53987	GSM1304970	GPL570	MDD_pfc_7	MDD	PFC_BA46	F	47.0	22.3	6.6	k50	tissue		W	6.7		
GSE53987	GSM1304971	GPL570	MDD_pfc_8	MDD	PFC_BA46	M	34.0	24.4	6.6	k51	tissue		W	7.8		
GSE53987	GSM1304972	GPL570	MDD_pfc_9	MDD	PFC_BA46	M	51.0	28.3	7.3	k52	tissue		W	7.7		
GSE53987	GSM1304973	GPL570	schiz_pfc_10	SCZ	PFC_BA46	M	49.0	21.5	5.97	k53	tissue		W	7.0		
GSE53987	GSM1304974	GPL570	schiz_pfc_11	SCZ	PFC_BA46	F	47.0	14.37	6.35	k54	tissue		W	9.0		
GSE53987	GSM1304975	GPL570	schiz_pfc_12	SCZ	PFC_BA46	F	25.0	20.1	6.73	k55	tissue		B	7.2		
GSE53987	GSM1304976	GPL570	schiz_pfc_13	SCZ	PFC_BA46	F	41.0	17.1	6.9	k71	tissue		W	8.3		
GSE53987	GSM1304977	GPL570	schiz_pfc_14	SCZ	PFC_BA46	M	62.0	22.7	7.14	k56	tissue		W	8.1		
GSE53987	GSM1304978	GPL570	schiz_pfc_16	SCZ	PFC_BA46	F	47.0	20.1	7.3	k72	tissue		B	8.1		
GSE53987	GSM1304979	GPL570	schiz_pfc_18	SCZ	PFC_BA46	F	44.0	24.5	6.63	k57	tissue		W	7.6		
GSE53987	GSM1304980	GPL570	schiz_pfc_19	SCZ	PFC_BA46	F	46.0	23.8	6.61	k58	tissue		W	8.0		
GSE53987	GSM1304981	GPL570	schiz_pfc_1	SCZ	PFC_BA46	M	50.0	11.0	6.23	k59	tissue		W	8.4		
GSE53987	GSM1304982	GPL570	schiz_pfc_3	SCZ	PFC_BA46	F	41.0	20.1	6.27	k61	tissue		W	7.4		
GSE53987	GSM1304983	GPL570	schiz_pfc_4	SCZ	PFC_BA46	M	47.0	28.9	6.58	k62	tissue		W	7.0		
GSE53987	GSM1304984	GPL570	schiz_pfc_5	SCZ	PFC_BA46	M	37.0	5.98	6.07	k63	tissue		B	6.3		
GSE53987	GSM1304985	GPL570	schiz_pfc_6	SCZ	PFC_BA46	M	58.0	7.7	6.22	k64	tissue		W	7.3		
GSE53987	GSM1304986	GPL570	schiz_pfc_7	SCZ	PFC_BA46	F	44.0	18.7	6.2	k65	tissue		B	7.6		
GSE53987	GSM1304987	GPL570	schiz_pfc_9	SCZ	PFC_BA46	M	52.0	27.1	6.68	k67	tissue		B	7.4		
GSE53987	GSM1304988	GPL570	bipolar_str_1	BD	STR	M	50.0	12.1	6.7	k9	tissue		W	8.6		
GSE53987	GSM1304989	GPL570	bipolar_str_2	BD	STR	M	40.0	18.5	6.4	k10	tissue		W	8.4		
GSE53987	GSM1304990	GPL570	bipolar_str_3	BD	STR	F	39.0	22.2	6.7	k11	tissue		W	9.1		
GSE53987	GSM1304991	GPL570	bipolar_str_4	BD	STR	M	45.0	27.2	7.1	k12	tissue		W	8.7		
GSE53987	GSM1304992	GPL570	bipolar_str_5	BD	STR	M	42.0	12.5	6.7	k13	tissue		W	8.7		
GSE53987	GSM1304993	GPL570	bipolar_str_6	BD	STR	M	65.0	8.9	6.7	k14	tissue		W	8.3		
GSE53987	GSM1304994	GPL570	bipolar_str_7	BD	STR	F	51.0	21.5	6.7	k15	tissue		W	8.4		
GSE53987	GSM1304995	GPL570	bipolar_str_8	BD	STR	M	39.0	24.2	6.6	k16	tissue		W	8.5		
GSE53987	GSM1304996	GPL570	bipolar_str_9	BD	STR	M	48.0	18.1	6.9	k17	tissue		W	8.8		
GSE53987	GSM1304997	GPL570	bipolar_str_10	BD	STR	M	52.0	23.5	6.7	k0	tissue		W	9.1		
GSE53987	GSM1304998	GPL570	bipolar_str_11	BD	STR	F	50.0	11.7	6.4	k1	tissue		W	8.4		
GSE53987	GSM1304999	GPL570	bipolar_str_12	BD	STR	F	28.0	22.3	6.3	k2	tissue		W	9.0		
GSE53987	GSM1305000	GPL570	bipolar_str_13	BD	STR	F	55.0	17.5	6.4	k3	tissue		W	6.0		
GSE53987	GSM1305001	GPL570	bipolar_str_14	BD	STR	M	58.0	27.7	6.8	k4	tissue		W	6.6		
GSE53987	GSM1305002	GPL570	bipolar_str_16	BD	STR	F	49.0	21.5	6.7	k6	tissue		W	8.7		
GSE53987	GSM1305003	GPL570	bipolar_str_17	BD	STR	F	56.0	24.5	6.1	k68	tissue		W	7.7		
GSE53987	GSM1305004	GPL570	bipolar_str_18	BD	STR	F	42.0	31.2	6.5	k7	tissue		W	6.8		
GSE53987	GSM1305005	GPL570	control_str_1	CTL	STR	M	49.0	21.2	6.5	k28	tissue		W	8.4		
GSE53987	GSM1305006	GPL570	control_str_2	CTL	STR	M	48.0	21.68	6.6	k29	tissue		W	7.5		
GSE53987	GSM1305007	GPL570	control_str_3	CTL	STR	F	39.0	24.5	6.8	k30	tissue		W	7.5		
GSE53987	GSM1305008	GPL570	control_str_4	CTL	STR	M	48.0	24.5	6.5	k31	tissue		W	7.6		
GSE53987	GSM1305009	GPL570	control_str_5	CTL	STR	M	43.0	13.8	6.6	k32	tissue		W	8.7		
GSE53987	GSM1305010	GPL570	control_str_6	CTL	STR	M	68.0	11.8	6.8	k33	tissue		W	8.5		
GSE53987	GSM1305011	GPL570	control_str_7	CTL	STR	F	58.0	18.8	6.6	k34	tissue		W	8.6		
GSE53987	GSM1305012	GPL570	control_str_8	CTL	STR	M	43.0	22.3	6.7	k35	tissue		W	8.5		
GSE53987	GSM1305013	GPL570	control_str_9	CTL	STR	M	46.0	22.0	6.3	k69	tissue		W	7.0		
GSE53987	GSM1305014	GPL570	control_str_10	CTL	STR	M	51.0	24.2	6.6	k18	tissue		W	8.3		
GSE53987	GSM1305015	GPL570	control_str_11	CTL	STR	F	51.0	7.8	6.6	k19	tissue		W	9.0		
GSE53987	GSM1305016	GPL570	control_str_12	CTL	STR	F	36.0	14.5	6.4	k20	tissue		W	9.3		
GSE53987	GSM1305017	GPL570	control_str_13	CTL	STR	F	65.0	18.5	6.5	k21	tissue		W	7.4		
GSE53987	GSM1305018	GPL570	control_str_14	CTL	STR	M	55.0	28.0	6.1	k22	tissue		W	7.6		
GSE53987	GSM1305019	GPL570	control_str_15	CTL	STR	M	22.0	20.1	6.8	k23	tissue		W	7.4		
GSE53987	GSM1305020	GPL570	control_str_16	CTL	STR	F	52.0	22.6	7.1	k24	tissue		W	8.8		
GSE53987	GSM1305021	GPL570	control_str_17	CTL	STR	F	58.0	22.7	6.4	k25	tissue		W	9.0		
GSE53987	GSM1305022	GPL570	control_str_18	CTL	STR	F	40.0	16.6	6.8	k26	tissue		B	8.7		
GSE53987	GSM1305023	GPL570	MDD_str_1	MDD	STR	M	42.0	14.3	6.4	k45	tissue		W	8.7		
GSE53987	GSM1305024	GPL570	MDD_str_2	MDD	STR	M	44.0	19.3	6.5	k46	tissue		W	8.5		
GSE53987	GSM1305025	GPL570	MDD_str_4	MDD	STR	M	47.0	24.0	6.6	k48	tissue		W	7.3		
GSE53987	GSM1305026	GPL570	MDD_str_5	MDD	STR	M	44.0	11.0	6.5	k70	tissue		W	7.7		
GSE53987	GSM1305027	GPL570	MDD_str_6	MDD	STR	M	59.0	13.0	6.6	k49	tissue		W	8.4		
GSE53987	GSM1305028	GPL570	MDD_str_7	MDD	STR	F	47.0	22.3	6.6	k50	tissue		W	8.2		
GSE53987	GSM1305029	GPL570	MDD_str_8	MDD	STR	M	34.0	24.4	6.6	k51	tissue		W	9.1		
GSE53987	GSM1305030	GPL570	MDD_str_9	MDD	STR	M	51.0	28.3	7.3	k52	tissue		W	8.6		
GSE53987	GSM1305031	GPL570	MDD_str_10	MDD	STR	M	51.0	24.6	6.5	k36	tissue		W	8.3		
GSE53987	GSM1305032	GPL570	MDD_str_11	MDD	STR	F	53.0	11.9	6.7	k37	tissue		W	8.8		
GSE53987	GSM1305033	GPL570	MDD_str_12	MDD	STR	F	26.0	13.4	6.4	k38	tissue		W	9.2		
GSE53987	GSM1305034	GPL570	MDD_str_13	MDD	STR	F	52.0	10.3	6.5	k39	tissue		W	6.7		
GSE53987	GSM1305035	GPL570	MDD_str_14	MDD	STR	M	62.0	26.0	6.5	k40	tissue		W	7.5		
GSE53987	GSM1305036	GPL570	MDD_str_15	MDD	STR	M	29.0	26.6	6.9	k41	tissue		W	9.2		
GSE53987	GSM1305037	GPL570	MDD_str_16	MDD	STR	F	49.0	23.4	6.4	k42	tissue		W	6.7		
GSE53987	GSM1305038	GPL570	MDD_str_17	MDD	STR	F	54.0	17.9	6.2	k43	tissue		W	9.0		
GSE53987	GSM1305039	GPL570	schiz_str_1	SCZ	STR	M	50.0	11.0	6.23	k59	tissue		W	8.5		
GSE53987	GSM1305040	GPL570	schiz_str_2	SCZ	STR	M	46.0	15.8	6.19	k60	tissue		W	7.8		
GSE53987	GSM1305041	GPL570	schiz_str_3	SCZ	STR	F	41.0	20.1	6.27	k61	tissue		W	8.6		
GSE53987	GSM1305042	GPL570	schiz_str_4	SCZ	STR	M	47.0	28.9	6.58	k62	tissue		W	8.4		
GSE53987	GSM1305043	GPL570	schiz_str_5	SCZ	STR	M	37.0	5.98	6.07	k63	tissue		B	6.9		
GSE53987	GSM1305044	GPL570	schiz_str_6	SCZ	STR	M	58.0	7.7	6.22	k64	tissue		W	6.7		
GSE53987	GSM1305045	GPL570	schiz_str_7	SCZ	STR	F	44.0	18.7	6.2	k65	tissue		B	6.9		
GSE53987	GSM1305046	GPL570	schiz_str_8	SCZ	STR	M	38.0	28.8	6.56	k66	tissue		W	6.8		
GSE53987	GSM1305047	GPL570	schiz_str_9	SCZ	STR	M	52.0	27.1	6.68	k67	tissue		B	8.5		
GSE53987	GSM1305048	GPL570	schiz_str_10	SCZ	STR	M	49.0	21.5	5.97	k53	tissue		W	8.4		
GSE53987	GSM1305049	GPL570	schiz_str_11	SCZ	STR	F	47.0	14.37	6.35	k54	tissue		W	8.9		
GSE53987	GSM1305050	GPL570	schiz_str_12	SCZ	STR	F	25.0	20.1	6.73	k55	tissue		B	7.3		
GSE53987	GSM1305051	GPL570	schiz_str_13	SCZ	STR	F	41.0	17.1	6.9	k71	tissue		W	7.3		
GSE53987	GSM1305052	GPL570	schiz_str_14	SCZ	STR	M	62.0	22.7	7.14	k56	tissue		W	7.8		
GSE53987	GSM1305053	GPL570	schiz_str_15	SCZ	STR	M	32.0	30.8	6.18	k73	tissue		W	7.1		
GSE53987	GSM1305054	GPL570	schiz_str_16	SCZ	STR	F	47.0	20.1	7.3	k72	tissue		B	8.8		
GSE53987	GSM1305055	GPL570	schiz_str_17	SCZ	STR	F	50.0	22.9	6.25	k74	tissue		B	8.0		
GSE53987	GSM1305056	GPL570	schiz_str_18	SCZ	STR	F	44.0	24.5	6.63	k57	tissue		W	9.0		
GSE54567	GSM1319050	GPL570	Control matched sample pair brain dorsolateral prefrontal cortex BA9_M #1	CTL	PFC_BA9	M				Mpair1_CTL	tissue	sex from series title (BA*_M/BA*_F); description text mentions temporal pole (apparent copy error)				
GSE54567	GSM1319051	GPL570	Control matched sample pair brain dorsolateral prefrontal cortex BA9_M #2	CTL	PFC_BA9	M				Mpair2_CTL	tissue	sex from series title (BA*_M/BA*_F); description text mentions temporal pole (apparent copy error)				
GSE54567	GSM1319052	GPL570	Control matched sample pair brain dorsolateral prefrontal cortex BA9_M #4	CTL	PFC_BA9	M				Mpair4_CTL	tissue	sex from series title (BA*_M/BA*_F); description text mentions temporal pole (apparent copy error)				
GSE54567	GSM1319053	GPL570	Control matched sample pair brain dorsolateral prefrontal cortex BA9_M #7	CTL	PFC_BA9	M				Mpair7_CTL	tissue	sex from series title (BA*_M/BA*_F); description text mentions temporal pole (apparent copy error)				
GSE54567	GSM1319054	GPL570	Control matched sample pair brain dorsolateral prefrontal cortex BA9_M #11	CTL	PFC_BA9	M				Mpair11_CTL	tissue	sex from series title (BA*_M/BA*_F); description text mentions temporal pole (apparent copy error)				
GSE54567	GSM1319055	GPL570	Control matched sample pair brain dorsolateral prefrontal cortex BA9_M #15	CTL	PFC_BA9	M				Mpair15_CTL	tissue	sex from series title (BA*_M/BA*_F); description text mentions temporal pole (apparent copy error)				
GSE54567	GSM1319056	GPL570	Control matched sample pair brain dorsolateral prefrontal cortex BA9_M #18	CTL	PFC_BA9	M				Mpair18_CTL	tissue	sex from series title (BA*_M/BA*_F); description text mentions temporal pole (apparent copy error)				
GSE54567	GSM1319057	GPL570	Control matched sample pair brain dorsolateral prefrontal cortex BA9_M #20	CTL	PFC_BA9	M				Mpair20_CTL	tissue	sex from series title (BA*_M/BA*_F); description text mentions temporal pole (apparent copy error)				
GSE54567	GSM1319058	GPL570	Control matched sample pair brain dorsolateral prefrontal cortex BA9_M #22	CTL	PFC_BA9	M				Mpair22_CTL	tissue	sex from series title (BA*_M/BA*_F); description text mentions temporal pole (apparent copy error)				
GSE54567	GSM1319059	GPL570	Control matched sample pair brain dorsolateral prefrontal cortex BA9_M #25	CTL	PFC_BA9	M				Mpair25_CTL	tissue	sex from series title (BA*_M/BA*_F); description text mentions temporal pole (apparent copy error)				
GSE54567	GSM1319060	GPL570	Control matched sample pair brain dorsolateral prefrontal cortex BA9_M #26	CTL	PFC_BA9	M				Mpair26_CTL	tissue	sex from series title (BA*_M/BA*_F); description text mentions temporal pole (apparent copy error)				
GSE54567	GSM1319061	GPL570	Control matched sample pair brain dorsolateral prefrontal cortex BA9_M #27	CTL	PFC_BA9	M				Mpair27_CTL	tissue	sex from series title (BA*_M/BA*_F); description text mentions temporal pole (apparent copy error)				
GSE54567	GSM1319062	GPL570	Control matched sample pair brain dorsolateral prefrontal cortex BA9_M #29	CTL	PFC_BA9	M				Mpair29_CTL	tissue	sex from series title (BA*_M/BA*_F); description text mentions temporal pole (apparent copy error)				
GSE54567	GSM1319063	GPL570	Control matched sample pair brain dorsolateral prefrontal cortex BA9_M #30	CTL	PFC_BA9	M				Mpair30_CTL	tissue	sex from series title (BA*_M/BA*_F); description text mentions temporal pole (apparent copy error)				
GSE54567	GSM1319064	GPL570	MDD matched sample pair brain dorsolateral prefrontal cortex BA9_M #1	MDD	PFC_BA9	M				Mpair1_MDD	tissue	sex from series title (BA*_M/BA*_F); description text mentions temporal pole (apparent copy error)				
GSE54567	GSM1319065	GPL570	MDD matched sample pair brain dorsolateral prefrontal cortex BA9_M #2	MDD	PFC_BA9	M				Mpair2_MDD	tissue	sex from series title (BA*_M/BA*_F); description text mentions temporal pole (apparent copy error)				
GSE54567	GSM1319066	GPL570	MDD matched sample pair brain dorsolateral prefrontal cortex BA9_M #4	MDD	PFC_BA9	M				Mpair4_MDD	tissue	sex from series title (BA*_M/BA*_F); description text mentions temporal pole (apparent copy error)				
GSE54567	GSM1319067	GPL570	MDD matched sample pair brain dorsolateral prefrontal cortex BA9_M #7	MDD	PFC_BA9	M				Mpair7_MDD	tissue	sex from series title (BA*_M/BA*_F); description text mentions temporal pole (apparent copy error)				
GSE54567	GSM1319068	GPL570	MDD matched sample pair brain dorsolateral prefrontal cortex BA9_M #11	MDD	PFC_BA9	M				Mpair11_MDD	tissue	sex from series title (BA*_M/BA*_F); description text mentions temporal pole (apparent copy error)				
GSE54567	GSM1319069	GPL570	MDD matched sample pair brain dorsolateral prefrontal cortex BA9_M #15	MDD	PFC_BA9	M				Mpair15_MDD	tissue	sex from series title (BA*_M/BA*_F); description text mentions temporal pole (apparent copy error)				
GSE54567	GSM1319070	GPL570	MDD matched sample pair brain dorsolateral prefrontal cortex BA9_M #18	MDD	PFC_BA9	M				Mpair18_MDD	tissue	sex from series title (BA*_M/BA*_F); description text mentions temporal pole (apparent copy error)				
GSE54567	GSM1319071	GPL570	MDD matched sample pair brain dorsolateral prefrontal cortex BA9_M #20	MDD	PFC_BA9	M				Mpair20_MDD	tissue	sex from series title (BA*_M/BA*_F); description text mentions temporal pole (apparent copy error)				
GSE54567	GSM1319072	GPL570	MDD matched sample pair brain dorsolateral prefrontal cortex BA9_M #22	MDD	PFC_BA9	M				Mpair22_MDD	tissue	sex from series title (BA*_M/BA*_F); description text mentions temporal pole (apparent copy error)				
GSE54567	GSM1319073	GPL570	MDD matched sample pair brain dorsolateral prefrontal cortex BA9_M #25	MDD	PFC_BA9	M				Mpair25_MDD	tissue	sex from series title (BA*_M/BA*_F); description text mentions temporal pole (apparent copy error)				
GSE54567	GSM1319074	GPL570	MDD matched sample pair brain dorsolateral prefrontal cortex BA9_M #26	MDD	PFC_BA9	M				Mpair26_MDD	tissue	sex from series title (BA*_M/BA*_F); description text mentions temporal pole (apparent copy error)				
GSE54567	GSM1319075	GPL570	MDD matched sample pair brain dorsolateral prefrontal cortex BA9_M #27	MDD	PFC_BA9	M				Mpair27_MDD	tissue	sex from series title (BA*_M/BA*_F); description text mentions temporal pole (apparent copy error)				
GSE54567	GSM1319076	GPL570	MDD matched sample pair brain dorsolateral prefrontal cortex BA9_M #29	MDD	PFC_BA9	M				Mpair29_MDD	tissue	sex from series title (BA*_M/BA*_F); description text mentions temporal pole (apparent copy error)				
GSE54567	GSM1319077	GPL570	MDD matched sample pair brain dorsolateral prefrontal cortex BA9_M #30	MDD	PFC_BA9	M				Mpair30_MDD	tissue	sex from series title (BA*_M/BA*_F); description text mentions temporal pole (apparent copy error)				
GSE54568	GSM1319078	GPL570	Control matched sample pair brain dorsolateral prefrontal cortex BA9_F #3	CTL	PFC_BA9	F				Fpair3_CTL	tissue	sex from series title (BA*_M/BA*_F); description text mentions temporal pole (apparent copy error)				
GSE54568	GSM1319079	GPL570	Control matched sample pair brain dorsolateral prefrontal cortex BA9_F #5	CTL	PFC_BA9	F				Fpair5_CTL	tissue	sex from series title (BA*_M/BA*_F); description text mentions temporal pole (apparent copy error)				
GSE54568	GSM1319080	GPL570	Control matched sample pair brain dorsolateral prefrontal cortex BA9_F #6	CTL	PFC_BA9	F				Fpair6_CTL	tissue	sex from series title (BA*_M/BA*_F); description text mentions temporal pole (apparent copy error)				
GSE54568	GSM1319081	GPL570	Control matched sample pair brain dorsolateral prefrontal cortex BA9_F #8	CTL	PFC_BA9	F				Fpair8_CTL	tissue	sex from series title (BA*_M/BA*_F); description text mentions temporal pole (apparent copy error)				
GSE54568	GSM1319082	GPL570	Control matched sample pair brain dorsolateral prefrontal cortex BA9_F #9	CTL	PFC_BA9	F				Fpair9_CTL	tissue	sex from series title (BA*_M/BA*_F); description text mentions temporal pole (apparent copy error)				
GSE54568	GSM1319083	GPL570	Control matched sample pair brain dorsolateral prefrontal cortex BA9_F #10	CTL	PFC_BA9	F				Fpair10_CTL	tissue	sex from series title (BA*_M/BA*_F); description text mentions temporal pole (apparent copy error)				
GSE54568	GSM1319084	GPL570	Control matched sample pair brain dorsolateral prefrontal cortex BA9_F #12	CTL	PFC_BA9	F				Fpair12_CTL	tissue	sex from series title (BA*_M/BA*_F); description text mentions temporal pole (apparent copy error)				
GSE54568	GSM1319085	GPL570	Control matched sample pair brain dorsolateral prefrontal cortex BA9_F #13	CTL	PFC_BA9	F				Fpair13_CTL	tissue	sex from series title (BA*_M/BA*_F); description text mentions temporal pole (apparent copy error)				
GSE54568	GSM1319086	GPL570	Control matched sample pair brain dorsolateral prefrontal cortex BA9_F #14	CTL	PFC_BA9	F				Fpair14_CTL	tissue	sex from series title (BA*_M/BA*_F); description text mentions temporal pole (apparent copy error)				
GSE54568	GSM1319087	GPL570	Control matched sample pair brain dorsolateral prefrontal cortex BA9_F #16	CTL	PFC_BA9	F				Fpair16_CTL	tissue	sex from series title (BA*_M/BA*_F); description text mentions temporal pole (apparent copy error)				
GSE54568	GSM1319088	GPL570	Control matched sample pair brain dorsolateral prefrontal cortex BA9_F #17	CTL	PFC_BA9	F				Fpair17_CTL	tissue	sex from series title (BA*_M/BA*_F); description text mentions temporal pole (apparent copy error)				
GSE54568	GSM1319089	GPL570	Control matched sample pair brain dorsolateral prefrontal cortex BA9_F #19	CTL	PFC_BA9	F				Fpair19_CTL	tissue	sex from series title (BA*_M/BA*_F); description text mentions temporal pole (apparent copy error)				
GSE54568	GSM1319090	GPL570	Control matched sample pair brain dorsolateral prefrontal cortex BA9_F #21	CTL	PFC_BA9	F				Fpair21_CTL	tissue	sex from series title (BA*_M/BA*_F); description text mentions temporal pole (apparent copy error)				
GSE54568	GSM1319091	GPL570	Control matched sample pair brain dorsolateral prefrontal cortex BA9_F #24	CTL	PFC_BA9	F				Fpair24_CTL	tissue	sex from series title (BA*_M/BA*_F); description text mentions temporal pole (apparent copy error)				
GSE54568	GSM1319092	GPL570	Control matched sample pair brain dorsolateral prefrontal cortex BA9_F #28	CTL	PFC_BA9	F				Fpair28_CTL	tissue	sex from series title (BA*_M/BA*_F); description text mentions temporal pole (apparent copy error)				
GSE54568	GSM1319093	GPL570	MDD matched sample pair brain dorsolateral prefrontal cortex BA9_F #3	MDD	PFC_BA9	F				Fpair3_MDD	tissue	sex from series title (BA*_M/BA*_F); description text mentions temporal pole (apparent copy error)				
GSE54568	GSM1319094	GPL570	MDD matched sample pair brain dorsolateral prefrontal cortex BA9_F #5	MDD	PFC_BA9	F				Fpair5_MDD	tissue	sex from series title (BA*_M/BA*_F); description text mentions temporal pole (apparent copy error)				
GSE54568	GSM1319095	GPL570	MDD matched sample pair brain dorsolateral prefrontal cortex BA9_F #6	MDD	PFC_BA9	F				Fpair6_MDD	tissue	sex from series title (BA*_M/BA*_F); description text mentions temporal pole (apparent copy error)				
GSE54568	GSM1319096	GPL570	MDD matched sample pair brain dorsolateral prefrontal cortex BA9_F #8	MDD	PFC_BA9	F				Fpair8_MDD	tissue	sex from series title (BA*_M/BA*_F); description text mentions temporal pole (apparent copy error)				
GSE54568	GSM1319097	GPL570	MDD matched sample pair brain dorsolateral prefrontal cortex BA9_F #9	MDD	PFC_BA9	F				Fpair9_MDD	tissue	sex from series title (BA*_M/BA*_F); description text mentions temporal pole (apparent copy error)				
GSE54568	GSM1319098	GPL570	MDD matched sample pair brain dorsolateral prefrontal cortex BA9_F #10	MDD	PFC_BA9	F				Fpair10_MDD	tissue	sex from series title (BA*_M/BA*_F); description text mentions temporal pole (apparent copy error)				
GSE54568	GSM1319099	GPL570	MDD matched sample pair brain dorsolateral prefrontal cortex BA9_F #12	MDD	PFC_BA9	F				Fpair12_MDD	tissue	sex from series title (BA*_M/BA*_F); description text mentions temporal pole (apparent copy error)				
GSE54568	GSM1319100	GPL570	MDD matched sample pair brain dorsolateral prefrontal cortex BA9_F #13	MDD	PFC_BA9	F				Fpair13_MDD	tissue	sex from series title (BA*_M/BA*_F); description text mentions temporal pole (apparent copy error)				
GSE54568	GSM1319101	GPL570	MDD matched sample pair brain dorsolateral prefrontal cortex BA9_F #14	MDD	PFC_BA9	F				Fpair14_MDD	tissue	sex from series title (BA*_M/BA*_F); description text mentions temporal pole (apparent copy error)				
GSE54568	GSM1319102	GPL570	MDD matched sample pair brain dorsolateral prefrontal cortex BA9_F #16	MDD	PFC_BA9	F				Fpair16_MDD	tissue	sex from series title (BA*_M/BA*_F); description text mentions temporal pole (apparent copy error)				
GSE54568	GSM1319103	GPL570	MDD matched sample pair brain dorsolateral prefrontal cortex BA9_F #17	MDD	PFC_BA9	F				Fpair17_MDD	tissue	sex from series title (BA*_M/BA*_F); description text mentions temporal pole (apparent copy error)				
GSE54568	GSM1319104	GPL570	MDD matched sample pair brain dorsolateral prefrontal cortex BA9_F #19	MDD	PFC_BA9	F				Fpair19_MDD	tissue	sex from series title (BA*_M/BA*_F); description text mentions temporal pole (apparent copy error)				
GSE54568	GSM1319105	GPL570	MDD matched sample pair brain dorsolateral prefrontal cortex BA9_F #21	MDD	PFC_BA9	F				Fpair21_MDD	tissue	sex from series title (BA*_M/BA*_F); description text mentions temporal pole (apparent copy error)				
GSE54568	GSM1319106	GPL570	MDD matched sample pair brain dorsolateral prefrontal cortex BA9_F #24	MDD	PFC_BA9	F				Fpair24_MDD	tissue	sex from series title (BA*_M/BA*_F); description text mentions temporal pole (apparent copy error)				
GSE54568	GSM1319107	GPL570	MDD matched sample pair brain dorsolateral prefrontal cortex BA9_F #28	MDD	PFC_BA9	F				Fpair28_MDD	tissue	sex from series title (BA*_M/BA*_F); description text mentions temporal pole (apparent copy error)				
GSE54571	GSM1319142	GPL570	Control matched sample pair brain anterior cingulate cortex BA25_F #3	CTL	ACC_BA25	F				Fpair3_CTL	tissue	sex from series title (BA*_M/BA*_F); description text mentions temporal pole (apparent copy error)				
GSE54571	GSM1319143	GPL570	Control matched sample pair brain anterior cingulate cortex BA25_F #5	CTL	ACC_BA25	F				Fpair5_CTL	tissue	sex from series title (BA*_M/BA*_F); description text mentions temporal pole (apparent copy error)				
GSE54571	GSM1319144	GPL570	Control matched sample pair brain anterior cingulate cortex BA25_F #8	CTL	ACC_BA25	F				Fpair8_CTL	tissue	sex from series title (BA*_M/BA*_F); description text mentions temporal pole (apparent copy error)				
GSE54571	GSM1319145	GPL570	Control matched sample pair brain anterior cingulate cortex BA25_F #9	CTL	ACC_BA25	F				Fpair9_CTL	tissue	sex from series title (BA*_M/BA*_F); description text mentions temporal pole (apparent copy error)				
GSE54571	GSM1319146	GPL570	Control matched sample pair brain anterior cingulate cortex BA25_F #10	CTL	ACC_BA25	F				Fpair10_CTL	tissue	sex from series title (BA*_M/BA*_F); description text mentions temporal pole (apparent copy error)				
GSE54571	GSM1319147	GPL570	Control matched sample pair brain anterior cingulate cortex BA25_F #12	CTL	ACC_BA25	F				Fpair12_CTL	tissue	sex from series title (BA*_M/BA*_F); description text mentions temporal pole (apparent copy error)				
GSE54571	GSM1319148	GPL570	Control matched sample pair brain anterior cingulate cortex BA25_F #13	CTL	ACC_BA25	F				Fpair13_CTL	tissue	sex from series title (BA*_M/BA*_F); description text mentions temporal pole (apparent copy error)				
GSE54571	GSM1319149	GPL570	Control matched sample pair brain anterior cingulate cortex BA25_F #14	CTL	ACC_BA25	F				Fpair14_CTL	tissue	sex from series title (BA*_M/BA*_F); description text mentions temporal pole (apparent copy error)				
GSE54571	GSM1319150	GPL570	Control matched sample pair brain anterior cingulate cortex BA25_F #16	CTL	ACC_BA25	F				Fpair16_CTL	tissue	sex from series title (BA*_M/BA*_F); description text mentions temporal pole (apparent copy error)				
GSE54571	GSM1319151	GPL570	Control matched sample pair brain anterior cingulate cortex BA25_F #17	CTL	ACC_BA25	F				Fpair17_CTL	tissue	sex from series title (BA*_M/BA*_F); description text mentions temporal pole (apparent copy error)				
GSE54571	GSM1319152	GPL570	Control matched sample pair brain anterior cingulate cortex BA25_F #19	CTL	ACC_BA25	F				Fpair19_CTL	tissue	sex from series title (BA*_M/BA*_F); description text mentions temporal pole (apparent copy error)				
GSE54571	GSM1319153	GPL570	Control matched sample pair brain anterior cingulate cortex BA25_F #21	CTL	ACC_BA25	F				Fpair21_CTL	tissue	sex from series title (BA*_M/BA*_F); description text mentions temporal pole (apparent copy error)				
GSE54571	GSM1319154	GPL570	Control matched sample pair brain anterior cingulate cortex BA25_F #24	CTL	ACC_BA25	F				Fpair24_CTL	tissue	sex from series title (BA*_M/BA*_F); description text mentions temporal pole (apparent copy error)				
GSE54571	GSM1319155	GPL570	MDD matched sample pair brain anterior cingulate cortex BA25_F #3	MDD	ACC_BA25	F				Fpair3_MDD	tissue	sex from series title (BA*_M/BA*_F); description text mentions temporal pole (apparent copy error)				
GSE54571	GSM1319156	GPL570	MDD matched sample pair brain anterior cingulate cortex BA25_F #5	MDD	ACC_BA25	F				Fpair5_MDD	tissue	sex from series title (BA*_M/BA*_F); description text mentions temporal pole (apparent copy error)				
GSE54571	GSM1319157	GPL570	MDD matched sample pair brain anterior cingulate cortex BA25_F #8	MDD	ACC_BA25	F				Fpair8_MDD	tissue	sex from series title (BA*_M/BA*_F); description text mentions temporal pole (apparent copy error)				
GSE54571	GSM1319158	GPL570	MDD matched sample pair brain anterior cingulate cortex BA25_F #9	MDD	ACC_BA25	F				Fpair9_MDD	tissue	sex from series title (BA*_M/BA*_F); description text mentions temporal pole (apparent copy error)				
GSE54571	GSM1319159	GPL570	MDD matched sample pair brain anterior cingulate cortex BA25_F #10	MDD	ACC_BA25	F				Fpair10_MDD	tissue	sex from series title (BA*_M/BA*_F); description text mentions temporal pole (apparent copy error)				
GSE54571	GSM1319160	GPL570	MDD matched sample pair brain anterior cingulate cortex BA25_F #12	MDD	ACC_BA25	F				Fpair12_MDD	tissue	sex from series title (BA*_M/BA*_F); description text mentions temporal pole (apparent copy error)				
GSE54571	GSM1319161	GPL570	MDD matched sample pair brain anterior cingulate cortex BA25_F #13	MDD	ACC_BA25	F				Fpair13_MDD	tissue	sex from series title (BA*_M/BA*_F); description text mentions temporal pole (apparent copy error)				
GSE54571	GSM1319162	GPL570	MDD matched sample pair brain anterior cingulate cortex BA25_F #14	MDD	ACC_BA25	F				Fpair14_MDD	tissue	sex from series title (BA*_M/BA*_F); description text mentions temporal pole (apparent copy error)				
GSE54571	GSM1319163	GPL570	MDD matched sample pair brain anterior cingulate cortex BA25_F #16	MDD	ACC_BA25	F				Fpair16_MDD	tissue	sex from series title (BA*_M/BA*_F); description text mentions temporal pole (apparent copy error)				
GSE54571	GSM1319164	GPL570	MDD matched sample pair brain anterior cingulate cortex BA25_F #17	MDD	ACC_BA25	F				Fpair17_MDD	tissue	sex from series title (BA*_M/BA*_F); description text mentions temporal pole (apparent copy error)				
GSE54571	GSM1319165	GPL570	MDD matched sample pair brain anterior cingulate cortex BA25_F #19	MDD	ACC_BA25	F				Fpair19_MDD	tissue	sex from series title (BA*_M/BA*_F); description text mentions temporal pole (apparent copy error)				
GSE54571	GSM1319166	GPL570	MDD matched sample pair brain anterior cingulate cortex BA25_F #21	MDD	ACC_BA25	F				Fpair21_MDD	tissue	sex from series title (BA*_M/BA*_F); description text mentions temporal pole (apparent copy error)				
GSE54571	GSM1319167	GPL570	MDD matched sample pair brain anterior cingulate cortex BA25_F #24	MDD	ACC_BA25	F				Fpair24_MDD	tissue	sex from series title (BA*_M/BA*_F); description text mentions temporal pole (apparent copy error)				
GSE54572	GSM1319168	GPL570	Control matched sample pair brain anterior cingulate cortex BA25_M #2	CTL	ACC_BA25	M				Mpair2_CTL	tissue	sex from series title (BA*_M/BA*_F); description text mentions temporal pole (apparent copy error)				
GSE54572	GSM1319169	GPL570	Control matched sample pair brain anterior cingulate cortex BA25_M #4	CTL	ACC_BA25	M				Mpair4_CTL	tissue	sex from series title (BA*_M/BA*_F); description text mentions temporal pole (apparent copy error)				
GSE54572	GSM1319170	GPL570	Control matched sample pair brain anterior cingulate cortex BA25_M #7	CTL	ACC_BA25	M				Mpair7_CTL	tissue	sex from series title (BA*_M/BA*_F); description text mentions temporal pole (apparent copy error)				
GSE54572	GSM1319171	GPL570	Control matched sample pair brain anterior cingulate cortex BA25_M #11	CTL	ACC_BA25	M				Mpair11_CTL	tissue	sex from series title (BA*_M/BA*_F); description text mentions temporal pole (apparent copy error)				
GSE54572	GSM1319172	GPL570	Control matched sample pair brain anterior cingulate cortex BA25_M #15	CTL	ACC_BA25	M				Mpair15_CTL	tissue	sex from series title (BA*_M/BA*_F); description text mentions temporal pole (apparent copy error)				
GSE54572	GSM1319173	GPL570	Control matched sample pair brain anterior cingulate cortex BA25_M #18	CTL	ACC_BA25	M				Mpair18_CTL	tissue	sex from series title (BA*_M/BA*_F); description text mentions temporal pole (apparent copy error)				
GSE54572	GSM1319174	GPL570	Control matched sample pair brain anterior cingulate cortex BA25_M #20	CTL	ACC_BA25	M				Mpair20_CTL	tissue	sex from series title (BA*_M/BA*_F); description text mentions temporal pole (apparent copy error)				
GSE54572	GSM1319175	GPL570	Control matched sample pair brain anterior cingulate cortex BA25_M #22	CTL	ACC_BA25	M				Mpair22_CTL	tissue	sex from series title (BA*_M/BA*_F); description text mentions temporal pole (apparent copy error)				
GSE54572	GSM1319176	GPL570	Control matched sample pair brain anterior cingulate cortex BA25_M #25	CTL	ACC_BA25	M				Mpair25_CTL	tissue	sex from series title (BA*_M/BA*_F); description text mentions temporal pole (apparent copy error)				
GSE54572	GSM1319177	GPL570	Control matched sample pair brain anterior cingulate cortex BA25_M #26	CTL	ACC_BA25	M				Mpair26_CTL	tissue	sex from series title (BA*_M/BA*_F); description text mentions temporal pole (apparent copy error)				
GSE54572	GSM1319178	GPL570	Control matched sample pair brain anterior cingulate cortex BA25_M #29	CTL	ACC_BA25	M				Mpair29_CTL	tissue	sex from series title (BA*_M/BA*_F); description text mentions temporal pole (apparent copy error)				
GSE54572	GSM1319179	GPL570	Control matched sample pair brain anterior cingulate cortex BA25_M #30	CTL	ACC_BA25	M				Mpair30_CTL	tissue	sex from series title (BA*_M/BA*_F); description text mentions temporal pole (apparent copy error)				
GSE54572	GSM1319180	GPL570	MDD matched sample pair brain anterior cingulate cortex BA25_M #2	MDD	ACC_BA25	M				Mpair2_MDD	tissue	sex from series title (BA*_M/BA*_F); description text mentions temporal pole (apparent copy error)				
GSE54572	GSM1319181	GPL570	MDD matched sample pair brain anterior cingulate cortex BA25_M #4	MDD	ACC_BA25	M				Mpair4_MDD	tissue	sex from series title (BA*_M/BA*_F); description text mentions temporal pole (apparent copy error)				
GSE54572	GSM1319182	GPL570	MDD matched sample pair brain anterior cingulate cortex BA25_M #7	MDD	ACC_BA25	M				Mpair7_MDD	tissue	sex from series title (BA*_M/BA*_F); description text mentions temporal pole (apparent copy error)				
GSE54572	GSM1319183	GPL570	MDD matched sample pair brain anterior cingulate cortex BA25_M #11	MDD	ACC_BA25	M				Mpair11_MDD	tissue	sex from series title (BA*_M/BA*_F); description text mentions temporal pole (apparent copy error)				
GSE54572	GSM1319184	GPL570	MDD matched sample pair brain anterior cingulate cortex BA25_M #15	MDD	ACC_BA25	M				Mpair15_MDD	tissue	sex from series title (BA*_M/BA*_F); description text mentions temporal pole (apparent copy error)				
GSE54572	GSM1319185	GPL570	MDD matched sample pair brain anterior cingulate cortex BA25_M #18	MDD	ACC_BA25	M				Mpair18_MDD	tissue	sex from series title (BA*_M/BA*_F); description text mentions temporal pole (apparent copy error)				
GSE54572	GSM1319186	GPL570	MDD matched sample pair brain anterior cingulate cortex BA25_M #20	MDD	ACC_BA25	M				Mpair20_MDD	tissue	sex from series title (BA*_M/BA*_F); description text mentions temporal pole (apparent copy error)				
GSE54572	GSM1319187	GPL570	MDD matched sample pair brain anterior cingulate cortex BA25_M #22	MDD	ACC_BA25	M				Mpair22_MDD	tissue	sex from series title (BA*_M/BA*_F); description text mentions temporal pole (apparent copy error)				
GSE54572	GSM1319188	GPL570	MDD matched sample pair brain anterior cingulate cortex BA25_M #25	MDD	ACC_BA25	M				Mpair25_MDD	tissue	sex from series title (BA*_M/BA*_F); description text mentions temporal pole (apparent copy error)				
GSE54572	GSM1319189	GPL570	MDD matched sample pair brain anterior cingulate cortex BA25_M #26	MDD	ACC_BA25	M				Mpair26_MDD	tissue	sex from series title (BA*_M/BA*_F); description text mentions temporal pole (apparent copy error)				
GSE54572	GSM1319190	GPL570	MDD matched sample pair brain anterior cingulate cortex BA25_M #29	MDD	ACC_BA25	M				Mpair29_MDD	tissue	sex from series title (BA*_M/BA*_F); description text mentions temporal pole (apparent copy error)				
GSE54572	GSM1319191	GPL570	MDD matched sample pair brain anterior cingulate cortex BA25_M #30	MDD	ACC_BA25	M				Mpair30_MDD	tissue	sex from series title (BA*_M/BA*_F); description text mentions temporal pole (apparent copy error)				
GSE92538	GSM2431715	GPL10526	DLPFC_Female_Schizophrenia_p_UCDavis_101057	SCZ	PFC_DLPFC	F	53.0	34.0	6.78	101057	tissue				U133Plus2	UC_Davis
GSE92538	GSM2431716	GPL10526	DLPFC_Male_Schizophrenia_p_UCDavis_101078	SCZ	PFC_DLPFC	M	39.0	7.5	6.83	101078	tissue				U133Plus2	UC_Davis
GSE92538	GSM2431717	GPL10526	DLPFC_Male_Schizophrenia_r_p_UCDavis_101078	SCZ	PFC_DLPFC	M	39.0	7.5	6.83	101078	tissue				U133Plus2	UC_Davis
GSE92538	GSM2431718	GPL17027	DLPFC_Male_Schizophrenia_UCDavis_101078	SCZ	PFC_DLPFC	M	39.0	7.5	6.83	101078	tissue				U133A	UC_Davis
GSE92538	GSM2431719	GPL10526	DLPFC_Male_Control_p_UCDavis_101091	CTL	PFC_DLPFC	M	53.0	14.5	6.64	101091	tissue				U133Plus2	UC_Davis
GSE92538	GSM2431720	GPL10526	DLPFC_Male_Control_p_UCDavis_101108	CTL	PFC_DLPFC	M	56.0	24.5	6.98	101108	tissue				U133Plus2	UC_Davis
GSE92538	GSM2431721	GPL17027	DLPFC_Male_Control_UCDavis_101244	CTL	PFC_DLPFC	M	32.0	27.25	6.97	101244	tissue				U133A	UC_Davis
GSE92538	GSM2431722	GPL17027	DLPFC_Female_Control_UCDavis_101283	CTL	PFC_DLPFC	F	63.0	29.5	7.01	101283	tissue				U133A	UC_Davis
GSE92538	GSM2431723	GPL17027	DLPFC_Female_Control_UCDavis_101309	CTL	PFC_DLPFC	F	70.0	14.5		101309	tissue				U133A	UC_Davis
GSE92538	GSM2431724	GPL10526	DLPFC_Male_Control_p_UCDavis_101407	CTL	PFC_DLPFC	M	77.0	23.0	6.76	101407	tissue				U133Plus2	UC_Davis
GSE92538	GSM2431725	GPL10526	DLPFC_Male_Schizophrenia_p_UCDavis_101421	SCZ	PFC_DLPFC	M	45.0	20.0	7.05	101421	tissue				U133Plus2	UC_Davis
GSE92538	GSM2431726	GPL17027	DLPFC_Male_Control_UCDavis_101431	CTL	PFC_DLPFC	M	71.0	36.5		101431	tissue				U133A	UC_Davis
GSE92538	GSM2431727	GPL17027	DLPFC_Male_Control_UCDavis_101488	CTL	PFC_DLPFC	M	44.0	23.0	6.87	101488	tissue				U133A	UC_Davis
GSE92538	GSM2431728	GPL17027	DLPFC_Male_MajorDepressiveDisorder_UCDavis_101597	MDD	PFC_DLPFC	M	66.0	32.0	7.05	101597	tissue				U133A	UC_Davis
GSE92538	GSM2431729	GPL10526	DLPFC_Female_Schizophrenia_p_UCDavis_101618	SCZ	PFC_DLPFC	F	32.0	29.0	6.55	101618	tissue				U133Plus2	UC_Davis
GSE92538	GSM2431730	GPL17027	DLPFC_Female_Schizophrenia_UCDavis_101657	SCZ	PFC_DLPFC	F	59.0	13.25	6.38	101657	tissue				U133A	UC_Davis
GSE92538	GSM2431731	GPL17027	DLPFC_Male_MajorDepressiveDisorder_UCDavis_101674	MDD	PFC_DLPFC	M	65.0	26.0	6.72	101674	tissue				U133A	UC_Davis
GSE92538	GSM2431732	GPL10526	DLPFC_Female_BipolarDisorder_p_UCDavis_101677	BD	PFC_DLPFC	F	59.0	27.0	6.55	101677	tissue				U133Plus2	UC_Davis
GSE92538	GSM2431733	GPL17027	DLPFC_Male_BipolarDisorder_UCDavis_101690	BD	PFC_DLPFC	M	69.0	11.25	6.91	101690	tissue				U133A	UC_Davis
GSE92538	GSM2431734	GPL17027	DLPFC_Male_Control_UCDavis_101736	CTL	PFC_DLPFC	M	52.0	23.0	6.06	101736	tissue				U133A	UC_Davis
GSE92538	GSM2431735	GPL17027	DLPFC_Male_MajorDepressiveDisorder_UCDavis_101739	MDD	PFC_DLPFC	M	49.0	36.5	7.0	101739	tissue				U133A	UC_Davis
GSE92538	GSM2431736	GPL10526	DLPFC_Male_Control_p_UCDavis_101772	CTL	PFC_DLPFC	M	66.0	18.5	6.94	101772	tissue				U133Plus2	UC_Davis
GSE92538	GSM2431737	GPL17027	DLPFC_Male_Control_UCDavis_101811	CTL	PFC_DLPFC	M	58.0	26.0	7.02	101811	tissue				U133A	UC_Davis
GSE92538	GSM2431738	GPL17027	DLPFC_Male_Control_UCDavis_101923	CTL	PFC_DLPFC	M	45.0	21.0	6.86	101923	tissue				U133A	UC_Davis
GSE92538	GSM2431739	GPL17027	DLPFC_Female_Control_UCDavis_101956	CTL	PFC_DLPFC	F	72.0	26.25		101956	tissue				U133A	UC_Davis
GSE92538	GSM2431740	GPL17027	DLPFC_Female_Control_UCDavis_102038	CTL	PFC_DLPFC	F	73.0	24.0	6.54	102038	tissue				U133A	UC_Davis
GSE92538	GSM2431741	GPL10526	DLPFC_Male_Schizophrenia_p_UCDavis_102118	SCZ	PFC_DLPFC	M	44.0	24.0	7.21	102118	tissue				U133Plus2	UC_Davis
GSE92538	GSM2431742	GPL10526	DLPFC_Male_Schizophrenia_r_p_UCDavis_102118	SCZ	PFC_DLPFC	M	44.0	24.0	7.21	102118	tissue				U133Plus2	UC_Davis
GSE92538	GSM2431743	GPL17027	DLPFC_Male_Schizophrenia_UCDavis_102118	SCZ	PFC_DLPFC	M	44.0	24.0	7.21	102118	tissue				U133A	UC_Davis
GSE92538	GSM2431744	GPL10526	DLPFC_Male_Control_p_UCDavis_102194	CTL	PFC_DLPFC	M	55.0	23.0		102194	tissue				U133Plus2	UC_Davis
GSE92538	GSM2431745	GPL17027	DLPFC_Female_Control_UCDavis_102212	CTL	PFC_DLPFC	F	64.0	19.25	6.83	102212	tissue				U133A	UC_Davis
GSE92538	GSM2431746	GPL10526	DLPFC_Male_Schizophrenia_p_UCDavis_102218	SCZ	PFC_DLPFC	M	42.0	8.5	7.04	102218	tissue				U133Plus2	UC_Davis
GSE92538	GSM2431747	GPL10526	DLPFC_Male_Schizophrenia_p_UCDavis_102317	SCZ	PFC_DLPFC	M	59.0	35.75	6.42	102317	tissue				U133Plus2	UC_Davis
GSE92538	GSM2431748	GPL10526	DLPFC_Male_MajorDepressiveDisorder_p_UCDavis_102362	MDD	PFC_DLPFC	M	50.0	30.8	6.84	102362	tissue				U133Plus2	UC_Davis
GSE92538	GSM2431749	GPL17027	DLPFC_Female_Control_UCDavis_102420	CTL	PFC_DLPFC	F	70.0	20.5	6.63	102420	tissue				U133A	UC_Davis
GSE92538	GSM2431750	GPL17027	DLPFC_Female_Control_UCDavis_102422	CTL	PFC_DLPFC	F	52.0	36.0		102422	tissue				U133A	UC_Davis
GSE92538	GSM2431751	GPL17027	DLPFC_Female_MajorDepressiveDisorder_UCDavis_102432	MDD	PFC_DLPFC	F	77.0	25.5	6.42	102432	tissue				U133A	UC_Davis
GSE92538	GSM2431752	GPL17027	DLPFC_Male_Control_UCDavis_102440	CTL	PFC_DLPFC	M	59.0	13.5	6.38	102440	tissue				U133A	UC_Davis
GSE92538	GSM2431753	GPL17027	DLPFC_Male_Control_UCDavis_102475	CTL	PFC_DLPFC	M	55.0	15.0	6.89	102475	tissue				U133A	UC_Davis
GSE92538	GSM2431754	GPL10526	DLPFC_Male_MajorDepressiveDisorder_p_UCDavis_102482	MDD	PFC_DLPFC	M	40.0	25.5	6.99	102482	tissue				U133Plus2	UC_Davis
GSE92538	GSM2431755	GPL17027	DLPFC_Male_MajorDepressiveDisorder_UCDavis_102513	MDD	PFC_DLPFC	M	49.0	35.5	7.19	102513	tissue				U133A	UC_Davis
GSE92538	GSM2431756	GPL17027	DLPFC_Male_Control_UCDavis_102539	CTL	PFC_DLPFC	M	49.0	31.25	6.68	102539	tissue				U133A	UC_Davis
GSE92538	GSM2431757	GPL10526	DLPFC_Male_Control_p_UCDavis_102623	CTL	PFC_DLPFC	M	30.0	18.2	7.15	102623	tissue				U133Plus2	UC_Davis
GSE92538	GSM2431758	GPL17027	DLPFC_Male_MajorDepressiveDisorder_UCDavis_102636	MDD	PFC_DLPFC	M	53.0	17.3	6.62	102636	tissue				U133A	UC_Davis
GSE92538	GSM2431759	GPL17027	DLPFC_Female_Control_UCDavis_102785	CTL	PFC_DLPFC	F	62.0	17.5		102785	tissue				U133A	UC_Davis
GSE92538	GSM2431760	GPL10526	DLPFC_Male_Control_p_UCDavis_102854	CTL	PFC_DLPFC	M	69.0	25.8	7.12	102854	tissue				U133Plus2	UC_Davis
GSE92538	GSM2431761	GPL17027	DLPFC_Female_Schizophrenia_UCDavis_103037	SCZ	PFC_DLPFC	F	47.0	32.0	7.17	103037	tissue				U133A	UC_Davis
GSE92538	GSM2431762	GPL17027	DLPFC_Male_Control_UCDavis_103068	CTL	PFC_DLPFC	M	67.0	36.5		103068	tissue				U133A	UC_Davis
GSE92538	GSM2431763	GPL17027	DLPFC_Male_MajorDepressiveDisorder_UCDavis_103091	MDD	PFC_DLPFC	M	57.0	36.5	6.84	103091	tissue				U133A	UC_Davis
GSE92538	GSM2431764	GPL10526	DLPFC_Male_Control_p_UCDavis_103166	CTL	PFC_DLPFC	M	63.0	25.0	6.88	103166	tissue				U133Plus2	UC_Davis
GSE92538	GSM2431765	GPL17027	DLPFC_Male_Control_UCDavis_103262	CTL	PFC_DLPFC	M	35.0	32.0	6.76	103262	tissue				U133A	UC_Davis
GSE92538	GSM2431766	GPL10526	DLPFC_Male_Schizophrenia_p_UCDavis_103311	SCZ	PFC_DLPFC	M	48.0	27.0	6.93	103311	tissue				U133Plus2	UC_Davis
GSE92538	GSM2431767	GPL10526	DLPFC_Male_Schizophrenia_r_p_UCDavis_103311	SCZ	PFC_DLPFC	M	48.0	27.0	6.93	103311	tissue				U133Plus2	UC_Davis
GSE92538	GSM2431768	GPL17027	DLPFC_Male_Schizophrenia_UCDavis_103311	SCZ	PFC_DLPFC	M	48.0	27.0	6.93	103311	tissue				U133A	UC_Davis
GSE92538	GSM2431769	GPL10526	DLPFC_Male_Control_p_UCDavis_103610	CTL	PFC_DLPFC	M	69.0	21.0	6.59	103610	tissue				U133Plus2	UC_Davis
GSE92538	GSM2431770	GPL10526	DLPFC_Male_MajorDepressiveDisorder_p_UCDavis_103625	MDD	PFC_DLPFC	M	24.0	34.5	7.16	103625	tissue				U133Plus2	UC_Davis
GSE92538	GSM2431771	GPL17027	DLPFC_Male_Control_UCDavis_103984	CTL	PFC_DLPFC	M	19.0	6.5	6.59	103984	tissue				U133A	UC_Davis
GSE92538	GSM2431772	GPL17027	DLPFC_Male_Control_UCDavis_103998	CTL	PFC_DLPFC	M	54.0	25.0	6.61	103998	tissue				U133A	UC_Davis
GSE92538	GSM2431773	GPL17027	DLPFC_Male_BipolarDisorder_UCDavis_104097	BD	PFC_DLPFC	M	73.0	10.5	6.62	104097	tissue				U133A	UC_Davis
GSE92538	GSM2431774	GPL10526	DLPFC_Male_Control_p_UCDavis_104126	CTL	PFC_DLPFC	M	48.0	20.2	6.79	104126	tissue				U133Plus2	UC_Davis
GSE92538	GSM2431775	GPL10526	DLPFC_Male_Control_r_p_UCDavis_104126	CTL	PFC_DLPFC	M	48.0	20.2	6.79	104126	tissue				U133Plus2	UC_Davis
GSE92538	GSM2431776	GPL17027	DLPFC_Male_Control_UCDavis_104126	CTL	PFC_DLPFC	M	48.0	20.2	6.79	104126	tissue				U133A	UC_Davis
GSE92538	GSM2431777	GPL17027	DLPFC_Male_BipolarDisorder_UCDavis_104184	BD	PFC_DLPFC	M	69.0	28.5	7.2	104184	tissue				U133A	UC_Davis
GSE92538	GSM2431778	GPL10526	DLPFC_Male_Schizophrenia_p_UCDavis_104259	SCZ	PFC_DLPFC	M	50.0	6.25	6.81	104259	tissue				U133Plus2	UC_Davis
GSE92538	GSM2431779	GPL10526	DLPFC_Male_Schizophrenia_r_p_UCDavis_104259	SCZ	PFC_DLPFC	M	50.0	6.25	6.81	104259	tissue				U133Plus2	UC_Davis
GSE92538	GSM2431780	GPL17027	DLPFC_Male_Schizophrenia_UCDavis_104259	SCZ	PFC_DLPFC	M	50.0	6.25	6.81	104259	tissue				U133A	UC_Davis
GSE92538	GSM2431781	GPL10526	DLPFC_Female_Schizophrenia_p_UCDavis_104344	SCZ	PFC_DLPFC	F	31.0	22.0	6.77	104344	tissue				U133Plus2	UC_Davis
GSE92538	GSM2431782	GPL10526	DLPFC_Male_MajorDepressiveDisorder_p_UCDavis_104349	MDD	PFC_DLPFC	M	19.0	30.5	7.06	104349	tissue				U133Plus2	UC_Davis
GSE92538	GSM2431783	GPL17027	DLPFC_Male_Schizophrenia_UCDavis_104655	SCZ	PFC_DLPFC	M	48.0	19.5	6.24	104655	tissue				U133A	UC_Davis
GSE92538	GSM2431784	GPL17027	DLPFC_Female_Control_UCDavis_104659	CTL	PFC_DLPFC	F	65.0	31.25		104659	tissue				U133A	UC_Davis
GSE92538	GSM2431785	GPL17027	DLPFC_Female_BipolarDisorder_UCDavis_104767	BD	PFC_DLPFC	F	69.0	28.25	6.65	104767	tissue				U133A	UC_Davis
GSE92538	GSM2431786	GPL17027	DLPFC_Female_BipolarDisorder_UCDavis_104808	BD	PFC_DLPFC	F	56.0	29.0	6.83	104808	tissue				U133A	UC_Davis
GSE92538	GSM2431787	GPL17027	DLPFC_Male_MajorDepressiveDisorder_UCDavis_104851	MDD	PFC_DLPFC	M	63.0	34.0	7.17	104851	tissue				U133A	UC_Davis
GSE92538	GSM2431788	GPL17027	DLPFC_Female_MajorDepressiveDisorder_UCDavis_105080	MDD	PFC_DLPFC	F	80.0	15.0	6.68	105080	tissue				U133A	UC_Davis
GSE92538	GSM2431789	GPL17027	DLPFC_Female_Control_UCDavis_105141	CTL	PFC_DLPFC	F	60.0	24.0	6.99	105141	tissue				U133A	UC_Davis
GSE92538	GSM2431790	GPL17027	DLPFC_Male_Control_UCDavis_105262	CTL	PFC_DLPFC	M	55.0	22.75		105262	tissue				U133A	UC_Davis
GSE92538	GSM2431791	GPL17027	DLPFC_Male_Control_UCDavis_105476	CTL	PFC_DLPFC	M	40.0	45.5	7.07	105476	tissue				U133A	UC_Davis
GSE92538	GSM2431792	GPL17027	DLPFC_Male_MajorDepressiveDisorder_UCDavis_105506	MDD	PFC_DLPFC	M	39.0	28.0	6.79	105506	tissue				U133A	UC_Davis
GSE92538	GSM2431793	GPL10526	DLPFC_Male_BipolarDisorder_p_UCDavis_105544	BD	PFC_DLPFC	M	33.0	23.5	6.41	105544	tissue				U133Plus2	UC_Davis
GSE92538	GSM2431794	GPL17027	DLPFC_Male_BipolarDisorder_UCDavis_105621	BD	PFC_DLPFC	M	59.0	21.0	6.99	105621	tissue				U133A	UC_Davis
GSE92538	GSM2431795	GPL17027	DLPFC_Female_MajorDepressiveDisorder_UCDavis_105643	MDD	PFC_DLPFC	F	48.0	37.0	6.95	105643	tissue				U133A	UC_Davis
GSE92538	GSM2431796	GPL17027	DLPFC_Male_Control_UCDavis_105669	CTL	PFC_DLPFC	M	39.0	30.0	7.02	105669	tissue				U133A	UC_Davis
GSE92538	GSM2431797	GPL17027	DLPFC_Male_Control_UCDavis_105676	CTL	PFC_DLPFC	M	67.0	39.5	6.69	105676	tissue				U133A	UC_Davis
GSE92538	GSM2431798	GPL10526	DLPFC_Female_BipolarDisorder_p_UCDavis_105687	BD	PFC_DLPFC	F	36.0	25.5	7.0	105687	tissue				U133Plus2	UC_Davis
GSE92538	GSM2431799	GPL10526	DLPFC_Female_Control_p_UCDavis_105725	CTL	PFC_DLPFC	F	68.0	33.5	6.55	105725	tissue				U133Plus2	UC_Davis
GSE92538	GSM2431800	GPL17027	DLPFC_Female_BipolarDisorder_UCDavis_105867	BD	PFC_DLPFC	F	66.0	52.0	6.66	105867	tissue				U133A	UC_Davis
GSE92538	GSM2431801	GPL17027	DLPFC_Male_Control_UCDavis_105928	CTL	PFC_DLPFC	M	18.0	22.0	6.97	105928	tissue				U133A	UC_Davis
GSE92538	GSM2431802	GPL10526	DLPFC_Male_MajorDepressiveDisorder_p_UCDavis_105947	MDD	PFC_DLPFC	M	56.0	13.0	6.9	105947	tissue				U133Plus2	UC_Davis
GSE92538	GSM2431803	GPL17027	DLPFC_Male_Control_UCDavis_105952	CTL	PFC_DLPFC	M	41.0	23.5	7.01	105952	tissue				U133A	UC_Davis
GSE92538	GSM2431804	GPL17027	DLPFC_Female_Control_UCDavis_105976	CTL	PFC_DLPFC	F	47.0	20.5	6.3	105976	tissue				U133A	UC_Davis
GSE92538	GSM2431805	GPL10526	DLPFC_Male_Control_p_UCDavis_106049	CTL	PFC_DLPFC	M	55.0	35.5	7.18	106049	tissue				U133Plus2	UC_Davis
GSE92538	GSM2431806	GPL10526	DLPFC_Male_Control_p_UCDavis_106051	CTL	PFC_DLPFC	M	75.0	19.0	7.18	106051	tissue				U133Plus2	UC_Davis
GSE92538	GSM2431807	GPL17027	DLPFC_Female_MajorDepressiveDisorder_UCDavis_106149	MDD	PFC_DLPFC	F	50.0	15.25	6.59	106149	tissue				U133A	UC_Davis
GSE92538	GSM2431808	GPL10526	DLPFC_Female_Control_p_UCDavis_106172	CTL	PFC_DLPFC	F	73.0	20.0	7.21	106172	tissue				U133Plus2	UC_Davis
GSE92538	GSM2431809	GPL10526	DLPFC_Male_Control_p_UCDavis_106229	CTL	PFC_DLPFC	M	40.0	12.25	6.76	106229	tissue				U133Plus2	UC_Davis
GSE92538	GSM2431810	GPL17027	DLPFC_Male_Control_r_p_UCDavis_106229	CTL	PFC_DLPFC	M	40.0	12.25	6.76	106229	tissue				U133A	UC_Davis
GSE92538	GSM2431811	GPL17027	DLPFC_Male_Control_UCDavis_106229	CTL	PFC_DLPFC	M	40.0	12.25	6.76	106229	tissue				U133A	UC_Davis
GSE92538	GSM2431812	GPL17027	DLPFC_Male_MajorDepressiveDisorder_UCDavis_106256	MDD	PFC_DLPFC	M	41.0	16.0		106256	tissue				U133A	UC_Davis
GSE92538	GSM2431813	GPL17027	DLPFC_Male_Control_UCDavis_106293	CTL	PFC_DLPFC	M	72.0	15.0	6.31	106293	tissue				U133A	UC_Davis
GSE92538	GSM2431814	GPL17027	DLPFC_Female_MajorDepressiveDisorder_UCDavis_106355	MDD	PFC_DLPFC	F	72.0	21.0	7.13	106355	tissue				U133A	UC_Davis
GSE92538	GSM2431815	GPL17027	DLPFC_Male_Schizophrenia_UCDavis_106495	SCZ	PFC_DLPFC	M	64.0	8.5	6.24	106495	tissue				U133A	UC_Davis
GSE92538	GSM2431816	GPL10526	DLPFC_Male_Schizophrenia_p_UCDavis_106564	SCZ	PFC_DLPFC	M	36.0	44.25	7.12	106564	tissue				U133Plus2	UC_Davis
GSE92538	GSM2431817	GPL10526	DLPFC_Male_Control_p_UCDavis_106589	CTL	PFC_DLPFC	M	48.0	21.0	6.62	106589	tissue				U133Plus2	UC_Davis
GSE92538	GSM2431818	GPL10526	DLPFC_Male_Control_r_p_UCDavis_106589	CTL	PFC_DLPFC	M	48.0	21.0	6.62	106589	tissue				U133Plus2	UC_Davis
GSE92538	GSM2431819	GPL17027	DLPFC_Male_Control_UCDavis_106589	CTL	PFC_DLPFC	M	48.0	21.0	6.62	106589	tissue				U133A	UC_Davis
GSE92538	GSM2431820	GPL17027	DLPFC_Female_BipolarDisorder_UCDavis_106664	BD	PFC_DLPFC	F	34.0	39.5	6.73	106664	tissue				U133A	UC_Davis
GSE92538	GSM2431821	GPL17027	DLPFC_Male_Control_UCDavis_106679	CTL	PFC_DLPFC	M	77.0	7.25	6.62	106679	tissue				U133A	UC_Davis
GSE92538	GSM2431822	GPL17027	DLPFC_Female_BipolarDisorder_UCDavis_106692	BD	PFC_DLPFC	F	63.0	22.0	6.71	106692	tissue				U133A	UC_Davis
GSE92538	GSM2431823	GPL10526	DLPFC_Male_Schizophrenia_p_UCDavis_106725	SCZ	PFC_DLPFC	M	63.0	33.0	7.02	106725	tissue				U133Plus2	UC_Davis
GSE92538	GSM2431824	GPL17027	DLPFC_Male_Control_UCDavis_106742	CTL	PFC_DLPFC	M	50.0	29.0	6.6	106742	tissue				U133A	UC_Davis
GSE92538	GSM2431825	GPL10526	DLPFC_Male_Schizophrenia_p_UCDavis_106753	SCZ	PFC_DLPFC	M	40.0	14.5	6.9	106753	tissue				U133Plus2	UC_Davis
GSE92538	GSM2431826	GPL10526	DLPFC_Male_Control_p_UCDavis_106798	CTL	PFC_DLPFC	M	63.0	22.7	7.25	106798	tissue				U133Plus2	UC_Davis
GSE92538	GSM2431827	GPL17027	DLPFC_Male_BipolarDisorder_UCDavis_106851	BD	PFC_DLPFC	M	40.0	43.0	6.59	106851	tissue				U133A	UC_Davis
GSE92538	GSM2431828	GPL17027	DLPFC_Male_MajorDepressiveDisorder_UCDavis_106917	MDD	PFC_DLPFC	M	84.0	14.5	6.44	106917	tissue				U133A	UC_Davis
GSE92538	GSM2431829	GPL10526	DLPFC_Male_Control_p_UCDavis_106966	CTL	PFC_DLPFC	M	56.0	20.3	7.14	106966	tissue				U133Plus2	UC_Davis
GSE92538	GSM2431830	GPL17027	DLPFC_Male_BipolarDisorder_UCDavis_107029	BD	PFC_DLPFC	M	32.0	31.0	6.94	107029	tissue				U133A	UC_Davis
GSE92538	GSM2431831	GPL17027	DLPFC_Male_Control_UCDavis_107032	CTL	PFC_DLPFC	M	58.0	15.25	6.68	107032	tissue				U133A	UC_Davis
GSE92538	GSM2431832	GPL17027	DLPFC_Male_MajorDepressiveDisorder_UCDavis_107061	MDD	PFC_DLPFC	M	46.0	27.3	6.91	107061	tissue				U133A	UC_Davis
GSE92538	GSM2431833	GPL17027	DLPFC_Male_Control_UCDavis_107084	CTL	PFC_DLPFC	M	70.0	28.0	7.03	107084	tissue				U133A	UC_Davis
GSE92538	GSM2431834	GPL17027	DLPFC_Female_Control_UCDavis_107131	CTL	PFC_DLPFC	F	73.0	15.5	7.51	107131	tissue				U133A	UC_Davis
GSE92538	GSM2431835	GPL17027	DLPFC_Male_MajorDepressiveDisorder_UCDavis_107185	MDD	PFC_DLPFC	M	58.0	24.0	6.93	107185	tissue				U133A	UC_Davis
GSE92538	GSM2431836	GPL17027	DLPFC_Female_Control_UCDavis_107199	CTL	PFC_DLPFC	F	70.0	23.0	6.9	107199	tissue				U133A	UC_Davis
GSE92538	GSM2431837	GPL10526	DLPFC_Male_Control_p_UCDavis_107309	CTL	PFC_DLPFC	M	79.0	0.0	7.0	107309	tissue				U133Plus2	UC_Davis
GSE92538	GSM2431838	GPL17027	DLPFC_Male_BipolarDisorder_UCDavis_107366	BD	PFC_DLPFC	M	23.0	9.0	7.12	107366	tissue				U133A	UC_Davis
GSE92538	GSM2431839	GPL17027	DLPFC_Male_BipolarDisorder_UCDavis_107610	BD	PFC_DLPFC	M	63.0	54.75	6.87	107610	tissue				U133A	UC_Davis
GSE92538	GSM2431840	GPL17027	DLPFC_Male_MajorDepressiveDisorder_UCDavis_107683	MDD	PFC_DLPFC	M	52.0	16.0	6.82	107683	tissue				U133A	UC_Davis
GSE92538	GSM2431841	GPL17027	DLPFC_Female_BipolarDisorder_UCDavis_107706	BD	PFC_DLPFC	F	39.0	23.5	6.44	107706	tissue				U133A	UC_Davis
GSE92538	GSM2431842	GPL17027	DLPFC_Male_MajorDepressiveDisorder_UCDavis_107727	MDD	PFC_DLPFC	M	19.0	18.0	7.11	107727	tissue				U133A	UC_Davis
GSE92538	GSM2431843	GPL10526	DLPFC_Female_MajorDepressiveDisorder_p_UCDavis_107845	MDD	PFC_DLPFC	F	53.0	19.5	7.16	107845	tissue				U133Plus2	UC_Davis
GSE92538	GSM2431844	GPL17027	DLPFC_Female_Control_UCDavis_107886	CTL	PFC_DLPFC	F	48.0	27.0	7.1	107886	tissue				U133A	UC_Davis
GSE92538	GSM2431845	GPL10526	DLPFC_Male_Control_p_UCDavis_108017	CTL	PFC_DLPFC	M	56.0	27.5	6.85	108017	tissue				U133Plus2	UC_Davis
GSE92538	GSM2431846	GPL17027	DLPFC_Female_Control_UCDavis_108021	CTL	PFC_DLPFC	F	64.0	27.0	6.15	108021	tissue				U133A	UC_Davis
GSE92538	GSM2431847	GPL17027	DLPFC_Female_Control_UCDavis_108030	CTL	PFC_DLPFC	F	47.0	41.25	6.73	108030	tissue				U133A	UC_Davis
GSE92538	GSM2431848	GPL10526	DLPFC_Male_Control_p_UCDavis_108066	CTL	PFC_DLPFC	M	60.0	36.0	6.59	108066	tissue				U133Plus2	UC_Davis
GSE92538	GSM2431849	GPL10526	DLPFC_Male_BipolarDisorder_p_UCDavis_108104	BD	PFC_DLPFC	M	36.0	25.5		108104	tissue				U133Plus2	UC_Davis
GSE92538	GSM2431850	GPL17027	DLPFC_Male_BipolarDisorder_UCDavis_108107	BD	PFC_DLPFC	M	49.0	29.5	6.87	108107	tissue				U133A	UC_Davis
GSE92538	GSM2431851	GPL17027	DLPFC_Male_Control_UCDavis_108396	CTL	PFC_DLPFC	M	64.0	27.5		108396	tissue				U133A	UC_Davis
GSE92538	GSM2431852	GPL10526	DLPFC_Male_Control_p_UCDavis_108425	CTL	PFC_DLPFC	M	64.0	24.5	6.55	108425	tissue				U133Plus2	UC_Davis
GSE92538	GSM2431853	GPL10526	DLPFC_Male_BipolarDisorder_p_UCDavis_108454	BD	PFC_DLPFC	M	70.0	27.5	6.96	108454	tissue				U133Plus2	UC_Davis
GSE92538	GSM2431854	GPL17027	DLPFC_Male_Control_UCDavis_108493	CTL	PFC_DLPFC	M	50.0	16.5	6.27	108493	tissue				U133A	UC_Davis
GSE92538	GSM2431855	GPL17027	DLPFC_Female_Schizophrenia_UCDavis_108583	SCZ	PFC_DLPFC	F	59.0	14.8	6.55	108583	tissue				U133A	UC_Davis
GSE92538	GSM2431856	GPL17027	DLPFC_Male_Control_UCDavis_108632	CTL	PFC_DLPFC	M	25.0	13.75	6.87	108632	tissue				U133A	UC_Davis
GSE92538	GSM2431857	GPL17027	DLPFC_Female_Control_UCDavis_108634	CTL	PFC_DLPFC	F	45.0	32.0	6.6	108634	tissue				U133A	UC_Davis
GSE92538	GSM2431858	GPL10526	DLPFC_Female_MajorDepressiveDisorder_p_UCDavis_108700	MDD	PFC_DLPFC	F	46.0	9.5	7.39	108700	tissue				U133Plus2	UC_Davis
GSE92538	GSM2431859	GPL17027	DLPFC_Male_Control_UCDavis_108759	CTL	PFC_DLPFC	M	60.0	30.0	6.8	108759	tissue				U133A	UC_Davis
GSE92538	GSM2431860	GPL17027	DLPFC_Female_Control_UCDavis_108858	CTL	PFC_DLPFC	F	78.0	26.25		108858	tissue				U133A	UC_Davis
GSE92538	GSM2431861	GPL17027	DLPFC_Male_BipolarDisorder_UCDavis_108923	BD	PFC_DLPFC	M	52.0	28.75	7.05	108923	tissue				U133A	UC_Davis
GSE92538	GSM2431862	GPL17027	DLPFC_Male_Control_UCDavis_108925	CTL	PFC_DLPFC	M	65.0	15.0	6.88	108925	tissue				U133A	UC_Davis
GSE92538	GSM2431863	GPL17027	DLPFC_Female_Control_UCDavis_109092	CTL	PFC_DLPFC	F	68.0	26.75	6.82	109092	tissue				U133A	UC_Davis
GSE92538	GSM2431864	GPL10526	DLPFC_Female_Control_p_UCDavis_109103	CTL	PFC_DLPFC	F	62.0	20.0	7.11	109103	tissue				U133Plus2	UC_Davis
GSE92538	GSM2431865	GPL17027	DLPFC_Male_Control_UCDavis_109170	CTL	PFC_DLPFC	M	71.0	21.75	7.25	109170	tissue				U133A	UC_Davis
GSE92538	GSM2431866	GPL10526	DLPFC_Male_MajorDepressiveDisorder_p_UCDavis_109248	MDD	PFC_DLPFC	M	28.0	33.0	7.07	109248	tissue				U133Plus2	UC_Davis
GSE92538	GSM2431867	GPL10526	DLPFC_Male_MajorDepressiveDisorder_p_UCDavis_109257	MDD	PFC_DLPFC	M	39.0	29.0	7.18	109257	tissue				U133Plus2	UC_Davis
GSE92538	GSM2431868	GPL10526	DLPFC_Male_Schizophrenia_p_UCDavis_109371	SCZ	PFC_DLPFC	M	34.0	46.0	6.59	109371	tissue				U133Plus2	UC_Davis
GSE92538	GSM2431869	GPL17027	DLPFC_Female_BipolarDisorder_UCDavis_109377	BD	PFC_DLPFC	F	81.0	23.0		109377	tissue				U133A	UC_Davis
GSE92538	GSM2431870	GPL17027	DLPFC_Male_Control_UCDavis_109422	CTL	PFC_DLPFC	M	54.0	11.0	6.97	109422	tissue				U133A	UC_Davis
GSE92538	GSM2431871	GPL17027	DLPFC_Male_MajorDepressiveDisorder_UCDavis_109430	MDD	PFC_DLPFC	M	34.0	29.6	6.71	109430	tissue				U133A	UC_Davis
GSE92538	GSM2431872	GPL17027	DLPFC_Female_BipolarDisorder_UCDavis_109533	BD	PFC_DLPFC	F	68.0	26.5	6.59	109533	tissue				U133A	UC_Davis
GSE92538	GSM2431873	GPL10526	DLPFC_Male_Control_p_UCDavis_109779	CTL	PFC_DLPFC	M	43.0	26.0	7.1	109779	tissue				U133Plus2	UC_Davis
GSE92538	GSM2431874	GPL10526	DLPFC_Male_Control_r_p_UCDavis_109779	CTL	PFC_DLPFC	M	43.0	26.0	7.1	109779	tissue				U133Plus2	UC_Davis
GSE92538	GSM2431875	GPL17027	DLPFC_Male_Control_UCDavis_109779	CTL	PFC_DLPFC	M	43.0	26.0	7.1	109779	tissue				U133A	UC_Davis
GSE92538	GSM2431876	GPL10526	DLPFC_Male_MajorDepressiveDisorder_p_UCDavis_109833	MDD	PFC_DLPFC	M	36.0	36.0	6.87	109833	tissue				U133Plus2	UC_Davis
GSE92538	GSM2431877	GPL10526	DLPFC_Male_Control_p_UCDavis_109882	CTL	PFC_DLPFC	M	32.0	10.0	7.04	109882	tissue				U133Plus2	UC_Davis
GSE92538	GSM2431878	GPL17027	DLPFC_Male_MajorDepressiveDisorder_UCDavis_109899	MDD	PFC_DLPFC	M	35.0	34.5	7.04	109899	tissue				U133A	UC_Davis
GSE92538	GSM2431879	GPL17027	DLPFC_Male_MajorDepressiveDisorder_UCDavis_109923	MDD	PFC_DLPFC	M	47.0	29.0	7.25	109923	tissue				U133A	UC_Davis
GSE92538	GSM2431880	GPL17027	DLPFC_Male_BipolarDisorder_UCDavis_109961	BD	PFC_DLPFC	M	26.0	19.0	6.92	109961	tissue				U133A	UC_Davis
GSE92538	GSM2431881	GPL17027	DLPFC_Female_Control_UCDavis_109991	CTL	PFC_DLPFC	F	57.0	16.5	6.61	109991	tissue				U133A	UC_Davis
GSE92538	GSM2431882	GPL17027	DLPFC_Male_Schizophrenia_UCIrvine_101078	SCZ	PFC_DLPFC	M	39.0	7.5	6.83	101078	tissue				U133A	UC_Irvine
GSE92538	GSM2431883	GPL17027	DLPFC_Female_Schizophrenia_UCIrvine_101657	SCZ	PFC_DLPFC	F	59.0	13.25	6.38	101657	tissue				U133A	UC_Irvine
GSE92538	GSM2431884	GPL17027	DLPFC_Male_Schizophrenia_UCIrvine_102118	SCZ	PFC_DLPFC	M	44.0	24.0	7.21	102118	tissue				U133A	UC_Irvine
GSE92538	GSM2431885	GPL17027	DLPFC_Female_Control_UCIrvine_102212	CTL	PFC_DLPFC	F	64.0	19.25	6.83	102212	tissue				U133A	UC_Irvine
GSE92538	GSM2431886	GPL17027	DLPFC_Male_Control_UCIrvine_102440	CTL	PFC_DLPFC	M	59.0	13.5	6.38	102440	tissue				U133A	UC_Irvine
GSE92538	GSM2431887	GPL17027	DLPFC_Female_Schizophrenia_UCIrvine_103037	SCZ	PFC_DLPFC	F	47.0	32.0	7.17	103037	tissue				U133A	UC_Irvine
GSE92538	GSM2431888	GPL17027	DLPFC_Male_Schizophrenia_UCIrvine_103311	SCZ	PFC_DLPFC	M	48.0	27.0	6.93	103311	tissue				U133A	UC_Irvine
GSE92538	GSM2431889	GPL17027	DLPFC_Male_Control_UCIrvine_104126	CTL	PFC_DLPFC	M	48.0	20.2	6.79	104126	tissue				U133A	UC_Irvine
GSE92538	GSM2431890	GPL17027	DLPFC_Male_Schizophrenia_UCIrvine_104259	SCZ	PFC_DLPFC	M	50.0	6.25	6.81	104259	tissue				U133A	UC_Irvine
GSE92538	GSM2431891	GPL17027	DLPFC_Male_Schizophrenia_UCIrvine_104655	SCZ	PFC_DLPFC	M	48.0	19.5	6.24	104655	tissue				U133A	UC_Irvine
GSE92538	GSM2431892	GPL17027	DLPFC_Male_Control_UCIrvine_106229	CTL	PFC_DLPFC	M	40.0	12.25	6.76	106229	tissue				U133A	UC_Irvine
GSE92538	GSM2431893	GPL17027	DLPFC_Male_Schizophrenia_UCIrvine_106495	SCZ	PFC_DLPFC	M	64.0	8.5	6.24	106495	tissue				U133A	UC_Irvine
GSE92538	GSM2431894	GPL17027	DLPFC_Male_Control_UCIrvine_106589	CTL	PFC_DLPFC	M	48.0	21.0	6.62	106589	tissue				U133A	UC_Irvine
GSE92538	GSM2431895	GPL17027	DLPFC_Female_Control_UCIrvine_107886	CTL	PFC_DLPFC	F	48.0	27.0	7.1	107886	tissue				U133A	UC_Irvine
GSE92538	GSM2431896	GPL17027	DLPFC_Female_Schizophrenia_UCIrvine_108583	SCZ	PFC_DLPFC	F	59.0	14.8	6.55	108583	tissue				U133A	UC_Irvine
GSE92538	GSM2431897	GPL17027	DLPFC_Male_Control_UCIrvine_109422	CTL	PFC_DLPFC	M	54.0	11.0	6.97	109422	tissue				U133A	UC_Irvine
GSE92538	GSM2431898	GPL17027	DLPFC_Male_Control_UCIrvine_109779	CTL	PFC_DLPFC	M	43.0	26.0	7.1	109779	tissue				U133A	UC_Irvine
GSE92538	GSM2431899	GPL17027	DLPFC_Female_Control_UCIrvine_109991	CTL	PFC_DLPFC	F	57.0	16.5	6.61	109991	tissue				U133A	UC_Irvine
GSE92538	GSM2431900	GPL10526	DLPFC_Male_MajorDepressiveDisorder_p_UMichigan_101032	MDD	PFC_DLPFC	M	34.0	25.0	6.51	101032	tissue				U133Plus2	U_Michigan
GSE92538	GSM2431901	GPL10526	DLPFC_Female_Schizophrenia_p_UMichigan_101057	SCZ	PFC_DLPFC	F	53.0	34.0	6.78	101057	tissue				U133Plus2	U_Michigan
GSE92538	GSM2431902	GPL17027	DLPFC_Male_Schizophrenia_UMichigan_101078	SCZ	PFC_DLPFC	M	39.0	7.5	6.83	101078	tissue				U133A	U_Michigan
GSE92538	GSM2431903	GPL10526	DLPFC_Male_Control_p_UMichigan_101091	CTL	PFC_DLPFC	M	53.0	14.5	6.64	101091	tissue				U133Plus2	U_Michigan
GSE92538	GSM2431904	GPL10526	DLPFC_Female_BipolarDisorder_p_UMichigan_101101	BD	PFC_DLPFC	F	51.0	16.8	6.81	101101	tissue				U133Plus2	U_Michigan
GSE92538	GSM2431905	GPL10526	DLPFC_Male_Control_p_UMichigan_101108	CTL	PFC_DLPFC	M	56.0	24.5	6.98	101108	tissue				U133Plus2	U_Michigan
GSE92538	GSM2431906	GPL17027	DLPFC_Male_Control_UMichigan_101244	CTL	PFC_DLPFC	M	32.0	27.25	6.97	101244	tissue				U133A	U_Michigan
GSE92538	GSM2431907	GPL10526	DLPFC_Male_MajorDepressiveDisorder_p_UMichigan_101276	MDD	PFC_DLPFC	M	77.0	21.5	6.33	101276	tissue				U133Plus2	U_Michigan
GSE92538	GSM2431908	GPL17027	DLPFC_Female_Control_UMichigan_101283	CTL	PFC_DLPFC	F	63.0	29.5	7.01	101283	tissue				U133A	U_Michigan
GSE92538	GSM2431909	GPL17027	DLPFC_Female_Control_UMichigan_101309	CTL	PFC_DLPFC	F	70.0	14.5		101309	tissue				U133A	U_Michigan
GSE92538	GSM2431910	GPL10526	DLPFC_Male_Control_p_UMichigan_101407	CTL	PFC_DLPFC	M	77.0	23.0	6.76	101407	tissue				U133Plus2	U_Michigan
GSE92538	GSM2431911	GPL10526	DLPFC_Male_Schizophrenia_p_UMichigan_101421	SCZ	PFC_DLPFC	M	45.0	20.0	7.05	101421	tissue				U133Plus2	U_Michigan
GSE92538	GSM2431912	GPL17027	DLPFC_Male_Control_UMichigan_101431	CTL	PFC_DLPFC	M	71.0	36.5		101431	tissue				U133A	U_Michigan
GSE92538	GSM2431913	GPL17027	DLPFC_Male_Control_UMichigan_101488	CTL	PFC_DLPFC	M	44.0	23.0	6.87	101488	tissue				U133A	U_Michigan
GSE92538	GSM2431914	GPL17027	DLPFC_Male_MajorDepressiveDisorder_UMichigan_101597	MDD	PFC_DLPFC	M	66.0	32.0	7.05	101597	tissue				U133A	U_Michigan
GSE92538	GSM2431915	GPL10526	DLPFC_Female_Schizophrenia_p_UMichigan_101618	SCZ	PFC_DLPFC	F	32.0	29.0	6.55	101618	tissue				U133Plus2	U_Michigan
GSE92538	GSM2431916	GPL17027	DLPFC_Female_Schizophrenia_UMichigan_101657	SCZ	PFC_DLPFC	F	59.0	13.25	6.38	101657	tissue				U133A	U_Michigan
GSE92538	GSM2431917	GPL10526	DLPFC_Female_BipolarDisorder_p_UMichigan_101677	BD	PFC_DLPFC	F	59.0	27.0	6.55	101677	tissue				U133Plus2	U_Michigan
GSE92538	GSM2431918	GPL17027	DLPFC_Male_BipolarDisorder_r_UMichigan_101690	BD	PFC_DLPFC	M	69.0	11.25	6.91	101690	tissue				U133A	U_Michigan
GSE92538	GSM2431919	GPL17027	DLPFC_Male_BipolarDisorder_UMichigan_101690	BD	PFC_DLPFC	M	69.0	11.25	6.91	101690	tissue				U133A	U_Michigan
GSE92538	GSM2431920	GPL17027	DLPFC_Male_MajorDepressiveDisorder_r_UMichigan_101739	MDD	PFC_DLPFC	M	49.0	36.5	7.0	101739	tissue				U133A	U_Michigan
GSE92538	GSM2431921	GPL17027	DLPFC_Male_MajorDepressiveDisorder_UMichigan_101739	MDD	PFC_DLPFC	M	49.0	36.5	7.0	101739	tissue				U133A	U_Michigan
GSE92538	GSM2431922	GPL10526	DLPFC_Male_Control_p_UMichigan_101772	CTL	PFC_DLPFC	M	66.0	18.5	6.94	101772	tissue				U133Plus2	U_Michigan
GSE92538	GSM2431923	GPL17027	DLPFC_Male_Control_r_UMichigan_101811	CTL	PFC_DLPFC	M	58.0	26.0	7.02	101811	tissue				U133A	U_Michigan
GSE92538	GSM2431924	GPL17027	DLPFC_Male_Control_UMichigan_101811	CTL	PFC_DLPFC	M	58.0	26.0	7.02	101811	tissue				U133A	U_Michigan
GSE92538	GSM2431925	GPL10526	DLPFC_Male_MajorDepressiveDisorder_p_UMichigan_101850	MDD	PFC_DLPFC	M	52.0	23.0	6.58	101850	tissue				U133Plus2	U_Michigan
GSE92538	GSM2431926	GPL17027	DLPFC_Male_Control_UMichigan_101923	CTL	PFC_DLPFC	M	45.0	21.0	6.86	101923	tissue				U133A	U_Michigan
GSE92538	GSM2431927	GPL17027	DLPFC_Male_Schizophrenia_UMichigan_102118	SCZ	PFC_DLPFC	M	44.0	24.0	7.21	102118	tissue				U133A	U_Michigan
GSE92538	GSM2431928	GPL10526	DLPFC_Male_Control_p_UMichigan_102194	CTL	PFC_DLPFC	M	55.0	23.0		102194	tissue				U133Plus2	U_Michigan
GSE92538	GSM2431929	GPL17027	DLPFC_Female_Control_UMichigan_102212	CTL	PFC_DLPFC	F	64.0	19.25	6.83	102212	tissue				U133A	U_Michigan
GSE92538	GSM2431930	GPL10526	DLPFC_Male_Schizophrenia_p_UMichigan_102218	SCZ	PFC_DLPFC	M	42.0	8.5	7.04	102218	tissue				U133Plus2	U_Michigan
GSE92538	GSM2431931	GPL10526	DLPFC_Male_Schizophrenia_p_UMichigan_102317	SCZ	PFC_DLPFC	M	59.0	35.75	6.42	102317	tissue				U133Plus2	U_Michigan
GSE92538	GSM2431932	GPL10526	DLPFC_Male_Control_p_UMichigan_102349	CTL	PFC_DLPFC	M	64.0	10.5	7.13	102349	tissue				U133Plus2	U_Michigan
GSE92538	GSM2431933	GPL10526	DLPFC_Male_MajorDepressiveDisorder_p_UMichigan_102362	MDD	PFC_DLPFC	M	50.0	30.8	6.84	102362	tissue				U133Plus2	U_Michigan
GSE92538	GSM2431934	GPL17027	DLPFC_Female_Control_UMichigan_102420	CTL	PFC_DLPFC	F	70.0	20.5	6.63	102420	tissue				U133A	U_Michigan
GSE92538	GSM2431935	GPL17027	DLPFC_Female_Control_UMichigan_102422	CTL	PFC_DLPFC	F	52.0	36.0		102422	tissue				U133A	U_Michigan
GSE92538	GSM2431936	GPL17027	DLPFC_Female_MajorDepressiveDisorder_UMichigan_102432	MDD	PFC_DLPFC	F	77.0	25.5	6.42	102432	tissue				U133A	U_Michigan
GSE92538	GSM2431937	GPL17027	DLPFC_Male_Control_UMichigan_102440	CTL	PFC_DLPFC	M	59.0	13.5	6.38	102440	tissue				U133A	U_Michigan
GSE92538	GSM2431938	GPL17027	DLPFC_Male_Control_r_UMichigan_102475	CTL	PFC_DLPFC	M	55.0	15.0	6.89	102475	tissue				U133A	U_Michigan
GSE92538	GSM2431939	GPL17027	DLPFC_Male_Control_UMichigan_102475	CTL	PFC_DLPFC	M	55.0	15.0	6.89	102475	tissue				U133A	U_Michigan
GSE92538	GSM2431940	GPL10526	DLPFC_Male_MajorDepressiveDisorder_p_UMichigan_102482	MDD	PFC_DLPFC	M	40.0	25.5	6.99	102482	tissue				U133Plus2	U_Michigan
GSE92538	GSM2431941	GPL17027	DLPFC_Male_MajorDepressiveDisorder_UMichigan_102513	MDD	PFC_DLPFC	M	49.0	35.5	7.19	102513	tissue				U133A	U_Michigan
GSE92538	GSM2431942	GPL17027	DLPFC_Male_Control_UMichigan_102539	CTL	PFC_DLPFC	M	49.0	31.25	6.68	102539	tissue				U133A	U_Michigan
GSE92538	GSM2431943	GPL10526	DLPFC_Male_Control_p_UMichigan_102579	CTL	PFC_DLPFC	M	52.0	18.8	6.53	102579	tissue				U133Plus2	U_Michigan
GSE92538	GSM2431944	GPL10526	DLPFC_Male_MajorDepressiveDisorder_p_UMichigan_102608	MDD	PFC_DLPFC	M	48.0	32.0	6.41	102608	tissue				U133Plus2	U_Michigan
GSE92538	GSM2431945	GPL10526	DLPFC_Male_Control_p_UMichigan_102623	CTL	PFC_DLPFC	M	30.0	18.2	7.15	102623	tissue				U133Plus2	U_Michigan
GSE92538	GSM2431946	GPL17027	DLPFC_Male_MajorDepressiveDisorder_UMichigan_102636	MDD	PFC_DLPFC	M	53.0	17.3	6.62	102636	tissue				U133A	U_Michigan
GSE92538	GSM2431947	GPL17027	DLPFC_Female_Control_UMichigan_102785	CTL	PFC_DLPFC	F	62.0	17.5		102785	tissue				U133A	U_Michigan
GSE92538	GSM2431948	GPL10526	DLPFC_Male_Control_p_UMichigan_102854	CTL	PFC_DLPFC	M	69.0	25.8	7.12	102854	tissue				U133Plus2	U_Michigan
GSE92538	GSM2431949	GPL17027	DLPFC_Female_Schizophrenia_UMichigan_103037	SCZ	PFC_DLPFC	F	47.0	32.0	7.17	103037	tissue				U133A	U_Michigan
GSE92538	GSM2431950	GPL17027	DLPFC_Male_Control_UMichigan_103068	CTL	PFC_DLPFC	M	67.0	36.5		103068	tissue				U133A	U_Michigan
GSE92538	GSM2431951	GPL17027	DLPFC_Male_MajorDepressiveDisorder_UMichigan_103091	MDD	PFC_DLPFC	M	57.0	36.5	6.84	103091	tissue				U133A	U_Michigan
GSE92538	GSM2431952	GPL10526	DLPFC_Male_Control_p_UMichigan_103166	CTL	PFC_DLPFC	M	63.0	25.0	6.88	103166	tissue				U133Plus2	U_Michigan
GSE92538	GSM2431953	GPL10526	DLPFC_Female_BipolarDisorder_p_UMichigan_103211	BD	PFC_DLPFC	F	49.0	15.9	6.74	103211	tissue				U133Plus2	U_Michigan
GSE92538	GSM2431954	GPL17027	DLPFC_Male_Control_UMichigan_103262	CTL	PFC_DLPFC	M	35.0	32.0	6.76	103262	tissue				U133A	U_Michigan
GSE92538	GSM2431955	GPL17027	DLPFC_Male_Schizophrenia_UMichigan_103311	SCZ	PFC_DLPFC	M	48.0	27.0	6.93	103311	tissue				U133A	U_Michigan
GSE92538	GSM2431956	GPL10526	DLPFC_Male_Control_p_UMichigan_103610	CTL	PFC_DLPFC	M	69.0	21.0	6.59	103610	tissue				U133Plus2	U_Michigan
GSE92538	GSM2431957	GPL10526	DLPFC_Female_Schizophrenia_p_UMichigan_103620	SCZ	PFC_DLPFC	F	58.0	31.25	6.59	103620	tissue				U133Plus2	U_Michigan
GSE92538	GSM2431958	GPL10526	DLPFC_Male_MajorDepressiveDisorder_p_UMichigan_103625	MDD	PFC_DLPFC	M	24.0	34.5	7.16	103625	tissue				U133Plus2	U_Michigan
GSE92538	GSM2431959	GPL10526	DLPFC_Male_MajorDepressiveDisorder_p_UMichigan_103917	MDD	PFC_DLPFC	M	31.0	27.5	7.0	103917	tissue				U133Plus2	U_Michigan
GSE92538	GSM2431960	GPL17027	DLPFC_Male_Control_UMichigan_103984	CTL	PFC_DLPFC	M	19.0	6.5	6.59	103984	tissue				U133A	U_Michigan
GSE92538	GSM2431961	GPL17027	DLPFC_Male_Control_r_UMichigan_103998	CTL	PFC_DLPFC	M	54.0	25.0	6.61	103998	tissue				U133A	U_Michigan
GSE92538	GSM2431962	GPL17027	DLPFC_Male_Control_UMichigan_103998	CTL	PFC_DLPFC	M	54.0	25.0	6.61	103998	tissue				U133A	U_Michigan
GSE92538	GSM2431963	GPL10526	DLPFC_Male_Schizophrenia_p_UMichigan_104049	SCZ	PFC_DLPFC	M	50.0	17.8	6.55	104049	tissue				U133Plus2	U_Michigan
GSE92538	GSM2431964	GPL17027	DLPFC_Male_BipolarDisorder_UMichigan_104097	BD	PFC_DLPFC	M	73.0	10.5	6.62	104097	tissue				U133A	U_Michigan
GSE92538	GSM2431965	GPL17027	DLPFC_Male_Control_UMichigan_104126	CTL	PFC_DLPFC	M	48.0	20.2	6.79	104126	tissue				U133A	U_Michigan
GSE92538	GSM2431966	GPL17027	DLPFC_Male_BipolarDisorder_UMichigan_104184	BD	PFC_DLPFC	M	69.0	28.5	7.2	104184	tissue				U133A	U_Michigan
GSE92538	GSM2431967	GPL17027	DLPFC_Male_Schizophrenia_UMichigan_104259	SCZ	PFC_DLPFC	M	50.0	6.25	6.81	104259	tissue				U133A	U_Michigan
GSE92538	GSM2431968	GPL10526	DLPFC_Female_Schizophrenia_p_UMichigan_104344	SCZ	PFC_DLPFC	F	31.0	22.0	6.77	104344	tissue				U133Plus2	U_Michigan
GSE92538	GSM2431969	GPL10526	DLPFC_Male_MajorDepressiveDisorder_p_UMichigan_104349	MDD	PFC_DLPFC	M	19.0	30.5	7.06	104349	tissue				U133Plus2	U_Michigan
GSE92538	GSM2431970	GPL10526	DLPFC_Male_MajorDepressiveDisorder_p_UMichigan_104521	MDD	PFC_DLPFC	M	34.0	32.0	7.13	104521	tissue				U133Plus2	U_Michigan
GSE92538	GSM2431971	GPL10526	DLPFC_Female_MajorDepressiveDisorder_p_UMichigan_104630	MDD	PFC_DLPFC	F	46.0	35.0	6.76	104630	tissue				U133Plus2	U_Michigan
GSE92538	GSM2431972	GPL17027	DLPFC_Male_Schizophrenia_UMichigan_104655	SCZ	PFC_DLPFC	M	48.0	19.5	6.24	104655	tissue				U133A	U_Michigan
GSE92538	GSM2431973	GPL17027	DLPFC_Female_Control_UMichigan_104659	CTL	PFC_DLPFC	F	65.0	31.25		104659	tissue				U133A	U_Michigan
GSE92538	GSM2431974	GPL17027	DLPFC_Female_BipolarDisorder_UMichigan_104767	BD	PFC_DLPFC	F	69.0	28.25	6.65	104767	tissue				U133A	U_Michigan
GSE92538	GSM2431975	GPL17027	DLPFC_Female_BipolarDisorder_r_UMichigan_104808	BD	PFC_DLPFC	F	56.0	29.0	6.83	104808	tissue				U133A	U_Michigan
GSE92538	GSM2431976	GPL17027	DLPFC_Female_BipolarDisorder_UMichigan_104808	BD	PFC_DLPFC	F	56.0	29.0	6.83	104808	tissue				U133A	U_Michigan
GSE92538	GSM2431977	GPL17027	DLPFC_Male_MajorDepressiveDisorder_UMichigan_104851	MDD	PFC_DLPFC	M	63.0	34.0	7.17	104851	tissue				U133A	U_Michigan
GSE92538	GSM2431978	GPL17027	DLPFC_Female_MajorDepressiveDisorder_UMichigan_105080	MDD	PFC_DLPFC	F	80.0	15.0	6.68	105080	tissue				U133A	U_Michigan
GSE92538	GSM2431979	GPL17027	DLPFC_Female_Control_r_UMichigan_105141	CTL	PFC_DLPFC	F	60.0	24.0	6.99	105141	tissue				U133A	U_Michigan
GSE92538	GSM2431980	GPL17027	DLPFC_Female_Control_UMichigan_105141	CTL	PFC_DLPFC	F	60.0	24.0	6.99	105141	tissue				U133A	U_Michigan
GSE92538	GSM2431981	GPL17027	DLPFC_Male_Control_UMichigan_105262	CTL	PFC_DLPFC	M	55.0	22.75		105262	tissue				U133A	U_Michigan
GSE92538	GSM2431982	GPL17027	DLPFC_Male_Control_UMichigan_105476	CTL	PFC_DLPFC	M	40.0	45.5	7.07	105476	tissue				U133A	U_Michigan
GSE92538	GSM2431983	GPL17027	DLPFC_Male_MajorDepressiveDisorder_UMichigan_105506	MDD	PFC_DLPFC	M	39.0	28.0	6.79	105506	tissue				U133A	U_Michigan
GSE92538	GSM2431984	GPL10526	DLPFC_Male_BipolarDisorder_p_UMichigan_105544	BD	PFC_DLPFC	M	33.0	23.5	6.41	105544	tissue				U133Plus2	U_Michigan
GSE92538	GSM2431985	GPL10526	DLPFC_Male_Control_p_UMichigan_105589	CTL	PFC_DLPFC	M	67.0	15.0	6.96	105589	tissue				U133Plus2	U_Michigan
GSE92538	GSM2431986	GPL17027	DLPFC_Male_BipolarDisorder_UMichigan_105621	BD	PFC_DLPFC	M	59.0	21.0	6.99	105621	tissue				U133A	U_Michigan
GSE92538	GSM2431987	GPL17027	DLPFC_Female_MajorDepressiveDisorder_UMichigan_105643	MDD	PFC_DLPFC	F	48.0	37.0	6.95	105643	tissue				U133A	U_Michigan
GSE92538	GSM2431988	GPL17027	DLPFC_Male_Control_UMichigan_105669	CTL	PFC_DLPFC	M	39.0	30.0	7.02	105669	tissue				U133A	U_Michigan
GSE92538	GSM2431989	GPL17027	DLPFC_Male_Control_UMichigan_105676	CTL	PFC_DLPFC	M	67.0	39.5	6.69	105676	tissue				U133A	U_Michigan
GSE92538	GSM2431990	GPL10526	DLPFC_Female_BipolarDisorder_p_UMichigan_105687	BD	PFC_DLPFC	F	36.0	25.5	7.0	105687	tissue				U133Plus2	U_Michigan
GSE92538	GSM2431991	GPL10526	DLPFC_Female_Control_p_UMichigan_105725	CTL	PFC_DLPFC	F	68.0	33.5	6.55	105725	tissue				U133Plus2	U_Michigan
GSE92538	GSM2431992	GPL17027	DLPFC_Female_BipolarDisorder_UMichigan_105867	BD	PFC_DLPFC	F	66.0	52.0	6.66	105867	tissue				U133A	U_Michigan
GSE92538	GSM2431993	GPL17027	DLPFC_Male_Control_r_UMichigan_105928	CTL	PFC_DLPFC	M	18.0	22.0	6.97	105928	tissue				U133A	U_Michigan
GSE92538	GSM2431994	GPL17027	DLPFC_Male_Control_UMichigan_105928	CTL	PFC_DLPFC	M	18.0	22.0	6.97	105928	tissue				U133A	U_Michigan
GSE92538	GSM2431995	GPL10526	DLPFC_Male_MajorDepressiveDisorder_p_UMichigan_105947	MDD	PFC_DLPFC	M	56.0	13.0	6.9	105947	tissue				U133Plus2	U_Michigan
GSE92538	GSM2431996	GPL17027	DLPFC_Male_Control_UMichigan_105952	CTL	PFC_DLPFC	M	41.0	23.5	7.01	105952	tissue				U133A	U_Michigan
GSE92538	GSM2431997	GPL17027	DLPFC_Female_Control_UMichigan_105976	CTL	PFC_DLPFC	F	47.0	20.5	6.3	105976	tissue				U133A	U_Michigan
GSE92538	GSM2431998	GPL10526	DLPFC_Male_Control_p_UMichigan_106049	CTL	PFC_DLPFC	M	55.0	35.5	7.18	106049	tissue				U133Plus2	U_Michigan
GSE92538	GSM2431999	GPL10526	DLPFC_Male_Control_p_UMichigan_106051	CTL	PFC_DLPFC	M	75.0	19.0	7.18	106051	tissue				U133Plus2	U_Michigan
GSE92538	GSM2432000	GPL10526	DLPFC_Male_Schizophrenia_p_UMichigan_106082	SCZ	PFC_DLPFC	M	35.0	26.5	6.61	106082	tissue				U133Plus2	U_Michigan
GSE92538	GSM2432001	GPL17027	DLPFC_Female_MajorDepressiveDisorder_UMichigan_106149	MDD	PFC_DLPFC	F	50.0	15.25	6.59	106149	tissue				U133A	U_Michigan
GSE92538	GSM2432002	GPL10526	DLPFC_Female_Control_p_UMichigan_106172	CTL	PFC_DLPFC	F	73.0	20.0	7.21	106172	tissue				U133Plus2	U_Michigan
GSE92538	GSM2432003	GPL17027	DLPFC_Male_Control_UMichigan_106229	CTL	PFC_DLPFC	M	40.0	12.25	6.76	106229	tissue				U133A	U_Michigan
GSE92538	GSM2432004	GPL17027	DLPFC_Male_MajorDepressiveDisorder_UMichigan_106256	MDD	PFC_DLPFC	M	41.0	16.0		106256	tissue				U133A	U_Michigan
GSE92538	GSM2432005	GPL10526	DLPFC_Male_Control_p_UMichigan_106276	CTL	PFC_DLPFC	M	58.0	21.0	6.58	106276	tissue				U133Plus2	U_Michigan
GSE92538	GSM2432006	GPL17027	DLPFC_Male_Control_UMichigan_106293	CTL	PFC_DLPFC	M	72.0	15.0	6.31	106293	tissue				U133A	U_Michigan
GSE92538	GSM2432007	GPL17027	DLPFC_Female_MajorDepressiveDisorder_r_UMichigan_106355	MDD	PFC_DLPFC	F	72.0	21.0	7.13	106355	tissue				U133A	U_Michigan
GSE92538	GSM2432008	GPL17027	DLPFC_Female_MajorDepressiveDisorder_UMichigan_106355	MDD	PFC_DLPFC	F	72.0	21.0	7.13	106355	tissue				U133A	U_Michigan
GSE92538	GSM2432009	GPL17027	DLPFC_Male_Schizophrenia_UMichigan_106495	SCZ	PFC_DLPFC	M	64.0	8.5	6.24	106495	tissue				U133A	U_Michigan
GSE92538	GSM2432010	GPL10526	DLPFC_Male_Schizophrenia_p_UMichigan_106564	SCZ	PFC_DLPFC	M	36.0	44.25	7.12	106564	tissue				U133Plus2	U_Michigan
GSE92538	GSM2432011	GPL17027	DLPFC_Male_Control_UMichigan_106589	CTL	PFC_DLPFC	M	48.0	21.0	6.62	106589	tissue				U133A	U_Michigan
GSE92538	GSM2432012	GPL17027	DLPFC_Female_BipolarDisorder_UMichigan_106664	BD	PFC_DLPFC	F	34.0	39.5	6.73	106664	tissue				U133A	U_Michigan
GSE92538	GSM2432013	GPL17027	DLPFC_Male_Control_UMichigan_106679	CTL	PFC_DLPFC	M	77.0	7.25	6.62	106679	tissue				U133A	U_Michigan
GSE92538	GSM2432014	GPL10526	DLPFC_Male_Schizophrenia_p_UMichigan_106725	SCZ	PFC_DLPFC	M	63.0	33.0	7.02	106725	tissue				U133Plus2	U_Michigan
GSE92538	GSM2432015	GPL17027	DLPFC_Male_Control_r_UMichigan_106742	CTL	PFC_DLPFC	M	50.0	29.0	6.6	106742	tissue				U133A	U_Michigan
GSE92538	GSM2432016	GPL17027	DLPFC_Male_Control_UMichigan_106742	CTL	PFC_DLPFC	M	50.0	29.0	6.6	106742	tissue				U133A	U_Michigan
GSE92538	GSM2432017	GPL10526	DLPFC_Male_Schizophrenia_p_UMichigan_106753	SCZ	PFC_DLPFC	M	40.0	14.5	6.9	106753	tissue				U133Plus2	U_Michigan
GSE92538	GSM2432018	GPL10526	DLPFC_Male_Control_p_UMichigan_106798	CTL	PFC_DLPFC	M	63.0	22.7	7.25	106798	tissue				U133Plus2	U_Michigan
GSE92538	GSM2432019	GPL17027	DLPFC_Male_BipolarDisorder_UMichigan_106851	BD	PFC_DLPFC	M	40.0	43.0	6.59	106851	tissue				U133A	U_Michigan
GSE92538	GSM2432020	GPL17027	DLPFC_Male_MajorDepressiveDisorder_UMichigan_106917	MDD	PFC_DLPFC	M	84.0	14.5	6.44	106917	tissue				U133A	U_Michigan
GSE92538	GSM2432021	GPL10526	DLPFC_Male_Control_p_UMichigan_106966	CTL	PFC_DLPFC	M	56.0	20.3	7.14	106966	tissue				U133Plus2	U_Michigan
GSE92538	GSM2432022	GPL17027	DLPFC_Male_BipolarDisorder_UMichigan_107029	BD	PFC_DLPFC	M	32.0	31.0	6.94	107029	tissue				U133A	U_Michigan
GSE92538	GSM2432023	GPL17027	DLPFC_Male_MajorDepressiveDisorder_UMichigan_107061	MDD	PFC_DLPFC	M	46.0	27.3	6.91	107061	tissue				U133A	U_Michigan
GSE92538	GSM2432024	GPL17027	DLPFC_Male_Control_UMichigan_107084	CTL	PFC_DLPFC	M	70.0	28.0	7.03	107084	tissue				U133A	U_Michigan
GSE92538	GSM2432025	GPL17027	DLPFC_Female_Control_UMichigan_107131	CTL	PFC_DLPFC	F	73.0	15.5	7.51	107131	tissue				U133A	U_Michigan
GSE92538	GSM2432026	GPL17027	DLPFC_Male_MajorDepressiveDisorder_r_UMichigan_107185	MDD	PFC_DLPFC	M	58.0	24.0	6.93	107185	tissue				U133A	U_Michigan
GSE92538	GSM2432027	GPL17027	DLPFC_Male_MajorDepressiveDisorder_UMichigan_107185	MDD	PFC_DLPFC	M	58.0	24.0	6.93	107185	tissue				U133A	U_Michigan
GSE92538	GSM2432028	GPL17027	DLPFC_Female_Control_UMichigan_107199	CTL	PFC_DLPFC	F	70.0	23.0	6.9	107199	tissue				U133A	U_Michigan
GSE92538	GSM2432029	GPL10526	DLPFC_Male_Control_p_UMichigan_107309	CTL	PFC_DLPFC	M	79.0	0.0	7.0	107309	tissue				U133Plus2	U_Michigan
GSE92538	GSM2432030	GPL17027	DLPFC_Male_BipolarDisorder_r_UMichigan_107366	BD	PFC_DLPFC	M	23.0	9.0	7.12	107366	tissue				U133A	U_Michigan
GSE92538	GSM2432031	GPL17027	DLPFC_Male_BipolarDisorder_UMichigan_107366	BD	PFC_DLPFC	M	23.0	9.0	7.12	107366	tissue				U133A	U_Michigan
GSE92538	GSM2432032	GPL17027	DLPFC_Male_BipolarDisorder_UMichigan_107610	BD	PFC_DLPFC	M	63.0	54.75	6.87	107610	tissue				U133A	U_Michigan
GSE92538	GSM2432033	GPL17027	DLPFC_Male_MajorDepressiveDisorder_UMichigan_107683	MDD	PFC_DLPFC	M	52.0	16.0	6.82	107683	tissue				U133A	U_Michigan
GSE92538	GSM2432034	GPL17027	DLPFC_Female_BipolarDisorder_UMichigan_107706	BD	PFC_DLPFC	F	39.0	23.5	6.44	107706	tissue				U133A	U_Michigan
GSE92538	GSM2432035	GPL17027	DLPFC_Male_MajorDepressiveDisorder_r_UMichigan_107727	MDD	PFC_DLPFC	M	19.0	18.0	7.11	107727	tissue				U133A	U_Michigan
GSE92538	GSM2432036	GPL17027	DLPFC_Male_MajorDepressiveDisorder_UMichigan_107727	MDD	PFC_DLPFC	M	19.0	18.0	7.11	107727	tissue				U133A	U_Michigan
GSE92538	GSM2432037	GPL10526	DLPFC_Female_MajorDepressiveDisorder_p_UMichigan_107845	MDD	PFC_DLPFC	F	53.0	19.5	7.16	107845	tissue				U133Plus2	U_Michigan
GSE92538	GSM2432038	GPL17027	DLPFC_Female_Control_UMichigan_107886	CTL	PFC_DLPFC	F	48.0	27.0	7.1	107886	tissue				U133A	U_Michigan
GSE92538	GSM2432039	GPL10526	DLPFC_Male_Control_p_UMichigan_108017	CTL	PFC_DLPFC	M	56.0	27.5	6.85	108017	tissue				U133Plus2	U_Michigan
GSE92538	GSM2432040	GPL10526	DLPFC_Male_Control_p_UMichigan_108022	CTL	PFC_DLPFC	M	59.0	8.5	6.4	108022	tissue				U133Plus2	U_Michigan
GSE92538	GSM2432041	GPL10526	DLPFC_Male_Control_p_UMichigan_108066	CTL	PFC_DLPFC	M	60.0	36.0	6.59	108066	tissue				U133Plus2	U_Michigan
GSE92538	GSM2432042	GPL10526	DLPFC_Male_BipolarDisorder_p_UMichigan_108104	BD	PFC_DLPFC	M	36.0	25.5		108104	tissue				U133Plus2	U_Michigan
GSE92538	GSM2432043	GPL17027	DLPFC_Male_BipolarDisorder_r_UMichigan_108107	BD	PFC_DLPFC	M	49.0	29.5	6.87	108107	tissue				U133A	U_Michigan
GSE92538	GSM2432044	GPL17027	DLPFC_Male_BipolarDisorder_UMichigan_108107	BD	PFC_DLPFC	M	49.0	29.5	6.87	108107	tissue				U133A	U_Michigan
GSE92538	GSM2432045	GPL10526	DLPFC_Male_Control_p_UMichigan_108291	CTL	PFC_DLPFC	M	63.0	11.0	6.5	108291	tissue				U133Plus2	U_Michigan
GSE92538	GSM2432046	GPL17027	DLPFC_Male_Control_UMichigan_108396	CTL	PFC_DLPFC	M	64.0	27.5		108396	tissue				U133A	U_Michigan
GSE92538	GSM2432047	GPL10526	DLPFC_Male_Control_p_UMichigan_108425	CTL	PFC_DLPFC	M	64.0	24.5	6.55	108425	tissue				U133Plus2	U_Michigan
GSE92538	GSM2432048	GPL10526	DLPFC_Male_BipolarDisorder_p_UMichigan_108454	BD	PFC_DLPFC	M	70.0	27.5	6.96	108454	tissue				U133Plus2	U_Michigan
GSE92538	GSM2432049	GPL17027	DLPFC_Female_Schizophrenia_UMichigan_108583	SCZ	PFC_DLPFC	F	59.0	14.8	6.55	108583	tissue				U133A	U_Michigan
GSE92538	GSM2432050	GPL17027	DLPFC_Male_Control_UMichigan_108632	CTL	PFC_DLPFC	M	25.0	13.75	6.87	108632	tissue				U133A	U_Michigan
GSE92538	GSM2432051	GPL17027	DLPFC_Female_Control_UMichigan_108634	CTL	PFC_DLPFC	F	45.0	32.0	6.6	108634	tissue				U133A	U_Michigan
GSE92538	GSM2432052	GPL10526	DLPFC_Female_MajorDepressiveDisorder_p_UMichigan_108700	MDD	PFC_DLPFC	F	46.0	9.5	7.39	108700	tissue				U133Plus2	U_Michigan
GSE92538	GSM2432053	GPL17027	DLPFC_Male_Control_UMichigan_108759	CTL	PFC_DLPFC	M	60.0	30.0	6.8	108759	tissue				U133A	U_Michigan
GSE92538	GSM2432055	GPL10526	DLPFC_Male_Control_p_UMichigan_108778	CTL	PFC_DLPFC	M	78.0	25.0	6.63	108778	tissue				U133Plus2	U_Michigan
GSE92538	GSM2432056	GPL17027	DLPFC_Female_Control_UMichigan_108858	CTL	PFC_DLPFC	F	78.0	26.25		108858	tissue				U133A	U_Michigan
GSE92538	GSM2432057	GPL17027	DLPFC_Male_BipolarDisorder_r_UMichigan_108923	BD	PFC_DLPFC	M	52.0	28.75	7.05	108923	tissue				U133A	U_Michigan
GSE92538	GSM2432059	GPL17027	DLPFC_Male_BipolarDisorder_UMichigan_108923	BD	PFC_DLPFC	M	52.0	28.75	7.05	108923	tissue				U133A	U_Michigan
GSE92538	GSM2432061	GPL17027	DLPFC_Male_Control_r_UMichigan_108925	CTL	PFC_DLPFC	M	65.0	15.0	6.88	108925	tissue				U133A	U_Michigan
GSE92538	GSM2432062	GPL17027	DLPFC_Male_Control_UMichigan_108925	CTL	PFC_DLPFC	M	65.0	15.0	6.88	108925	tissue				U133A	U_Michigan
GSE92538	GSM2432064	GPL10526	DLPFC_Female_Control_p_UMichigan_109103	CTL	PFC_DLPFC	F	62.0	20.0	7.11	109103	tissue				U133Plus2	U_Michigan
GSE92538	GSM2432065	GPL10526	DLPFC_Male_MajorDepressiveDisorder_p_UMichigan_109120	MDD	PFC_DLPFC	M	29.0	19.0	6.3	109120	tissue				U133Plus2	U_Michigan
GSE92538	GSM2432067	GPL17027	DLPFC_Male_Control_UMichigan_109170	CTL	PFC_DLPFC	M	71.0	21.75	7.25	109170	tissue				U133A	U_Michigan
GSE92538	GSM2432068	GPL10526	DLPFC_Male_MajorDepressiveDisorder_p_UMichigan_109248	MDD	PFC_DLPFC	M	28.0	33.0	7.07	109248	tissue				U133Plus2	U_Michigan
GSE92538	GSM2432070	GPL10526	DLPFC_Male_MajorDepressiveDisorder_p_UMichigan_109257	MDD	PFC_DLPFC	M	39.0	29.0	7.18	109257	tissue				U133Plus2	U_Michigan
GSE92538	GSM2432071	GPL10526	DLPFC_Male_Schizophrenia_p_UMichigan_109371	SCZ	PFC_DLPFC	M	34.0	46.0	6.59	109371	tissue				U133Plus2	U_Michigan
GSE92538	GSM2432072	GPL17027	DLPFC_Female_BipolarDisorder_UMichigan_109377	BD	PFC_DLPFC	F	81.0	23.0		109377	tissue				U133A	U_Michigan
GSE92538	GSM2432073	GPL17027	DLPFC_Male_Control_UMichigan_109422	CTL	PFC_DLPFC	M	54.0	11.0	6.97	109422	tissue				U133A	U_Michigan
GSE92538	GSM2432075	GPL17027	DLPFC_Male_MajorDepressiveDisorder_UMichigan_109430	MDD	PFC_DLPFC	M	34.0	29.6	6.71	109430	tissue				U133A	U_Michigan
GSE92538	GSM2432077	GPL10526	DLPFC_Male_MajorDepressiveDisorder_p_UMichigan_109436	MDD	PFC_DLPFC	M	62.0	30.0	6.47	109436	tissue				U133Plus2	U_Michigan
GSE92538	GSM2432080	GPL17027	DLPFC_Male_Control_UMichigan_109779	CTL	PFC_DLPFC	M	43.0	26.0	7.1	109779	tissue				U133A	U_Michigan
GSE92538	GSM2432081	GPL10526	DLPFC_Male_MajorDepressiveDisorder_p_UMichigan_109833	MDD	PFC_DLPFC	M	36.0	36.0	6.87	109833	tissue				U133Plus2	U_Michigan
GSE92538	GSM2432083	GPL10526	DLPFC_Male_Control_p_UMichigan_109882	CTL	PFC_DLPFC	M	32.0	10.0	7.04	109882	tissue				U133Plus2	U_Michigan
GSE92538	GSM2432085	GPL17027	DLPFC_Male_MajorDepressiveDisorder_UMichigan_109899	MDD	PFC_DLPFC	M	35.0	34.5	7.04	109899	tissue				U133A	U_Michigan
GSE92538	GSM2432086	GPL17027	DLPFC_Male_MajorDepressiveDisorder_UMichigan_109923	MDD	PFC_DLPFC	M	47.0	29.0	7.25	109923	tissue				U133A	U_Michigan
GSE92538	GSM2432088	GPL17027	DLPFC_Male_BipolarDisorder_r_UMichigan_109961	BD	PFC_DLPFC	M	26.0	19.0	6.92	109961	tissue				U133A	U_Michigan
GSE92538	GSM2432090	GPL17027	DLPFC_Male_BipolarDisorder_UMichigan_109961	BD	PFC_DLPFC	M	26.0	19.0	6.92	109961	tissue				U133A	U_Michigan
GSE92538	GSM2432092	GPL17027	DLPFC_Female_Control_UMichigan_109991	CTL	PFC_DLPFC	F	57.0	16.5	6.61	109991	tissue				U133A	U_Michigan
