unit_a	gsm_a	unit_b	gsm_b	r	z_row	z_col	z	r_second	bank_a	bank_b	gse_a	dx_a	region_a	sex_reported_a	age_a	pmi_a	ph_a	donor_local_a	title_a	gse_b	dx_b	region_b	sex_reported_b	age_b	pmi_b	ph_b	donor_local_b	title_b	same_metadata_donor	dx_agree	tier	sex_a	sex_b	sex_agree	confirmed	split_edge
GSE12649__HG-U133A|PFC_BA46	GSM317385	GSE12649__HG-U133A|PFC_BA46	GSM317437	0.3816717420579448	5.400132903760982	2.801243473810144	2.801243473810144	0.17695530760808909	Stanley	Stanley	GSE12649	BD	PFC_BA46					1	bipolar disorder, BA46-1	GSE12649	SCZ	PFC_BA46					55	schizophrenia, BA46-55	False	False	none	M	M	True	False	False
GSE12649__HG-U133A|PFC_BA46	GSM317386	GSE12649__HG-U133A|PFC_BA46	GSM317486	0.24629895209884511	3.1335614296550185	2.514250902670426	2.514250902670426	0.19850478970779134	Stanley	Stanley	GSE12649	BD	PFC_BA46					2	bipolar disorder, BA46-2	GSE12649	CTL	PFC_BA46					105	control, BA46-105	False	False	none	M	F	False	False	False
GSE12649__HG-U133A|PFC_BA46	GSM317393	GSE12649__HG-U133A|PFC_BA46	GSM317395	0.2403299362482935	2.5979485126493183	2.4819826781736403	2.4819826781736403	0.2296893866235173	Stanley	Stanley	GSE12649	SCZ	PFC_BA46					10	schizophrenia, BA46-10	GSE12649	SCZ	PFC_BA46					12	schizophrenia, BA46-12	False	True	none	M	M	True	False	False
GSE12649__HG-U133A|PFC_BA46	GSM317396	GSE12649__HG-U133A|PFC_BA46	GSM317419	0.277153262266101	2.760162005215175	2.97268799579248	2.760162005215175	0.22056251350265632	Stanley	Stanley	GSE12649	BD	PFC_BA46					13	bipolar disorder, BA46-13	GSE12649	BD	PFC_BA46					36	bipolar disorder, BA46-36	False	True	none	F	M	False	False	False
GSE12649__HG-U133A|PFC_BA46	GSM317403	GSE12649__HG-U133A|PFC_BA46	GSM317459	0.3259476260426576	2.4674566720491717	2.3354076584722034	2.3354076584722034	0.2514771128023228	Stanley	Stanley	GSE12649	BD	PFC_BA46					20	bipolar disorder, BA46-20	GSE12649	CTL	PFC_BA46					77	control, BA46-77	False	False	none	F	F	True	False	False
GSE12649__HG-U133A|PFC_BA46	GSM317407	GSE12649__HG-U133A|PFC_BA46	GSM317413	0.2261054028109027	3.029570235887265	2.4172647302811647	2.4172647302811647	0.20226613227028056	Stanley	Stanley	GSE12649	CTL	PFC_BA46					24	control, BA46-24	GSE12649	CTL	PFC_BA46					30	control, BA46-30	False	True	none	M	M	True	False	False
GSE12649__HG-U133A|PFC_BA46	GSM317408	GSE12649__HG-U133A|PFC_BA46	GSM317439	0.23187116403571134	2.7592060103707223	2.919594735155941	2.7592060103707223	0.21287644256891716	Stanley	Stanley	GSE12649	SCZ	PFC_BA46					25	schizophrenia, BA46-25	GSE12649	BD	PFC_BA46					57	bipolar disorder, BA46-57	False	False	none	M	M	True	False	False
GSE12649__HG-U133A|PFC_BA46	GSM317409	GSE12649__HG-U133A|PFC_BA46	GSM317476	0.2946368423432208	2.924966497067224	2.176250811489725	2.176250811489725	0.19884856728566233	Stanley	Stanley	GSE12649	SCZ	PFC_BA46					26	schizophrenia, BA46-26	GSE12649	CTL	PFC_BA46					95	control, BA46-95	False	False	none	M	M	True	False	False
GSE12649__HG-U133A|PFC_BA46	GSM317411	GSE12649__HG-U133A|PFC_BA46	GSM317424	0.3174587780266912	3.1929955526605487	3.5747312262725828	3.1929955526605487	0.20016067286914432	Stanley	Stanley	GSE12649	BD	PFC_BA46					28	bipolar disorder, BA46-28	GSE12649	SCZ	PFC_BA46					41	schizophrenia, BA46-41	False	False	none	M	M	True	False	False
GSE12649__HG-U133A|PFC_BA46	GSM317415	GSE12649__HG-U133A|PFC_BA46	GSM317446	0.23884445114815755	3.4131812853705794	3.316620787111545	3.316620787111545	0.17098620139042672	Stanley	Stanley	GSE12649	BD	PFC_BA46					32	bipolar disorder, BA46-32	GSE12649	BD	PFC_BA46					64	bipolar disorder, BA46-64	False	True	none	F	M	False	False	False
GSE12649__HG-U133A|PFC_BA46	GSM317416	GSE12649__HG-U133A|PFC_BA46	GSM317466	0.3488940281161354	4.1309026050631985	3.694971612907121	3.694971612907121	0.2470728714020364	Stanley	Stanley	GSE12649	CTL	PFC_BA46					33	control, BA46-33	GSE12649	CTL	PFC_BA46					84	control, BA46-84	False	True	none	F	M	False	False	False
GSE12649__HG-U133A|PFC_BA46	GSM317420	GSE12649__HG-U133A|PFC_BA46	GSM317478	0.2491862196307054	2.7630153249795737	2.5519567257587044	2.5519567257587044	0.21402824720015698	Stanley	Stanley	GSE12649	SCZ	PFC_BA46					37	schizophrenia, BA46-37	GSE12649	SCZ	PFC_BA46					97	schizophrenia, BA46-97	False	True	none	M	M	True	False	False
GSE12649__HG-U133A|PFC_BA46	GSM317425	GSE12649__HG-U133A|PFC_BA46	GSM317452	0.2586321130491983	2.6060007678003685	2.991007029332802	2.6060007678003685	0.2021298839190423	Stanley	Stanley	GSE12649	BD	PFC_BA46					42	bipolar disorder, BA46-42	GSE12649	CTL	PFC_BA46					70	control, BA46-70	False	False	none	M	M	True	False	False
GSE12649__HG-U133A|PFC_BA46	GSM317427	GSE12649__HG-U133A|PFC_BA46	GSM317449	0.22568559427249396	3.0141896717272276	2.4972264266148363	2.4972264266148363	0.16694359616924015	Stanley	Stanley	GSE12649	SCZ	PFC_BA46					44	schizophrenia, BA46-44	GSE12649	CTL	PFC_BA46					67	control, BA46-67	False	False	none	F	M	False	False	False
GSE12649__HG-U133A|PFC_BA46	GSM317432	GSE12649__HG-U133A|PFC_BA46	GSM317482	0.24367940614476233	2.866262073666652	2.4922971798754254	2.4922971798754254	0.1761157543415886	Stanley	Stanley	GSE12649	CTL	PFC_BA46					49	control, BA46-49	GSE12649	SCZ	PFC_BA46					101	schizophrenia, BA46-101	False	False	none	M	M	True	False	False
GSE12649__HG-U133A|PFC_BA46	GSM317433	GSE12649__HG-U133A|PFC_BA46	GSM317475	0.3005624464463949	2.3276233980775	3.4336109738398064	2.3276233980775	0.24421535536342104	Stanley	Stanley	GSE12649	BD	PFC_BA46					50	bipolar disorder, BA46-50	GSE12649	SCZ	PFC_BA46					94	schizophrenia, BA46-94	False	False	none	F	M	False	False	False
GSE12649__HG-U133A|PFC_BA46	GSM317443	GSE12649__HG-U133A|PFC_BA46	GSM317453	0.2451136574667397	2.397244775372	2.4481155795375	2.397244775372	0.2231957757261773	Stanley	Stanley	GSE12649	BD	PFC_BA46					61	bipolar disorder, BA46-61	GSE12649	CTL	PFC_BA46					71	control, BA46-71	False	False	none	F	F	True	False	False
GSE12649__HG-U133A|PFC_BA46	GSM317448	GSE12649__HG-U133A|PFC_BA46	GSM317456	0.1628609394471554	2.6481568776267808	2.2078713144488877	2.2078713144488877	0.14165630952613217	Stanley	Stanley	GSE12649	SCZ	PFC_BA46					66	schizophrenia, BA46-66	GSE12649	BD	PFC_BA46					74	bipolar disorder, BA46-74	False	False	none	M	F	False	False	False
GSE12649__HG-U133A|PFC_BA46	GSM317460	GSE12649__HG-U133A|PFC_BA46	GSM317465	0.2137803699908959	2.6662597817002776	2.1415917876780814	2.1415917876780814	0.19154090589437864	Stanley	Stanley	GSE12649	SCZ	PFC_BA46					78	schizophrenia, BA46-78	GSE12649	CTL	PFC_BA46					83	control, BA46-83	False	False	none	F	M	False	False	False
GSE12649__HG-U133A|PFC_BA46	GSM317469	GSE12649__HG-U133A|PFC_BA46	GSM317479	0.25195848583228914	2.9747122892272126	2.7990419145155516	2.7990419145155516	0.20374690629513428	Stanley	Stanley	GSE12649	SCZ	PFC_BA46					87	schizophrenia, BA46-87	GSE12649	BD	PFC_BA46					98	bipolar disorder, BA46-98	False	False	none	M	M	True	False	False
GSE12649__HG-U133A|PFC_BA46	GSM317470	GSE12649__HG-U133A|PFC_BA46	GSM317472	0.44669634638322725	5.896553963608399	5.659477534807746	5.659477534807746	0.20016067286914432	Stanley	Stanley	GSE12649	SCZ	PFC_BA46					88	schizophrenia, BA46-88	GSE12649	CTL	PFC_BA46					91	control, BA46-91	False	False	match	M	M	True	True	True
GSE12649__HG-U133A|PFC_BA46	GSM317386	GSE35978__HuGene-1_0-st-v1|CB	GSM878231	0.30951384442520774	5.226351466449636	4.680175395518635	4.680175395518635	0.1671888603231962	Stanley	Stanley	GSE12649	BD	PFC_BA46					2	bipolar disorder, BA46-2	GSE35978	BD	CB	M	30.0	60.0	6.7	k15	CC18_102309	False	True	probable	M	M	True	True	True
GSE12649__HG-U133A|PFC_BA46	GSM317389	GSE35978__HuGene-1_0-st-v1|CB	GSM878267	0.3935304531203506	6.257911847090148	6.1617978671348625	6.1617978671348625	0.1253324302029726	Stanley	Stanley	GSE12649	BD	PFC_BA46					6	bipolar disorder, BA46-6	GSE35978	BD	CB	F	30.0	62.0	6.74	k50	CC54_100909	False	True	match	F	F	True	True	True
GSE12649__HG-U133A|PFC_BA46	GSM317390	GSE35978__HuGene-1_0-st-v1|CB	GSM878279	0.2942583411684577	3.8362563672132466	4.145533186052765	3.8362563672132466	0.15360029445340828	Stanley	Stanley	GSE12649	SCZ	PFC_BA46					7	schizophrenia, BA46-7	GSE35978	SCZ	CB	M	30.0	33.0	6.2	k61	CC66_110409	False	True	none	M	M	True	False	True
GSE12649__HG-U133A|PFC_BA46	GSM317391	GSE35978__HuGene-1_0-st-v1|CB	GSM878289	0.20671552171993723	3.325813538283147	3.4718254305536536	3.325813538283147	0.1533170580872374	Stanley	Stanley	GSE12649	BD	PFC_BA46					8	bipolar disorder, BA46-8	GSE35978	BD	CB	M	45.0	19.0	6.74	k71	CC76_103009	False	True	none	M	M	True	False	True
GSE12649__HG-U133A|PFC_BA46	GSM317392	GSE35978__HuGene-1_0-st-v1|CB	GSM878299	0.1854104000929563	3.162063295010464	3.2971532020821055	3.162063295010464	0.1804351476405346	Stanley	Stanley	GSE12649	SCZ	PFC_BA46					9	schizophrenia, BA46-9	GSE35978	SCZ	CB	F	45.0	52.0	6.51	k81	CC86_103009	False	True	none	F	F	True	False	True
GSE12649__HG-U133A|PFC_BA46	GSM317393	GSE35978__HuGene-1_0-st-v1|CB	GSM878215	0.3037058962427284	3.274492280290194	4.903648533145799	3.274492280290194	0.254704123663632	Stanley	Stanley	GSE12649	SCZ	PFC_BA46					10	schizophrenia, BA46-10	GSE35978	SCZ	CB	M	40.0	34.0	6.18	k1	CC2_100909	False	True	none	M	M	True	False	True
GSE12649__HG-U133A|PFC_BA46	GSM317394	GSE35978__HuGene-1_0-st-v1|CB	GSM878223	0.1877945002736391	3.1357966585896033	3.061702694977707	3.061702694977707	0.13948716314889703	Stanley	Stanley	GSE12649	SCZ	PFC_BA46					11	schizophrenia, BA46-11	GSE35978	SCZ	CB	M	50.0	43.0	6.63	k7	CC10_102109	False	True	none	M	M	True	False	True
GSE12649__HG-U133A|PFC_BA46	GSM317395	GSE35978__HuGene-1_0-st-v1|CB	GSM878224	0.28996098923263736	4.315914282302519	4.990139999818127	4.315914282302519	0.1817506023564593	Stanley	Stanley	GSE12649	SCZ	PFC_BA46					12	schizophrenia, BA46-12	GSE35978	SCZ	CB	M	20.0	28.0	6.73	k8	CC11_102109	False	True	probable	M	M	True	True	True
GSE12649__HG-U133A|PFC_BA46	GSM317397	GSE35978__HuGene-1_0-st-v1|CB	GSM878225	0.19934620289372856	3.06491008569569	2.5068858082469467	2.5068858082469467	0.19723610922532983	Stanley	Stanley	GSE12649	BD	PFC_BA46					14	bipolar disorder, BA46-14	GSE35978	BD	CB	F	50.0	18.0	6.5	k9	CC12_102109	False	True	none	F	F	True	False	False
GSE12649__HG-U133A|PFC_BA46	GSM317398	GSE35978__HuGene-1_0-st-v1|CB	GSM878226	0.3517488054285225	5.201304794777905	5.987729608612983	5.201304794777905	0.16163805681683088	Stanley	Stanley	GSE12649	CTL	PFC_BA46					15	control, BA46-15	GSE35978	CTL	CB	F	45.0	28.0	6.59	k10	CC13_100909	False	True	match	F	F	True	True	True
GSE12649__HG-U133A|PFC_BA46	GSM317399	GSE35978__HuGene-1_0-st-v1|CB	GSM878227	0.26420599564003455	3.656185381846577	3.4975273560283733	3.4975273560283733	0.1521465686668539	Stanley	Stanley	GSE12649	BD	PFC_BA46					16	bipolar disorder, BA46-16	GSE35978	BD	CB	M	40.0	32.0	6.65	k11	CC14_102109	False	True	none	M	M	True	False	True
GSE12649__HG-U133A|PFC_BA46	GSM317400	GSE35978__HuGene-1_0-st-v1|CB	GSM878228	0.2738590961072379	4.304175447960963	5.010803080836944	4.304175447960963	0.16933552047575195	Stanley	Stanley	GSE12649	SCZ	PFC_BA46					17	schizophrenia, BA46-17	GSE35978	SCZ	CB	F	55.0	13.0	6.49	k12	CC15_102109	False	True	probable	F	F	True	True	True
GSE12649__HG-U133A|PFC_BA46	GSM317401	GSE35978__HuGene-1_0-st-v1|CB	GSM878229	0.19306853604933547	3.2527041664005027	3.5252266120196025	3.2527041664005027	0.12204018418798458	Stanley	Stanley	GSE12649	BD	PFC_BA46					18	bipolar disorder, BA46-18	GSE35978	BD	CB	M	35.0	35.0	6.3	k13	CC16_102109	False	True	none	M	M	True	False	True
GSE12649__HG-U133A|PFC_BA46	GSM317404	GSE35978__HuGene-1_0-st-v1|CB	GSM878233	0.20849049905552172	2.935751661942315	3.6993578897768415	2.935751661942315	0.16783439497382796	Stanley	Stanley	GSE12649	BD	PFC_BA46					21	bipolar disorder, BA46-21	GSE35978	BD	CB	M	55.0	44.0	6.5	k17	CC20_102309	False	True	none	M	M	True	False	False
GSE12649__HG-U133A|PFC_BA46	GSM317405	GSE35978__HuGene-1_0-st-v1|CB	GSM878234	0.32739992468822976	4.642096037511102	5.285313057979952	4.642096037511102	0.18572952689900832	Stanley	Stanley	GSE12649	SCZ	PFC_BA46					22	schizophrenia, BA46-22	GSE35978	SCZ	CB	M	35.0	30.0	6.8	k18	CC21_102309	False	True	probable	M	M	True	True	True
GSE12649__HG-U133A|PFC_BA46	GSM317406	GSE35978__HuGene-1_0-st-v1|CB	GSM878235	0.3625219107458869	5.5358214116931626	4.217025592392341	4.217025592392341	0.17371655329540475	Stanley	Stanley	GSE12649	BD	PFC_BA46					23	bipolar disorder, BA46-23	GSE35978	BD	CB	F	35.0	17.0	6.1	k19	CC22_103009	False	True	probable	F	F	True	True	True
GSE12649__HG-U133A|PFC_BA46	GSM317407	GSE35978__HuGene-1_0-st-v1|CB	GSM878236	0.2196975817513467	3.5512725338654625	3.592646929105554	3.5512725338654625	0.18243240916163236	Stanley	Stanley	GSE12649	CTL	PFC_BA46					24	control, BA46-24	GSE35978	CTL	CB	M	55.0	9.0	6.4	k20	CC23_100909	False	True	none	M	M	True	False	True
GSE12649__HG-U133A|PFC_BA46	GSM317408	GSE35978__HuGene-1_0-st-v1|CB	GSM878237	0.3083496088451204	4.688661544594553	3.8267885289020094	3.8267885289020094	0.14408858028724708	Stanley	Stanley	GSE12649	SCZ	PFC_BA46					25	schizophrenia, BA46-25	GSE35978	SCZ	CB	M	50.0	10.0	6.1	k21	CC24_102309	False	True	none	M	M	True	False	True
GSE12649__HG-U133A|PFC_BA46	GSM317409	GSE35978__HuGene-1_0-st-v1|CB	GSM878238	0.31443513371408693	4.548960294205781	4.0658475201374005	4.0658475201374005	0.24060860133092585	Stanley	Stanley	GSE12649	SCZ	PFC_BA46					26	schizophrenia, BA46-26	GSE35978	SCZ	CB	M	25.0	15.0	6.2	k22	CC25_102309	False	True	probable	M	M	True	True	True
GSE12649__HG-U133A|PFC_BA46	GSM317412	GSE35978__HuGene-1_0-st-v1|CB	GSM878240	0.24974893749516688	4.325088387198481	4.1700303828388625	4.1700303828388625	0.13023057756814613	Stanley	Stanley	GSE12649	CTL	PFC_BA46					29	control, BA46-29	GSE35978	CTL	CB	M	50.0	31.0	6.7	k24	CC27_102109	False	True	probable	M	M	True	True	True
GSE12649__HG-U133A|PFC_BA46	GSM317413	GSE35978__HuGene-1_0-st-v1|CB	GSM878242	0.29815112565641394	4.801641780744396	4.096255886677323	4.096255886677323	0.15039674428092298	Stanley	Stanley	GSE12649	CTL	PFC_BA46					30	control, BA46-30	GSE35978	CTL	CB	M	55.0	28.0	6.0	k26	CC29_102109	False	True	probable	M	M	True	True	True
GSE12649__HG-U133A|PFC_BA46	GSM317415	GSE35978__HuGene-1_0-st-v1|CB	GSM878243	0.20520502198731422	3.054599104033401	4.0268391909825025	3.054599104033401	0.17847614301374706	Stanley	Stanley	GSE12649	BD	PFC_BA46					32	bipolar disorder, BA46-32	GSE35978	BD	CB	F	40.0	49.0	6.65	k27	CC30_103009	False	True	none	F	F	True	False	True
GSE12649__HG-U133A|PFC_BA46	GSM317417	GSE35978__HuGene-1_0-st-v1|CB	GSM878244	0.2758633503575581	4.662613304003657	3.87716174142812	3.87716174142812	0.14210786349960927	Stanley	Stanley	GSE12649	BD	PFC_BA46					34	bipolar disorder, BA46-34	GSE35978	BD	CB	F	60.0	35.0	6.5	k28	CC31_103009	False	True	none	F	F	True	False	True
GSE12649__HG-U133A|PFC_BA46	GSM317418	GSE35978__HuGene-1_0-st-v1|CB	GSM878245	0.208639058195262	3.61378188794003	3.404288555514868	3.404288555514868	0.1534732637818059	Stanley	Stanley	GSE12649	CTL	PFC_BA46					35	control, BA46-35	GSE35978	CTL	CB	F	40.0	28.0	6.7	k29	CC32_102109	False	True	none	F	F	True	False	True
GSE12649__HG-U133A|PFC_BA46	GSM317420	GSE35978__HuGene-1_0-st-v1|CB	GSM878246	0.394702475018392	6.060461496064591	5.306534847489221	5.306534847489221	0.16133433017627213	Stanley	Stanley	GSE12649	SCZ	PFC_BA46					37	schizophrenia, BA46-37	GSE35978	SCZ	CB	M	40.0	80.0	6.6	k30	CC33_103009	False	True	match	M	M	True	True	True
GSE12649__HG-U133A|PFC_BA46	GSM317422	GSE35978__HuGene-1_0-st-v1|CB	GSM878247	0.23617326411170533	4.361324877857977	3.6310601843591717	3.6310601843591717	0.13343856346339167	Stanley	Stanley	GSE12649	SCZ	PFC_BA46					39	schizophrenia, BA46-39	GSE35978	SCZ	CB	M	35.0	29.0	6.5	k31	CC34_103009	False	True	none	M	M	True	False	True
GSE12649__HG-U133A|PFC_BA46	GSM317423	GSE35978__HuGene-1_0-st-v1|CB	GSM878249	0.2525462799517838	4.5313335960802545	4.472754463992327	4.472754463992327	0.14434037301923228	Stanley	Stanley	GSE12649	SCZ	PFC_BA46					40	schizophrenia, BA46-40	GSE35978	SCZ	CB	M	50.0	9.0	6.2	k33	CC36_111809	False	True	probable	M	M	True	True	True
GSE12649__HG-U133A|PFC_BA46	GSM317424	GSE35978__HuGene-1_0-st-v1|CB	GSM878250	0.25164215871014767	3.8156107565441215	4.569909267359742	3.8156107565441215	0.16905648823598593	Stanley	Stanley	GSE12649	SCZ	PFC_BA46					41	schizophrenia, BA46-41	GSE35978	SCZ	CB	M	45.0	18.0	6.3	k34	CC37_111809	False	True	none	M	M	True	False	True
GSE12649__HG-U133A|PFC_BA46	GSM317425	GSE35978__HuGene-1_0-st-v1|CB	GSM878355	0.2031983903074603	2.8480694415454595	2.8813162040663203	2.8480694415454595	0.18022602906278642	Stanley	Stanley	GSE12649	BD	PFC_BA46					42	bipolar disorder, BA46-42	GSE35978	MDD	CB	F	55.0	40.0	6.3	k129	CC142_100909	False	False	none	M	F	False	False	False
GSE12649__HG-U133A|PFC_BA46	GSM317426	GSE35978__HuGene-1_0-st-v1|CB	GSM878252	0.17339826754791351	2.719852451033266	2.986211628762806	2.719852451033266	0.15132794741309746	Stanley	Stanley	GSE12649	CTL	PFC_BA46					43	control, BA46-43	GSE35978	CTL	CB	M	35.0	52.0	6.7	k36	CC39_102309	False	True	none	M	M	True	False	False
GSE12649__HG-U133A|PFC_BA46	GSM317427	GSE35978__HuGene-1_0-st-v1|CB	GSM878220	0.1641397717757237	2.6602375493145596	2.60878267785777	2.60878267785777	0.1611820118685277	Stanley	Stanley	GSE12649	SCZ	PFC_BA46					44	schizophrenia, BA46-44	GSE35978	BD	CB	M	50.0	23.0	6.9	k4	CC7_100909	False	False	none	F	M	False	False	False
GSE12649__HG-U133A|PFC_BA46	GSM317428	GSE35978__HuGene-1_0-st-v1|CB	GSM878254	0.31273127967570435	5.021941258385959	4.383534319768614	4.383534319768614	0.1462502762159548	Stanley	Stanley	GSE12649	SCZ	PFC_BA46					45	schizophrenia, BA46-45	GSE35978	SCZ	CB	M	35.0	47.0	6.4	k38	CC41_111109	False	True	probable	M	M	True	True	True
GSE12649__HG-U133A|PFC_BA46	GSM317429	GSE35978__HuGene-1_0-st-v1|CB	GSM878255	0.22595845552188373	3.0373794763765964	3.5430256446642594	3.0373794763765964	0.19887065981884622	Stanley	Stanley	GSE12649	BD	PFC_BA46					46	bipolar disorder, BA46-46	GSE35978	BD	CB	M	60.0	84.0	6.65	k39	CC42_111809	False	True	none	M	M	True	False	True
GSE12649__HG-U133A|PFC_BA46	GSM317430	GSE35978__HuGene-1_0-st-v1|CB	GSM878256	0.25295880407691773	4.049350125906146	4.050476218540005	4.049350125906146	0.14797521670489985	Stanley	Stanley	GSE12649	SCZ	PFC_BA46					47	schizophrenia, BA46-47	GSE35978	SCZ	CB	M	45.0	32.0	6.67	k40	CC43_111109	False	True	probable	M	M	True	True	True
GSE12649__HG-U133A|PFC_BA46	GSM317432	GSE35978__HuGene-1_0-st-v1|CB	GSM878257	0.558982489786485	8.109517922964784	6.857786310382496	6.857786310382496	0.1943620250315773	Stanley	Stanley	GSE12649	CTL	PFC_BA46					49	control, BA46-49	GSE35978	CTL	CB	M	35.0	22.0	6.48	k41	CC44_102309	False	True	match	M	M	True	True	True
GSE12649__HG-U133A|PFC_BA46	GSM317435	GSE35978__HuGene-1_0-st-v1|CB	GSM878260	0.2525452378563577	4.527697877268133	3.938083267671741	3.938083267671741	0.1504276713719833	Stanley	Stanley	GSE12649	CTL	PFC_BA46					53	control, BA46-53	GSE35978	CTL	CB	F	35.0	24.0	6.87	k44	CC47_103009	False	True	probable	F	F	True	True	True
GSE12649__HG-U133A|PFC_BA46	GSM317437	GSE35978__HuGene-1_0-st-v1|CB	GSM878262	0.23529547835481737	3.2610315536101893	3.9614026927484467	3.2610315536101893	0.23216448936519604	Stanley	Stanley	GSE12649	SCZ	PFC_BA46					55	schizophrenia, BA46-55	GSE35978	SCZ	CB	M	45.0	13.0	6.3	k46	CC49_111109	False	True	none	M	M	True	False	True
GSE12649__HG-U133A|PFC_BA46	GSM317439	GSE35978__HuGene-1_0-st-v1|CB	GSM878264	0.22036410640908966	3.2245053791253424	3.0161482876968306	3.0161482876968306	0.19771259630811433	Stanley	Stanley	GSE12649	BD	PFC_BA46					57	bipolar disorder, BA46-57	GSE35978	BD	CB	M	50.0	23.0	6.67	k48	CC51_111109	False	True	none	M	M	True	False	True
GSE12649__HG-U133A|PFC_BA46	GSM317440	GSE35978__HuGene-1_0-st-v1|CB	GSM878265	0.2767908124770264	4.134946705346043	5.129204565388241	4.134946705346043	0.2326262698787051	Stanley	Stanley	GSE12649	BD	PFC_BA46					58	bipolar disorder, BA46-58	GSE35978	BD	CB	F	65.0	32.0	6.97	k49	CC52_111109	False	True	probable	F	F	True	True	True
GSE12649__HG-U133A|PFC_BA46	GSM317442	GSE35978__HuGene-1_0-st-v1|CB	GSM878268	0.29318475278289546	4.711330756190579	4.457309596967356	4.457309596967356	0.1799425401358375	Stanley	Stanley	GSE12649	CTL	PFC_BA46					60	control, BA46-60	GSE35978	CTL	CB	M	45.0	18.0	6.81	k51	CC55_111809	False	True	probable	M	M	True	True	True
GSE12649__HG-U133A|PFC_BA46	GSM317444	GSE35978__HuGene-1_0-st-v1|CB	GSM878270	0.2887508283820086	4.778037931922234	4.116722020099785	4.116722020099785	0.1255409214805578	Stanley	Stanley	GSE12649	BD	PFC_BA46					62	bipolar disorder, BA46-62	GSE35978	BD	CB	F	55.0	26.0	6.58	k53	CC57_111109	False	True	probable	F	F	True	True	True
GSE12649__HG-U133A|PFC_BA46	GSM317445	GSE35978__HuGene-1_0-st-v1|CB	GSM878271	0.29910113223812496	5.27418319674834	4.540648985509741	4.540648985509741	0.15011886304520078	Stanley	Stanley	GSE12649	BD	PFC_BA46					63	bipolar disorder, BA46-63	GSE35978	BD	CB	F	45.0	39.0	6.74	k54	CC58_111109	False	True	probable	F	F	True	True	True
GSE12649__HG-U133A|PFC_BA46	GSM317446	GSE35978__HuGene-1_0-st-v1|CB	GSM878272	0.18323835020659762	2.976405669028679	3.2587002139568155	2.976405669028679	0.1574512726305815	Stanley	Stanley	GSE12649	BD	PFC_BA46					64	bipolar disorder, BA46-64	GSE35978	BD	CB	M	35.0	22.0	6.58	k55	CC59_111109	False	True	none	M	M	True	False	False
GSE12649__HG-U133A|PFC_BA46	GSM317447	GSE35978__HuGene-1_0-st-v1|CB	GSM878326	0.147276176316351	2.7117287969477455	2.2532830661243866	2.2532830661243866	0.13183021360173372	Stanley	Stanley	GSE12649	CTL	PFC_BA46					65	control, BA46-65	GSE35978	BD	CB	M	50.0	19.0	6.2	k106	CC113_102309	False	False	none	M	M	True	False	False
GSE12649__HG-U133A|PFC_BA46	GSM317448	GSE35978__HuGene-1_0-st-v1|CB	GSM878274	0.22266865801509086	3.6923880627444965	3.4406729124968582	3.4406729124968582	0.18299240219477306	Stanley	Stanley	GSE12649	SCZ	PFC_BA46					66	schizophrenia, BA46-66	GSE35978	SCZ	CB	M	45.0	35.0	6.66	k57	CC61_102109	False	True	none	M	M	True	False	True
GSE12649__HG-U133A|PFC_BA46	GSM317449	GSE35978__HuGene-1_0-st-v1|CB	GSM878275	0.2622006438933255	4.282839841635139	3.7564582200194865	3.7564582200194865	0.15093976096784342	Stanley	Stanley	GSE12649	CTL	PFC_BA46					67	control, BA46-67	GSE35978	CTL	CB	M	30.0	24.0	7.03	k58	CC62_111109	False	True	none	M	M	True	False	True
GSE12649__HG-U133A|PFC_BA46	GSM317450	GSE35978__HuGene-1_0-st-v1|CB	GSM878277	0.22346643807684904	3.403740533789239	3.7084620999331754	3.403740533789239	0.18104000178564622	Stanley	Stanley	GSE12649	SCZ	PFC_BA46					68	schizophrenia, BA46-68	GSE35978	SCZ	CB	F	35.0	27.0	6.49	k59	CC63_102309	False	True	none	F	F	True	False	True
GSE12649__HG-U133A|PFC_BA46	GSM317452	GSE35978__HuGene-1_0-st-v1|CB	GSM878280	0.2976124301901506	4.276261074411101	4.796398405457721	4.276261074411101	0.19141126638779044	Stanley	Stanley	GSE12649	CTL	PFC_BA46					70	control, BA46-70	GSE35978	CTL	CB	M	55.0	31.0	6.7	k62	CC67_111109	False	True	probable	M	M	True	True	True
GSE12649__HG-U133A|PFC_BA46	GSM317453	GSE35978__HuGene-1_0-st-v1|CB	GSM878281	0.3413900871192186	4.80602817864902	4.397937660207807	4.397937660207807	0.17307118081878706	Stanley	Stanley	GSE12649	CTL	PFC_BA46					71	control, BA46-71	GSE35978	CTL	CB	F	50.0	45.0	6.72	k63	CC68_111109	False	True	probable	F	F	True	True	True
GSE12649__HG-U133A|PFC_BA46	GSM317454	GSE35978__HuGene-1_0-st-v1|CB	GSM878282	0.26270733123393886	4.195456283487692	4.063400381427065	4.063400381427065	0.1923988754064377	Stanley	Stanley	GSE12649	BD	PFC_BA46					72	bipolar disorder, BA46-72	GSE35978	BD	CB	F	50.0	38.0	6.39	k64	CC69_111809	False	True	probable	F	F	True	True	True
GSE12649__HG-U133A|PFC_BA46	GSM317455	GSE35978__HuGene-1_0-st-v1|CB	GSM878283	0.27857091649704496	4.2431873880890665	3.7781338886169946	3.7781338886169946	0.181493640967194	Stanley	Stanley	GSE12649	SCZ	PFC_BA46					73	schizophrenia, BA46-73	GSE35978	SCZ	CB	M	55.0	38.0	6.17	k65	CC70_111109	False	True	none	M	M	True	False	True
GSE12649__HG-U133A|PFC_BA46	GSM317456	GSE35978__HuGene-1_0-st-v1|CB	GSM878284	0.2641884343478325	4.333352680183854	4.520622968748819	4.333352680183854	0.1395946232889985	Stanley	Stanley	GSE12649	BD	PFC_BA46					74	bipolar disorder, BA46-74	GSE35978	BD	CB	F	35.0	24.0	6.51	k66	CC71_111809	False	True	probable	F	F	True	True	True
GSE12649__HG-U133A|PFC_BA46	GSM317457	GSE35978__HuGene-1_0-st-v1|CB	GSM878285	0.22102538702836996	3.061018839691028	3.7349903789248478	3.061018839691028	0.15970762942546282	Stanley	Stanley	GSE12649	SCZ	PFC_BA46					75	schizophrenia, BA46-75	GSE35978	SCZ	CB	F	55.0	42.0	6.65	k67	CC72_111809	False	True	none	F	F	True	False	True
GSE12649__HG-U133A|PFC_BA46	GSM317459	GSE35978__HuGene-1_0-st-v1|CB	GSM878286	0.23638161552227271	3.2559303530514767	3.78792287045633	3.2559303530514767	0.17370009147906207	Stanley	Stanley	GSE12649	CTL	PFC_BA46					77	control, BA46-77	GSE35978	CTL	CB	F	35.0	29.0	6.52	k68	CC73_111109	False	True	none	F	F	True	False	True
GSE12649__HG-U133A|PFC_BA46	GSM317460	GSE35978__HuGene-1_0-st-v1|CB	GSM878287	0.30658068694972346	4.76761732928639	3.886149664204705	3.886149664204705	0.15230413500724455	Stanley	Stanley	GSE12649	SCZ	PFC_BA46					78	schizophrenia, BA46-78	GSE35978	SCZ	CB	F	45.0	26.0	6.58	k69	CC74_111109	False	True	none	F	F	True	False	True
GSE12649__HG-U133A|PFC_BA46	GSM317461	GSE35978__HuGene-1_0-st-v1|CB	GSM878339	0.16597853761147255	2.459778108669028	2.7013121533599436	2.459778108669028	0.15711979380604316	Stanley	Stanley	GSE12649	CTL	PFC_BA46					79	control, BA46-79	GSE35978	BD	CB	F	50.0	62.0	6.3	k114	CC126_102109	False	False	none	M	F	False	False	False
GSE12649__HG-U133A|PFC_BA46	GSM317462	GSE35978__HuGene-1_0-st-v1|CB	GSM878290	0.25535556668439435	4.156138951968358	4.371500612206019	4.156138951968358	0.1471074929525468	Stanley	Stanley	GSE12649	CTL	PFC_BA46					80	control, BA46-80	GSE35978	CTL	CB	M	50.0	49.0	6.75	k72	CC77_100909	False	True	probable	M	M	True	True	True
GSE12649__HG-U133A|PFC_BA46	GSM317463	GSE35978__HuGene-1_0-st-v1|CB	GSM878343	0.2575077794214892	3.5646889616691366	3.332641710994412	3.332641710994412	0.25586887608502673	Stanley	Stanley	GSE12649	SCZ	PFC_BA46					81	schizophrenia, BA46-81	GSE35978	MDD	CB	F	45.0	32.0	6.2	k118	CC130_111109	False	False	none	F	F	True	False	False
GSE12649__HG-U133A|PFC_BA46	GSM317464	GSE35978__HuGene-1_0-st-v1|CB	GSM878292	0.20019849324368902	2.984393295926015	2.7422474817859457	2.7422474817859457	0.15612165195029526	Stanley	Stanley	GSE12649	SCZ	PFC_BA46					82	schizophrenia, BA46-82	GSE35978	SCZ	CB	M	40.0	26.0	6.8	k74	CC79_111809	False	True	none	M	M	True	False	False
GSE12649__HG-U133A|PFC_BA46	GSM317465	GSE35978__HuGene-1_0-st-v1|CB	GSM878293	0.29723640103889665	4.42238671083818	3.867141112271509	3.867141112271509	0.14065933168995082	Stanley	Stanley	GSE12649	CTL	PFC_BA46					83	control, BA46-83	GSE35978	CTL	CB	M	30.0	13.0	6.57	k75	CC80_111109	False	True	none	M	M	True	False	True
GSE12649__HG-U133A|PFC_BA46	GSM317466	GSE35978__HuGene-1_0-st-v1|CB	GSM878294	0.49957487779632487	5.6062366551907905	5.326001816024441	5.326001816024441	0.3269430729605615	Stanley	Stanley	GSE12649	CTL	PFC_BA46					84	control, BA46-84	GSE35978	CTL	CB	M	45.0	11.0	6.6	k76	CC81_111109	False	True	match	M	M	True	True	True
GSE12649__HG-U133A|PFC_BA46	GSM317468	GSE35978__HuGene-1_0-st-v1|CB	GSM878297	0.22330563195209877	2.8889957814122544	3.2765141111248477	2.8889957814122544	0.20629197742880293	Stanley	Stanley	GSE12649	CTL	PFC_BA46					86	control, BA46-86	GSE35978	SCZ	CB	M	45.0	65.0	6.67	k79	CC84_111809	False	False	none	M	M	True	False	False
GSE12649__HG-U133A|PFC_BA46	GSM317469	GSE35978__HuGene-1_0-st-v1|CB	GSM878296	0.29437902446437425	4.288856672696094	4.052082707161087	4.052082707161087	0.21715438280677424	Stanley	Stanley	GSE12649	SCZ	PFC_BA46					87	schizophrenia, BA46-87	GSE35978	SCZ	CB	M	40.0	54.0	6.18	k78	CC83_111809	False	True	probable	M	M	True	True	True
GSE12649__HG-U133A|PFC_BA46	GSM317470	GSE35978__HuGene-1_0-st-v1|CB	GSM878301	0.2518606642311809	4.118055626569923	3.6810393730042805	3.6810393730042805	0.1860618445750182	Stanley	Stanley	GSE12649	SCZ	PFC_BA46					88	schizophrenia, BA46-88	GSE35978	CTL	CB	M	50.0	22.0	6.71	k83	CC88_111109	False	False	none	M	M	True	False	False
GSE12649__HG-U133A|PFC_BA46	GSM317471	GSE35978__HuGene-1_0-st-v1|CB	GSM878300	0.25530553852792426	4.337744605777601	4.052552041713735	4.052552041713735	0.2055269837744399	Stanley	Stanley	GSE12649	CTL	PFC_BA46					90	control, BA46-90	GSE35978	CTL	CB	M	40.0	38.0	6.67	k82	CC87_111109	False	True	probable	M	M	True	True	True
GSE12649__HG-U133A|PFC_BA46	GSM317472	GSE35978__HuGene-1_0-st-v1|CB	GSM878333	0.18577549474090818	2.871754182250527	3.0046685815263983	2.871754182250527	0.17742442800595115	Stanley	Stanley	GSE12649	CTL	PFC_BA46					91	control, BA46-91	GSE35978	CTL	CB	F	55.0	26.0	6.0	k110	CC117_103009	False	True	none	M	F	False	False	False
GSE12649__HG-U133A|PFC_BA46	GSM317473	GSE35978__HuGene-1_0-st-v1|CB	GSM878302	0.3566159886548913	5.134435738125503	5.896690446359116	5.134435738125503	0.16649659695031696	Stanley	Stanley	GSE12649	SCZ	PFC_BA46					92	schizophrenia, BA46-92	GSE35978	SCZ	CB	M	40.0	26.0	6.19	k84	CC89_103009	False	True	probable	M	M	True	True	True
GSE12649__HG-U133A|PFC_BA46	GSM317474	GSE35978__HuGene-1_0-st-v1|CB	GSM878303	0.2910573896797329	4.354304362653812	4.368620445803926	4.354304362653812	0.14553094310718712	Stanley	Stanley	GSE12649	SCZ	PFC_BA46					93	schizophrenia, BA46-93	GSE35978	SCZ	CB	F	45.0	35.0	6.5	k85	CC90_103009	False	True	probable	F	F	True	True	True
GSE12649__HG-U133A|PFC_BA46	GSM317475	GSE35978__HuGene-1_0-st-v1|CB	GSM878304	0.4113542173280366	5.749418242889965	6.857956672816342	5.749418242889965	0.16294517940429365	Stanley	Stanley	GSE12649	SCZ	PFC_BA46					94	schizophrenia, BA46-94	GSE35978	SCZ	CB	M	40.0	19.0	6.48	k86	CC91_102309	False	True	match	M	M	True	True	True
GSE12649__HG-U133A|PFC_BA46	GSM317477	GSE35978__HuGene-1_0-st-v1|CB	GSM878214	0.2621450129332178	4.223831056394893	3.2308231161544927	3.2308231161544927	0.17872666175049112	Stanley	Stanley	GSE12649	CTL	PFC_BA46					96	control, BA46-96	GSE35978	BD	CB	M	30.0	48.0	6.39	k0	CC1_100909	False	False	none	M	M	True	False	False
GSE12649__HG-U133A|PFC_BA46	GSM317479	GSE35978__HuGene-1_0-st-v1|CB	GSM878276	0.19178474471771642	2.704937322834803	3.2367166844117063	2.704937322834803	0.1474784768867681	Stanley	Stanley	GSE12649	BD	PFC_BA46					98	bipolar disorder, BA46-98	GSE35978	SCZ	CB	F	35.0	27.0	6.49	k59	CC63_102109	False	False	none	M	F	False	False	False
GSE12649__HG-U133A|PFC_BA46	GSM317480	GSE35978__HuGene-1_0-st-v1|CB	GSM878307	0.30732788455089055	4.306949607030297	4.443279365010027	4.306949607030297	0.22184075320749355	Stanley	Stanley	GSE12649	CTL	PFC_BA46					99	control, BA46-99	GSE35978	CTL	CB	F	40.0	58.0	6.46	k89	CC94_111809	False	True	probable	F	F	True	True	True
GSE12649__HG-U133A|PFC_BA46	GSM317482	GSE35978__HuGene-1_0-st-v1|CB	GSM878219	0.3235362342766667	3.903748354658342	4.659219322714135	3.903748354658342	0.25291441510095475	Stanley	Stanley	GSE12649	SCZ	PFC_BA46					101	schizophrenia, BA46-101	GSE35978	SCZ	CB	M	50.0	16.0	6.52	k3	CC5_102309	False	True	probable	M	M	True	True	True
GSE12649__HG-U133A|PFC_BA46	GSM317484	GSE35978__HuGene-1_0-st-v1|CB	GSM878263	0.14811792764908857	2.532944754974079	2.1809802458982612	2.1809802458982612	0.1435580653341919	Stanley	Stanley	GSE12649	CTL	PFC_BA46					103	control, BA46-103	GSE35978	CTL	CB	F	45.0	10.0	6.2	k47	CC50_111809	False	True	none	M	F	False	False	False
GSE12649__HG-U133A|PFC_BA46	GSM317485	GSE35978__HuGene-1_0-st-v1|CB	GSM878222	0.21398004427002884	3.5008986495258947	3.4962163606789853	3.4962163606789853	0.16088874629298994	Stanley	Stanley	GSE12649	BD	PFC_BA46					104	bipolar disorder, BA46-104	GSE35978	BD	CB	M	20.0	12.0	5.978	k6	CC9_100909	False	True	none	M	M	True	False	True
GSE12649__HG-U133A|PFC_BA46	GSM317385	GSE35978__HuGene-1_0-st-v1|PARIETAL	GSM878382	0.3079307914582832	5.2161693369358	4.925724469372603	4.925724469372603	0.23824526349803185	Stanley	Stanley	GSE12649	BD	PFC_BA46					1	bipolar disorder, BA46-1	GSE35978	BD	PARIETAL	M	30.0	48.0	6.39	k0	CC151_40910	False	True	probable	M	M	True	True	True
GSE12649__HG-U133A|PFC_BA46	GSM317386	GSE35978__HuGene-1_0-st-v1|PARIETAL	GSM878380	0.41696396782298734	6.343465384796111	6.072268407931092	6.072268407931092	0.17470138917907488	Stanley	Stanley	GSE12649	BD	PFC_BA46					2	bipolar disorder, BA46-2	GSE35978	BD	PARIETAL	M	30.0	60.0	6.7	k15	CC149_40910	False	True	match	M	M	True	True	True
GSE12649__HG-U133A|PFC_BA46	GSM317387	GSE35978__HuGene-1_0-st-v1|PARIETAL	GSM878378	0.3041743193399307	5.284442152752746	3.424943965050451	3.424943965050451	0.14290682383973716	Stanley	Stanley	GSE12649	SCZ	PFC_BA46					3	schizophrenia, BA46-3	GSE35978	SCZ	PARIETAL	M	45.0	26.0	6.42	k25	CC147_40910	False	True	none	M	M	True	False	True
GSE12649__HG-U133A|PFC_BA46	GSM317388	GSE35978__HuGene-1_0-st-v1|PARIETAL	GSM878377	0.3885260933802554	4.724918453713062	4.882572786162354	4.724918453713062	0.28618319195609054	Stanley	Stanley	GSE12649	BD	PFC_BA46					4	bipolar disorder, BA46-4	GSE35978	BD	PARIETAL	M	45.0	28.0	6.35	k32	CC146_40910	False	True	probable	M	M	True	True	True
GSE12649__HG-U133A|PFC_BA46	GSM317389	GSE35978__HuGene-1_0-st-v1|PARIETAL	GSM878474	0.44653015615734715	5.02025523886332	6.375901913647449	5.02025523886332	0.24118954001139725	Stanley	Stanley	GSE12649	BD	PFC_BA46					6	bipolar disorder, BA46-6	GSE35978	BD	PARIETAL	F	30.0	62.0	6.74	k50	CC243_40910	False	True	probable	F	F	True	True	True
GSE12649__HG-U133A|PFC_BA46	GSM317390	GSE35978__HuGene-1_0-st-v1|PARIETAL	GSM878473	0.45714435243338314	5.881074231243356	5.548556301970597	5.548556301970597	0.19563886787365536	Stanley	Stanley	GSE12649	SCZ	PFC_BA46					7	schizophrenia, BA46-7	GSE35978	SCZ	PARIETAL	M	30.0	33.0	6.2	k61	CC242_40910	False	True	match	M	M	True	True	True
GSE12649__HG-U133A|PFC_BA46	GSM317391	GSE35978__HuGene-1_0-st-v1|PARIETAL	GSM878471	0.3267688536717173	4.819280521513195	5.801545883790534	4.819280521513195	0.15069239322453704	Stanley	Stanley	GSE12649	BD	PFC_BA46					8	bipolar disorder, BA46-8	GSE35978	BD	PARIETAL	M	45.0	19.0	6.74	k71	CC240_40910	False	True	probable	M	M	True	True	True
GSE12649__HG-U133A|PFC_BA46	GSM317392	GSE35978__HuGene-1_0-st-v1|PARIETAL	GSM878468	0.4107187703029164	5.4230201397233575	6.501783619604596	5.4230201397233575	0.20387413587339176	Stanley	Stanley	GSE12649	SCZ	PFC_BA46					9	schizophrenia, BA46-9	GSE35978	SCZ	PARIETAL	F	45.0	52.0	6.51	k81	CC237_40910	False	True	match	F	F	True	True	True
GSE12649__HG-U133A|PFC_BA46	GSM317393	GSE35978__HuGene-1_0-st-v1|PARIETAL	GSM878467	0.47322889975748655	5.337493378427998	6.451755306165405	5.337493378427998	0.28143734524848957	Stanley	Stanley	GSE12649	SCZ	PFC_BA46					10	schizophrenia, BA46-10	GSE35978	SCZ	PARIETAL	M	40.0	34.0	6.18	k1	CC236_40910	False	True	match	M	M	True	True	True
GSE12649__HG-U133A|PFC_BA46	GSM317394	GSE35978__HuGene-1_0-st-v1|PARIETAL	GSM878464	0.3356645421868101	5.534884370879298	5.216632860916526	5.216632860916526	0.14594131211576347	Stanley	Stanley	GSE12649	SCZ	PFC_BA46					11	schizophrenia, BA46-11	GSE35978	SCZ	PARIETAL	M	50.0	43.0	6.63	k7	CC233_40810	False	True	match	M	M	True	True	True
GSE12649__HG-U133A|PFC_BA46	GSM317395	GSE35978__HuGene-1_0-st-v1|PARIETAL	GSM878462	0.5098377902004377	6.521132459382511	6.141092596771882	6.141092596771882	0.24174393405316835	Stanley	Stanley	GSE12649	SCZ	PFC_BA46					12	schizophrenia, BA46-12	GSE35978	SCZ	PARIETAL	M	20.0	28.0	6.73	k8	CC231_40810	False	True	match	M	M	True	True	True
GSE12649__HG-U133A|PFC_BA46	GSM317396	GSE35978__HuGene-1_0-st-v1|PARIETAL	GSM878461	0.38371047344186826	5.024853522611986	3.8902138327740534	3.8902138327740534	0.19262578140013373	Stanley	Stanley	GSE12649	BD	PFC_BA46					13	bipolar disorder, BA46-13	GSE35978	BD	PARIETAL	F	50.0	19.0	5.87	k139	CC230_40810	False	True	none	F	F	True	False	True
GSE12649__HG-U133A|PFC_BA46	GSM317397	GSE35978__HuGene-1_0-st-v1|PARIETAL	GSM878459	0.5337529189242813	7.603052780262194	6.827299005333543	6.827299005333543	0.25228306283291335	Stanley	Stanley	GSE12649	BD	PFC_BA46					14	bipolar disorder, BA46-14	GSE35978	BD	PARIETAL	F	50.0	18.0	6.5	k9	CC228_40810	False	True	match	F	F	True	True	True
GSE12649__HG-U133A|PFC_BA46	GSM317398	GSE35978__HuGene-1_0-st-v1|PARIETAL	GSM878456	0.34433542073752416	4.510197266059676	5.654605560627666	4.510197266059676	0.1968059895947229	Stanley	Stanley	GSE12649	CTL	PFC_BA46					15	control, BA46-15	GSE35978	CTL	PARIETAL	F	45.0	28.0	6.59	k10	CC225_40810	False	True	probable	F	F	True	True	True
GSE12649__HG-U133A|PFC_BA46	GSM317399	GSE35978__HuGene-1_0-st-v1|PARIETAL	GSM878455	0.35227594711328025	4.810562966844295	6.05299689932436	4.810562966844295	0.1935249880916314	Stanley	Stanley	GSE12649	BD	PFC_BA46					16	bipolar disorder, BA46-16	GSE35978	BD	PARIETAL	M	40.0	32.0	6.65	k11	CC224_40810	False	True	probable	M	M	True	True	True
GSE12649__HG-U133A|PFC_BA46	GSM317400	GSE35978__HuGene-1_0-st-v1|PARIETAL	GSM878453	0.3287173399996175	4.8026835066484255	5.479554943780265	4.8026835066484255	0.1772946403534831	Stanley	Stanley	GSE12649	SCZ	PFC_BA46					17	schizophrenia, BA46-17	GSE35978	SCZ	PARIETAL	F	55.0	13.0	6.49	k12	CC222_40810	False	True	probable	F	F	True	True	True
GSE12649__HG-U133A|PFC_BA46	GSM317401	GSE35978__HuGene-1_0-st-v1|PARIETAL	GSM878451	0.3692061574299569	5.876746705948769	5.621947112981977	5.621947112981977	0.18457369777433943	Stanley	Stanley	GSE12649	BD	PFC_BA46					18	bipolar disorder, BA46-18	GSE35978	BD	PARIETAL	M	35.0	35.0	6.3	k13	CC220_40810	False	True	match	M	M	True	True	True
GSE12649__HG-U133A|PFC_BA46	GSM317402	GSE35978__HuGene-1_0-st-v1|PARIETAL	GSM878450	0.25866523703104033	4.340435647143425	3.4305183716770054	3.4305183716770054	0.16030410092561495	Stanley	Stanley	GSE12649	CTL	PFC_BA46					19	control, BA46-19	GSE35978	CTL	PARIETAL	M	50.0	46.0	6.5	k14	CC219_40810	False	True	none	M	M	True	False	True
GSE12649__HG-U133A|PFC_BA46	GSM317403	GSE35978__HuGene-1_0-st-v1|PARIETAL	GSM878447	0.3643873658312129	4.473002811772693	3.832260823814116	3.832260823814116	0.2618991967433726	Stanley	Stanley	GSE12649	BD	PFC_BA46					20	bipolar disorder, BA46-20	GSE35978	BD	PARIETAL	F	60.0	53.0	6.2	k16	CC216_40810	False	True	none	F	F	True	False	True
GSE12649__HG-U133A|PFC_BA46	GSM317404	GSE35978__HuGene-1_0-st-v1|PARIETAL	GSM878445	0.2640400860143068	4.227186673999981	4.084570840531597	4.084570840531597	0.16958992432912554	Stanley	Stanley	GSE12649	BD	PFC_BA46					21	bipolar disorder, BA46-21	GSE35978	BD	PARIETAL	M	55.0	44.0	6.5	k17	CC214_41410	False	True	probable	M	M	True	True	True
GSE12649__HG-U133A|PFC_BA46	GSM317405	GSE35978__HuGene-1_0-st-v1|PARIETAL	GSM878444	0.30898550344943426	4.569147072630511	4.939564822435403	4.569147072630511	0.15198769923947483	Stanley	Stanley	GSE12649	SCZ	PFC_BA46					22	schizophrenia, BA46-22	GSE35978	SCZ	PARIETAL	M	35.0	30.0	6.8	k18	CC213_40810	False	True	probable	M	M	True	True	True
GSE12649__HG-U133A|PFC_BA46	GSM317406	GSE35978__HuGene-1_0-st-v1|PARIETAL	GSM878442	0.33035744342275625	4.5357230351104	4.883028085827954	4.5357230351104	0.1633554145803042	Stanley	Stanley	GSE12649	BD	PFC_BA46					23	bipolar disorder, BA46-23	GSE35978	BD	PARIETAL	F	35.0	17.0	6.1	k19	CC211_40810	False	True	probable	F	F	True	True	True
GSE12649__HG-U133A|PFC_BA46	GSM317407	GSE35978__HuGene-1_0-st-v1|PARIETAL	GSM878439	0.43562211260041184	6.739909883824872	6.075290201845658	6.075290201845658	0.12956915742909808	Stanley	Stanley	GSE12649	CTL	PFC_BA46					24	control, BA46-24	GSE35978	CTL	PARIETAL	M	55.0	9.0	6.4	k20	CC208_40710	False	True	match	M	M	True	True	True
GSE12649__HG-U133A|PFC_BA46	GSM317408	GSE35978__HuGene-1_0-st-v1|PARIETAL	GSM878438	0.41153802696839686	5.341322682897417	7.612506679650652	5.341322682897417	0.2366154654466382	Stanley	Stanley	GSE12649	SCZ	PFC_BA46					25	schizophrenia, BA46-25	GSE35978	SCZ	PARIETAL	M	50.0	10.0	6.1	k21	CC207_40710	False	True	match	M	M	True	True	True
GSE12649__HG-U133A|PFC_BA46	GSM317409	GSE35978__HuGene-1_0-st-v1|PARIETAL	GSM878436	0.5071969464766412	6.866425586344774	5.486757434841467	5.486757434841467	0.19376151353167417	Stanley	Stanley	GSE12649	SCZ	PFC_BA46					26	schizophrenia, BA46-26	GSE35978	SCZ	PARIETAL	M	25.0	15.0	6.2	k22	CC205_40710	False	True	match	M	M	True	True	True
GSE12649__HG-U133A|PFC_BA46	GSM317410	GSE35978__HuGene-1_0-st-v1|PARIETAL	GSM878434	0.2973932697740486	4.443386664481191	4.88758891225107	4.443386664481191	0.16426430810686785	Stanley	Stanley	GSE12649	CTL	PFC_BA46					27	control, BA46-27	GSE35978	CTL	PARIETAL	M	35.0	13.0	6.5	k23	CC203_40710	False	True	probable	M	M	True	True	True
GSE12649__HG-U133A|PFC_BA46	GSM317412	GSE35978__HuGene-1_0-st-v1|PARIETAL	GSM878433	0.35245310231541027	5.951744796676335	5.1311621888985615	5.1311621888985615	0.16009716091107923	Stanley	Stanley	GSE12649	CTL	PFC_BA46					29	control, BA46-29	GSE35978	CTL	PARIETAL	M	50.0	31.0	6.7	k24	CC202_40710	False	True	probable	M	M	True	True	True
GSE12649__HG-U133A|PFC_BA46	GSM317413	GSE35978__HuGene-1_0-st-v1|PARIETAL	GSM878431	0.38044116392028343	5.553748033040122	5.012253081170301	5.012253081170301	0.15740517474973623	Stanley	Stanley	GSE12649	CTL	PFC_BA46					30	control, BA46-30	GSE35978	CTL	PARIETAL	M	55.0	28.0	6.0	k26	CC200_40710	False	True	probable	M	M	True	True	True
GSE12649__HG-U133A|PFC_BA46	GSM317414	GSE35978__HuGene-1_0-st-v1|PARIETAL	GSM878429	0.5041257761978307	7.728999097731447	5.816704247488208	5.816704247488208	0.17048737945053982	Stanley	Stanley	GSE12649	SCZ	PFC_BA46					31	schizophrenia, BA46-31	GSE35978	SCZ	PARIETAL	M	45.0	9.0	5.9	k137	CC198_40710	False	True	match	M	M	True	True	True
GSE12649__HG-U133A|PFC_BA46	GSM317415	GSE35978__HuGene-1_0-st-v1|PARIETAL	GSM878406	0.3146408494457602	4.872426327120012	4.392093054731664	4.392093054731664	0.1422836937468247	Stanley	Stanley	GSE12649	BD	PFC_BA46					32	bipolar disorder, BA46-32	GSE35978	BD	PARIETAL	F	40.0	49.0	6.65	k27	CC175_40610	False	True	probable	F	F	True	True	True
GSE12649__HG-U133A|PFC_BA46	GSM317416	GSE35978__HuGene-1_0-st-v1|PARIETAL	GSM878428	0.5356083664075469	5.576559137711996	6.411654905766256	5.576559137711996	0.3190712657910788	Stanley	Stanley	GSE12649	CTL	PFC_BA46					33	control, BA46-33	GSE35978	CTL	PARIETAL	F	40.0	33.0	6.0	k136	CC197_40710	False	True	match	F	F	True	True	True
GSE12649__HG-U133A|PFC_BA46	GSM317418	GSE35978__HuGene-1_0-st-v1|PARIETAL	GSM878425	0.4179992750080805	6.7369239482276235	5.625909160189737	5.625909160189737	0.17585968360521434	Stanley	Stanley	GSE12649	CTL	PFC_BA46					35	control, BA46-35	GSE35978	CTL	PARIETAL	F	40.0	28.0	6.7	k29	CC194_40710	False	True	match	F	F	True	True	True
GSE12649__HG-U133A|PFC_BA46	GSM317420	GSE35978__HuGene-1_0-st-v1|PARIETAL	GSM878421	0.42399653342929067	6.24881306959649	6.500285554100159	6.24881306959649	0.1815350984965496	Stanley	Stanley	GSE12649	SCZ	PFC_BA46					37	schizophrenia, BA46-37	GSE35978	SCZ	PARIETAL	M	40.0	80.0	6.6	k30	CC190_40710	False	True	match	M	M	True	True	True
GSE12649__HG-U133A|PFC_BA46	GSM317421	GSE35978__HuGene-1_0-st-v1|PARIETAL	GSM878419	0.29872825292200506	4.372181273135377	3.496006313594934	3.496006313594934	0.17225688010494555	Stanley	Stanley	GSE12649	CTL	PFC_BA46					38	control, BA46-38	GSE35978	CTL	PARIETAL	M	60.0	47.0	6.8	k134	CC188_40710	False	True	none	M	M	True	False	True
GSE12649__HG-U133A|PFC_BA46	GSM317422	GSE35978__HuGene-1_0-st-v1|PARIETAL	GSM878418	0.2593026254568822	4.3296545784645	4.510504945024469	4.3296545784645	0.12828327886391125	Stanley	Stanley	GSE12649	SCZ	PFC_BA46					39	schizophrenia, BA46-39	GSE35978	SCZ	PARIETAL	M	35.0	29.0	6.5	k31	CC187_40710	False	True	probable	M	M	True	True	True
GSE12649__HG-U133A|PFC_BA46	GSM317423	GSE35978__HuGene-1_0-st-v1|PARIETAL	GSM878416	0.3377342067852935	5.223155401354338	5.581987245949662	5.223155401354338	0.2501892165129867	Stanley	Stanley	GSE12649	SCZ	PFC_BA46					40	schizophrenia, BA46-40	GSE35978	SCZ	PARIETAL	M	50.0	9.0	6.2	k33	CC184_40710	False	True	match	M	M	True	True	True
GSE12649__HG-U133A|PFC_BA46	GSM317424	GSE35978__HuGene-1_0-st-v1|PARIETAL	GSM878414	0.3344314716679231	5.275422044259388	4.966660558123861	4.966660558123861	0.18639521108551171	Stanley	Stanley	GSE12649	SCZ	PFC_BA46					41	schizophrenia, BA46-41	GSE35978	SCZ	PARIETAL	M	45.0	18.0	6.3	k34	CC183_40610	False	True	probable	M	M	True	True	True
GSE12649__HG-U133A|PFC_BA46	GSM317425	GSE35978__HuGene-1_0-st-v1|PARIETAL	GSM878412	0.43815206465970336	5.645576503826445	4.96759343283281	4.96759343283281	0.18813373451932244	Stanley	Stanley	GSE12649	BD	PFC_BA46					42	bipolar disorder, BA46-42	GSE35978	BD	PARIETAL	M	65.0	16.0	6.1	k35	CC181_40610	False	True	probable	M	M	True	True	True
GSE12649__HG-U133A|PFC_BA46	GSM317426	GSE35978__HuGene-1_0-st-v1|PARIETAL	GSM878410	0.34317198732233944	4.641522285980954	4.920823130095174	4.641522285980954	0.2010994063162212	Stanley	Stanley	GSE12649	CTL	PFC_BA46					43	control, BA46-43	GSE35978	CTL	PARIETAL	M	35.0	52.0	6.7	k36	CC179_40610	False	True	probable	M	M	True	True	True
GSE12649__HG-U133A|PFC_BA46	GSM317427	GSE35978__HuGene-1_0-st-v1|PARIETAL	GSM878408	0.32480700333141393	4.8314126717913535	4.73083575589814	4.73083575589814	0.17714391046292563	Stanley	Stanley	GSE12649	SCZ	PFC_BA46					44	schizophrenia, BA46-44	GSE35978	SCZ	PARIETAL	F	30.0	36.0	6.8	k37	CC177_40610	False	True	probable	F	F	True	True	True
GSE12649__HG-U133A|PFC_BA46	GSM317428	GSE35978__HuGene-1_0-st-v1|PARIETAL	GSM878407	0.5050348935918522	7.7391941669172315	6.371768938488054	6.371768938488054	0.1802333303900579	Stanley	Stanley	GSE12649	SCZ	PFC_BA46					45	schizophrenia, BA46-45	GSE35978	SCZ	PARIETAL	M	35.0	47.0	6.4	k38	CC176_40610	False	True	match	M	M	True	True	True
GSE12649__HG-U133A|PFC_BA46	GSM317429	GSE35978__HuGene-1_0-st-v1|PARIETAL	GSM878405	0.3186168088509402	4.5118570004691225	4.420521824349424	4.420521824349424	0.18431311679276222	Stanley	Stanley	GSE12649	BD	PFC_BA46					46	bipolar disorder, BA46-46	GSE35978	BD	PARIETAL	M	60.0	84.0	6.65	k39	CC174_40610	False	True	probable	M	M	True	True	True
GSE12649__HG-U133A|PFC_BA46	GSM317430	GSE35978__HuGene-1_0-st-v1|PARIETAL	GSM878402	0.4757138917395801	7.354280451232397	6.653508792738359	6.653508792738359	0.1897695871461548	Stanley	Stanley	GSE12649	SCZ	PFC_BA46					47	schizophrenia, BA46-47	GSE35978	SCZ	PARIETAL	M	45.0	32.0	6.67	k40	CC171_40610	False	True	match	M	M	True	True	True
GSE12649__HG-U133A|PFC_BA46	GSM317432	GSE35978__HuGene-1_0-st-v1|PARIETAL	GSM878395	0.3096502416062399	3.9378373998912415	3.4070585636147444	3.4070585636147444	0.24179683409548697	Stanley	Stanley	GSE12649	CTL	PFC_BA46					49	control, BA46-49	GSE35978	CTL	PARIETAL	M	35.0	22.0	6.48	k41	CC164_40610	False	True	none	M	M	True	False	True
GSE12649__HG-U133A|PFC_BA46	GSM317435	GSE35978__HuGene-1_0-st-v1|PARIETAL	GSM878449	0.34327485038095035	5.598104245268977	4.57866432688568	4.57866432688568	0.15801489361951293	Stanley	Stanley	GSE12649	CTL	PFC_BA46					53	control, BA46-53	GSE35978	CTL	PARIETAL	F	35.0	24.0	6.87	k44	CC218_40610	False	True	probable	F	F	True	True	True
GSE12649__HG-U133A|PFC_BA46	GSM317436	GSE35978__HuGene-1_0-st-v1|PARIETAL	GSM878423	0.3242326188441326	4.229494463883039	4.841355254863579	4.229494463883039	0.2272295511649582	Stanley	Stanley	GSE12649	CTL	PFC_BA46					54	control, BA46-54	GSE35978	CTL	PARIETAL	M	40.0	37.0	6.91	k45	CC192_40610	False	True	probable	M	M	True	True	True
GSE12649__HG-U133A|PFC_BA46	GSM317437	GSE35978__HuGene-1_0-st-v1|PARIETAL	GSM878404	0.34182285084918274	4.328621882659872	4.591873274566555	4.328621882659872	0.20972481524723663	Stanley	Stanley	GSE12649	SCZ	PFC_BA46					55	schizophrenia, BA46-55	GSE35978	SCZ	PARIETAL	M	45.0	13.0	6.3	k46	CC173_40610	False	True	probable	M	M	True	True	True
GSE12649__HG-U133A|PFC_BA46	GSM317438	GSE35978__HuGene-1_0-st-v1|PARIETAL	GSM878401	0.31633247243277435	4.752955745214556	4.333755558761714	4.333755558761714	0.201090986428279	Stanley	Stanley	GSE12649	CTL	PFC_BA46					56	control, BA46-56	GSE35978	CTL	PARIETAL	F	45.0	10.0	6.2	k47	CC170_51110	False	True	probable	F	F	True	True	True
GSE12649__HG-U133A|PFC_BA46	GSM317439	GSE35978__HuGene-1_0-st-v1|PARIETAL	GSM878400	0.22000298738493326	3.198513504916098	3.696833106777791	3.198513504916098	0.18054006459879118	Stanley	Stanley	GSE12649	BD	PFC_BA46					57	bipolar disorder, BA46-57	GSE35978	BD	PARIETAL	M	50.0	23.0	6.67	k48	CC169_51110	False	True	none	M	M	True	False	True
GSE12649__HG-U133A|PFC_BA46	GSM317440	GSE35978__HuGene-1_0-st-v1|PARIETAL	GSM878399	0.2896107994076306	4.107534800768285	4.5648074689500495	4.107534800768285	0.15436849358561108	Stanley	Stanley	GSE12649	BD	PFC_BA46					58	bipolar disorder, BA46-58	GSE35978	BD	PARIETAL	F	65.0	32.0	6.97	k49	CC168_51110	False	True	probable	F	F	True	True	True
GSE12649__HG-U133A|PFC_BA46	GSM317441	GSE35978__HuGene-1_0-st-v1|PARIETAL	GSM878530	0.17025930696096894	2.538996485641385	2.7231388670018983	2.538996485641385	0.16160975315627438	Stanley	Stanley	GSE12649	CTL	PFC_BA46					59	control, BA46-59	GSE35978	SCZ	PARIETAL	M	60.0	31.0	6.2	k116	CC299_51310	False	False	none	M	M	True	False	False
GSE12649__HG-U133A|PFC_BA46	GSM317442	GSE35978__HuGene-1_0-st-v1|PARIETAL	GSM878397	0.37617919124028104	5.641114155190262	5.992609107604124	5.641114155190262	0.1874579466363919	Stanley	Stanley	GSE12649	CTL	PFC_BA46					60	control, BA46-60	GSE35978	CTL	PARIETAL	M	45.0	18.0	6.81	k51	CC166_51110	False	True	match	M	M	True	True	True
GSE12649__HG-U133A|PFC_BA46	GSM317443	GSE35978__HuGene-1_0-st-v1|PARIETAL	GSM878396	0.3729325762143255	4.473313239549037	4.88017852189249	4.473313239549037	0.22987849764457738	Stanley	Stanley	GSE12649	BD	PFC_BA46					61	bipolar disorder, BA46-61	GSE35978	BD	PARIETAL	F	45.0	37.0	6.37	k52	CC165_51110	False	True	probable	F	F	True	True	True
GSE12649__HG-U133A|PFC_BA46	GSM317444	GSE35978__HuGene-1_0-st-v1|PARIETAL	GSM878394	0.4441324716259532	6.77009806992018	5.903543135216358	5.903543135216358	0.15321303396870983	Stanley	Stanley	GSE12649	BD	PFC_BA46					62	bipolar disorder, BA46-62	GSE35978	BD	PARIETAL	F	55.0	26.0	6.58	k53	CC163_51110	False	True	match	F	F	True	True	True
GSE12649__HG-U133A|PFC_BA46	GSM317445	GSE35978__HuGene-1_0-st-v1|PARIETAL	GSM878393	0.4485906671995666	6.608194336153549	7.144039789434477	6.608194336153549	0.1799503771389429	Stanley	Stanley	GSE12649	BD	PFC_BA46					63	bipolar disorder, BA46-63	GSE35978	BD	PARIETAL	F	45.0	39.0	6.74	k54	CC162_51110	False	True	match	F	F	True	True	True
GSE12649__HG-U133A|PFC_BA46	GSM317446	GSE35978__HuGene-1_0-st-v1|PARIETAL	GSM878392	0.3797350982232317	5.8185177266778245	6.2690184947921255	5.8185177266778245	0.23369199305729293	Stanley	Stanley	GSE12649	BD	PFC_BA46					64	bipolar disorder, BA46-64	GSE35978	BD	PARIETAL	M	35.0	22.0	6.58	k55	CC161_51110	False	True	match	M	M	True	True	True
GSE12649__HG-U133A|PFC_BA46	GSM317447	GSE35978__HuGene-1_0-st-v1|PARIETAL	GSM878515	0.18307521027891535	2.7222004953851844	2.655859453039381	2.655859453039381	0.15558961903579555	Stanley	Stanley	GSE12649	CTL	PFC_BA46					65	control, BA46-65	GSE35978	CTL	PARIETAL	F	35.0	23.0	6.6	k95	CC284_51310	False	True	none	M	F	False	False	False
GSE12649__HG-U133A|PFC_BA46	GSM317449	GSE35978__HuGene-1_0-st-v1|PARIETAL	GSM878389	0.37082187400387673	5.691409430358173	5.857668287726335	5.691409430358173	0.18823130274912703	Stanley	Stanley	GSE12649	CTL	PFC_BA46					67	control, BA46-67	GSE35978	CTL	PARIETAL	M	30.0	24.0	7.03	k58	CC158_40910	False	True	match	M	M	True	True	True
GSE12649__HG-U133A|PFC_BA46	GSM317450	GSE35978__HuGene-1_0-st-v1|PARIETAL	GSM878388	0.2913526372580068	4.310625095339955	4.30918631502862	4.30918631502862	0.13419825947531405	Stanley	Stanley	GSE12649	SCZ	PFC_BA46					68	schizophrenia, BA46-68	GSE35978	SCZ	PARIETAL	F	35.0	27.0	6.49	k59	CC157_40910	False	True	probable	F	F	True	True	True
GSE12649__HG-U133A|PFC_BA46	GSM317451	GSE35978__HuGene-1_0-st-v1|PARIETAL	GSM878386	0.26437551083759653	4.202703367934282	4.212600090524422	4.202703367934282	0.17020729777611565	Stanley	Stanley	GSE12649	BD	PFC_BA46					69	bipolar disorder, BA46-69	GSE35978	BD	PARIETAL	F	50.0	62.0	6.51	k60	CC155_40910	False	True	probable	F	F	True	True	True
GSE12649__HG-U133A|PFC_BA46	GSM317452	GSE35978__HuGene-1_0-st-v1|PARIETAL	GSM878385	0.309069597515165	4.156146542672793	5.105381271700765	4.156146542672793	0.2316924991920869	Stanley	Stanley	GSE12649	CTL	PFC_BA46					70	control, BA46-70	GSE35978	CTL	PARIETAL	M	55.0	31.0	6.7	k62	CC154_40910	False	True	probable	M	M	True	True	True
GSE12649__HG-U133A|PFC_BA46	GSM317453	GSE35978__HuGene-1_0-st-v1|PARIETAL	GSM878384	0.26177185926815283	3.3029091125072063	4.352048968419596	3.3029091125072063	0.2285827751048646	Stanley	Stanley	GSE12649	CTL	PFC_BA46					71	control, BA46-71	GSE35978	CTL	PARIETAL	F	50.0	45.0	6.72	k63	CC153_40910	False	True	none	F	F	True	False	True
GSE12649__HG-U133A|PFC_BA46	GSM317454	GSE35978__HuGene-1_0-st-v1|PARIETAL	GSM878383	0.49613065968402265	6.701010208621241	5.987104849840394	5.987104849840394	0.1720061060875086	Stanley	Stanley	GSE12649	BD	PFC_BA46					72	bipolar disorder, BA46-72	GSE35978	BD	PARIETAL	F	50.0	38.0	6.39	k64	CC152_40910	False	True	match	F	F	True	True	True
GSE12649__HG-U133A|PFC_BA46	GSM317455	GSE35978__HuGene-1_0-st-v1|PARIETAL	GSM878381	0.3368170199703343	5.243846863682968	4.263818202200415	4.263818202200415	0.15675999448371286	Stanley	Stanley	GSE12649	SCZ	PFC_BA46					73	schizophrenia, BA46-73	GSE35978	SCZ	PARIETAL	M	55.0	38.0	6.17	k65	CC150_40910	False	True	probable	M	M	True	True	True
GSE12649__HG-U133A|PFC_BA46	GSM317456	GSE35978__HuGene-1_0-st-v1|PARIETAL	GSM878379	0.4301257695350313	7.5827491612896925	7.571968049248633	7.571968049248633	0.127695073480961	Stanley	Stanley	GSE12649	BD	PFC_BA46					74	bipolar disorder, BA46-74	GSE35978	BD	PARIETAL	F	35.0	24.0	6.51	k66	CC148_40910	False	True	match	F	F	True	True	True
GSE12649__HG-U133A|PFC_BA46	GSM317457	GSE35978__HuGene-1_0-st-v1|PARIETAL	GSM878477	0.30939130247028973	3.833564128333846	4.90646255091281	3.833564128333846	0.20432689323264	Stanley	Stanley	GSE12649	SCZ	PFC_BA46					75	schizophrenia, BA46-75	GSE35978	SCZ	PARIETAL	F	55.0	42.0	6.65	k67	CC246_40910	False	True	none	F	F	True	False	True
GSE12649__HG-U133A|PFC_BA46	GSM317458	GSE35978__HuGene-1_0-st-v1|PARIETAL	GSM878475	0.34324721889708304	4.069961021826711	3.9374911892199975	3.9374911892199975	0.26132290573107736	Stanley	Stanley	GSE12649	BD	PFC_BA46					76	bipolar disorder, BA46-76	GSE35978	BD	PARIETAL	F	40.0	28.0	6.44	k140	CC244_40910	False	True	probable	F	F	True	True	True
GSE12649__HG-U133A|PFC_BA46	GSM317459	GSE35978__HuGene-1_0-st-v1|PARIETAL	GSM878472	0.5222166425689773	6.4176529906404935	4.936190448554464	4.936190448554464	0.17688336600268645	Stanley	Stanley	GSE12649	CTL	PFC_BA46					77	control, BA46-77	GSE35978	CTL	PARIETAL	F	35.0	29.0	6.52	k68	CC241_40910	False	True	probable	F	F	True	True	True
GSE12649__HG-U133A|PFC_BA46	GSM317460	GSE35978__HuGene-1_0-st-v1|PARIETAL	GSM878470	0.39128165449634633	5.39538114047631	5.316136399002405	5.316136399002405	0.19144219307367039	Stanley	Stanley	GSE12649	SCZ	PFC_BA46					78	schizophrenia, BA46-78	GSE35978	SCZ	PARIETAL	F	45.0	26.0	6.58	k69	CC239_40910	False	True	match	F	F	True	True	True
GSE12649__HG-U133A|PFC_BA46	GSM317461	GSE35978__HuGene-1_0-st-v1|PARIETAL	GSM878466	0.38359939716256936	5.6584570742860425	5.611399667522413	5.611399667522413	0.38253005882859953	Stanley	Stanley	GSE12649	CTL	PFC_BA46					79	control, BA46-79	GSE35978	CTL	PARIETAL	M	50.0	31.0	6.86	k70	CC234_40910	False	True	match	M	M	True	True	True
GSE12649__HG-U133A|PFC_BA46	GSM317462	GSE35978__HuGene-1_0-st-v1|PARIETAL	GSM878463	0.30952711129986027	4.230784429837421	4.841593404080522	4.230784429837421	0.17704099237008739	Stanley	Stanley	GSE12649	CTL	PFC_BA46					80	control, BA46-80	GSE35978	CTL	PARIETAL	M	50.0	49.0	6.75	k72	CC232_40810	False	True	probable	M	M	True	True	True
GSE12649__HG-U133A|PFC_BA46	GSM317463	GSE35978__HuGene-1_0-st-v1|PARIETAL	GSM878460	0.4003849399654748	5.446871669708071	6.659255255209331	5.446871669708071	0.19197918299853597	Stanley	Stanley	GSE12649	SCZ	PFC_BA46					81	schizophrenia, BA46-81	GSE35978	SCZ	PARIETAL	F	45.0	30.0	6.47	k73	CC229_40810	False	True	match	F	F	True	True	True
GSE12649__HG-U133A|PFC_BA46	GSM317464	GSE35978__HuGene-1_0-st-v1|PARIETAL	GSM878457	0.34123314970708746	4.504939924711831	4.554696167500016	4.504939924711831	0.23046680147998796	Stanley	Stanley	GSE12649	SCZ	PFC_BA46					82	schizophrenia, BA46-82	GSE35978	SCZ	PARIETAL	M	40.0	26.0	6.8	k74	CC226_40810	False	True	probable	M	M	True	True	True
GSE12649__HG-U133A|PFC_BA46	GSM317465	GSE35978__HuGene-1_0-st-v1|PARIETAL	GSM878454	0.42114654775326216	5.397779972403057	6.470873233063782	5.397779972403057	0.2585595171040827	Stanley	Stanley	GSE12649	CTL	PFC_BA46					83	control, BA46-83	GSE35978	CTL	PARIETAL	M	30.0	13.0	6.57	k75	CC223_40810	False	True	match	M	M	True	True	True
GSE12649__HG-U133A|PFC_BA46	GSM317466	GSE35978__HuGene-1_0-st-v1|PARIETAL	GSM878452	0.5082871932826818	5.051884224039632	5.7661142286336595	5.051884224039632	0.2746171338412978	Stanley	Stanley	GSE12649	CTL	PFC_BA46					84	control, BA46-84	GSE35978	CTL	PARIETAL	M	45.0	11.0	6.6	k76	CC221_40810	False	True	probable	M	M	True	True	True
GSE12649__HG-U133A|PFC_BA46	GSM317469	GSE35978__HuGene-1_0-st-v1|PARIETAL	GSM878443	0.5292974199110653	6.614331157029167	7.7481071001283635	6.614331157029167	0.21113631013865383	Stanley	Stanley	GSE12649	SCZ	PFC_BA46					87	schizophrenia, BA46-87	GSE35978	SCZ	PARIETAL	M	40.0	54.0	6.18	k78	CC212_40810	False	True	match	M	M	True	True	True
GSE12649__HG-U133A|PFC_BA46	GSM317470	GSE35978__HuGene-1_0-st-v1|PARIETAL	GSM878432	0.28018648754344366	5.164660138376804	4.626083372349743	4.626083372349743	0.12989611598126694	Stanley	Stanley	GSE12649	SCZ	PFC_BA46					88	schizophrenia, BA46-88	GSE35978	CTL	PARIETAL	M	50.0	22.0	6.71	k83	CC201_40710	False	False	probable	M	M	True	False	False
GSE12649__HG-U133A|PFC_BA46	GSM317471	GSE35978__HuGene-1_0-st-v1|PARIETAL	GSM878435	0.4054032343952733	7.2584698334642415	5.869818526282597	5.869818526282597	0.1565590648823431	Stanley	Stanley	GSE12649	CTL	PFC_BA46					90	control, BA46-90	GSE35978	CTL	PARIETAL	M	40.0	38.0	6.67	k82	CC204_40710	False	True	match	M	M	True	True	True
GSE12649__HG-U133A|PFC_BA46	GSM317473	GSE35978__HuGene-1_0-st-v1|PARIETAL	GSM878430	0.49715435824782667	7.733415403704805	7.015857345545306	7.015857345545306	0.14081581630357762	Stanley	Stanley	GSE12649	SCZ	PFC_BA46					92	schizophrenia, BA46-92	GSE35978	SCZ	PARIETAL	M	40.0	26.0	6.19	k84	CC199_40710	False	True	match	M	M	True	True	True
GSE12649__HG-U133A|PFC_BA46	GSM317474	GSE35978__HuGene-1_0-st-v1|PARIETAL	GSM878426	0.40838026055142124	5.170835422914125	5.203956883788357	5.170835422914125	0.2119079416155115	Stanley	Stanley	GSE12649	SCZ	PFC_BA46					93	schizophrenia, BA46-93	GSE35978	SCZ	PARIETAL	F	45.0	35.0	6.5	k85	CC195_40710	False	True	probable	F	F	True	True	True
GSE12649__HG-U133A|PFC_BA46	GSM317475	GSE35978__HuGene-1_0-st-v1|PARIETAL	GSM878422	0.41267041647361913	5.547702256120495	5.796463970882091	5.547702256120495	0.16856769159295806	Stanley	Stanley	GSE12649	SCZ	PFC_BA46					94	schizophrenia, BA46-94	GSE35978	SCZ	PARIETAL	M	40.0	19.0	6.48	k86	CC191_40710	False	True	match	M	M	True	True	True
GSE12649__HG-U133A|PFC_BA46	GSM317476	GSE35978__HuGene-1_0-st-v1|PARIETAL	GSM878420	0.2896824937530111	3.052555666975022	3.6487429086882144	3.052555666975022	0.26265748216585705	Stanley	Stanley	GSE12649	CTL	PFC_BA46					95	control, BA46-95	GSE35978	CTL	PARIETAL	M	30.0	11.0	6.13	k87	CC189_40710	False	True	none	M	M	True	False	True
GSE12649__HG-U133A|PFC_BA46	GSM317477	GSE35978__HuGene-1_0-st-v1|PARIETAL	GSM878417	0.2731924352141351	3.913873503014326	3.9397013805306287	3.913873503014326	0.19224130139627235	Stanley	Stanley	GSE12649	CTL	PFC_BA46					96	control, BA46-96	GSE35978	CTL	PARIETAL	M	50.0	24.0	6.91	k88	CC186_40710	False	True	probable	M	M	True	True	True
GSE12649__HG-U133A|PFC_BA46	GSM317478	GSE35978__HuGene-1_0-st-v1|PARIETAL	GSM878413	0.5091273319574892	6.362152532484602	6.979069819619457	6.362152532484602	0.20503139835094691	Stanley	Stanley	GSE12649	SCZ	PFC_BA46					97	schizophrenia, BA46-97	GSE35978	SCZ	PARIETAL	M	45.0	30.0	6.72	k133	CC182_40610	False	True	match	M	M	True	True	True
GSE12649__HG-U133A|PFC_BA46	GSM317479	GSE35978__HuGene-1_0-st-v1|PARIETAL	GSM878390	0.21562299515021546	3.266181017601205	2.7349778330567047	2.7349778330567047	0.16519218456167137	Stanley	Stanley	GSE12649	BD	PFC_BA46					98	bipolar disorder, BA46-98	GSE35978	SCZ	PARIETAL	M	45.0	35.0	6.66	k57	CC159_51110	False	False	none	M	M	True	False	False
GSE12649__HG-U133A|PFC_BA46	GSM317480	GSE35978__HuGene-1_0-st-v1|PARIETAL	GSM878409	0.5391352275565401	6.3335244533556425	7.228285956755289	6.3335244533556425	0.21975399048453936	Stanley	Stanley	GSE12649	CTL	PFC_BA46					99	control, BA46-99	GSE35978	CTL	PARIETAL	F	40.0	58.0	6.46	k89	CC178_40610	False	True	match	F	F	True	True	True
GSE12649__HG-U133A|PFC_BA46	GSM317481	GSE35978__HuGene-1_0-st-v1|PARIETAL	GSM878403	0.3020042588223103	4.387095905623962	4.6735156307286205	4.387095905623962	0.17707154059472383	Stanley	Stanley	GSE12649	SCZ	PFC_BA46					100	schizophrenia, BA46-100	GSE35978	SCZ	PARIETAL	F	60.0	38.0	6.93	k2	CC172_40610	False	True	probable	F	F	True	True	True
GSE12649__HG-U133A|PFC_BA46	GSM317482	GSE35978__HuGene-1_0-st-v1|PARIETAL	GSM878398	0.4031717040340285	4.963273636926264	5.138461848174393	4.963273636926264	0.20058483191939497	Stanley	Stanley	GSE12649	SCZ	PFC_BA46					101	schizophrenia, BA46-101	GSE35978	SCZ	PARIETAL	M	50.0	16.0	6.52	k3	CC167_40610	False	True	probable	M	M	True	True	True
GSE12649__HG-U133A|PFC_BA46	GSM317483	GSE35978__HuGene-1_0-st-v1|PARIETAL	GSM878387	0.31026261427655377	5.051910991646224	5.177420348420638	5.051910991646224	0.1740409179406725	Stanley	Stanley	GSE12649	BD	PFC_BA46					102	bipolar disorder, BA46-102	GSE35978	BD	PARIETAL	M	50.0	23.0	6.9	k4	CC156_40610	False	True	probable	M	M	True	True	True
GSE12649__HG-U133A|PFC_BA46	GSM317485	GSE35978__HuGene-1_0-st-v1|PARIETAL	GSM878469	0.5175494273926655	6.112723499166099	7.132376461680056	6.112723499166099	0.2466094620474181	Stanley	Stanley	GSE12649	BD	PFC_BA46					104	bipolar disorder, BA46-104	GSE35978	CTL	PARIETAL	M	45.0	36.0	6.57	k5	CC238_40610	False	False	match	M	M	True	True	True
GSE17612__HG-U133_Plus_2|PFC_BA10	GSM439786	GSE17612__HG-U133_Plus_2|PFC_BA10	GSM439803	0.4351551218172155	2.101145969616519	4.817610053806526	2.101145969616519	0.3918582483315518	CharingCross_UK	CharingCross_UK	GSE17612	SCZ	PFC_BA10	M	77.0	3.0	6.1	S027	S027_Scz_M_77	GSE17612	SCZ	PFC_BA10	M	72.0	20.0	6.6	S026	S026_Scz_M_72	False	True	none	M	M	True	False	False
GSE17612__HG-U133_Plus_2|PFC_BA10	GSM439787	GSE17612__HG-U133_Plus_2|PFC_BA10	GSM439790	0.2633672437588177	2.132136225386856	3.0585912529249257	2.132136225386856	0.21567770297320327	CharingCross_UK	CharingCross_UK	GSE17612	CTL	PFC_BA10	F	90.0	12.5	5.7	C010	C010_Control_F_90	GSE17612	SCZ	PFC_BA10	F	65.0	3.0	6.1	S013	S013_Scz_F_65	False	False	none	F	F	True	False	False
GSE17612__HG-U133_Plus_2|PFC_BA10	GSM439795	GSE17612__HG-U133_Plus_2|PFC_BA10	GSM439827	0.30449950360035966	2.3955969836722333	3.3505670336776245	2.3955969836722333	0.25185914748118354	CharingCross_UK	CharingCross_UK	GSE17612	SCZ	PFC_BA10	F	81.0	22.0		S008	S008_Scz_F_81	GSE17612	SCZ	PFC_BA10	F	67.0	3.5	6.1	S007	S007_Scz_F_67	False	True	none	F	F	True	False	False
GSE17612__HG-U133_Plus_2|PFC_BA10	GSM439804	GSE17612__HG-U133_Plus_2|PFC_BA10	GSM439820	0.2869614987869737	2.4222417762575876	2.4052490200993413	2.4052490200993413	0.23219787314866844	CharingCross_UK	CharingCross_UK	GSE17612	CTL	PFC_BA10	M	25.0	17.0	6.9	C021	C021_Control_M_25	GSE17612	SCZ	PFC_BA10	F	97.0	3.5	6.2	S023	S023_Scz_F_97	False	False	none	M	F	False	False	False
GSE17612__HG-U133_Plus_2|PFC_BA10	GSM439809	GSE17612__HG-U133_Plus_2|PFC_BA10	GSM439823	0.24293389780562338	3.0749253639337932	2.793856670884283	2.793856670884283	0.15281811680779148	CharingCross_UK	CharingCross_UK	GSE17612	SCZ	PFC_BA10	M	63.0	30.0	6.5	S012	S012_Scz_M_63	GSE17612	SCZ	PFC_BA10	M	82.0	5.0	6.2	S011	S011_Scz_M_82	False	True	none	M	M	True	False	False
GSE17612__HG-U133_Plus_2|PFC_BA10	GSM439813	GSE17612__HG-U133_Plus_2|PFC_BA10	GSM439828	0.4235014671446083	2.6806436753812743	4.379665937895933	2.6806436753812743	0.39031029655746374	CharingCross_UK	CharingCross_UK	GSE17612	SCZ	PFC_BA10	M	83.0	11.5	6.1	S033	S033_Scz_M_83	GSE17612	SCZ	PFC_BA10	M	77.0	3.0	6.2	S032	S032_Scz_M_77	False	True	none	M	M	True	False	False
GSE17612__HG-U133_Plus_2|PFC_BA10	GSM439815	GSE17612__HG-U133_Plus_2|PFC_BA10	GSM439818	0.2609812240400557	2.8799753776677512	2.826592544056147	2.826592544056147	0.24293532830926876	CharingCross_UK	CharingCross_UK	GSE17612	SCZ	PFC_BA10	M	79.0	4.5	6.3	S019	S019_Scz_M_79	GSE17612	CTL	PFC_BA10	F	71.0	13.0	6.3	C006	C006_Control_F_71	False	False	none	M	F	False	False	False
GSE21138__HG-U133_Plus_2|PFC_BA46	GSM528834	GSE21138__HG-U133_Plus_2|PFC_BA46	GSM528868	0.21831274305690865	2.6601568766214085	1.9932020230747294	1.9932020230747294	0.15854866860127054	Victoria_AU	Victoria_AU	GSE21138	CTL	PFC_BA46	M	22.0	62.0	6.39	Control-4	Control-4	GSE21138	SCZ	PFC_BA46	M	53.0	25.0	6.23	Scz-9	Scz-9	False	False	none	M	M	True	False	False
GSE21138__HG-U133_Plus_2|PFC_BA46	GSM528839	GSE21138__HG-U133_Plus_2|PFC_BA46	GSM528840	0.577274610005106	6.239665322474984	5.880857532944721	5.880857532944721	0.18062870378388265	Victoria_AU	Victoria_AU	GSE21138	CTL	PFC_BA46	M	38.0	44.0	6.19	Control-10	Control-10	GSE21138	CTL	PFC_BA46	M	42.0	26.0	6.21	Control-11	Control-11	False	True	match	MIXED	MIXED	True	True	True
GSE21138__HG-U133_Plus_2|PFC_BA46	GSM528851	GSE21138__HG-U133_Plus_2|PFC_BA46	GSM528881	0.24518756851298779	2.8261290131845564	2.425612742122267	2.425612742122267	0.20756211314230683	Victoria_AU	Victoria_AU	GSE21138	CTL	PFC_BA46	F	66.0	43.0	6.37	Control-22	Control-22	GSE21138	SCZ	PFC_BA46	F	65.0	50.0	6.35	Scz-22	Scz-22	False	False	none	F	F	True	False	False
GSE21138__HG-U133_Plus_2|PFC_BA46	GSM528855	GSE21138__HG-U133_Plus_2|PFC_BA46	GSM528873	0.40688370453344397	4.457081298734135	2.4547065281507443	2.4547065281507443	0.2368625104079596	Victoria_AU	Victoria_AU	GSE21138	CTL	PFC_BA46	M	50.0	69.0	6.43	Control-26	Control-26	GSE21138	SCZ	PFC_BA46	M	46.0	42.0	5.83	Scz-14	Scz-14	False	False	none	M	M	True	False	False
GSE21138__HG-U133_Plus_2|PFC_BA46	GSM528857	GSE21138__HG-U133_Plus_2|PFC_BA46	GSM528870	0.20256319724636226	1.9116687341285836	2.4722917035128362	1.9116687341285836	0.19510991906706054	Victoria_AU	Victoria_AU	GSE21138	CTL	PFC_BA46	M	72.0	39.0	6.21	Control-28	Control-28	GSE21138	SCZ	PFC_BA46	M	41.0	31.0	6.2	Scz-11	Scz-11	False	False	none	M	M	True	False	False
GSE21138__HG-U133_Plus_2|PFC_BA46	GSM528859	GSE21138__HG-U133_Plus_2|PFC_BA46	GSM528871	0.2813229884236374	2.4902643905243216	2.5517069093791247	2.4902643905243216	0.23943328047697474	Victoria_AU	Victoria_AU	GSE21138	CTL	PFC_BA46	M	65.0	41.0	6.56	Control-30	Control-30	GSE21138	SCZ	PFC_BA46	F	26.0	41.0	6.11	Scz-12	Scz-12	False	False	none	M	F	False	False	False
GSE21138__HG-U133_Plus_2|PFC_BA46	GSM528864	GSE21138__HG-U133_Plus_2|PFC_BA46	GSM528869	0.2193800996690061	1.9264863430109074	2.329358841177228	1.9264863430109074	0.2168748039794519	Victoria_AU	Victoria_AU	GSE21138	SCZ	PFC_BA46	M	22.0	37.0	6.07	Scz-5	Scz-5	GSE21138	SCZ	PFC_BA46	M	38.0	36.0	6.44	Scz-10	Scz-10	False	True	none	M	M	True	False	False
GSE21138__HG-U133_Plus_2|PFC_BA46	GSM528866	GSE21138__HG-U133_Plus_2|PFC_BA46	GSM528874	0.35114667466412164	2.3080730187087135	3.737278694410129	2.3080730187087135	0.3087988653822849	Victoria_AU	Victoria_AU	GSE21138	SCZ	PFC_BA46	F	21.0	56.0	6.24	Scz-7	Scz-7	GSE21138	SCZ	PFC_BA46	M	45.0	68.0	6.33	Scz-15	Scz-15	False	True	none	F	M	False	False	False
GSE21138__HG-U133_Plus_2|PFC_BA46	GSM528872	GSE21138__HG-U133_Plus_2|PFC_BA46	GSM528889	0.33194843100123284	3.1466107907178373	2.61935495340544	2.61935495340544	0.2315137779052159	Victoria_AU	Victoria_AU	GSE21138	SCZ	PFC_BA46	M	36.0	38.0	6.04	Scz-13	Scz-13	GSE21138	SCZ	PFC_BA46	M	67.0	21.0	6.46	Scz-30	Scz-30	False	True	none	M	M	True	False	False
GSE21138__HG-U133_Plus_2|PFC_BA46	GSM528877	GSE21138__HG-U133_Plus_2|PFC_BA46	GSM528882	0.27929868196798247	2.3104904133911908	2.8539132617029646	2.3104904133911908	0.24961276934006393	Victoria_AU	Victoria_AU	GSE21138	SCZ	PFC_BA46	M	38.0	40.0	5.6	Scz-18	Scz-18	GSE21138	SCZ	PFC_BA46	M	57.0	24.0	6.06	Scz-23	Scz-23	False	True	none	M	M	True	False	False
GSE35978__HuGene-1_0-st-v1|CB	GSM878215	GSE35978__HuGene-1_0-st-v1|CB	GSM878259	0.2418040243125631	3.5688008382178538	3.0518914167065385	3.0518914167065385	0.2283954563227536	Stanley	Stanley	GSE35978	SCZ	CB	M	40.0	34.0	6.18	k1	CC2_100909	GSE35978	CTL	CB	M	45.0	29.0	6.94	k43	CC46_103009	False	False	none	M	M	True	False	False
GSE35978__HuGene-1_0-st-v1|CB	GSM878216	GSE35978__HuGene-1_0-st-v1|CB	GSM878234	0.174137701820775	2.5400046970366112	2.881991693508947	2.5400046970366112	0.16054759856146308	Stanley	Stanley	GSE35978	SCZ	CB	F	60.0	38.0	6.93	k2	CC3_100909	GSE35978	SCZ	CB	M	35.0	30.0	6.8	k18	CC21_102309	False	True	none	F	M	False	False	False
GSE35978__HuGene-1_0-st-v1|CB	GSM878217	GSE35978__HuGene-1_0-st-v1|CB	GSM878219	0.49103857771067094	5.647472186978831	5.463035913834739	5.463035913834739	0.4577692376482788	Stanley	Stanley	GSE35978	SCZ	CB	M	50.0	16.0	6.52	k3	CC5_100909	GSE35978	SCZ	CB	M	50.0	16.0	6.52	k3	CC5_102309	True	True	match	M	M	True	True	True
GSE35978__HuGene-1_0-st-v1|CB	GSM878220	GSE35978__HuGene-1_0-st-v1|CB	GSM878336	0.23672779982830283	3.662922880277503	3.4573809156867106	3.4573809156867106	0.14229993044471212	Stanley	Stanley	GSE35978	BD	CB	M	50.0	23.0	6.9	k4	CC7_100909	GSE35978	CTL	CB	M	60.0	27.0	6.0	k111	CC123_102109	False	False	none	M	M	True	False	False
GSE35978__HuGene-1_0-st-v1|CB	GSM878222	GSE35978__HuGene-1_0-st-v1|CB	GSM878224	0.2628637748192715	2.6958875103546567	3.0641308164587375	2.6958875103546567	0.19772569445846522	Stanley	Stanley	GSE35978	BD	CB	M	20.0	12.0	5.978	k6	CC9_100909	GSE35978	SCZ	CB	M	20.0	28.0	6.73	k8	CC11_102109	False	False	none	M	M	True	False	False
GSE35978__HuGene-1_0-st-v1|CB	GSM878226	GSE35978__HuGene-1_0-st-v1|CB	GSM878236	0.16880146591218964	2.3695495046139183	2.3980045297132815	2.3695495046139183	0.16583801722186312	Stanley	Stanley	GSE35978	CTL	CB	F	45.0	28.0	6.59	k10	CC13_100909	GSE35978	CTL	CB	M	55.0	9.0	6.4	k20	CC23_100909	False	True	none	F	M	False	False	False
GSE35978__HuGene-1_0-st-v1|CB	GSM878232	GSE35978__HuGene-1_0-st-v1|CB	GSM878246	0.3393286365686245	2.7976440327391945	3.9368564581235934	2.7976440327391945	0.2761758456969287	Stanley	Stanley	GSE35978	BD	CB	F	60.0	53.0	6.2	k16	CC19_102309	GSE35978	SCZ	CB	M	40.0	80.0	6.6	k30	CC33_103009	False	False	none	F	M	False	False	False
GSE35978__HuGene-1_0-st-v1|CB	GSM878233	GSE35978__HuGene-1_0-st-v1|CB	GSM878268	0.22290726924488186	2.5079548219434464	3.593104242683568	2.5079548219434464	0.1531119857910632	Stanley	Stanley	GSE35978	BD	CB	M	55.0	44.0	6.5	k17	CC20_102309	GSE35978	CTL	CB	M	45.0	18.0	6.81	k51	CC55_111809	False	False	none	M	M	True	False	False
GSE35978__HuGene-1_0-st-v1|CB	GSM878235	GSE35978__HuGene-1_0-st-v1|CB	GSM878296	0.23610828528907143	2.711341928680135	3.5389455455010808	2.711341928680135	0.23138708465617552	Stanley	Stanley	GSE35978	BD	CB	F	35.0	17.0	6.1	k19	CC22_103009	GSE35978	SCZ	CB	M	40.0	54.0	6.18	k78	CC83_111809	False	False	none	F	M	False	False	False
GSE35978__HuGene-1_0-st-v1|CB	GSM878251	GSE35978__HuGene-1_0-st-v1|CB	GSM878339	0.2563582905564648	2.7514517554202693	2.9169988774108524	2.7514517554202693	0.19266133581791242	Stanley	Stanley	GSE35978	BD	CB	M	65.0	16.0	6.1	k35	CC38_111809	GSE35978	BD	CB	F	50.0	62.0	6.3	k114	CC126_102109	False	True	none	M	F	False	False	False
GSE35978__HuGene-1_0-st-v1|CB	GSM878257	GSE35978__HuGene-1_0-st-v1|CB	GSM878327	0.23441767227291518	3.271272215093382	2.81397898981174	2.81397898981174	0.17427869970559134	Stanley	Stanley	GSE35978	CTL	CB	M	35.0	22.0	6.48	k41	CC44_102309	GSE35978	SCZ	CB	F	60.0	40.0	6.2	k107	CC114_102309	False	False	none	M	F	False	False	False
GSE35978__HuGene-1_0-st-v1|CB	GSM878265	GSE35978__HuGene-1_0-st-v1|CB	GSM878266	0.3352300075212033	5.154280231972229	5.581576759434131	5.154280231972229	0.14074901922752409	Stanley	Stanley	GSE35978	BD	CB	F	65.0	32.0	6.97	k49	CC52_111109	GSE35978	BD	CB	F	65.0	32.0	6.97	k49	CC52_111809	True	True	probable	F	F	True	True	True
GSE35978__HuGene-1_0-st-v1|CB	GSM878270	GSE35978__HuGene-1_0-st-v1|CB	GSM878282	0.18717565945266423	2.182925986588819	2.581616237605141	2.182925986588819	0.1855875266928387	Stanley	Stanley	GSE35978	BD	CB	F	55.0	26.0	6.58	k53	CC57_111109	GSE35978	BD	CB	F	50.0	38.0	6.39	k64	CC69_111809	False	True	none	F	F	True	False	False
GSE35978__HuGene-1_0-st-v1|CB	GSM878271	GSE35978__HuGene-1_0-st-v1|CB	GSM878321	0.23657458782822927	2.9073215047889946	3.592551873118952	2.9073215047889946	0.22280777145505073	Stanley	Stanley	GSE35978	BD	CB	F	45.0	39.0	6.74	k54	CC58_111109	GSE35978	CTL	CB	M	50.0	8.0	6.5	k102	CC108_102309	False	False	none	F	M	False	False	False
GSE35978__HuGene-1_0-st-v1|CB	GSM878273	GSE35978__HuGene-1_0-st-v1|CB	GSM878349	0.22313864720222734	3.005040540334884	3.0706371884192083	3.005040540334884	0.2064158399692949	Stanley	Stanley	GSE35978	CTL	CB	M	50.0	23.0	6.93	k56	CC60_111809	GSE35978	SCZ	CB	M	45.0	50.0	6.5	k124	CC136_100909	False	False	none	M	M	True	False	False
GSE35978__HuGene-1_0-st-v1|CB	GSM878276	GSE35978__HuGene-1_0-st-v1|CB	GSM878277	0.44728600866238266	6.403530272411353	6.349437556455032	6.349437556455032	0.15994674091520603	Stanley	Stanley	GSE35978	SCZ	CB	F	35.0	27.0	6.49	k59	CC63_102109	GSE35978	SCZ	CB	F	35.0	27.0	6.49	k59	CC63_102309	True	True	match	F	F	True	True	True
GSE35978__HuGene-1_0-st-v1|CB	GSM878281	GSE35978__HuGene-1_0-st-v1|CB	GSM878355	0.25612652554010534	2.8270316950951146	2.840584699434766	2.8270316950951146	0.22193365140545823	Stanley	Stanley	GSE35978	CTL	CB	F	50.0	45.0	6.72	k63	CC68_111109	GSE35978	MDD	CB	F	55.0	40.0	6.3	k129	CC142_100909	False	False	none	F	F	True	False	False
GSE35978__HuGene-1_0-st-v1|CB	GSM878291	GSE35978__HuGene-1_0-st-v1|CB	GSM878294	0.38097773365297444	4.147455424746592	4.182261847363292	4.147455424746592	0.3215706367233116	Stanley	Stanley	GSE35978	SCZ	CB	F	45.0	30.0	6.47	k73	CC78_111109	GSE35978	CTL	CB	M	45.0	11.0	6.6	k76	CC81_111109	False	False	probable	F	M	False	False	False
GSE35978__HuGene-1_0-st-v1|CB	GSM878292	GSE35978__HuGene-1_0-st-v1|CB	GSM878348	0.28154940958947616	2.934789255864216	2.8166925090783512	2.8166925090783512	0.23186026578618643	Stanley	Stanley	GSE35978	SCZ	CB	M	40.0	26.0	6.8	k74	CC79_111809	GSE35978	BD	CB	M	30.0	31.0	6.1	k123	CC135_100909	False	False	none	M	M	True	False	False
GSE35978__HuGene-1_0-st-v1|CB	GSM878300	GSE35978__HuGene-1_0-st-v1|CB	GSM878352	0.15888410982424522	2.605872317903433	2.346137304971764	2.346137304971764	0.1445719202573437	Stanley	Stanley	GSE35978	CTL	CB	M	40.0	38.0	6.67	k82	CC87_111109	GSE35978	SCZ	CB	F	50.0	38.0	6.2	k127	CC139_100909	False	False	none	M	F	False	False	False
GSE35978__HuGene-1_0-st-v1|CB	GSM878303	GSE35978__HuGene-1_0-st-v1|CB	GSM878319	0.21138275584679653	2.6592969988559645	3.295830933586838	2.6592969988559645	0.18115718171017695	Stanley	Stanley	GSE35978	SCZ	CB	F	45.0	35.0	6.5	k85	CC90_103009	GSE35978	MDD	CB	F	40.0	25.0	6.3	k100	CC106_102309	False	False	none	F	F	True	False	False
GSE35978__HuGene-1_0-st-v1|CB	GSM878310	GSE35978__HuGene-1_0-st-v1|CB	GSM878329	0.37566379266295263	3.675381058489313	3.204138747058448	3.204138747058448	0.2540397153762753	Stanley	Stanley	GSE35978	CTL	CB	M	50.0	28.0	6.5	k92	CC97_103009	GSE35978	BD	CB	M	50.0	13.0	6.1	k109	CC116_102109	False	False	none	M	M	True	False	False
GSE35978__HuGene-1_0-st-v1|CB	GSM878311	GSE35978__HuGene-1_0-st-v1|CB	GSM878325	0.2883248321418421	3.9593422373847518	2.1289544447498674	2.1289544447498674	0.20598172019656735	Stanley	Stanley	GSE35978	BD	CB	M	30.0	45.0	6.3	k93	CC98_103009	GSE35978	BD	CB	F	60.0	60.0	6.5	k105	CC112_102309	False	True	none	M	F	False	False	False
GSE35978__HuGene-1_0-st-v1|CB	GSM878316	GSE35978__HuGene-1_0-st-v1|CB	GSM878317	0.6024848542398591	6.310991026354073	7.220706324806509	6.310991026354073	0.3509881863367499	Stanley	Stanley	GSE35978	MDD	CB	M	45.0	28.0	6.4	k98	CC103_100909	GSE35978	MDD	CB	M	45.0	28.0	6.4	k98	CC103_111809	True	True	match	M	M	True	True	True
GSE35978__HuGene-1_0-st-v1|CB	GSM878322	GSE35978__HuGene-1_0-st-v1|CB	GSM878326	0.22917071055396046	3.372827423481971	3.1621771472741793	3.1621771472741793	0.19965850541333777	Stanley	Stanley	GSE35978	CTL	CB	M	60.0	26.0	6.4	k103	CC109_102309	GSE35978	BD	CB	M	50.0	19.0	6.2	k106	CC113_102309	False	False	none	M	M	True	False	False
GSE35978__HuGene-1_0-st-v1|CB	GSM878323	GSE35978__HuGene-1_0-st-v1|CB	GSM878324	0.6152804333051513	7.296209174578663	7.249283061879972	7.249283061879972	0.37174528122663586	Stanley	Stanley	GSE35978	SCZ	CB	M	50.0	61.0	6.0	k104	CC110_102309	GSE35978	SCZ	CB	M	50.0	61.0	6.0	k104	CC110_103009	True	True	match	M	M	True	True	True
GSE35978__HuGene-1_0-st-v1|CB	GSM878330	GSE35978__HuGene-1_0-st-v1|CB	GSM878334	0.5001636791441626	4.064770556379997	4.687381142953286	4.064770556379997	0.49811957164373644	Stanley	Stanley	GSE35978	CTL	CB	F	55.0	26.0	6.0	k110	CC117_100909	GSE35978	CTL	CB	F	55.0	26.0	6.0	k110	CC117_111109	True	True	probable	F	F	True	True	True
GSE35978__HuGene-1_0-st-v1|CB	GSM878331	GSE35978__HuGene-1_0-st-v1|CB	GSM878333	0.5138219520579427	4.871690768560085	4.592075965823219	4.592075965823219	0.4981195716437365	Stanley	Stanley	GSE35978	CTL	CB	F	55.0	26.0	6.0	k110	CC117_102109	GSE35978	CTL	CB	F	55.0	26.0	6.0	k110	CC117_103009	True	True	probable	F	F	True	True	True
GSE35978__HuGene-1_0-st-v1|CB	GSM878353	GSE35978__HuGene-1_0-st-v1|CB	GSM878354	0.3573924717420366	4.366316625827523	4.815116053815536	4.366316625827523	0.19772569445846522	Stanley	Stanley	GSE35978	CTL	CB	F	30.0	42.0	6.2	k128	CC140_103009	GSE35978	CTL	CB	F	30.0	42.0	6.2	k128	CC140_111109	True	True	probable	F	F	True	True	True
GSE35978__HuGene-1_0-st-v1|CB	GSM878214	GSE35978__HuGene-1_0-st-v1|PARIETAL	GSM878382	0.241024444468529	3.1470927054108757	3.5823022604905415	3.1470927054108757	0.16034089678592203	Stanley	Stanley	GSE35978	BD	CB	M	30.0	48.0	6.39	k0	CC1_100909	GSE35978	BD	PARIETAL	M	30.0	48.0	6.39	k0	CC151_40910	True	True	none	M	M	True	False	True
GSE35978__HuGene-1_0-st-v1|CB	GSM878215	GSE35978__HuGene-1_0-st-v1|PARIETAL	GSM878467	0.2906634482907179	4.768996375290526	4.283129725212443	4.283129725212443	0.144092867272321	Stanley	Stanley	GSE35978	SCZ	CB	M	40.0	34.0	6.18	k1	CC2_100909	GSE35978	SCZ	PARIETAL	M	40.0	34.0	6.18	k1	CC236_40910	True	True	probable	M	M	True	True	True
GSE35978__HuGene-1_0-st-v1|CB	GSM878217	GSE35978__HuGene-1_0-st-v1|PARIETAL	GSM878398	0.318988208429384	4.866017744591417	4.2112043603724	4.2112043603724	0.18055172383155207	Stanley	Stanley	GSE35978	SCZ	CB	M	50.0	16.0	6.52	k3	CC5_100909	GSE35978	SCZ	PARIETAL	M	50.0	16.0	6.52	k3	CC167_40610	True	True	probable	M	M	True	True	True
GSE35978__HuGene-1_0-st-v1|CB	GSM878220	GSE35978__HuGene-1_0-st-v1|PARIETAL	GSM878387	0.32241415365383663	4.7673161900870715	5.2494904162502305	4.7673161900870715	0.15539033882294548	Stanley	Stanley	GSE35978	BD	CB	M	50.0	23.0	6.9	k4	CC7_100909	GSE35978	BD	PARIETAL	M	50.0	23.0	6.9	k4	CC156_40610	True	True	probable	M	M	True	True	True
GSE35978__HuGene-1_0-st-v1|CB	GSM878221	GSE35978__HuGene-1_0-st-v1|PARIETAL	GSM878440	0.3059093994105925	5.014971990740862	4.036817403517797	4.036817403517797	0.19289339332774216	Stanley	Stanley	GSE35978	CTL	CB	M	45.0	36.0	6.57	k5	CC8_100909	GSE35978	BD	PARIETAL	M	20.0	12.0	5.978	k6	CC209_40610	False	False	probable	M	M	True	False	False
GSE35978__HuGene-1_0-st-v1|CB	GSM878224	GSE35978__HuGene-1_0-st-v1|PARIETAL	GSM878462	0.36492624108233385	5.746398794046725	4.754535111857377	4.754535111857377	0.1585155330693926	Stanley	Stanley	GSE35978	SCZ	CB	M	20.0	28.0	6.73	k8	CC11_102109	GSE35978	SCZ	PARIETAL	M	20.0	28.0	6.73	k8	CC231_40810	True	True	probable	M	M	True	True	True
GSE35978__HuGene-1_0-st-v1|CB	GSM878225	GSE35978__HuGene-1_0-st-v1|PARIETAL	GSM878459	0.2788633688441	3.830890875441144	3.699602257744743	3.699602257744743	0.2289607030395048	Stanley	Stanley	GSE35978	BD	CB	F	50.0	18.0	6.5	k9	CC12_102109	GSE35978	BD	PARIETAL	F	50.0	18.0	6.5	k9	CC228_40810	True	True	none	F	F	True	False	True
GSE35978__HuGene-1_0-st-v1|CB	GSM878226	GSE35978__HuGene-1_0-st-v1|PARIETAL	GSM878456	0.33664730322997466	4.915627918243065	5.6101313032030005	4.915627918243065	0.20401542246835938	Stanley	Stanley	GSE35978	CTL	CB	F	45.0	28.0	6.59	k10	CC13_100909	GSE35978	CTL	PARIETAL	F	45.0	28.0	6.59	k10	CC225_40810	True	True	probable	F	F	True	True	True
GSE35978__HuGene-1_0-st-v1|CB	GSM878228	GSE35978__HuGene-1_0-st-v1|PARIETAL	GSM878453	0.2758509858488571	4.338158713572763	4.112093527934333	4.112093527934333	0.14415837146687455	Stanley	Stanley	GSE35978	SCZ	CB	F	55.0	13.0	6.49	k12	CC15_102109	GSE35978	SCZ	PARIETAL	F	55.0	13.0	6.49	k12	CC222_40810	True	True	probable	F	F	True	True	True
GSE35978__HuGene-1_0-st-v1|CB	GSM878229	GSE35978__HuGene-1_0-st-v1|PARIETAL	GSM878451	0.24347679405260042	3.445474729750033	4.2711253715945965	3.445474729750033	0.2027181893905371	Stanley	Stanley	GSE35978	BD	CB	M	35.0	35.0	6.3	k13	CC16_102109	GSE35978	BD	PARIETAL	M	35.0	35.0	6.3	k13	CC220_40810	True	True	none	M	M	True	False	True
GSE35978__HuGene-1_0-st-v1|CB	GSM878230	GSE35978__HuGene-1_0-st-v1|PARIETAL	GSM878450	0.22123381957863894	3.8499265833130654	3.181524121789442	3.181524121789442	0.14378180609432553	Stanley	Stanley	GSE35978	CTL	CB	M	50.0	46.0	6.5	k14	CC17_100909	GSE35978	CTL	PARIETAL	M	50.0	46.0	6.5	k14	CC219_40810	True	True	none	M	M	True	False	True
GSE35978__HuGene-1_0-st-v1|CB	GSM878231	GSE35978__HuGene-1_0-st-v1|PARIETAL	GSM878380	0.34163193278423026	5.313049384935511	5.981602013861219	5.313049384935511	0.14561368151456217	Stanley	Stanley	GSE35978	BD	CB	M	30.0	60.0	6.7	k15	CC18_102309	GSE35978	BD	PARIETAL	M	30.0	60.0	6.7	k15	CC149_40910	True	True	match	M	M	True	True	True
GSE35978__HuGene-1_0-st-v1|CB	GSM878234	GSE35978__HuGene-1_0-st-v1|PARIETAL	GSM878444	0.24802352237468764	3.3734747881952427	3.6993865086599578	3.3734747881952427	0.1969988164266934	Stanley	Stanley	GSE35978	SCZ	CB	M	35.0	30.0	6.8	k18	CC21_102309	GSE35978	SCZ	PARIETAL	M	35.0	30.0	6.8	k18	CC213_40810	True	True	none	M	M	True	False	True
GSE35978__HuGene-1_0-st-v1|CB	GSM878235	GSE35978__HuGene-1_0-st-v1|PARIETAL	GSM878442	0.37116349559547357	5.1879127537833	5.377468611864732	5.1879127537833	0.17233914754129612	Stanley	Stanley	GSE35978	BD	CB	F	35.0	17.0	6.1	k19	CC22_103009	GSE35978	BD	PARIETAL	F	35.0	17.0	6.1	k19	CC211_40810	True	True	probable	F	F	True	True	True
GSE35978__HuGene-1_0-st-v1|CB	GSM878237	GSE35978__HuGene-1_0-st-v1|PARIETAL	GSM878438	0.29831188419623267	3.4903477430394734	4.462312198442391	3.4903477430394734	0.18117924882757028	Stanley	Stanley	GSE35978	SCZ	CB	M	50.0	10.0	6.1	k21	CC24_102309	GSE35978	SCZ	PARIETAL	M	50.0	10.0	6.1	k21	CC207_40710	True	True	none	M	M	True	False	True
GSE35978__HuGene-1_0-st-v1|CB	GSM878238	GSE35978__HuGene-1_0-st-v1|PARIETAL	GSM878436	0.3594594645767487	5.660193642153123	5.4058276048532345	5.4058276048532345	0.17579165160566845	Stanley	Stanley	GSE35978	SCZ	CB	M	25.0	15.0	6.2	k22	CC25_102309	GSE35978	SCZ	PARIETAL	M	25.0	15.0	6.2	k22	CC205_40710	True	True	match	M	M	True	True	True
GSE35978__HuGene-1_0-st-v1|CB	GSM878239	GSE35978__HuGene-1_0-st-v1|PARIETAL	GSM878434	0.23944559027087278	3.5398611392610615	4.137500120431363	3.5398611392610615	0.20432389105152055	Stanley	Stanley	GSE35978	CTL	CB	M	35.0	13.0	6.5	k23	CC26_103009	GSE35978	CTL	PARIETAL	M	35.0	13.0	6.5	k23	CC203_40710	True	True	none	M	M	True	False	True
GSE35978__HuGene-1_0-st-v1|CB	GSM878240	GSE35978__HuGene-1_0-st-v1|PARIETAL	GSM878433	0.17786886564150245	2.8816425334495563	2.697941986709397	2.697941986709397	0.1429338664213787	Stanley	Stanley	GSE35978	CTL	CB	M	50.0	31.0	6.7	k24	CC27_102109	GSE35978	CTL	PARIETAL	M	50.0	31.0	6.7	k24	CC202_40710	True	True	none	M	M	True	False	False
GSE35978__HuGene-1_0-st-v1|CB	GSM878241	GSE35978__HuGene-1_0-st-v1|PARIETAL	GSM878378	0.20817184365053987	3.4407830527087855	3.245280017342555	3.245280017342555	0.15102321911269476	Stanley	Stanley	GSE35978	SCZ	CB	M	45.0	26.0	6.42	k25	CC28_103009	GSE35978	SCZ	PARIETAL	M	45.0	26.0	6.42	k25	CC147_40910	True	True	none	M	M	True	False	True
GSE35978__HuGene-1_0-st-v1|CB	GSM878242	GSE35978__HuGene-1_0-st-v1|PARIETAL	GSM878431	0.2740445210985856	4.18615115625651	3.747332390970174	3.747332390970174	0.16939427883563216	Stanley	Stanley	GSE35978	CTL	CB	M	55.0	28.0	6.0	k26	CC29_102109	GSE35978	CTL	PARIETAL	M	55.0	28.0	6.0	k26	CC200_40710	True	True	none	M	M	True	False	True
GSE35978__HuGene-1_0-st-v1|CB	GSM878245	GSE35978__HuGene-1_0-st-v1|PARIETAL	GSM878425	0.30183756703530706	4.710901762664782	4.962363495264105	4.710901762664782	0.16186163404528192	Stanley	Stanley	GSE35978	CTL	CB	F	40.0	28.0	6.7	k29	CC32_102109	GSE35978	CTL	PARIETAL	F	40.0	28.0	6.7	k29	CC194_40710	True	True	probable	F	F	True	True	True
GSE35978__HuGene-1_0-st-v1|CB	GSM878246	GSE35978__HuGene-1_0-st-v1|PARIETAL	GSM878421	0.4102186794004693	5.597147424038754	6.287110080337557	5.597147424038754	0.18842342587181635	Stanley	Stanley	GSE35978	SCZ	CB	M	40.0	80.0	6.6	k30	CC33_103009	GSE35978	SCZ	PARIETAL	M	40.0	80.0	6.6	k30	CC190_40710	True	True	match	M	M	True	True	True
GSE35978__HuGene-1_0-st-v1|CB	GSM878247	GSE35978__HuGene-1_0-st-v1|PARIETAL	GSM878418	0.29495875472993893	4.3811335869854044	4.461578241463002	4.3811335869854044	0.16022320724362737	Stanley	Stanley	GSE35978	SCZ	CB	M	35.0	29.0	6.5	k31	CC34_103009	GSE35978	SCZ	PARIETAL	M	35.0	29.0	6.5	k31	CC187_40710	True	True	probable	M	M	True	True	True
GSE35978__HuGene-1_0-st-v1|CB	GSM878248	GSE35978__HuGene-1_0-st-v1|PARIETAL	GSM878377	0.3199712353126273	4.733369714096798	4.385066885993484	4.385066885993484	0.1796174527378574	Stanley	Stanley	GSE35978	BD	CB	M	45.0	28.0	6.35	k32	CC35_111809	GSE35978	BD	PARIETAL	M	45.0	28.0	6.35	k32	CC146_40910	True	True	probable	M	M	True	True	True
GSE35978__HuGene-1_0-st-v1|CB	GSM878249	GSE35978__HuGene-1_0-st-v1|PARIETAL	GSM878416	0.2309218358316016	3.976141733614459	3.834874776640631	3.834874776640631	0.13756999335872813	Stanley	Stanley	GSE35978	SCZ	CB	M	50.0	9.0	6.2	k33	CC36_111809	GSE35978	SCZ	PARIETAL	M	50.0	9.0	6.2	k33	CC184_40710	True	True	none	M	M	True	False	True
GSE35978__HuGene-1_0-st-v1|CB	GSM878250	GSE35978__HuGene-1_0-st-v1|PARIETAL	GSM878414	0.25287557260533683	4.207480929897039	4.095822115448202	4.095822115448202	0.18105798172127038	Stanley	Stanley	GSE35978	SCZ	CB	M	45.0	18.0	6.3	k34	CC37_111809	GSE35978	SCZ	PARIETAL	M	45.0	18.0	6.3	k34	CC183_40610	True	True	probable	M	M	True	True	True
GSE35978__HuGene-1_0-st-v1|CB	GSM878252	GSE35978__HuGene-1_0-st-v1|PARIETAL	GSM878410	0.22754882305250473	3.4180169944629553	3.583132625301936	3.4180169944629553	0.18736420600420742	Stanley	Stanley	GSE35978	CTL	CB	M	35.0	52.0	6.7	k36	CC39_102309	GSE35978	CTL	PARIETAL	M	35.0	52.0	6.7	k36	CC179_40610	True	True	none	M	M	True	False	True
GSE35978__HuGene-1_0-st-v1|CB	GSM878253	GSE35978__HuGene-1_0-st-v1|PARIETAL	GSM878408	0.22284998164748382	4.3434400449670605	3.5992634123635914	3.5992634123635914	0.1498669462778537	Stanley	Stanley	GSE35978	SCZ	CB	F	30.0	36.0	6.8	k37	CC40_111809	GSE35978	SCZ	PARIETAL	F	30.0	36.0	6.8	k37	CC177_40610	True	True	none	F	F	True	False	True
GSE35978__HuGene-1_0-st-v1|CB	GSM878254	GSE35978__HuGene-1_0-st-v1|PARIETAL	GSM878407	0.32558592779536166	4.682372592588334	5.208871895921322	4.682372592588334	0.15928448924483854	Stanley	Stanley	GSE35978	SCZ	CB	M	35.0	47.0	6.4	k38	CC41_111109	GSE35978	SCZ	PARIETAL	M	35.0	47.0	6.4	k38	CC176_40610	True	True	probable	M	M	True	True	True
GSE35978__HuGene-1_0-st-v1|CB	GSM878255	GSE35978__HuGene-1_0-st-v1|PARIETAL	GSM878405	0.22662819414957394	3.663646484814064	3.3335090384189314	3.3335090384189314	0.16552284522881203	Stanley	Stanley	GSE35978	BD	CB	M	60.0	84.0	6.65	k39	CC42_111809	GSE35978	BD	PARIETAL	M	60.0	84.0	6.65	k39	CC174_40610	True	True	none	M	M	True	False	True
GSE35978__HuGene-1_0-st-v1|CB	GSM878256	GSE35978__HuGene-1_0-st-v1|PARIETAL	GSM878402	0.31757102327298964	4.824458593711112	5.652162693892261	4.824458593711112	0.16488579370695747	Stanley	Stanley	GSE35978	SCZ	CB	M	45.0	32.0	6.67	k40	CC43_111109	GSE35978	SCZ	PARIETAL	M	45.0	32.0	6.67	k40	CC171_40610	True	True	probable	M	M	True	True	True
GSE35978__HuGene-1_0-st-v1|CB	GSM878257	GSE35978__HuGene-1_0-st-v1|PARIETAL	GSM878469	0.21222216675668026	3.055151428105538	3.3923002845439845	3.055151428105538	0.20915282298591975	Stanley	Stanley	GSE35978	CTL	CB	M	35.0	22.0	6.48	k41	CC44_102309	GSE35978	CTL	PARIETAL	M	45.0	36.0	6.57	k5	CC238_40610	False	True	none	M	M	True	False	True
GSE35978__HuGene-1_0-st-v1|CB	GSM878260	GSE35978__HuGene-1_0-st-v1|PARIETAL	GSM878449	0.27507269451617783	4.464371790407027	4.6367318718928106	4.464371790407027	0.141119823942229	Stanley	Stanley	GSE35978	CTL	CB	F	35.0	24.0	6.87	k44	CC47_103009	GSE35978	CTL	PARIETAL	F	35.0	24.0	6.87	k44	CC218_40610	True	True	probable	F	F	True	True	True
GSE35978__HuGene-1_0-st-v1|CB	GSM878262	GSE35978__HuGene-1_0-st-v1|PARIETAL	GSM878404	0.5305499980968843	7.672287411485992	7.933073313542233	7.672287411485992	0.1456577929362515	Stanley	Stanley	GSE35978	SCZ	CB	M	45.0	13.0	6.3	k46	CC49_111109	GSE35978	SCZ	PARIETAL	M	45.0	13.0	6.3	k46	CC173_40610	True	True	match	M	M	True	True	True
GSE35978__HuGene-1_0-st-v1|CB	GSM878263	GSE35978__HuGene-1_0-st-v1|PARIETAL	GSM878401	0.1840994077251039	3.2912053921034317	2.782824403580871	2.782824403580871	0.17158811539912094	Stanley	Stanley	GSE35978	CTL	CB	F	45.0	10.0	6.2	k47	CC50_111809	GSE35978	CTL	PARIETAL	F	45.0	10.0	6.2	k47	CC170_51110	True	True	none	F	F	True	False	False
GSE35978__HuGene-1_0-st-v1|CB	GSM878264	GSE35978__HuGene-1_0-st-v1|PARIETAL	GSM878400	0.3288591271488728	4.518770429912845	5.665298726945711	4.518770429912845	0.20191154783310772	Stanley	Stanley	GSE35978	BD	CB	M	50.0	23.0	6.67	k48	CC51_111109	GSE35978	BD	PARIETAL	M	50.0	23.0	6.67	k48	CC169_51110	True	True	probable	M	M	True	True	True
GSE35978__HuGene-1_0-st-v1|CB	GSM878265	GSE35978__HuGene-1_0-st-v1|PARIETAL	GSM878399	0.2671227655562409	4.418618131800528	4.186371668905075	4.186371668905075	0.1793190191810368	Stanley	Stanley	GSE35978	BD	CB	F	65.0	32.0	6.97	k49	CC52_111109	GSE35978	BD	PARIETAL	F	65.0	32.0	6.97	k49	CC168_51110	True	True	probable	F	F	True	True	True
GSE35978__HuGene-1_0-st-v1|CB	GSM878267	GSE35978__HuGene-1_0-st-v1|PARIETAL	GSM878474	0.34449414698079933	5.255099904054336	5.7098968466405955	5.255099904054336	0.1562432540033196	Stanley	Stanley	GSE35978	BD	CB	F	30.0	62.0	6.74	k50	CC54_100909	GSE35978	BD	PARIETAL	F	30.0	62.0	6.74	k50	CC243_40910	True	True	match	F	F	True	True	True
GSE35978__HuGene-1_0-st-v1|CB	GSM878268	GSE35978__HuGene-1_0-st-v1|PARIETAL	GSM878397	0.2975406713296584	5.013183775655233	4.283173992752179	4.283173992752179	0.13229666444858507	Stanley	Stanley	GSE35978	CTL	CB	M	45.0	18.0	6.81	k51	CC55_111809	GSE35978	CTL	PARIETAL	M	45.0	18.0	6.81	k51	CC166_51110	True	True	probable	M	M	True	True	True
GSE35978__HuGene-1_0-st-v1|CB	GSM878269	GSE35978__HuGene-1_0-st-v1|PARIETAL	GSM878396	0.2658463840875649	3.7739128037000285	3.896758552383695	3.7739128037000285	0.18847313872408636	Stanley	Stanley	GSE35978	BD	CB	F	45.0	37.0	6.37	k52	CC56_102309	GSE35978	BD	PARIETAL	F	45.0	37.0	6.37	k52	CC165_51110	True	True	none	F	F	True	False	True
GSE35978__HuGene-1_0-st-v1|CB	GSM878270	GSE35978__HuGene-1_0-st-v1|PARIETAL	GSM878394	0.32151142528043847	3.9350980387540426	4.984742173488401	3.9350980387540426	0.1973350110648271	Stanley	Stanley	GSE35978	BD	CB	F	55.0	26.0	6.58	k53	CC57_111109	GSE35978	BD	PARIETAL	F	55.0	26.0	6.58	k53	CC163_51110	True	True	probable	F	F	True	True	True
GSE35978__HuGene-1_0-st-v1|CB	GSM878271	GSE35978__HuGene-1_0-st-v1|PARIETAL	GSM878393	0.32141886140929177	4.784507471734036	5.240017324917095	4.784507471734036	0.14321108672639943	Stanley	Stanley	GSE35978	BD	CB	F	45.0	39.0	6.74	k54	CC58_111109	GSE35978	BD	PARIETAL	F	45.0	39.0	6.74	k54	CC162_51110	True	True	probable	F	F	True	True	True
GSE35978__HuGene-1_0-st-v1|CB	GSM878272	GSE35978__HuGene-1_0-st-v1|PARIETAL	GSM878392	0.2581634604739886	4.299211836734799	4.568810132077445	4.299211836734799	0.1405073928094165	Stanley	Stanley	GSE35978	BD	CB	M	35.0	22.0	6.58	k55	CC59_111109	GSE35978	BD	PARIETAL	M	35.0	22.0	6.58	k55	CC161_51110	True	True	probable	M	M	True	True	True
GSE35978__HuGene-1_0-st-v1|CB	GSM878273	GSE35978__HuGene-1_0-st-v1|PARIETAL	GSM878391	0.22050874290635805	3.545204182966326	3.355958665019193	3.355958665019193	0.17104607848705203	Stanley	Stanley	GSE35978	CTL	CB	M	50.0	23.0	6.93	k56	CC60_111809	GSE35978	CTL	PARIETAL	M	50.0	23.0	6.93	k56	CC160_51110	True	True	none	M	M	True	False	True
GSE35978__HuGene-1_0-st-v1|CB	GSM878274	GSE35978__HuGene-1_0-st-v1|PARIETAL	GSM878439	0.23920587685508646	3.8786955598480373	3.2082748063468545	3.2082748063468545	0.1472750406303695	Stanley	Stanley	GSE35978	SCZ	CB	M	45.0	35.0	6.66	k57	CC61_102109	GSE35978	CTL	PARIETAL	M	55.0	9.0	6.4	k20	CC208_40710	False	False	none	M	M	True	False	False
GSE35978__HuGene-1_0-st-v1|CB	GSM878275	GSE35978__HuGene-1_0-st-v1|PARIETAL	GSM878389	0.32106045690066015	4.297618672028355	5.465675605472811	4.297618672028355	0.23652471962024263	Stanley	Stanley	GSE35978	CTL	CB	M	30.0	24.0	7.03	k58	CC62_111109	GSE35978	CTL	PARIETAL	M	30.0	24.0	7.03	k58	CC158_40910	True	True	probable	M	M	True	True	True
GSE35978__HuGene-1_0-st-v1|CB	GSM878276	GSE35978__HuGene-1_0-st-v1|PARIETAL	GSM878388	0.23915116025760555	3.8853314706318667	3.232831616481169	3.232831616481169	0.1510321998268803	Stanley	Stanley	GSE35978	SCZ	CB	F	35.0	27.0	6.49	k59	CC63_102109	GSE35978	SCZ	PARIETAL	F	35.0	27.0	6.49	k59	CC157_40910	True	True	none	F	F	True	False	True
GSE35978__HuGene-1_0-st-v1|CB	GSM878279	GSE35978__HuGene-1_0-st-v1|PARIETAL	GSM878473	0.3318406649407099	4.824173381418183	4.615868159829817	4.615868159829817	0.204107466846764	Stanley	Stanley	GSE35978	SCZ	CB	M	30.0	33.0	6.2	k61	CC66_110409	GSE35978	SCZ	PARIETAL	M	30.0	33.0	6.2	k61	CC242_40910	True	True	probable	M	M	True	True	True
GSE35978__HuGene-1_0-st-v1|CB	GSM878280	GSE35978__HuGene-1_0-st-v1|PARIETAL	GSM878385	0.23750431431578975	3.8628598260579614	3.533635177575549	3.533635177575549	0.2044548576789509	Stanley	Stanley	GSE35978	CTL	CB	M	55.0	31.0	6.7	k62	CC67_111109	GSE35978	CTL	PARIETAL	M	55.0	31.0	6.7	k62	CC154_40910	True	True	none	M	M	True	False	True
GSE35978__HuGene-1_0-st-v1|CB	GSM878281	GSE35978__HuGene-1_0-st-v1|PARIETAL	GSM878384	0.35795860971188054	4.882942259146758	5.671048470537899	4.882942259146758	0.2309140139636786	Stanley	Stanley	GSE35978	CTL	CB	F	50.0	45.0	6.72	k63	CC68_111109	GSE35978	CTL	PARIETAL	F	50.0	45.0	6.72	k63	CC153_40910	True	True	probable	F	F	True	True	True
GSE35978__HuGene-1_0-st-v1|CB	GSM878282	GSE35978__HuGene-1_0-st-v1|PARIETAL	GSM878383	0.3170573186965808	4.658145595923098	5.545931664754899	4.658145595923098	0.15781166755035134	Stanley	Stanley	GSE35978	BD	CB	F	50.0	38.0	6.39	k64	CC69_111809	GSE35978	BD	PARIETAL	F	50.0	38.0	6.39	k64	CC152_40910	True	True	probable	F	F	True	True	True
GSE35978__HuGene-1_0-st-v1|CB	GSM878283	GSE35978__HuGene-1_0-st-v1|PARIETAL	GSM878381	0.38743906623487895	5.599903051831157	5.143749795395862	5.143749795395862	0.1553196742774883	Stanley	Stanley	GSE35978	SCZ	CB	M	55.0	38.0	6.17	k65	CC70_111109	GSE35978	SCZ	PARIETAL	M	55.0	38.0	6.17	k65	CC150_40910	True	True	probable	M	M	True	True	True
GSE35978__HuGene-1_0-st-v1|CB	GSM878284	GSE35978__HuGene-1_0-st-v1|PARIETAL	GSM878379	0.2762329195276978	4.1833068019791115	5.402716442242356	4.1833068019791115	0.1387236375741378	Stanley	Stanley	GSE35978	BD	CB	F	35.0	24.0	6.51	k66	CC71_111809	GSE35978	BD	PARIETAL	F	35.0	24.0	6.51	k66	CC148_40910	True	True	probable	F	F	True	True	True
GSE35978__HuGene-1_0-st-v1|CB	GSM878285	GSE35978__HuGene-1_0-st-v1|PARIETAL	GSM878477	0.2512105254549588	4.0763987728089095	3.6740520812109994	3.6740520812109994	0.2038049496739806	Stanley	Stanley	GSE35978	SCZ	CB	F	55.0	42.0	6.65	k67	CC72_111809	GSE35978	SCZ	PARIETAL	F	55.0	42.0	6.65	k67	CC246_40910	True	True	none	F	F	True	False	True
GSE35978__HuGene-1_0-st-v1|CB	GSM878287	GSE35978__HuGene-1_0-st-v1|PARIETAL	GSM878470	0.2695835633351449	3.9790191055597792	4.095147766998561	3.9790191055597792	0.16815708586136943	Stanley	Stanley	GSE35978	SCZ	CB	F	45.0	26.0	6.58	k69	CC74_111109	GSE35978	SCZ	PARIETAL	F	45.0	26.0	6.58	k69	CC239_40910	True	True	probable	F	F	True	True	True
GSE35978__HuGene-1_0-st-v1|CB	GSM878288	GSE35978__HuGene-1_0-st-v1|PARIETAL	GSM878465	0.24242806293720104	4.135088818517307	4.092983184549533	4.092983184549533	0.22721867024789286	Stanley	Stanley	GSE35978	CTL	CB	M	50.0	31.0	6.86	k70	CC75_100909	GSE35978	CTL	PARIETAL	M	50.0	31.0	6.86	k70	CC234_40810	True	True	probable	M	M	True	True	True
GSE35978__HuGene-1_0-st-v1|CB	GSM878289	GSE35978__HuGene-1_0-st-v1|PARIETAL	GSM878471	0.2417084044058096	3.8406128855642874	3.8777965691249436	3.8406128855642874	0.17615042847388515	Stanley	Stanley	GSE35978	BD	CB	M	45.0	19.0	6.74	k71	CC76_103009	GSE35978	BD	PARIETAL	M	45.0	19.0	6.74	k71	CC240_40910	True	True	none	M	M	True	False	True
GSE35978__HuGene-1_0-st-v1|CB	GSM878290	GSE35978__HuGene-1_0-st-v1|PARIETAL	GSM878463	0.22941899538759059	3.849623427115069	3.6088334751797952	3.6088334751797952	0.19482800730335803	Stanley	Stanley	GSE35978	CTL	CB	M	50.0	49.0	6.75	k72	CC77_100909	GSE35978	CTL	PARIETAL	M	50.0	49.0	6.75	k72	CC232_40810	True	True	none	M	M	True	False	True
GSE35978__HuGene-1_0-st-v1|CB	GSM878291	GSE35978__HuGene-1_0-st-v1|PARIETAL	GSM878460	0.3421160863179692	3.652315748194129	5.010762647301687	3.652315748194129	0.29726673610118726	Stanley	Stanley	GSE35978	SCZ	CB	F	45.0	30.0	6.47	k73	CC78_111109	GSE35978	SCZ	PARIETAL	F	45.0	30.0	6.47	k73	CC229_40810	True	True	none	F	F	True	False	True
GSE35978__HuGene-1_0-st-v1|CB	GSM878292	GSE35978__HuGene-1_0-st-v1|PARIETAL	GSM878457	0.2821198145688439	3.656685218684441	3.4504726867896864	3.4504726867896864	0.16831686399520143	Stanley	Stanley	GSE35978	SCZ	CB	M	40.0	26.0	6.8	k74	CC79_111809	GSE35978	SCZ	PARIETAL	M	40.0	26.0	6.8	k74	CC226_40810	True	True	none	M	M	True	False	True
GSE35978__HuGene-1_0-st-v1|CB	GSM878293	GSE35978__HuGene-1_0-st-v1|PARIETAL	GSM878454	0.3484384052116021	5.169103580947912	5.395201479645828	5.169103580947912	0.1872922560351671	Stanley	Stanley	GSE35978	CTL	CB	M	30.0	13.0	6.57	k75	CC80_111109	GSE35978	CTL	PARIETAL	M	30.0	13.0	6.57	k75	CC223_40810	True	True	probable	M	M	True	True	True
GSE35978__HuGene-1_0-st-v1|CB	GSM878294	GSE35978__HuGene-1_0-st-v1|PARIETAL	GSM878452	0.46488671016084926	5.263115721311299	5.539593445591157	5.263115721311299	0.3014160581226382	Stanley	Stanley	GSE35978	CTL	CB	M	45.0	11.0	6.6	k76	CC81_111109	GSE35978	CTL	PARIETAL	M	45.0	11.0	6.6	k76	CC221_40810	True	True	match	M	M	True	True	True
GSE35978__HuGene-1_0-st-v1|CB	GSM878296	GSE35978__HuGene-1_0-st-v1|PARIETAL	GSM878443	0.3083785617489283	4.264904931458731	3.9720489700139017	3.9720489700139017	0.16770072125041385	Stanley	Stanley	GSE35978	SCZ	CB	M	40.0	54.0	6.18	k78	CC83_111809	GSE35978	SCZ	PARIETAL	M	40.0	54.0	6.18	k78	CC212_40810	True	True	probable	M	M	True	True	True
GSE35978__HuGene-1_0-st-v1|CB	GSM878298	GSE35978__HuGene-1_0-st-v1|PARIETAL	GSM878437	0.21570499008982047	2.8852956109676664	3.0302669554858714	2.8852956109676664	0.2026582539118158	Stanley	Stanley	GSE35978	BD	CB	F	45.0	57.0	5.92	k80	CC85_103009	GSE35978	BD	PARIETAL	F	45.0	57.0	5.92	k80	CC206_40710	True	True	none	F	F	True	False	False
GSE35978__HuGene-1_0-st-v1|CB	GSM878299	GSE35978__HuGene-1_0-st-v1|PARIETAL	GSM878468	0.24506000288298674	4.012175793187766	4.046835415633514	4.012175793187766	0.14750689048517698	Stanley	Stanley	GSE35978	SCZ	CB	F	45.0	52.0	6.51	k81	CC86_103009	GSE35978	SCZ	PARIETAL	F	45.0	52.0	6.51	k81	CC237_40910	True	True	probable	F	F	True	True	True
GSE35978__HuGene-1_0-st-v1|CB	GSM878300	GSE35978__HuGene-1_0-st-v1|PARIETAL	GSM878435	0.37494088103430706	6.719313539724886	6.230037105212435	6.230037105212435	0.1373154129796287	Stanley	Stanley	GSE35978	CTL	CB	M	40.0	38.0	6.67	k82	CC87_111109	GSE35978	CTL	PARIETAL	M	40.0	38.0	6.67	k82	CC204_40710	True	True	match	M	M	True	True	True
GSE35978__HuGene-1_0-st-v1|CB	GSM878301	GSE35978__HuGene-1_0-st-v1|PARIETAL	GSM878432	0.2783488987451164	4.151627188789654	4.411732027159065	4.151627188789654	0.1820810293090315	Stanley	Stanley	GSE35978	CTL	CB	M	50.0	22.0	6.71	k83	CC88_111109	GSE35978	CTL	PARIETAL	M	50.0	22.0	6.71	k83	CC201_40710	True	True	probable	M	M	True	True	True
GSE35978__HuGene-1_0-st-v1|CB	GSM878302	GSE35978__HuGene-1_0-st-v1|PARIETAL	GSM878430	0.22920615939858227	3.8730515389749898	3.700853215293411	3.700853215293411	0.13103046476820604	Stanley	Stanley	GSE35978	SCZ	CB	M	40.0	26.0	6.19	k84	CC89_103009	GSE35978	SCZ	PARIETAL	M	40.0	26.0	6.19	k84	CC199_40710	True	True	none	M	M	True	False	True
GSE35978__HuGene-1_0-st-v1|CB	GSM878303	GSE35978__HuGene-1_0-st-v1|PARIETAL	GSM878426	0.38685146065936726	4.709338451318518	5.969615184091101	4.709338451318518	0.22559792371608361	Stanley	Stanley	GSE35978	SCZ	CB	F	45.0	35.0	6.5	k85	CC90_103009	GSE35978	SCZ	PARIETAL	F	45.0	35.0	6.5	k85	CC195_40710	True	True	probable	F	F	True	True	True
GSE35978__HuGene-1_0-st-v1|CB	GSM878304	GSE35978__HuGene-1_0-st-v1|PARIETAL	GSM878422	0.21681617519123098	3.445657589341285	2.931159822257726	2.931159822257726	0.15656943927366776	Stanley	Stanley	GSE35978	SCZ	CB	M	40.0	19.0	6.48	k86	CC91_102309	GSE35978	SCZ	PARIETAL	M	40.0	19.0	6.48	k86	CC191_40710	True	True	none	M	M	True	False	False
GSE35978__HuGene-1_0-st-v1|CB	GSM878305	GSE35978__HuGene-1_0-st-v1|PARIETAL	GSM878420	0.19421773707588794	2.894872179448979	3.191518465583646	2.894872179448979	0.14677369363704973	Stanley	Stanley	GSE35978	CTL	CB	M	30.0	11.0	6.13	k87	CC92_111809	GSE35978	CTL	PARIETAL	M	30.0	11.0	6.13	k87	CC189_40710	True	True	none	M	M	True	False	False
GSE35978__HuGene-1_0-st-v1|CB	GSM878306	GSE35978__HuGene-1_0-st-v1|PARIETAL	GSM878417	0.25214643927216507	4.357883265993748	3.7838471862929586	3.7838471862929586	0.12872764639124282	Stanley	Stanley	GSE35978	CTL	CB	M	50.0	24.0	6.91	k88	CC93_111809	GSE35978	CTL	PARIETAL	M	50.0	24.0	6.91	k88	CC186_40710	True	True	none	M	M	True	False	True
GSE35978__HuGene-1_0-st-v1|CB	GSM878307	GSE35978__HuGene-1_0-st-v1|PARIETAL	GSM878409	0.24234629548960382	3.609635088109175	2.890653959328413	2.890653959328413	0.14032213481755665	Stanley	Stanley	GSE35978	CTL	CB	F	40.0	58.0	6.46	k89	CC94_111809	GSE35978	CTL	PARIETAL	F	40.0	58.0	6.46	k89	CC178_40610	True	True	none	F	F	True	False	False
GSE35978__HuGene-1_0-st-v1|CB	GSM878309	GSE35978__HuGene-1_0-st-v1|PARIETAL	GSM878493	0.17552338639983572	3.1791248487141495	2.549556901017513	2.549556901017513	0.16849378221317432	Stanley	Stanley	GSE35978	CTL	CB	M	50.0	22.0	6.2	k91	CC96_103009	GSE35978	CTL	PARIETAL	M	50.0	22.0	6.2	k91	CC262_51210	True	True	none	M	M	True	False	False
GSE35978__HuGene-1_0-st-v1|CB	GSM878310	GSE35978__HuGene-1_0-st-v1|PARIETAL	GSM878490	0.297282147228278	3.6308749634939486	4.974739236791907	3.6308749634939486	0.22317103277456388	Stanley	Stanley	GSE35978	CTL	CB	M	50.0	28.0	6.5	k92	CC97_103009	GSE35978	CTL	PARIETAL	M	50.0	28.0	6.5	k92	CC259_51210	True	True	none	M	M	True	False	True
GSE35978__HuGene-1_0-st-v1|CB	GSM878311	GSE35978__HuGene-1_0-st-v1|PARIETAL	GSM878511	0.245145106618383	3.5056760056786125	3.4690759730522713	3.4690759730522713	0.23763012447794332	Stanley	Stanley	GSE35978	BD	CB	M	30.0	45.0	6.3	k93	CC98_103009	GSE35978	BD	PARIETAL	M	30.0	45.0	6.3	k93	CC280_51310	True	True	none	M	M	True	False	True
GSE35978__HuGene-1_0-st-v1|CB	GSM878312	GSE35978__HuGene-1_0-st-v1|PARIETAL	GSM878523	0.26421313561762405	3.830791089180878	4.10365586375609	3.830791089180878	0.2403208479741297	Stanley	Stanley	GSE35978	MDD	CB	F	30.0	47.0	6.0	k94	CC99_102109	GSE35978	MDD	PARIETAL	F	30.0	47.0	6.0	k94	CC292_51310	True	True	none	F	F	True	False	True
GSE35978__HuGene-1_0-st-v1|CB	GSM878313	GSE35978__HuGene-1_0-st-v1|PARIETAL	GSM878515	0.2783478844726701	4.003449171967014	4.178578302065019	4.003449171967014	0.19038967862126463	Stanley	Stanley	GSE35978	CTL	CB	F	35.0	23.0	6.6	k95	CC100_102109	GSE35978	CTL	PARIETAL	F	35.0	23.0	6.6	k95	CC284_51310	True	True	probable	F	F	True	True	True
GSE35978__HuGene-1_0-st-v1|CB	GSM878314	GSE35978__HuGene-1_0-st-v1|PARIETAL	GSM878494	0.25507519277665464	3.506791917858735	4.217994166860095	3.506791917858735	0.15336091687692688	Stanley	Stanley	GSE35978	CTL	CB	F	35.0	40.0	5.8	k96	CC101_102309	GSE35978	CTL	PARIETAL	F	35.0	40.0	5.8	k96	CC263_51210	True	True	none	F	F	True	False	True
GSE35978__HuGene-1_0-st-v1|CB	GSM878315	GSE35978__HuGene-1_0-st-v1|PARIETAL	GSM878529	0.48216224290118953	7.360021160305612	7.088795671471973	7.088795671471973	0.16629338450723158	Stanley	Stanley	GSE35978	MDD	CB	F	30.0	33.0	6.0	k97	CC102_103009	GSE35978	MDD	PARIETAL	F	30.0	33.0	6.0	k97	CC298_51310	True	True	match	F	F	True	True	True
GSE35978__HuGene-1_0-st-v1|CB	GSM878317	GSE35978__HuGene-1_0-st-v1|PARIETAL	GSM878501	0.42965278289454023	4.925287981124675	5.729454474970044	4.925287981124675	0.28749506613860587	Stanley	Stanley	GSE35978	MDD	CB	M	45.0	28.0	6.4	k98	CC103_111809	GSE35978	MDD	PARIETAL	M	45.0	28.0	6.4	k98	CC270_51210	True	True	probable	M	M	True	True	True
GSE35978__HuGene-1_0-st-v1|CB	GSM878318	GSE35978__HuGene-1_0-st-v1|PARIETAL	GSM878500	0.27104615506556806	3.645038794021457	3.2855689537032875	3.2855689537032875	0.15875882201605407	Stanley	Stanley	GSE35978	MDD	CB	M	40.0	7.0	6.2	k99	CC105_111109	GSE35978	MDD	PARIETAL	M	40.0	7.0	6.2	k99	CC269_51110	True	True	none	M	M	True	False	True
GSE35978__HuGene-1_0-st-v1|CB	GSM878319	GSE35978__HuGene-1_0-st-v1|PARIETAL	GSM878534	0.24034566002732347	4.437430953184555	3.411411602332668	3.411411602332668	0.14548484551186996	Stanley	Stanley	GSE35978	MDD	CB	F	40.0	25.0	6.3	k100	CC106_102309	GSE35978	MDD	PARIETAL	F	40.0	25.0	6.3	k100	CC303_51110	True	True	none	F	F	True	False	True
GSE35978__HuGene-1_0-st-v1|CB	GSM878320	GSE35978__HuGene-1_0-st-v1|PARIETAL	GSM878517	0.26678129261886946	4.464709929332051	4.125778268649023	4.125778268649023	0.1312905849222409	Stanley	Stanley	GSE35978	MDD	CB	M	50.0	12.0	6.5	k101	CC107_111809	GSE35978	MDD	PARIETAL	M	50.0	12.0	6.5	k101	CC286_51310	True	True	probable	M	M	True	True	True
GSE35978__HuGene-1_0-st-v1|CB	GSM878322	GSE35978__HuGene-1_0-st-v1|PARIETAL	GSM878532	0.34119733953765413	5.507253816381615	5.336382578096397	5.336382578096397	0.2031762480033852	Stanley	Stanley	GSE35978	CTL	CB	M	60.0	26.0	6.4	k103	CC109_102309	GSE35978	CTL	PARIETAL	M	60.0	26.0	6.4	k103	CC301_51110	True	True	match	M	M	True	True	True
GSE35978__HuGene-1_0-st-v1|CB	GSM878323	GSE35978__HuGene-1_0-st-v1|PARIETAL	GSM878521	0.32847559183697533	5.507501611364698	3.4041906728891473	3.4041906728891473	0.1486813363044905	Stanley	Stanley	GSE35978	SCZ	CB	M	50.0	61.0	6.0	k104	CC110_102309	GSE35978	SCZ	PARIETAL	M	50.0	61.0	6.0	k104	CC290_51110	True	True	none	M	M	True	False	True
GSE35978__HuGene-1_0-st-v1|CB	GSM878325	GSE35978__HuGene-1_0-st-v1|PARIETAL	GSM878499	0.45466555648277074	5.7737600995165135	4.779567202519691	4.779567202519691	0.1971116272146429	Stanley	Stanley	GSE35978	BD	CB	F	60.0	60.0	6.5	k105	CC112_102309	GSE35978	BD	PARIETAL	F	60.0	60.0	6.5	k105	CC268_51210	True	True	probable	F	F	True	True	True
GSE35978__HuGene-1_0-st-v1|CB	GSM878326	GSE35978__HuGene-1_0-st-v1|PARIETAL	GSM878487	0.22183971972892536	3.5962145464477677	4.13309373314327	3.5962145464477677	0.17356495587101886	Stanley	Stanley	GSE35978	BD	CB	M	50.0	19.0	6.2	k106	CC113_102309	GSE35978	BD	PARIETAL	M	50.0	19.0	6.2	k106	CC256_51210	True	True	none	M	M	True	False	True
GSE35978__HuGene-1_0-st-v1|CB	GSM878327	GSE35978__HuGene-1_0-st-v1|PARIETAL	GSM878497	0.24785602538096035	3.2162236010943572	3.8182830934792826	3.2162236010943572	0.2021218824394606	Stanley	Stanley	GSE35978	SCZ	CB	F	60.0	40.0	6.2	k107	CC114_102309	GSE35978	SCZ	PARIETAL	F	60.0	40.0	6.2	k107	CC266_51210	True	True	none	F	F	True	False	True
GSE35978__HuGene-1_0-st-v1|CB	GSM878328	GSE35978__HuGene-1_0-st-v1|PARIETAL	GSM878507	0.37382340056971036	5.641836614007513	4.961526834715059	4.961526834715059	0.13820879744261552	Stanley	Stanley	GSE35978	SCZ	CB	M	30.0	32.0	5.8	k108	CC115_102309	GSE35978	SCZ	PARIETAL	M	30.0	32.0	5.8	k108	CC276_51210	True	True	probable	M	M	True	True	True
GSE35978__HuGene-1_0-st-v1|CB	GSM878329	GSE35978__HuGene-1_0-st-v1|PARIETAL	GSM878503	0.3000055997946571	4.0444524744392005	3.5427393930969515	3.5427393930969515	0.20474509841365238	Stanley	Stanley	GSE35978	BD	CB	M	50.0	13.0	6.1	k109	CC116_102109	GSE35978	BD	PARIETAL	M	50.0	13.0	6.1	k109	CC272_51210	True	True	none	M	M	True	False	True
GSE35978__HuGene-1_0-st-v1|CB	GSM878334	GSE35978__HuGene-1_0-st-v1|PARIETAL	GSM878481	0.37977763682175886	5.39701404321006	3.7271853392997216	3.7271853392997216	0.19988159485748422	Stanley	Stanley	GSE35978	CTL	CB	F	55.0	26.0	6.0	k110	CC117_111109	GSE35978	CTL	PARIETAL	F	55.0	26.0	6.0	k110	CC250_51110	True	True	none	F	F	True	False	True
GSE35978__HuGene-1_0-st-v1|CB	GSM878337	GSE35978__HuGene-1_0-st-v1|PARIETAL	GSM878535	0.23659959391382754	3.838313594627001	3.8085434775999976	3.8085434775999976	0.16749192499780938	Stanley	Stanley	GSE35978	CTL	CB	M	40.0	27.0	6.6	k112	CC124_102109	GSE35978	CTL	PARIETAL	M	40.0	27.0	6.6	k112	CC304_51110	True	True	none	M	M	True	False	True
GSE35978__HuGene-1_0-st-v1|CB	GSM878338	GSE35978__HuGene-1_0-st-v1|PARIETAL	GSM878492	0.34202538687239725	4.595756933964755	5.583803675558093	4.595756933964755	0.1755274615617689	Stanley	Stanley	GSE35978	CTL	CB	M	55.0	28.0	6.2	k113	CC125_102109	GSE35978	CTL	PARIETAL	M	55.0	28.0	6.2	k113	CC261_51210	True	True	probable	M	M	True	True	True
GSE35978__HuGene-1_0-st-v1|CB	GSM878339	GSE35978__HuGene-1_0-st-v1|PARIETAL	GSM878522	0.21095478306870588	3.359564531647853	3.3403773145814544	3.3403773145814544	0.14260420306297933	Stanley	Stanley	GSE35978	BD	CB	F	50.0	62.0	6.3	k114	CC126_102109	GSE35978	BD	PARIETAL	F	50.0	62.0	6.3	k114	CC291_51310	True	True	none	F	F	True	False	True
GSE35978__HuGene-1_0-st-v1|CB	GSM878340	GSE35978__HuGene-1_0-st-v1|PARIETAL	GSM878486	0.28949892082648315	5.256798000388749	4.952268262474477	4.952268262474477	0.12420241971596221	Stanley	Stanley	GSE35978	MDD	CB	M	50.0	26.0	6.3	k115	CC127_103009	GSE35978	MDD	PARIETAL	M	50.0	26.0	6.3	k115	CC255_51210	True	True	probable	M	M	True	True	True
GSE35978__HuGene-1_0-st-v1|CB	GSM878341	GSE35978__HuGene-1_0-st-v1|PARIETAL	GSM878530	0.34826896813885194	5.12810188912003	5.75283535878327	5.12810188912003	0.17788908717743196	Stanley	Stanley	GSE35978	SCZ	CB	M	60.0	31.0	6.2	k116	CC128_102109	GSE35978	SCZ	PARIETAL	M	60.0	31.0	6.2	k116	CC299_51310	True	True	probable	M	M	True	True	True
GSE35978__HuGene-1_0-st-v1|CB	GSM878342	GSE35978__HuGene-1_0-st-v1|PARIETAL	GSM878526	0.23505999015906398	3.5515555207106453	3.2663589889987956	3.2663589889987956	0.14810480117026378	Stanley	Stanley	GSE35978	BD	CB	M	55.0	19.0	6.2	k117	CC129_102109	GSE35978	BD	PARIETAL	M	55.0	19.0	6.2	k117	CC295_51310	True	True	none	M	M	True	False	True
GSE35978__HuGene-1_0-st-v1|CB	GSM878343	GSE35978__HuGene-1_0-st-v1|PARIETAL	GSM878506	0.19750477298262695	2.5853122683026815	3.138706221977587	2.5853122683026815	0.16394886596469285	Stanley	Stanley	GSE35978	MDD	CB	F	45.0	32.0	6.2	k118	CC130_111109	GSE35978	MDD	PARIETAL	F	45.0	32.0	6.2	k118	CC275_51210	True	True	none	F	F	True	False	False
GSE35978__HuGene-1_0-st-v1|CB	GSM878344	GSE35978__HuGene-1_0-st-v1|PARIETAL	GSM878489	0.3313161235746308	4.875501254564893	5.326260034389267	4.875501254564893	0.15204885623629938	Stanley	Stanley	GSE35978	BD	CB	F	25.0	24.0	6.4	k119	CC131_100909	GSE35978	BD	PARIETAL	F	25.0	24.0	6.4	k119	CC258_51210	True	True	probable	F	F	True	True	True
GSE35978__HuGene-1_0-st-v1|CB	GSM878345	GSE35978__HuGene-1_0-st-v1|PARIETAL	GSM878531	0.21587359710686813	3.9511815373684867	3.2280131198857576	3.2280131198857576	0.15171731972982277	Stanley	Stanley	GSE35978	CTL	CB	F	70.0	13.0	6.3	k120	CC132_100909	GSE35978	CTL	PARIETAL	F	70.0	13.0	6.3	k120	CC300_51310	True	True	none	F	F	True	False	True
GSE35978__HuGene-1_0-st-v1|CB	GSM878346	GSE35978__HuGene-1_0-st-v1|PARIETAL	GSM878508	0.20005725706095615	3.731425568219864	3.121711910850861	3.121711910850861	0.11064364532872294	Stanley	Stanley	GSE35978	SCZ	CB	M	35.0	35.0	6.5	k121	CC133_102109	GSE35978	SCZ	PARIETAL	M	35.0	35.0	6.5	k121	CC277_51210	True	True	none	M	M	True	False	True
GSE35978__HuGene-1_0-st-v1|CB	GSM878347	GSE35978__HuGene-1_0-st-v1|PARIETAL	GSM878519	0.18050448686435178	3.0506861847411972	3.235003723923142	3.0506861847411972	0.1492197241052245	Stanley	Stanley	GSE35978	CTL	CB	F	45.0	25.0	6.3	k122	CC134_100909	GSE35978	CTL	PARIETAL	F	45.0	25.0	6.3	k122	CC288_51310	True	True	none	F	F	True	False	True
GSE35978__HuGene-1_0-st-v1|CB	GSM878348	GSE35978__HuGene-1_0-st-v1|PARIETAL	GSM878504	0.2425015104559586	3.008950369581822	3.716767466204985	3.008950369581822	0.2003693508448706	Stanley	Stanley	GSE35978	BD	CB	M	30.0	31.0	6.1	k123	CC135_100909	GSE35978	BD	PARIETAL	M	30.0	31.0	6.1	k123	CC273_51210	True	True	none	M	M	True	False	True
GSE35978__HuGene-1_0-st-v1|CB	GSM878350	GSE35978__HuGene-1_0-st-v1|PARIETAL	GSM878502	0.314172463909016	4.329815189674776	4.715192216567878	4.329815189674776	0.1838547114029082	Stanley	Stanley	GSE35978	MDD	CB	M	40.0	23.0	6.0	k125	CC137_102309	GSE35978	MDD	PARIETAL	M	40.0	23.0	6.0	k125	CC271_51210	True	True	probable	M	M	True	True	True
GSE35978__HuGene-1_0-st-v1|CB	GSM878351	GSE35978__HuGene-1_0-st-v1|PARIETAL	GSM878513	0.3536585671713947	5.38579321647008	5.552756570463657	5.38579321647008	0.2296703161228132	Stanley	Stanley	GSE35978	MDD	CB	M	65.0	19.0	6.2	k126	CC138_102109	GSE35978	MDD	PARIETAL	M	65.0	19.0	6.2	k126	CC282_51310	True	True	match	M	M	True	True	True
GSE35978__HuGene-1_0-st-v1|CB	GSM878352	GSE35978__HuGene-1_0-st-v1|PARIETAL	GSM878518	0.32860708815737155	5.91777750890183	4.285624588414972	4.285624588414972	0.1735962093536175	Stanley	Stanley	GSE35978	SCZ	CB	F	50.0	38.0	6.2	k127	CC139_100909	GSE35978	SCZ	PARIETAL	F	50.0	38.0	6.2	k127	CC287_51310	True	True	probable	F	F	True	True	True
GSE35978__HuGene-1_0-st-v1|CB	GSM878353	GSE35978__HuGene-1_0-st-v1|PARIETAL	GSM878528	0.292228799168546	4.2555941075644075	4.37854610585441	4.2555941075644075	0.22736284137751092	Stanley	Stanley	GSE35978	CTL	CB	F	30.0	42.0	6.2	k128	CC140_103009	GSE35978	CTL	PARIETAL	F	30.0	42.0	6.2	k128	CC297_51310	True	True	probable	F	F	True	True	True
GSE35978__HuGene-1_0-st-v1|CB	GSM878355	GSE35978__HuGene-1_0-st-v1|PARIETAL	GSM878485	0.35232869943939854	4.421253271534372	5.415392785675989	4.421253271534372	0.17551353188866672	Stanley	Stanley	GSE35978	MDD	CB	F	55.0	40.0	6.3	k129	CC142_100909	GSE35978	MDD	PARIETAL	F	55.0	40.0	6.3	k129	CC254_51210	True	True	probable	F	F	True	True	True
GSE35978__HuGene-1_0-st-v1|CB	GSM878356	GSE35978__HuGene-1_0-st-v1|PARIETAL	GSM878488	0.31913104523711144	4.441032880316851	5.395765667420783	4.441032880316851	0.1894360894741874	Stanley	Stanley	GSE35978	BD	CB	M	35.0	23.0	6.3	k130	CC143_111109	GSE35978	BD	PARIETAL	M	35.0	23.0	6.3	k130	CC257_51210	True	True	probable	M	M	True	True	True
GSE35978__HuGene-1_0-st-v1|CB	GSM878357	GSE35978__HuGene-1_0-st-v1|PARIETAL	GSM878482	0.24375088018499916	4.261258413435324	3.620612903138358	3.620612903138358	0.12683581108541178	Stanley	Stanley	GSE35978	SCZ	CB	M	25.0	32.0	6.6	k131	CC144_100909	GSE35978	SCZ	PARIETAL	M	25.0	32.0	6.6	k131	CC251_51110	True	True	none	M	M	True	False	True
GSE35978__HuGene-1_0-st-v1|PARIETAL	GSM878376	GSE35978__HuGene-1_0-st-v1|PARIETAL	GSM878447	0.2467446246481389	3.2762279006686827	2.17057054295872	2.17057054295872	0.17051354756253825	Stanley	Stanley	GSE35978	CTL	PARIETAL	M	45.0	21.0	6.81	k42	CC145_40610	GSE35978	BD	PARIETAL	F	60.0	53.0	6.2	k16	CC216_40810	False	False	none	M	F	False	False	False
GSE35978__HuGene-1_0-st-v1|PARIETAL	GSM878385	GSE35978__HuGene-1_0-st-v1|PARIETAL	GSM878485	0.1915385679064025	2.808218536814875	3.0299723620437495	2.808218536814875	0.17884928417523796	Stanley	Stanley	GSE35978	CTL	PARIETAL	M	55.0	31.0	6.7	k62	CC154_40910	GSE35978	MDD	PARIETAL	F	55.0	40.0	6.3	k129	CC254_51210	False	False	none	M	F	False	False	False
GSE35978__HuGene-1_0-st-v1|PARIETAL	GSM878391	GSE35978__HuGene-1_0-st-v1|PARIETAL	GSM878397	0.24980819504710008	3.3447156004150025	3.431946280700525	3.3447156004150025	0.17969539087000555	Stanley	Stanley	GSE35978	CTL	PARIETAL	M	50.0	23.0	6.93	k56	CC160_51110	GSE35978	CTL	PARIETAL	M	45.0	18.0	6.81	k51	CC166_51110	False	True	none	M	M	True	False	True
GSE35978__HuGene-1_0-st-v1|PARIETAL	GSM878393	GSE35978__HuGene-1_0-st-v1|PARIETAL	GSM878529	0.18692684543700833	2.8420038524146416	2.4534928630123183	2.4534928630123183	0.151817753760754	Stanley	Stanley	GSE35978	BD	PARIETAL	F	45.0	39.0	6.74	k54	CC162_51110	GSE35978	MDD	PARIETAL	F	30.0	33.0	6.0	k97	CC298_51310	False	False	none	F	F	True	False	False
GSE35978__HuGene-1_0-st-v1|PARIETAL	GSM878395	GSE35978__HuGene-1_0-st-v1|PARIETAL	GSM878430	0.21776749681786378	2.0450344631008557	3.114855223745384	2.0450344631008557	0.20446950782684586	Stanley	Stanley	GSE35978	CTL	PARIETAL	M	35.0	22.0	6.48	k41	CC164_40610	GSE35978	SCZ	PARIETAL	M	40.0	26.0	6.19	k84	CC199_40710	False	False	none	M	M	True	False	False
GSE35978__HuGene-1_0-st-v1|PARIETAL	GSM878399	GSE35978__HuGene-1_0-st-v1|PARIETAL	GSM878517	0.24984837741512714	3.5003253443234668	3.4283396383621922	3.4283396383621922	0.18939903231802754	Stanley	Stanley	GSE35978	BD	PARIETAL	F	65.0	32.0	6.97	k49	CC168_51110	GSE35978	MDD	PARIETAL	M	50.0	12.0	6.5	k101	CC286_51310	False	False	none	F	M	False	False	False
GSE35978__HuGene-1_0-st-v1|PARIETAL	GSM878401	GSE35978__HuGene-1_0-st-v1|PARIETAL	GSM878473	0.20552059679137138	2.728580434758976	2.505374200404336	2.505374200404336	0.18724335058606045	Stanley	Stanley	GSE35978	CTL	PARIETAL	F	45.0	10.0	6.2	k47	CC170_51110	GSE35978	SCZ	PARIETAL	M	30.0	33.0	6.2	k61	CC242_40910	False	False	none	F	M	False	False	False
GSE35978__HuGene-1_0-st-v1|PARIETAL	GSM878402	GSE35978__HuGene-1_0-st-v1|PARIETAL	GSM878459	0.3274872913935642	4.4091590972450305	3.751874473478413	3.751874473478413	0.1964692937343219	Stanley	Stanley	GSE35978	SCZ	PARIETAL	M	45.0	32.0	6.67	k40	CC171_40610	GSE35978	BD	PARIETAL	F	50.0	18.0	6.5	k9	CC228_40810	False	False	none	M	F	False	False	False
GSE35978__HuGene-1_0-st-v1|PARIETAL	GSM878410	GSE35978__HuGene-1_0-st-v1|PARIETAL	GSM878498	0.23008859621264716	3.102415946757944	2.8413484787493206	2.8413484787493206	0.1882617486529061	Stanley	Stanley	GSE35978	CTL	PARIETAL	M	35.0	52.0	6.7	k36	CC179_40610	GSE35978	SCZ	PARIETAL	F	30.0	60.0	6.2	k148	CC267_51210	False	False	none	M	F	False	False	False
GSE35978__HuGene-1_0-st-v1|PARIETAL	GSM878411	GSE35978__HuGene-1_0-st-v1|PARIETAL	GSM878496	0.2678479808685691	2.92550493593447	3.354233780210738	2.92550493593447	0.2418852650693017	Stanley	Stanley	GSE35978	BD	PARIETAL	M	55.0	23.0	6.07	k132	CC180_40610	GSE35978	SCZ	PARIETAL	M	45.0	29.0	5.9	k147	CC265_51210	False	False	none	M	M	True	False	False
GSE35978__HuGene-1_0-st-v1|PARIETAL	GSM878412	GSE35978__HuGene-1_0-st-v1|PARIETAL	GSM878479	0.2515304182880619	3.1004318323564304	3.0350044027475267	3.0350044027475267	0.2091374129127064	Stanley	Stanley	GSE35978	BD	PARIETAL	M	65.0	16.0	6.1	k35	CC181_40610	GSE35978	BD	PARIETAL	F	50.0	18.0	6.1	k142	CC248_51110	False	True	none	M	F	False	False	False
GSE35978__HuGene-1_0-st-v1|PARIETAL	GSM878413	GSE35978__HuGene-1_0-st-v1|PARIETAL	GSM878446	0.31580126353759513	4.1248352292154635	2.817890511237733	2.817890511237733	0.18513562317269197	Stanley	Stanley	GSE35978	SCZ	PARIETAL	M	45.0	30.0	6.72	k133	CC182_40610	GSE35978	CTL	PARIETAL	M	45.0	31.0	6.67	k77	CC215_40810	False	False	none	M	M	True	False	False
GSE35978__HuGene-1_0-st-v1|PARIETAL	GSM878415	GSE35978__HuGene-1_0-st-v1|PARIETAL	GSM878416	0.2949303112817051	3.8349345870496547	4.212944467324283	3.8349345870496547	0.2201732512556908	Stanley	Stanley	GSE35978	SCZ	PARIETAL	M	50.0	9.0	6.2	k33	CC184_40610	GSE35978	SCZ	PARIETAL	M	50.0	9.0	6.2	k33	CC184_40710	True	True	none	M	M	True	False	True
GSE35978__HuGene-1_0-st-v1|PARIETAL	GSM878417	GSE35978__HuGene-1_0-st-v1|PARIETAL	GSM878419	0.22293310139436928	2.7861842096194662	2.6534446171386743	2.6534446171386743	0.19680770285155288	Stanley	Stanley	GSE35978	CTL	PARIETAL	M	50.0	24.0	6.91	k88	CC186_40710	GSE35978	CTL	PARIETAL	M	60.0	47.0	6.8	k134	CC188_40710	False	True	none	M	M	True	False	False
GSE35978__HuGene-1_0-st-v1|PARIETAL	GSM878427	GSE35978__HuGene-1_0-st-v1|PARIETAL	GSM878438	0.29328065711913137	3.8171380562638193	4.337181290230677	3.8171380562638193	0.22309112184178112	Stanley	Stanley	GSE35978	BD	PARIETAL	F	60.0	35.0	6.5	k28	CC196_40710	GSE35978	SCZ	PARIETAL	M	50.0	10.0	6.1	k21	CC207_40710	False	False	none	M	M	True	False	False
GSE35978__HuGene-1_0-st-v1|PARIETAL	GSM878428	GSE35978__HuGene-1_0-st-v1|PARIETAL	GSM878521	0.2942610056078229	3.1190953528283054	3.2497944797588576	3.1190953528283054	0.2788856251790013	Stanley	Stanley	GSE35978	CTL	PARIETAL	F	40.0	33.0	6.0	k136	CC197_40710	GSE35978	SCZ	PARIETAL	M	50.0	61.0	6.0	k104	CC290_51110	False	False	none	F	M	False	False	False
GSE35978__HuGene-1_0-st-v1|PARIETAL	GSM878429	GSE35978__HuGene-1_0-st-v1|PARIETAL	GSM878492	0.18743882510101212	2.4199869702602754	2.4645533933961783	2.4199869702602754	0.18425225037937465	Stanley	Stanley	GSE35978	SCZ	PARIETAL	M	45.0	9.0	5.9	k137	CC198_40710	GSE35978	CTL	PARIETAL	M	55.0	28.0	6.2	k113	CC261_51210	False	False	none	M	M	True	False	False
GSE35978__HuGene-1_0-st-v1|PARIETAL	GSM878432	GSE35978__HuGene-1_0-st-v1|PARIETAL	GSM878433	0.16019170474805808	2.6013500025940166	2.6263924966167616	2.6013500025940166	0.15467058770955663	Stanley	Stanley	GSE35978	CTL	PARIETAL	M	50.0	22.0	6.71	k83	CC201_40710	GSE35978	CTL	PARIETAL	M	50.0	31.0	6.7	k24	CC202_40710	False	True	none	M	M	True	False	False
GSE35978__HuGene-1_0-st-v1|PARIETAL	GSM878436	GSE35978__HuGene-1_0-st-v1|PARIETAL	GSM878475	0.24337682500065688	3.189577607559557	2.7842945802042545	2.7842945802042545	0.22666319546302532	Stanley	Stanley	GSE35978	SCZ	PARIETAL	M	25.0	15.0	6.2	k22	CC205_40710	GSE35978	BD	PARIETAL	F	40.0	28.0	6.44	k140	CC244_40910	False	False	none	M	F	False	False	False
GSE35978__HuGene-1_0-st-v1|PARIETAL	GSM878437	GSE35978__HuGene-1_0-st-v1|PARIETAL	GSM878440	0.25957679760003444	3.0314596800474787	3.249355129150997	3.0314596800474787	0.2341823985957881	Stanley	Stanley	GSE35978	BD	PARIETAL	F	45.0	57.0	5.92	k80	CC206_40710	GSE35978	BD	PARIETAL	M	20.0	12.0	5.978	k6	CC209_40610	False	True	none	F	M	False	False	False
GSE35978__HuGene-1_0-st-v1|PARIETAL	GSM878441	GSE35978__HuGene-1_0-st-v1|PARIETAL	GSM878453	0.24637689622175107	2.795067047106702	3.4446790862226653	2.795067047106702	0.24036824203418988	Stanley	Stanley	GSE35978	SCZ	PARIETAL	M	45.0	65.0	6.67	k79	CC210_40810	GSE35978	SCZ	PARIETAL	F	55.0	13.0	6.49	k12	CC222_40810	False	True	none	M	F	False	False	False
GSE35978__HuGene-1_0-st-v1|PARIETAL	GSM878449	GSE35978__HuGene-1_0-st-v1|PARIETAL	GSM878458	0.1800403672369442	2.685601985464556	2.5550370957429185	2.5550370957429185	0.16186077449761407	Stanley	Stanley	GSE35978	CTL	PARIETAL	F	35.0	24.0	6.87	k44	CC218_40610	GSE35978	CTL	PARIETAL	M	45.0	29.0	6.94	k43	CC227_40610	False	True	none	F	M	False	False	False
GSE35978__HuGene-1_0-st-v1|PARIETAL	GSM878451	GSE35978__HuGene-1_0-st-v1|PARIETAL	GSM878503	0.2060792829358356	3.1941495412237573	2.470790189376705	2.470790189376705	0.15978972920485465	Stanley	Stanley	GSE35978	BD	PARIETAL	M	35.0	35.0	6.3	k13	CC220_40810	GSE35978	BD	PARIETAL	M	50.0	13.0	6.1	k109	CC272_51210	False	True	none	M	M	True	False	False
GSE35978__HuGene-1_0-st-v1|PARIETAL	GSM878457	GSE35978__HuGene-1_0-st-v1|PARIETAL	GSM878464	0.22953965987953262	2.875034839790659	3.448390457688066	2.875034839790659	0.16445958601112862	Stanley	Stanley	GSE35978	SCZ	PARIETAL	M	40.0	26.0	6.8	k74	CC226_40810	GSE35978	SCZ	PARIETAL	M	50.0	43.0	6.63	k7	CC233_40810	False	True	none	M	M	True	False	False
GSE35978__HuGene-1_0-st-v1|PARIETAL	GSM878462	GSE35978__HuGene-1_0-st-v1|PARIETAL	GSM878523	0.1805131899682628	2.4604241674719862	2.3600710007849117	2.3600710007849117	0.17280151108099498	Stanley	Stanley	GSE35978	SCZ	PARIETAL	M	20.0	28.0	6.73	k8	CC231_40810	GSE35978	MDD	PARIETAL	F	30.0	47.0	6.0	k94	CC292_51310	False	False	none	M	F	False	False	False
GSE35978__HuGene-1_0-st-v1|PARIETAL	GSM878465	GSE35978__HuGene-1_0-st-v1|PARIETAL	GSM878466	0.5487153659458184	7.71498532930434	7.854637068917873	7.71498532930434	0.1952883604790886	Stanley	Stanley	GSE35978	CTL	PARIETAL	M	50.0	31.0	6.86	k70	CC234_40810	GSE35978	CTL	PARIETAL	M	50.0	31.0	6.86	k70	CC234_40910	True	True	match	M	M	True	True	True
GSE35978__HuGene-1_0-st-v1|PARIETAL	GSM878481	GSE35978__HuGene-1_0-st-v1|PARIETAL	GSM878534	0.23332296738325925	2.6542252543683946	3.0658780607794087	2.6542252543683946	0.23217562109656872	Stanley	Stanley	GSE35978	CTL	PARIETAL	F	55.0	26.0	6.0	k110	CC250_51110	GSE35978	MDD	PARIETAL	F	40.0	25.0	6.3	k100	CC303_51110	False	False	none	F	F	True	False	False
GSE35978__HuGene-1_0-st-v1|PARIETAL	GSM878483	GSE35978__HuGene-1_0-st-v1|PARIETAL	GSM878484	0.5511450760451665	6.55893799809661	6.694144652586112	6.55893799809661	0.2886557915494446	Stanley	Stanley	GSE35978	SCZ	PARIETAL	M	30.0	14.0	5.8	k144	CC252_51110	GSE35978	SCZ	PARIETAL	M	30.0	14.0	5.8	k144	CC252_51210	True	True	match	M	M	True	True	True
GSE35978__HuGene-1_0-st-v1|PARIETAL	GSM878489	GSE35978__HuGene-1_0-st-v1|PARIETAL	GSM878502	0.189385476404835	2.4606865157813136	2.774060437119021	2.4606865157813136	0.16133508704894378	Stanley	Stanley	GSE35978	BD	PARIETAL	F	25.0	24.0	6.4	k119	CC258_51210	GSE35978	MDD	PARIETAL	M	40.0	23.0	6.0	k125	CC271_51210	False	False	none	F	M	False	False	False
GSE35978__HuGene-1_0-st-v1|PARIETAL	GSM878499	GSE35978__HuGene-1_0-st-v1|PARIETAL	GSM878507	0.2957059251764374	2.5736434350475705	3.4334499137198153	2.5736434350475705	0.2816482698090487	Stanley	Stanley	GSE35978	BD	PARIETAL	F	60.0	60.0	6.5	k105	CC268_51210	GSE35978	SCZ	PARIETAL	M	30.0	32.0	5.8	k108	CC276_51210	False	False	none	F	M	False	False	False
GSE35978__HuGene-1_0-st-v1|PARIETAL	GSM878516	GSE35978__HuGene-1_0-st-v1|PARIETAL	GSM878526	0.21248819375902817	2.7464494341198065	2.5935138723237574	2.5935138723237574	0.18381987343194825	Stanley	Stanley	GSE35978	MDD	PARIETAL	F	55.0	28.0	5.8	k152	CC285_51310	GSE35978	BD	PARIETAL	M	55.0	19.0	6.2	k117	CC295_51310	False	False	none	F	M	False	False	False
GSE35978__HuGene-1_0-st-v1|PARIETAL	GSM878518	GSE35978__HuGene-1_0-st-v1|PARIETAL	GSM878524	0.21950425472761914	2.905955935651743	2.5797141540870925	2.5797141540870925	0.19827462968862594	Stanley	Stanley	GSE35978	SCZ	PARIETAL	F	50.0	38.0	6.2	k127	CC287_51310	GSE35978	BD	PARIETAL	M	30.0	56.0	5.8	k154	CC293_51310	False	False	none	F	M	False	False	False
GSE53987__HG-U133_Plus_2|PFC_BA46	GSM1304920	GSE53987__HG-U133_Plus_2|PFC_BA46	GSM1304929	0.22008019805163997	2.2802940283032083	2.825495931051712	2.2802940283032083	0.21597792942779126	Pittsburgh	Pittsburgh	GSE53987	BD	PFC_BA46	M	52.0	23.5	6.7	k0	bipolar_pfc_10	GSE53987	BD	PFC_BA46	M	40.0	18.5	6.4	k10	bipolar_pfc_2	False	True	none	M	M	True	False	False
GSE53987__HG-U133_Plus_2|PFC_BA46	GSM1304921	GSE53987__HG-U133_Plus_2|PFC_BA46	GSM1304974	0.25143663027774454	2.3919696039982274	2.6498956679451147	2.3919696039982274	0.21947931568380546	Pittsburgh	Pittsburgh	GSE53987	BD	PFC_BA46	F	50.0	11.7	6.4	k1	bipolar_pfc_11	GSE53987	SCZ	PFC_BA46	F	47.0	14.37	6.35	k54	schiz_pfc_11	False	False	none	F	F	True	False	False
GSE53987__HG-U133_Plus_2|PFC_BA46	GSM1304922	GSE53987__HG-U133_Plus_2|PFC_BA46	GSM1304971	0.24513596380298364	3.3494166419840155	2.9148243288321725	2.9148243288321725	0.13732984253165975	Pittsburgh	Pittsburgh	GSE53987	BD	PFC_BA46	F	28.0	22.3	6.3	k2	bipolar_pfc_12	GSE53987	MDD	PFC_BA46	M	34.0	24.4	6.6	k51	MDD_pfc_8	False	False	none	F	M	False	False	False
GSE53987__HG-U133_Plus_2|PFC_BA46	GSM1304923	GSE53987__HG-U133_Plus_2|PFC_BA46	GSM1304983	0.2902805580068291	3.0669784311606736	2.627130134448613	2.627130134448613	0.23252185956961308	Pittsburgh	Pittsburgh	GSE53987	BD	PFC_BA46	F	55.0	17.5	6.4	k3	bipolar_pfc_13	GSE53987	SCZ	PFC_BA46	M	47.0	28.9	6.58	k62	schiz_pfc_4	False	False	none	F	M	False	False	False
GSE53987__HG-U133_Plus_2|PFC_BA46	GSM1304927	GSE53987__HG-U133_Plus_2|PFC_BA46	GSM1304969	0.19129335822597926	2.212347088648418	2.8302344226813902	2.212347088648418	0.17753742644722975	Pittsburgh	Pittsburgh	GSE53987	BD	PFC_BA46	F	56.0	24.5	6.1	k68	bipolar_pfc_17	GSE53987	MDD	PFC_BA46	M	59.0	13.0	6.6	k49	MDD_pfc_6	False	False	none	F	M	False	False	False
GSE53987__HG-U133_Plus_2|PFC_BA46	GSM1304930	GSE53987__HG-U133_Plus_2|PFC_BA46	GSM1304954	0.3284901576521686	2.3210051259857534	3.778901911729786	2.3210051259857534	0.3191576904488454	Pittsburgh	Pittsburgh	GSE53987	BD	PFC_BA46	F	39.0	22.2	6.7	k11	bipolar_pfc_3	GSE53987	CTL	PFC_BA46	M	43.0	22.3	6.7	k35	control_pfc_8	False	False	none	F	M	False	False	False
GSE53987__HG-U133_Plus_2|PFC_BA46	GSM1304931	GSE53987__HG-U133_Plus_2|PFC_BA46	GSM1304938	0.2048576301974064	2.7240379024974226	2.4266357877129865	2.4266357877129865	0.1650154192671396	Pittsburgh	Pittsburgh	GSE53987	BD	PFC_BA46	M	45.0	27.2	7.1	k12	bipolar_pfc_4	GSE53987	CTL	PFC_BA46	F	51.0	7.8	6.6	k19	control_pfc_11	False	False	none	M	F	False	False	False
GSE53987__HG-U133_Plus_2|PFC_BA46	GSM1304933	GSE53987__HG-U133_Plus_2|PFC_BA46	GSM1304967	0.2198513678404955	2.3176187354362217	2.5065815918804453	2.3176187354362217	0.20954489701092194	Pittsburgh	Pittsburgh	GSE53987	BD	PFC_BA46	M	65.0	8.9	6.7	k14	bipolar_pfc_6	GSE53987	MDD	PFC_BA46	M	47.0	24.0	6.6	k48	MDD_pfc_4	False	False	none	M	M	True	False	False
GSE53987__HG-U133_Plus_2|PFC_BA46	GSM1304934	GSE53987__HG-U133_Plus_2|PFC_BA46	GSM1304940	0.27358474744105943	2.814700121478433	3.223334145783451	2.814700121478433	0.20954489701092194	Pittsburgh	Pittsburgh	GSE53987	BD	PFC_BA46	F	51.0	21.5	6.7	k15	bipolar_pfc_7	GSE53987	CTL	PFC_BA46	F	65.0	18.5	6.5	k21	control_pfc_13	False	False	none	F	F	True	False	False
GSE53987__HG-U133_Plus_2|PFC_BA46	GSM1304941	GSE53987__HG-U133_Plus_2|PFC_BA46	GSM1304952	0.2163864565203906	2.1792718382943956	2.2508837878867207	2.1792718382943956	0.21301975351951172	Pittsburgh	Pittsburgh	GSE53987	CTL	PFC_BA46	M	55.0	28.0	6.1	k22	control_pfc_14	GSE53987	CTL	PFC_BA46	M	68.0	11.8	6.8	k33	control_pfc_6	False	True	none	M	M	True	False	False
GSE53987__HG-U133_Plus_2|PFC_BA46	GSM1304942	GSE53987__HG-U133_Plus_2|PFC_BA46	GSM1304980	0.2600285286583044	3.1331700616848983	2.654596119132802	2.654596119132802	0.20406508897600512	Pittsburgh	Pittsburgh	GSE53987	CTL	PFC_BA46	M	22.0	20.1	6.8	k23	control_pfc_15	GSE53987	SCZ	PFC_BA46	F	46.0	23.8	6.61	k58	schiz_pfc_19	False	False	none	M	F	False	False	False
GSE53987__HG-U133_Plus_2|PFC_BA46	GSM1304945	GSE53987__HG-U133_Plus_2|PFC_BA46	GSM1304986	0.21797573756132446	2.741944603740065	2.405256577608387	2.405256577608387	0.14506779475918694	Pittsburgh	Pittsburgh	GSE53987	CTL	PFC_BA46	F	40.0	16.6	6.8	k26	control_pfc_18	GSE53987	SCZ	PFC_BA46	F	44.0	18.7	6.2	k65	schiz_pfc_7	False	False	none	F	F	True	False	False
GSE53987__HG-U133_Plus_2|PFC_BA46	GSM1304946	GSE53987__HG-U133_Plus_2|PFC_BA46	GSM1304953	0.17873706716210003	2.1521447366298267	2.141851868998048	2.141851868998048	0.14935459341736607	Pittsburgh	Pittsburgh	GSE53987	CTL	PFC_BA46	F	41.0	15.4	6.6	k27	control_pfc_19	GSE53987	CTL	PFC_BA46	F	58.0	18.8	6.6	k34	control_pfc_7	False	True	none	F	M	False	False	False
GSE53987__HG-U133_Plus_2|PFC_BA46	GSM1304949	GSE53987__HG-U133_Plus_2|PFC_BA46	GSM1304977	0.20129694604834442	2.0574455050872786	2.672687095696142	2.0574455050872786	0.17827135352202794	Pittsburgh	Pittsburgh	GSE53987	CTL	PFC_BA46	F	39.0	24.5	6.8	k30	control_pfc_3	GSE53987	SCZ	PFC_BA46	M	62.0	22.7	7.14	k56	schiz_pfc_14	False	False	none	F	M	False	False	False
GSE53987__HG-U133_Plus_2|PFC_BA46	GSM1304963	GSE53987__HG-U133_Plus_2|PFC_BA46	GSM1304970	0.237426540630023	2.439595107891447	3.0577535486413687	2.439595107891447	0.1936255391191848	Pittsburgh	Pittsburgh	GSE53987	MDD	PFC_BA46	F	54.0	17.9	6.2	k43	MDD_pfc_17	GSE53987	MDD	PFC_BA46	F	47.0	22.3	6.6	k50	MDD_pfc_7	False	True	none	F	F	True	False	False
GSE53987__HG-U133_Plus_2|PFC_BA46	GSM1304965	GSE53987__HG-U133_Plus_2|PFC_BA46	GSM1304976	0.21329168170902385	2.783023433859537	2.759416131237876	2.759416131237876	0.14070058414406833	Pittsburgh	Pittsburgh	GSE53987	MDD	PFC_BA46	M	42.0	14.3	6.4	k45	MDD_pfc_1	GSE53987	SCZ	PFC_BA46	F	41.0	17.1	6.9	k71	schiz_pfc_13	False	False	none	M	F	False	False	False
GSE53987__HG-U133_Plus_2|PFC_BA46	GSM1304973	GSE53987__HG-U133_Plus_2|PFC_BA46	GSM1304979	0.2770355949723698	3.547287825302361	1.8049528925647345	1.8049528925647345	0.14697204764384247	Pittsburgh	Pittsburgh	GSE53987	SCZ	PFC_BA46	M	49.0	21.5	5.97	k53	schiz_pfc_10	GSE53987	SCZ	PFC_BA46	F	44.0	24.5	6.63	k57	schiz_pfc_18	False	True	none	M	F	False	False	False
GSE53987__HG-U133_Plus_2|PFC_BA46	GSM1304978	GSE53987__HG-U133_Plus_2|PFC_BA46	GSM1304984	0.2640525014122032	2.8381971484524673	2.9836669166510372	2.8381971484524673	0.16584489004248898	Pittsburgh	Pittsburgh	GSE53987	SCZ	PFC_BA46	F	47.0	20.1	7.3	k72	schiz_pfc_16	GSE53987	SCZ	PFC_BA46	M	37.0	5.98	6.07	k63	schiz_pfc_5	False	True	none	F	M	False	False	False
GSE53987__HG-U133_Plus_2|PFC_BA46	GSM1304920	GSE53987__HG-U133_Plus_2|STR	GSM1304997	0.5336597737251212	5.789038420589399	5.762389630820605	5.762389630820605	0.19018666504764323	Pittsburgh	Pittsburgh	GSE53987	BD	PFC_BA46	M	52.0	23.5	6.7	k0	bipolar_pfc_10	GSE53987	BD	STR	M	52.0	23.5	6.7	k0	bipolar_str_10	True	True	match	M	M	True	True	True
GSE53987__HG-U133_Plus_2|PFC_BA46	GSM1304921	GSE53987__HG-U133_Plus_2|STR	GSM1304998	0.5912480630008068	6.0464594928294515	6.422410574588452	6.0464594928294515	0.18525982330658963	Pittsburgh	Pittsburgh	GSE53987	BD	PFC_BA46	F	50.0	11.7	6.4	k1	bipolar_pfc_11	GSE53987	BD	STR	F	50.0	11.7	6.4	k1	bipolar_str_11	True	True	match	F	F	True	True	True
GSE53987__HG-U133_Plus_2|PFC_BA46	GSM1304922	GSE53987__HG-U133_Plus_2|STR	GSM1304999	0.584949006923272	8.026907114267408	8.107151576168182	8.026907114267408	0.21453766493498524	Pittsburgh	Pittsburgh	GSE53987	BD	PFC_BA46	F	28.0	22.3	6.3	k2	bipolar_pfc_12	GSE53987	BD	STR	F	28.0	22.3	6.3	k2	bipolar_str_12	True	True	match	F	F	True	True	True
GSE53987__HG-U133_Plus_2|PFC_BA46	GSM1304924	GSE53987__HG-U133_Plus_2|STR	GSM1305001	0.7224428507954538	10.073357642638877	7.23904619645184	7.23904619645184	0.12355021963505436	Pittsburgh	Pittsburgh	GSE53987	BD	PFC_BA46	M	58.0	27.7	6.8	k4	bipolar_pfc_14	GSE53987	BD	STR	M	58.0	27.7	6.8	k4	bipolar_str_14	True	True	match	M	M	True	True	True
GSE53987__HG-U133_Plus_2|PFC_BA46	GSM1304926	GSE53987__HG-U133_Plus_2|STR	GSM1305002	0.719353677527049	7.871138481170217	7.435203302574638	7.435203302574638	0.17716329974168638	Pittsburgh	Pittsburgh	GSE53987	BD	PFC_BA46	F	49.0	21.5	6.7	k6	bipolar_pfc_16	GSE53987	BD	STR	F	49.0	21.5	6.7	k6	bipolar_str_16	True	True	match	F	F	True	True	True
GSE53987__HG-U133_Plus_2|PFC_BA46	GSM1304927	GSE53987__HG-U133_Plus_2|STR	GSM1305003	0.5444417642957411	6.035109234197435	6.859150816710887	6.035109234197435	0.2301663910387166	Pittsburgh	Pittsburgh	GSE53987	BD	PFC_BA46	F	56.0	24.5	6.1	k68	bipolar_pfc_17	GSE53987	BD	STR	F	56.0	24.5	6.1	k68	bipolar_str_17	True	True	match	F	F	True	True	True
GSE53987__HG-U133_Plus_2|PFC_BA46	GSM1304928	GSE53987__HG-U133_Plus_2|STR	GSM1304988	0.5391874003123183	6.692586437572872	7.790679338321077	6.692586437572872	0.18559095145210355	Pittsburgh	Pittsburgh	GSE53987	BD	PFC_BA46	M	50.0	12.1	6.7	k9	bipolar_pfc_1	GSE53987	BD	STR	M	50.0	12.1	6.7	k9	bipolar_str_1	True	True	match	M	M	True	True	True
GSE53987__HG-U133_Plus_2|PFC_BA46	GSM1304929	GSE53987__HG-U133_Plus_2|STR	GSM1304989	0.5555067737337196	7.309861593798882	5.389985707770919	5.389985707770919	0.1926866518183482	Pittsburgh	Pittsburgh	GSE53987	BD	PFC_BA46	M	40.0	18.5	6.4	k10	bipolar_pfc_2	GSE53987	BD	STR	M	40.0	18.5	6.4	k10	bipolar_str_2	True	True	match	M	M	True	True	True
GSE53987__HG-U133_Plus_2|PFC_BA46	GSM1304930	GSE53987__HG-U133_Plus_2|STR	GSM1304990	0.7017952995749023	5.168631637965746	5.487499996624349	5.168631637965746	0.3217466006563501	Pittsburgh	Pittsburgh	GSE53987	BD	PFC_BA46	F	39.0	22.2	6.7	k11	bipolar_pfc_3	GSE53987	BD	STR	F	39.0	22.2	6.7	k11	bipolar_str_3	True	True	probable	F	F	True	True	True
GSE53987__HG-U133_Plus_2|PFC_BA46	GSM1304931	GSE53987__HG-U133_Plus_2|STR	GSM1304991	0.7428785766991327	9.49425031802534	9.538946311646983	9.49425031802534	0.16537053105709065	Pittsburgh	Pittsburgh	GSE53987	BD	PFC_BA46	M	45.0	27.2	7.1	k12	bipolar_pfc_4	GSE53987	BD	STR	M	45.0	27.2	7.1	k12	bipolar_str_4	True	True	match	M	M	True	True	True
GSE53987__HG-U133_Plus_2|PFC_BA46	GSM1304932	GSE53987__HG-U133_Plus_2|STR	GSM1304992	0.6763387464024225	9.428526098271458	8.586494299593795	8.586494299593795	0.16350767091852486	Pittsburgh	Pittsburgh	GSE53987	BD	PFC_BA46	M	42.0	12.5	6.7	k13	bipolar_pfc_5	GSE53987	BD	STR	M	42.0	12.5	6.7	k13	bipolar_str_5	True	True	match	M	M	True	True	True
GSE53987__HG-U133_Plus_2|PFC_BA46	GSM1304933	GSE53987__HG-U133_Plus_2|STR	GSM1304993	0.5790596457605932	6.51667698361165	6.153815485741107	6.153815485741107	0.24121117438634176	Pittsburgh	Pittsburgh	GSE53987	BD	PFC_BA46	M	65.0	8.9	6.7	k14	bipolar_pfc_6	GSE53987	BD	STR	M	65.0	8.9	6.7	k14	bipolar_str_6	True	True	match	M	M	True	True	True
GSE53987__HG-U133_Plus_2|PFC_BA46	GSM1304934	GSE53987__HG-U133_Plus_2|STR	GSM1304994	0.6368641403195355	6.950695942086165	7.649542606202999	6.950695942086165	0.24247693169757892	Pittsburgh	Pittsburgh	GSE53987	BD	PFC_BA46	F	51.0	21.5	6.7	k15	bipolar_pfc_7	GSE53987	BD	STR	F	51.0	21.5	6.7	k15	bipolar_str_7	True	True	match	F	F	True	True	True
GSE53987__HG-U133_Plus_2|PFC_BA46	GSM1304935	GSE53987__HG-U133_Plus_2|STR	GSM1304995	0.5799529297201939	8.341711819894323	8.383875432580814	8.341711819894323	0.1384962000127933	Pittsburgh	Pittsburgh	GSE53987	BD	PFC_BA46	M	39.0	24.2	6.6	k16	bipolar_pfc_8	GSE53987	BD	STR	M	39.0	24.2	6.6	k16	bipolar_str_8	True	True	match	M	M	True	True	True
GSE53987__HG-U133_Plus_2|PFC_BA46	GSM1304936	GSE53987__HG-U133_Plus_2|STR	GSM1304996	0.565956777755226	8.239116225533431	7.06846009514447	7.06846009514447	0.14097948312284422	Pittsburgh	Pittsburgh	GSE53987	BD	PFC_BA46	M	48.0	18.1	6.9	k17	bipolar_pfc_9	GSE53987	BD	STR	M	48.0	18.1	6.9	k17	bipolar_str_9	True	True	match	M	M	True	True	True
GSE53987__HG-U133_Plus_2|PFC_BA46	GSM1304937	GSE53987__HG-U133_Plus_2|STR	GSM1305014	0.5885831250893265	8.37919909856247	7.172683647859075	7.172683647859075	0.18750101545092204	Pittsburgh	Pittsburgh	GSE53987	CTL	PFC_BA46	M	51.0	24.2	6.6	k18	control_pfc_10	GSE53987	CTL	STR	M	51.0	24.2	6.6	k18	control_str_10	True	True	match	M	M	True	True	True
GSE53987__HG-U133_Plus_2|PFC_BA46	GSM1304938	GSE53987__HG-U133_Plus_2|STR	GSM1305015	0.598823682077715	8.82489341562389	6.176366075515412	6.176366075515412	0.1529115154261609	Pittsburgh	Pittsburgh	GSE53987	CTL	PFC_BA46	F	51.0	7.8	6.6	k19	control_pfc_11	GSE53987	CTL	STR	F	51.0	7.8	6.6	k19	control_str_11	True	True	match	F	F	True	True	True
GSE53987__HG-U133_Plus_2|PFC_BA46	GSM1304939	GSE53987__HG-U133_Plus_2|STR	GSM1305016	0.6399596977943482	8.547413441393083	7.430526947115832	7.430526947115832	0.13449342395746927	Pittsburgh	Pittsburgh	GSE53987	CTL	PFC_BA46	F	36.0	14.5	6.4	k20	control_pfc_12	GSE53987	CTL	STR	F	36.0	14.5	6.4	k20	control_str_12	True	True	match	F	F	True	True	True
GSE53987__HG-U133_Plus_2|PFC_BA46	GSM1304940	GSE53987__HG-U133_Plus_2|STR	GSM1305017	0.6813696752648297	7.717561869644585	7.4562532588163055	7.4562532588163055	0.2046044554150623	Pittsburgh	Pittsburgh	GSE53987	CTL	PFC_BA46	F	65.0	18.5	6.5	k21	control_pfc_13	GSE53987	CTL	STR	F	65.0	18.5	6.5	k21	control_str_13	True	True	match	F	F	True	True	True
GSE53987__HG-U133_Plus_2|PFC_BA46	GSM1304941	GSE53987__HG-U133_Plus_2|STR	GSM1305018	0.6317582265449524	5.599176756538514	5.593714860611228	5.593714860611228	0.2542211699520967	Pittsburgh	Pittsburgh	GSE53987	CTL	PFC_BA46	M	55.0	28.0	6.1	k22	control_pfc_14	GSE53987	CTL	STR	M	55.0	28.0	6.1	k22	control_str_14	True	True	match	M	M	True	True	True
GSE53987__HG-U133_Plus_2|PFC_BA46	GSM1304942	GSE53987__HG-U133_Plus_2|STR	GSM1305019	0.6250465556791391	10.020102948300769	7.323141624648061	7.323141624648061	0.1418678729129458	Pittsburgh	Pittsburgh	GSE53987	CTL	PFC_BA46	M	22.0	20.1	6.8	k23	control_pfc_15	GSE53987	CTL	STR	M	22.0	20.1	6.8	k23	control_str_15	True	True	match	M	M	True	True	True
GSE53987__HG-U133_Plus_2|PFC_BA46	GSM1304943	GSE53987__HG-U133_Plus_2|STR	GSM1305020	0.5049199598220937	6.411121221801097	5.82697699935603	5.82697699935603	0.1977368134607859	Pittsburgh	Pittsburgh	GSE53987	CTL	PFC_BA46	F	52.0	22.6	7.1	k24	control_pfc_16	GSE53987	CTL	STR	F	52.0	22.6	7.1	k24	control_str_16	True	True	match	F	F	True	True	True
GSE53987__HG-U133_Plus_2|PFC_BA46	GSM1304944	GSE53987__HG-U133_Plus_2|STR	GSM1305021	0.6839859291156348	9.239908662863517	9.456138583577038	9.239908662863517	0.18749594578454862	Pittsburgh	Pittsburgh	GSE53987	CTL	PFC_BA46	F	58.0	22.7	6.4	k25	control_pfc_17	GSE53987	CTL	STR	F	58.0	22.7	6.4	k25	control_str_17	True	True	match	F	F	True	True	True
GSE53987__HG-U133_Plus_2|PFC_BA46	GSM1304945	GSE53987__HG-U133_Plus_2|STR	GSM1305022	0.6701269264559078	7.273531625980824	7.348231927054843	7.273531625980824	0.2502354119059311	Pittsburgh	Pittsburgh	GSE53987	CTL	PFC_BA46	F	40.0	16.6	6.8	k26	control_pfc_18	GSE53987	CTL	STR	F	40.0	16.6	6.8	k26	control_str_18	True	True	match	F	F	True	True	True
GSE53987__HG-U133_Plus_2|PFC_BA46	GSM1304947	GSE53987__HG-U133_Plus_2|STR	GSM1305005	0.622163022220292	5.563961282335895	8.351843726108683	5.563961282335895	0.2254935567717828	Pittsburgh	Pittsburgh	GSE53987	CTL	PFC_BA46	M	49.0	21.2	6.5	k28	control_pfc_1	GSE53987	CTL	STR	M	49.0	21.2	6.5	k28	control_str_1	True	True	match	M	M	True	True	True
GSE53987__HG-U133_Plus_2|PFC_BA46	GSM1304948	GSE53987__HG-U133_Plus_2|STR	GSM1305006	0.2299908038501358	4.067776702142314	3.0454940258815477	3.0454940258815477	0.14087451526677136	Pittsburgh	Pittsburgh	GSE53987	CTL	PFC_BA46	M	48.0	21.68	6.6	k29	control_pfc_2	GSE53987	CTL	STR	M	48.0	21.68	6.6	k29	control_str_2	True	True	none	M	M	True	False	True
GSE53987__HG-U133_Plus_2|PFC_BA46	GSM1304949	GSE53987__HG-U133_Plus_2|STR	GSM1305007	0.659386601562688	5.91722777581307	8.062684574351364	5.91722777581307	0.21355362647516368	Pittsburgh	Pittsburgh	GSE53987	CTL	PFC_BA46	F	39.0	24.5	6.8	k30	control_pfc_3	GSE53987	CTL	STR	F	39.0	24.5	6.8	k30	control_str_3	True	True	match	F	F	True	True	True
GSE53987__HG-U133_Plus_2|PFC_BA46	GSM1304950	GSE53987__HG-U133_Plus_2|STR	GSM1305008	0.6274868052700047	8.331364110950547	8.848475526503249	8.331364110950547	0.15857491441692892	Pittsburgh	Pittsburgh	GSE53987	CTL	PFC_BA46	M	48.0	24.5	6.5	k31	control_pfc_4	GSE53987	CTL	STR	M	48.0	24.5	6.5	k31	control_str_4	True	True	match	M	M	True	True	True
GSE53987__HG-U133_Plus_2|PFC_BA46	GSM1304951	GSE53987__HG-U133_Plus_2|STR	GSM1305009	0.6564901891341682	8.169870468978411	9.006369754472358	8.169870468978411	0.16478760231228476	Pittsburgh	Pittsburgh	GSE53987	CTL	PFC_BA46	M	43.0	13.8	6.6	k32	control_pfc_5	GSE53987	CTL	STR	M	43.0	13.8	6.6	k32	control_str_5	True	True	match	M	M	True	True	True
GSE53987__HG-U133_Plus_2|PFC_BA46	GSM1304952	GSE53987__HG-U133_Plus_2|STR	GSM1305010	0.6650875920404123	7.9635507004752855	7.108466838097998	7.108466838097998	0.18908970453453497	Pittsburgh	Pittsburgh	GSE53987	CTL	PFC_BA46	M	68.0	11.8	6.8	k33	control_pfc_6	GSE53987	CTL	STR	M	68.0	11.8	6.8	k33	control_str_6	True	True	match	M	M	True	True	True
GSE53987__HG-U133_Plus_2|PFC_BA46	GSM1304953	GSE53987__HG-U133_Plus_2|STR	GSM1305011	0.6550358162943389	8.48568762428058	6.45873546712617	6.45873546712617	0.1554053632557241	Pittsburgh	Pittsburgh	GSE53987	CTL	PFC_BA46	F	58.0	18.8	6.6	k34	control_pfc_7	GSE53987	CTL	STR	F	58.0	18.8	6.6	k34	control_str_7	True	True	match	M	M	True	True	True
GSE53987__HG-U133_Plus_2|PFC_BA46	GSM1304954	GSE53987__HG-U133_Plus_2|STR	GSM1305012	0.49671518901721307	6.065670913539282	6.332494956991516	6.065670913539282	0.28289265894482424	Pittsburgh	Pittsburgh	GSE53987	CTL	PFC_BA46	M	43.0	22.3	6.7	k35	control_pfc_8	GSE53987	CTL	STR	M	43.0	22.3	6.7	k35	control_str_8	True	True	match	M	M	True	True	True
GSE53987__HG-U133_Plus_2|PFC_BA46	GSM1304955	GSE53987__HG-U133_Plus_2|STR	GSM1305013	0.5616764000471144	6.655746809495612	6.309450297895701	6.309450297895701	0.16570947384419987	Pittsburgh	Pittsburgh	GSE53987	CTL	PFC_BA46	M	46.0	22.0	6.3	k69	control_pfc_9	GSE53987	CTL	STR	M	46.0	22.0	6.3	k69	control_str_9	True	True	match	M	M	True	True	True
GSE53987__HG-U133_Plus_2|PFC_BA46	GSM1304956	GSE53987__HG-U133_Plus_2|STR	GSM1305031	0.5676220519073113	6.185503612858539	5.312071753657585	5.312071753657585	0.1908975922939821	Pittsburgh	Pittsburgh	GSE53987	MDD	PFC_BA46	M	51.0	24.6	6.5	k36	MDD_pfc_10	GSE53987	MDD	STR	M	51.0	24.6	6.5	k36	MDD_str_10	True	True	match	M	M	True	True	True
GSE53987__HG-U133_Plus_2|PFC_BA46	GSM1304957	GSE53987__HG-U133_Plus_2|STR	GSM1305032	0.5789508627269977	7.4255595911091925	7.72755910378019	7.4255595911091925	0.16020343888752675	Pittsburgh	Pittsburgh	GSE53987	MDD	PFC_BA46	F	53.0	11.9	6.7	k37	MDD_pfc_11	GSE53987	MDD	STR	F	53.0	11.9	6.7	k37	MDD_str_11	True	True	match	F	F	True	True	True
GSE53987__HG-U133_Plus_2|PFC_BA46	GSM1304958	GSE53987__HG-U133_Plus_2|STR	GSM1305033	0.5866047986174555	6.638978839321304	7.258118498738691	6.638978839321304	0.18623876672736656	Pittsburgh	Pittsburgh	GSE53987	MDD	PFC_BA46	F	26.0	13.4	6.4	k38	MDD_pfc_12	GSE53987	MDD	STR	F	26.0	13.4	6.4	k38	MDD_str_12	True	True	match	F	F	True	True	True
GSE53987__HG-U133_Plus_2|PFC_BA46	GSM1304959	GSE53987__HG-U133_Plus_2|STR	GSM1305034	0.5640096444147434	6.896779693328735	6.482692017461688	6.482692017461688	0.16942441002508793	Pittsburgh	Pittsburgh	GSE53987	MDD	PFC_BA46	F	52.0	10.3	6.5	k39	MDD_pfc_13	GSE53987	MDD	STR	F	52.0	10.3	6.5	k39	MDD_str_13	True	True	match	F	F	True	True	True
GSE53987__HG-U133_Plus_2|PFC_BA46	GSM1304960	GSE53987__HG-U133_Plus_2|STR	GSM1305035	0.6128722497710766	9.658570422652444	6.712744865798625	6.712744865798625	0.13204349145309874	Pittsburgh	Pittsburgh	GSE53987	MDD	PFC_BA46	M	62.0	26.0	6.5	k40	MDD_pfc_14	GSE53987	MDD	STR	M	62.0	26.0	6.5	k40	MDD_str_14	True	True	match	M	M	True	True	True
GSE53987__HG-U133_Plus_2|PFC_BA46	GSM1304962	GSE53987__HG-U133_Plus_2|STR	GSM1305037	0.46450895235083156	5.397022016954122	5.719058782734007	5.397022016954122	0.2030421174337049	Pittsburgh	Pittsburgh	GSE53987	MDD	PFC_BA46	F	49.0	23.4	6.4	k42	MDD_pfc_16	GSE53987	MDD	STR	F	49.0	23.4	6.4	k42	MDD_str_16	True	True	match	F	F	True	True	True
GSE53987__HG-U133_Plus_2|PFC_BA46	GSM1304963	GSE53987__HG-U133_Plus_2|STR	GSM1305038	0.6283423935768135	7.29198866657834	7.372433950276756	7.29198866657834	0.23664137717274117	Pittsburgh	Pittsburgh	GSE53987	MDD	PFC_BA46	F	54.0	17.9	6.2	k43	MDD_pfc_17	GSE53987	MDD	STR	F	54.0	17.9	6.2	k43	MDD_str_17	True	True	match	F	F	True	True	True
GSE53987__HG-U133_Plus_2|PFC_BA46	GSM1304965	GSE53987__HG-U133_Plus_2|STR	GSM1305023	0.6177182698005707	7.442628689310282	6.979673277711789	6.979673277711789	0.2047677816432689	Pittsburgh	Pittsburgh	GSE53987	MDD	PFC_BA46	M	42.0	14.3	6.4	k45	MDD_pfc_1	GSE53987	MDD	STR	M	42.0	14.3	6.4	k45	MDD_str_1	True	True	match	M	M	True	True	True
GSE53987__HG-U133_Plus_2|PFC_BA46	GSM1304967	GSE53987__HG-U133_Plus_2|STR	GSM1305025	0.6516897338806013	6.850531755534013	8.238566606163314	6.850531755534013	0.2267407754352948	Pittsburgh	Pittsburgh	GSE53987	MDD	PFC_BA46	M	47.0	24.0	6.6	k48	MDD_pfc_4	GSE53987	MDD	STR	M	47.0	24.0	6.6	k48	MDD_str_4	True	True	match	M	M	True	True	True
GSE53987__HG-U133_Plus_2|PFC_BA46	GSM1304968	GSE53987__HG-U133_Plus_2|STR	GSM1305026	0.5698457866723243	6.4029423050690815	7.263223292934151	6.4029423050690815	0.20080442963671402	Pittsburgh	Pittsburgh	GSE53987	MDD	PFC_BA46	M	44.0	11.0	6.5	k70	MDD_pfc_5	GSE53987	MDD	STR	M	44.0	11.0	6.5	k70	MDD_str_5	True	True	match	M	M	True	True	True
GSE53987__HG-U133_Plus_2|PFC_BA46	GSM1304969	GSE53987__HG-U133_Plus_2|STR	GSM1305027	0.7031343205041718	9.590432285509886	8.932618816560531	8.932618816560531	0.19507895544450243	Pittsburgh	Pittsburgh	GSE53987	MDD	PFC_BA46	M	59.0	13.0	6.6	k49	MDD_pfc_6	GSE53987	MDD	STR	M	59.0	13.0	6.6	k49	MDD_str_6	True	True	match	M	M	True	True	True
GSE53987__HG-U133_Plus_2|PFC_BA46	GSM1304970	GSE53987__HG-U133_Plus_2|STR	GSM1305028	0.5046246942263259	6.723565762446525	6.577814348968034	6.577814348968034	0.16378376253907495	Pittsburgh	Pittsburgh	GSE53987	MDD	PFC_BA46	F	47.0	22.3	6.6	k50	MDD_pfc_7	GSE53987	MDD	STR	F	47.0	22.3	6.6	k50	MDD_str_7	True	True	match	F	F	True	True	True
GSE53987__HG-U133_Plus_2|PFC_BA46	GSM1304971	GSE53987__HG-U133_Plus_2|STR	GSM1305029	0.5720278633214896	7.309941124042487	8.29344516376915	7.309941124042487	0.21268488515947973	Pittsburgh	Pittsburgh	GSE53987	MDD	PFC_BA46	M	34.0	24.4	6.6	k51	MDD_pfc_8	GSE53987	MDD	STR	M	34.0	24.4	6.6	k51	MDD_str_8	True	True	match	M	M	True	True	True
GSE53987__HG-U133_Plus_2|PFC_BA46	GSM1304972	GSE53987__HG-U133_Plus_2|STR	GSM1305030	0.6487614290783308	5.800630989488273	7.435009532931122	5.800630989488273	0.26949787199513264	Pittsburgh	Pittsburgh	GSE53987	MDD	PFC_BA46	M	51.0	28.3	7.3	k52	MDD_pfc_9	GSE53987	MDD	STR	M	51.0	28.3	7.3	k52	MDD_str_9	True	True	match	M	M	True	True	True
GSE53987__HG-U133_Plus_2|PFC_BA46	GSM1304973	GSE53987__HG-U133_Plus_2|STR	GSM1305048	0.5767745916950179	7.431852887075263	6.857791028590279	6.857791028590279	0.16072539262728916	Pittsburgh	Pittsburgh	GSE53987	SCZ	PFC_BA46	M	49.0	21.5	5.97	k53	schiz_pfc_10	GSE53987	SCZ	STR	M	49.0	21.5	5.97	k53	schiz_str_10	True	True	match	M	M	True	True	True
GSE53987__HG-U133_Plus_2|PFC_BA46	GSM1304974	GSE53987__HG-U133_Plus_2|STR	GSM1305049	0.6375800871371701	7.685447207530777	8.412172204728492	7.685447207530777	0.2010137918865306	Pittsburgh	Pittsburgh	GSE53987	SCZ	PFC_BA46	F	47.0	14.37	6.35	k54	schiz_pfc_11	GSE53987	SCZ	STR	F	47.0	14.37	6.35	k54	schiz_str_11	True	True	match	F	F	True	True	True
GSE53987__HG-U133_Plus_2|PFC_BA46	GSM1304975	GSE53987__HG-U133_Plus_2|STR	GSM1305050	0.49493336527111903	5.370002821788157	5.229938336201515	5.229938336201515	0.1452527744169223	Pittsburgh	Pittsburgh	GSE53987	SCZ	PFC_BA46	F	25.0	20.1	6.73	k55	schiz_pfc_12	GSE53987	SCZ	STR	F	25.0	20.1	6.73	k55	schiz_str_12	True	True	match	F	F	True	True	True
GSE53987__HG-U133_Plus_2|PFC_BA46	GSM1304976	GSE53987__HG-U133_Plus_2|STR	GSM1305051	0.6385670030826301	10.808589898898418	7.1183485941177835	7.1183485941177835	0.12176690991691724	Pittsburgh	Pittsburgh	GSE53987	SCZ	PFC_BA46	F	41.0	17.1	6.9	k71	schiz_pfc_13	GSE53987	SCZ	STR	F	41.0	17.1	6.9	k71	schiz_str_13	True	True	match	F	F	True	True	True
GSE53987__HG-U133_Plus_2|PFC_BA46	GSM1304977	GSE53987__HG-U133_Plus_2|STR	GSM1305052	0.5264577700742008	6.397504296353139	6.578723396527671	6.397504296353139	0.16732978049430489	Pittsburgh	Pittsburgh	GSE53987	SCZ	PFC_BA46	M	62.0	22.7	7.14	k56	schiz_pfc_14	GSE53987	SCZ	STR	M	62.0	22.7	7.14	k56	schiz_str_14	True	True	match	M	M	True	True	True
GSE53987__HG-U133_Plus_2|PFC_BA46	GSM1304978	GSE53987__HG-U133_Plus_2|STR	GSM1305054	0.7276264422436001	6.873281749008278	8.553465212080457	6.873281749008278	0.23790525891398653	Pittsburgh	Pittsburgh	GSE53987	SCZ	PFC_BA46	F	47.0	20.1	7.3	k72	schiz_pfc_16	GSE53987	SCZ	STR	F	47.0	20.1	7.3	k72	schiz_str_16	True	True	match	F	F	True	True	True
GSE53987__HG-U133_Plus_2|PFC_BA46	GSM1304979	GSE53987__HG-U133_Plus_2|STR	GSM1305056	0.3447312190016737	3.1962968834880763	3.653923692393955	3.1962968834880763	0.2222832446473107	Pittsburgh	Pittsburgh	GSE53987	SCZ	PFC_BA46	F	44.0	24.5	6.63	k57	schiz_pfc_18	GSE53987	SCZ	STR	F	44.0	24.5	6.63	k57	schiz_str_18	True	True	none	F	F	True	False	True
GSE53987__HG-U133_Plus_2|PFC_BA46	GSM1304981	GSE53987__HG-U133_Plus_2|STR	GSM1305039	0.5641848538667144	6.210497163270156	5.739716868174822	5.739716868174822	0.2707270052733214	Pittsburgh	Pittsburgh	GSE53987	SCZ	PFC_BA46	M	50.0	11.0	6.23	k59	schiz_pfc_1	GSE53987	SCZ	STR	M	50.0	11.0	6.23	k59	schiz_str_1	True	True	match	M	M	True	True	True
GSE53987__HG-U133_Plus_2|PFC_BA46	GSM1304982	GSE53987__HG-U133_Plus_2|STR	GSM1305041	0.6954894477197332	7.089477534993626	8.886525042552346	7.089477534993626	0.24799477089247518	Pittsburgh	Pittsburgh	GSE53987	SCZ	PFC_BA46	F	41.0	20.1	6.27	k61	schiz_pfc_3	GSE53987	SCZ	STR	F	41.0	20.1	6.27	k61	schiz_str_3	True	True	match	F	F	True	True	True
GSE53987__HG-U133_Plus_2|PFC_BA46	GSM1304983	GSE53987__HG-U133_Plus_2|STR	GSM1305042	0.6128632603606643	6.470334217502952	6.564544606266105	6.470334217502952	0.24058674620044254	Pittsburgh	Pittsburgh	GSE53987	SCZ	PFC_BA46	M	47.0	28.9	6.58	k62	schiz_pfc_4	GSE53987	SCZ	STR	M	47.0	28.9	6.58	k62	schiz_str_4	True	True	match	M	M	True	True	True
GSE53987__HG-U133_Plus_2|PFC_BA46	GSM1304984	GSE53987__HG-U133_Plus_2|STR	GSM1305043	0.6441677309421886	6.778205737703859	7.088690731381027	6.778205737703859	0.19670433982398025	Pittsburgh	Pittsburgh	GSE53987	SCZ	PFC_BA46	M	37.0	5.98	6.07	k63	schiz_pfc_5	GSE53987	SCZ	STR	M	37.0	5.98	6.07	k63	schiz_str_5	True	True	match	M	M	True	True	True
GSE53987__HG-U133_Plus_2|PFC_BA46	GSM1304985	GSE53987__HG-U133_Plus_2|STR	GSM1305044	0.67006098936635	7.257981997272906	6.532925976197109	6.532925976197109	0.20634384619704293	Pittsburgh	Pittsburgh	GSE53987	SCZ	PFC_BA46	M	58.0	7.7	6.22	k64	schiz_pfc_6	GSE53987	SCZ	STR	M	58.0	7.7	6.22	k64	schiz_str_6	True	True	match	M	M	True	True	True
GSE53987__HG-U133_Plus_2|PFC_BA46	GSM1304986	GSE53987__HG-U133_Plus_2|STR	GSM1305045	0.6319828850433242	7.504097551147889	7.1905350402056145	7.1905350402056145	0.23674774452778144	Pittsburgh	Pittsburgh	GSE53987	SCZ	PFC_BA46	F	44.0	18.7	6.2	k65	schiz_pfc_7	GSE53987	SCZ	STR	F	44.0	18.7	6.2	k65	schiz_str_7	True	True	match	F	F	True	True	True
GSE53987__HG-U133_Plus_2|PFC_BA46	GSM1304987	GSE53987__HG-U133_Plus_2|STR	GSM1305047	0.6900970084446257	8.571792855667804	10.617675683800696	8.571792855667804	0.1330884445534483	Pittsburgh	Pittsburgh	GSE53987	SCZ	PFC_BA46	M	52.0	27.1	6.68	k67	schiz_pfc_9	GSE53987	SCZ	STR	M	52.0	27.1	6.68	k67	schiz_str_9	True	True	match	M	M	True	True	True
GSE53987__HG-U133_Plus_2|PFC_BA46	GSM1304921	GSE54567__HG-U133_Plus_2|PFC_BA9	GSM1319074	0.15913420555409183	2.164285750633579	2.3160417709503243	2.164285750633579	0.11312773386989891	Pittsburgh	Pittsburgh	GSE53987	BD	PFC_BA46	F	50.0	11.7	6.4	k1	bipolar_pfc_11	GSE54567	MDD	PFC_BA9	M				Mpair26_MDD	MDD matched sample pair brain dorsolateral prefrontal cortex BA9_M #26	False	False	none	F	M	False	False	False
GSE53987__HG-U133_Plus_2|PFC_BA46	GSM1304922	GSE54567__HG-U133_Plus_2|PFC_BA9	GSM1319052	0.18286392540112514	2.245947517673483	2.6573289336696164	2.245947517673483	0.14031898567729473	Pittsburgh	Pittsburgh	GSE53987	BD	PFC_BA46	F	28.0	22.3	6.3	k2	bipolar_pfc_12	GSE54567	CTL	PFC_BA9	M				Mpair4_CTL	Control matched sample pair brain dorsolateral prefrontal cortex BA9_M #4	False	False	none	F	M	False	False	False
GSE53987__HG-U133_Plus_2|PFC_BA46	GSM1304941	GSE54567__HG-U133_Plus_2|PFC_BA9	GSM1319067	0.29450696313848607	2.3585140672133225	2.5634299909024176	2.3585140672133225	0.21006909494106796	Pittsburgh	Pittsburgh	GSE53987	CTL	PFC_BA46	M	55.0	28.0	6.1	k22	control_pfc_14	GSE54567	MDD	PFC_BA9	M				Mpair7_MDD	MDD matched sample pair brain dorsolateral prefrontal cortex BA9_M #7	False	False	none	M	M	True	False	False
GSE53987__HG-U133_Plus_2|PFC_BA46	GSM1304942	GSE54567__HG-U133_Plus_2|PFC_BA9	GSM1319051	0.4321969993244134	4.12211809706132	4.881627003107978	4.12211809706132	0.15674455319528627	Pittsburgh	Pittsburgh	GSE53987	CTL	PFC_BA46	M	22.0	20.1	6.8	k23	control_pfc_15	GSE54567	CTL	PFC_BA9	M				Mpair2_CTL	Control matched sample pair brain dorsolateral prefrontal cortex BA9_M #2	False	True	probable	M	M	True	True	True
GSE53987__HG-U133_Plus_2|PFC_BA46	GSM1304945	GSE54567__HG-U133_Plus_2|PFC_BA9	GSM1319077	0.217564580055744	2.6938705947829074	3.2307140341316503	2.6938705947829074	0.13187594215126405	Pittsburgh	Pittsburgh	GSE53987	CTL	PFC_BA46	F	40.0	16.6	6.8	k26	control_pfc_18	GSE54567	MDD	PFC_BA9	M				Mpair30_MDD	MDD matched sample pair brain dorsolateral prefrontal cortex BA9_M #30	False	False	none	F	M	False	False	False
GSE53987__HG-U133_Plus_2|PFC_BA46	GSM1304949	GSE54567__HG-U133_Plus_2|PFC_BA9	GSM1319065	0.23330265345995313	2.4404855791458204	2.5151842558230064	2.4404855791458204	0.142759889372751	Pittsburgh	Pittsburgh	GSE53987	CTL	PFC_BA46	F	39.0	24.5	6.8	k30	control_pfc_3	GSE54567	MDD	PFC_BA9	M				Mpair2_MDD	MDD matched sample pair brain dorsolateral prefrontal cortex BA9_M #2	False	False	none	F	M	False	False	False
GSE53987__HG-U133_Plus_2|PFC_BA46	GSM1304952	GSE54567__HG-U133_Plus_2|PFC_BA9	GSM1319056	0.38957271490899764	3.5183049442664833	5.669613580950671	3.5183049442664833	0.21163182020068533	Pittsburgh	Pittsburgh	GSE53987	CTL	PFC_BA46	M	68.0	11.8	6.8	k33	control_pfc_6	GSE54567	CTL	PFC_BA9	M				Mpair18_CTL	Control matched sample pair brain dorsolateral prefrontal cortex BA9_M #18	False	True	none	M	M	True	False	True
GSE53987__HG-U133_Plus_2|PFC_BA46	GSM1304955	GSE54567__HG-U133_Plus_2|PFC_BA9	GSM1319058	0.5205641764791314	5.191533767667029	7.112293229107111	5.191533767667029	0.19278981078118648	Pittsburgh	Pittsburgh	GSE53987	CTL	PFC_BA46	M	46.0	22.0	6.3	k69	control_pfc_9	GSE54567	CTL	PFC_BA9	M				Mpair22_CTL	Control matched sample pair brain dorsolateral prefrontal cortex BA9_M #22	False	True	probable	M	M	True	True	True
GSE53987__HG-U133_Plus_2|PFC_BA46	GSM1304956	GSE54567__HG-U133_Plus_2|PFC_BA9	GSM1319073	0.41772860788250726	3.780535881300726	5.448831759098616	3.780535881300726	0.17520816554260946	Pittsburgh	Pittsburgh	GSE53987	MDD	PFC_BA46	M	51.0	24.6	6.5	k36	MDD_pfc_10	GSE54567	MDD	PFC_BA9	M				Mpair25_MDD	MDD matched sample pair brain dorsolateral prefrontal cortex BA9_M #25	False	True	none	M	M	True	False	True
GSE53987__HG-U133_Plus_2|PFC_BA46	GSM1304957	GSE54567__HG-U133_Plus_2|PFC_BA9	GSM1319053	0.16823630898093667	2.6661959594468794	2.3985798945163754	2.3985798945163754	0.149760307291815	Pittsburgh	Pittsburgh	GSE53987	MDD	PFC_BA46	F	53.0	11.9	6.7	k37	MDD_pfc_11	GSE54567	CTL	PFC_BA9	M				Mpair7_CTL	Control matched sample pair brain dorsolateral prefrontal cortex BA9_M #7	False	False	none	F	M	False	False	False
GSE53987__HG-U133_Plus_2|PFC_BA46	GSM1304962	GSE54567__HG-U133_Plus_2|PFC_BA9	GSM1319060	0.26127249172893385	3.631095844753964	3.2670965861342913	3.2670965861342913	0.11902198825419474	Pittsburgh	Pittsburgh	GSE53987	MDD	PFC_BA46	F	49.0	23.4	6.4	k42	MDD_pfc_16	GSE54567	CTL	PFC_BA9	M				Mpair26_CTL	Control matched sample pair brain dorsolateral prefrontal cortex BA9_M #26	False	False	none	F	M	False	False	False
GSE53987__HG-U133_Plus_2|PFC_BA46	GSM1304965	GSE54567__HG-U133_Plus_2|PFC_BA9	GSM1319076	0.6108390950416991	5.861604464547165	6.373047010204185	5.861604464547165	0.16658778234710456	Pittsburgh	Pittsburgh	GSE53987	MDD	PFC_BA46	M	42.0	14.3	6.4	k45	MDD_pfc_1	GSE54567	MDD	PFC_BA9	M				Mpair29_MDD	MDD matched sample pair brain dorsolateral prefrontal cortex BA9_M #29	False	True	match	M	M	True	True	True
GSE53987__HG-U133_Plus_2|PFC_BA46	GSM1304966	GSE54567__HG-U133_Plus_2|PFC_BA9	GSM1319057	0.1732889622371863	2.166681842952759	2.1516223447098004	2.1516223447098004	0.15357087460109992	Pittsburgh	Pittsburgh	GSE53987	MDD	PFC_BA46	F	40.0	22.2	6.6	k47	MDD_pfc_3	GSE54567	CTL	PFC_BA9	M				Mpair20_CTL	Control matched sample pair brain dorsolateral prefrontal cortex BA9_M #20	False	False	none	F	M	False	False	False
GSE53987__HG-U133_Plus_2|PFC_BA46	GSM1304967	GSE54567__HG-U133_Plus_2|PFC_BA9	GSM1319075	0.1740682190389971	1.986346478837174	2.398510855718235	1.986346478837174	0.1459524615297598	Pittsburgh	Pittsburgh	GSE53987	MDD	PFC_BA46	M	47.0	24.0	6.6	k48	MDD_pfc_4	GSE54567	MDD	PFC_BA9	M				Mpair27_MDD	MDD matched sample pair brain dorsolateral prefrontal cortex BA9_M #27	False	True	none	M	M	True	False	False
GSE53987__HG-U133_Plus_2|PFC_BA46	GSM1304972	GSE54567__HG-U133_Plus_2|PFC_BA9	GSM1319055	0.2382044983281038	3.13426617730571	2.905516029064086	2.905516029064086	0.18441912023911428	Pittsburgh	Pittsburgh	GSE53987	MDD	PFC_BA46	M	51.0	28.3	7.3	k52	MDD_pfc_9	GSE54567	CTL	PFC_BA9	M				Mpair15_CTL	Control matched sample pair brain dorsolateral prefrontal cortex BA9_M #15	False	False	none	M	M	True	False	False
GSE53987__HG-U133_Plus_2|PFC_BA46	GSM1304979	GSE54567__HG-U133_Plus_2|PFC_BA9	GSM1319059	0.18643808026357922	2.1627171454532497	2.2150277307028823	2.1627171454532497	0.13204581725554118	Pittsburgh	Pittsburgh	GSE53987	SCZ	PFC_BA46	F	44.0	24.5	6.63	k57	schiz_pfc_18	GSE54567	CTL	PFC_BA9	M				Mpair25_CTL	Control matched sample pair brain dorsolateral prefrontal cortex BA9_M #25	False	False	none	F	M	False	False	False
GSE53987__HG-U133_Plus_2|PFC_BA46	GSM1304981	GSE54567__HG-U133_Plus_2|PFC_BA9	GSM1319066	0.17004940861798426	2.2880224299381817	2.394426632087854	2.2880224299381817	0.14059658856084542	Pittsburgh	Pittsburgh	GSE53987	SCZ	PFC_BA46	M	50.0	11.0	6.23	k59	schiz_pfc_1	GSE54567	MDD	PFC_BA9	M				Mpair4_MDD	MDD matched sample pair brain dorsolateral prefrontal cortex BA9_M #4	False	False	none	M	M	True	False	False
GSE53987__HG-U133_Plus_2|PFC_BA46	GSM1304987	GSE54567__HG-U133_Plus_2|PFC_BA9	GSM1319069	0.22097532564887992	3.16383191071392	2.5175760372543685	2.5175760372543685	0.15744658348810575	Pittsburgh	Pittsburgh	GSE53987	SCZ	PFC_BA46	M	52.0	27.1	6.68	k67	schiz_pfc_9	GSE54567	MDD	PFC_BA9	M				Mpair15_MDD	MDD matched sample pair brain dorsolateral prefrontal cortex BA9_M #15	False	False	none	M	M	True	False	False
GSE53987__HG-U133_Plus_2|PFC_BA46	GSM1304920	GSE54568__HG-U133_Plus_2|PFC_BA9	GSM1319104	0.14180342636890578	2.046542461245664	1.9466631640565175	1.9466631640565175	0.13738546325480416	Pittsburgh	Pittsburgh	GSE53987	BD	PFC_BA46	M	52.0	23.5	6.7	k0	bipolar_pfc_10	GSE54568	MDD	PFC_BA9	F				Fpair19_MDD	MDD matched sample pair brain dorsolateral prefrontal cortex BA9_F #19	False	False	none	M	F	False	False	False
GSE53987__HG-U133_Plus_2|PFC_BA46	GSM1304921	GSE54568__HG-U133_Plus_2|PFC_BA9	GSM1319086	0.1406709283547264	2.0081982273235277	1.9079870037935172	1.9079870037935172	0.13643893458099823	Pittsburgh	Pittsburgh	GSE53987	BD	PFC_BA46	F	50.0	11.7	6.4	k1	bipolar_pfc_11	GSE54568	CTL	PFC_BA9	F				Fpair14_CTL	Control matched sample pair brain dorsolateral prefrontal cortex BA9_F #14	False	False	none	F	F	True	False	False
GSE53987__HG-U133_Plus_2|PFC_BA46	GSM1304924	GSE54568__HG-U133_Plus_2|PFC_BA9	GSM1319107	0.1750874265777156	2.289826847952084	2.0869157763706023	2.0869157763706023	0.16768676599001145	Pittsburgh	Pittsburgh	GSE53987	BD	PFC_BA46	M	58.0	27.7	6.8	k4	bipolar_pfc_14	GSE54568	MDD	PFC_BA9	F				Fpair28_MDD	MDD matched sample pair brain dorsolateral prefrontal cortex BA9_F #28	False	False	none	M	F	False	False	False
GSE53987__HG-U133_Plus_2|PFC_BA46	GSM1304938	GSE54568__HG-U133_Plus_2|PFC_BA9	GSM1319084	0.622972292519518	5.444871387778634	7.625071935065705	5.444871387778634	0.21083965700204416	Pittsburgh	Pittsburgh	GSE53987	CTL	PFC_BA46	F	51.0	7.8	6.6	k19	control_pfc_11	GSE54568	CTL	PFC_BA9	F				Fpair12_CTL	Control matched sample pair brain dorsolateral prefrontal cortex BA9_F #12	False	True	match	F	F	True	True	True
GSE53987__HG-U133_Plus_2|PFC_BA46	GSM1304939	GSE54568__HG-U133_Plus_2|PFC_BA9	GSM1319092	0.5145380303152489	5.981504442759597	5.640219272673871	5.640219272673871	0.15340166821033793	Pittsburgh	Pittsburgh	GSE53987	CTL	PFC_BA46	F	36.0	14.5	6.4	k20	control_pfc_12	GSE54568	CTL	PFC_BA9	F				Fpair28_CTL	Control matched sample pair brain dorsolateral prefrontal cortex BA9_F #28	False	True	match	F	F	True	True	True
GSE53987__HG-U133_Plus_2|PFC_BA46	GSM1304940	GSE54568__HG-U133_Plus_2|PFC_BA9	GSM1319091	0.6609269206902993	5.790751197236795	6.21827967223733	5.790751197236795	0.16985349419862456	Pittsburgh	Pittsburgh	GSE53987	CTL	PFC_BA46	F	65.0	18.5	6.5	k21	control_pfc_13	GSE54568	CTL	PFC_BA9	F				Fpair24_CTL	Control matched sample pair brain dorsolateral prefrontal cortex BA9_F #24	False	True	match	F	F	True	True	True
GSE53987__HG-U133_Plus_2|PFC_BA46	GSM1304941	GSE54568__HG-U133_Plus_2|PFC_BA9	GSM1319078	0.25711068076535915	2.3846244005628607	2.6168230690330447	2.3846244005628607	0.1892094301682621	Pittsburgh	Pittsburgh	GSE53987	CTL	PFC_BA46	M	55.0	28.0	6.1	k22	control_pfc_14	GSE54568	CTL	PFC_BA9	F				Fpair3_CTL	Control matched sample pair brain dorsolateral prefrontal cortex BA9_F #3	False	True	none	M	F	False	False	False
GSE53987__HG-U133_Plus_2|PFC_BA46	GSM1304943	GSE54568__HG-U133_Plus_2|PFC_BA9	GSM1319085	0.40402914323237643	4.355425648758038	4.753241773838017	4.355425648758038	0.15926857973749303	Pittsburgh	Pittsburgh	GSE53987	CTL	PFC_BA46	F	52.0	22.6	7.1	k24	control_pfc_16	GSE54568	CTL	PFC_BA9	F				Fpair13_CTL	Control matched sample pair brain dorsolateral prefrontal cortex BA9_F #13	False	True	probable	F	F	True	True	True
GSE53987__HG-U133_Plus_2|PFC_BA46	GSM1304944	GSE54568__HG-U133_Plus_2|PFC_BA9	GSM1319081	0.6825200691992813	7.667066765542105	10.048994415995384	7.667066765542105	0.16638760900418356	Pittsburgh	Pittsburgh	GSE53987	CTL	PFC_BA46	F	58.0	22.7	6.4	k25	control_pfc_17	GSE54568	CTL	PFC_BA9	F				Fpair8_CTL	Control matched sample pair brain dorsolateral prefrontal cortex BA9_F #8	False	True	match	F	F	True	True	True
GSE53987__HG-U133_Plus_2|PFC_BA46	GSM1304945	GSE54568__HG-U133_Plus_2|PFC_BA9	GSM1319089	0.6337494458225073	6.428353147247659	8.07422965805985	6.428353147247659	0.17523427069455536	Pittsburgh	Pittsburgh	GSE53987	CTL	PFC_BA46	F	40.0	16.6	6.8	k26	control_pfc_18	GSE54568	CTL	PFC_BA9	F				Fpair19_CTL	Control matched sample pair brain dorsolateral prefrontal cortex BA9_F #19	False	True	match	F	F	True	True	True
GSE53987__HG-U133_Plus_2|PFC_BA46	GSM1304949	GSE54568__HG-U133_Plus_2|PFC_BA9	GSM1319082	0.7024014881802964	6.176089716975171	6.762284998920602	6.176089716975171	0.22551741487939791	Pittsburgh	Pittsburgh	GSE53987	CTL	PFC_BA46	F	39.0	24.5	6.8	k30	control_pfc_3	GSE54568	CTL	PFC_BA9	F				Fpair9_CTL	Control matched sample pair brain dorsolateral prefrontal cortex BA9_F #9	False	True	match	F	F	True	True	True
GSE53987__HG-U133_Plus_2|PFC_BA46	GSM1304953	GSE54568__HG-U133_Plus_2|PFC_BA9	GSM1319105	0.1914667773424324	2.055634736632272	2.912111322331516	2.055634736632272	0.1629172319452173	Pittsburgh	Pittsburgh	GSE53987	CTL	PFC_BA46	F	58.0	18.8	6.6	k34	control_pfc_7	GSE54568	MDD	PFC_BA9	F				Fpair21_MDD	MDD matched sample pair brain dorsolateral prefrontal cortex BA9_F #21	False	False	none	M	F	False	False	False
GSE53987__HG-U133_Plus_2|PFC_BA46	GSM1304957	GSE54568__HG-U133_Plus_2|PFC_BA9	GSM1319098	0.5508856771098577	5.426993700481834	6.58964863528248	5.426993700481834	0.15235133529500886	Pittsburgh	Pittsburgh	GSE53987	MDD	PFC_BA46	F	53.0	11.9	6.7	k37	MDD_pfc_11	GSE54568	MDD	PFC_BA9	F				Fpair10_MDD	MDD matched sample pair brain dorsolateral prefrontal cortex BA9_F #10	False	True	match	F	F	True	True	True
GSE53987__HG-U133_Plus_2|PFC_BA46	GSM1304958	GSE54568__HG-U133_Plus_2|PFC_BA9	GSM1319101	0.35630024672388294	3.4857697051382477	3.966297345290119	3.4857697051382477	0.16567199145344771	Pittsburgh	Pittsburgh	GSE53987	MDD	PFC_BA46	F	26.0	13.4	6.4	k38	MDD_pfc_12	GSE54568	MDD	PFC_BA9	F				Fpair14_MDD	MDD matched sample pair brain dorsolateral prefrontal cortex BA9_F #14	False	True	none	F	F	True	False	True
GSE53987__HG-U133_Plus_2|PFC_BA46	GSM1304959	GSE54568__HG-U133_Plus_2|PFC_BA9	GSM1319099	0.48765637136919304	4.6614359479843435	5.791583152412392	4.6614359479843435	0.16515192213920346	Pittsburgh	Pittsburgh	GSE53987	MDD	PFC_BA46	F	52.0	10.3	6.5	k39	MDD_pfc_13	GSE54568	MDD	PFC_BA9	F				Fpair12_MDD	MDD matched sample pair brain dorsolateral prefrontal cortex BA9_F #12	False	True	probable	F	F	True	True	True
GSE53987__HG-U133_Plus_2|PFC_BA46	GSM1304962	GSE54568__HG-U133_Plus_2|PFC_BA9	GSM1319100	0.5429448916980567	5.163316337588429	6.667670731645627	5.163316337588429	0.20574430703046942	Pittsburgh	Pittsburgh	GSE53987	MDD	PFC_BA46	F	49.0	23.4	6.4	k42	MDD_pfc_16	GSE54568	MDD	PFC_BA9	F				Fpair13_MDD	MDD matched sample pair brain dorsolateral prefrontal cortex BA9_F #13	False	True	probable	F	F	True	True	True
GSE53987__HG-U133_Plus_2|PFC_BA46	GSM1304963	GSE54568__HG-U133_Plus_2|PFC_BA9	GSM1319096	0.4428075897072452	4.312014905928969	5.269648711956624	4.312014905928969	0.2964734422084907	Pittsburgh	Pittsburgh	GSE53987	MDD	PFC_BA46	F	54.0	17.9	6.2	k43	MDD_pfc_17	GSE54568	MDD	PFC_BA9	F				Fpair8_MDD	MDD matched sample pair brain dorsolateral prefrontal cortex BA9_F #8	False	True	probable	F	F	True	True	True
GSE53987__HG-U133_Plus_2|PFC_BA46	GSM1304964	GSE54568__HG-U133_Plus_2|PFC_BA9	GSM1319103	0.5050650552755619	4.7767249952916755	5.537493959940291	4.7767249952916755	0.1526772793129387	Pittsburgh	Pittsburgh	GSE53987	MDD	PFC_BA46	F	28.0	24.8	6.6	k44	MDD_pfc_19	GSE54568	MDD	PFC_BA9	F				Fpair17_MDD	MDD matched sample pair brain dorsolateral prefrontal cortex BA9_F #17	False	True	probable	F	F	True	True	True
GSE53987__HG-U133_Plus_2|PFC_BA46	GSM1304966	GSE54568__HG-U133_Plus_2|PFC_BA9	GSM1319097	0.37832248826858694	4.369216044095122	4.853616412842829	4.369216044095122	0.13727763605610194	Pittsburgh	Pittsburgh	GSE53987	MDD	PFC_BA46	F	40.0	22.2	6.6	k47	MDD_pfc_3	GSE54568	MDD	PFC_BA9	F				Fpair9_MDD	MDD matched sample pair brain dorsolateral prefrontal cortex BA9_F #9	False	True	probable	F	F	True	True	True
GSE53987__HG-U133_Plus_2|PFC_BA46	GSM1304967	GSE54568__HG-U133_Plus_2|PFC_BA9	GSM1319106	0.2071313307959383	2.3953764779494264	2.468516330674644	2.3953764779494264	0.18122695049131998	Pittsburgh	Pittsburgh	GSE53987	MDD	PFC_BA46	M	47.0	24.0	6.6	k48	MDD_pfc_4	GSE54568	MDD	PFC_BA9	F				Fpair24_MDD	MDD matched sample pair brain dorsolateral prefrontal cortex BA9_F #24	False	True	none	M	F	False	False	False
GSE53987__HG-U133_Plus_2|PFC_BA46	GSM1304970	GSE54568__HG-U133_Plus_2|PFC_BA9	GSM1319102	0.7094656507778586	7.669524472090933	8.04297568709209	7.669524472090933	0.27873620162986973	Pittsburgh	Pittsburgh	GSE53987	MDD	PFC_BA46	F	47.0	22.3	6.6	k50	MDD_pfc_7	GSE54568	MDD	PFC_BA9	F				Fpair16_MDD	MDD matched sample pair brain dorsolateral prefrontal cortex BA9_F #16	False	True	match	F	F	True	True	True
GSE53987__HG-U133_Plus_2|PFC_BA46	GSM1304982	GSE54568__HG-U133_Plus_2|PFC_BA9	GSM1319090	0.1774449770708549	2.6800471661061134	2.538746194659148	2.538746194659148	0.15727290229978735	Pittsburgh	Pittsburgh	GSE53987	SCZ	PFC_BA46	F	41.0	20.1	6.27	k61	schiz_pfc_3	GSE54568	CTL	PFC_BA9	F				Fpair21_CTL	Control matched sample pair brain dorsolateral prefrontal cortex BA9_F #21	False	False	none	F	F	True	False	False
GSE53987__HG-U133_Plus_2|PFC_BA46	GSM1304983	GSE54568__HG-U133_Plus_2|PFC_BA9	GSM1319093	0.25640043524717665	2.9033972942463615	2.815580104576351	2.815580104576351	0.1779854498124551	Pittsburgh	Pittsburgh	GSE53987	SCZ	PFC_BA46	M	47.0	28.9	6.58	k62	schiz_pfc_4	GSE54568	MDD	PFC_BA9	F				Fpair3_MDD	MDD matched sample pair brain dorsolateral prefrontal cortex BA9_F #3	False	False	none	M	F	False	False	False
GSE53987__HG-U133_Plus_2|PFC_BA46	GSM1304986	GSE54568__HG-U133_Plus_2|PFC_BA9	GSM1319079	0.21243970679218327	2.877522147606768	2.4911219461069414	2.4911219461069414	0.14689076043153224	Pittsburgh	Pittsburgh	GSE53987	SCZ	PFC_BA46	F	44.0	18.7	6.2	k65	schiz_pfc_7	GSE54568	CTL	PFC_BA9	F				Fpair5_CTL	Control matched sample pair brain dorsolateral prefrontal cortex BA9_F #5	False	False	none	F	F	True	False	False
GSE53987__HG-U133_Plus_2|PFC_BA46	GSM1304926	GSE54571__HG-U133_Plus_2|ACC_BA25	GSM1319165	0.2637443044479709	2.62431453489107	2.8885715878469376	2.62431453489107	0.22203940545877895	Pittsburgh	Pittsburgh	GSE53987	BD	PFC_BA46	F	49.0	21.5	6.7	k6	bipolar_pfc_16	GSE54571	MDD	ACC_BA25	F				Fpair19_MDD	MDD matched sample pair brain anterior cingulate cortex BA25_F #19	False	False	none	F	F	True	False	False
GSE53987__HG-U133_Plus_2|PFC_BA46	GSM1304938	GSE54571__HG-U133_Plus_2|ACC_BA25	GSM1319147	0.4682003840521736	3.395050936448975	5.291615547406791	3.395050936448975	0.20343745275991973	Pittsburgh	Pittsburgh	GSE53987	CTL	PFC_BA46	F	51.0	7.8	6.6	k19	control_pfc_11	GSE54571	CTL	ACC_BA25	F				Fpair12_CTL	Control matched sample pair brain anterior cingulate cortex BA25_F #12	False	True	none	F	F	True	False	True
GSE53987__HG-U133_Plus_2|PFC_BA46	GSM1304940	GSE54571__HG-U133_Plus_2|ACC_BA25	GSM1319154	0.525274652273576	3.7774209649900796	5.298626300218193	3.7774209649900796	0.22143927067072905	Pittsburgh	Pittsburgh	GSE53987	CTL	PFC_BA46	F	65.0	18.5	6.5	k21	control_pfc_13	GSE54571	CTL	ACC_BA25	F				Fpair24_CTL	Control matched sample pair brain anterior cingulate cortex BA25_F #24	False	True	none	F	F	True	False	True
GSE53987__HG-U133_Plus_2|PFC_BA46	GSM1304943	GSE54571__HG-U133_Plus_2|ACC_BA25	GSM1319148	0.5744571926049036	6.42525604208591	6.659523376869821	6.42525604208591	0.1974544353845643	Pittsburgh	Pittsburgh	GSE53987	CTL	PFC_BA46	F	52.0	22.6	7.1	k24	control_pfc_16	GSE54571	CTL	ACC_BA25	F				Fpair13_CTL	Control matched sample pair brain anterior cingulate cortex BA25_F #13	False	True	match	F	F	True	True	True
GSE53987__HG-U133_Plus_2|PFC_BA46	GSM1304944	GSE54571__HG-U133_Plus_2|ACC_BA25	GSM1319144	0.5662991626504318	5.308223275169312	7.098414161812413	5.308223275169312	0.15318204631631205	Pittsburgh	Pittsburgh	GSE53987	CTL	PFC_BA46	F	58.0	22.7	6.4	k25	control_pfc_17	GSE54571	CTL	ACC_BA25	F				Fpair8_CTL	Control matched sample pair brain anterior cingulate cortex BA25_F #8	False	True	match	F	F	True	True	True
GSE53987__HG-U133_Plus_2|PFC_BA46	GSM1304945	GSE54571__HG-U133_Plus_2|ACC_BA25	GSM1319152	0.5858850642700686	4.215711730273519	6.9255287827201055	4.215711730273519	0.25154916793418103	Pittsburgh	Pittsburgh	GSE53987	CTL	PFC_BA46	F	40.0	16.6	6.8	k26	control_pfc_18	GSE54571	CTL	ACC_BA25	F				Fpair19_CTL	Control matched sample pair brain anterior cingulate cortex BA25_F #19	False	True	probable	F	F	True	True	True
GSE53987__HG-U133_Plus_2|PFC_BA46	GSM1304949	GSE54571__HG-U133_Plus_2|ACC_BA25	GSM1319145	0.5921250053613403	4.238886141545518	7.541147479539201	4.238886141545518	0.28165004713155883	Pittsburgh	Pittsburgh	GSE53987	CTL	PFC_BA46	F	39.0	24.5	6.8	k30	control_pfc_3	GSE54571	CTL	ACC_BA25	F				Fpair9_CTL	Control matched sample pair brain anterior cingulate cortex BA25_F #9	False	True	probable	F	F	True	True	True
GSE53987__HG-U133_Plus_2|PFC_BA46	GSM1304957	GSE54571__HG-U133_Plus_2|ACC_BA25	GSM1319159	0.4455204656810689	5.724515953910506	6.395163597443389	5.724515953910506	0.11754132211041048	Pittsburgh	Pittsburgh	GSE53987	MDD	PFC_BA46	F	53.0	11.9	6.7	k37	MDD_pfc_11	GSE54571	MDD	ACC_BA25	F				Fpair10_MDD	MDD matched sample pair brain anterior cingulate cortex BA25_F #10	False	True	match	F	F	True	True	True
GSE53987__HG-U133_Plus_2|PFC_BA46	GSM1304958	GSE54571__HG-U133_Plus_2|ACC_BA25	GSM1319162	0.4127281156804703	4.026161337086457	4.54730241494007	4.026161337086457	0.23510684802764217	Pittsburgh	Pittsburgh	GSE53987	MDD	PFC_BA46	F	26.0	13.4	6.4	k38	MDD_pfc_12	GSE54571	MDD	ACC_BA25	F				Fpair14_MDD	MDD matched sample pair brain anterior cingulate cortex BA25_F #14	False	True	probable	F	F	True	True	True
GSE53987__HG-U133_Plus_2|PFC_BA46	GSM1304959	GSE54571__HG-U133_Plus_2|ACC_BA25	GSM1319160	0.4573563727179759	4.556370490410215	5.217868543570976	4.556370490410215	0.17176967137339988	Pittsburgh	Pittsburgh	GSE53987	MDD	PFC_BA46	F	52.0	10.3	6.5	k39	MDD_pfc_13	GSE54571	MDD	ACC_BA25	F				Fpair12_MDD	MDD matched sample pair brain anterior cingulate cortex BA25_F #12	False	True	probable	F	F	True	True	True
GSE53987__HG-U133_Plus_2|PFC_BA46	GSM1304962	GSE54571__HG-U133_Plus_2|ACC_BA25	GSM1319161	0.2307367127553109	2.550746398289755	2.6004706647251283	2.550746398289755	0.13868538144308043	Pittsburgh	Pittsburgh	GSE53987	MDD	PFC_BA46	F	49.0	23.4	6.4	k42	MDD_pfc_16	GSE54571	MDD	ACC_BA25	F				Fpair13_MDD	MDD matched sample pair brain anterior cingulate cortex BA25_F #13	False	True	none	F	F	True	False	False
GSE53987__HG-U133_Plus_2|PFC_BA46	GSM1304963	GSE54571__HG-U133_Plus_2|ACC_BA25	GSM1319149	0.43104620405687927	3.3301751988188046	4.754717172657923	3.3301751988188046	0.4121072000318757	Pittsburgh	Pittsburgh	GSE53987	MDD	PFC_BA46	F	54.0	17.9	6.2	k43	MDD_pfc_17	GSE54571	CTL	ACC_BA25	F				Fpair14_CTL	Control matched sample pair brain anterior cingulate cortex BA25_F #14	False	False	none	F	F	True	False	False
GSE53987__HG-U133_Plus_2|PFC_BA46	GSM1304966	GSE54571__HG-U133_Plus_2|ACC_BA25	GSM1319158	0.47155400045284435	6.165577470137084	5.848229713623283	5.848229713623283	0.10036145645179018	Pittsburgh	Pittsburgh	GSE53987	MDD	PFC_BA46	F	40.0	22.2	6.6	k47	MDD_pfc_3	GSE54571	MDD	ACC_BA25	F				Fpair9_MDD	MDD matched sample pair brain anterior cingulate cortex BA25_F #9	False	True	match	F	F	True	True	True
GSE53987__HG-U133_Plus_2|PFC_BA46	GSM1304970	GSE54571__HG-U133_Plus_2|ACC_BA25	GSM1319163	0.6438592172814218	6.941158137648184	5.6056605118954375	5.6056605118954375	0.19668383107615503	Pittsburgh	Pittsburgh	GSE53987	MDD	PFC_BA46	F	47.0	22.3	6.6	k50	MDD_pfc_7	GSE54571	MDD	ACC_BA25	F				Fpair16_MDD	MDD matched sample pair brain anterior cingulate cortex BA25_F #16	False	True	match	F	F	True	True	True
GSE53987__HG-U133_Plus_2|PFC_BA46	GSM1304975	GSE54571__HG-U133_Plus_2|ACC_BA25	GSM1319166	0.15752942288988594	2.1947295821834643	2.091698062999063	2.091698062999063	0.15725395631327763	Pittsburgh	Pittsburgh	GSE53987	SCZ	PFC_BA46	F	25.0	20.1	6.73	k55	schiz_pfc_12	GSE54571	MDD	ACC_BA25	F				Fpair21_MDD	MDD matched sample pair brain anterior cingulate cortex BA25_F #21	False	False	none	F	F	True	False	False
GSE53987__HG-U133_Plus_2|PFC_BA46	GSM1304983	GSE54571__HG-U133_Plus_2|ACC_BA25	GSM1319155	0.19705716886942662	2.731262312929464	1.909580103041182	1.909580103041182	0.1815325629820134	Pittsburgh	Pittsburgh	GSE53987	SCZ	PFC_BA46	M	47.0	28.9	6.58	k62	schiz_pfc_4	GSE54571	MDD	ACC_BA25	F				Fpair3_MDD	MDD matched sample pair brain anterior cingulate cortex BA25_F #3	False	False	none	M	F	False	False	False
GSE53987__HG-U133_Plus_2|PFC_BA46	GSM1304921	GSE54572__HG-U133_Plus_2|ACC_BA25	GSM1319179	0.18420219742702504	1.5103201583576606	2.661886379272048	1.5103201583576606	0.1697005766934049	Pittsburgh	Pittsburgh	GSE53987	BD	PFC_BA46	F	50.0	11.7	6.4	k1	bipolar_pfc_11	GSE54572	CTL	ACC_BA25	M				Mpair30_CTL	Control matched sample pair brain anterior cingulate cortex BA25_M #30	False	False	none	F	M	False	False	False
GSE53987__HG-U133_Plus_2|PFC_BA46	GSM1304924	GSE54572__HG-U133_Plus_2|ACC_BA25	GSM1319186	0.19136007219181161	2.297034120165601	2.6646932303723183	2.297034120165601	0.13251399137674263	Pittsburgh	Pittsburgh	GSE53987	BD	PFC_BA46	M	58.0	27.7	6.8	k4	bipolar_pfc_14	GSE54572	MDD	ACC_BA25	M				Mpair20_MDD	MDD matched sample pair brain anterior cingulate cortex BA25_M #20	False	False	none	M	M	True	False	False
GSE53987__HG-U133_Plus_2|PFC_BA46	GSM1304927	GSE54572__HG-U133_Plus_2|ACC_BA25	GSM1319191	0.12719445837919854	1.8811756325904458	2.372134732867525	1.8811756325904458	0.11255600540818778	Pittsburgh	Pittsburgh	GSE53987	BD	PFC_BA46	F	56.0	24.5	6.1	k68	bipolar_pfc_17	GSE54572	MDD	ACC_BA25	M				Mpair30_MDD	MDD matched sample pair brain anterior cingulate cortex BA25_M #30	False	False	none	F	M	False	False	False
GSE53987__HG-U133_Plus_2|PFC_BA46	GSM1304929	GSE54572__HG-U133_Plus_2|ACC_BA25	GSM1319172	0.18942389089494188	3.2452355333004923	2.1984977364000025	2.1984977364000025	0.0827764432771145	Pittsburgh	Pittsburgh	GSE53987	BD	PFC_BA46	M	40.0	18.5	6.4	k10	bipolar_pfc_2	GSE54572	CTL	ACC_BA25	M				Mpair15_CTL	Control matched sample pair brain anterior cingulate cortex BA25_M #15	False	False	none	M	M	True	False	False
GSE53987__HG-U133_Plus_2|PFC_BA46	GSM1304930	GSE54572__HG-U133_Plus_2|ACC_BA25	GSM1319182	0.27140805883378016	2.7645909714963777	2.455062060905359	2.455062060905359	0.14278530545256607	Pittsburgh	Pittsburgh	GSE53987	BD	PFC_BA46	F	39.0	22.2	6.7	k11	bipolar_pfc_3	GSE54572	MDD	ACC_BA25	M				Mpair7_MDD	MDD matched sample pair brain anterior cingulate cortex BA25_M #7	False	False	none	F	M	False	False	False
GSE53987__HG-U133_Plus_2|PFC_BA46	GSM1304939	GSE54572__HG-U133_Plus_2|ACC_BA25	GSM1319170	0.14937100536113498	2.7886346436675606	2.02645943918226	2.02645943918226	0.11295206067242311	Pittsburgh	Pittsburgh	GSE53987	CTL	PFC_BA46	F	36.0	14.5	6.4	k20	control_pfc_12	GSE54572	CTL	ACC_BA25	M				Mpair7_CTL	Control matched sample pair brain anterior cingulate cortex BA25_M #7	False	True	none	F	M	False	False	False
GSE53987__HG-U133_Plus_2|PFC_BA46	GSM1304940	GSE54572__HG-U133_Plus_2|ACC_BA25	GSM1319178	0.24292831995987976	2.7142624762770002	2.6988580991866766	2.6988580991866766	0.13409878075244294	Pittsburgh	Pittsburgh	GSE53987	CTL	PFC_BA46	F	65.0	18.5	6.5	k21	control_pfc_13	GSE54572	CTL	ACC_BA25	M				Mpair29_CTL	Control matched sample pair brain anterior cingulate cortex BA25_M #29	False	True	none	F	M	False	False	False
GSE53987__HG-U133_Plus_2|PFC_BA46	GSM1304942	GSE54572__HG-U133_Plus_2|ACC_BA25	GSM1319168	0.24139128272364982	2.3824551426044773	3.1403365375992394	2.3824551426044773	0.16915949161996235	Pittsburgh	Pittsburgh	GSE53987	CTL	PFC_BA46	M	22.0	20.1	6.8	k23	control_pfc_15	GSE54572	CTL	ACC_BA25	M				Mpair2_CTL	Control matched sample pair brain anterior cingulate cortex BA25_M #2	False	True	none	M	M	True	False	False
GSE53987__HG-U133_Plus_2|PFC_BA46	GSM1304945	GSE54572__HG-U133_Plus_2|ACC_BA25	GSM1319171	0.17591910587644743	2.3543507939971904	2.2470200976174843	2.2470200976174843	0.10909410828279383	Pittsburgh	Pittsburgh	GSE53987	CTL	PFC_BA46	F	40.0	16.6	6.8	k26	control_pfc_18	GSE54572	CTL	ACC_BA25	M				Mpair11_CTL	Control matched sample pair brain anterior cingulate cortex BA25_M #11	False	True	none	F	M	False	False	False
GSE53987__HG-U133_Plus_2|PFC_BA46	GSM1304948	GSE54572__HG-U133_Plus_2|ACC_BA25	GSM1319173	0.42109779997669344	4.952488103999238	5.170648317823125	4.952488103999238	0.1150146986093047	Pittsburgh	Pittsburgh	GSE53987	CTL	PFC_BA46	M	48.0	21.68	6.6	k29	control_pfc_2	GSE54572	CTL	ACC_BA25	M				Mpair18_CTL	Control matched sample pair brain anterior cingulate cortex BA25_M #18	False	True	probable	M	M	True	True	True
GSE53987__HG-U133_Plus_2|PFC_BA46	GSM1304956	GSE54572__HG-U133_Plus_2|ACC_BA25	GSM1319188	0.3291034029426977	2.9458459086298254	4.611451167639852	2.9458459086298254	0.2873132992903133	Pittsburgh	Pittsburgh	GSE53987	MDD	PFC_BA46	M	51.0	24.6	6.5	k36	MDD_pfc_10	GSE54572	MDD	ACC_BA25	M				Mpair25_MDD	MDD matched sample pair brain anterior cingulate cortex BA25_M #25	False	True	none	M	M	True	False	False
GSE53987__HG-U133_Plus_2|PFC_BA46	GSM1304961	GSE54572__HG-U133_Plus_2|ACC_BA25	GSM1319183	0.16953944449095784	2.1682321635315325	1.865019390511811	1.865019390511811	0.13184401295421697	Pittsburgh	Pittsburgh	GSE53987	MDD	PFC_BA46	M	29.0	26.6	6.9	k41	MDD_pfc_15	GSE54572	MDD	ACC_BA25	M				Mpair11_MDD	MDD matched sample pair brain anterior cingulate cortex BA25_M #11	False	True	none	M	M	True	False	False
GSE53987__HG-U133_Plus_2|PFC_BA46	GSM1304965	GSE54572__HG-U133_Plus_2|ACC_BA25	GSM1319190	0.5542686328895213	5.50865762905791	6.972998179609506	5.50865762905791	0.21005589070129305	Pittsburgh	Pittsburgh	GSE53987	MDD	PFC_BA46	M	42.0	14.3	6.4	k45	MDD_pfc_1	GSE54572	MDD	ACC_BA25	M				Mpair29_MDD	MDD matched sample pair brain anterior cingulate cortex BA25_M #29	False	True	match	M	M	True	True	True
GSE53987__HG-U133_Plus_2|PFC_BA46	GSM1304968	GSE54572__HG-U133_Plus_2|ACC_BA25	GSM1319176	0.15600632270665804	1.863190552292618	2.1046004056380503	1.863190552292618	0.15441949854853051	Pittsburgh	Pittsburgh	GSE53987	MDD	PFC_BA46	M	44.0	11.0	6.5	k70	MDD_pfc_5	GSE54572	CTL	ACC_BA25	M				Mpair25_CTL	Control matched sample pair brain anterior cingulate cortex BA25_M #25	False	False	none	M	M	True	False	False
GSE53987__HG-U133_Plus_2|PFC_BA46	GSM1304974	GSE54572__HG-U133_Plus_2|ACC_BA25	GSM1319189	0.18065617810959422	1.9346797679407	2.5956898009143416	1.9346797679407	0.17182666984076467	Pittsburgh	Pittsburgh	GSE53987	SCZ	PFC_BA46	F	47.0	14.37	6.35	k54	schiz_pfc_11	GSE54572	MDD	ACC_BA25	M				Mpair26_MDD	MDD matched sample pair brain anterior cingulate cortex BA25_M #26	False	False	none	F	M	False	False	False
GSE53987__HG-U133_Plus_2|PFC_BA46	GSM1304980	GSE54572__HG-U133_Plus_2|ACC_BA25	GSM1319174	0.2945831598546397	3.29858566257724	3.1720444148634144	3.1720444148634144	0.22361169961496807	Pittsburgh	Pittsburgh	GSE53987	SCZ	PFC_BA46	F	46.0	23.8	6.61	k58	schiz_pfc_19	GSE54572	CTL	ACC_BA25	M				Mpair20_CTL	Control matched sample pair brain anterior cingulate cortex BA25_M #20	False	False	none	F	M	False	False	False
GSE53987__HG-U133_Plus_2|PFC_BA46	GSM1304981	GSE54572__HG-U133_Plus_2|ACC_BA25	GSM1319181	0.187746725591984	2.968162740064046	2.244523668616216	2.244523668616216	0.1282962154588645	Pittsburgh	Pittsburgh	GSE53987	SCZ	PFC_BA46	M	50.0	11.0	6.23	k59	schiz_pfc_1	GSE54572	MDD	ACC_BA25	M				Mpair4_MDD	MDD matched sample pair brain anterior cingulate cortex BA25_M #4	False	False	none	M	M	True	False	False
GSE53987__HG-U133_Plus_2|PFC_BA46	GSM1304984	GSE54572__HG-U133_Plus_2|ACC_BA25	GSM1319185	0.18048830250500084	2.909488061468055	2.4030093539323674	2.4030093539323674	0.10647042579087775	Pittsburgh	Pittsburgh	GSE53987	SCZ	PFC_BA46	M	37.0	5.98	6.07	k63	schiz_pfc_5	GSE54572	MDD	ACC_BA25	M				Mpair18_MDD	MDD matched sample pair brain anterior cingulate cortex BA25_M #18	False	False	none	M	M	True	False	False
GSE53987__HG-U133_Plus_2|STR	GSM1304990	GSE53987__HG-U133_Plus_2|STR	GSM1305018	0.3607387578233759	2.679260393499332	3.118088196803363	2.679260393499332	0.34820091816445065	Pittsburgh	Pittsburgh	GSE53987	BD	STR	F	39.0	22.2	6.7	k11	bipolar_str_3	GSE53987	CTL	STR	M	55.0	28.0	6.1	k22	control_str_14	False	False	none	F	M	False	False	False
GSE53987__HG-U133_Plus_2|STR	GSM1304994	GSE53987__HG-U133_Plus_2|STR	GSM1304999	0.1914318530858781	2.4313865945192483	2.5514933376680413	2.4313865945192483	0.1519815990604913	Pittsburgh	Pittsburgh	GSE53987	BD	STR	F	51.0	21.5	6.7	k15	bipolar_str_7	GSE53987	BD	STR	F	28.0	22.3	6.3	k2	bipolar_str_12	False	True	none	F	F	True	False	False
GSE53987__HG-U133_Plus_2|STR	GSM1305007	GSE53987__HG-U133_Plus_2|STR	GSM1305032	0.19654277134760975	1.9089800826280723	3.0704911171271236	1.9089800826280723	0.14657366884157425	Pittsburgh	Pittsburgh	GSE53987	CTL	STR	F	39.0	24.5	6.8	k30	control_str_3	GSE53987	MDD	STR	F	53.0	11.9	6.7	k37	MDD_str_11	False	False	none	F	F	True	False	False
GSE53987__HG-U133_Plus_2|STR	GSM1305011	GSE53987__HG-U133_Plus_2|STR	GSM1305028	0.19255235969319126	1.9513195503941851	2.566233099025312	1.9513195503941851	0.18503191538669042	Pittsburgh	Pittsburgh	GSE53987	CTL	STR	F	58.0	18.8	6.6	k34	control_str_7	GSE53987	MDD	STR	F	47.0	22.3	6.6	k50	MDD_str_7	False	False	none	M	F	False	False	False
GSE53987__HG-U133_Plus_2|STR	GSM1305014	GSE53987__HG-U133_Plus_2|STR	GSM1305045	0.1860056402830551	2.056191459314226	2.273460695638649	2.056191459314226	0.1666641471541132	Pittsburgh	Pittsburgh	GSE53987	CTL	STR	M	51.0	24.2	6.6	k18	control_str_10	GSE53987	SCZ	STR	F	44.0	18.7	6.2	k65	schiz_str_7	False	False	none	M	F	False	False	False
GSE53987__HG-U133_Plus_2|STR	GSM1305016	GSE53987__HG-U133_Plus_2|STR	GSM1305050	0.26061873442490396	2.7572365947462054	2.0878623902931763	2.0878623902931763	0.23684070891679115	Pittsburgh	Pittsburgh	GSE53987	CTL	STR	F	36.0	14.5	6.4	k20	control_str_12	GSE53987	SCZ	STR	F	25.0	20.1	6.73	k55	schiz_str_12	False	False	none	F	F	True	False	False
GSE53987__HG-U133_Plus_2|STR	GSM1305035	GSE53987__HG-U133_Plus_2|STR	GSM1305046	0.2838497843343517	2.8516621331983356	1.80428271442808	1.80428271442808	0.21188391883233018	Pittsburgh	Pittsburgh	GSE53987	MDD	STR	M	62.0	26.0	6.5	k40	MDD_str_14	GSE53987	SCZ	STR	M	38.0	28.8	6.56	k66	schiz_str_8	False	False	none	M	M	True	False	False
GSE53987__HG-U133_Plus_2|STR	GSM1305039	GSE53987__HG-U133_Plus_2|STR	GSM1305041	0.34136320256861075	2.9532426150014564	4.607641037704475	2.9532426150014564	0.19712147677175837	Pittsburgh	Pittsburgh	GSE53987	SCZ	STR	M	50.0	11.0	6.23	k59	schiz_str_1	GSE53987	SCZ	STR	F	41.0	20.1	6.27	k61	schiz_str_3	False	True	none	M	F	False	False	False
GSE53987__HG-U133_Plus_2|STR	GSM1305053	GSE53987__HG-U133_Plus_2|STR	GSM1305056	0.37453048132395383	3.526737318693114	2.498156111723062	2.498156111723062	0.19475605788128494	Pittsburgh	Pittsburgh	GSE53987	SCZ	STR	M	32.0	30.8	6.18	k73	schiz_str_15	GSE53987	SCZ	STR	F	44.0	24.5	6.63	k57	schiz_str_18	False	True	none	M	F	False	False	False
GSE53987__HG-U133_Plus_2|STR	GSM1304988	GSE54567__HG-U133_Plus_2|PFC_BA9	GSM1319068	0.18503303996579032	3.2983617751875185	2.6289790595352036	2.6289790595352036	0.09185104582549208	Pittsburgh	Pittsburgh	GSE53987	BD	STR	M	50.0	12.1	6.7	k9	bipolar_str_1	GSE54567	MDD	PFC_BA9	M				Mpair11_MDD	MDD matched sample pair brain dorsolateral prefrontal cortex BA9_M #11	False	False	none	M	M	True	False	False
GSE53987__HG-U133_Plus_2|STR	GSM1304993	GSE54567__HG-U133_Plus_2|PFC_BA9	GSM1319077	0.15582024309703058	2.115888650044142	2.2608443431647967	2.115888650044142	0.12861734906082375	Pittsburgh	Pittsburgh	GSE53987	BD	STR	M	65.0	8.9	6.7	k14	bipolar_str_6	GSE54567	MDD	PFC_BA9	M				Mpair30_MDD	MDD matched sample pair brain dorsolateral prefrontal cortex BA9_M #30	False	False	none	M	M	True	False	False
GSE53987__HG-U133_Plus_2|STR	GSM1304996	GSE54567__HG-U133_Plus_2|PFC_BA9	GSM1319064	0.15764236389881178	2.0233442176887233	2.036265965376965	2.0233442176887233	0.1570612428301629	Pittsburgh	Pittsburgh	GSE53987	BD	STR	M	48.0	18.1	6.9	k17	bipolar_str_9	GSE54567	MDD	PFC_BA9	M				Mpair1_MDD	MDD matched sample pair brain dorsolateral prefrontal cortex BA9_M #1	False	False	none	M	M	True	False	False
GSE53987__HG-U133_Plus_2|STR	GSM1304998	GSE54567__HG-U133_Plus_2|PFC_BA9	GSM1319053	0.17546011387472468	2.8237427084680298	2.2682802640295043	2.2682802640295043	0.10720857917830068	Pittsburgh	Pittsburgh	GSE53987	BD	STR	F	50.0	11.7	6.4	k1	bipolar_str_11	GSE54567	CTL	PFC_BA9	M				Mpair7_CTL	Control matched sample pair brain dorsolateral prefrontal cortex BA9_M #7	False	False	none	F	M	False	False	False
GSE53987__HG-U133_Plus_2|STR	GSM1305000	GSE54567__HG-U133_Plus_2|PFC_BA9	GSM1319057	0.1600406198259138	1.9853240507391814	2.0978860169283027	1.9853240507391814	0.158421861779468	Pittsburgh	Pittsburgh	GSE53987	BD	STR	F	55.0	17.5	6.4	k3	bipolar_str_13	GSE54567	CTL	PFC_BA9	M				Mpair20_CTL	Control matched sample pair brain dorsolateral prefrontal cortex BA9_M #20	False	False	none	F	M	False	False	False
GSE53987__HG-U133_Plus_2|STR	GSM1305002	GSE54567__HG-U133_Plus_2|PFC_BA9	GSM1319059	0.22863110780576557	2.918790114568409	2.8332780435561924	2.8332780435561924	0.13829983682240457	Pittsburgh	Pittsburgh	GSE53987	BD	STR	F	49.0	21.5	6.7	k6	bipolar_str_16	GSE54567	CTL	PFC_BA9	M				Mpair25_CTL	Control matched sample pair brain dorsolateral prefrontal cortex BA9_M #25	False	False	none	F	M	False	False	False
GSE53987__HG-U133_Plus_2|STR	GSM1305010	GSE54567__HG-U133_Plus_2|PFC_BA9	GSM1319056	0.39608097073968085	4.477449618772607	7.257747697001316	4.477449618772607	0.1590763489156428	Pittsburgh	Pittsburgh	GSE53987	CTL	STR	M	68.0	11.8	6.8	k33	control_str_6	GSE54567	CTL	PFC_BA9	M				Mpair18_CTL	Control matched sample pair brain dorsolateral prefrontal cortex BA9_M #18	False	True	probable	M	M	True	True	True
GSE53987__HG-U133_Plus_2|STR	GSM1305011	GSE54567__HG-U133_Plus_2|PFC_BA9	GSM1319070	0.17820241168923967	2.0939004430688173	3.554955555379542	2.0939004430688173	0.13791741180848638	Pittsburgh	Pittsburgh	GSE53987	CTL	STR	F	58.0	18.8	6.6	k34	control_str_7	GSE54567	MDD	PFC_BA9	M				Mpair18_MDD	MDD matched sample pair brain dorsolateral prefrontal cortex BA9_M #18	False	False	none	M	M	True	False	False
GSE53987__HG-U133_Plus_2|STR	GSM1305013	GSE54567__HG-U133_Plus_2|PFC_BA9	GSM1319058	0.45587705177652404	4.494801938392823	6.626146439097863	4.494801938392823	0.13963218847755585	Pittsburgh	Pittsburgh	GSE53987	CTL	STR	M	46.0	22.0	6.3	k69	control_str_9	GSE54567	CTL	PFC_BA9	M				Mpair22_CTL	Control matched sample pair brain dorsolateral prefrontal cortex BA9_M #22	False	True	probable	M	M	True	True	True
GSE53987__HG-U133_Plus_2|STR	GSM1305014	GSE54567__HG-U133_Plus_2|PFC_BA9	GSM1319065	0.24498647453417105	2.8284449081071186	2.7518117336892667	2.7518117336892667	0.20686086454296024	Pittsburgh	Pittsburgh	GSE53987	CTL	STR	M	51.0	24.2	6.6	k18	control_str_10	GSE54567	MDD	PFC_BA9	M				Mpair2_MDD	MDD matched sample pair brain dorsolateral prefrontal cortex BA9_M #2	False	False	none	M	M	True	False	False
GSE53987__HG-U133_Plus_2|STR	GSM1305016	GSE54567__HG-U133_Plus_2|PFC_BA9	GSM1319072	0.1573733418371031	1.9260681263637542	2.1095887127433812	1.9260681263637542	0.15646426314689676	Pittsburgh	Pittsburgh	GSE53987	CTL	STR	F	36.0	14.5	6.4	k20	control_str_12	GSE54567	MDD	PFC_BA9	M				Mpair22_MDD	MDD matched sample pair brain dorsolateral prefrontal cortex BA9_M #22	False	False	none	F	M	False	False	False
GSE53987__HG-U133_Plus_2|STR	GSM1305018	GSE54567__HG-U133_Plus_2|PFC_BA9	GSM1319067	0.34243540491370084	3.505310493930995	2.8973479389707424	2.8973479389707424	0.2533646930285755	Pittsburgh	Pittsburgh	GSE53987	CTL	STR	M	55.0	28.0	6.1	k22	control_str_14	GSE54567	MDD	PFC_BA9	M				Mpair7_MDD	MDD matched sample pair brain dorsolateral prefrontal cortex BA9_M #7	False	False	none	M	M	True	False	False
GSE53987__HG-U133_Plus_2|STR	GSM1305019	GSE54567__HG-U133_Plus_2|PFC_BA9	GSM1319051	0.4837916778020071	4.605375576246257	6.248999536913574	4.605375576246257	0.22605745081114176	Pittsburgh	Pittsburgh	GSE53987	CTL	STR	M	22.0	20.1	6.8	k23	control_str_15	GSE54567	CTL	PFC_BA9	M				Mpair2_CTL	Control matched sample pair brain dorsolateral prefrontal cortex BA9_M #2	False	True	probable	M	M	True	True	True
GSE53987__HG-U133_Plus_2|STR	GSM1305023	GSE54567__HG-U133_Plus_2|PFC_BA9	GSM1319076	0.5272358552122366	5.232112465454447	6.375441954903294	5.232112465454447	0.22215725381913776	Pittsburgh	Pittsburgh	GSE53987	MDD	STR	M	42.0	14.3	6.4	k45	MDD_str_1	GSE54567	MDD	PFC_BA9	M				Mpair29_MDD	MDD matched sample pair brain dorsolateral prefrontal cortex BA9_M #29	False	True	match	M	M	True	True	True
GSE53987__HG-U133_Plus_2|STR	GSM1305030	GSE54567__HG-U133_Plus_2|PFC_BA9	GSM1319055	0.20318155911975047	2.639029566124519	3.123141340233271	2.639029566124519	0.1276320891641428	Pittsburgh	Pittsburgh	GSE53987	MDD	STR	M	51.0	28.3	7.3	k52	MDD_str_9	GSE54567	CTL	PFC_BA9	M				Mpair15_CTL	Control matched sample pair brain dorsolateral prefrontal cortex BA9_M #15	False	False	none	M	M	True	False	False
GSE53987__HG-U133_Plus_2|STR	GSM1305031	GSE54567__HG-U133_Plus_2|PFC_BA9	GSM1319073	0.505848929009658	3.8167233040075486	7.165316686202333	3.8167233040075486	0.20455191929999977	Pittsburgh	Pittsburgh	GSE53987	MDD	STR	M	51.0	24.6	6.5	k36	MDD_str_10	GSE54567	MDD	PFC_BA9	M				Mpair25_MDD	MDD matched sample pair brain dorsolateral prefrontal cortex BA9_M #25	False	True	none	M	M	True	False	True
GSE53987__HG-U133_Plus_2|STR	GSM1305034	GSE54567__HG-U133_Plus_2|PFC_BA9	GSM1319054	0.13450213562017888	2.009185449051083	2.343682871106324	2.009185449051083	0.10580789889283058	Pittsburgh	Pittsburgh	GSE53987	MDD	STR	F	52.0	10.3	6.5	k39	MDD_str_13	GSE54567	CTL	PFC_BA9	M				Mpair11_CTL	Control matched sample pair brain dorsolateral prefrontal cortex BA9_M #11	False	False	none	F	M	False	False	False
GSE53987__HG-U133_Plus_2|STR	GSM1305037	GSE54567__HG-U133_Plus_2|PFC_BA9	GSM1319061	0.21651953237946886	2.8449603421045597	2.5584640561743326	2.5584640561743326	0.1639294980991854	Pittsburgh	Pittsburgh	GSE53987	MDD	STR	F	49.0	23.4	6.4	k42	MDD_str_16	GSE54567	CTL	PFC_BA9	M				Mpair27_CTL	Control matched sample pair brain dorsolateral prefrontal cortex BA9_M #27	False	False	none	F	M	False	False	False
GSE53987__HG-U133_Plus_2|STR	GSM1305038	GSE54567__HG-U133_Plus_2|PFC_BA9	GSM1319050	0.20136464174669877	3.01124134245922	2.595682772176786	2.595682772176786	0.10159133071298443	Pittsburgh	Pittsburgh	GSE53987	MDD	STR	F	54.0	17.9	6.2	k43	MDD_str_17	GSE54567	CTL	PFC_BA9	M				Mpair1_CTL	Control matched sample pair brain dorsolateral prefrontal cortex BA9_M #1	False	False	none	F	M	False	False	False
GSE53987__HG-U133_Plus_2|STR	GSM1305039	GSE54567__HG-U133_Plus_2|PFC_BA9	GSM1319066	0.1454473402073594	2.617236372239808	2.463718210535128	2.463718210535128	0.11792699133720637	Pittsburgh	Pittsburgh	GSE53987	SCZ	STR	M	50.0	11.0	6.23	k59	schiz_str_1	GSE54567	MDD	PFC_BA9	M				Mpair4_MDD	MDD matched sample pair brain dorsolateral prefrontal cortex BA9_M #4	False	False	none	M	M	True	False	False
GSE53987__HG-U133_Plus_2|STR	GSM1305046	GSE54567__HG-U133_Plus_2|PFC_BA9	GSM1319052	0.2136733060222478	2.7803817055464326	2.599212937029723	2.599212937029723	0.11964024883152427	Pittsburgh	Pittsburgh	GSE53987	SCZ	STR	M	38.0	28.8	6.56	k66	schiz_str_8	GSE54567	CTL	PFC_BA9	M				Mpair4_CTL	Control matched sample pair brain dorsolateral prefrontal cortex BA9_M #4	False	False	none	M	M	True	False	False
GSE53987__HG-U133_Plus_2|STR	GSM1305051	GSE54567__HG-U133_Plus_2|PFC_BA9	GSM1319060	0.16903944983025415	2.333281416868421	2.245108805271969	2.245108805271969	0.13499241808009915	Pittsburgh	Pittsburgh	GSE53987	SCZ	STR	F	41.0	17.1	6.9	k71	schiz_str_13	GSE54567	CTL	PFC_BA9	M				Mpair26_CTL	Control matched sample pair brain dorsolateral prefrontal cortex BA9_M #26	False	False	none	F	M	False	False	False
GSE53987__HG-U133_Plus_2|STR	GSM1304991	GSE54568__HG-U133_Plus_2|PFC_BA9	GSM1319103	0.16485013129086676	2.2720194376350613	2.1353998008394757	2.1353998008394757	0.1190134146914418	Pittsburgh	Pittsburgh	GSE53987	BD	STR	M	45.0	27.2	7.1	k12	bipolar_str_4	GSE54568	MDD	PFC_BA9	F				Fpair17_MDD	MDD matched sample pair brain dorsolateral prefrontal cortex BA9_F #17	False	False	none	M	F	False	False	False
GSE53987__HG-U133_Plus_2|STR	GSM1304996	GSE54568__HG-U133_Plus_2|PFC_BA9	GSM1319086	0.17752325037220534	2.2323754162537788	2.4630915128597244	2.2323754162537788	0.16541858191790312	Pittsburgh	Pittsburgh	GSE53987	BD	STR	M	48.0	18.1	6.9	k17	bipolar_str_9	GSE54568	CTL	PFC_BA9	F				Fpair14_CTL	Control matched sample pair brain dorsolateral prefrontal cortex BA9_F #14	False	False	none	M	F	False	False	False
GSE53987__HG-U133_Plus_2|STR	GSM1305007	GSE54568__HG-U133_Plus_2|PFC_BA9	GSM1319082	0.5920845870810262	6.63080883005869	5.806567364248087	5.806567364248087	0.1401961769006169	Pittsburgh	Pittsburgh	GSE53987	CTL	STR	F	39.0	24.5	6.8	k30	control_str_3	GSE54568	CTL	PFC_BA9	F				Fpair9_CTL	Control matched sample pair brain dorsolateral prefrontal cortex BA9_F #9	False	True	match	F	F	True	True	True
GSE53987__HG-U133_Plus_2|STR	GSM1305011	GSE54568__HG-U133_Plus_2|PFC_BA9	GSM1319093	0.19184544659577904	2.344825619458717	1.9699207508120906	1.9699207508120906	0.17354519794042172	Pittsburgh	Pittsburgh	GSE53987	CTL	STR	F	58.0	18.8	6.6	k34	control_str_7	GSE54568	MDD	PFC_BA9	F				Fpair3_MDD	MDD matched sample pair brain dorsolateral prefrontal cortex BA9_F #3	False	False	none	M	F	False	False	False
GSE53987__HG-U133_Plus_2|STR	GSM1305015	GSE54568__HG-U133_Plus_2|PFC_BA9	GSM1319084	0.6001545986531248	6.280554263063594	8.967491948022284	6.280554263063594	0.19660185575852118	Pittsburgh	Pittsburgh	GSE53987	CTL	STR	F	51.0	7.8	6.6	k19	control_str_11	GSE54568	CTL	PFC_BA9	F				Fpair12_CTL	Control matched sample pair brain dorsolateral prefrontal cortex BA9_F #12	False	True	match	F	F	True	True	True
GSE53987__HG-U133_Plus_2|STR	GSM1305016	GSE54568__HG-U133_Plus_2|PFC_BA9	GSM1319092	0.4840675280816936	5.616354787797049	5.350286571572151	5.350286571572151	0.12187753268149487	Pittsburgh	Pittsburgh	GSE53987	CTL	STR	F	36.0	14.5	6.4	k20	control_str_12	GSE54568	CTL	PFC_BA9	F				Fpair28_CTL	Control matched sample pair brain dorsolateral prefrontal cortex BA9_F #28	False	True	match	F	F	True	True	True
GSE53987__HG-U133_Plus_2|STR	GSM1305017	GSE54568__HG-U133_Plus_2|PFC_BA9	GSM1319091	0.6350223881517849	5.8146581244410385	6.542825387810273	5.8146581244410385	0.15062823271871184	Pittsburgh	Pittsburgh	GSE53987	CTL	STR	F	65.0	18.5	6.5	k21	control_str_13	GSE54568	CTL	PFC_BA9	F				Fpair24_CTL	Control matched sample pair brain dorsolateral prefrontal cortex BA9_F #24	False	True	match	F	F	True	True	True
GSE53987__HG-U133_Plus_2|STR	GSM1305018	GSE54568__HG-U133_Plus_2|PFC_BA9	GSM1319078	0.3075953075602642	3.878877586029707	3.2951441045857104	3.2951441045857104	0.16594437281441016	Pittsburgh	Pittsburgh	GSE53987	CTL	STR	M	55.0	28.0	6.1	k22	control_str_14	GSE54568	CTL	PFC_BA9	F				Fpair3_CTL	Control matched sample pair brain dorsolateral prefrontal cortex BA9_F #3	False	True	none	M	F	False	False	False
GSE53987__HG-U133_Plus_2|STR	GSM1305020	GSE54568__HG-U133_Plus_2|PFC_BA9	GSM1319085	0.3119967316259886	3.2205421936859646	3.8245166944061726	3.2205421936859646	0.17941816162424806	Pittsburgh	Pittsburgh	GSE53987	CTL	STR	F	52.0	22.6	7.1	k24	control_str_16	GSE54568	CTL	PFC_BA9	F				Fpair13_CTL	Control matched sample pair brain dorsolateral prefrontal cortex BA9_F #13	False	True	none	F	F	True	False	True
GSE53987__HG-U133_Plus_2|STR	GSM1305021	GSE54568__HG-U133_Plus_2|PFC_BA9	GSM1319081	0.594669619369452	8.048868304198498	8.482831454161694	8.048868304198498	0.1295747033543505	Pittsburgh	Pittsburgh	GSE53987	CTL	STR	F	58.0	22.7	6.4	k25	control_str_17	GSE54568	CTL	PFC_BA9	F				Fpair8_CTL	Control matched sample pair brain dorsolateral prefrontal cortex BA9_F #8	False	True	match	F	F	True	True	True
GSE53987__HG-U133_Plus_2|STR	GSM1305022	GSE54568__HG-U133_Plus_2|PFC_BA9	GSM1319089	0.5794867466952555	5.5756526369340245	7.575664218088196	5.5756526369340245	0.13987387101021503	Pittsburgh	Pittsburgh	GSE53987	CTL	STR	F	40.0	16.6	6.8	k26	control_str_18	GSE54568	CTL	PFC_BA9	F				Fpair19_CTL	Control matched sample pair brain dorsolateral prefrontal cortex BA9_F #19	False	True	match	F	F	True	True	True
GSE53987__HG-U133_Plus_2|STR	GSM1305028	GSE54568__HG-U133_Plus_2|PFC_BA9	GSM1319102	0.5589743524763785	7.797937932381967	6.897804856700638	6.897804856700638	0.11440307393109798	Pittsburgh	Pittsburgh	GSE53987	MDD	STR	F	47.0	22.3	6.6	k50	MDD_str_7	GSE54568	MDD	PFC_BA9	F				Fpair16_MDD	MDD matched sample pair brain dorsolateral prefrontal cortex BA9_F #16	False	True	match	F	F	True	True	True
GSE53987__HG-U133_Plus_2|STR	GSM1305032	GSE54568__HG-U133_Plus_2|PFC_BA9	GSM1319098	0.5000143526201818	5.354775315250979	6.628313714897093	5.354775315250979	0.18857125566570992	Pittsburgh	Pittsburgh	GSE53987	MDD	STR	F	53.0	11.9	6.7	k37	MDD_str_11	GSE54568	MDD	PFC_BA9	F				Fpair10_MDD	MDD matched sample pair brain dorsolateral prefrontal cortex BA9_F #10	False	True	match	F	F	True	True	True
GSE53987__HG-U133_Plus_2|STR	GSM1305033	GSE54568__HG-U133_Plus_2|PFC_BA9	GSM1319101	0.4467509877134238	3.9036968114616606	5.7965798481163375	3.9036968114616606	0.18768725066286995	Pittsburgh	Pittsburgh	GSE53987	MDD	STR	F	26.0	13.4	6.4	k38	MDD_str_12	GSE54568	MDD	PFC_BA9	F				Fpair14_MDD	MDD matched sample pair brain dorsolateral prefrontal cortex BA9_F #14	False	True	probable	F	F	True	True	True
GSE53987__HG-U133_Plus_2|STR	GSM1305034	GSE54568__HG-U133_Plus_2|PFC_BA9	GSM1319099	0.4228707139374914	3.83768414424062	6.041135681416406	3.83768414424062	0.18435449820149097	Pittsburgh	Pittsburgh	GSE53987	MDD	STR	F	52.0	10.3	6.5	k39	MDD_str_13	GSE54568	MDD	PFC_BA9	F				Fpair12_MDD	MDD matched sample pair brain dorsolateral prefrontal cortex BA9_F #12	False	True	none	F	F	True	False	True
GSE53987__HG-U133_Plus_2|STR	GSM1305035	GSE54568__HG-U133_Plus_2|PFC_BA9	GSM1319079	0.1871376399245935	2.047886471293532	2.05776558604573	2.047886471293532	0.1714728199191671	Pittsburgh	Pittsburgh	GSE53987	MDD	STR	M	62.0	26.0	6.5	k40	MDD_str_14	GSE54568	CTL	PFC_BA9	F				Fpair5_CTL	Control matched sample pair brain dorsolateral prefrontal cortex BA9_F #5	False	False	none	M	F	False	False	False
GSE53987__HG-U133_Plus_2|STR	GSM1305037	GSE54568__HG-U133_Plus_2|PFC_BA9	GSM1319100	0.34706750050303936	3.9368950031539027	4.657382980349612	3.9368950031539027	0.15069577546777302	Pittsburgh	Pittsburgh	GSE53987	MDD	STR	F	49.0	23.4	6.4	k42	MDD_str_16	GSE54568	MDD	PFC_BA9	F				Fpair13_MDD	MDD matched sample pair brain dorsolateral prefrontal cortex BA9_F #13	False	True	probable	F	F	True	True	True
GSE53987__HG-U133_Plus_2|STR	GSM1305038	GSE54568__HG-U133_Plus_2|PFC_BA9	GSM1319096	0.5007437392622939	5.1926497771167215	6.78477656400689	5.1926497771167215	0.2673714386713901	Pittsburgh	Pittsburgh	GSE53987	MDD	STR	F	54.0	17.9	6.2	k43	MDD_str_17	GSE54568	MDD	PFC_BA9	F				Fpair8_MDD	MDD matched sample pair brain dorsolateral prefrontal cortex BA9_F #8	False	True	probable	F	F	True	True	True
GSE53987__HG-U133_Plus_2|STR	GSM1305052	GSE54568__HG-U133_Plus_2|PFC_BA9	GSM1319106	0.14428025109678996	1.8799072652103856	2.2496281294373452	1.8799072652103856	0.13436111196495695	Pittsburgh	Pittsburgh	GSE53987	SCZ	STR	M	62.0	22.7	7.14	k56	schiz_str_14	GSE54568	MDD	PFC_BA9	F				Fpair24_MDD	MDD matched sample pair brain dorsolateral prefrontal cortex BA9_F #24	False	False	none	M	F	False	False	False
GSE53987__HG-U133_Plus_2|STR	GSM1304988	GSE54571__HG-U133_Plus_2|ACC_BA25	GSM1319158	0.1445785412178013	2.3440026476982005	2.4304698499921624	2.3440026476982005	0.13895995965368607	Pittsburgh	Pittsburgh	GSE53987	BD	STR	M	50.0	12.1	6.7	k9	bipolar_str_1	GSE54571	MDD	ACC_BA25	F				Fpair9_MDD	MDD matched sample pair brain anterior cingulate cortex BA25_F #9	False	False	none	M	F	False	False	False
GSE53987__HG-U133_Plus_2|STR	GSM1305002	GSE54571__HG-U133_Plus_2|ACC_BA25	GSM1319165	0.24101257138208002	2.784520300133107	3.3784685046812912	2.784520300133107	0.1997580226676106	Pittsburgh	Pittsburgh	GSE53987	BD	STR	F	49.0	21.5	6.7	k6	bipolar_str_16	GSE54571	MDD	ACC_BA25	F				Fpair19_MDD	MDD matched sample pair brain anterior cingulate cortex BA25_F #19	False	False	none	F	F	True	False	False
GSE53987__HG-U133_Plus_2|STR	GSM1305007	GSE54571__HG-U133_Plus_2|ACC_BA25	GSM1319145	0.5288640331987092	4.215858929374572	6.313853529316988	4.215858929374572	0.24770786904264686	Pittsburgh	Pittsburgh	GSE53987	CTL	STR	F	39.0	24.5	6.8	k30	control_str_3	GSE54571	CTL	ACC_BA25	F				Fpair9_CTL	Control matched sample pair brain anterior cingulate cortex BA25_F #9	False	True	probable	F	F	True	True	True
GSE53987__HG-U133_Plus_2|STR	GSM1305015	GSE54571__HG-U133_Plus_2|ACC_BA25	GSM1319147	0.46771424810857926	3.6724379926694906	5.2265141704425435	3.6724379926694906	0.28871004795100613	Pittsburgh	Pittsburgh	GSE53987	CTL	STR	F	51.0	7.8	6.6	k19	control_str_11	GSE54571	CTL	ACC_BA25	F				Fpair12_CTL	Control matched sample pair brain anterior cingulate cortex BA25_F #12	False	True	none	F	F	True	False	True
GSE53987__HG-U133_Plus_2|STR	GSM1305017	GSE54571__HG-U133_Plus_2|ACC_BA25	GSM1319154	0.5013655868072451	3.6103341225401167	4.989632650809811	3.6103341225401167	0.20210510959974565	Pittsburgh	Pittsburgh	GSE53987	CTL	STR	F	65.0	18.5	6.5	k21	control_str_13	GSE54571	CTL	ACC_BA25	F				Fpair24_CTL	Control matched sample pair brain anterior cingulate cortex BA25_F #24	False	True	none	F	F	True	False	True
GSE53987__HG-U133_Plus_2|STR	GSM1305020	GSE54571__HG-U133_Plus_2|ACC_BA25	GSM1319148	0.589875225916647	6.589390442444877	7.6788927330390075	6.589390442444877	0.1796895347054994	Pittsburgh	Pittsburgh	GSE53987	CTL	STR	F	52.0	22.6	7.1	k24	control_str_16	GSE54571	CTL	ACC_BA25	F				Fpair13_CTL	Control matched sample pair brain anterior cingulate cortex BA25_F #13	False	True	match	F	F	True	True	True
GSE53987__HG-U133_Plus_2|STR	GSM1305021	GSE54571__HG-U133_Plus_2|ACC_BA25	GSM1319144	0.5034254875893706	4.969473882596328	7.140008131070095	4.969473882596328	0.25249435277512705	Pittsburgh	Pittsburgh	GSE53987	CTL	STR	F	58.0	22.7	6.4	k25	control_str_17	GSE54571	CTL	ACC_BA25	F				Fpair8_CTL	Control matched sample pair brain anterior cingulate cortex BA25_F #8	False	True	probable	F	F	True	True	True
GSE53987__HG-U133_Plus_2|STR	GSM1305022	GSE54571__HG-U133_Plus_2|ACC_BA25	GSM1319152	0.5168204586156525	4.099723628668366	6.186373051322976	4.099723628668366	0.20962671399184346	Pittsburgh	Pittsburgh	GSE53987	CTL	STR	F	40.0	16.6	6.8	k26	control_str_18	GSE54571	CTL	ACC_BA25	F				Fpair19_CTL	Control matched sample pair brain anterior cingulate cortex BA25_F #19	False	True	probable	F	F	True	True	True
GSE53987__HG-U133_Plus_2|STR	GSM1305023	GSE54571__HG-U133_Plus_2|ACC_BA25	GSM1319151	0.16662187156662236	2.160113340477938	2.201346820932477	2.160113340477938	0.11139764571193417	Pittsburgh	Pittsburgh	GSE53987	MDD	STR	M	42.0	14.3	6.4	k45	MDD_str_1	GSE54571	CTL	ACC_BA25	F				Fpair17_CTL	Control matched sample pair brain anterior cingulate cortex BA25_F #17	False	False	none	M	F	False	False	False
GSE53987__HG-U133_Plus_2|STR	GSM1305028	GSE54571__HG-U133_Plus_2|ACC_BA25	GSM1319163	0.4647477088457845	5.545100735050847	4.944625171323415	4.944625171323415	0.16678669700550855	Pittsburgh	Pittsburgh	GSE53987	MDD	STR	F	47.0	22.3	6.6	k50	MDD_str_7	GSE54571	MDD	ACC_BA25	F				Fpair16_MDD	MDD matched sample pair brain anterior cingulate cortex BA25_F #16	False	True	probable	F	F	True	True	True
GSE53987__HG-U133_Plus_2|STR	GSM1305032	GSE54571__HG-U133_Plus_2|ACC_BA25	GSM1319159	0.5392578017194055	5.966212689513786	7.232671479115064	5.966212689513786	0.17619771878361734	Pittsburgh	Pittsburgh	GSE53987	MDD	STR	F	53.0	11.9	6.7	k37	MDD_str_11	GSE54571	MDD	ACC_BA25	F				Fpair10_MDD	MDD matched sample pair brain anterior cingulate cortex BA25_F #10	False	True	match	F	F	True	True	True
GSE53987__HG-U133_Plus_2|STR	GSM1305033	GSE54571__HG-U133_Plus_2|ACC_BA25	GSM1319162	0.4175001687351478	3.3061851155552087	5.423676310583828	3.3061851155552087	0.27151450990632	Pittsburgh	Pittsburgh	GSE53987	MDD	STR	F	26.0	13.4	6.4	k38	MDD_str_12	GSE54571	MDD	ACC_BA25	F				Fpair14_MDD	MDD matched sample pair brain anterior cingulate cortex BA25_F #14	False	True	none	F	F	True	False	True
GSE53987__HG-U133_Plus_2|STR	GSM1305034	GSE54571__HG-U133_Plus_2|ACC_BA25	GSM1319160	0.3754094598582988	4.039236260185819	4.596990805578654	4.039236260185819	0.18729823594584177	Pittsburgh	Pittsburgh	GSE53987	MDD	STR	F	52.0	10.3	6.5	k39	MDD_str_13	GSE54571	MDD	ACC_BA25	F				Fpair12_MDD	MDD matched sample pair brain anterior cingulate cortex BA25_F #12	False	True	probable	F	F	True	True	True
GSE53987__HG-U133_Plus_2|STR	GSM1305038	GSE54571__HG-U133_Plus_2|ACC_BA25	GSM1319157	0.4936330734847904	4.153907847152636	6.763483151891443	4.153907847152636	0.39925856056803155	Pittsburgh	Pittsburgh	GSE53987	MDD	STR	F	54.0	17.9	6.2	k43	MDD_str_17	GSE54571	MDD	ACC_BA25	F				Fpair8_MDD	MDD matched sample pair brain anterior cingulate cortex BA25_F #8	False	True	probable	F	F	True	True	True
GSE53987__HG-U133_Plus_2|STR	GSM1305044	GSE54571__HG-U133_Plus_2|ACC_BA25	GSM1319166	0.19889234153090862	2.0891988716206953	2.5221094893189107	2.0891988716206953	0.15818619961860167	Pittsburgh	Pittsburgh	GSE53987	SCZ	STR	M	58.0	7.7	6.22	k64	schiz_str_6	GSE54571	MDD	ACC_BA25	F				Fpair21_MDD	MDD matched sample pair brain anterior cingulate cortex BA25_F #21	False	False	none	M	F	False	False	False
GSE53987__HG-U133_Plus_2|STR	GSM1305045	GSE54571__HG-U133_Plus_2|ACC_BA25	GSM1319153	0.16588087766819448	2.3463161856898913	2.8875414022889725	2.3463161856898913	0.15323967250397913	Pittsburgh	Pittsburgh	GSE53987	SCZ	STR	F	44.0	18.7	6.2	k65	schiz_str_7	GSE54571	CTL	ACC_BA25	F				Fpair21_CTL	Control matched sample pair brain anterior cingulate cortex BA25_F #21	False	False	none	F	F	True	False	False
GSE53987__HG-U133_Plus_2|STR	GSM1304999	GSE54572__HG-U133_Plus_2|ACC_BA25	GSM1319172	0.1591683664597511	2.5092072004182278	1.7885218771471756	1.7885218771471756	0.0912049042958847	Pittsburgh	Pittsburgh	GSE53987	BD	STR	F	28.0	22.3	6.3	k2	bipolar_str_12	GSE54572	CTL	ACC_BA25	M				Mpair15_CTL	Control matched sample pair brain anterior cingulate cortex BA25_M #15	False	False	none	F	M	False	False	False
GSE53987__HG-U133_Plus_2|STR	GSM1305001	GSE54572__HG-U133_Plus_2|ACC_BA25	GSM1319179	0.17467514035447193	2.036328508171826	2.3297879314169716	2.036328508171826	0.14188194743679655	Pittsburgh	Pittsburgh	GSE53987	BD	STR	M	58.0	27.7	6.8	k4	bipolar_str_14	GSE54572	CTL	ACC_BA25	M				Mpair30_CTL	Control matched sample pair brain anterior cingulate cortex BA25_M #30	False	False	none	M	M	True	False	False
GSE53987__HG-U133_Plus_2|STR	GSM1305003	GSE54572__HG-U133_Plus_2|ACC_BA25	GSM1319171	0.20253759305641061	2.449605277099292	2.7745883973754397	2.449605277099292	0.17073952476128867	Pittsburgh	Pittsburgh	GSE53987	BD	STR	F	56.0	24.5	6.1	k68	bipolar_str_17	GSE54572	CTL	ACC_BA25	M				Mpair11_CTL	Control matched sample pair brain anterior cingulate cortex BA25_M #11	False	False	none	F	M	False	False	False
GSE53987__HG-U133_Plus_2|STR	GSM1305006	GSE54572__HG-U133_Plus_2|ACC_BA25	GSM1319173	0.22939178146724157	3.232458803535639	2.6645594809340682	2.6645594809340682	0.11027726025120409	Pittsburgh	Pittsburgh	GSE53987	CTL	STR	M	48.0	21.68	6.6	k29	control_str_2	GSE54572	CTL	ACC_BA25	M				Mpair18_CTL	Control matched sample pair brain anterior cingulate cortex BA25_M #18	False	True	none	M	M	True	False	False
GSE53987__HG-U133_Plus_2|STR	GSM1305012	GSE54572__HG-U133_Plus_2|ACC_BA25	GSM1319183	0.17686179075246433	1.697480885941677	2.071143454707349	1.697480885941677	0.16600817941511747	Pittsburgh	Pittsburgh	GSE53987	CTL	STR	M	43.0	22.3	6.7	k35	control_str_8	GSE54572	MDD	ACC_BA25	M				Mpair11_MDD	MDD matched sample pair brain anterior cingulate cortex BA25_M #11	False	False	none	M	M	True	False	False
GSE53987__HG-U133_Plus_2|STR	GSM1305018	GSE54572__HG-U133_Plus_2|ACC_BA25	GSM1319182	0.28847816282847083	3.174868139668459	2.661048283554135	2.661048283554135	0.20148970407928735	Pittsburgh	Pittsburgh	GSE53987	CTL	STR	M	55.0	28.0	6.1	k22	control_str_14	GSE54572	MDD	ACC_BA25	M				Mpair7_MDD	MDD matched sample pair brain anterior cingulate cortex BA25_M #7	False	False	none	M	M	True	False	False
GSE53987__HG-U133_Plus_2|STR	GSM1305019	GSE54572__HG-U133_Plus_2|ACC_BA25	GSM1319168	0.23291893628950844	2.352400488296458	3.025103004884975	2.352400488296458	0.17090079097339528	Pittsburgh	Pittsburgh	GSE53987	CTL	STR	M	22.0	20.1	6.8	k23	control_str_15	GSE54572	CTL	ACC_BA25	M				Mpair2_CTL	Control matched sample pair brain anterior cingulate cortex BA25_M #2	False	True	none	M	M	True	False	False
GSE53987__HG-U133_Plus_2|STR	GSM1305023	GSE54572__HG-U133_Plus_2|ACC_BA25	GSM1319190	0.4850240735527287	3.7663541054117573	6.187838847648826	3.7663541054117573	0.2920109944942263	Pittsburgh	Pittsburgh	GSE53987	MDD	STR	M	42.0	14.3	6.4	k45	MDD_str_1	GSE54572	MDD	ACC_BA25	M				Mpair29_MDD	MDD matched sample pair brain anterior cingulate cortex BA25_M #29	False	True	none	M	M	True	False	True
GSE53987__HG-U133_Plus_2|STR	GSM1305024	GSE54572__HG-U133_Plus_2|ACC_BA25	GSM1319185	0.3671450958684804	4.408627016834848	5.058190101555527	4.408627016834848	0.1571052868371811	Pittsburgh	Pittsburgh	GSE53987	MDD	STR	M	44.0	19.3	6.5	k46	MDD_str_2	GSE54572	MDD	ACC_BA25	M				Mpair18_MDD	MDD matched sample pair brain anterior cingulate cortex BA25_M #18	False	True	probable	M	M	True	True	True
GSE53987__HG-U133_Plus_2|STR	GSM1305031	GSE54572__HG-U133_Plus_2|ACC_BA25	GSM1319188	0.422331429633798	3.2871763286633997	5.346307693896776	3.2871763286633997	0.26145485825110687	Pittsburgh	Pittsburgh	GSE53987	MDD	STR	M	51.0	24.6	6.5	k36	MDD_str_10	GSE54572	MDD	ACC_BA25	M				Mpair25_MDD	MDD matched sample pair brain anterior cingulate cortex BA25_M #25	False	True	none	M	M	True	False	True
GSE53987__HG-U133_Plus_2|STR	GSM1305032	GSE54572__HG-U133_Plus_2|ACC_BA25	GSM1319170	0.1766394462965113	2.832023721163825	2.669031229149318	2.669031229149318	0.09330668626259626	Pittsburgh	Pittsburgh	GSE53987	MDD	STR	F	53.0	11.9	6.7	k37	MDD_str_11	GSE54572	CTL	ACC_BA25	M				Mpair7_CTL	Control matched sample pair brain anterior cingulate cortex BA25_M #7	False	False	none	F	M	False	False	False
GSE53987__HG-U133_Plus_2|STR	GSM1305037	GSE54572__HG-U133_Plus_2|ACC_BA25	GSM1319176	0.16927241848008492	2.9644314004845027	2.6035248037771845	2.6035248037771845	0.08293194151485546	Pittsburgh	Pittsburgh	GSE53987	MDD	STR	F	49.0	23.4	6.4	k42	MDD_str_16	GSE54572	CTL	ACC_BA25	M				Mpair25_CTL	Control matched sample pair brain anterior cingulate cortex BA25_M #25	False	False	none	F	M	False	False	False
GSE53987__HG-U133_Plus_2|STR	GSM1305039	GSE54572__HG-U133_Plus_2|ACC_BA25	GSM1319181	0.2198519480870924	2.6000207962520725	2.439345560707856	2.439345560707856	0.1334989525374	Pittsburgh	Pittsburgh	GSE53987	SCZ	STR	M	50.0	11.0	6.23	k59	schiz_str_1	GSE54572	MDD	ACC_BA25	M				Mpair4_MDD	MDD matched sample pair brain anterior cingulate cortex BA25_M #4	False	False	none	M	M	True	False	False
GSE53987__HG-U133_Plus_2|STR	GSM1305045	GSE54572__HG-U133_Plus_2|ACC_BA25	GSM1319180	0.11824836161981582	1.8677128598709292	2.1596424982451086	1.8677128598709292	0.11128936086672142	Pittsburgh	Pittsburgh	GSE53987	SCZ	STR	F	44.0	18.7	6.2	k65	schiz_str_7	GSE54572	MDD	ACC_BA25	M				Mpair2_MDD	MDD matched sample pair brain anterior cingulate cortex BA25_M #2	False	False	none	F	M	False	False	False
GSE53987__HG-U133_Plus_2|STR	GSM1305046	GSE54572__HG-U133_Plus_2|ACC_BA25	GSM1319169	0.15579176941090522	2.2695428159933493	2.0268562030875534	2.0268562030875534	0.14493813586209733	Pittsburgh	Pittsburgh	GSE53987	SCZ	STR	M	38.0	28.8	6.56	k66	schiz_str_8	GSE54572	CTL	ACC_BA25	M				Mpair4_CTL	Control matched sample pair brain anterior cingulate cortex BA25_M #4	False	False	none	M	M	True	False	False
GSE54567__HG-U133_Plus_2|PFC_BA9	GSM1319051	GSE54567__HG-U133_Plus_2|PFC_BA9	GSM1319074	0.3132449615476035	2.0183266455275923	2.0917638190590733	2.0183266455275923	0.2954232419061689	Pittsburgh	Pittsburgh	GSE54567	CTL	PFC_BA9	M				Mpair2_CTL	Control matched sample pair brain dorsolateral prefrontal cortex BA9_M #2	GSE54567	MDD	PFC_BA9	M				Mpair26_MDD	MDD matched sample pair brain dorsolateral prefrontal cortex BA9_M #26	False	False	none	M	M	True	False	False
GSE54567__HG-U133_Plus_2|PFC_BA9	GSM1319052	GSE54567__HG-U133_Plus_2|PFC_BA9	GSM1319055	0.27742059892096094	1.2497148327699235	2.2319505533879305	1.2497148327699235	0.22729035426067606	Pittsburgh	Pittsburgh	GSE54567	CTL	PFC_BA9	M				Mpair4_CTL	Control matched sample pair brain dorsolateral prefrontal cortex BA9_M #4	GSE54567	CTL	PFC_BA9	M				Mpair15_CTL	Control matched sample pair brain dorsolateral prefrontal cortex BA9_M #15	False	True	none	M	M	True	False	False
GSE54567__HG-U133_Plus_2|PFC_BA9	GSM1319054	GSE54567__HG-U133_Plus_2|PFC_BA9	GSM1319056	0.24999841681375815	2.3418334772025076	1.6220179824721281	1.6220179824721281	0.15183496483518327	Pittsburgh	Pittsburgh	GSE54567	CTL	PFC_BA9	M				Mpair11_CTL	Control matched sample pair brain dorsolateral prefrontal cortex BA9_M #11	GSE54567	CTL	PFC_BA9	M				Mpair18_CTL	Control matched sample pair brain dorsolateral prefrontal cortex BA9_M #18	False	True	none	M	M	True	False	False
GSE54567__HG-U133_Plus_2|PFC_BA9	GSM1319064	GSE54567__HG-U133_Plus_2|PFC_BA9	GSM1319073	0.4905613781855596	2.2083238331422277	2.5477425364377537	2.2083238331422277	0.469886385407737	Pittsburgh	Pittsburgh	GSE54567	MDD	PFC_BA9	M				Mpair1_MDD	MDD matched sample pair brain dorsolateral prefrontal cortex BA9_M #1	GSE54567	MDD	PFC_BA9	M				Mpair25_MDD	MDD matched sample pair brain dorsolateral prefrontal cortex BA9_M #25	False	True	none	M	M	True	False	False
GSE54567__HG-U133_Plus_2|PFC_BA9	GSM1319065	GSE54567__HG-U133_Plus_2|PFC_BA9	GSM1319071	0.36353759878874287	2.250683632757626	2.834472691010991	2.250683632757626	0.2994448224139541	Pittsburgh	Pittsburgh	GSE54567	MDD	PFC_BA9	M				Mpair2_MDD	MDD matched sample pair brain dorsolateral prefrontal cortex BA9_M #2	GSE54567	MDD	PFC_BA9	M				Mpair20_MDD	MDD matched sample pair brain dorsolateral prefrontal cortex BA9_M #20	False	True	none	M	M	True	False	False
GSE54567__HG-U133_Plus_2|PFC_BA9	GSM1319066	GSE54567__HG-U133_Plus_2|PFC_BA9	GSM1319075	0.2729166756017087	2.260551037767719	1.9073173099022083	1.9073173099022083	0.27256816745450074	Pittsburgh	Pittsburgh	GSE54567	MDD	PFC_BA9	M				Mpair4_MDD	MDD matched sample pair brain dorsolateral prefrontal cortex BA9_M #4	GSE54567	MDD	PFC_BA9	M				Mpair27_MDD	MDD matched sample pair brain dorsolateral prefrontal cortex BA9_M #27	False	True	none	M	M	True	False	False
GSE54567__HG-U133_Plus_2|PFC_BA9	GSM1319050	GSE54568__HG-U133_Plus_2|PFC_BA9	GSM1319096	0.23339786337784507	2.848755447299192	3.3167590106041	2.848755447299192	0.16977931610802058	Pittsburgh	Pittsburgh	GSE54567	CTL	PFC_BA9	M				Mpair1_CTL	Control matched sample pair brain dorsolateral prefrontal cortex BA9_M #1	GSE54568	MDD	PFC_BA9	F				Fpair8_MDD	MDD matched sample pair brain dorsolateral prefrontal cortex BA9_F #8	False	False	none	M	F	False	False	False
GSE54567__HG-U133_Plus_2|PFC_BA9	GSM1319051	GSE54568__HG-U133_Plus_2|PFC_BA9	GSM1319105	0.18493378798364407	2.0564279388990703	2.666496682650809	2.0564279388990703	0.163669707554369	Pittsburgh	Pittsburgh	GSE54567	CTL	PFC_BA9	M				Mpair2_CTL	Control matched sample pair brain dorsolateral prefrontal cortex BA9_M #2	GSE54568	MDD	PFC_BA9	F				Fpair21_MDD	MDD matched sample pair brain dorsolateral prefrontal cortex BA9_F #21	False	False	none	M	F	False	False	False
GSE54567__HG-U133_Plus_2|PFC_BA9	GSM1319055	GSE54568__HG-U133_Plus_2|PFC_BA9	GSM1319085	0.15357745470978137	1.9177117214732033	2.7651512808280145	1.9177117214732033	0.13516284117369354	Pittsburgh	Pittsburgh	GSE54567	CTL	PFC_BA9	M				Mpair15_CTL	Control matched sample pair brain dorsolateral prefrontal cortex BA9_M #15	GSE54568	CTL	PFC_BA9	F				Fpair13_CTL	Control matched sample pair brain dorsolateral prefrontal cortex BA9_F #13	False	True	none	M	F	False	False	False
GSE54567__HG-U133_Plus_2|PFC_BA9	GSM1319057	GSE54568__HG-U133_Plus_2|PFC_BA9	GSM1319099	0.279617060313003	3.1512984569400366	2.747690373417819	2.747690373417819	0.17122111070541668	Pittsburgh	Pittsburgh	GSE54567	CTL	PFC_BA9	M				Mpair20_CTL	Control matched sample pair brain dorsolateral prefrontal cortex BA9_M #20	GSE54568	MDD	PFC_BA9	F				Fpair12_MDD	MDD matched sample pair brain dorsolateral prefrontal cortex BA9_F #12	False	False	none	M	F	False	False	False
GSE54567__HG-U133_Plus_2|PFC_BA9	GSM1319060	GSE54568__HG-U133_Plus_2|PFC_BA9	GSM1319103	0.1475384352032364	1.6903113179086413	2.1164511697377595	1.6903113179086413	0.14476827990769994	Pittsburgh	Pittsburgh	GSE54567	CTL	PFC_BA9	M				Mpair26_CTL	Control matched sample pair brain dorsolateral prefrontal cortex BA9_M #26	GSE54568	MDD	PFC_BA9	F				Fpair17_MDD	MDD matched sample pair brain dorsolateral prefrontal cortex BA9_F #17	False	False	none	M	F	False	False	False
GSE54567__HG-U133_Plus_2|PFC_BA9	GSM1319061	GSE54568__HG-U133_Plus_2|PFC_BA9	GSM1319087	0.12462689744897991	1.649374385262643	1.9298960456651417	1.649374385262643	0.11566377064768817	Pittsburgh	Pittsburgh	GSE54567	CTL	PFC_BA9	M				Mpair27_CTL	Control matched sample pair brain dorsolateral prefrontal cortex BA9_M #27	GSE54568	CTL	PFC_BA9	F				Fpair16_CTL	Control matched sample pair brain dorsolateral prefrontal cortex BA9_F #16	False	True	none	M	F	False	False	False
GSE54567__HG-U133_Plus_2|PFC_BA9	GSM1319062	GSE54568__HG-U133_Plus_2|PFC_BA9	GSM1319084	0.17633673225676627	2.2971980367220617	2.335314014313249	2.2971980367220617	0.13055184633716324	Pittsburgh	Pittsburgh	GSE54567	CTL	PFC_BA9	M				Mpair29_CTL	Control matched sample pair brain dorsolateral prefrontal cortex BA9_M #29	GSE54568	CTL	PFC_BA9	F				Fpair12_CTL	Control matched sample pair brain dorsolateral prefrontal cortex BA9_F #12	False	True	none	M	F	False	False	False
GSE54567__HG-U133_Plus_2|PFC_BA9	GSM1319063	GSE54568__HG-U133_Plus_2|PFC_BA9	GSM1319093	0.16458779960405592	2.1345097285814525	2.3884546902176895	2.1345097285814525	0.15861219232175205	Pittsburgh	Pittsburgh	GSE54567	CTL	PFC_BA9	M				Mpair30_CTL	Control matched sample pair brain dorsolateral prefrontal cortex BA9_M #30	GSE54568	MDD	PFC_BA9	F				Fpair3_MDD	MDD matched sample pair brain dorsolateral prefrontal cortex BA9_F #3	False	False	none	M	F	False	False	False
GSE54567__HG-U133_Plus_2|PFC_BA9	GSM1319064	GSE54568__HG-U133_Plus_2|PFC_BA9	GSM1319107	0.17588491852820806	2.7458259150754074	1.9292249766864296	1.9292249766864296	0.12706377819975842	Pittsburgh	Pittsburgh	GSE54567	MDD	PFC_BA9	M				Mpair1_MDD	MDD matched sample pair brain dorsolateral prefrontal cortex BA9_M #1	GSE54568	MDD	PFC_BA9	F				Fpair28_MDD	MDD matched sample pair brain dorsolateral prefrontal cortex BA9_F #28	False	True	none	M	F	False	False	False
GSE54567__HG-U133_Plus_2|PFC_BA9	GSM1319065	GSE54568__HG-U133_Plus_2|PFC_BA9	GSM1319100	0.1470363637971955	1.6129756988153765	2.4063851271711894	1.6129756988153765	0.1346156824386346	Pittsburgh	Pittsburgh	GSE54567	MDD	PFC_BA9	M				Mpair2_MDD	MDD matched sample pair brain dorsolateral prefrontal cortex BA9_M #2	GSE54568	MDD	PFC_BA9	F				Fpair13_MDD	MDD matched sample pair brain dorsolateral prefrontal cortex BA9_F #13	False	True	none	M	F	False	False	False
GSE54567__HG-U133_Plus_2|PFC_BA9	GSM1319067	GSE54568__HG-U133_Plus_2|PFC_BA9	GSM1319078	0.20477252587381123	1.9311342555007573	2.4669463882272864	1.9311342555007573	0.17110006201510664	Pittsburgh	Pittsburgh	GSE54567	MDD	PFC_BA9	M				Mpair7_MDD	MDD matched sample pair brain dorsolateral prefrontal cortex BA9_M #7	GSE54568	CTL	PFC_BA9	F				Fpair3_CTL	Control matched sample pair brain dorsolateral prefrontal cortex BA9_F #3	False	False	none	M	F	False	False	False
GSE54567__HG-U133_Plus_2|PFC_BA9	GSM1319050	GSE54571__HG-U133_Plus_2|ACC_BA25	GSM1319157	0.18217190231236954	2.2477652362496667	2.632247303087097	2.2477652362496667	0.14368392041890446	Pittsburgh	Pittsburgh	GSE54567	CTL	PFC_BA9	M				Mpair1_CTL	Control matched sample pair brain dorsolateral prefrontal cortex BA9_M #1	GSE54571	MDD	ACC_BA25	F				Fpair8_MDD	MDD matched sample pair brain anterior cingulate cortex BA25_F #8	False	False	none	M	F	False	False	False
GSE54567__HG-U133_Plus_2|PFC_BA9	GSM1319052	GSE54571__HG-U133_Plus_2|ACC_BA25	GSM1319151	0.11923965898691503	2.5329371215153205	1.8384898308597089	1.8384898308597089	0.1008221074757513	Pittsburgh	Pittsburgh	GSE54567	CTL	PFC_BA9	M				Mpair4_CTL	Control matched sample pair brain dorsolateral prefrontal cortex BA9_M #4	GSE54571	CTL	ACC_BA25	F				Fpair17_CTL	Control matched sample pair brain anterior cingulate cortex BA25_F #17	False	True	none	M	F	False	False	False
GSE54567__HG-U133_Plus_2|PFC_BA9	GSM1319056	GSE54571__HG-U133_Plus_2|ACC_BA25	GSM1319166	0.17427927048778286	2.9383133048021826	2.5681926386426377	2.5681926386426377	0.1157588502739957	Pittsburgh	Pittsburgh	GSE54567	CTL	PFC_BA9	M				Mpair18_CTL	Control matched sample pair brain dorsolateral prefrontal cortex BA9_M #18	GSE54571	MDD	ACC_BA25	F				Fpair21_MDD	MDD matched sample pair brain anterior cingulate cortex BA25_F #21	False	False	none	M	F	False	False	False
GSE54567__HG-U133_Plus_2|PFC_BA9	GSM1319057	GSE54571__HG-U133_Plus_2|ACC_BA25	GSM1319160	0.2331387840040231	2.4252571327765775	2.622268242967644	2.4252571327765775	0.16528625780719525	Pittsburgh	Pittsburgh	GSE54567	CTL	PFC_BA9	M				Mpair20_CTL	Control matched sample pair brain dorsolateral prefrontal cortex BA9_M #20	GSE54571	MDD	ACC_BA25	F				Fpair12_MDD	MDD matched sample pair brain anterior cingulate cortex BA25_F #12	False	False	none	M	F	False	False	False
GSE54567__HG-U133_Plus_2|PFC_BA9	GSM1319060	GSE54571__HG-U133_Plus_2|ACC_BA25	GSM1319165	0.22726385360718204	2.600750740250919	2.178872519563504	2.178872519563504	0.19114971617567394	Pittsburgh	Pittsburgh	GSE54567	CTL	PFC_BA9	M				Mpair26_CTL	Control matched sample pair brain dorsolateral prefrontal cortex BA9_M #26	GSE54571	MDD	ACC_BA25	F				Fpair19_MDD	MDD matched sample pair brain anterior cingulate cortex BA25_F #19	False	False	none	M	F	False	False	False
GSE54567__HG-U133_Plus_2|PFC_BA9	GSM1319061	GSE54571__HG-U133_Plus_2|ACC_BA25	GSM1319162	0.16970067500370337	1.8045241563854653	2.3383460202426862	1.8045241563854653	0.1643697223598777	Pittsburgh	Pittsburgh	GSE54567	CTL	PFC_BA9	M				Mpair27_CTL	Control matched sample pair brain dorsolateral prefrontal cortex BA9_M #27	GSE54571	MDD	ACC_BA25	F				Fpair14_MDD	MDD matched sample pair brain anterior cingulate cortex BA25_F #14	False	False	none	M	F	False	False	False
GSE54567__HG-U133_Plus_2|PFC_BA9	GSM1319062	GSE54571__HG-U133_Plus_2|ACC_BA25	GSM1319144	0.13174593112220676	1.7509603754536684	1.8674667048279532	1.7509603754536684	0.12989630297686242	Pittsburgh	Pittsburgh	GSE54567	CTL	PFC_BA9	M				Mpair29_CTL	Control matched sample pair brain dorsolateral prefrontal cortex BA9_M #29	GSE54571	CTL	ACC_BA25	F				Fpair8_CTL	Control matched sample pair brain anterior cingulate cortex BA25_F #8	False	True	none	M	F	False	False	False
GSE54567__HG-U133_Plus_2|PFC_BA9	GSM1319063	GSE54571__HG-U133_Plus_2|ACC_BA25	GSM1319148	0.14628738553446918	2.046138816005193	2.5080004516578143	2.046138816005193	0.14160425819516362	Pittsburgh	Pittsburgh	GSE54567	CTL	PFC_BA9	M				Mpair30_CTL	Control matched sample pair brain dorsolateral prefrontal cortex BA9_M #30	GSE54571	CTL	ACC_BA25	F				Fpair13_CTL	Control matched sample pair brain anterior cingulate cortex BA25_F #13	False	True	none	M	F	False	False	False
GSE54567__HG-U133_Plus_2|PFC_BA9	GSM1319065	GSE54571__HG-U133_Plus_2|ACC_BA25	GSM1319153	0.15059243994420177	2.0326306412394177	2.3047041159438173	2.0326306412394177	0.08974130562907177	Pittsburgh	Pittsburgh	GSE54567	MDD	PFC_BA9	M				Mpair2_MDD	MDD matched sample pair brain dorsolateral prefrontal cortex BA9_M #2	GSE54571	CTL	ACC_BA25	F				Fpair21_CTL	Control matched sample pair brain anterior cingulate cortex BA25_F #21	False	False	none	M	F	False	False	False
GSE54567__HG-U133_Plus_2|PFC_BA9	GSM1319067	GSE54571__HG-U133_Plus_2|ACC_BA25	GSM1319147	0.20799661074944487	2.1335786114193365	2.360345435969166	2.1335786114193365	0.15825037972410222	Pittsburgh	Pittsburgh	GSE54567	MDD	PFC_BA9	M				Mpair7_MDD	MDD matched sample pair brain dorsolateral prefrontal cortex BA9_M #7	GSE54571	CTL	ACC_BA25	F				Fpair12_CTL	Control matched sample pair brain anterior cingulate cortex BA25_F #12	False	False	none	M	F	False	False	False
GSE54567__HG-U133_Plus_2|PFC_BA9	GSM1319070	GSE54571__HG-U133_Plus_2|ACC_BA25	GSM1319159	0.11155666695743283	2.146930772617157	1.6248853082821382	1.6248853082821382	0.1073749013541773	Pittsburgh	Pittsburgh	GSE54567	MDD	PFC_BA9	M				Mpair18_MDD	MDD matched sample pair brain dorsolateral prefrontal cortex BA9_M #18	GSE54571	MDD	ACC_BA25	F				Fpair10_MDD	MDD matched sample pair brain anterior cingulate cortex BA25_F #10	False	True	none	M	F	False	False	False
GSE54567__HG-U133_Plus_2|PFC_BA9	GSM1319072	GSE54571__HG-U133_Plus_2|ACC_BA25	GSM1319150	0.1890651275168992	3.3987376635664033	2.237939924724396	2.237939924724396	0.11192924588612223	Pittsburgh	Pittsburgh	GSE54567	MDD	PFC_BA9	M				Mpair22_MDD	MDD matched sample pair brain dorsolateral prefrontal cortex BA9_M #22	GSE54571	CTL	ACC_BA25	F				Fpair16_CTL	Control matched sample pair brain anterior cingulate cortex BA25_F #16	False	False	none	M	F	False	False	False
GSE54567__HG-U133_Plus_2|PFC_BA9	GSM1319075	GSE54571__HG-U133_Plus_2|ACC_BA25	GSM1319146	0.16194054922427284	1.9360429107476826	2.973317267264882	1.9360429107476826	0.14084652349377794	Pittsburgh	Pittsburgh	GSE54567	MDD	PFC_BA9	M				Mpair27_MDD	MDD matched sample pair brain dorsolateral prefrontal cortex BA9_M #27	GSE54571	CTL	ACC_BA25	F				Fpair10_CTL	Control matched sample pair brain anterior cingulate cortex BA25_F #10	False	False	none	M	F	False	False	False
GSE54567__HG-U133_Plus_2|PFC_BA9	GSM1319077	GSE54571__HG-U133_Plus_2|ACC_BA25	GSM1319143	0.1894334039808311	2.8649314174374747	2.5059295535827615	2.5059295535827615	0.16877632037848694	Pittsburgh	Pittsburgh	GSE54567	MDD	PFC_BA9	M				Mpair30_MDD	MDD matched sample pair brain dorsolateral prefrontal cortex BA9_M #30	GSE54571	CTL	ACC_BA25	F				Fpair5_CTL	Control matched sample pair brain anterior cingulate cortex BA25_F #5	False	False	none	M	F	False	False	False
GSE54567__HG-U133_Plus_2|PFC_BA9	GSM1319052	GSE54572__HG-U133_Plus_2|ACC_BA25	GSM1319169	0.5273758960963071	2.6820676744535557	3.2068723038978177	2.6820676744535557	0.28061005398905076	Pittsburgh	Pittsburgh	GSE54567	CTL	PFC_BA9	M				Mpair4_CTL	Control matched sample pair brain dorsolateral prefrontal cortex BA9_M #4	GSE54572	CTL	ACC_BA25	M				Mpair4_CTL	Control matched sample pair brain anterior cingulate cortex BA25_M #4	False	True	none	M	M	True	False	False
GSE54567__HG-U133_Plus_2|PFC_BA9	GSM1319053	GSE54572__HG-U133_Plus_2|ACC_BA25	GSM1319170	0.6551285589047698	6.285404545854525	6.2389151415236626	6.2389151415236626	0.18339468055040617	Pittsburgh	Pittsburgh	GSE54567	CTL	PFC_BA9	M				Mpair7_CTL	Control matched sample pair brain dorsolateral prefrontal cortex BA9_M #7	GSE54572	CTL	ACC_BA25	M				Mpair7_CTL	Control matched sample pair brain anterior cingulate cortex BA25_M #7	False	True	match	M	M	True	True	True
GSE54567__HG-U133_Plus_2|PFC_BA9	GSM1319055	GSE54572__HG-U133_Plus_2|ACC_BA25	GSM1319172	0.5919726821145702	5.7559146476346745	4.467534212224248	4.467534212224248	0.17144790426502418	Pittsburgh	Pittsburgh	GSE54567	CTL	PFC_BA9	M				Mpair15_CTL	Control matched sample pair brain dorsolateral prefrontal cortex BA9_M #15	GSE54572	CTL	ACC_BA25	M				Mpair15_CTL	Control matched sample pair brain anterior cingulate cortex BA25_M #15	False	True	probable	M	M	True	True	True
GSE54567__HG-U133_Plus_2|PFC_BA9	GSM1319057	GSE54572__HG-U133_Plus_2|ACC_BA25	GSM1319174	0.3773603001677335	2.6074404826393613	3.3877786448372422	2.6074404826393613	0.3176135063326774	Pittsburgh	Pittsburgh	GSE54567	CTL	PFC_BA9	M				Mpair20_CTL	Control matched sample pair brain dorsolateral prefrontal cortex BA9_M #20	GSE54572	CTL	ACC_BA25	M				Mpair20_CTL	Control matched sample pair brain anterior cingulate cortex BA25_M #20	False	True	none	M	M	True	False	False
GSE54567__HG-U133_Plus_2|PFC_BA9	GSM1319059	GSE54572__HG-U133_Plus_2|ACC_BA25	GSM1319176	0.6500341939572079	7.097616003352475	6.113112094543929	6.113112094543929	0.15316007997679376	Pittsburgh	Pittsburgh	GSE54567	CTL	PFC_BA9	M				Mpair25_CTL	Control matched sample pair brain dorsolateral prefrontal cortex BA9_M #25	GSE54572	CTL	ACC_BA25	M				Mpair25_CTL	Control matched sample pair brain anterior cingulate cortex BA25_M #25	False	True	match	M	M	True	True	True
GSE54567__HG-U133_Plus_2|PFC_BA9	GSM1319060	GSE54572__HG-U133_Plus_2|ACC_BA25	GSM1319177	0.4825283473446365	3.1498552616795896	3.082350252202728	3.082350252202728	0.3182062804264136	Pittsburgh	Pittsburgh	GSE54567	CTL	PFC_BA9	M				Mpair26_CTL	Control matched sample pair brain dorsolateral prefrontal cortex BA9_M #26	GSE54572	CTL	ACC_BA25	M				Mpair26_CTL	Control matched sample pair brain anterior cingulate cortex BA25_M #26	False	True	none	M	M	True	False	True
GSE54567__HG-U133_Plus_2|PFC_BA9	GSM1319062	GSE54572__HG-U133_Plus_2|ACC_BA25	GSM1319178	0.3356897495659038	2.778386658745897	2.515867303985735	2.515867303985735	0.2976462714876433	Pittsburgh	Pittsburgh	GSE54567	CTL	PFC_BA9	M				Mpair29_CTL	Control matched sample pair brain dorsolateral prefrontal cortex BA9_M #29	GSE54572	CTL	ACC_BA25	M				Mpair29_CTL	Control matched sample pair brain anterior cingulate cortex BA25_M #29	False	True	none	M	M	True	False	False
GSE54567__HG-U133_Plus_2|PFC_BA9	GSM1319063	GSE54572__HG-U133_Plus_2|ACC_BA25	GSM1319179	0.5335626133198114	3.5426960670193037	4.028301708403838	3.5426960670193037	0.3169912833401296	Pittsburgh	Pittsburgh	GSE54567	CTL	PFC_BA9	M				Mpair30_CTL	Control matched sample pair brain dorsolateral prefrontal cortex BA9_M #30	GSE54572	CTL	ACC_BA25	M				Mpair30_CTL	Control matched sample pair brain anterior cingulate cortex BA25_M #30	False	True	none	M	M	True	False	True
GSE54567__HG-U133_Plus_2|PFC_BA9	GSM1319065	GSE54572__HG-U133_Plus_2|ACC_BA25	GSM1319180	0.45333995235843466	2.7253269135657603	3.8207397747538385	2.7253269135657603	0.26925155322712063	Pittsburgh	Pittsburgh	GSE54567	MDD	PFC_BA9	M				Mpair2_MDD	MDD matched sample pair brain dorsolateral prefrontal cortex BA9_M #2	GSE54572	MDD	ACC_BA25	M				Mpair2_MDD	MDD matched sample pair brain anterior cingulate cortex BA25_M #2	False	True	none	M	M	True	False	False
GSE54567__HG-U133_Plus_2|PFC_BA9	GSM1319066	GSE54572__HG-U133_Plus_2|ACC_BA25	GSM1319181	0.5158975353160253	4.409247009621512	3.8834773611179463	3.8834773611179463	0.31958603338575975	Pittsburgh	Pittsburgh	GSE54567	MDD	PFC_BA9	M				Mpair4_MDD	MDD matched sample pair brain dorsolateral prefrontal cortex BA9_M #4	GSE54572	MDD	ACC_BA25	M				Mpair4_MDD	MDD matched sample pair brain anterior cingulate cortex BA25_M #4	False	True	none	M	M	True	False	True
GSE54567__HG-U133_Plus_2|PFC_BA9	GSM1319067	GSE54572__HG-U133_Plus_2|ACC_BA25	GSM1319182	0.6598149865792755	4.435529417118931	5.039196518184546	4.435529417118931	0.22682608981648836	Pittsburgh	Pittsburgh	GSE54567	MDD	PFC_BA9	M				Mpair7_MDD	MDD matched sample pair brain dorsolateral prefrontal cortex BA9_M #7	GSE54572	MDD	ACC_BA25	M				Mpair7_MDD	MDD matched sample pair brain anterior cingulate cortex BA25_M #7	False	True	probable	M	M	True	True	True
GSE54567__HG-U133_Plus_2|PFC_BA9	GSM1319068	GSE54572__HG-U133_Plus_2|ACC_BA25	GSM1319183	0.3580466289957465	3.157892957566829	2.471886016408984	2.471886016408984	0.255577916726065	Pittsburgh	Pittsburgh	GSE54567	MDD	PFC_BA9	M				Mpair11_MDD	MDD matched sample pair brain dorsolateral prefrontal cortex BA9_M #11	GSE54572	MDD	ACC_BA25	M				Mpair11_MDD	MDD matched sample pair brain anterior cingulate cortex BA25_M #11	False	True	none	M	M	True	False	False
GSE54567__HG-U133_Plus_2|PFC_BA9	GSM1319069	GSE54572__HG-U133_Plus_2|ACC_BA25	GSM1319184	0.3226122449706633	2.3044675818594826	3.7238870154014205	2.3044675818594826	0.22454895433458213	Pittsburgh	Pittsburgh	GSE54567	MDD	PFC_BA9	M				Mpair15_MDD	MDD matched sample pair brain dorsolateral prefrontal cortex BA9_M #15	GSE54572	MDD	ACC_BA25	M				Mpair15_MDD	MDD matched sample pair brain anterior cingulate cortex BA25_M #15	False	True	none	M	M	True	False	False
GSE54567__HG-U133_Plus_2|PFC_BA9	GSM1319072	GSE54572__HG-U133_Plus_2|ACC_BA25	GSM1319187	0.48840089711857987	3.0924861892373765	2.851477210922358	2.851477210922358	0.3646545166943994	Pittsburgh	Pittsburgh	GSE54567	MDD	PFC_BA9	M				Mpair22_MDD	MDD matched sample pair brain dorsolateral prefrontal cortex BA9_M #22	GSE54572	MDD	ACC_BA25	M				Mpair22_MDD	MDD matched sample pair brain anterior cingulate cortex BA25_M #22	False	True	none	M	M	True	False	False
GSE54567__HG-U133_Plus_2|PFC_BA9	GSM1319073	GSE54572__HG-U133_Plus_2|ACC_BA25	GSM1319188	0.6577405548437247	3.633184242321979	3.749058709705724	3.633184242321979	0.26640002363268117	Pittsburgh	Pittsburgh	GSE54567	MDD	PFC_BA9	M				Mpair25_MDD	MDD matched sample pair brain dorsolateral prefrontal cortex BA9_M #25	GSE54572	MDD	ACC_BA25	M				Mpair25_MDD	MDD matched sample pair brain anterior cingulate cortex BA25_M #25	False	True	none	M	M	True	False	True
GSE54567__HG-U133_Plus_2|PFC_BA9	GSM1319074	GSE54572__HG-U133_Plus_2|ACC_BA25	GSM1319189	0.644426149592606	3.704670726963009	4.398233510722736	3.704670726963009	0.47528417445689153	Pittsburgh	Pittsburgh	GSE54567	MDD	PFC_BA9	M				Mpair26_MDD	MDD matched sample pair brain dorsolateral prefrontal cortex BA9_M #26	GSE54572	MDD	ACC_BA25	M				Mpair26_MDD	MDD matched sample pair brain anterior cingulate cortex BA25_M #26	False	True	none	M	M	True	False	True
GSE54567__HG-U133_Plus_2|PFC_BA9	GSM1319076	GSE54572__HG-U133_Plus_2|ACC_BA25	GSM1319190	0.6872457673378005	4.379275923037038	5.400148869509116	4.379275923037038	0.2965621587080669	Pittsburgh	Pittsburgh	GSE54567	MDD	PFC_BA9	M				Mpair29_MDD	MDD matched sample pair brain dorsolateral prefrontal cortex BA9_M #29	GSE54572	MDD	ACC_BA25	M				Mpair29_MDD	MDD matched sample pair brain anterior cingulate cortex BA25_M #29	False	True	probable	M	M	True	True	True
GSE54567__HG-U133_Plus_2|PFC_BA9	GSM1319077	GSE54572__HG-U133_Plus_2|ACC_BA25	GSM1319191	0.4490136141957591	2.776233336043897	3.1633864985120503	2.776233336043897	0.24385434451447585	Pittsburgh	Pittsburgh	GSE54567	MDD	PFC_BA9	M				Mpair30_MDD	MDD matched sample pair brain dorsolateral prefrontal cortex BA9_M #30	GSE54572	MDD	ACC_BA25	M				Mpair30_MDD	MDD matched sample pair brain anterior cingulate cortex BA25_M #30	False	True	none	M	M	True	False	False
GSE54568__HG-U133_Plus_2|PFC_BA9	GSM1319080	GSE54568__HG-U133_Plus_2|PFC_BA9	GSM1319100	0.5391510956303298	2.8578411450636554	3.3965119838217013	2.8578411450636554	0.24179745515286044	Pittsburgh	Pittsburgh	GSE54568	CTL	PFC_BA9	F				Fpair6_CTL	Control matched sample pair brain dorsolateral prefrontal cortex BA9_F #6	GSE54568	MDD	PFC_BA9	F				Fpair13_MDD	MDD matched sample pair brain dorsolateral prefrontal cortex BA9_F #13	False	False	none	F	F	True	False	False
GSE54568__HG-U133_Plus_2|PFC_BA9	GSM1319083	GSE54568__HG-U133_Plus_2|PFC_BA9	GSM1319096	0.4406131032630909	3.0124451347909216	3.1522229754651905	3.0124451347909216	0.2774006269317759	Pittsburgh	Pittsburgh	GSE54568	CTL	PFC_BA9	F				Fpair10_CTL	Control matched sample pair brain dorsolateral prefrontal cortex BA9_F #10	GSE54568	MDD	PFC_BA9	F				Fpair8_MDD	MDD matched sample pair brain dorsolateral prefrontal cortex BA9_F #8	False	False	none	F	F	True	False	False
GSE54568__HG-U133_Plus_2|PFC_BA9	GSM1319090	GSE54568__HG-U133_Plus_2|PFC_BA9	GSM1319099	0.2458604941755097	1.5761774515237021	2.136991785041218	1.5761774515237021	0.2206549915503355	Pittsburgh	Pittsburgh	GSE54568	CTL	PFC_BA9	F				Fpair21_CTL	Control matched sample pair brain dorsolateral prefrontal cortex BA9_F #21	GSE54568	MDD	PFC_BA9	F				Fpair12_MDD	MDD matched sample pair brain dorsolateral prefrontal cortex BA9_F #12	False	False	none	F	F	True	False	False
GSE54568__HG-U133_Plus_2|PFC_BA9	GSM1319094	GSE54568__HG-U133_Plus_2|PFC_BA9	GSM1319095	0.4785832171731307	2.405980428540615	2.332886432437211	2.332886432437211	0.4306546248177656	Pittsburgh	Pittsburgh	GSE54568	MDD	PFC_BA9	F				Fpair5_MDD	MDD matched sample pair brain dorsolateral prefrontal cortex BA9_F #5	GSE54568	MDD	PFC_BA9	F				Fpair6_MDD	MDD matched sample pair brain dorsolateral prefrontal cortex BA9_F #6	False	True	none	F	F	True	False	False
GSE54568__HG-U133_Plus_2|PFC_BA9	GSM1319101	GSE54568__HG-U133_Plus_2|PFC_BA9	GSM1319105	0.4231741707367375	2.395798300242005	3.8648007900545807	2.395798300242005	0.4009210907168879	Pittsburgh	Pittsburgh	GSE54568	MDD	PFC_BA9	F				Fpair14_MDD	MDD matched sample pair brain dorsolateral prefrontal cortex BA9_F #14	GSE54568	MDD	PFC_BA9	F				Fpair21_MDD	MDD matched sample pair brain dorsolateral prefrontal cortex BA9_F #21	False	True	none	F	F	True	False	False
GSE54568__HG-U133_Plus_2|PFC_BA9	GSM1319078	GSE54571__HG-U133_Plus_2|ACC_BA25	GSM1319142	0.22225056794709064	2.115398955449086	1.574464402770895	1.574464402770895	0.18717603985117479	Pittsburgh	Pittsburgh	GSE54568	CTL	PFC_BA9	F				Fpair3_CTL	Control matched sample pair brain dorsolateral prefrontal cortex BA9_F #3	GSE54571	CTL	ACC_BA25	F				Fpair3_CTL	Control matched sample pair brain anterior cingulate cortex BA25_F #3	False	True	none	F	F	True	False	False
GSE54568__HG-U133_Plus_2|PFC_BA9	GSM1319079	GSE54571__HG-U133_Plus_2|ACC_BA25	GSM1319143	0.613851319423337	4.7164330045205185	4.6078803610597	4.6078803610597	0.23564915704582717	Pittsburgh	Pittsburgh	GSE54568	CTL	PFC_BA9	F				Fpair5_CTL	Control matched sample pair brain dorsolateral prefrontal cortex BA9_F #5	GSE54571	CTL	ACC_BA25	F				Fpair5_CTL	Control matched sample pair brain anterior cingulate cortex BA25_F #5	False	True	probable	F	F	True	True	True
GSE54568__HG-U133_Plus_2|PFC_BA9	GSM1319081	GSE54571__HG-U133_Plus_2|ACC_BA25	GSM1319144	0.6398243104032255	4.686506086675931	5.21998950155521	4.686506086675931	0.20301923145167514	Pittsburgh	Pittsburgh	GSE54568	CTL	PFC_BA9	F				Fpair8_CTL	Control matched sample pair brain dorsolateral prefrontal cortex BA9_F #8	GSE54571	CTL	ACC_BA25	F				Fpair8_CTL	Control matched sample pair brain anterior cingulate cortex BA25_F #8	False	True	probable	F	F	True	True	True
GSE54568__HG-U133_Plus_2|PFC_BA9	GSM1319082	GSE54571__HG-U133_Plus_2|ACC_BA25	GSM1319145	0.5594963887908182	3.72529855878014	4.245309551704461	3.72529855878014	0.25681596328501793	Pittsburgh	Pittsburgh	GSE54568	CTL	PFC_BA9	F				Fpair9_CTL	Control matched sample pair brain dorsolateral prefrontal cortex BA9_F #9	GSE54571	CTL	ACC_BA25	F				Fpair9_CTL	Control matched sample pair brain anterior cingulate cortex BA25_F #9	False	True	none	F	F	True	False	True
GSE54568__HG-U133_Plus_2|PFC_BA9	GSM1319083	GSE54571__HG-U133_Plus_2|ACC_BA25	GSM1319146	0.40875914282044434	3.029021120821201	2.5952738065192498	2.5952738065192498	0.35973464888048073	Pittsburgh	Pittsburgh	GSE54568	CTL	PFC_BA9	F				Fpair10_CTL	Control matched sample pair brain dorsolateral prefrontal cortex BA9_F #10	GSE54571	CTL	ACC_BA25	F				Fpair10_CTL	Control matched sample pair brain anterior cingulate cortex BA25_F #10	False	True	none	F	F	True	False	False
GSE54568__HG-U133_Plus_2|PFC_BA9	GSM1319084	GSE54571__HG-U133_Plus_2|ACC_BA25	GSM1319147	0.5104149335576095	4.2169907513966844	4.302424299519302	4.2169907513966844	0.27849593123679695	Pittsburgh	Pittsburgh	GSE54568	CTL	PFC_BA9	F				Fpair12_CTL	Control matched sample pair brain dorsolateral prefrontal cortex BA9_F #12	GSE54571	CTL	ACC_BA25	F				Fpair12_CTL	Control matched sample pair brain anterior cingulate cortex BA25_F #12	False	True	probable	F	F	True	True	True
GSE54568__HG-U133_Plus_2|PFC_BA9	GSM1319085	GSE54571__HG-U133_Plus_2|ACC_BA25	GSM1319148	0.4799289534204975	4.583627348411133	5.152888588934326	4.583627348411133	0.15288635166320202	Pittsburgh	Pittsburgh	GSE54568	CTL	PFC_BA9	F				Fpair13_CTL	Control matched sample pair brain dorsolateral prefrontal cortex BA9_F #13	GSE54571	CTL	ACC_BA25	F				Fpair13_CTL	Control matched sample pair brain anterior cingulate cortex BA25_F #13	False	True	probable	F	F	True	True	True
GSE54568__HG-U133_Plus_2|PFC_BA9	GSM1319086	GSE54571__HG-U133_Plus_2|ACC_BA25	GSM1319149	0.5591989107802804	3.840978162884593	3.9765150815061165	3.840978162884593	0.3966935734182391	Pittsburgh	Pittsburgh	GSE54568	CTL	PFC_BA9	F				Fpair14_CTL	Control matched sample pair brain dorsolateral prefrontal cortex BA9_F #14	GSE54571	CTL	ACC_BA25	F				Fpair14_CTL	Control matched sample pair brain anterior cingulate cortex BA25_F #14	False	True	none	F	F	True	False	True
GSE54568__HG-U133_Plus_2|PFC_BA9	GSM1319087	GSE54571__HG-U133_Plus_2|ACC_BA25	GSM1319150	0.36590493032767973	2.3480279851641868	2.4389607262326067	2.3480279851641868	0.22342813595685646	Pittsburgh	Pittsburgh	GSE54568	CTL	PFC_BA9	F				Fpair16_CTL	Control matched sample pair brain dorsolateral prefrontal cortex BA9_F #16	GSE54571	CTL	ACC_BA25	F				Fpair16_CTL	Control matched sample pair brain anterior cingulate cortex BA25_F #16	False	True	none	F	F	True	False	False
GSE54568__HG-U133_Plus_2|PFC_BA9	GSM1319088	GSE54571__HG-U133_Plus_2|ACC_BA25	GSM1319151	0.6626843246845459	4.818873253840359	5.404728077448356	4.818873253840359	0.17750570417996697	Pittsburgh	Pittsburgh	GSE54568	CTL	PFC_BA9	F				Fpair17_CTL	Control matched sample pair brain dorsolateral prefrontal cortex BA9_F #17	GSE54571	CTL	ACC_BA25	F				Fpair17_CTL	Control matched sample pair brain anterior cingulate cortex BA25_F #17	False	True	probable	F	F	True	True	True
GSE54568__HG-U133_Plus_2|PFC_BA9	GSM1319089	GSE54571__HG-U133_Plus_2|ACC_BA25	GSM1319152	0.647096091336234	4.362516136949727	4.401354416969898	4.362516136949727	0.32965891233413736	Pittsburgh	Pittsburgh	GSE54568	CTL	PFC_BA9	F				Fpair19_CTL	Control matched sample pair brain dorsolateral prefrontal cortex BA9_F #19	GSE54571	CTL	ACC_BA25	F				Fpair19_CTL	Control matched sample pair brain anterior cingulate cortex BA25_F #19	False	True	probable	F	F	True	True	True
GSE54568__HG-U133_Plus_2|PFC_BA9	GSM1319090	GSE54571__HG-U133_Plus_2|ACC_BA25	GSM1319153	0.5080365937465159	3.7421786802801993	4.610222653251417	3.7421786802801993	0.26785624349764486	Pittsburgh	Pittsburgh	GSE54568	CTL	PFC_BA9	F				Fpair21_CTL	Control matched sample pair brain dorsolateral prefrontal cortex BA9_F #21	GSE54571	CTL	ACC_BA25	F				Fpair21_CTL	Control matched sample pair brain anterior cingulate cortex BA25_F #21	False	True	none	F	F	True	False	True
GSE54568__HG-U133_Plus_2|PFC_BA9	GSM1319091	GSE54571__HG-U133_Plus_2|ACC_BA25	GSM1319154	0.5859694360655012	3.5900752594437177	3.640961166743899	3.5900752594437177	0.24483546132235656	Pittsburgh	Pittsburgh	GSE54568	CTL	PFC_BA9	F				Fpair24_CTL	Control matched sample pair brain dorsolateral prefrontal cortex BA9_F #24	GSE54571	CTL	ACC_BA25	F				Fpair24_CTL	Control matched sample pair brain anterior cingulate cortex BA25_F #24	False	True	none	F	F	True	False	True
GSE54568__HG-U133_Plus_2|PFC_BA9	GSM1319093	GSE54571__HG-U133_Plus_2|ACC_BA25	GSM1319155	0.6456807430355747	4.474605094429003	5.2605573926678515	4.474605094429003	0.30256316831447144	Pittsburgh	Pittsburgh	GSE54568	MDD	PFC_BA9	F				Fpair3_MDD	MDD matched sample pair brain dorsolateral prefrontal cortex BA9_F #3	GSE54571	MDD	ACC_BA25	F				Fpair3_MDD	MDD matched sample pair brain anterior cingulate cortex BA25_F #3	False	True	probable	F	F	True	True	True
GSE54568__HG-U133_Plus_2|PFC_BA9	GSM1319096	GSE54571__HG-U133_Plus_2|ACC_BA25	GSM1319157	0.4733168698723715	3.526031341386521	3.552112002818723	3.526031341386521	0.24995079259424122	Pittsburgh	Pittsburgh	GSE54568	MDD	PFC_BA9	F				Fpair8_MDD	MDD matched sample pair brain dorsolateral prefrontal cortex BA9_F #8	GSE54571	MDD	ACC_BA25	F				Fpair8_MDD	MDD matched sample pair brain anterior cingulate cortex BA25_F #8	False	True	none	F	F	True	False	True
GSE54568__HG-U133_Plus_2|PFC_BA9	GSM1319097	GSE54571__HG-U133_Plus_2|ACC_BA25	GSM1319158	0.6525691596083443	4.87239550495655	5.525721575286424	4.87239550495655	0.3135027090292325	Pittsburgh	Pittsburgh	GSE54568	MDD	PFC_BA9	F				Fpair9_MDD	MDD matched sample pair brain dorsolateral prefrontal cortex BA9_F #9	GSE54571	MDD	ACC_BA25	F				Fpair9_MDD	MDD matched sample pair brain anterior cingulate cortex BA25_F #9	False	True	probable	F	F	True	True	True
GSE54568__HG-U133_Plus_2|PFC_BA9	GSM1319098	GSE54571__HG-U133_Plus_2|ACC_BA25	GSM1319159	0.6019872562330578	5.609628694889434	6.211849342385632	5.609628694889434	0.11724449812326061	Pittsburgh	Pittsburgh	GSE54568	MDD	PFC_BA9	F				Fpair10_MDD	MDD matched sample pair brain dorsolateral prefrontal cortex BA9_F #10	GSE54571	MDD	ACC_BA25	F				Fpair10_MDD	MDD matched sample pair brain anterior cingulate cortex BA25_F #10	False	True	match	F	F	True	True	True
GSE54568__HG-U133_Plus_2|PFC_BA9	GSM1319099	GSE54571__HG-U133_Plus_2|ACC_BA25	GSM1319160	0.5456730960795084	4.20892482872607	3.544127221634189	3.544127221634189	0.30449457570453947	Pittsburgh	Pittsburgh	GSE54568	MDD	PFC_BA9	F				Fpair12_MDD	MDD matched sample pair brain dorsolateral prefrontal cortex BA9_F #12	GSE54571	MDD	ACC_BA25	F				Fpair12_MDD	MDD matched sample pair brain anterior cingulate cortex BA25_F #12	False	True	none	F	F	True	False	True
GSE54568__HG-U133_Plus_2|PFC_BA9	GSM1319101	GSE54571__HG-U133_Plus_2|ACC_BA25	GSM1319162	0.4433049604650757	2.7414582666238987	2.627331990907025	2.627331990907025	0.2492202360425843	Pittsburgh	Pittsburgh	GSE54568	MDD	PFC_BA9	F				Fpair14_MDD	MDD matched sample pair brain dorsolateral prefrontal cortex BA9_F #14	GSE54571	MDD	ACC_BA25	F				Fpair14_MDD	MDD matched sample pair brain anterior cingulate cortex BA25_F #14	False	True	none	F	F	True	False	False
GSE54568__HG-U133_Plus_2|PFC_BA9	GSM1319102	GSE54571__HG-U133_Plus_2|ACC_BA25	GSM1319163	0.7396898126567691	7.179472726495995	7.044792169104358	7.044792169104358	0.1598039976620318	Pittsburgh	Pittsburgh	GSE54568	MDD	PFC_BA9	F				Fpair16_MDD	MDD matched sample pair brain dorsolateral prefrontal cortex BA9_F #16	GSE54571	MDD	ACC_BA25	F				Fpair16_MDD	MDD matched sample pair brain anterior cingulate cortex BA25_F #16	False	True	match	F	F	True	True	True
GSE54568__HG-U133_Plus_2|PFC_BA9	GSM1319103	GSE54571__HG-U133_Plus_2|ACC_BA25	GSM1319164	0.39061914056813046	2.7779661759996133	2.3668747657152482	2.3668747657152482	0.18490291667881617	Pittsburgh	Pittsburgh	GSE54568	MDD	PFC_BA9	F				Fpair17_MDD	MDD matched sample pair brain dorsolateral prefrontal cortex BA9_F #17	GSE54571	MDD	ACC_BA25	F				Fpair17_MDD	MDD matched sample pair brain anterior cingulate cortex BA25_F #17	False	True	none	F	F	True	False	False
GSE54568__HG-U133_Plus_2|PFC_BA9	GSM1319104	GSE54571__HG-U133_Plus_2|ACC_BA25	GSM1319165	0.5688828129132307	4.608436973623208	4.853714988331195	4.608436973623208	0.2522002525578804	Pittsburgh	Pittsburgh	GSE54568	MDD	PFC_BA9	F				Fpair19_MDD	MDD matched sample pair brain dorsolateral prefrontal cortex BA9_F #19	GSE54571	MDD	ACC_BA25	F				Fpair19_MDD	MDD matched sample pair brain anterior cingulate cortex BA25_F #19	False	True	probable	F	F	True	True	True
GSE54568__HG-U133_Plus_2|PFC_BA9	GSM1319105	GSE54571__HG-U133_Plus_2|ACC_BA25	GSM1319166	0.6154830787048675	6.7665408731980365	5.925132688583859	5.925132688583859	0.09606040337990468	Pittsburgh	Pittsburgh	GSE54568	MDD	PFC_BA9	F				Fpair21_MDD	MDD matched sample pair brain dorsolateral prefrontal cortex BA9_F #21	GSE54571	MDD	ACC_BA25	F				Fpair21_MDD	MDD matched sample pair brain anterior cingulate cortex BA25_F #21	False	True	match	F	F	True	True	True
GSE54568__HG-U133_Plus_2|PFC_BA9	GSM1319106	GSE54571__HG-U133_Plus_2|ACC_BA25	GSM1319167	0.4226934186456161	3.0588779896033738	3.587897312216124	3.0588779896033738	0.2301576285033621	Pittsburgh	Pittsburgh	GSE54568	MDD	PFC_BA9	F				Fpair24_MDD	MDD matched sample pair brain dorsolateral prefrontal cortex BA9_F #24	GSE54571	MDD	ACC_BA25	F				Fpair24_MDD	MDD matched sample pair brain anterior cingulate cortex BA25_F #24	False	True	none	F	F	True	False	True
GSE54568__HG-U133_Plus_2|PFC_BA9	GSM1319083	GSE54572__HG-U133_Plus_2|ACC_BA25	GSM1319178	0.14164019123002858	2.3320154299026328	2.0252744164960927	2.0252744164960927	0.12581539688240564	Pittsburgh	Pittsburgh	GSE54568	CTL	PFC_BA9	F				Fpair10_CTL	Control matched sample pair brain dorsolateral prefrontal cortex BA9_F #10	GSE54572	CTL	ACC_BA25	M				Mpair29_CTL	Control matched sample pair brain anterior cingulate cortex BA25_M #29	False	True	none	F	M	False	False	False
GSE54568__HG-U133_Plus_2|PFC_BA9	GSM1319085	GSE54572__HG-U133_Plus_2|ACC_BA25	GSM1319174	0.1353643227113669	2.582827435914813	2.122739853422053	2.122739853422053	0.1194033135615749	Pittsburgh	Pittsburgh	GSE54568	CTL	PFC_BA9	F				Fpair13_CTL	Control matched sample pair brain dorsolateral prefrontal cortex BA9_F #13	GSE54572	CTL	ACC_BA25	M				Mpair20_CTL	Control matched sample pair brain anterior cingulate cortex BA25_M #20	False	True	none	F	M	False	False	False
GSE54568__HG-U133_Plus_2|PFC_BA9	GSM1319088	GSE54572__HG-U133_Plus_2|ACC_BA25	GSM1319175	0.16047738641398943	3.1725431436936917	2.621295182457018	2.621295182457018	0.10628546248562112	Pittsburgh	Pittsburgh	GSE54568	CTL	PFC_BA9	F				Fpair17_CTL	Control matched sample pair brain dorsolateral prefrontal cortex BA9_F #17	GSE54572	CTL	ACC_BA25	M				Mpair22_CTL	Control matched sample pair brain anterior cingulate cortex BA25_M #22	False	True	none	F	M	False	False	False
GSE54568__HG-U133_Plus_2|PFC_BA9	GSM1319093	GSE54572__HG-U133_Plus_2|ACC_BA25	GSM1319179	0.15553455061781604	2.007946306056106	3.0036810246731926	2.007946306056106	0.13498480937660653	Pittsburgh	Pittsburgh	GSE54568	MDD	PFC_BA9	F				Fpair3_MDD	MDD matched sample pair brain dorsolateral prefrontal cortex BA9_F #3	GSE54572	CTL	ACC_BA25	M				Mpair30_CTL	Control matched sample pair brain anterior cingulate cortex BA25_M #30	False	False	none	F	M	False	False	False
GSE54568__HG-U133_Plus_2|PFC_BA9	GSM1319094	GSE54572__HG-U133_Plus_2|ACC_BA25	GSM1319181	0.19934102058151756	2.509243585173304	1.981951147087186	1.981951147087186	0.11487810084582091	Pittsburgh	Pittsburgh	GSE54568	MDD	PFC_BA9	F				Fpair5_MDD	MDD matched sample pair brain dorsolateral prefrontal cortex BA9_F #5	GSE54572	MDD	ACC_BA25	M				Mpair4_MDD	MDD matched sample pair brain anterior cingulate cortex BA25_M #4	False	True	none	F	M	False	False	False
GSE54568__HG-U133_Plus_2|PFC_BA9	GSM1319097	GSE54572__HG-U133_Plus_2|ACC_BA25	GSM1319191	0.15760803477734772	2.1080227646995677	2.084864504580775	2.084864504580775	0.13109441807723515	Pittsburgh	Pittsburgh	GSE54568	MDD	PFC_BA9	F				Fpair9_MDD	MDD matched sample pair brain dorsolateral prefrontal cortex BA9_F #9	GSE54572	MDD	ACC_BA25	M				Mpair30_MDD	MDD matched sample pair brain anterior cingulate cortex BA25_M #30	False	True	none	F	M	False	False	False
GSE54568__HG-U133_Plus_2|PFC_BA9	GSM1319098	GSE54572__HG-U133_Plus_2|ACC_BA25	GSM1319187	0.13540888541795496	1.8337447538861757	2.4780814911845708	1.8337447538861757	0.11274251229119112	Pittsburgh	Pittsburgh	GSE54568	MDD	PFC_BA9	F				Fpair10_MDD	MDD matched sample pair brain dorsolateral prefrontal cortex BA9_F #10	GSE54572	MDD	ACC_BA25	M				Mpair22_MDD	MDD matched sample pair brain anterior cingulate cortex BA25_M #22	False	True	none	F	M	False	False	False
GSE54568__HG-U133_Plus_2|PFC_BA9	GSM1319099	GSE54572__HG-U133_Plus_2|ACC_BA25	GSM1319170	0.1704168804701664	2.012253732477182	2.9381160707519074	2.012253732477182	0.14016521316009473	Pittsburgh	Pittsburgh	GSE54568	MDD	PFC_BA9	F				Fpair12_MDD	MDD matched sample pair brain dorsolateral prefrontal cortex BA9_F #12	GSE54572	CTL	ACC_BA25	M				Mpair7_CTL	Control matched sample pair brain anterior cingulate cortex BA25_M #7	False	False	none	F	M	False	False	False
GSE54568__HG-U133_Plus_2|PFC_BA9	GSM1319100	GSE54572__HG-U133_Plus_2|ACC_BA25	GSM1319180	0.18521704093834332	2.2722188329514155	2.409525467660729	2.2722188329514155	0.11998779036829091	Pittsburgh	Pittsburgh	GSE54568	MDD	PFC_BA9	F				Fpair13_MDD	MDD matched sample pair brain dorsolateral prefrontal cortex BA9_F #13	GSE54572	MDD	ACC_BA25	M				Mpair2_MDD	MDD matched sample pair brain anterior cingulate cortex BA25_M #2	False	True	none	F	M	False	False	False
GSE54568__HG-U133_Plus_2|PFC_BA9	GSM1319101	GSE54572__HG-U133_Plus_2|ACC_BA25	GSM1319183	0.14938979699862256	2.0897955676997797	1.9839893614166482	1.9839893614166482	0.12885809502756532	Pittsburgh	Pittsburgh	GSE54568	MDD	PFC_BA9	F				Fpair14_MDD	MDD matched sample pair brain dorsolateral prefrontal cortex BA9_F #14	GSE54572	MDD	ACC_BA25	M				Mpair11_MDD	MDD matched sample pair brain anterior cingulate cortex BA25_M #11	False	True	none	F	M	False	False	False
GSE54568__HG-U133_Plus_2|PFC_BA9	GSM1319105	GSE54572__HG-U133_Plus_2|ACC_BA25	GSM1319185	0.18661465644724354	2.5076206220250175	2.220985360984609	2.220985360984609	0.13071066745845553	Pittsburgh	Pittsburgh	GSE54568	MDD	PFC_BA9	F				Fpair21_MDD	MDD matched sample pair brain dorsolateral prefrontal cortex BA9_F #21	GSE54572	MDD	ACC_BA25	M				Mpair18_MDD	MDD matched sample pair brain anterior cingulate cortex BA25_M #18	False	True	none	F	M	False	False	False
GSE54568__HG-U133_Plus_2|PFC_BA9	GSM1319107	GSE54572__HG-U133_Plus_2|ACC_BA25	GSM1319182	0.2425540045778204	2.6279550441614346	2.0713288571992443	2.0713288571992443	0.17397982708909984	Pittsburgh	Pittsburgh	GSE54568	MDD	PFC_BA9	F				Fpair28_MDD	MDD matched sample pair brain dorsolateral prefrontal cortex BA9_F #28	GSE54572	MDD	ACC_BA25	M				Mpair7_MDD	MDD matched sample pair brain anterior cingulate cortex BA25_M #7	False	True	none	F	M	False	False	False
GSE54571__HG-U133_Plus_2|ACC_BA25	GSM1319143	GSE54571__HG-U133_Plus_2|ACC_BA25	GSM1319145	0.4153465790318808	2.7076828857933997	2.4672811408767763	2.4672811408767763	0.3172813569399048	Pittsburgh	Pittsburgh	GSE54571	CTL	ACC_BA25	F				Fpair5_CTL	Control matched sample pair brain anterior cingulate cortex BA25_F #5	GSE54571	CTL	ACC_BA25	F				Fpair9_CTL	Control matched sample pair brain anterior cingulate cortex BA25_F #9	False	True	none	F	F	True	False	False
GSE54571__HG-U133_Plus_2|ACC_BA25	GSM1319146	GSE54571__HG-U133_Plus_2|ACC_BA25	GSM1319162	0.6444035006923498	3.4385846385009518	3.352447394320294	3.352447394320294	0.3153063887979	Pittsburgh	Pittsburgh	GSE54571	CTL	ACC_BA25	F				Fpair10_CTL	Control matched sample pair brain anterior cingulate cortex BA25_F #10	GSE54571	MDD	ACC_BA25	F				Fpair14_MDD	MDD matched sample pair brain anterior cingulate cortex BA25_F #14	False	False	none	F	F	True	False	False
GSE54571__HG-U133_Plus_2|ACC_BA25	GSM1319147	GSE54571__HG-U133_Plus_2|ACC_BA25	GSM1319150	0.3820282340021706	2.4314518673978083	2.7177291386389753	2.4314518673978083	0.3082901815273805	Pittsburgh	Pittsburgh	GSE54571	CTL	ACC_BA25	F				Fpair12_CTL	Control matched sample pair brain anterior cingulate cortex BA25_F #12	GSE54571	CTL	ACC_BA25	F				Fpair16_CTL	Control matched sample pair brain anterior cingulate cortex BA25_F #16	False	True	none	F	F	True	False	False
GSE54571__HG-U133_Plus_2|ACC_BA25	GSM1319149	GSE54571__HG-U133_Plus_2|ACC_BA25	GSM1319157	0.5780416186520272	3.0460746201795086	3.519605735206852	3.0460746201795086	0.30082121028332104	Pittsburgh	Pittsburgh	GSE54571	CTL	ACC_BA25	F				Fpair14_CTL	Control matched sample pair brain anterior cingulate cortex BA25_F #14	GSE54571	MDD	ACC_BA25	F				Fpair8_MDD	MDD matched sample pair brain anterior cingulate cortex BA25_F #8	False	False	none	F	F	True	False	False
GSE54571__HG-U133_Plus_2|ACC_BA25	GSM1319152	GSE54571__HG-U133_Plus_2|ACC_BA25	GSM1319156	0.5016527399839452	3.0279077349128705	3.2013224738948165	3.0279077349128705	0.27395483742727256	Pittsburgh	Pittsburgh	GSE54571	CTL	ACC_BA25	F				Fpair19_CTL	Control matched sample pair brain anterior cingulate cortex BA25_F #19	GSE54571	MDD	ACC_BA25	F				Fpair5_MDD	MDD matched sample pair brain anterior cingulate cortex BA25_F #5	False	False	none	F	F	True	False	False
GSE54571__HG-U133_Plus_2|ACC_BA25	GSM1319154	GSE54571__HG-U133_Plus_2|ACC_BA25	GSM1319160	0.44726331175180234	2.1095718505442553	3.473801898705082	2.1095718505442553	0.35821409374540825	Pittsburgh	Pittsburgh	GSE54571	CTL	ACC_BA25	F				Fpair24_CTL	Control matched sample pair brain anterior cingulate cortex BA25_F #24	GSE54571	MDD	ACC_BA25	F				Fpair12_MDD	MDD matched sample pair brain anterior cingulate cortex BA25_F #12	False	False	none	F	F	True	False	False
GSE54571__HG-U133_Plus_2|ACC_BA25	GSM1319161	GSE54571__HG-U133_Plus_2|ACC_BA25	GSM1319165	0.4466889741241922	2.6624630755973344	3.0840151276569028	2.6624630755973344	0.2901818841078359	Pittsburgh	Pittsburgh	GSE54571	MDD	ACC_BA25	F				Fpair13_MDD	MDD matched sample pair brain anterior cingulate cortex BA25_F #13	GSE54571	MDD	ACC_BA25	F				Fpair19_MDD	MDD matched sample pair brain anterior cingulate cortex BA25_F #19	False	True	none	F	F	True	False	False
GSE54571__HG-U133_Plus_2|ACC_BA25	GSM1319142	GSE54572__HG-U133_Plus_2|ACC_BA25	GSM1319183	0.20568905763187217	2.1270254198823	2.796133202056237	2.1270254198823	0.18216748940458186	Pittsburgh	Pittsburgh	GSE54571	CTL	ACC_BA25	F				Fpair3_CTL	Control matched sample pair brain anterior cingulate cortex BA25_F #3	GSE54572	MDD	ACC_BA25	M				Mpair11_MDD	MDD matched sample pair brain anterior cingulate cortex BA25_M #11	False	False	none	F	M	False	False	False
GSE54571__HG-U133_Plus_2|ACC_BA25	GSM1319143	GSE54572__HG-U133_Plus_2|ACC_BA25	GSM1319169	0.1408478677453497	1.6530654422056887	3.5581033387928733	1.6530654422056887	0.12642513933519336	Pittsburgh	Pittsburgh	GSE54571	CTL	ACC_BA25	F				Fpair5_CTL	Control matched sample pair brain anterior cingulate cortex BA25_F #5	GSE54572	CTL	ACC_BA25	M				Mpair4_CTL	Control matched sample pair brain anterior cingulate cortex BA25_M #4	False	True	none	F	M	False	False	False
GSE54571__HG-U133_Plus_2|ACC_BA25	GSM1319147	GSE54572__HG-U133_Plus_2|ACC_BA25	GSM1319187	0.16915628263428814	2.175486119797887	3.2720053761081673	2.175486119797887	0.13952410555960024	Pittsburgh	Pittsburgh	GSE54571	CTL	ACC_BA25	F				Fpair12_CTL	Control matched sample pair brain anterior cingulate cortex BA25_F #12	GSE54572	MDD	ACC_BA25	M				Mpair22_MDD	MDD matched sample pair brain anterior cingulate cortex BA25_M #22	False	False	none	F	M	False	False	False
GSE54571__HG-U133_Plus_2|ACC_BA25	GSM1319150	GSE54572__HG-U133_Plus_2|ACC_BA25	GSM1319184	0.14416515733165555	2.08401846363706	3.1293507483458938	2.08401846363706	0.13967669258875692	Pittsburgh	Pittsburgh	GSE54571	CTL	ACC_BA25	F				Fpair16_CTL	Control matched sample pair brain anterior cingulate cortex BA25_F #16	GSE54572	MDD	ACC_BA25	M				Mpair15_MDD	MDD matched sample pair brain anterior cingulate cortex BA25_M #15	False	False	none	F	M	False	False	False
GSE54571__HG-U133_Plus_2|ACC_BA25	GSM1319151	GSE54572__HG-U133_Plus_2|ACC_BA25	GSM1319191	0.10027340982977723	2.323515878311931	1.869175554542393	1.869175554542393	0.06836250999081418	Pittsburgh	Pittsburgh	GSE54571	CTL	ACC_BA25	F				Fpair17_CTL	Control matched sample pair brain anterior cingulate cortex BA25_F #17	GSE54572	MDD	ACC_BA25	M				Mpair30_MDD	MDD matched sample pair brain anterior cingulate cortex BA25_M #30	False	False	none	F	M	False	False	False
GSE54571__HG-U133_Plus_2|ACC_BA25	GSM1319154	GSE54572__HG-U133_Plus_2|ACC_BA25	GSM1319185	0.1794284549048194	2.5944966418713964	2.2302535180129848	2.2302535180129848	0.1452241116582697	Pittsburgh	Pittsburgh	GSE54571	CTL	ACC_BA25	F				Fpair24_CTL	Control matched sample pair brain anterior cingulate cortex BA25_F #24	GSE54572	MDD	ACC_BA25	M				Mpair18_MDD	MDD matched sample pair brain anterior cingulate cortex BA25_M #18	False	False	none	F	M	False	False	False
GSE54571__HG-U133_Plus_2|ACC_BA25	GSM1319155	GSE54572__HG-U133_Plus_2|ACC_BA25	GSM1319173	0.17505146871263486	2.6404910162353823	2.6659338161305093	2.6404910162353823	0.13425045865715848	Pittsburgh	Pittsburgh	GSE54571	MDD	ACC_BA25	F				Fpair3_MDD	MDD matched sample pair brain anterior cingulate cortex BA25_F #3	GSE54572	CTL	ACC_BA25	M				Mpair18_CTL	Control matched sample pair brain anterior cingulate cortex BA25_M #18	False	False	none	F	M	False	False	False
GSE54571__HG-U133_Plus_2|ACC_BA25	GSM1319158	GSE54572__HG-U133_Plus_2|ACC_BA25	GSM1319179	0.10298988463440668	2.2622746100356608	1.8346351674716073	1.8346351674716073	0.0973592568949017	Pittsburgh	Pittsburgh	GSE54571	MDD	ACC_BA25	F				Fpair9_MDD	MDD matched sample pair brain anterior cingulate cortex BA25_F #9	GSE54572	CTL	ACC_BA25	M				Mpair30_CTL	Control matched sample pair brain anterior cingulate cortex BA25_M #30	False	False	none	F	M	False	False	False
GSE54571__HG-U133_Plus_2|ACC_BA25	GSM1319159	GSE54572__HG-U133_Plus_2|ACC_BA25	GSM1319176	0.13272627061586642	2.593542493864691	2.1801504833959737	2.1801504833959737	0.09991922757420349	Pittsburgh	Pittsburgh	GSE54571	MDD	ACC_BA25	F				Fpair10_MDD	MDD matched sample pair brain anterior cingulate cortex BA25_F #10	GSE54572	CTL	ACC_BA25	M				Mpair25_CTL	Control matched sample pair brain anterior cingulate cortex BA25_M #25	False	False	none	F	M	False	False	False
GSE54571__HG-U133_Plus_2|ACC_BA25	GSM1319160	GSE54572__HG-U133_Plus_2|ACC_BA25	GSM1319181	0.13235654932942129	2.5715181739487845	2.040558577338213	2.040558577338213	0.07979032208116987	Pittsburgh	Pittsburgh	GSE54571	MDD	ACC_BA25	F				Fpair12_MDD	MDD matched sample pair brain anterior cingulate cortex BA25_F #12	GSE54572	MDD	ACC_BA25	M				Mpair4_MDD	MDD matched sample pair brain anterior cingulate cortex BA25_M #4	False	True	none	F	M	False	False	False
GSE54571__HG-U133_Plus_2|ACC_BA25	GSM1319162	GSE54572__HG-U133_Plus_2|ACC_BA25	GSM1319189	0.15088555275993554	2.618485367507871	2.017208942625966	2.017208942625966	0.09235578723688283	Pittsburgh	Pittsburgh	GSE54571	MDD	ACC_BA25	F				Fpair14_MDD	MDD matched sample pair brain anterior cingulate cortex BA25_F #14	GSE54572	MDD	ACC_BA25	M				Mpair26_MDD	MDD matched sample pair brain anterior cingulate cortex BA25_M #26	False	True	none	F	M	False	False	False
GSE54571__HG-U133_Plus_2|ACC_BA25	GSM1319165	GSE54572__HG-U133_Plus_2|ACC_BA25	GSM1319186	0.12593657502068553	1.7532870489283383	2.429950449437339	1.7532870489283383	0.12317585243061913	Pittsburgh	Pittsburgh	GSE54571	MDD	ACC_BA25	F				Fpair19_MDD	MDD matched sample pair brain anterior cingulate cortex BA25_F #19	GSE54572	MDD	ACC_BA25	M				Mpair20_MDD	MDD matched sample pair brain anterior cingulate cortex BA25_M #20	False	True	none	F	M	False	False	False
GSE54571__HG-U133_Plus_2|ACC_BA25	GSM1319167	GSE54572__HG-U133_Plus_2|ACC_BA25	GSM1319190	0.1359088923362738	1.8030036818317419	2.0786808176077525	1.8030036818317419	0.11641229659954741	Pittsburgh	Pittsburgh	GSE54571	MDD	ACC_BA25	F				Fpair24_MDD	MDD matched sample pair brain anterior cingulate cortex BA25_F #24	GSE54572	MDD	ACC_BA25	M				Mpair29_MDD	MDD matched sample pair brain anterior cingulate cortex BA25_M #29	False	True	none	F	M	False	False	False
GSE54572__HG-U133_Plus_2|ACC_BA25	GSM1319168	GSE54572__HG-U133_Plus_2|ACC_BA25	GSM1319189	0.6818804509833497	2.9389869863442	3.6709353227991524	2.9389869863442	0.3866243299190266	Pittsburgh	Pittsburgh	GSE54572	CTL	ACC_BA25	M				Mpair2_CTL	Control matched sample pair brain anterior cingulate cortex BA25_M #2	GSE54572	MDD	ACC_BA25	M				Mpair26_MDD	MDD matched sample pair brain anterior cingulate cortex BA25_M #26	False	False	none	M	M	True	False	False
GSE54572__HG-U133_Plus_2|ACC_BA25	GSM1319169	GSE54572__HG-U133_Plus_2|ACC_BA25	GSM1319174	0.4118217998567207	1.5791965175426765	2.270294576039668	1.5791965175426765	0.3518603757961853	Pittsburgh	Pittsburgh	GSE54572	CTL	ACC_BA25	M				Mpair4_CTL	Control matched sample pair brain anterior cingulate cortex BA25_M #4	GSE54572	CTL	ACC_BA25	M				Mpair20_CTL	Control matched sample pair brain anterior cingulate cortex BA25_M #20	False	True	none	M	M	True	False	False
GSE54572__HG-U133_Plus_2|ACC_BA25	GSM1319170	GSE54572__HG-U133_Plus_2|ACC_BA25	GSM1319185	0.2580402604139333	2.74758818444053	2.163539129640112	2.163539129640112	0.12457003714236647	Pittsburgh	Pittsburgh	GSE54572	CTL	ACC_BA25	M				Mpair7_CTL	Control matched sample pair brain anterior cingulate cortex BA25_M #7	GSE54572	MDD	ACC_BA25	M				Mpair18_MDD	MDD matched sample pair brain anterior cingulate cortex BA25_M #18	False	False	none	M	M	True	False	False
GSE54572__HG-U133_Plus_2|ACC_BA25	GSM1319171	GSE54572__HG-U133_Plus_2|ACC_BA25	GSM1319177	0.5995008720559725	2.542618675485032	2.640648061566774	2.542618675485032	0.507220926069895	Pittsburgh	Pittsburgh	GSE54572	CTL	ACC_BA25	M				Mpair11_CTL	Control matched sample pair brain anterior cingulate cortex BA25_M #11	GSE54572	CTL	ACC_BA25	M				Mpair26_CTL	Control matched sample pair brain anterior cingulate cortex BA25_M #26	False	True	none	M	M	True	False	False
GSE54572__HG-U133_Plus_2|ACC_BA25	GSM1319175	GSE54572__HG-U133_Plus_2|ACC_BA25	GSM1319183	0.47306151362081383	2.6947054829703925	1.8653278175556745	1.8653278175556745	0.3817473450140228	Pittsburgh	Pittsburgh	GSE54572	CTL	ACC_BA25	M				Mpair22_CTL	Control matched sample pair brain anterior cingulate cortex BA25_M #22	GSE54572	MDD	ACC_BA25	M				Mpair11_MDD	MDD matched sample pair brain anterior cingulate cortex BA25_M #11	False	False	none	M	M	True	False	False
GSE92538__HG-U133A|PFC_DLPFC	GSM2431718	GSE92538__HG-U133A|PFC_DLPFC	GSM2431902	0.7435613977247749	6.8656593078056725	7.213551352853094	6.8656593078056725	0.7197920714621948	Pritzker	Pritzker	GSE92538	SCZ	PFC_DLPFC	M	39.0	7.5	6.83	101078	DLPFC_Male_Schizophrenia_UCDavis_101078	GSE92538	SCZ	PFC_DLPFC	M	39.0	7.5	6.83	101078	DLPFC_Male_Schizophrenia_UMichigan_101078	True	True	match	M	M	True	True	True
GSE92538__HG-U133A|PFC_DLPFC	GSM2431722	GSE92538__HG-U133A|PFC_DLPFC	GSM2431908	0.4831563985282085	4.47067813275226	4.18385075429766	4.18385075429766	0.3850999628551848	Pritzker	Pritzker	GSE92538	CTL	PFC_DLPFC	F	63.0	29.5	7.01	101283	DLPFC_Female_Control_UCDavis_101283	GSE92538	CTL	PFC_DLPFC	F	63.0	29.5	7.01	101283	DLPFC_Female_Control_UMichigan_101283	True	True	probable	F	F	True	True	True
GSE92538__HG-U133A|PFC_DLPFC	GSM2431723	GSE92538__HG-U133A|PFC_DLPFC	GSM2431909	0.6833509581720888	6.517241209930757	5.943525013775408	5.943525013775408	0.2710910290958096	Pritzker	Pritzker	GSE92538	CTL	PFC_DLPFC	F	70.0	14.5		101309	DLPFC_Female_Control_UCDavis_101309	GSE92538	CTL	PFC_DLPFC	F	70.0	14.5		101309	DLPFC_Female_Control_UMichigan_101309	True	True	match	F	F	True	True	True
GSE92538__HG-U133A|PFC_DLPFC	GSM2431726	GSE92538__HG-U133A|PFC_DLPFC	GSM2431912	0.559251024382756	4.155706507330454	4.396255118137728	4.155706507330454	0.34999516774347056	Pritzker	Pritzker	GSE92538	CTL	PFC_DLPFC	M	71.0	36.5		101431	DLPFC_Male_Control_UCDavis_101431	GSE92538	CTL	PFC_DLPFC	M	71.0	36.5		101431	DLPFC_Male_Control_UMichigan_101431	True	True	probable	M	LOW_BOTH	False	False	False
GSE92538__HG-U133A|PFC_DLPFC	GSM2431727	GSE92538__HG-U133A|PFC_DLPFC	GSM2431913	0.4800223233396669	4.9422520355736035	6.1180167648553585	4.9422520355736035	0.2853162034088109	Pritzker	Pritzker	GSE92538	CTL	PFC_DLPFC	M	44.0	23.0	6.87	101488	DLPFC_Male_Control_UCDavis_101488	GSE92538	CTL	PFC_DLPFC	M	44.0	23.0	6.87	101488	DLPFC_Male_Control_UMichigan_101488	True	True	probable	M	M	True	True	True
GSE92538__HG-U133A|PFC_DLPFC	GSM2431728	GSE92538__HG-U133A|PFC_DLPFC	GSM2431914	0.40357164460965	4.291616169169313	3.7976295642730897	3.7976295642730897	0.3850999628551848	Pritzker	Pritzker	GSE92538	MDD	PFC_DLPFC	M	66.0	32.0	7.05	101597	DLPFC_Male_MajorDepressiveDisorder_UCDavis_101597	GSE92538	MDD	PFC_DLPFC	M	66.0	32.0	7.05	101597	DLPFC_Male_MajorDepressiveDisorder_UMichigan_101597	True	True	none	M	M	True	False	True
GSE92538__HG-U133A|PFC_DLPFC	GSM2431730	GSE92538__HG-U133A|PFC_DLPFC	GSM2431916	0.7777532187053428	6.750955142670227	6.412480605206826	6.412480605206826	0.6025507106500677	Pritzker	Pritzker	GSE92538	SCZ	PFC_DLPFC	F	59.0	13.25	6.38	101657	DLPFC_Female_Schizophrenia_UCDavis_101657	GSE92538	SCZ	PFC_DLPFC	F	59.0	13.25	6.38	101657	DLPFC_Female_Schizophrenia_UMichigan_101657	True	True	match	F	F	True	True	True
GSE92538__HG-U133A|PFC_DLPFC	GSM2431733	GSE92538__HG-U133A|PFC_DLPFC	GSM2431918	0.4474727869043136	4.68294858977718	3.9594897450106887	3.9594897450106887	0.2808554667671209	Pritzker	Pritzker	GSE92538	BD	PFC_DLPFC	M	69.0	11.25	6.91	101690	DLPFC_Male_BipolarDisorder_UCDavis_101690	GSE92538	BD	PFC_DLPFC	M	69.0	11.25	6.91	101690	DLPFC_Male_BipolarDisorder_r_UMichigan_101690	True	True	probable	M	M	True	True	True
GSE92538__HG-U133A|PFC_DLPFC	GSM2431735	GSE92538__HG-U133A|PFC_DLPFC	GSM2431921	0.6173802012831603	6.764456338674224	5.226293510587315	5.226293510587315	0.5194971646212312	Pritzker	Pritzker	GSE92538	MDD	PFC_DLPFC	M	49.0	36.5	7.0	101739	DLPFC_Male_MajorDepressiveDisorder_UCDavis_101739	GSE92538	MDD	PFC_DLPFC	M	49.0	36.5	7.0	101739	DLPFC_Male_MajorDepressiveDisorder_UMichigan_101739	True	True	match	M	M	True	True	True
GSE92538__HG-U133A|PFC_DLPFC	GSM2431737	GSE92538__HG-U133A|PFC_DLPFC	GSM2431924	0.5708024938566166	6.411766310299004	4.5047208745467096	4.5047208745467096	0.4382836261668719	Pritzker	Pritzker	GSE92538	CTL	PFC_DLPFC	M	58.0	26.0	7.02	101811	DLPFC_Male_Control_UCDavis_101811	GSE92538	CTL	PFC_DLPFC	M	58.0	26.0	7.02	101811	DLPFC_Male_Control_UMichigan_101811	True	True	probable	M	M	True	True	True
GSE92538__HG-U133A|PFC_DLPFC	GSM2431738	GSE92538__HG-U133A|PFC_DLPFC	GSM2431926	0.6287606203762272	7.331733992539526	6.662771512033388	6.662771512033388	0.1996895869343727	Pritzker	Pritzker	GSE92538	CTL	PFC_DLPFC	M	45.0	21.0	6.86	101923	DLPFC_Male_Control_UCDavis_101923	GSE92538	CTL	PFC_DLPFC	M	45.0	21.0	6.86	101923	DLPFC_Male_Control_UMichigan_101923	True	True	match	M	M	True	True	True
GSE92538__HG-U133A|PFC_DLPFC	GSM2431743	GSE92538__HG-U133A|PFC_DLPFC	GSM2431884	0.7277486410235772	5.605367983075954	6.384363393148443	5.605367983075954	0.7006674680822933	Pritzker	Pritzker	GSE92538	SCZ	PFC_DLPFC	M	44.0	24.0	7.21	102118	DLPFC_Male_Schizophrenia_UCDavis_102118	GSE92538	SCZ	PFC_DLPFC	M	44.0	24.0	7.21	102118	DLPFC_Male_Schizophrenia_UCIrvine_102118	True	True	match	M	M	True	True	True
GSE92538__HG-U133A|PFC_DLPFC	GSM2431745	GSE92538__HG-U133A|PFC_DLPFC	GSM2431885	0.5682958820781052	6.375942271953504	6.657018490954663	6.375942271953504	0.4888164672572027	Pritzker	Pritzker	GSE92538	CTL	PFC_DLPFC	F	64.0	19.25	6.83	102212	DLPFC_Female_Control_UCDavis_102212	GSE92538	CTL	PFC_DLPFC	F	64.0	19.25	6.83	102212	DLPFC_Female_Control_UCIrvine_102212	True	True	match	F	F	True	True	True
GSE92538__HG-U133A|PFC_DLPFC	GSM2431749	GSE92538__HG-U133A|PFC_DLPFC	GSM2431934	0.8182546862928385	7.63217555749414	7.306846009553656	7.306846009553656	0.33044835174710047	Pritzker	Pritzker	GSE92538	CTL	PFC_DLPFC	F	70.0	20.5	6.63	102420	DLPFC_Female_Control_UCDavis_102420	GSE92538	CTL	PFC_DLPFC	F	70.0	20.5	6.63	102420	DLPFC_Female_Control_UMichigan_102420	True	True	match	F	F	True	True	True
GSE92538__HG-U133A|PFC_DLPFC	GSM2431750	GSE92538__HG-U133A|PFC_DLPFC	GSM2431935	0.7096470583479806	6.343565728778431	6.483446361443747	6.343565728778431	0.2682166013991038	Pritzker	Pritzker	GSE92538	CTL	PFC_DLPFC	F	52.0	36.0		102422	DLPFC_Female_Control_UCDavis_102422	GSE92538	CTL	PFC_DLPFC	F	52.0	36.0		102422	DLPFC_Female_Control_UMichigan_102422	True	True	match	F	F	True	True	True
GSE92538__HG-U133A|PFC_DLPFC	GSM2431751	GSE92538__HG-U133A|PFC_DLPFC	GSM2431936	0.5282740242158946	5.801820066606249	5.236178311375557	5.236178311375557	0.22387282011550413	Pritzker	Pritzker	GSE92538	MDD	PFC_DLPFC	F	77.0	25.5	6.42	102432	DLPFC_Female_MajorDepressiveDisorder_UCDavis_102432	GSE92538	MDD	PFC_DLPFC	F	77.0	25.5	6.42	102432	DLPFC_Female_MajorDepressiveDisorder_UMichigan_102432	True	True	match	F	F	True	True	True
GSE92538__HG-U133A|PFC_DLPFC	GSM2431752	GSE92538__HG-U133A|PFC_DLPFC	GSM2431886	0.36061331801784263	3.676650259246418	3.8055268094490957	3.676650259246418	0.3156203769309751	Pritzker	Pritzker	GSE92538	CTL	PFC_DLPFC	M	59.0	13.5	6.38	102440	DLPFC_Male_Control_UCDavis_102440	GSE92538	CTL	PFC_DLPFC	M	59.0	13.5	6.38	102440	DLPFC_Male_Control_UCIrvine_102440	True	True	none	M	M	True	False	True
GSE92538__HG-U133A|PFC_DLPFC	GSM2431753	GSE92538__HG-U133A|PFC_DLPFC	GSM2431939	0.3016162321782194	3.34011815959232	3.449152676442974	3.34011815959232	0.25135348942436275	Pritzker	Pritzker	GSE92538	CTL	PFC_DLPFC	M	55.0	15.0	6.89	102475	DLPFC_Male_Control_UCDavis_102475	GSE92538	CTL	PFC_DLPFC	M	55.0	15.0	6.89	102475	DLPFC_Male_Control_UMichigan_102475	True	True	none	M	M	True	False	True
GSE92538__HG-U133A|PFC_DLPFC	GSM2431755	GSE92538__HG-U133A|PFC_DLPFC	GSM2431941	0.5482058662790663	5.720650784537868	5.3424256112889585	5.3424256112889585	0.24570310790851793	Pritzker	Pritzker	GSE92538	MDD	PFC_DLPFC	M	49.0	35.5	7.19	102513	DLPFC_Male_MajorDepressiveDisorder_UCDavis_102513	GSE92538	MDD	PFC_DLPFC	M	49.0	35.5	7.19	102513	DLPFC_Male_MajorDepressiveDisorder_UMichigan_102513	True	True	match	M	M	True	True	True
GSE92538__HG-U133A|PFC_DLPFC	GSM2431756	GSE92538__HG-U133A|PFC_DLPFC	GSM2431942	0.6010060608806899	5.7701218644863	6.702374018111563	5.7701218644863	0.25838720744131916	Pritzker	Pritzker	GSE92538	CTL	PFC_DLPFC	M	49.0	31.25	6.68	102539	DLPFC_Male_Control_UCDavis_102539	GSE92538	CTL	PFC_DLPFC	M	49.0	31.25	6.68	102539	DLPFC_Male_Control_UMichigan_102539	True	True	match	M	M	True	True	True
GSE92538__HG-U133A|PFC_DLPFC	GSM2431758	GSE92538__HG-U133A|PFC_DLPFC	GSM2431946	0.5206134287997768	4.76741780285036	5.662963940697037	4.76741780285036	0.3857110076746086	Pritzker	Pritzker	GSE92538	MDD	PFC_DLPFC	M	53.0	17.3	6.62	102636	DLPFC_Male_MajorDepressiveDisorder_UCDavis_102636	GSE92538	MDD	PFC_DLPFC	M	53.0	17.3	6.62	102636	DLPFC_Male_MajorDepressiveDisorder_UMichigan_102636	True	True	probable	M	M	True	True	True
GSE92538__HG-U133A|PFC_DLPFC	GSM2431759	GSE92538__HG-U133A|PFC_DLPFC	GSM2431947	0.5870218502061452	6.699275479202975	6.801822682010228	6.699275479202975	0.25302103202448345	Pritzker	Pritzker	GSE92538	CTL	PFC_DLPFC	F	62.0	17.5		102785	DLPFC_Female_Control_UCDavis_102785	GSE92538	CTL	PFC_DLPFC	F	62.0	17.5		102785	DLPFC_Female_Control_UMichigan_102785	True	True	match	F	F	True	True	True
GSE92538__HG-U133A|PFC_DLPFC	GSM2431762	GSE92538__HG-U133A|PFC_DLPFC	GSM2431950	0.675650949071795	5.695550703657858	5.740226419777829	5.695550703657858	0.2899284422940035	Pritzker	Pritzker	GSE92538	CTL	PFC_DLPFC	M	67.0	36.5		103068	DLPFC_Male_Control_UCDavis_103068	GSE92538	CTL	PFC_DLPFC	M	67.0	36.5		103068	DLPFC_Male_Control_UMichigan_103068	True	True	match	M	M	True	True	True
GSE92538__HG-U133A|PFC_DLPFC	GSM2431763	GSE92538__HG-U133A|PFC_DLPFC	GSM2431951	0.7028024475922429	7.9435225703407255	8.169316382750639	7.9435225703407255	0.3414093184866082	Pritzker	Pritzker	GSE92538	MDD	PFC_DLPFC	M	57.0	36.5	6.84	103091	DLPFC_Male_MajorDepressiveDisorder_UCDavis_103091	GSE92538	MDD	PFC_DLPFC	M	57.0	36.5	6.84	103091	DLPFC_Male_MajorDepressiveDisorder_UMichigan_103091	True	True	match	M	M	True	True	True
GSE92538__HG-U133A|PFC_DLPFC	GSM2431765	GSE92538__HG-U133A|PFC_DLPFC	GSM2431954	0.5462807145376024	5.1493627607708525	6.285270224673164	5.1493627607708525	0.3058335364231588	Pritzker	Pritzker	GSE92538	CTL	PFC_DLPFC	M	35.0	32.0	6.76	103262	DLPFC_Male_Control_UCDavis_103262	GSE92538	CTL	PFC_DLPFC	M	35.0	32.0	6.76	103262	DLPFC_Male_Control_UMichigan_103262	True	True	probable	M	M	True	True	True
GSE92538__HG-U133A|PFC_DLPFC	GSM2431768	GSE92538__HG-U133A|PFC_DLPFC	GSM2431955	0.6339301475796084	5.497196630510699	4.4525599513548055	4.4525599513548055	0.575189477570792	Pritzker	Pritzker	GSE92538	SCZ	PFC_DLPFC	M	48.0	27.0	6.93	103311	DLPFC_Male_Schizophrenia_UCDavis_103311	GSE92538	SCZ	PFC_DLPFC	M	48.0	27.0	6.93	103311	DLPFC_Male_Schizophrenia_UMichigan_103311	True	True	probable	M	M	True	True	True
GSE92538__HG-U133A|PFC_DLPFC	GSM2431771	GSE92538__HG-U133A|PFC_DLPFC	GSM2431838	0.7610539121757273	6.2779348700495765	6.324480059452715	6.2779348700495765	0.534381545752337	Pritzker	Pritzker	GSE92538	CTL	PFC_DLPFC	M	19.0	6.5	6.59	103984	DLPFC_Male_Control_UCDavis_103984	GSE92538	BD	PFC_DLPFC	M	23.0	9.0	7.12	107366	DLPFC_Male_BipolarDisorder_UCDavis_107366	False	False	match	M	M	True	True	True
GSE92538__HG-U133A|PFC_DLPFC	GSM2431773	GSE92538__HG-U133A|PFC_DLPFC	GSM2431964	0.7178954954535826	6.473928228699728	6.795995769681976	6.473928228699728	0.2634496696279798	Pritzker	Pritzker	GSE92538	BD	PFC_DLPFC	M	73.0	10.5	6.62	104097	DLPFC_Male_BipolarDisorder_UCDavis_104097	GSE92538	BD	PFC_DLPFC	M	73.0	10.5	6.62	104097	DLPFC_Male_BipolarDisorder_UMichigan_104097	True	True	match	M	M	True	True	True
GSE92538__HG-U133A|PFC_DLPFC	GSM2431776	GSE92538__HG-U133A|PFC_DLPFC	GSM2431965	0.5359210446388704	6.431478296274683	6.570515490915272	6.431478296274683	0.46298560341635453	Pritzker	Pritzker	GSE92538	CTL	PFC_DLPFC	M	48.0	20.2	6.79	104126	DLPFC_Male_Control_UCDavis_104126	GSE92538	CTL	PFC_DLPFC	M	48.0	20.2	6.79	104126	DLPFC_Male_Control_UMichigan_104126	True	True	match	M	M	True	True	True
GSE92538__HG-U133A|PFC_DLPFC	GSM2431777	GSE92538__HG-U133A|PFC_DLPFC	GSM2431966	0.5536666813919835	4.819750335876304	4.516702410856713	4.516702410856713	0.2771182696900177	Pritzker	Pritzker	GSE92538	BD	PFC_DLPFC	M	69.0	28.5	7.2	104184	DLPFC_Male_BipolarDisorder_UCDavis_104184	GSE92538	BD	PFC_DLPFC	M	69.0	28.5	7.2	104184	DLPFC_Male_BipolarDisorder_UMichigan_104184	True	True	probable	M	M	True	True	True
GSE92538__HG-U133A|PFC_DLPFC	GSM2431780	GSE92538__HG-U133A|PFC_DLPFC	GSM2431967	0.5118613885096329	4.305426926452138	4.028271290077324	4.028271290077324	0.4036354310159757	Pritzker	Pritzker	GSE92538	SCZ	PFC_DLPFC	M	50.0	6.25	6.81	104259	DLPFC_Male_Schizophrenia_UCDavis_104259	GSE92538	SCZ	PFC_DLPFC	M	50.0	6.25	6.81	104259	DLPFC_Male_Schizophrenia_UMichigan_104259	True	True	probable	M	M	True	True	True
GSE92538__HG-U133A|PFC_DLPFC	GSM2431783	GSE92538__HG-U133A|PFC_DLPFC	GSM2431972	0.6864069790251257	6.4936797313118735	5.724712730482988	5.724712730482988	0.5095193244638064	Pritzker	Pritzker	GSE92538	SCZ	PFC_DLPFC	M	48.0	19.5	6.24	104655	DLPFC_Male_Schizophrenia_UCDavis_104655	GSE92538	SCZ	PFC_DLPFC	M	48.0	19.5	6.24	104655	DLPFC_Male_Schizophrenia_UMichigan_104655	True	True	match	M	M	True	True	True
GSE92538__HG-U133A|PFC_DLPFC	GSM2431785	GSE92538__HG-U133A|PFC_DLPFC	GSM2431974	0.6714006737031659	6.47549326944769	6.0738287175967365	6.0738287175967365	0.2836711381371406	Pritzker	Pritzker	GSE92538	BD	PFC_DLPFC	F	69.0	28.25	6.65	104767	DLPFC_Female_BipolarDisorder_UCDavis_104767	GSE92538	BD	PFC_DLPFC	F	69.0	28.25	6.65	104767	DLPFC_Female_BipolarDisorder_UMichigan_104767	True	True	match	F	F	True	True	True
GSE92538__HG-U133A|PFC_DLPFC	GSM2431786	GSE92538__HG-U133A|PFC_DLPFC	GSM2431975	0.4624668288960356	4.891538406640575	5.129843324393604	4.891538406640575	0.21795689326933326	Pritzker	Pritzker	GSE92538	BD	PFC_DLPFC	F	56.0	29.0	6.83	104808	DLPFC_Female_BipolarDisorder_UCDavis_104808	GSE92538	BD	PFC_DLPFC	F	56.0	29.0	6.83	104808	DLPFC_Female_BipolarDisorder_r_UMichigan_104808	True	True	probable	F	F	True	True	True
GSE92538__HG-U133A|PFC_DLPFC	GSM2431787	GSE92538__HG-U133A|PFC_DLPFC	GSM2431977	0.39231258729536095	4.562648600048565	5.530941759320961	4.562648600048565	0.24365513997047533	Pritzker	Pritzker	GSE92538	MDD	PFC_DLPFC	M	63.0	34.0	7.17	104851	DLPFC_Male_MajorDepressiveDisorder_UCDavis_104851	GSE92538	MDD	PFC_DLPFC	M	63.0	34.0	7.17	104851	DLPFC_Male_MajorDepressiveDisorder_UMichigan_104851	True	True	probable	M	M	True	True	True
GSE92538__HG-U133A|PFC_DLPFC	GSM2431788	GSE92538__HG-U133A|PFC_DLPFC	GSM2431978	0.5474893274156242	5.450211104282001	5.9886422511696695	5.450211104282001	0.34172741964005876	Pritzker	Pritzker	GSE92538	MDD	PFC_DLPFC	F	80.0	15.0	6.68	105080	DLPFC_Female_MajorDepressiveDisorder_UCDavis_105080	GSE92538	MDD	PFC_DLPFC	F	80.0	15.0	6.68	105080	DLPFC_Female_MajorDepressiveDisorder_UMichigan_105080	True	True	match	F	F	True	True	True
GSE92538__HG-U133A|PFC_DLPFC	GSM2431789	GSE92538__HG-U133A|PFC_DLPFC	GSM2431980	0.5814224061430608	5.980569168775165	6.4336466788290325	5.980569168775165	0.4992699777879386	Pritzker	Pritzker	GSE92538	CTL	PFC_DLPFC	F	60.0	24.0	6.99	105141	DLPFC_Female_Control_UCDavis_105141	GSE92538	CTL	PFC_DLPFC	F	60.0	24.0	6.99	105141	DLPFC_Female_Control_UMichigan_105141	True	True	match	F	F	True	True	True
GSE92538__HG-U133A|PFC_DLPFC	GSM2431790	GSE92538__HG-U133A|PFC_DLPFC	GSM2431981	0.5612262384899994	5.463006044507525	4.598759705817413	4.598759705817413	0.24737894013947892	Pritzker	Pritzker	GSE92538	CTL	PFC_DLPFC	M	55.0	22.75		105262	DLPFC_Male_Control_UCDavis_105262	GSE92538	CTL	PFC_DLPFC	M	55.0	22.75		105262	DLPFC_Male_Control_UMichigan_105262	True	True	probable	M	M	True	True	True
GSE92538__HG-U133A|PFC_DLPFC	GSM2431791	GSE92538__HG-U133A|PFC_DLPFC	GSM2431982	0.6886179782473443	6.255380076799257	6.408606769518375	6.255380076799257	0.23902675651255478	Pritzker	Pritzker	GSE92538	CTL	PFC_DLPFC	M	40.0	45.5	7.07	105476	DLPFC_Male_Control_UCDavis_105476	GSE92538	CTL	PFC_DLPFC	M	40.0	45.5	7.07	105476	DLPFC_Male_Control_UMichigan_105476	True	True	match	M	M	True	True	True
GSE92538__HG-U133A|PFC_DLPFC	GSM2431792	GSE92538__HG-U133A|PFC_DLPFC	GSM2431983	0.4910278463558279	4.487812485733168	5.145957970731753	4.487812485733168	0.29329883844735205	Pritzker	Pritzker	GSE92538	MDD	PFC_DLPFC	M	39.0	28.0	6.79	105506	DLPFC_Male_MajorDepressiveDisorder_UCDavis_105506	GSE92538	MDD	PFC_DLPFC	M	39.0	28.0	6.79	105506	DLPFC_Male_MajorDepressiveDisorder_UMichigan_105506	True	True	probable	M	M	True	True	True
GSE92538__HG-U133A|PFC_DLPFC	GSM2431795	GSE92538__HG-U133A|PFC_DLPFC	GSM2431987	0.6279504382502673	7.200082809646101	6.324211648404483	6.324211648404483	0.23368977014907222	Pritzker	Pritzker	GSE92538	MDD	PFC_DLPFC	F	48.0	37.0	6.95	105643	DLPFC_Female_MajorDepressiveDisorder_UCDavis_105643	GSE92538	MDD	PFC_DLPFC	F	48.0	37.0	6.95	105643	DLPFC_Female_MajorDepressiveDisorder_UMichigan_105643	True	True	match	F	F	True	True	True
GSE92538__HG-U133A|PFC_DLPFC	GSM2431796	GSE92538__HG-U133A|PFC_DLPFC	GSM2431988	0.4131427335646073	3.9708887230105447	4.614903968583842	3.9708887230105447	0.3367358629485007	Pritzker	Pritzker	GSE92538	CTL	PFC_DLPFC	M	39.0	30.0	7.02	105669	DLPFC_Male_Control_UCDavis_105669	GSE92538	CTL	PFC_DLPFC	M	39.0	30.0	7.02	105669	DLPFC_Male_Control_UMichigan_105669	True	True	probable	M	M	True	True	True
GSE92538__HG-U133A|PFC_DLPFC	GSM2431797	GSE92538__HG-U133A|PFC_DLPFC	GSM2431989	0.5335215651467032	6.411468006135096	6.555122347379534	6.411468006135096	0.23031035999757843	Pritzker	Pritzker	GSE92538	CTL	PFC_DLPFC	M	67.0	39.5	6.69	105676	DLPFC_Male_Control_UCDavis_105676	GSE92538	CTL	PFC_DLPFC	M	67.0	39.5	6.69	105676	DLPFC_Male_Control_UMichigan_105676	True	True	match	M	M	True	True	True
GSE92538__HG-U133A|PFC_DLPFC	GSM2431800	GSE92538__HG-U133A|PFC_DLPFC	GSM2431992	0.6275156437601102	5.400218067917342	4.7320366331344035	4.7320366331344035	0.3123550797819283	Pritzker	Pritzker	GSE92538	BD	PFC_DLPFC	F	66.0	52.0	6.66	105867	DLPFC_Female_BipolarDisorder_UCDavis_105867	GSE92538	BD	PFC_DLPFC	F	66.0	52.0	6.66	105867	DLPFC_Female_BipolarDisorder_UMichigan_105867	True	True	probable	F	F	True	True	True
GSE92538__HG-U133A|PFC_DLPFC	GSM2431801	GSE92538__HG-U133A|PFC_DLPFC	GSM2431994	0.7291550124716976	5.33247159616657	5.227683803856299	5.227683803856299	0.6235684657258787	Pritzker	Pritzker	GSE92538	CTL	PFC_DLPFC	M	18.0	22.0	6.97	105928	DLPFC_Male_Control_UCDavis_105928	GSE92538	CTL	PFC_DLPFC	M	18.0	22.0	6.97	105928	DLPFC_Male_Control_UMichigan_105928	True	True	match	M	M	True	True	True
GSE92538__HG-U133A|PFC_DLPFC	GSM2431803	GSE92538__HG-U133A|PFC_DLPFC	GSM2431996	0.5116751854160987	4.928955984744695	4.8661016705383675	4.8661016705383675	0.23859063617805895	Pritzker	Pritzker	GSE92538	CTL	PFC_DLPFC	M	41.0	23.5	7.01	105952	DLPFC_Male_Control_UCDavis_105952	GSE92538	CTL	PFC_DLPFC	M	41.0	23.5	7.01	105952	DLPFC_Male_Control_UMichigan_105952	True	True	probable	M	M	True	True	True
GSE92538__HG-U133A|PFC_DLPFC	GSM2431804	GSE92538__HG-U133A|PFC_DLPFC	GSM2431997	0.5480622733118338	4.32853339914905	3.7597741815109944	3.7597741815109944	0.3308841585228134	Pritzker	Pritzker	GSE92538	CTL	PFC_DLPFC	F	47.0	20.5	6.3	105976	DLPFC_Female_Control_UCDavis_105976	GSE92538	CTL	PFC_DLPFC	F	47.0	20.5	6.3	105976	DLPFC_Female_Control_UMichigan_105976	True	True	none	F	F	True	False	True
GSE92538__HG-U133A|PFC_DLPFC	GSM2431807	GSE92538__HG-U133A|PFC_DLPFC	GSM2432001	0.5375562309259632	6.667660605584369	6.310925554331609	6.310925554331609	0.2282181827864216	Pritzker	Pritzker	GSE92538	MDD	PFC_DLPFC	F	50.0	15.25	6.59	106149	DLPFC_Female_MajorDepressiveDisorder_UCDavis_106149	GSE92538	MDD	PFC_DLPFC	F	50.0	15.25	6.59	106149	DLPFC_Female_MajorDepressiveDisorder_UMichigan_106149	True	True	match	F	F	True	True	True
GSE92538__HG-U133A|PFC_DLPFC	GSM2431812	GSE92538__HG-U133A|PFC_DLPFC	GSM2432004	0.4048977113005403	4.333575566621183	4.971221938875947	4.333575566621183	0.21472352995822083	Pritzker	Pritzker	GSE92538	MDD	PFC_DLPFC	M	41.0	16.0		106256	DLPFC_Male_MajorDepressiveDisorder_UCDavis_106256	GSE92538	MDD	PFC_DLPFC	M	41.0	16.0		106256	DLPFC_Male_MajorDepressiveDisorder_UMichigan_106256	True	True	probable	M	M	True	True	True
GSE92538__HG-U133A|PFC_DLPFC	GSM2431814	GSE92538__HG-U133A|PFC_DLPFC	GSM2432007	0.5857341252736254	6.745012817268609	5.9358646147222744	5.9358646147222744	0.5548657999037845	Pritzker	Pritzker	GSE92538	MDD	PFC_DLPFC	F	72.0	21.0	7.13	106355	DLPFC_Female_MajorDepressiveDisorder_UCDavis_106355	GSE92538	MDD	PFC_DLPFC	F	72.0	21.0	7.13	106355	DLPFC_Female_MajorDepressiveDisorder_r_UMichigan_106355	True	True	match	F	F	True	True	True
GSE92538__HG-U133A|PFC_DLPFC	GSM2431815	GSE92538__HG-U133A|PFC_DLPFC	GSM2431893	0.6740383904101459	5.499346619886663	5.83750046708012	5.499346619886663	0.6588692968055292	Pritzker	Pritzker	GSE92538	SCZ	PFC_DLPFC	M	64.0	8.5	6.24	106495	DLPFC_Male_Schizophrenia_UCDavis_106495	GSE92538	SCZ	PFC_DLPFC	M	64.0	8.5	6.24	106495	DLPFC_Male_Schizophrenia_UCIrvine_106495	True	True	match	M	M	True	True	True
GSE92538__HG-U133A|PFC_DLPFC	GSM2431819	GSE92538__HG-U133A|PFC_DLPFC	GSM2432011	0.7051029538086808	6.510511300322235	7.104091999779247	6.510511300322235	0.603915518526662	Pritzker	Pritzker	GSE92538	CTL	PFC_DLPFC	M	48.0	21.0	6.62	106589	DLPFC_Male_Control_UCDavis_106589	GSE92538	CTL	PFC_DLPFC	M	48.0	21.0	6.62	106589	DLPFC_Male_Control_UMichigan_106589	True	True	match	M	M	True	True	True
GSE92538__HG-U133A|PFC_DLPFC	GSM2431820	GSE92538__HG-U133A|PFC_DLPFC	GSM2432012	0.6574057641389072	6.649609260610105	6.587391241769455	6.587391241769455	0.3417274196400588	Pritzker	Pritzker	GSE92538	BD	PFC_DLPFC	F	34.0	39.5	6.73	106664	DLPFC_Female_BipolarDisorder_UCDavis_106664	GSE92538	BD	PFC_DLPFC	F	34.0	39.5	6.73	106664	DLPFC_Female_BipolarDisorder_UMichigan_106664	True	True	match	F	F	True	True	True
GSE92538__HG-U133A|PFC_DLPFC	GSM2431821	GSE92538__HG-U133A|PFC_DLPFC	GSM2432013	0.647533279798339	6.284236710070833	5.909353839754774	5.909353839754774	0.35873868921569857	Pritzker	Pritzker	GSE92538	CTL	PFC_DLPFC	M	77.0	7.25	6.62	106679	DLPFC_Male_Control_UCDavis_106679	GSE92538	CTL	PFC_DLPFC	M	77.0	7.25	6.62	106679	DLPFC_Male_Control_UMichigan_106679	True	True	match	M	M	True	True	True
GSE92538__HG-U133A|PFC_DLPFC	GSM2431824	GSE92538__HG-U133A|PFC_DLPFC	GSM2432016	0.5116915815865314	4.85617901377637	4.358149042679817	4.358149042679817	0.38709119661242714	Pritzker	Pritzker	GSE92538	CTL	PFC_DLPFC	M	50.0	29.0	6.6	106742	DLPFC_Male_Control_UCDavis_106742	GSE92538	CTL	PFC_DLPFC	M	50.0	29.0	6.6	106742	DLPFC_Male_Control_UMichigan_106742	True	True	probable	M	M	True	True	True
GSE92538__HG-U133A|PFC_DLPFC	GSM2431827	GSE92538__HG-U133A|PFC_DLPFC	GSM2432019	0.5119716532370268	5.368177041408661	5.138769952064681	5.138769952064681	0.2528442723166053	Pritzker	Pritzker	GSE92538	BD	PFC_DLPFC	M	40.0	43.0	6.59	106851	DLPFC_Male_BipolarDisorder_UCDavis_106851	GSE92538	BD	PFC_DLPFC	M	40.0	43.0	6.59	106851	DLPFC_Male_BipolarDisorder_UMichigan_106851	True	True	probable	M	M	True	True	True
GSE92538__HG-U133A|PFC_DLPFC	GSM2431828	GSE92538__HG-U133A|PFC_DLPFC	GSM2432020	0.6571749020336565	5.080233543691422	4.6321094509930525	4.6321094509930525	0.3587386892156985	Pritzker	Pritzker	GSE92538	MDD	PFC_DLPFC	M	84.0	14.5	6.44	106917	DLPFC_Male_MajorDepressiveDisorder_UCDavis_106917	GSE92538	MDD	PFC_DLPFC	M	84.0	14.5	6.44	106917	DLPFC_Male_MajorDepressiveDisorder_UMichigan_106917	True	True	probable	M	M	True	True	True
GSE92538__HG-U133A|PFC_DLPFC	GSM2431830	GSE92538__HG-U133A|PFC_DLPFC	GSM2432022	0.4294114503176234	4.235800217514975	4.744209030749495	4.235800217514975	0.2688554141413143	Pritzker	Pritzker	GSE92538	BD	PFC_DLPFC	M	32.0	31.0	6.94	107029	DLPFC_Male_BipolarDisorder_UCDavis_107029	GSE92538	BD	PFC_DLPFC	M	32.0	31.0	6.94	107029	DLPFC_Male_BipolarDisorder_UMichigan_107029	True	True	probable	M	M	True	True	True
GSE92538__HG-U133A|PFC_DLPFC	GSM2431832	GSE92538__HG-U133A|PFC_DLPFC	GSM2432023	0.4378177815817298	4.880868011800692	5.5119284654208975	4.880868011800692	0.3122379105323318	Pritzker	Pritzker	GSE92538	MDD	PFC_DLPFC	M	46.0	27.3	6.91	107061	DLPFC_Male_MajorDepressiveDisorder_UCDavis_107061	GSE92538	MDD	PFC_DLPFC	M	46.0	27.3	6.91	107061	DLPFC_Male_MajorDepressiveDisorder_UMichigan_107061	True	True	probable	M	M	True	True	True
GSE92538__HG-U133A|PFC_DLPFC	GSM2431833	GSE92538__HG-U133A|PFC_DLPFC	GSM2432024	0.5009287044504642	5.709540072526789	5.449358382254485	5.449358382254485	0.3530980016581713	Pritzker	Pritzker	GSE92538	CTL	PFC_DLPFC	M	70.0	28.0	7.03	107084	DLPFC_Male_Control_UCDavis_107084	GSE92538	CTL	PFC_DLPFC	M	70.0	28.0	7.03	107084	DLPFC_Male_Control_UMichigan_107084	True	True	match	M	M	True	True	True
GSE92538__HG-U133A|PFC_DLPFC	GSM2431834	GSE92538__HG-U133A|PFC_DLPFC	GSM2432025	0.6169545153083849	5.953952517695459	5.713852467665589	5.713852467665589	0.3273299878034376	Pritzker	Pritzker	GSE92538	CTL	PFC_DLPFC	F	73.0	15.5	7.51	107131	DLPFC_Female_Control_UCDavis_107131	GSE92538	CTL	PFC_DLPFC	F	73.0	15.5	7.51	107131	DLPFC_Female_Control_UMichigan_107131	True	True	match	F	F	True	True	True
GSE92538__HG-U133A|PFC_DLPFC	GSM2431835	GSE92538__HG-U133A|PFC_DLPFC	GSM2432027	0.5767198215108608	6.654473858009497	5.097908853254941	5.097908853254941	0.4986429188701138	Pritzker	Pritzker	GSE92538	MDD	PFC_DLPFC	M	58.0	24.0	6.93	107185	DLPFC_Male_MajorDepressiveDisorder_UCDavis_107185	GSE92538	MDD	PFC_DLPFC	M	58.0	24.0	6.93	107185	DLPFC_Male_MajorDepressiveDisorder_UMichigan_107185	True	True	probable	M	M	True	True	True
GSE92538__HG-U133A|PFC_DLPFC	GSM2431836	GSE92538__HG-U133A|PFC_DLPFC	GSM2432028	0.6002199502999731	5.739356263461631	6.210444696317294	5.739356263461631	0.4331875955943423	Pritzker	Pritzker	GSE92538	CTL	PFC_DLPFC	F	70.0	23.0	6.9	107199	DLPFC_Female_Control_UCDavis_107199	GSE92538	CTL	PFC_DLPFC	F	70.0	23.0	6.9	107199	DLPFC_Female_Control_UMichigan_107199	True	True	match	F	F	True	True	True
GSE92538__HG-U133A|PFC_DLPFC	GSM2431839	GSE92538__HG-U133A|PFC_DLPFC	GSM2432032	0.5102513986247164	4.839294356662639	4.506034665664678	4.506034665664678	0.2866476642238765	Pritzker	Pritzker	GSE92538	BD	PFC_DLPFC	M	63.0	54.75	6.87	107610	DLPFC_Male_BipolarDisorder_UCDavis_107610	GSE92538	BD	PFC_DLPFC	M	63.0	54.75	6.87	107610	DLPFC_Male_BipolarDisorder_UMichigan_107610	True	True	probable	M	M	True	True	True
GSE92538__HG-U133A|PFC_DLPFC	GSM2431840	GSE92538__HG-U133A|PFC_DLPFC	GSM2432033	0.2888795754993768	3.046252123914334	3.714902645236776	3.046252123914334	0.2570425521664165	Pritzker	Pritzker	GSE92538	MDD	PFC_DLPFC	M	52.0	16.0	6.82	107683	DLPFC_Male_MajorDepressiveDisorder_UCDavis_107683	GSE92538	MDD	PFC_DLPFC	M	52.0	16.0	6.82	107683	DLPFC_Male_MajorDepressiveDisorder_UMichigan_107683	True	True	none	M	M	True	False	True
GSE92538__HG-U133A|PFC_DLPFC	GSM2431841	GSE92538__HG-U133A|PFC_DLPFC	GSM2432034	0.7289982513744477	7.162295605567321	6.863522414208687	6.863522414208687	0.2973205979338176	Pritzker	Pritzker	GSE92538	BD	PFC_DLPFC	F	39.0	23.5	6.44	107706	DLPFC_Female_BipolarDisorder_UCDavis_107706	GSE92538	BD	PFC_DLPFC	F	39.0	23.5	6.44	107706	DLPFC_Female_BipolarDisorder_UMichigan_107706	True	True	match	F	F	True	True	True
GSE92538__HG-U133A|PFC_DLPFC	GSM2431844	GSE92538__HG-U133A|PFC_DLPFC	GSM2431895	0.6465475414078612	6.295430366239317	5.755442225887139	5.755442225887139	0.38262126659105095	Pritzker	Pritzker	GSE92538	CTL	PFC_DLPFC	F	48.0	27.0	7.1	107886	DLPFC_Female_Control_UCDavis_107886	GSE92538	CTL	PFC_DLPFC	F	48.0	27.0	7.1	107886	DLPFC_Female_Control_UCIrvine_107886	True	True	match	F	F	True	True	True
GSE92538__HG-U133A|PFC_DLPFC	GSM2431850	GSE92538__HG-U133A|PFC_DLPFC	GSM2432043	0.46434771839781	5.230718443205178	4.6212724453721945	4.6212724453721945	0.3010850750209169	Pritzker	Pritzker	GSE92538	BD	PFC_DLPFC	M	49.0	29.5	6.87	108107	DLPFC_Male_BipolarDisorder_UCDavis_108107	GSE92538	BD	PFC_DLPFC	M	49.0	29.5	6.87	108107	DLPFC_Male_BipolarDisorder_r_UMichigan_108107	True	True	probable	M	M	True	True	True
GSE92538__HG-U133A|PFC_DLPFC	GSM2431851	GSE92538__HG-U133A|PFC_DLPFC	GSM2432046	0.4743421707026189	4.504142786111308	4.914423571062698	4.504142786111308	0.2659785557110763	Pritzker	Pritzker	GSE92538	CTL	PFC_DLPFC	M	64.0	27.5		108396	DLPFC_Male_Control_UCDavis_108396	GSE92538	CTL	PFC_DLPFC	M	64.0	27.5		108396	DLPFC_Male_Control_UMichigan_108396	True	True	probable	M	M	True	True	True
GSE92538__HG-U133A|PFC_DLPFC	GSM2431855	GSE92538__HG-U133A|PFC_DLPFC	GSM2432049	0.599289759102802	5.593300062734355	5.039503791529169	5.039503791529169	0.4920900441331047	Pritzker	Pritzker	GSE92538	SCZ	PFC_DLPFC	F	59.0	14.8	6.55	108583	DLPFC_Female_Schizophrenia_UCDavis_108583	GSE92538	SCZ	PFC_DLPFC	F	59.0	14.8	6.55	108583	DLPFC_Female_Schizophrenia_UMichigan_108583	True	True	probable	F	F	True	True	True
GSE92538__HG-U133A|PFC_DLPFC	GSM2431857	GSE92538__HG-U133A|PFC_DLPFC	GSM2432051	0.4931453960380141	4.700471704385694	3.7210386333278747	3.7210386333278747	0.2689588091979806	Pritzker	Pritzker	GSE92538	CTL	PFC_DLPFC	F	45.0	32.0	6.6	108634	DLPFC_Female_Control_UCDavis_108634	GSE92538	CTL	PFC_DLPFC	F	45.0	32.0	6.6	108634	DLPFC_Female_Control_UMichigan_108634	True	True	none	F	F	True	False	True
GSE92538__HG-U133A|PFC_DLPFC	GSM2431859	GSE92538__HG-U133A|PFC_DLPFC	GSM2432053	0.703390137363933	5.4839522364687845	5.85126412636874	5.4839522364687845	0.3896056535718983	Pritzker	Pritzker	GSE92538	CTL	PFC_DLPFC	M	60.0	30.0	6.8	108759	DLPFC_Male_Control_UCDavis_108759	GSE92538	CTL	PFC_DLPFC	M	60.0	30.0	6.8	108759	DLPFC_Male_Control_UMichigan_108759	True	True	match	M	M	True	True	True
GSE92538__HG-U133A|PFC_DLPFC	GSM2431860	GSE92538__HG-U133A|PFC_DLPFC	GSM2432056	0.5675934070082149	5.249634235025567	6.127542423858617	5.249634235025567	0.3367358629485007	Pritzker	Pritzker	GSE92538	CTL	PFC_DLPFC	F	78.0	26.25		108858	DLPFC_Female_Control_UCDavis_108858	GSE92538	CTL	PFC_DLPFC	F	78.0	26.25		108858	DLPFC_Female_Control_UMichigan_108858	True	True	match	F	F	True	True	True
GSE92538__HG-U133A|PFC_DLPFC	GSM2431861	GSE92538__HG-U133A|PFC_DLPFC	GSM2432059	0.6688776136807952	6.770615713722483	6.1784342160106585	6.1784342160106585	0.319985952269242	Pritzker	Pritzker	GSE92538	BD	PFC_DLPFC	M	52.0	28.75	7.05	108923	DLPFC_Male_BipolarDisorder_UCDavis_108923	GSE92538	BD	PFC_DLPFC	M	52.0	28.75	7.05	108923	DLPFC_Male_BipolarDisorder_UMichigan_108923	True	True	match	M	M	True	True	True
GSE92538__HG-U133A|PFC_DLPFC	GSM2431865	GSE92538__HG-U133A|PFC_DLPFC	GSM2432067	0.4873372197794763	5.6842316610707275	5.141727533292555	5.141727533292555	0.21635491868069023	Pritzker	Pritzker	GSE92538	CTL	PFC_DLPFC	M	71.0	21.75	7.25	109170	DLPFC_Male_Control_UCDavis_109170	GSE92538	CTL	PFC_DLPFC	M	71.0	21.75	7.25	109170	DLPFC_Male_Control_UMichigan_109170	True	True	probable	M	M	True	True	True
GSE92538__HG-U133A|PFC_DLPFC	GSM2431869	GSE92538__HG-U133A|PFC_DLPFC	GSM2432072	0.5674503179760706	5.0342153588119425	5.720514970919254	5.0342153588119425	0.279701460911625	Pritzker	Pritzker	GSE92538	BD	PFC_DLPFC	F	81.0	23.0		109377	DLPFC_Female_BipolarDisorder_UCDavis_109377	GSE92538	BD	PFC_DLPFC	F	81.0	23.0		109377	DLPFC_Female_BipolarDisorder_UMichigan_109377	True	True	probable	F	F	True	True	True
GSE92538__HG-U133A|PFC_DLPFC	GSM2431871	GSE92538__HG-U133A|PFC_DLPFC	GSM2432075	0.46419198083648566	4.329389039083172	4.261779010209868	4.261779010209868	0.2998915883711347	Pritzker	Pritzker	GSE92538	MDD	PFC_DLPFC	M	34.0	29.6	6.71	109430	DLPFC_Male_MajorDepressiveDisorder_UCDavis_109430	GSE92538	MDD	PFC_DLPFC	M	34.0	29.6	6.71	109430	DLPFC_Male_MajorDepressiveDisorder_UMichigan_109430	True	True	probable	M	M	True	True	True
GSE92538__HG-U133A|PFC_DLPFC	GSM2431875	GSE92538__HG-U133A|PFC_DLPFC	GSM2432080	0.6459363126366447	6.869110633964969	6.843591265839671	6.843591265839671	0.4397093124478496	Pritzker	Pritzker	GSE92538	CTL	PFC_DLPFC	M	43.0	26.0	7.1	109779	DLPFC_Male_Control_UCDavis_109779	GSE92538	CTL	PFC_DLPFC	M	43.0	26.0	7.1	109779	DLPFC_Male_Control_UMichigan_109779	True	True	match	M	M	True	True	True
GSE92538__HG-U133A|PFC_DLPFC	GSM2431878	GSE92538__HG-U133A|PFC_DLPFC	GSM2432085	0.4914377430941095	4.924278728386309	5.29806772154066	4.924278728386309	0.43318759559434233	Pritzker	Pritzker	GSE92538	MDD	PFC_DLPFC	M	35.0	34.5	7.04	109899	DLPFC_Male_MajorDepressiveDisorder_UCDavis_109899	GSE92538	MDD	PFC_DLPFC	M	35.0	34.5	7.04	109899	DLPFC_Male_MajorDepressiveDisorder_UMichigan_109899	True	True	probable	M	M	True	True	True
GSE92538__HG-U133A|PFC_DLPFC	GSM2431879	GSE92538__HG-U133A|PFC_DLPFC	GSM2432086	0.6069534990174564	5.531944424530893	6.095785547323248	5.531944424530893	0.2852635228719626	Pritzker	Pritzker	GSE92538	MDD	PFC_DLPFC	M	47.0	29.0	7.25	109923	DLPFC_Male_MajorDepressiveDisorder_UCDavis_109923	GSE92538	MDD	PFC_DLPFC	M	47.0	29.0	7.25	109923	DLPFC_Male_MajorDepressiveDisorder_UMichigan_109923	True	True	match	M	M	True	True	True
GSE92538__HG-U133A|PFC_DLPFC	GSM2431880	GSE92538__HG-U133A|PFC_DLPFC	GSM2432088	0.6165874088268717	5.751740920668427	5.304792487151038	5.304792487151038	0.2725150670545865	Pritzker	Pritzker	GSE92538	BD	PFC_DLPFC	M	26.0	19.0	6.92	109961	DLPFC_Male_BipolarDisorder_UCDavis_109961	GSE92538	BD	PFC_DLPFC	M	26.0	19.0	6.92	109961	DLPFC_Male_BipolarDisorder_r_UMichigan_109961	True	True	match	M	M	True	True	True
GSE92538__HG-U133A|PFC_DLPFC	GSM2431887	GSE92538__HG-U133A|PFC_DLPFC	GSM2431949	0.8601841555035579	5.694424009279481	5.738902285968657	5.694424009279481	0.8529842507481445	Pritzker	Pritzker	GSE92538	SCZ	PFC_DLPFC	F	47.0	32.0	7.17	103037	DLPFC_Female_Schizophrenia_UCIrvine_103037	GSE92538	SCZ	PFC_DLPFC	F	47.0	32.0	7.17	103037	DLPFC_Female_Schizophrenia_UMichigan_103037	True	True	match	F	F	True	True	True
GSE92538__HG-U133A|PFC_DLPFC	GSM2431892	GSE92538__HG-U133A|PFC_DLPFC	GSM2432003	0.6718291818154423	6.843856667860641	6.51286131953763	6.51286131953763	0.4908327471061548	Pritzker	Pritzker	GSE92538	CTL	PFC_DLPFC	M	40.0	12.25	6.76	106229	DLPFC_Male_Control_UCIrvine_106229	GSE92538	CTL	PFC_DLPFC	M	40.0	12.25	6.76	106229	DLPFC_Male_Control_UMichigan_106229	True	True	match	M	M	True	True	True
GSE92538__HG-U133A|PFC_DLPFC	GSM2431897	GSE92538__HG-U133A|PFC_DLPFC	GSM2432073	0.580818274056495	5.627081363466783	4.920103903086974	4.920103903086974	0.5537459792821826	Pritzker	Pritzker	GSE92538	CTL	PFC_DLPFC	M	54.0	11.0	6.97	109422	DLPFC_Male_Control_UCIrvine_109422	GSE92538	CTL	PFC_DLPFC	M	54.0	11.0	6.97	109422	DLPFC_Male_Control_UMichigan_109422	True	True	probable	M	M	True	True	True
GSE92538__HG-U133A|PFC_DLPFC	GSM2431899	GSE92538__HG-U133A|PFC_DLPFC	GSM2432092	0.7339352187048785	5.120440231465285	5.225993412434957	5.120440231465285	0.7337761645690926	Pritzker	Pritzker	GSE92538	CTL	PFC_DLPFC	F	57.0	16.5	6.61	109991	DLPFC_Female_Control_UCIrvine_109991	GSE92538	CTL	PFC_DLPFC	F	57.0	16.5	6.61	109991	DLPFC_Female_Control_UMichigan_109991	True	True	probable	F	F	True	True	True
GSE92538__HG-U133A|PFC_DLPFC	GSM2431937	GSE92538__HG-U133A|PFC_DLPFC	GSM2432006	0.3681121509451656	3.1003785321341373	3.197278327487753	3.1003785321341373	0.32470973228857497	Pritzker	Pritzker	GSE92538	CTL	PFC_DLPFC	M	59.0	13.5	6.38	102440	DLPFC_Male_Control_UMichigan_102440	GSE92538	CTL	PFC_DLPFC	M	72.0	15.0	6.31	106293	DLPFC_Male_Control_UMichigan_106293	False	True	none	M	M	True	False	True
GSE92538__HG-U133A|PFC_DLPFC	GSM2432035	GSE92538__HG-U133A|PFC_DLPFC	GSM2432036	0.6362132487312545	5.936375024999133	5.145869512396591	5.145869512396591	0.48343906298233963	Pritzker	Pritzker	GSE92538	MDD	PFC_DLPFC	M	19.0	18.0	7.11	107727	DLPFC_Male_MajorDepressiveDisorder_r_UMichigan_107727	GSE92538	MDD	PFC_DLPFC	M	19.0	18.0	7.11	107727	DLPFC_Male_MajorDepressiveDisorder_UMichigan_107727	True	True	probable	M	M	True	True	True
GSE92538__HG-U133A|PFC_DLPFC	GSM2432061	GSE92538__HG-U133A|PFC_DLPFC	GSM2432062	0.6759456621821973	6.959915685398933	6.621592561286491	6.621592561286491	0.6152755093697856	Pritzker	Pritzker	GSE92538	CTL	PFC_DLPFC	M	65.0	15.0	6.88	108925	DLPFC_Male_Control_r_UMichigan_108925	GSE92538	CTL	PFC_DLPFC	M	65.0	15.0	6.88	108925	DLPFC_Male_Control_UMichigan_108925	True	True	match	M	M	True	True	True
GSE92538__HG-U133A|PFC_DLPFC	GSM2431734	GSE92538__HG-U133_Plus_2|PFC_DLPFC	GSM2431769	0.367103025593732	3.3312450337184862	3.0907239198084175	3.0907239198084175	0.22421995992157678	Pritzker	Pritzker	GSE92538	CTL	PFC_DLPFC	M	52.0	23.0	6.06	101736	DLPFC_Male_Control_UCDavis_101736	GSE92538	CTL	PFC_DLPFC	M	69.0	21.0	6.59	103610	DLPFC_Male_Control_p_UCDavis_103610	False	True	none	M	M	True	False	True
GSE92538__HG-U133A|PFC_DLPFC	GSM2431737	GSE92538__HG-U133_Plus_2|PFC_DLPFC	GSM2431930	0.22325903795426152	2.693689908930489	2.57296579148807	2.57296579148807	0.2058474806156928	Pritzker	Pritzker	GSE92538	CTL	PFC_DLPFC	M	58.0	26.0	7.02	101811	DLPFC_Male_Control_UCDavis_101811	GSE92538	SCZ	PFC_DLPFC	M	42.0	8.5	7.04	102218	DLPFC_Male_Schizophrenia_p_UMichigan_102218	False	False	none	M	LOW_BOTH	False	False	False
GSE92538__HG-U133A|PFC_DLPFC	GSM2431743	GSE92538__HG-U133_Plus_2|PFC_DLPFC	GSM2431741	0.6769605887362992	4.890715817984293	5.253206428734831	4.890715817984293	0.6235220156632363	Pritzker	Pritzker	GSE92538	SCZ	PFC_DLPFC	M	44.0	24.0	7.21	102118	DLPFC_Male_Schizophrenia_UCDavis_102118	GSE92538	SCZ	PFC_DLPFC	M	44.0	24.0	7.21	102118	DLPFC_Male_Schizophrenia_p_UCDavis_102118	True	True	probable	M	M	True	True	True
GSE92538__HG-U133A|PFC_DLPFC	GSM2431761	GSE92538__HG-U133_Plus_2|PFC_DLPFC	GSM2431760	0.3594707997101043	3.1921406821031257	3.8112305293483466	3.1921406821031257	0.2906113179902065	Pritzker	Pritzker	GSE92538	SCZ	PFC_DLPFC	F	47.0	32.0	7.17	103037	DLPFC_Female_Schizophrenia_UCDavis_103037	GSE92538	CTL	PFC_DLPFC	M	69.0	25.8	7.12	102854	DLPFC_Male_Control_p_UCDavis_102854	False	False	none	F	M	False	False	False
GSE92538__HG-U133A|PFC_DLPFC	GSM2431765	GSE92538__HG-U133_Plus_2|PFC_DLPFC	GSM2431748	0.21725090609144684	2.7465756314329095	2.816777404669796	2.7465756314329095	0.1563450956803294	Pritzker	Pritzker	GSE92538	CTL	PFC_DLPFC	M	35.0	32.0	6.76	103262	DLPFC_Male_Control_UCDavis_103262	GSE92538	MDD	PFC_DLPFC	M	50.0	30.8	6.84	102362	DLPFC_Male_MajorDepressiveDisorder_p_UCDavis_102362	False	False	none	M	M	True	False	False
GSE92538__HG-U133A|PFC_DLPFC	GSM2431776	GSE92538__HG-U133_Plus_2|PFC_DLPFC	GSM2431775	0.7104310068943073	6.878007737662002	7.5815337357463894	6.878007737662002	0.6742265136363665	Pritzker	Pritzker	GSE92538	CTL	PFC_DLPFC	M	48.0	20.2	6.79	104126	DLPFC_Male_Control_UCDavis_104126	GSE92538	CTL	PFC_DLPFC	M	48.0	20.2	6.79	104126	DLPFC_Male_Control_r_p_UCDavis_104126	True	True	match	M	M	True	True	True
GSE92538__HG-U133A|PFC_DLPFC	GSM2431780	GSE92538__HG-U133_Plus_2|PFC_DLPFC	GSM2431778	0.6998873759718535	5.857110220111744	7.276074023167188	5.857110220111744	0.5583593144469193	Pritzker	Pritzker	GSE92538	SCZ	PFC_DLPFC	M	50.0	6.25	6.81	104259	DLPFC_Male_Schizophrenia_UCDavis_104259	GSE92538	SCZ	PFC_DLPFC	M	50.0	6.25	6.81	104259	DLPFC_Male_Schizophrenia_p_UCDavis_104259	True	True	match	M	M	True	True	True
GSE92538__HG-U133A|PFC_DLPFC	GSM2431783	GSE92538__HG-U133_Plus_2|PFC_DLPFC	GSM2431816	0.24773727448057922	3.052116441781833	2.484741202247119	2.484741202247119	0.1772428747466307	Pritzker	Pritzker	GSE92538	SCZ	PFC_DLPFC	M	48.0	19.5	6.24	104655	DLPFC_Male_Schizophrenia_UCDavis_104655	GSE92538	SCZ	PFC_DLPFC	M	36.0	44.25	7.12	106564	DLPFC_Male_Schizophrenia_p_UCDavis_106564	False	True	none	M	M	True	False	False
GSE92538__HG-U133A|PFC_DLPFC	GSM2431788	GSE92538__HG-U133_Plus_2|PFC_DLPFC	GSM2431806	0.2398199784005473	3.370125323626665	2.9294070477782155	2.9294070477782155	0.19635354433034835	Pritzker	Pritzker	GSE92538	MDD	PFC_DLPFC	F	80.0	15.0	6.68	105080	DLPFC_Female_MajorDepressiveDisorder_UCDavis_105080	GSE92538	CTL	PFC_DLPFC	M	75.0	19.0	7.18	106051	DLPFC_Male_Control_p_UCDavis_106051	False	False	none	F	M	False	False	False
GSE92538__HG-U133A|PFC_DLPFC	GSM2431801	GSE92538__HG-U133_Plus_2|PFC_DLPFC	GSM2431991	0.27979498514049245	2.356593058288725	2.570193329435627	2.356593058288725	0.27663153211874714	Pritzker	Pritzker	GSE92538	CTL	PFC_DLPFC	M	18.0	22.0	6.97	105928	DLPFC_Male_Control_UCDavis_105928	GSE92538	CTL	PFC_DLPFC	F	68.0	33.5	6.55	105725	DLPFC_Female_Control_p_UMichigan_105725	False	True	none	M	F	False	False	False
GSE92538__HG-U133A|PFC_DLPFC	GSM2431807	GSE92538__HG-U133_Plus_2|PFC_DLPFC	GSM2432064	0.19180612899255287	2.381657962474252	2.9200240359910086	2.381657962474252	0.18208048682806205	Pritzker	Pritzker	GSE92538	MDD	PFC_DLPFC	F	50.0	15.25	6.59	106149	DLPFC_Female_MajorDepressiveDisorder_UCDavis_106149	GSE92538	CTL	PFC_DLPFC	F	62.0	20.0	7.11	109103	DLPFC_Female_Control_p_UMichigan_109103	False	False	none	F	F	True	False	False
GSE92538__HG-U133A|PFC_DLPFC	GSM2431811	GSE92538__HG-U133_Plus_2|PFC_DLPFC	GSM2431809	0.7452391106522103	7.121546547494251	7.255179239700595	7.121546547494251	0.22148561479025816	Pritzker	Pritzker	GSE92538	CTL	PFC_DLPFC	M	40.0	12.25	6.76	106229	DLPFC_Male_Control_UCDavis_106229	GSE92538	CTL	PFC_DLPFC	M	40.0	12.25	6.76	106229	DLPFC_Male_Control_p_UCDavis_106229	True	True	match	M	M	True	True	True
GSE92538__HG-U133A|PFC_DLPFC	GSM2431819	GSE92538__HG-U133_Plus_2|PFC_DLPFC	GSM2431818	0.8013060804814467	7.055439528693053	7.037847307771776	7.037847307771776	0.6041742485105895	Pritzker	Pritzker	GSE92538	CTL	PFC_DLPFC	M	48.0	21.0	6.62	106589	DLPFC_Male_Control_UCDavis_106589	GSE92538	CTL	PFC_DLPFC	M	48.0	21.0	6.62	106589	DLPFC_Male_Control_r_p_UCDavis_106589	True	True	match	M	M	True	True	True
GSE92538__HG-U133A|PFC_DLPFC	GSM2431838	GSE92538__HG-U133_Plus_2|PFC_DLPFC	GSM2431903	0.2921754944585661	2.878368858882523	3.2209965267459375	2.878368858882523	0.26027939725705335	Pritzker	Pritzker	GSE92538	BD	PFC_DLPFC	M	23.0	9.0	7.12	107366	DLPFC_Male_BipolarDisorder_UCDavis_107366	GSE92538	CTL	PFC_DLPFC	M	53.0	14.5	6.64	101091	DLPFC_Male_Control_p_UMichigan_101091	False	False	none	M	M	True	False	False
GSE92538__HG-U133A|PFC_DLPFC	GSM2431847	GSE92538__HG-U133_Plus_2|PFC_DLPFC	GSM2431971	0.3055431238798121	3.4663831269381244	3.3562469993849184	3.3562469993849184	0.21932015340750133	Pritzker	Pritzker	GSE92538	CTL	PFC_DLPFC	F	47.0	41.25	6.73	108030	DLPFC_Female_Control_UCDavis_108030	GSE92538	MDD	PFC_DLPFC	F	46.0	35.0	6.76	104630	DLPFC_Female_MajorDepressiveDisorder_p_UMichigan_104630	False	False	none	F	F	True	False	False
GSE92538__HG-U133A|PFC_DLPFC	GSM2431863	GSE92538__HG-U133_Plus_2|PFC_DLPFC	GSM2431725	0.21917521853673635	2.419932864935214	2.40065294721998	2.40065294721998	0.20302181980997513	Pritzker	Pritzker	GSE92538	CTL	PFC_DLPFC	F	68.0	26.75	6.82	109092	DLPFC_Female_Control_UCDavis_109092	GSE92538	SCZ	PFC_DLPFC	M	45.0	20.0	7.05	101421	DLPFC_Male_Schizophrenia_p_UCDavis_101421	False	False	none	F	M	False	False	False
GSE92538__HG-U133A|PFC_DLPFC	GSM2431875	GSE92538__HG-U133_Plus_2|PFC_DLPFC	GSM2431874	0.6379501579267127	5.759152905906198	6.182459865892219	5.759152905906198	0.4122685041232066	Pritzker	Pritzker	GSE92538	CTL	PFC_DLPFC	M	43.0	26.0	7.1	109779	DLPFC_Male_Control_UCDavis_109779	GSE92538	CTL	PFC_DLPFC	M	43.0	26.0	7.1	109779	DLPFC_Male_Control_r_p_UCDavis_109779	True	True	match	M	M	True	True	True
GSE92538__HG-U133A|PFC_DLPFC	GSM2431879	GSE92538__HG-U133_Plus_2|PFC_DLPFC	GSM2432068	0.22818339451242667	2.4351627443450137	2.48984754306043	2.4351627443450137	0.22773429662414796	Pritzker	Pritzker	GSE92538	MDD	PFC_DLPFC	M	47.0	29.0	7.25	109923	DLPFC_Male_MajorDepressiveDisorder_UCDavis_109923	GSE92538	MDD	PFC_DLPFC	M	28.0	33.0	7.07	109248	DLPFC_Male_MajorDepressiveDisorder_p_UMichigan_109248	False	True	none	M	M	True	False	False
GSE92538__HG-U133A|PFC_DLPFC	GSM2431886	GSE92538__HG-U133_Plus_2|PFC_DLPFC	GSM2431905	0.30579517396538414	3.54686582187634	3.1182292122709705	3.1182292122709705	0.18902522661595886	Pritzker	Pritzker	GSE92538	CTL	PFC_DLPFC	M	59.0	13.5	6.38	102440	DLPFC_Male_Control_UCIrvine_102440	GSE92538	CTL	PFC_DLPFC	M	56.0	24.5	6.98	101108	DLPFC_Male_Control_p_UMichigan_101108	False	True	none	M	LOW_BOTH	False	False	False
GSE92538__HG-U133A|PFC_DLPFC	GSM2431896	GSE92538__HG-U133_Plus_2|PFC_DLPFC	GSM2432029	0.31010539139182397	3.1121603145724492	2.6636307264440586	2.6636307264440586	0.2591796081992655	Pritzker	Pritzker	GSE92538	SCZ	PFC_DLPFC	F	59.0	14.8	6.55	108583	DLPFC_Female_Schizophrenia_UCIrvine_108583	GSE92538	CTL	PFC_DLPFC	M	79.0	0.0	7.0	107309	DLPFC_Male_Control_p_UMichigan_107309	False	False	none	F	M	False	False	False
GSE92538__HG-U133A|PFC_DLPFC	GSM2431899	GSE92538__HG-U133_Plus_2|PFC_DLPFC	GSM2431747	0.3307157845198317	2.929712930095322	2.7148754895566762	2.7148754895566762	0.305592239194274	Pritzker	Pritzker	GSE92538	CTL	PFC_DLPFC	F	57.0	16.5	6.61	109991	DLPFC_Female_Control_UCIrvine_109991	GSE92538	SCZ	PFC_DLPFC	M	59.0	35.75	6.42	102317	DLPFC_Male_Schizophrenia_p_UCDavis_102317	False	False	none	F	M	False	False	False
GSE92538__HG-U133A|PFC_DLPFC	GSM2431902	GSE92538__HG-U133_Plus_2|PFC_DLPFC	GSM2431716	0.6984178658505308	5.185419007689791	6.4886124861973835	5.185419007689791	0.649406238604782	Pritzker	Pritzker	GSE92538	SCZ	PFC_DLPFC	M	39.0	7.5	6.83	101078	DLPFC_Male_Schizophrenia_UMichigan_101078	GSE92538	SCZ	PFC_DLPFC	M	39.0	7.5	6.83	101078	DLPFC_Male_Schizophrenia_p_UCDavis_101078	True	True	probable	M	M	True	True	True
GSE92538__HG-U133A|PFC_DLPFC	GSM2431912	GSE92538__HG-U133_Plus_2|PFC_DLPFC	GSM2432070	0.2501768451514806	2.4153473604931595	2.403906761141931	2.403906761141931	0.23796895149299357	Pritzker	Pritzker	GSE92538	CTL	PFC_DLPFC	M	71.0	36.5		101431	DLPFC_Male_Control_UMichigan_101431	GSE92538	MDD	PFC_DLPFC	M	39.0	29.0	7.18	109257	DLPFC_Male_MajorDepressiveDisorder_p_UMichigan_109257	False	False	none	LOW_BOTH	M	False	False	False
GSE92538__HG-U133A|PFC_DLPFC	GSM2431918	GSE92538__HG-U133_Plus_2|PFC_DLPFC	GSM2431746	0.3125327179941871	3.0865104125461453	2.282105434586164	2.282105434586164	0.24503177523973801	Pritzker	Pritzker	GSE92538	BD	PFC_DLPFC	M	69.0	11.25	6.91	101690	DLPFC_Male_BipolarDisorder_r_UMichigan_101690	GSE92538	SCZ	PFC_DLPFC	M	42.0	8.5	7.04	102218	DLPFC_Male_Schizophrenia_p_UCDavis_102218	False	False	none	M	M	True	False	False
GSE92538__HG-U133A|PFC_DLPFC	GSM2431919	GSE92538__HG-U133_Plus_2|PFC_DLPFC	GSM2431948	0.24104299650690825	2.6283565152495796	2.4934598920687243	2.4934598920687243	0.2034175086114371	Pritzker	Pritzker	GSE92538	BD	PFC_DLPFC	M	69.0	11.25	6.91	101690	DLPFC_Male_BipolarDisorder_UMichigan_101690	GSE92538	CTL	PFC_DLPFC	M	69.0	25.8	7.12	102854	DLPFC_Male_Control_p_UMichigan_102854	False	False	none	M	M	True	False	False
GSE92538__HG-U133A|PFC_DLPFC	GSM2431935	GSE92538__HG-U133_Plus_2|PFC_DLPFC	GSM2431995	0.3436509940421337	3.536136698145055	3.5042046680400096	3.5042046680400096	0.23623198805752987	Pritzker	Pritzker	GSE92538	CTL	PFC_DLPFC	F	52.0	36.0		102422	DLPFC_Female_Control_UMichigan_102422	GSE92538	MDD	PFC_DLPFC	M	56.0	13.0	6.9	105947	DLPFC_Male_MajorDepressiveDisorder_p_UMichigan_105947	False	False	none	F	M	False	False	False
GSE92538__HG-U133A|PFC_DLPFC	GSM2431938	GSE92538__HG-U133_Plus_2|PFC_DLPFC	GSM2432005	0.240001986472602	3.2442119584405207	2.6045049140852297	2.6045049140852297	0.20554007063620305	Pritzker	Pritzker	GSE92538	CTL	PFC_DLPFC	M	55.0	15.0	6.89	102475	DLPFC_Male_Control_r_UMichigan_102475	GSE92538	CTL	PFC_DLPFC	M	58.0	21.0	6.58	106276	DLPFC_Male_Control_p_UMichigan_106276	False	True	none	M	M	True	False	False
GSE92538__HG-U133A|PFC_DLPFC	GSM2431949	GSE92538__HG-U133_Plus_2|PFC_DLPFC	GSM2432083	0.2990549207559127	2.916451393734001	2.6465125020607103	2.6465125020607103	0.28729580594193904	Pritzker	Pritzker	GSE92538	SCZ	PFC_DLPFC	F	47.0	32.0	7.17	103037	DLPFC_Female_Schizophrenia_UMichigan_103037	GSE92538	CTL	PFC_DLPFC	M	32.0	10.0	7.04	109882	DLPFC_Male_Control_p_UMichigan_109882	False	False	none	F	M	False	False	False
GSE92538__HG-U133A|PFC_DLPFC	GSM2431955	GSE92538__HG-U133_Plus_2|PFC_DLPFC	GSM2431767	0.6941176485687642	5.261663295882882	4.395358274912789	4.395358274912789	0.6810047440623498	Pritzker	Pritzker	GSE92538	SCZ	PFC_DLPFC	M	48.0	27.0	6.93	103311	DLPFC_Male_Schizophrenia_UMichigan_103311	GSE92538	SCZ	PFC_DLPFC	M	48.0	27.0	6.93	103311	DLPFC_Male_Schizophrenia_r_p_UCDavis_103311	True	True	probable	M	M	True	True	True
GSE92538__HG-U133A|PFC_DLPFC	GSM2431962	GSE92538__HG-U133_Plus_2|PFC_DLPFC	GSM2431915	0.25895924268240583	3.0840554331965797	3.7487532038890925	3.0840554331965797	0.18681096828358068	Pritzker	Pritzker	GSE92538	CTL	PFC_DLPFC	M	54.0	25.0	6.61	103998	DLPFC_Male_Control_UMichigan_103998	GSE92538	SCZ	PFC_DLPFC	F	32.0	29.0	6.55	101618	DLPFC_Female_Schizophrenia_p_UMichigan_101618	False	False	none	F	F	True	False	False
GSE92538__HG-U133A|PFC_DLPFC	GSM2431964	GSE92538__HG-U133_Plus_2|PFC_DLPFC	GSM2431922	0.2770278366672704	3.1882213170067084	2.3973644286042153	2.3973644286042153	0.2637319578376101	Pritzker	Pritzker	GSE92538	BD	PFC_DLPFC	M	73.0	10.5	6.62	104097	DLPFC_Male_BipolarDisorder_UMichigan_104097	GSE92538	CTL	PFC_DLPFC	M	66.0	18.5	6.94	101772	DLPFC_Male_Control_p_UMichigan_101772	False	False	none	M	M	True	False	False
GSE92538__HG-U133A|PFC_DLPFC	GSM2431966	GSE92538__HG-U133_Plus_2|PFC_DLPFC	GSM2431805	0.27604384313636077	2.141515641726624	2.981991716788496	2.141515641726624	0.27463711935802676	Pritzker	Pritzker	GSE92538	BD	PFC_DLPFC	M	69.0	28.5	7.2	104184	DLPFC_Male_BipolarDisorder_UMichigan_104184	GSE92538	CTL	PFC_DLPFC	M	55.0	35.5	7.18	106049	DLPFC_Male_Control_p_UCDavis_106049	False	False	none	M	M	True	False	False
GSE92538__HG-U133A|PFC_DLPFC	GSM2431967	GSE92538__HG-U133_Plus_2|PFC_DLPFC	GSM2431779	0.5943447336780933	5.167432191647825	4.604314171601518	4.604314171601518	0.5075683608935493	Pritzker	Pritzker	GSE92538	SCZ	PFC_DLPFC	M	50.0	6.25	6.81	104259	DLPFC_Male_Schizophrenia_UMichigan_104259	GSE92538	SCZ	PFC_DLPFC	M	50.0	6.25	6.81	104259	DLPFC_Male_Schizophrenia_r_p_UCDavis_104259	True	True	probable	M	M	True	True	True
GSE92538__HG-U133A|PFC_DLPFC	GSM2431973	GSE92538__HG-U133_Plus_2|PFC_DLPFC	GSM2432071	0.24817848955223265	2.4074234372879886	2.9472476615616174	2.4074234372879886	0.23690235601792473	Pritzker	Pritzker	GSE92538	CTL	PFC_DLPFC	F	65.0	31.25		104659	DLPFC_Female_Control_UMichigan_104659	GSE92538	SCZ	PFC_DLPFC	M	34.0	46.0	6.59	109371	DLPFC_Male_Schizophrenia_p_UMichigan_109371	False	False	none	LOW_BOTH	LOW_BOTH	True	False	False
GSE92538__HG-U133A|PFC_DLPFC	GSM2431986	GSE92538__HG-U133_Plus_2|PFC_DLPFC	GSM2431963	0.16663202580785608	2.7635046593743304	2.4442340625530217	2.4442340625530217	0.14026211230174415	Pritzker	Pritzker	GSE92538	BD	PFC_DLPFC	M	59.0	21.0	6.99	105621	DLPFC_Male_BipolarDisorder_UMichigan_105621	GSE92538	SCZ	PFC_DLPFC	M	50.0	17.8	6.55	104049	DLPFC_Male_Schizophrenia_p_UMichigan_104049	False	False	none	M	M	True	False	False
GSE92538__HG-U133A|PFC_DLPFC	GSM2431992	GSE92538__HG-U133_Plus_2|PFC_DLPFC	GSM2431910	0.40135990749632866	2.8795146267016425	3.087285256456934	2.8795146267016425	0.39432501350132276	Pritzker	Pritzker	GSE92538	BD	PFC_DLPFC	F	66.0	52.0	6.66	105867	DLPFC_Female_BipolarDisorder_UMichigan_105867	GSE92538	CTL	PFC_DLPFC	M	77.0	23.0	6.76	101407	DLPFC_Male_Control_p_UMichigan_101407	False	False	none	F	M	False	False	False
GSE92538__HG-U133A|PFC_DLPFC	GSM2432006	GSE92538__HG-U133_Plus_2|PFC_DLPFC	GSM2431968	0.245533926917113	2.902968692506859	3.2853081354842115	2.902968692506859	0.19691857732838075	Pritzker	Pritzker	GSE92538	CTL	PFC_DLPFC	M	72.0	15.0	6.31	106293	DLPFC_Male_Control_UMichigan_106293	GSE92538	SCZ	PFC_DLPFC	F	31.0	22.0	6.77	104344	DLPFC_Female_Schizophrenia_p_UMichigan_104344	False	False	none	M	F	False	False	False
GSE92538__HG-U133A|PFC_DLPFC	GSM2432009	GSE92538__HG-U133_Plus_2|PFC_DLPFC	GSM2431907	0.2709360897486199	2.8670634367237184	2.8922926275686414	2.8670634367237184	0.20091036488197025	Pritzker	Pritzker	GSE92538	SCZ	PFC_DLPFC	M	64.0	8.5	6.24	106495	DLPFC_Male_Schizophrenia_UMichigan_106495	GSE92538	MDD	PFC_DLPFC	M	77.0	21.5	6.33	101276	DLPFC_Male_MajorDepressiveDisorder_p_UMichigan_101276	False	False	none	M	M	True	False	False
GSE92538__HG-U133A|PFC_DLPFC	GSM2432012	GSE92538__HG-U133_Plus_2|PFC_DLPFC	GSM2431852	0.3054764077593967	3.3668568439277022	3.618838801996155	3.3668568439277022	0.23377363070383753	Pritzker	Pritzker	GSE92538	BD	PFC_DLPFC	F	34.0	39.5	6.73	106664	DLPFC_Female_BipolarDisorder_UMichigan_106664	GSE92538	CTL	PFC_DLPFC	M	64.0	24.5	6.55	108425	DLPFC_Male_Control_p_UCDavis_108425	False	False	none	F	M	False	False	False
GSE92538__HG-U133A|PFC_DLPFC	GSM2432019	GSE92538__HG-U133_Plus_2|PFC_DLPFC	GSM2431793	0.26451349040301764	2.8985466597354392	2.828212294760311	2.828212294760311	0.19113020403368428	Pritzker	Pritzker	GSE92538	BD	PFC_DLPFC	M	40.0	43.0	6.59	106851	DLPFC_Male_BipolarDisorder_UMichigan_106851	GSE92538	BD	PFC_DLPFC	M	33.0	23.5	6.41	105544	DLPFC_Male_BipolarDisorder_p_UCDavis_105544	False	True	none	M	M	True	False	False
GSE92538__HG-U133A|PFC_DLPFC	GSM2432027	GSE92538__HG-U133_Plus_2|PFC_DLPFC	GSM2431837	0.28729690524678636	2.606824436865516	2.7859881961596162	2.606824436865516	0.22557396119917483	Pritzker	Pritzker	GSE92538	MDD	PFC_DLPFC	M	58.0	24.0	6.93	107185	DLPFC_Male_MajorDepressiveDisorder_UMichigan_107185	GSE92538	CTL	PFC_DLPFC	M	79.0	0.0	7.0	107309	DLPFC_Male_Control_p_UCDavis_107309	False	False	none	M	M	True	False	False
GSE92538__HG-U133A|PFC_DLPFC	GSM2432030	GSE92538__HG-U133_Plus_2|PFC_DLPFC	GSM2431782	0.20719794602661787	2.3369152633920707	2.828600308098303	2.3369152633920707	0.19015162449563255	Pritzker	Pritzker	GSE92538	BD	PFC_DLPFC	M	23.0	9.0	7.12	107366	DLPFC_Male_BipolarDisorder_r_UMichigan_107366	GSE92538	MDD	PFC_DLPFC	M	19.0	30.5	7.06	104349	DLPFC_Male_MajorDepressiveDisorder_p_UCDavis_104349	False	False	none	M	M	True	False	False
GSE92538__HG-U133A|PFC_DLPFC	GSM2432034	GSE92538__HG-U133_Plus_2|PFC_DLPFC	GSM2432052	0.3015803253813569	3.3987656981788663	3.051572275692631	3.051572275692631	0.19798824560210912	Pritzker	Pritzker	GSE92538	BD	PFC_DLPFC	F	39.0	23.5	6.44	107706	DLPFC_Female_BipolarDisorder_UMichigan_107706	GSE92538	MDD	PFC_DLPFC	F	46.0	9.5	7.39	108700	DLPFC_Female_MajorDepressiveDisorder_p_UMichigan_108700	False	False	none	F	F	True	False	False
GSE92538__HG-U133_Plus_2|PFC_DLPFC	GSM2431715	GSE92538__HG-U133_Plus_2|PFC_DLPFC	GSM2431901	0.3289690638106311	3.5208796404650466	4.086955851943382	3.5208796404650466	0.22372133671906444	Pritzker	Pritzker	GSE92538	SCZ	PFC_DLPFC	F	53.0	34.0	6.78	101057	DLPFC_Female_Schizophrenia_p_UCDavis_101057	GSE92538	SCZ	PFC_DLPFC	F	53.0	34.0	6.78	101057	DLPFC_Female_Schizophrenia_p_UMichigan_101057	True	True	none	F	F	True	False	True
GSE92538__HG-U133_Plus_2|PFC_DLPFC	GSM2431716	GSE92538__HG-U133_Plus_2|PFC_DLPFC	GSM2431717	0.8524436520333921	5.555671861643535	5.785546019948688	5.555671861643535	0.2965253852556299	Pritzker	Pritzker	GSE92538	SCZ	PFC_DLPFC	M	39.0	7.5	6.83	101078	DLPFC_Male_Schizophrenia_p_UCDavis_101078	GSE92538	SCZ	PFC_DLPFC	M	39.0	7.5	6.83	101078	DLPFC_Male_Schizophrenia_r_p_UCDavis_101078	True	True	match	M	M	True	True	True
GSE92538__HG-U133_Plus_2|PFC_DLPFC	GSM2431719	GSE92538__HG-U133_Plus_2|PFC_DLPFC	GSM2431903	0.5563419835338886	6.807275071029422	5.615275008949141	5.615275008949141	0.20244092279896522	Pritzker	Pritzker	GSE92538	CTL	PFC_DLPFC	M	53.0	14.5	6.64	101091	DLPFC_Male_Control_p_UCDavis_101091	GSE92538	CTL	PFC_DLPFC	M	53.0	14.5	6.64	101091	DLPFC_Male_Control_p_UMichigan_101091	True	True	match	M	M	True	True	True
GSE92538__HG-U133_Plus_2|PFC_DLPFC	GSM2431724	GSE92538__HG-U133_Plus_2|PFC_DLPFC	GSM2431910	0.6905551970140532	4.314407395370415	4.79030302164482	4.314407395370415	0.43783746744476465	Pritzker	Pritzker	GSE92538	CTL	PFC_DLPFC	M	77.0	23.0	6.76	101407	DLPFC_Male_Control_p_UCDavis_101407	GSE92538	CTL	PFC_DLPFC	M	77.0	23.0	6.76	101407	DLPFC_Male_Control_p_UMichigan_101407	True	True	probable	M	M	True	True	True
GSE92538__HG-U133_Plus_2|PFC_DLPFC	GSM2431725	GSE92538__HG-U133_Plus_2|PFC_DLPFC	GSM2431911	0.30531202413368264	3.0397499222804183	3.675887686823596	3.0397499222804183	0.2798035402785788	Pritzker	Pritzker	GSE92538	SCZ	PFC_DLPFC	M	45.0	20.0	7.05	101421	DLPFC_Male_Schizophrenia_p_UCDavis_101421	GSE92538	SCZ	PFC_DLPFC	M	45.0	20.0	7.05	101421	DLPFC_Male_Schizophrenia_p_UMichigan_101421	True	True	none	M	LOW_BOTH	False	False	False
GSE92538__HG-U133_Plus_2|PFC_DLPFC	GSM2431729	GSE92538__HG-U133_Plus_2|PFC_DLPFC	GSM2431915	0.3127059140115595	2.8961581400160354	4.036035969482798	2.8961581400160354	0.23146066645893265	Pritzker	Pritzker	GSE92538	SCZ	PFC_DLPFC	F	32.0	29.0	6.55	101618	DLPFC_Female_Schizophrenia_p_UCDavis_101618	GSE92538	SCZ	PFC_DLPFC	F	32.0	29.0	6.55	101618	DLPFC_Female_Schizophrenia_p_UMichigan_101618	True	True	none	F	F	True	False	False
GSE92538__HG-U133_Plus_2|PFC_DLPFC	GSM2431732	GSE92538__HG-U133_Plus_2|PFC_DLPFC	GSM2431917	0.7027437965194422	7.4354510323323675	7.030877976860018	7.030877976860018	0.22480702190777282	Pritzker	Pritzker	GSE92538	BD	PFC_DLPFC	F	59.0	27.0	6.55	101677	DLPFC_Female_BipolarDisorder_p_UCDavis_101677	GSE92538	BD	PFC_DLPFC	F	59.0	27.0	6.55	101677	DLPFC_Female_BipolarDisorder_p_UMichigan_101677	True	True	match	F	F	True	True	True
GSE92538__HG-U133_Plus_2|PFC_DLPFC	GSM2431736	GSE92538__HG-U133_Plus_2|PFC_DLPFC	GSM2431922	0.817495630874765	7.6695769999650425	7.676464188283088	7.6695769999650425	0.26548007116743544	Pritzker	Pritzker	GSE92538	CTL	PFC_DLPFC	M	66.0	18.5	6.94	101772	DLPFC_Male_Control_p_UCDavis_101772	GSE92538	CTL	PFC_DLPFC	M	66.0	18.5	6.94	101772	DLPFC_Male_Control_p_UMichigan_101772	True	True	match	M	M	True	True	True
GSE92538__HG-U133_Plus_2|PFC_DLPFC	GSM2431741	GSE92538__HG-U133_Plus_2|PFC_DLPFC	GSM2431742	0.8754343759871971	5.854800702713472	5.710807881906883	5.710807881906883	0.3121156036983849	Pritzker	Pritzker	GSE92538	SCZ	PFC_DLPFC	M	44.0	24.0	7.21	102118	DLPFC_Male_Schizophrenia_p_UCDavis_102118	GSE92538	SCZ	PFC_DLPFC	M	44.0	24.0	7.21	102118	DLPFC_Male_Schizophrenia_r_p_UCDavis_102118	True	True	match	M	M	True	True	True
GSE92538__HG-U133_Plus_2|PFC_DLPFC	GSM2431744	GSE92538__HG-U133_Plus_2|PFC_DLPFC	GSM2431928	0.5034653458091364	5.0332529181574115	4.655423689770903	4.655423689770903	0.2970092325196452	Pritzker	Pritzker	GSE92538	CTL	PFC_DLPFC	M	55.0	23.0		102194	DLPFC_Male_Control_p_UCDavis_102194	GSE92538	CTL	PFC_DLPFC	M	55.0	23.0		102194	DLPFC_Male_Control_p_UMichigan_102194	True	True	probable	M	M	True	True	True
GSE92538__HG-U133_Plus_2|PFC_DLPFC	GSM2431748	GSE92538__HG-U133_Plus_2|PFC_DLPFC	GSM2431933	0.7752041080965439	10.930041707545598	8.79990871984992	8.79990871984992	0.23670514368238094	Pritzker	Pritzker	GSE92538	MDD	PFC_DLPFC	M	50.0	30.8	6.84	102362	DLPFC_Male_MajorDepressiveDisorder_p_UCDavis_102362	GSE92538	MDD	PFC_DLPFC	M	50.0	30.8	6.84	102362	DLPFC_Male_MajorDepressiveDisorder_p_UMichigan_102362	True	True	match	M	M	True	True	True
GSE92538__HG-U133_Plus_2|PFC_DLPFC	GSM2431754	GSE92538__HG-U133_Plus_2|PFC_DLPFC	GSM2431940	0.7291454618365424	9.45052938267697	8.131908196112597	8.131908196112597	0.1532191675168355	Pritzker	Pritzker	GSE92538	MDD	PFC_DLPFC	M	40.0	25.5	6.99	102482	DLPFC_Male_MajorDepressiveDisorder_p_UCDavis_102482	GSE92538	MDD	PFC_DLPFC	M	40.0	25.5	6.99	102482	DLPFC_Male_MajorDepressiveDisorder_p_UMichigan_102482	True	True	match	M	M	True	True	True
GSE92538__HG-U133_Plus_2|PFC_DLPFC	GSM2431757	GSE92538__HG-U133_Plus_2|PFC_DLPFC	GSM2431945	0.663493188017309	7.021026010218868	6.186885950414477	6.186885950414477	0.20190426649068816	Pritzker	Pritzker	GSE92538	CTL	PFC_DLPFC	M	30.0	18.2	7.15	102623	DLPFC_Male_Control_p_UCDavis_102623	GSE92538	CTL	PFC_DLPFC	M	30.0	18.2	7.15	102623	DLPFC_Male_Control_p_UMichigan_102623	True	True	match	M	M	True	True	True
GSE92538__HG-U133_Plus_2|PFC_DLPFC	GSM2431760	GSE92538__HG-U133_Plus_2|PFC_DLPFC	GSM2431948	0.5849107713013961	5.560809485502265	5.209847567737755	5.209847567737755	0.35387832344002806	Pritzker	Pritzker	GSE92538	CTL	PFC_DLPFC	M	69.0	25.8	7.12	102854	DLPFC_Male_Control_p_UCDavis_102854	GSE92538	CTL	PFC_DLPFC	M	69.0	25.8	7.12	102854	DLPFC_Male_Control_p_UMichigan_102854	True	True	match	M	M	True	True	True
GSE92538__HG-U133_Plus_2|PFC_DLPFC	GSM2431766	GSE92538__HG-U133_Plus_2|PFC_DLPFC	GSM2431767	0.8353132170484102	5.534714096988327	5.283042472971719	5.283042472971719	0.30304839555504204	Pritzker	Pritzker	GSE92538	SCZ	PFC_DLPFC	M	48.0	27.0	6.93	103311	DLPFC_Male_Schizophrenia_p_UCDavis_103311	GSE92538	SCZ	PFC_DLPFC	M	48.0	27.0	6.93	103311	DLPFC_Male_Schizophrenia_r_p_UCDavis_103311	True	True	match	M	M	True	True	True
GSE92538__HG-U133_Plus_2|PFC_DLPFC	GSM2431769	GSE92538__HG-U133_Plus_2|PFC_DLPFC	GSM2431956	0.6852705116616162	5.671668406936072	6.086051513440097	5.671668406936072	0.4421581814649002	Pritzker	Pritzker	GSE92538	CTL	PFC_DLPFC	M	69.0	21.0	6.59	103610	DLPFC_Male_Control_p_UCDavis_103610	GSE92538	CTL	PFC_DLPFC	M	69.0	21.0	6.59	103610	DLPFC_Male_Control_p_UMichigan_103610	True	True	match	M	M	True	True	True
GSE92538__HG-U133_Plus_2|PFC_DLPFC	GSM2431770	GSE92538__HG-U133_Plus_2|PFC_DLPFC	GSM2431958	0.7190634046600084	8.449888010484226	7.555293921996277	7.555293921996277	0.2422394840641915	Pritzker	Pritzker	GSE92538	MDD	PFC_DLPFC	M	24.0	34.5	7.16	103625	DLPFC_Male_MajorDepressiveDisorder_p_UCDavis_103625	GSE92538	MDD	PFC_DLPFC	M	24.0	34.5	7.16	103625	DLPFC_Male_MajorDepressiveDisorder_p_UMichigan_103625	True	True	match	M	M	True	True	True
GSE92538__HG-U133_Plus_2|PFC_DLPFC	GSM2431774	GSE92538__HG-U133_Plus_2|PFC_DLPFC	GSM2431775	0.7717528935553172	8.91006864969893	8.923050986752667	8.91006864969893	0.21609156105073973	Pritzker	Pritzker	GSE92538	CTL	PFC_DLPFC	M	48.0	20.2	6.79	104126	DLPFC_Male_Control_p_UCDavis_104126	GSE92538	CTL	PFC_DLPFC	M	48.0	20.2	6.79	104126	DLPFC_Male_Control_r_p_UCDavis_104126	True	True	match	M	M	True	True	True
GSE92538__HG-U133_Plus_2|PFC_DLPFC	GSM2431778	GSE92538__HG-U133_Plus_2|PFC_DLPFC	GSM2431779	0.7327801475965287	7.597927380744807	6.3577712763059955	6.3577712763059955	0.22153604805521626	Pritzker	Pritzker	GSE92538	SCZ	PFC_DLPFC	M	50.0	6.25	6.81	104259	DLPFC_Male_Schizophrenia_p_UCDavis_104259	GSE92538	SCZ	PFC_DLPFC	M	50.0	6.25	6.81	104259	DLPFC_Male_Schizophrenia_r_p_UCDavis_104259	True	True	match	M	M	True	True	True
GSE92538__HG-U133_Plus_2|PFC_DLPFC	GSM2431781	GSE92538__HG-U133_Plus_2|PFC_DLPFC	GSM2431968	0.571141664929528	6.057690603351425	5.9046119967460795	5.9046119967460795	0.23254711155056632	Pritzker	Pritzker	GSE92538	SCZ	PFC_DLPFC	F	31.0	22.0	6.77	104344	DLPFC_Female_Schizophrenia_p_UCDavis_104344	GSE92538	SCZ	PFC_DLPFC	F	31.0	22.0	6.77	104344	DLPFC_Female_Schizophrenia_p_UMichigan_104344	True	True	match	F	F	True	True	True
GSE92538__HG-U133_Plus_2|PFC_DLPFC	GSM2431782	GSE92538__HG-U133_Plus_2|PFC_DLPFC	GSM2431969	0.6102262452018588	7.75571191645727	6.462640591828951	6.462640591828951	0.1744460617138529	Pritzker	Pritzker	GSE92538	MDD	PFC_DLPFC	M	19.0	30.5	7.06	104349	DLPFC_Male_MajorDepressiveDisorder_p_UCDavis_104349	GSE92538	MDD	PFC_DLPFC	M	19.0	30.5	7.06	104349	DLPFC_Male_MajorDepressiveDisorder_p_UMichigan_104349	True	True	match	M	M	True	True	True
GSE92538__HG-U133_Plus_2|PFC_DLPFC	GSM2431793	GSE92538__HG-U133_Plus_2|PFC_DLPFC	GSM2431984	0.7614862180099388	6.397930149131677	6.369861152358407	6.369861152358407	0.29494996638822096	Pritzker	Pritzker	GSE92538	BD	PFC_DLPFC	M	33.0	23.5	6.41	105544	DLPFC_Male_BipolarDisorder_p_UCDavis_105544	GSE92538	BD	PFC_DLPFC	M	33.0	23.5	6.41	105544	DLPFC_Male_BipolarDisorder_p_UMichigan_105544	True	True	match	M	M	True	True	True
GSE92538__HG-U133_Plus_2|PFC_DLPFC	GSM2431798	GSE92538__HG-U133_Plus_2|PFC_DLPFC	GSM2431990	0.6451554011761826	5.85069372670458	5.928106713131212	5.85069372670458	0.26194077568239843	Pritzker	Pritzker	GSE92538	BD	PFC_DLPFC	F	36.0	25.5	7.0	105687	DLPFC_Female_BipolarDisorder_p_UCDavis_105687	GSE92538	BD	PFC_DLPFC	F	36.0	25.5	7.0	105687	DLPFC_Female_BipolarDisorder_p_UMichigan_105687	True	True	match	F	F	True	True	True
GSE92538__HG-U133_Plus_2|PFC_DLPFC	GSM2431799	GSE92538__HG-U133_Plus_2|PFC_DLPFC	GSM2431991	0.6023008664481851	5.039761455808264	5.336709615111356	5.039761455808264	0.30369481695564465	Pritzker	Pritzker	GSE92538	CTL	PFC_DLPFC	F	68.0	33.5	6.55	105725	DLPFC_Female_Control_p_UCDavis_105725	GSE92538	CTL	PFC_DLPFC	F	68.0	33.5	6.55	105725	DLPFC_Female_Control_p_UMichigan_105725	True	True	probable	F	F	True	True	True
GSE92538__HG-U133_Plus_2|PFC_DLPFC	GSM2431802	GSE92538__HG-U133_Plus_2|PFC_DLPFC	GSM2431995	0.5011272274643681	4.1879856420131345	4.163728286207985	4.163728286207985	0.24223948406419146	Pritzker	Pritzker	GSE92538	MDD	PFC_DLPFC	M	56.0	13.0	6.9	105947	DLPFC_Male_MajorDepressiveDisorder_p_UCDavis_105947	GSE92538	MDD	PFC_DLPFC	M	56.0	13.0	6.9	105947	DLPFC_Male_MajorDepressiveDisorder_p_UMichigan_105947	True	True	probable	M	M	True	True	True
GSE92538__HG-U133_Plus_2|PFC_DLPFC	GSM2431805	GSE92538__HG-U133_Plus_2|PFC_DLPFC	GSM2431998	0.6407228012826816	5.752291743625524	5.7038285147424865	5.7038285147424865	0.26941285274414745	Pritzker	Pritzker	GSE92538	CTL	PFC_DLPFC	M	55.0	35.5	7.18	106049	DLPFC_Male_Control_p_UCDavis_106049	GSE92538	CTL	PFC_DLPFC	M	55.0	35.5	7.18	106049	DLPFC_Male_Control_p_UMichigan_106049	True	True	match	M	M	True	True	True
GSE92538__HG-U133_Plus_2|PFC_DLPFC	GSM2431806	GSE92538__HG-U133_Plus_2|PFC_DLPFC	GSM2431999	0.6731828684693386	8.063684412191794	6.610613736925931	6.610613736925931	0.20244092279896522	Pritzker	Pritzker	GSE92538	CTL	PFC_DLPFC	M	75.0	19.0	7.18	106051	DLPFC_Male_Control_p_UCDavis_106051	GSE92538	CTL	PFC_DLPFC	M	75.0	19.0	7.18	106051	DLPFC_Male_Control_p_UMichigan_106051	True	True	match	M	M	True	True	True
GSE92538__HG-U133_Plus_2|PFC_DLPFC	GSM2431808	GSE92538__HG-U133_Plus_2|PFC_DLPFC	GSM2432002	0.6243541706800042	6.78296631798825	7.302931391049145	6.78296631798825	0.19006028363012442	Pritzker	Pritzker	GSE92538	CTL	PFC_DLPFC	F	73.0	20.0	7.21	106172	DLPFC_Female_Control_p_UCDavis_106172	GSE92538	CTL	PFC_DLPFC	F	73.0	20.0	7.21	106172	DLPFC_Female_Control_p_UMichigan_106172	True	True	match	F	F	True	True	True
GSE92538__HG-U133_Plus_2|PFC_DLPFC	GSM2431816	GSE92538__HG-U133_Plus_2|PFC_DLPFC	GSM2432010	0.3604261035371926	3.587941111060256	4.333317768348416	3.587941111060256	0.27274570340363774	Pritzker	Pritzker	GSE92538	SCZ	PFC_DLPFC	M	36.0	44.25	7.12	106564	DLPFC_Male_Schizophrenia_p_UCDavis_106564	GSE92538	SCZ	PFC_DLPFC	M	36.0	44.25	7.12	106564	DLPFC_Male_Schizophrenia_p_UMichigan_106564	True	True	none	M	LOW_BOTH	False	False	False
GSE92538__HG-U133_Plus_2|PFC_DLPFC	GSM2431817	GSE92538__HG-U133_Plus_2|PFC_DLPFC	GSM2431818	0.6242639313882687	6.197411143576721	6.301741458972087	6.197411143576721	0.2970092325196452	Pritzker	Pritzker	GSE92538	CTL	PFC_DLPFC	M	48.0	21.0	6.62	106589	DLPFC_Male_Control_p_UCDavis_106589	GSE92538	CTL	PFC_DLPFC	M	48.0	21.0	6.62	106589	DLPFC_Male_Control_r_p_UCDavis_106589	True	True	match	M	M	True	True	True
GSE92538__HG-U133_Plus_2|PFC_DLPFC	GSM2431823	GSE92538__HG-U133_Plus_2|PFC_DLPFC	GSM2432014	0.6629511745898914	5.704435039542337	5.56294326960506	5.56294326960506	0.2720082593719673	Pritzker	Pritzker	GSE92538	SCZ	PFC_DLPFC	M	63.0	33.0	7.02	106725	DLPFC_Male_Schizophrenia_p_UCDavis_106725	GSE92538	SCZ	PFC_DLPFC	M	63.0	33.0	7.02	106725	DLPFC_Male_Schizophrenia_p_UMichigan_106725	True	True	match	M	M	True	True	True
GSE92538__HG-U133_Plus_2|PFC_DLPFC	GSM2431825	GSE92538__HG-U133_Plus_2|PFC_DLPFC	GSM2432017	0.6718218931028426	6.5659607695921185	6.481463047188375	6.481463047188375	0.28504567894342414	Pritzker	Pritzker	GSE92538	SCZ	PFC_DLPFC	M	40.0	14.5	6.9	106753	DLPFC_Male_Schizophrenia_p_UCDavis_106753	GSE92538	SCZ	PFC_DLPFC	M	40.0	14.5	6.9	106753	DLPFC_Male_Schizophrenia_p_UMichigan_106753	True	True	match	M	M	True	True	True
GSE92538__HG-U133_Plus_2|PFC_DLPFC	GSM2431826	GSE92538__HG-U133_Plus_2|PFC_DLPFC	GSM2432018	0.6954577862666436	10.493021723013717	9.460624108709466	9.460624108709466	0.1951297513776501	Pritzker	Pritzker	GSE92538	CTL	PFC_DLPFC	M	63.0	22.7	7.25	106798	DLPFC_Male_Control_p_UCDavis_106798	GSE92538	CTL	PFC_DLPFC	M	63.0	22.7	7.25	106798	DLPFC_Male_Control_p_UMichigan_106798	True	True	match	M	M	True	True	True
GSE92538__HG-U133_Plus_2|PFC_DLPFC	GSM2431829	GSE92538__HG-U133_Plus_2|PFC_DLPFC	GSM2432021	0.6857221652099783	7.142666145499715	7.145933336567905	7.142666145499715	0.1852716990747176	Pritzker	Pritzker	GSE92538	CTL	PFC_DLPFC	M	56.0	20.3	7.14	106966	DLPFC_Male_Control_p_UCDavis_106966	GSE92538	CTL	PFC_DLPFC	M	56.0	20.3	7.14	106966	DLPFC_Male_Control_p_UMichigan_106966	True	True	match	M	M	True	True	True
GSE92538__HG-U133_Plus_2|PFC_DLPFC	GSM2431837	GSE92538__HG-U133_Plus_2|PFC_DLPFC	GSM2432029	0.7099800795450723	6.434500168184037	5.177044644644748	5.177044644644748	0.3229647484222662	Pritzker	Pritzker	GSE92538	CTL	PFC_DLPFC	M	79.0	0.0	7.0	107309	DLPFC_Male_Control_p_UCDavis_107309	GSE92538	CTL	PFC_DLPFC	M	79.0	0.0	7.0	107309	DLPFC_Male_Control_p_UMichigan_107309	True	True	probable	M	M	True	True	True
GSE92538__HG-U133_Plus_2|PFC_DLPFC	GSM2431843	GSE92538__HG-U133_Plus_2|PFC_DLPFC	GSM2432037	0.6938082047515564	7.65685386631752	7.069041710903665	7.069041710903665	0.1901404184178709	Pritzker	Pritzker	GSE92538	MDD	PFC_DLPFC	F	53.0	19.5	7.16	107845	DLPFC_Female_MajorDepressiveDisorder_p_UCDavis_107845	GSE92538	MDD	PFC_DLPFC	F	53.0	19.5	7.16	107845	DLPFC_Female_MajorDepressiveDisorder_p_UMichigan_107845	True	True	match	F	F	True	True	True
GSE92538__HG-U133_Plus_2|PFC_DLPFC	GSM2431845	GSE92538__HG-U133_Plus_2|PFC_DLPFC	GSM2432039	0.26907097020371723	2.821822994661399	2.8831887663078866	2.821822994661399	0.21677150415393634	Pritzker	Pritzker	GSE92538	CTL	PFC_DLPFC	M	56.0	27.5	6.85	108017	DLPFC_Male_Control_p_UCDavis_108017	GSE92538	CTL	PFC_DLPFC	M	56.0	27.5	6.85	108017	DLPFC_Male_Control_p_UMichigan_108017	True	True	none	M	LOW_BOTH	False	False	False
GSE92538__HG-U133_Plus_2|PFC_DLPFC	GSM2431849	GSE92538__HG-U133_Plus_2|PFC_DLPFC	GSM2432042	0.6415017359902611	7.589730242250012	7.150613365304542	7.150613365304542	0.19029421750815873	Pritzker	Pritzker	GSE92538	BD	PFC_DLPFC	M	36.0	25.5		108104	DLPFC_Male_BipolarDisorder_p_UCDavis_108104	GSE92538	BD	PFC_DLPFC	M	36.0	25.5		108104	DLPFC_Male_BipolarDisorder_p_UMichigan_108104	True	True	match	M	M	True	True	True
GSE92538__HG-U133_Plus_2|PFC_DLPFC	GSM2431852	GSE92538__HG-U133_Plus_2|PFC_DLPFC	GSM2432047	0.6662454962041416	5.737787374860794	6.5888825563962445	5.737787374860794	0.29652538525562994	Pritzker	Pritzker	GSE92538	CTL	PFC_DLPFC	M	64.0	24.5	6.55	108425	DLPFC_Male_Control_p_UCDavis_108425	GSE92538	CTL	PFC_DLPFC	M	64.0	24.5	6.55	108425	DLPFC_Male_Control_p_UMichigan_108425	True	True	match	M	LOW_BOTH	False	True	True
GSE92538__HG-U133_Plus_2|PFC_DLPFC	GSM2431853	GSE92538__HG-U133_Plus_2|PFC_DLPFC	GSM2432048	0.7412547423839857	8.829033836136697	7.988790704977503	7.988790704977503	0.20412606892440935	Pritzker	Pritzker	GSE92538	BD	PFC_DLPFC	M	70.0	27.5	6.96	108454	DLPFC_Male_BipolarDisorder_p_UCDavis_108454	GSE92538	BD	PFC_DLPFC	M	70.0	27.5	6.96	108454	DLPFC_Male_BipolarDisorder_p_UMichigan_108454	True	True	match	M	M	True	True	True
GSE92538__HG-U133_Plus_2|PFC_DLPFC	GSM2431858	GSE92538__HG-U133_Plus_2|PFC_DLPFC	GSM2432052	0.7652506637968345	7.0080368332894345	6.304034685943295	6.304034685943295	0.2770579289075497	Pritzker	Pritzker	GSE92538	MDD	PFC_DLPFC	F	46.0	9.5	7.39	108700	DLPFC_Female_MajorDepressiveDisorder_p_UCDavis_108700	GSE92538	MDD	PFC_DLPFC	F	46.0	9.5	7.39	108700	DLPFC_Female_MajorDepressiveDisorder_p_UMichigan_108700	True	True	match	F	F	True	True	True
GSE92538__HG-U133_Plus_2|PFC_DLPFC	GSM2431864	GSE92538__HG-U133_Plus_2|PFC_DLPFC	GSM2432064	0.7291991812303088	9.196357493482536	9.742492199300447	9.196357493482536	0.22501112249165636	Pritzker	Pritzker	GSE92538	CTL	PFC_DLPFC	F	62.0	20.0	7.11	109103	DLPFC_Female_Control_p_UCDavis_109103	GSE92538	CTL	PFC_DLPFC	F	62.0	20.0	7.11	109103	DLPFC_Female_Control_p_UMichigan_109103	True	True	match	F	F	True	True	True
GSE92538__HG-U133_Plus_2|PFC_DLPFC	GSM2431866	GSE92538__HG-U133_Plus_2|PFC_DLPFC	GSM2432068	0.6720004930708289	6.8961583927875685	6.2501741609696735	6.2501741609696735	0.25898982588746633	Pritzker	Pritzker	GSE92538	MDD	PFC_DLPFC	M	28.0	33.0	7.07	109248	DLPFC_Male_MajorDepressiveDisorder_p_UCDavis_109248	GSE92538	MDD	PFC_DLPFC	M	28.0	33.0	7.07	109248	DLPFC_Male_MajorDepressiveDisorder_p_UMichigan_109248	True	True	match	M	M	True	True	True
GSE92538__HG-U133_Plus_2|PFC_DLPFC	GSM2431867	GSE92538__HG-U133_Plus_2|PFC_DLPFC	GSM2432070	0.7574781147573921	5.468475440405418	6.410700963358336	5.468475440405418	0.4378374674447646	Pritzker	Pritzker	GSE92538	MDD	PFC_DLPFC	M	39.0	29.0	7.18	109257	DLPFC_Male_MajorDepressiveDisorder_p_UCDavis_109257	GSE92538	MDD	PFC_DLPFC	M	39.0	29.0	7.18	109257	DLPFC_Male_MajorDepressiveDisorder_p_UMichigan_109257	True	True	match	M	M	True	True	True
GSE92538__HG-U133_Plus_2|PFC_DLPFC	GSM2431868	GSE92538__HG-U133_Plus_2|PFC_DLPFC	GSM2432071	0.32708151188758294	3.2087400363239236	3.761652667439013	3.2087400363239236	0.2759527027733185	Pritzker	Pritzker	GSE92538	SCZ	PFC_DLPFC	M	34.0	46.0	6.59	109371	DLPFC_Male_Schizophrenia_p_UCDavis_109371	GSE92538	SCZ	PFC_DLPFC	M	34.0	46.0	6.59	109371	DLPFC_Male_Schizophrenia_p_UMichigan_109371	True	True	none	M	LOW_BOTH	False	False	False
GSE92538__HG-U133_Plus_2|PFC_DLPFC	GSM2431873	GSE92538__HG-U133_Plus_2|PFC_DLPFC	GSM2431874	0.5559310078031927	5.033741435908798	4.9220185737904485	4.9220185737904485	0.3294938062434006	Pritzker	Pritzker	GSE92538	CTL	PFC_DLPFC	M	43.0	26.0	7.1	109779	DLPFC_Male_Control_p_UCDavis_109779	GSE92538	CTL	PFC_DLPFC	M	43.0	26.0	7.1	109779	DLPFC_Male_Control_r_p_UCDavis_109779	True	True	probable	M	M	True	True	True
GSE92538__HG-U133_Plus_2|PFC_DLPFC	GSM2431876	GSE92538__HG-U133_Plus_2|PFC_DLPFC	GSM2432081	0.4872325164551773	6.280614277766372	5.751376195161354	5.751376195161354	0.15164754282784645	Pritzker	Pritzker	GSE92538	MDD	PFC_DLPFC	M	36.0	36.0	6.87	109833	DLPFC_Male_MajorDepressiveDisorder_p_UCDavis_109833	GSE92538	MDD	PFC_DLPFC	M	36.0	36.0	6.87	109833	DLPFC_Male_MajorDepressiveDisorder_p_UMichigan_109833	True	True	match	M	M	True	True	True
GSE92538__HG-U133_Plus_2|PFC_DLPFC	GSM2431877	GSE92538__HG-U133_Plus_2|PFC_DLPFC	GSM2432083	0.807959924149165	6.930144086509998	6.470061045321763	6.470061045321763	0.3294938062434006	Pritzker	Pritzker	GSE92538	CTL	PFC_DLPFC	M	32.0	10.0	7.04	109882	DLPFC_Male_Control_p_UCDavis_109882	GSE92538	CTL	PFC_DLPFC	M	32.0	10.0	7.04	109882	DLPFC_Male_Control_p_UMichigan_109882	True	True	match	M	M	True	True	True
GSE92538__HG-U133_Plus_2|PFC_DLPFC	GSM2431925	GSE92538__HG-U133_Plus_2|PFC_DLPFC	GSM2432065	0.4282028923042935	3.9540972227274325	4.681686070343159	3.9540972227274325	0.3086463965185183	Pritzker	Pritzker	GSE92538	MDD	PFC_DLPFC	M	52.0	23.0	6.58	101850	DLPFC_Male_MajorDepressiveDisorder_p_UMichigan_101850	GSE92538	MDD	PFC_DLPFC	M	29.0	19.0	6.3	109120	DLPFC_Male_MajorDepressiveDisorder_p_UMichigan_109120	False	True	probable	M	M	True	True	True
