unit_a	gsm_a	unit_b	gsm_b	r	z	r_second	gse_a	dx_a	region_a	sex_reported_a	age_a	pmi_a	ph_a	donor_local_a	title_a	gse_b	dx_b	region_b	sex_reported_b	age_b	pmi_b	ph_b	donor_local_b	title_b	same_metadata_donor	dx_agree
GSE12649__HG-U133A|PFC_BA46	GSM317433	GSE12649__HG-U133A|PFC_BA46	GSM317441	0.7792364302621988	3.006643502016298	0.6672496149039644	GSE12649	BD	PFC_BA46					50	bipolar disorder, BA46-50	GSE12649	CTL	PFC_BA46					59	control, BA46-59	False	False
GSE12649__HG-U133A|PFC_BA46	GSM317396	GSE17612__HG-U133_Plus_2|PFC_BA10	GSM439821	0.7084158988241048	3.052886168676475	0.6588504872534443	GSE12649	BD	PFC_BA46					13	bipolar disorder, BA46-13	GSE17612	SCZ	PFC_BA10	M	82.0	19.5	5.8	S010	S010_Scz_M_82	False	False
GSE12649__HG-U133A|PFC_BA46	GSM317390	GSE21138__HG-U133_Plus_2|PFC_BA46	GSM528877	0.6739196955000043	3.2097978111903953	0.5083859630512428	GSE12649	SCZ	PFC_BA46					7	schizophrenia, BA46-7	GSE21138	SCZ	PFC_BA46	M	38.0	40.0	5.6	Scz-18	Scz-18	False	True
GSE12649__HG-U133A|PFC_BA46	GSM317396	GSE21138__HG-U133_Plus_2|PFC_BA46	GSM528873	0.6951092056558195	3.3111939826564902	0.6304054480638308	GSE12649	BD	PFC_BA46					13	bipolar disorder, BA46-13	GSE21138	SCZ	PFC_BA46	M	46.0	42.0	5.83	Scz-14	Scz-14	False	False
GSE12649__HG-U133A|PFC_BA46	GSM317431	GSE21138__HG-U133_Plus_2|PFC_BA46	GSM528866	0.6878855606325855	3.2766273530364556	0.6140330699141592	GSE12649	BD	PFC_BA46					48	bipolar disorder, BA46-48	GSE21138	SCZ	PFC_BA46	F	21.0	56.0	6.24	Scz-7	Scz-7	False	False
GSE12649__HG-U133A|PFC_BA46	GSM317453	GSE21138__HG-U133_Plus_2|PFC_BA46	GSM528842	0.6351926779449607	3.024481053818162	0.5474995033543133	GSE12649	CTL	PFC_BA46					71	control, BA46-71	GSE21138	CTL	PFC_BA46	M	36.0	42.0	6.46	Control-13	Control-13	False	True
GSE12649__HG-U133A|PFC_BA46	GSM317389	GSE35978__HuGene-1_0-st-v1|CB	GSM878267	0.563266921870518	3.5191094153608637	0.35747975658889125	GSE12649	BD	PFC_BA46					6	bipolar disorder, BA46-6	GSE35978	BD	CB	F	30.0	62.0	6.74	k50	CC54_100909	False	True
GSE12649__HG-U133A|PFC_BA46	GSM317390	GSE35978__HuGene-1_0-st-v1|CB	GSM878279	0.6884374833060345	4.303035818667216	0.5458872060677237	GSE12649	SCZ	PFC_BA46					7	schizophrenia, BA46-7	GSE35978	SCZ	CB	M	30.0	33.0	6.2	k61	CC66_110409	False	True
GSE12649__HG-U133A|PFC_BA46	GSM317393	GSE35978__HuGene-1_0-st-v1|CB	GSM878215	0.5158789005126032	3.222324606561772	0.4008562057025359	GSE12649	SCZ	PFC_BA46					10	schizophrenia, BA46-10	GSE35978	SCZ	CB	M	40.0	34.0	6.18	k1	CC2_100909	False	True
GSE12649__HG-U133A|PFC_BA46	GSM317403	GSE35978__HuGene-1_0-st-v1|CB	GSM878232	0.568672702817048	3.5529650948902587	0.4392781475845047	GSE12649	BD	PFC_BA46					20	bipolar disorder, BA46-20	GSE35978	BD	CB	F	60.0	53.0	6.2	k16	CC19_102309	False	True
GSE12649__HG-U133A|PFC_BA46	GSM317404	GSE35978__HuGene-1_0-st-v1|CB	GSM878233	0.5680838473622838	3.5492771723194356	0.48718889861292886	GSE12649	BD	PFC_BA46					21	bipolar disorder, BA46-21	GSE35978	BD	CB	M	55.0	44.0	6.5	k17	CC20_102309	False	True
GSE12649__HG-U133A|PFC_BA46	GSM317416	GSE35978__HuGene-1_0-st-v1|CB	GSM878291	0.48240576472970226	3.0126868559538313	0.45411757944817877	GSE12649	CTL	PFC_BA46					33	control, BA46-33	GSE35978	SCZ	CB	F	45.0	30.0	6.47	k73	CC78_111109	False	False
GSE12649__HG-U133A|PFC_BA46	GSM317420	GSE35978__HuGene-1_0-st-v1|CB	GSM878246	0.5141313882005539	3.2113801718176322	0.3480400877521988	GSE12649	SCZ	PFC_BA46					37	schizophrenia, BA46-37	GSE35978	SCZ	CB	M	40.0	80.0	6.6	k30	CC33_103009	False	True
GSE12649__HG-U133A|PFC_BA46	GSM317427	GSE35978__HuGene-1_0-st-v1|CB	GSM878230	0.5521749834493641	3.449642095789319	0.4578236210101871	GSE12649	SCZ	PFC_BA46					44	schizophrenia, BA46-44	GSE35978	CTL	CB	M	50.0	46.0	6.5	k14	CC17_100909	False	False
GSE12649__HG-U133A|PFC_BA46	GSM317428	GSE35978__HuGene-1_0-st-v1|CB	GSM878254	0.5184321408067957	3.238315207367971	0.4567090387192958	GSE12649	SCZ	PFC_BA46					45	schizophrenia, BA46-45	GSE35978	SCZ	CB	M	35.0	47.0	6.4	k38	CC41_111109	False	True
GSE12649__HG-U133A|PFC_BA46	GSM317432	GSE35978__HuGene-1_0-st-v1|CB	GSM878257	0.8069707982694929	5.04539403936716	0.31316509122292024	GSE12649	CTL	PFC_BA46					49	control, BA46-49	GSE35978	CTL	CB	M	35.0	22.0	6.48	k41	CC44_102309	False	True
GSE12649__HG-U133A|PFC_BA46	GSM317435	GSE35978__HuGene-1_0-st-v1|CB	GSM878295	0.5106593088620253	3.189635005569023	0.4664582324778556	GSE12649	CTL	PFC_BA46					53	control, BA46-53	GSE35978	CTL	CB	M	45.0	31.0	6.67	k77	CC82_111809	False	True
GSE12649__HG-U133A|PFC_BA46	GSM317437	GSE35978__HuGene-1_0-st-v1|CB	GSM878262	0.6856244933153004	4.285418440422021	0.46661667080318076	GSE12649	SCZ	PFC_BA46					55	schizophrenia, BA46-55	GSE35978	SCZ	CB	M	45.0	13.0	6.3	k46	CC49_111109	False	True
GSE12649__HG-U133A|PFC_BA46	GSM317453	GSE35978__HuGene-1_0-st-v1|CB	GSM878281	0.4949094644142225	3.090995846576665	0.40208882515136174	GSE12649	CTL	PFC_BA46					71	control, BA46-71	GSE35978	CTL	CB	F	50.0	45.0	6.72	k63	CC68_111109	False	True
GSE12649__HG-U133A|PFC_BA46	GSM317455	GSE35978__HuGene-1_0-st-v1|CB	GSM878283	0.56112849416644	3.505716730055604	0.33131735443692	GSE12649	SCZ	PFC_BA46					73	schizophrenia, BA46-73	GSE35978	SCZ	CB	M	55.0	38.0	6.17	k65	CC70_111109	False	True
GSE12649__HG-U133A|PFC_BA46	GSM317459	GSE35978__HuGene-1_0-st-v1|CB	GSM878286	0.670331527939296	4.18964065365164	0.4133921611370666	GSE12649	CTL	PFC_BA46					77	control, BA46-77	GSE35978	CTL	CB	F	35.0	29.0	6.52	k68	CC73_111109	False	True
GSE12649__HG-U133A|PFC_BA46	GSM317464	GSE35978__HuGene-1_0-st-v1|CB	GSM878292	0.49544193339794423	3.094330628257709	0.3991118539388697	GSE12649	SCZ	PFC_BA46					82	schizophrenia, BA46-82	GSE35978	SCZ	CB	M	40.0	26.0	6.8	k74	CC79_111809	False	True
GSE12649__HG-U133A|PFC_BA46	GSM317474	GSE35978__HuGene-1_0-st-v1|CB	GSM878303	0.48811651105776965	3.048452492680348	0.35823719154142186	GSE12649	SCZ	PFC_BA46					93	schizophrenia, BA46-93	GSE35978	SCZ	CB	F	45.0	35.0	6.5	k85	CC90_103009	False	True
GSE12649__HG-U133A|PFC_BA46	GSM317480	GSE35978__HuGene-1_0-st-v1|CB	GSM878307	0.5656919144818079	3.5342968181655747	0.48968009679659197	GSE12649	CTL	PFC_BA46					99	control, BA46-99	GSE35978	CTL	CB	F	40.0	58.0	6.46	k89	CC94_111809	False	True
GSE12649__HG-U133A|PFC_BA46	GSM317482	GSE35978__HuGene-1_0-st-v1|CB	GSM878219	0.5412163253719139	3.381009493097469	0.49347829024812795	GSE12649	SCZ	PFC_BA46					101	schizophrenia, BA46-101	GSE35978	SCZ	CB	M	50.0	16.0	6.52	k3	CC5_102309	False	True
GSE12649__HG-U133A|PFC_BA46	GSM317485	GSE35978__HuGene-1_0-st-v1|CB	GSM878222	0.5881144219209578	3.674725968664656	0.36903701568073966	GSE12649	BD	PFC_BA46					104	bipolar disorder, BA46-104	GSE35978	BD	CB	M	20.0	12.0	5.978	k6	CC9_100909	False	True
GSE12649__HG-U133A|PFC_BA46	GSM317386	GSE35978__HuGene-1_0-st-v1|PARIETAL	GSM878380	0.7142246793678945	3.2439394519872753	0.5291546798999203	GSE12649	BD	PFC_BA46					2	bipolar disorder, BA46-2	GSE35978	BD	PARIETAL	M	30.0	60.0	6.7	k15	CC149_40910	False	True
GSE12649__HG-U133A|PFC_BA46	GSM317387	GSE35978__HuGene-1_0-st-v1|PARIETAL	GSM878378	0.6954016924618683	3.1582980412484085	0.4206227273561939	GSE12649	SCZ	PFC_BA46					3	schizophrenia, BA46-3	GSE35978	SCZ	PARIETAL	M	45.0	26.0	6.42	k25	CC147_40910	False	True
GSE12649__HG-U133A|PFC_BA46	GSM317390	GSE35978__HuGene-1_0-st-v1|PARIETAL	GSM878473	0.7489297395821942	3.401841613390703	0.584280375615802	GSE12649	SCZ	PFC_BA46					7	schizophrenia, BA46-7	GSE35978	SCZ	PARIETAL	M	30.0	33.0	6.2	k61	CC242_40910	False	True
GSE12649__HG-U133A|PFC_BA46	GSM317393	GSE35978__HuGene-1_0-st-v1|PARIETAL	GSM878467	0.7397423400249398	3.3600404973917852	0.43488618785236194	GSE12649	SCZ	PFC_BA46					10	schizophrenia, BA46-10	GSE35978	SCZ	PARIETAL	M	40.0	34.0	6.18	k1	CC236_40910	False	True
GSE12649__HG-U133A|PFC_BA46	GSM317395	GSE35978__HuGene-1_0-st-v1|PARIETAL	GSM878462	0.6752697846723774	3.0667012615999667	0.512515704559997	GSE12649	SCZ	PFC_BA46					12	schizophrenia, BA46-12	GSE35978	SCZ	PARIETAL	M	20.0	28.0	6.73	k8	CC231_40810	False	True
GSE12649__HG-U133A|PFC_BA46	GSM317396	GSE35978__HuGene-1_0-st-v1|PARIETAL	GSM878461	0.8023967502252592	3.6451074798720815	0.5758140478454136	GSE12649	BD	PFC_BA46					13	bipolar disorder, BA46-13	GSE35978	BD	PARIETAL	F	50.0	19.0	5.87	k139	CC230_40810	False	True
GSE12649__HG-U133A|PFC_BA46	GSM317397	GSE35978__HuGene-1_0-st-v1|PARIETAL	GSM878459	0.8013554529492792	3.640369753168095	0.4972360108908581	GSE12649	BD	PFC_BA46					14	bipolar disorder, BA46-14	GSE35978	BD	PARIETAL	F	50.0	18.0	6.5	k9	CC228_40810	False	True
GSE12649__HG-U133A|PFC_BA46	GSM317416	GSE35978__HuGene-1_0-st-v1|PARIETAL	GSM878428	0.687874183700525	3.1240491479729084	0.5895008528204445	GSE12649	CTL	PFC_BA46					33	control, BA46-33	GSE35978	CTL	PARIETAL	F	40.0	33.0	6.0	k136	CC197_40710	False	True
GSE12649__HG-U133A|PFC_BA46	GSM317419	GSE35978__HuGene-1_0-st-v1|PARIETAL	GSM878424	0.7115020143515423	3.2315517860905776	0.5863134028482572	GSE12649	BD	PFC_BA46					36	bipolar disorder, BA46-36	GSE35978	AMBIG	PARIETAL	M	40.0	39.0	6.6	k135	CC193_40710	False	False
GSE12649__HG-U133A|PFC_BA46	GSM317428	GSE35978__HuGene-1_0-st-v1|PARIETAL	GSM878407	0.7527478196574048	3.4192132327616065	0.5631919659960517	GSE12649	SCZ	PFC_BA46					45	schizophrenia, BA46-45	GSE35978	SCZ	PARIETAL	M	35.0	47.0	6.4	k38	CC176_40610	False	True
GSE12649__HG-U133A|PFC_BA46	GSM317430	GSE35978__HuGene-1_0-st-v1|PARIETAL	GSM878402	0.6917802146077013	3.141820928772113	0.40411106408009834	GSE12649	SCZ	PFC_BA46					47	schizophrenia, BA46-47	GSE35978	SCZ	PARIETAL	M	45.0	32.0	6.67	k40	CC171_40610	False	True
GSE12649__HG-U133A|PFC_BA46	GSM317432	GSE35978__HuGene-1_0-st-v1|PARIETAL	GSM878395	0.7756962737556652	3.523624822328295	0.5781937124556356	GSE12649	CTL	PFC_BA46					49	control, BA46-49	GSE35978	CTL	PARIETAL	M	35.0	22.0	6.48	k41	CC164_40610	False	True
GSE12649__HG-U133A|PFC_BA46	GSM317437	GSE35978__HuGene-1_0-st-v1|PARIETAL	GSM878404	0.7781545959850292	3.534809773198449	0.5505687113529093	GSE12649	SCZ	PFC_BA46					55	schizophrenia, BA46-55	GSE35978	SCZ	PARIETAL	M	45.0	13.0	6.3	k46	CC173_40610	False	True
GSE12649__HG-U133A|PFC_BA46	GSM317452	GSE35978__HuGene-1_0-st-v1|PARIETAL	GSM878385	0.7008369360351954	3.183027481355497	0.575124433073257	GSE12649	CTL	PFC_BA46					70	control, BA46-70	GSE35978	CTL	PARIETAL	M	55.0	31.0	6.7	k62	CC154_40910	False	True
GSE12649__HG-U133A|PFC_BA46	GSM317456	GSE35978__HuGene-1_0-st-v1|PARIETAL	GSM878379	0.6762492430017545	3.071157631543088	0.5304854537750143	GSE12649	BD	PFC_BA46					74	bipolar disorder, BA46-74	GSE35978	BD	PARIETAL	F	35.0	24.0	6.51	k66	CC148_40910	False	True
GSE12649__HG-U133A|PFC_BA46	GSM317459	GSE35978__HuGene-1_0-st-v1|PARIETAL	GSM878472	0.8641642904771917	3.926139353902217	0.49135615486782375	GSE12649	CTL	PFC_BA46					77	control, BA46-77	GSE35978	CTL	PARIETAL	F	35.0	29.0	6.52	k68	CC241_40910	False	True
GSE12649__HG-U133A|PFC_BA46	GSM317464	GSE35978__HuGene-1_0-st-v1|PARIETAL	GSM878457	0.6693697809469579	3.0398572413107248	0.5996865479015854	GSE12649	SCZ	PFC_BA46					82	schizophrenia, BA46-82	GSE35978	SCZ	PARIETAL	M	40.0	26.0	6.8	k74	CC226_40810	False	True
GSE12649__HG-U133A|PFC_BA46	GSM317476	GSE35978__HuGene-1_0-st-v1|PARIETAL	GSM878420	0.6728087450802762	3.0555039471883907	0.49428243219075535	GSE12649	CTL	PFC_BA46					95	control, BA46-95	GSE35978	CTL	PARIETAL	M	30.0	11.0	6.13	k87	CC189_40710	False	True
GSE12649__HG-U133A|PFC_BA46	GSM317480	GSE35978__HuGene-1_0-st-v1|PARIETAL	GSM878409	0.7378408937060322	3.3513892378436347	0.6690110322150183	GSE12649	CTL	PFC_BA46					99	control, BA46-99	GSE35978	CTL	PARIETAL	F	40.0	58.0	6.46	k89	CC178_40610	False	True
GSE12649__HG-U133A|PFC_BA46	GSM317485	GSE35978__HuGene-1_0-st-v1|PARIETAL	GSM878469	0.7129971175751625	3.2383542531969045	0.5462510681091249	GSE12649	BD	PFC_BA46					104	bipolar disorder, BA46-104	GSE35978	CTL	PARIETAL	M	45.0	36.0	6.57	k5	CC238_40610	False	False
GSE12649__HG-U133A|PFC_BA46	GSM317419	GSE53987__HG-U133_Plus_2|PFC_BA46	GSM1304956	0.7099503299335056	3.175526225445883	0.7080605983186852	GSE12649	BD	PFC_BA46					36	bipolar disorder, BA46-36	GSE53987	MDD	PFC_BA46	M	51.0	24.6	6.5	k36	MDD_pfc_10	False	False
GSE12649__HG-U133A|PFC_BA46	GSM317464	GSE53987__HG-U133_Plus_2|PFC_BA46	GSM1304958	0.6838342968331511	3.058317428452002	0.6150311814933097	GSE12649	SCZ	PFC_BA46					82	schizophrenia, BA46-82	GSE53987	MDD	PFC_BA46	F	26.0	13.4	6.4	k38	MDD_pfc_12	False	False
GSE12649__HG-U133A|PFC_BA46	GSM317480	GSE53987__HG-U133_Plus_2|PFC_BA46	GSM1304972	0.6942987728126262	3.1052820128516516	0.6696948048243223	GSE12649	CTL	PFC_BA46					99	control, BA46-99	GSE53987	MDD	PFC_BA46	M	51.0	28.3	7.3	k52	MDD_pfc_9	False	False
GSE12649__HG-U133A|PFC_BA46	GSM317419	GSE53987__HG-U133_Plus_2|STR	GSM1305042	0.7013973983858377	3.1350426490165653	0.6904171262094925	GSE12649	BD	PFC_BA46					36	bipolar disorder, BA46-36	GSE53987	SCZ	STR	M	47.0	28.9	6.58	k62	schiz_str_4	False	False
GSE12649__HG-U133A|PFC_BA46	GSM317486	GSE53987__HG-U133_Plus_2|STR	GSM1305037	0.6765885007801683	3.023198870232632	0.5221157938505367	GSE12649	CTL	PFC_BA46					105	control, BA46-105	GSE53987	MDD	STR	F	49.0	23.4	6.4	k42	MDD_str_16	False	False
GSE12649__HG-U133A|PFC_BA46	GSM317419	GSE54567__HG-U133_Plus_2|PFC_BA9	GSM1319073	0.691789505541083	3.057186801752331	0.5925408631099552	GSE12649	BD	PFC_BA46					36	bipolar disorder, BA46-36	GSE54567	MDD	PFC_BA9	M				Mpair25_MDD	MDD matched sample pair brain dorsolateral prefrontal cortex BA9_M #25	False	False
GSE12649__HG-U133A|PFC_BA46	GSM317396	GSE54568__HG-U133_Plus_2|PFC_BA9	GSM1319095	0.6760628510309926	3.0015628645454204	0.5509819548018586	GSE12649	BD	PFC_BA46					13	bipolar disorder, BA46-13	GSE54568	MDD	PFC_BA9	F				Fpair6_MDD	MDD matched sample pair brain dorsolateral prefrontal cortex BA9_F #6	False	False
GSE12649__HG-U133A|PFC_BA46	GSM317433	GSE92538__HG-U133A|PFC_DLPFC	GSM2431937	0.76737738360175	3.1394206130449676	0.695554846428602	GSE12649	BD	PFC_BA46					50	bipolar disorder, BA46-50	GSE92538	CTL	PFC_DLPFC	M	59.0	13.5	6.38	102440	DLPFC_Male_Control_UMichigan_102440	False	False
GSE12649__HG-U133A|PFC_BA46	GSM317396	GSE92538__HG-U133_Plus_2|PFC_DLPFC	GSM2431848	0.7022275909877777	3.2697193996674123	0.5099704470489805	GSE12649	BD	PFC_BA46					13	bipolar disorder, BA46-13	GSE92538	CTL	PFC_DLPFC	M	60.0	36.0	6.59	108066	DLPFC_Male_Control_p_UCDavis_108066	False	False
GSE12649__HG-U133A|PFC_BA46	GSM317453	GSE92538__HG-U133_Plus_2|PFC_DLPFC	GSM2432068	0.6512859961674416	3.0316309760306304	0.5294379188673191	GSE12649	CTL	PFC_BA46					71	control, BA46-71	GSE92538	MDD	PFC_DLPFC	M	28.0	33.0	7.07	109248	DLPFC_Male_MajorDepressiveDisorder_p_UMichigan_109248	False	False
GSE17612__HG-U133_Plus_2|PFC_BA10	GSM439795	GSE21138__HG-U133_Plus_2|PFC_BA46	GSM528873	0.6520560097128708	3.485294346686756	0.63922817302545	GSE17612	SCZ	PFC_BA10	F	81.0	22.0		S008	S008_Scz_F_81	GSE21138	SCZ	PFC_BA46	M	46.0	42.0	5.83	Scz-14	Scz-14	False	True
GSE17612__HG-U133_Plus_2|PFC_BA10	GSM439821	GSE21138__HG-U133_Plus_2|PFC_BA46	GSM528866	0.6804554666322622	3.636744780796709	0.6133868127344646	GSE17612	SCZ	PFC_BA10	M	82.0	19.5	5.8	S010	S010_Scz_M_82	GSE21138	SCZ	PFC_BA46	F	21.0	56.0	6.24	Scz-7	Scz-7	False	True
GSE17612__HG-U133_Plus_2|PFC_BA10	GSM439786	GSE35978__HuGene-1_0-st-v1|CB	GSM878286	0.5679659815955566	3.898365040373312	0.37634144448465146	GSE17612	SCZ	PFC_BA10	M	77.0	3.0	6.1	S027	S027_Scz_M_77	GSE35978	CTL	CB	F	35.0	29.0	6.52	k68	CC73_111109	False	False
GSE17612__HG-U133_Plus_2|PFC_BA10	GSM439789	GSE35978__HuGene-1_0-st-v1|CB	GSM878292	0.4659169603523383	3.194418541341924	0.44990166942687077	GSE17612	CTL	PFC_BA10	M	54.0	12.0	6.6	C007	C007_Control_M_54	GSE35978	SCZ	CB	M	40.0	26.0	6.8	k74	CC79_111809	False	False
GSE17612__HG-U133_Plus_2|PFC_BA10	GSM439797	GSE35978__HuGene-1_0-st-v1|CB	GSM878262	0.5579574135144381	3.8293247264615418	0.4485752394330688	GSE17612	CTL	PFC_BA10	M	91.0	9.5	6.3	C015	C015_Control_M_91	GSE35978	SCZ	CB	M	45.0	13.0	6.3	k46	CC49_111109	False	False
GSE17612__HG-U133_Plus_2|PFC_BA10	GSM439799	GSE35978__HuGene-1_0-st-v1|CB	GSM878257	0.4859996806834953	3.3329515767000064	0.3787951318040038	GSE17612	CTL	PFC_BA10	M	58.0	15.0	6.5	C026	C026_Control_M_58	GSE35978	CTL	CB	M	35.0	22.0	6.48	k41	CC44_102309	False	True
GSE17612__HG-U133_Plus_2|PFC_BA10	GSM439805	GSE35978__HuGene-1_0-st-v1|CB	GSM878219	0.44967234850536386	3.0823612428152964	0.4198714430500628	GSE17612	SCZ	PFC_BA10	F	82.0	8.5	5.9	S020	S020_Scz_F_82	GSE35978	SCZ	CB	M	50.0	16.0	6.52	k3	CC5_102309	False	True
GSE17612__HG-U133_Plus_2|PFC_BA10	GSM439812	GSE35978__HuGene-1_0-st-v1|CB	GSM878283	0.47469297501221486	3.2549565525840336	0.2846991429606374	GSE17612	CTL	PFC_BA10	F	68.0	6.0	6.4	C022	C022_Control_F_68	GSE35978	SCZ	CB	M	55.0	38.0	6.17	k65	CC70_111109	False	False
GSE17612__HG-U133_Plus_2|PFC_BA10	GSM439821	GSE35978__HuGene-1_0-st-v1|CB	GSM878222	0.46865971736474	3.213338411155984	0.39131071484539237	GSE17612	SCZ	PFC_BA10	M	82.0	19.5	5.8	S010	S010_Scz_M_82	GSE35978	BD	CB	M	20.0	12.0	5.978	k6	CC9_100909	False	False
GSE17612__HG-U133_Plus_2|PFC_BA10	GSM439824	GSE35978__HuGene-1_0-st-v1|CB	GSM878267	0.4559275345418012	3.1255102731293203	0.3581712923204966	GSE17612	SCZ	PFC_BA10	M	44.0	4.0	6.3	S022	S022_Scz_M_44	GSE35978	BD	CB	F	30.0	62.0	6.74	k50	CC54_100909	False	False
GSE17612__HG-U133_Plus_2|PFC_BA10	GSM439821	GSE35978__HuGene-1_0-st-v1|PARIETAL	GSM878461	0.6874662457870105	3.323303066253173	0.556255646239976	GSE17612	SCZ	PFC_BA10	M	82.0	19.5	5.8	S010	S010_Scz_M_82	GSE35978	BD	PARIETAL	F	50.0	19.0	5.87	k139	CC230_40810	False	False
GSE17612__HG-U133_Plus_2|PFC_BA10	GSM439786	GSE53987__HG-U133_Plus_2|PFC_BA46	GSM1304930	0.607196543435329	3.059519499676302	0.36310877751279397	GSE17612	SCZ	PFC_BA10	M	77.0	3.0	6.1	S027	S027_Scz_M_77	GSE53987	BD	PFC_BA46	F	39.0	22.2	6.7	k11	bipolar_pfc_3	False	False
GSE17612__HG-U133_Plus_2|PFC_BA10	GSM439787	GSE53987__HG-U133_Plus_2|PFC_BA46	GSM1304952	0.6186867808536138	3.1173830970606167	0.5315063490668417	GSE17612	CTL	PFC_BA10	F	90.0	12.5	5.7	C010	C010_Control_F_90	GSE53987	CTL	PFC_BA46	M	68.0	11.8	6.8	k33	control_pfc_6	False	True
GSE17612__HG-U133_Plus_2|PFC_BA10	GSM439797	GSE53987__HG-U133_Plus_2|PFC_BA46	GSM1304956	0.6181592126159959	3.114726320269765	0.5591350448509633	GSE17612	CTL	PFC_BA10	M	91.0	9.5	6.3	C015	C015_Control_M_91	GSE53987	MDD	PFC_BA46	M	51.0	24.6	6.5	k36	MDD_pfc_10	False	False
GSE17612__HG-U133_Plus_2|PFC_BA10	GSM439819	GSE54568__HG-U133_Plus_2|PFC_BA9	GSM1319095	0.6653515702574336	3.369070497618015	0.43932524667351824	GSE17612	CTL	PFC_BA10	M	91.0	13.0	6.3	C005	C005_Control_M_91	GSE54568	MDD	PFC_BA9	F				Fpair6_MDD	MDD matched sample pair brain dorsolateral prefrontal cortex BA9_F #6	False	False
GSE17612__HG-U133_Plus_2|PFC_BA10	GSM439798	GSE54571__HG-U133_Plus_2|ACC_BA25	GSM1319154	0.5774012934166338	3.062037473543285	0.3115682966809729	GSE17612	SCZ	PFC_BA10	M	82.0	11.0	6.4	S005	S005_Scz_M_82	GSE54571	CTL	ACC_BA25	F				Fpair24_CTL	Control matched sample pair brain anterior cingulate cortex BA25_F #24	False	False
GSE17612__HG-U133_Plus_2|PFC_BA10	GSM439821	GSE54571__HG-U133_Plus_2|ACC_BA25	GSM1319142	0.6474349131755156	3.435530890953656	0.5025132725433508	GSE17612	SCZ	PFC_BA10	M	82.0	19.5	5.8	S010	S010_Scz_M_82	GSE54571	CTL	ACC_BA25	F				Fpair3_CTL	Control matched sample pair brain anterior cingulate cortex BA25_F #3	False	False
GSE17612__HG-U133_Plus_2|PFC_BA10	GSM439787	GSE92538__HG-U133_Plus_2|PFC_DLPFC	GSM2431848	0.6241748289838527	3.1987403769163856	0.5891372803452232	GSE17612	CTL	PFC_BA10	F	90.0	12.5	5.7	C010	C010_Control_F_90	GSE92538	CTL	PFC_DLPFC	M	60.0	36.0	6.59	108066	DLPFC_Male_Control_p_UCDavis_108066	False	True
GSE17612__HG-U133_Plus_2|PFC_BA10	GSM439789	GSE92538__HG-U133_Plus_2|PFC_DLPFC	GSM2431770	0.6091880383757795	3.1212364772352825	0.5664866680627583	GSE17612	CTL	PFC_BA10	M	54.0	12.0	6.6	C007	C007_Control_M_54	GSE92538	MDD	PFC_DLPFC	M	24.0	34.5	7.16	103625	DLPFC_Male_MajorDepressiveDisorder_p_UCDavis_103625	False	False
GSE17612__HG-U133_Plus_2|PFC_BA10	GSM439798	GSE92538__HG-U133_Plus_2|PFC_DLPFC	GSM2431852	0.6258415025316153	3.2073595471460252	0.5784303343610395	GSE17612	SCZ	PFC_BA10	M	82.0	11.0	6.4	S005	S005_Scz_M_82	GSE92538	CTL	PFC_DLPFC	M	64.0	24.5	6.55	108425	DLPFC_Male_Control_p_UCDavis_108425	False	False
GSE21138__HG-U133_Plus_2|PFC_BA46	GSM528839	GSE21138__HG-U133_Plus_2|PFC_BA46	GSM528840	0.7610069106016584	3.2180487034643677	0.5720649190869321	GSE21138	CTL	PFC_BA46	M	38.0	44.0	6.19	Control-10	Control-10	GSE21138	CTL	PFC_BA46	M	42.0	26.0	6.21	Control-11	Control-11	False	True
GSE21138__HG-U133_Plus_2|PFC_BA46	GSM528842	GSE35978__HuGene-1_0-st-v1|CB	GSM878295	0.46810980840094923	3.1758921118455667	0.4401506404402988	GSE21138	CTL	PFC_BA46	M	36.0	42.0	6.46	Control-13	Control-13	GSE35978	CTL	CB	M	45.0	31.0	6.67	k77	CC82_111809	False	True
GSE21138__HG-U133_Plus_2|PFC_BA46	GSM528852	GSE35978__HuGene-1_0-st-v1|CB	GSM878292	0.4633254788506965	3.1432471653448086	0.4235549087438549	GSE21138	CTL	PFC_BA46	M	57.0	27.0	6.43	Control-23	Control-23	GSE35978	SCZ	CB	M	40.0	26.0	6.8	k74	CC79_111809	False	False
GSE21138__HG-U133_Plus_2|PFC_BA46	GSM528863	GSE35978__HuGene-1_0-st-v1|CB	GSM878256	0.48544545690185736	3.294178553430302	0.280218307985331	GSE21138	SCZ	PFC_BA46	M	22.0	37.0	6.17	Scz-4	Scz-4	GSE35978	SCZ	CB	M	45.0	32.0	6.67	k40	CC43_111109	False	True
GSE21138__HG-U133_Plus_2|PFC_BA46	GSM528877	GSE35978__HuGene-1_0-st-v1|CB	GSM878279	0.5156590708943973	3.5003352995367494	0.49710899287119503	GSE21138	SCZ	PFC_BA46	M	38.0	40.0	5.6	Scz-18	Scz-18	GSE35978	SCZ	CB	M	30.0	33.0	6.2	k61	CC66_110409	False	True
GSE21138__HG-U133_Plus_2|PFC_BA46	GSM528879	GSE35978__HuGene-1_0-st-v1|CB	GSM878286	0.467864961034432	3.174221443239474	0.4226638847599091	GSE21138	SCZ	PFC_BA46	M	35.0	47.0	6.27	Scz-20	Scz-20	GSE35978	CTL	CB	F	35.0	29.0	6.52	k68	CC73_111109	False	False
GSE21138__HG-U133_Plus_2|PFC_BA46	GSM528889	GSE35978__HuGene-1_0-st-v1|CB	GSM878257	0.578018400711439	3.925832114569678	0.3287964492933829	GSE21138	SCZ	PFC_BA46	M	67.0	21.0	6.46	Scz-30	Scz-30	GSE35978	CTL	CB	M	35.0	22.0	6.48	k41	CC44_102309	False	False
GSE21138__HG-U133_Plus_2|PFC_BA46	GSM528855	GSE35978__HuGene-1_0-st-v1|PARIETAL	GSM878432	0.6049693636929813	3.0918916020285248	0.5824211601269565	GSE21138	CTL	PFC_BA46	M	50.0	69.0	6.43	Control-26	Control-26	GSE35978	CTL	PARIETAL	M	50.0	22.0	6.71	k83	CC201_40710	False	True
GSE21138__HG-U133_Plus_2|PFC_BA46	GSM528863	GSE35978__HuGene-1_0-st-v1|PARIETAL	GSM878402	0.5872820078490661	3.0011738910338916	0.38652526419084743	GSE21138	SCZ	PFC_BA46	M	22.0	37.0	6.17	Scz-4	Scz-4	GSE35978	SCZ	PARIETAL	M	45.0	32.0	6.67	k40	CC171_40610	False	True
GSE21138__HG-U133_Plus_2|PFC_BA46	GSM528866	GSE35978__HuGene-1_0-st-v1|PARIETAL	GSM878461	0.6598489640415237	3.373366785083247	0.618914831009169	GSE21138	SCZ	PFC_BA46	F	21.0	56.0	6.24	Scz-7	Scz-7	GSE35978	BD	PARIETAL	F	50.0	19.0	5.87	k139	CC230_40810	False	False
GSE21138__HG-U133_Plus_2|PFC_BA46	GSM528877	GSE35978__HuGene-1_0-st-v1|PARIETAL	GSM878520	0.6065877048962056	3.1001920066147375	0.5823425218577212	GSE21138	SCZ	PFC_BA46	M	38.0	40.0	5.6	Scz-18	Scz-18	GSE35978	BD	PARIETAL	M	55.0	39.0	5.8	k153	CC289_51310	False	False
GSE21138__HG-U133_Plus_2|PFC_BA46	GSM528879	GSE35978__HuGene-1_0-st-v1|PARIETAL	GSM878472	0.6012434447107048	3.0727815188478407	0.5148130232665056	GSE21138	SCZ	PFC_BA46	M	35.0	47.0	6.27	Scz-20	Scz-20	GSE35978	CTL	PARIETAL	F	35.0	29.0	6.52	k68	CC241_40910	False	False
GSE21138__HG-U133_Plus_2|PFC_BA46	GSM528889	GSE35978__HuGene-1_0-st-v1|PARIETAL	GSM878395	0.7443328550504946	3.806681141162681	0.7051739555589485	GSE21138	SCZ	PFC_BA46	M	67.0	21.0	6.46	Scz-30	Scz-30	GSE35978	CTL	PARIETAL	M	35.0	22.0	6.48	k41	CC164_40610	False	False
GSE21138__HG-U133_Plus_2|PFC_BA46	GSM528846	GSE53987__HG-U133_Plus_2|HPC	GSM1304888	0.6669090934056542	3.2595023233593006	0.6210677085475101	GSE21138	CTL	PFC_BA46	M	42.0	63.0	6.34	Control-17	Control-17	GSE53987	MDD	HPC	M	51.0	24.6	6.5	k36	MDD_hip_10	False	False
GSE21138__HG-U133_Plus_2|PFC_BA46	GSM528889	GSE53987__HG-U133_Plus_2|HPC	GSM1304909	0.648500000453535	3.169303543819357	0.6200654917275948	GSE21138	SCZ	PFC_BA46	M	67.0	21.0	6.46	Scz-30	Scz-30	GSE53987	SCZ	HPC	F	44.0	24.5	6.63	k57	schiz_hip_18	False	True
GSE21138__HG-U133_Plus_2|PFC_BA46	GSM528842	GSE53987__HG-U133_Plus_2|PFC_BA46	GSM1304958	0.6457050721194217	3.1709363599679072	0.6454931329073934	GSE21138	CTL	PFC_BA46	M	36.0	42.0	6.46	Control-13	Control-13	GSE53987	MDD	PFC_BA46	F	26.0	13.4	6.4	k38	MDD_pfc_12	False	False
GSE21138__HG-U133_Plus_2|PFC_BA46	GSM528846	GSE53987__HG-U133_Plus_2|PFC_BA46	GSM1304956	0.6550145760182277	3.2169055852857467	0.6484012123894397	GSE21138	CTL	PFC_BA46	M	42.0	63.0	6.34	Control-17	Control-17	GSE53987	MDD	PFC_BA46	M	51.0	24.6	6.5	k36	MDD_pfc_10	False	False
GSE21138__HG-U133_Plus_2|PFC_BA46	GSM528871	GSE53987__HG-U133_Plus_2|PFC_BA46	GSM1304930	0.6962969997185242	3.420753293753742	0.3040041620389828	GSE21138	SCZ	PFC_BA46	F	26.0	41.0	6.11	Scz-12	Scz-12	GSE53987	BD	PFC_BA46	F	39.0	22.2	6.7	k11	bipolar_pfc_3	False	False
GSE21138__HG-U133_Plus_2|PFC_BA46	GSM528873	GSE53987__HG-U133_Plus_2|PFC_BA46	GSM1304927	0.6562326877525319	3.22292047645344	0.5078532546558757	GSE21138	SCZ	PFC_BA46	M	46.0	42.0	5.83	Scz-14	Scz-14	GSE53987	BD	PFC_BA46	F	56.0	24.5	6.1	k68	bipolar_pfc_17	False	False
GSE21138__HG-U133_Plus_2|PFC_BA46	GSM528889	GSE53987__HG-U133_Plus_2|PFC_BA46	GSM1304979	0.6956179084684659	3.4174000217615252	0.5703444562896663	GSE21138	SCZ	PFC_BA46	M	67.0	21.0	6.46	Scz-30	Scz-30	GSE53987	SCZ	PFC_BA46	F	44.0	24.5	6.63	k57	schiz_pfc_18	False	True
GSE21138__HG-U133_Plus_2|PFC_BA46	GSM528842	GSE53987__HG-U133_Plus_2|STR	GSM1305033	0.6021707390533451	3.068584813569966	0.581414045729137	GSE21138	CTL	PFC_BA46	M	36.0	42.0	6.46	Control-13	Control-13	GSE53987	MDD	STR	F	26.0	13.4	6.4	k38	MDD_str_12	False	False
GSE21138__HG-U133_Plus_2|PFC_BA46	GSM528866	GSE53987__HG-U133_Plus_2|STR	GSM1305037	0.6344961185194599	3.236047051368652	0.5444653234603792	GSE21138	SCZ	PFC_BA46	F	21.0	56.0	6.24	Scz-7	Scz-7	GSE53987	MDD	STR	F	49.0	23.4	6.4	k42	MDD_str_16	False	False
GSE21138__HG-U133_Plus_2|PFC_BA46	GSM528871	GSE53987__HG-U133_Plus_2|STR	GSM1304990	0.6694591524832332	3.4171737080237565	0.39112924336876187	GSE21138	SCZ	PFC_BA46	F	26.0	41.0	6.11	Scz-12	Scz-12	GSE53987	BD	STR	F	39.0	22.2	6.7	k11	bipolar_str_3	False	False
GSE21138__HG-U133_Plus_2|PFC_BA46	GSM528879	GSE53987__HG-U133_Plus_2|STR	GSM1305046	0.6872452661463583	3.509315005201441	0.46306352702030495	GSE21138	SCZ	PFC_BA46	M	35.0	47.0	6.27	Scz-20	Scz-20	GSE53987	SCZ	STR	M	38.0	28.8	6.56	k66	schiz_str_8	False	True
GSE21138__HG-U133_Plus_2|PFC_BA46	GSM528889	GSE53987__HG-U133_Plus_2|STR	GSM1305056	0.6409919771375191	3.2696989694147924	0.4854847289000572	GSE21138	SCZ	PFC_BA46	M	67.0	21.0	6.46	Scz-30	Scz-30	GSE53987	SCZ	STR	F	44.0	24.5	6.63	k57	schiz_str_18	False	True
GSE21138__HG-U133_Plus_2|PFC_BA46	GSM528842	GSE54567__HG-U133_Plus_2|PFC_BA9	GSM1319051	0.6482011232100837	3.1176191292420232	0.5407496823270694	GSE21138	CTL	PFC_BA46	M	36.0	42.0	6.46	Control-13	Control-13	GSE54567	CTL	PFC_BA9	M				Mpair2_CTL	Control matched sample pair brain dorsolateral prefrontal cortex BA9_M #2	False	True
GSE21138__HG-U133_Plus_2|PFC_BA46	GSM528846	GSE54567__HG-U133_Plus_2|PFC_BA9	GSM1319073	0.6538557038933381	3.1449610554667227	0.4189411801589265	GSE21138	CTL	PFC_BA46	M	42.0	63.0	6.34	Control-17	Control-17	GSE54567	MDD	PFC_BA9	M				Mpair25_MDD	MDD matched sample pair brain dorsolateral prefrontal cortex BA9_M #25	False	False
GSE21138__HG-U133_Plus_2|PFC_BA46	GSM528889	GSE54568__HG-U133_Plus_2|PFC_BA9	GSM1319095	0.6786820571500924	3.2438752958230688	0.3485321606233794	GSE21138	SCZ	PFC_BA46	M	67.0	21.0	6.46	Scz-30	Scz-30	GSE54568	MDD	PFC_BA9	F				Fpair6_MDD	MDD matched sample pair brain dorsolateral prefrontal cortex BA9_F #6	False	False
GSE21138__HG-U133_Plus_2|PFC_BA46	GSM528866	GSE54571__HG-U133_Plus_2|ACC_BA25	GSM1319142	0.6815067929647766	3.316656062459404	0.5124826052023427	GSE21138	SCZ	PFC_BA46	F	21.0	56.0	6.24	Scz-7	Scz-7	GSE54571	CTL	ACC_BA25	F				Fpair3_CTL	Control matched sample pair brain anterior cingulate cortex BA25_F #3	False	False
GSE21138__HG-U133_Plus_2|PFC_BA46	GSM528832	GSE92538__HG-U133A|PFC_DLPFC	GSM2431994	0.6484914132228197	3.2273539732206027	0.619518952744719	GSE21138	CTL	PFC_BA46	M	26.0	24.0	6.42	Control-2	Control-2	GSE92538	CTL	PFC_DLPFC	M	18.0	22.0	6.97	105928	DLPFC_Male_Control_UMichigan_105928	False	True
GSE21138__HG-U133_Plus_2|PFC_BA46	GSM528846	GSE92538__HG-U133A|PFC_DLPFC	GSM2431756	0.7210854083485583	3.5916965219955634	0.6803086185003953	GSE21138	CTL	PFC_BA46	M	42.0	63.0	6.34	Control-17	Control-17	GSE92538	CTL	PFC_DLPFC	M	49.0	31.25	6.68	102539	DLPFC_Male_Control_UCDavis_102539	False	True
GSE21138__HG-U133_Plus_2|PFC_BA46	GSM528847	GSE92538__HG-U133A|PFC_DLPFC	GSM2432032	0.6622508957932941	3.2964115439035235	0.5654427175276694	GSE21138	CTL	PFC_BA46	M	37.0	47.0	6.4	Control-18	Control-18	GSE92538	BD	PFC_DLPFC	M	63.0	54.75	6.87	107610	DLPFC_Male_BipolarDisorder_UMichigan_107610	False	False
GSE21138__HG-U133_Plus_2|PFC_BA46	GSM528866	GSE92538__HG-U133A|PFC_DLPFC	GSM2431752	0.6993639434492592	3.4826784982481627	0.678102517732049	GSE21138	SCZ	PFC_BA46	F	21.0	56.0	6.24	Scz-7	Scz-7	GSE92538	CTL	PFC_DLPFC	M	59.0	13.5	6.38	102440	DLPFC_Male_Control_UCDavis_102440	False	False
GSE21138__HG-U133_Plus_2|PFC_BA46	GSM528877	GSE92538__HG-U133A|PFC_DLPFC	GSM2431847	0.6107165707155825	3.037765531713548	0.6056723771980632	GSE21138	SCZ	PFC_BA46	M	38.0	40.0	5.6	Scz-18	Scz-18	GSE92538	CTL	PFC_DLPFC	F	47.0	41.25	6.73	108030	DLPFC_Female_Control_UCDavis_108030	False	False
GSE21138__HG-U133_Plus_2|PFC_BA46	GSM528889	GSE92538__HG-U133A|PFC_DLPFC	GSM2431902	0.6796450327197507	3.3837111087029115	0.6701043919821192	GSE21138	SCZ	PFC_BA46	M	67.0	21.0	6.46	Scz-30	Scz-30	GSE92538	SCZ	PFC_DLPFC	M	39.0	7.5	6.83	101078	DLPFC_Male_Schizophrenia_UMichigan_101078	False	True
GSE21138__HG-U133_Plus_2|PFC_BA46	GSM528846	GSE92538__HG-U133_Plus_2|PFC_DLPFC	GSM2432052	0.6857027030993422	3.560637622225165	0.6524818850672903	GSE21138	CTL	PFC_BA46	M	42.0	63.0	6.34	Control-17	Control-17	GSE92538	MDD	PFC_DLPFC	F	46.0	9.5	7.39	108700	DLPFC_Female_MajorDepressiveDisorder_p_UMichigan_108700	False	False
GSE21138__HG-U133_Plus_2|PFC_BA46	GSM528855	GSE92538__HG-U133_Plus_2|PFC_DLPFC	GSM2431798	0.5885120467309218	3.054432526372012	0.5848224732856622	GSE21138	CTL	PFC_BA46	M	50.0	69.0	6.43	Control-26	Control-26	GSE92538	BD	PFC_DLPFC	F	36.0	25.5	7.0	105687	DLPFC_Female_BipolarDisorder_p_UCDavis_105687	False	False
GSE21138__HG-U133_Plus_2|PFC_BA46	GSM528869	GSE92538__HG-U133_Plus_2|PFC_DLPFC	GSM2432068	0.5808007476328874	3.01426921186289	0.4418951594294117	GSE21138	SCZ	PFC_BA46	M	38.0	36.0	6.44	Scz-10	Scz-10	GSE92538	MDD	PFC_DLPFC	M	28.0	33.0	7.07	109248	DLPFC_Male_MajorDepressiveDisorder_p_UMichigan_109248	False	False
GSE21138__HG-U133_Plus_2|PFC_BA46	GSM528871	GSE92538__HG-U133_Plus_2|PFC_DLPFC	GSM2432083	0.7035357302604005	3.653518662036195	0.6279329379026602	GSE21138	SCZ	PFC_BA46	F	26.0	41.0	6.11	Scz-12	Scz-12	GSE92538	CTL	PFC_DLPFC	M	32.0	10.0	7.04	109882	DLPFC_Male_Control_p_UMichigan_109882	False	False
GSE21138__HG-U133_Plus_2|PFC_BA46	GSM528889	GSE92538__HG-U133_Plus_2|PFC_DLPFC	GSM2431716	0.7214474351111729	3.7468094845254307	0.6971694246686274	GSE21138	SCZ	PFC_BA46	M	67.0	21.0	6.46	Scz-30	Scz-30	GSE92538	SCZ	PFC_DLPFC	M	39.0	7.5	6.83	101078	DLPFC_Male_Schizophrenia_p_UCDavis_101078	False	True
GSE35978__HuGene-1_0-st-v1|CB	GSM878215	GSE35978__HuGene-1_0-st-v1|CB	GSM878287	0.46719682489772224	3.111831686206535	0.4256711399767948	GSE35978	SCZ	CB	M	40.0	34.0	6.18	k1	CC2_100909	GSE35978	SCZ	CB	F	45.0	26.0	6.58	k69	CC74_111109	False	True
GSE35978__HuGene-1_0-st-v1|CB	GSM878217	GSE35978__HuGene-1_0-st-v1|CB	GSM878219	0.7745311592634592	5.113056219207812	0.7083595585122368	GSE35978	SCZ	CB	M	50.0	16.0	6.52	k3	CC5_100909	GSE35978	SCZ	CB	M	50.0	16.0	6.52	k3	CC5_102309	True	True
GSE35978__HuGene-1_0-st-v1|CB	GSM878230	GSE35978__HuGene-1_0-st-v1|CB	GSM878295	0.4797123194486149	3.193327021862994	0.445528511184316	GSE35978	CTL	CB	M	50.0	46.0	6.5	k14	CC17_100909	GSE35978	CTL	CB	M	45.0	31.0	6.67	k77	CC82_111809	False	True
GSE35978__HuGene-1_0-st-v1|CB	GSM878232	GSE35978__HuGene-1_0-st-v1|CB	GSM878233	0.7245080433803213	4.787327930732986	0.21570013334543475	GSE35978	BD	CB	F	60.0	53.0	6.2	k16	CC19_102309	GSE35978	BD	CB	M	55.0	44.0	6.5	k17	CC20_102309	False	True
GSE35978__HuGene-1_0-st-v1|CB	GSM878246	GSE35978__HuGene-1_0-st-v1|CB	GSM878262	0.5243415188155731	3.4839325243223347	0.4620680525006925	GSE35978	SCZ	CB	M	40.0	80.0	6.6	k30	CC33_103009	GSE35978	SCZ	CB	M	45.0	13.0	6.3	k46	CC49_111109	False	True
GSE35978__HuGene-1_0-st-v1|CB	GSM878265	GSE35978__HuGene-1_0-st-v1|CB	GSM878266	0.5401442629750485	3.5868329677952406	0.37217897081763646	GSE35978	BD	CB	F	65.0	32.0	6.97	k49	CC52_111109	GSE35978	BD	CB	F	65.0	32.0	6.97	k49	CC52_111809	True	True
GSE35978__HuGene-1_0-st-v1|CB	GSM878274	GSE35978__HuGene-1_0-st-v1|CB	GSM878307	0.46105534446495344	3.0718410963612164	0.37683671563552734	GSE35978	SCZ	CB	M	45.0	35.0	6.66	k57	CC61_102109	GSE35978	CTL	CB	F	40.0	58.0	6.46	k89	CC94_111809	False	False
GSE35978__HuGene-1_0-st-v1|CB	GSM878279	GSE35978__HuGene-1_0-st-v1|CB	GSM878303	0.49602930808945106	3.2995759967461105	0.4899509314939475	GSE35978	SCZ	CB	M	30.0	33.0	6.2	k61	CC66_110409	GSE35978	SCZ	CB	F	45.0	35.0	6.5	k85	CC90_103009	False	True
GSE35978__HuGene-1_0-st-v1|CB	GSM878291	GSE35978__HuGene-1_0-st-v1|CB	GSM878343	0.4659925584973049	3.1039900388690906	0.40603564173872986	GSE35978	SCZ	CB	F	45.0	30.0	6.47	k73	CC78_111109	GSE35978	MDD	CB	F	45.0	32.0	6.2	k118	CC130_111109	False	False
GSE35978__HuGene-1_0-st-v1|CB	GSM878299	GSE35978__HuGene-1_0-st-v1|CB	GSM878302	0.4531542328110578	3.0203925704020516	0.40840687395905506	GSE35978	SCZ	CB	F	45.0	52.0	6.51	k81	CC86_103009	GSE35978	SCZ	CB	M	40.0	26.0	6.19	k84	CC89_103009	False	True
GSE35978__HuGene-1_0-st-v1|CB	GSM878308	GSE35978__HuGene-1_0-st-v1|CB	GSM878346	0.49996566882995513	3.32520782763444	0.4962144104219396	GSE35978	MDD	CB	M	55.0	23.0	6.5	k90	CC95_100909	GSE35978	SCZ	CB	M	35.0	35.0	6.5	k121	CC133_102109	False	False
GSE35978__HuGene-1_0-st-v1|CB	GSM878316	GSE35978__HuGene-1_0-st-v1|CB	GSM878317	0.6458414205274476	4.275085860850278	0.4724707257898529	GSE35978	MDD	CB	M	45.0	28.0	6.4	k98	CC103_100909	GSE35978	MDD	CB	M	45.0	28.0	6.4	k98	CC103_111809	True	True
GSE35978__HuGene-1_0-st-v1|CB	GSM878323	GSE35978__HuGene-1_0-st-v1|CB	GSM878324	0.6183781801399905	4.09625745063534	0.4175702265790612	GSE35978	SCZ	CB	M	50.0	61.0	6.0	k104	CC110_102309	GSE35978	SCZ	CB	M	50.0	61.0	6.0	k104	CC110_103009	True	True
GSE35978__HuGene-1_0-st-v1|CB	GSM878330	GSE35978__HuGene-1_0-st-v1|CB	GSM878331	0.7776811277812742	5.13356741360151	0.7208735988575117	GSE35978	CTL	CB	F	55.0	26.0	6.0	k110	CC117_100909	GSE35978	CTL	CB	F	55.0	26.0	6.0	k110	CC117_102109	True	True
GSE35978__HuGene-1_0-st-v1|CB	GSM878347	GSE35978__HuGene-1_0-st-v1|CB	GSM878357	0.5053428681707689	3.360221758837027	0.4143159602258842	GSE35978	CTL	CB	F	45.0	25.0	6.3	k122	CC134_100909	GSE35978	SCZ	CB	M	25.0	32.0	6.6	k131	CC144_100909	False	False
GSE35978__HuGene-1_0-st-v1|CB	GSM878215	GSE35978__HuGene-1_0-st-v1|PARIETAL	GSM878467	0.6105558772394648	3.6798716182142654	0.41664030851784695	GSE35978	SCZ	CB	M	40.0	34.0	6.18	k1	CC2_100909	GSE35978	SCZ	PARIETAL	M	40.0	34.0	6.18	k1	CC236_40910	True	True
GSE35978__HuGene-1_0-st-v1|CB	GSM878217	GSE35978__HuGene-1_0-st-v1|PARIETAL	GSM878398	0.5815913442932242	3.505306317858509	0.41997152226510115	GSE35978	SCZ	CB	M	50.0	16.0	6.52	k3	CC5_100909	GSE35978	SCZ	PARIETAL	M	50.0	16.0	6.52	k3	CC167_40610	True	True
GSE35978__HuGene-1_0-st-v1|CB	GSM878222	GSE35978__HuGene-1_0-st-v1|PARIETAL	GSM878469	0.6380147990170982	3.8453628048477424	0.6137190544178305	GSE35978	BD	CB	M	20.0	12.0	5.978	k6	CC9_100909	GSE35978	CTL	PARIETAL	M	45.0	36.0	6.57	k5	CC238_40610	False	False
GSE35978__HuGene-1_0-st-v1|CB	GSM878232	GSE35978__HuGene-1_0-st-v1|PARIETAL	GSM878447	0.5594483191364761	3.3718533170990224	0.3667176690502742	GSE35978	BD	CB	F	60.0	53.0	6.2	k16	CC19_102309	GSE35978	BD	PARIETAL	F	60.0	53.0	6.2	k16	CC216_40810	True	True
GSE35978__HuGene-1_0-st-v1|CB	GSM878235	GSE35978__HuGene-1_0-st-v1|PARIETAL	GSM878442	0.5210758370362152	3.1405875868467636	0.40205859361739604	GSE35978	BD	CB	F	35.0	17.0	6.1	k19	CC22_103009	GSE35978	BD	PARIETAL	F	35.0	17.0	6.1	k19	CC211_40810	True	True
GSE35978__HuGene-1_0-st-v1|CB	GSM878244	GSE35978__HuGene-1_0-st-v1|PARIETAL	GSM878505	0.5082898494580318	3.063528178843423	0.4535626960887832	GSE35978	BD	CB	F	60.0	35.0	6.5	k28	CC31_103009	GSE35978	SCZ	PARIETAL	F	55.0	12.0	6.4	k149	CC274_51210	False	False
GSE35978__HuGene-1_0-st-v1|CB	GSM878246	GSE35978__HuGene-1_0-st-v1|PARIETAL	GSM878421	0.6051784039226905	3.6474623179697185	0.5048504514836815	GSE35978	SCZ	CB	M	40.0	80.0	6.6	k30	CC33_103009	GSE35978	SCZ	PARIETAL	M	40.0	80.0	6.6	k30	CC190_40710	True	True
GSE35978__HuGene-1_0-st-v1|CB	GSM878254	GSE35978__HuGene-1_0-st-v1|PARIETAL	GSM878407	0.5888095164573578	3.5488092596870624	0.4287745502363434	GSE35978	SCZ	CB	M	35.0	47.0	6.4	k38	CC41_111109	GSE35978	SCZ	PARIETAL	M	35.0	47.0	6.4	k38	CC176_40610	True	True
GSE35978__HuGene-1_0-st-v1|CB	GSM878256	GSE35978__HuGene-1_0-st-v1|PARIETAL	GSM878402	0.617982531697633	3.7246310544715246	0.40217990869484505	GSE35978	SCZ	CB	M	45.0	32.0	6.67	k40	CC43_111109	GSE35978	SCZ	PARIETAL	M	45.0	32.0	6.67	k40	CC171_40610	True	True
GSE35978__HuGene-1_0-st-v1|CB	GSM878257	GSE35978__HuGene-1_0-st-v1|PARIETAL	GSM878395	0.7231723753078924	4.35859593414977	0.5401913476887004	GSE35978	CTL	CB	M	35.0	22.0	6.48	k41	CC44_102309	GSE35978	CTL	PARIETAL	M	35.0	22.0	6.48	k41	CC164_40610	True	True
GSE35978__HuGene-1_0-st-v1|CB	GSM878262	GSE35978__HuGene-1_0-st-v1|PARIETAL	GSM878404	0.7335758940420337	4.421296526489819	0.5165301989241494	GSE35978	SCZ	CB	M	45.0	13.0	6.3	k46	CC49_111109	GSE35978	SCZ	PARIETAL	M	45.0	13.0	6.3	k46	CC173_40610	True	True
GSE35978__HuGene-1_0-st-v1|CB	GSM878279	GSE35978__HuGene-1_0-st-v1|PARIETAL	GSM878473	0.6901660316815483	4.159671190585904	0.5385405471363077	GSE35978	SCZ	CB	M	30.0	33.0	6.2	k61	CC66_110409	GSE35978	SCZ	PARIETAL	M	30.0	33.0	6.2	k61	CC242_40910	True	True
GSE35978__HuGene-1_0-st-v1|CB	GSM878283	GSE35978__HuGene-1_0-st-v1|PARIETAL	GSM878381	0.6150313243239485	3.7068445290490173	0.4449048115113722	GSE35978	SCZ	CB	M	55.0	38.0	6.17	k65	CC70_111109	GSE35978	SCZ	PARIETAL	M	55.0	38.0	6.17	k65	CC150_40910	True	True
GSE35978__HuGene-1_0-st-v1|CB	GSM878286	GSE35978__HuGene-1_0-st-v1|PARIETAL	GSM878472	0.710810493820945	4.284092555872051	0.5781783181411855	GSE35978	CTL	CB	F	35.0	29.0	6.52	k68	CC73_111109	GSE35978	CTL	PARIETAL	F	35.0	29.0	6.52	k68	CC241_40910	True	True
GSE35978__HuGene-1_0-st-v1|CB	GSM878287	GSE35978__HuGene-1_0-st-v1|PARIETAL	GSM878470	0.570677804042485	3.439531895210268	0.44324088943807516	GSE35978	SCZ	CB	F	45.0	26.0	6.58	k69	CC74_111109	GSE35978	SCZ	PARIETAL	F	45.0	26.0	6.58	k69	CC239_40910	True	True
GSE35978__HuGene-1_0-st-v1|CB	GSM878292	GSE35978__HuGene-1_0-st-v1|PARIETAL	GSM878535	0.5345140404093426	3.221577810732842	0.4737019175869686	GSE35978	SCZ	CB	M	40.0	26.0	6.8	k74	CC79_111809	GSE35978	CTL	PARIETAL	M	40.0	27.0	6.6	k112	CC304_51110	False	False
GSE35978__HuGene-1_0-st-v1|CB	GSM878294	GSE35978__HuGene-1_0-st-v1|PARIETAL	GSM878452	0.5523380630845066	3.329000770999898	0.3637230808879702	GSE35978	CTL	CB	M	45.0	11.0	6.6	k76	CC81_111109	GSE35978	CTL	PARIETAL	M	45.0	11.0	6.6	k76	CC221_40810	True	True
GSE35978__HuGene-1_0-st-v1|CB	GSM878299	GSE35978__HuGene-1_0-st-v1|PARIETAL	GSM878468	0.5322572281675044	3.2079763103194145	0.44983784349267353	GSE35978	SCZ	CB	F	45.0	52.0	6.51	k81	CC86_103009	GSE35978	SCZ	PARIETAL	F	45.0	52.0	6.51	k81	CC237_40910	True	True
GSE35978__HuGene-1_0-st-v1|CB	GSM878307	GSE35978__HuGene-1_0-st-v1|PARIETAL	GSM878409	0.5116120619006956	3.0835507013531296	0.4398735443154534	GSE35978	CTL	CB	F	40.0	58.0	6.46	k89	CC94_111809	GSE35978	CTL	PARIETAL	F	40.0	58.0	6.46	k89	CC178_40610	True	True
GSE35978__HuGene-1_0-st-v1|CB	GSM878310	GSE35978__HuGene-1_0-st-v1|PARIETAL	GSM878490	0.5428549718213975	3.2718474698326316	0.44879399583182855	GSE35978	CTL	CB	M	50.0	28.0	6.5	k92	CC97_103009	GSE35978	CTL	PARIETAL	M	50.0	28.0	6.5	k92	CC259_51210	True	True
GSE35978__HuGene-1_0-st-v1|CB	GSM878314	GSE35978__HuGene-1_0-st-v1|PARIETAL	GSM878494	0.521126030041892	3.140890093264802	0.4173026043815468	GSE35978	CTL	CB	F	35.0	40.0	5.8	k96	CC101_102309	GSE35978	CTL	PARIETAL	F	35.0	40.0	5.8	k96	CC263_51210	True	True
GSE35978__HuGene-1_0-st-v1|CB	GSM878325	GSE35978__HuGene-1_0-st-v1|PARIETAL	GSM878499	0.714708376496617	4.307584564574317	0.5120902407456296	GSE35978	BD	CB	F	60.0	60.0	6.5	k105	CC112_102309	GSE35978	BD	PARIETAL	F	60.0	60.0	6.5	k105	CC268_51210	True	True
GSE35978__HuGene-1_0-st-v1|CB	GSM878327	GSE35978__HuGene-1_0-st-v1|PARIETAL	GSM878497	0.5034737036694314	3.0345019232602732	0.37770539171971673	GSE35978	SCZ	CB	F	60.0	40.0	6.2	k107	CC114_102309	GSE35978	SCZ	PARIETAL	F	60.0	40.0	6.2	k107	CC266_51210	True	True
GSE35978__HuGene-1_0-st-v1|CB	GSM878328	GSE35978__HuGene-1_0-st-v1|PARIETAL	GSM878507	0.5873924757031117	3.540268947804926	0.39878358113931917	GSE35978	SCZ	CB	M	30.0	32.0	5.8	k108	CC115_102309	GSE35978	SCZ	PARIETAL	M	30.0	32.0	5.8	k108	CC276_51210	True	True
GSE35978__HuGene-1_0-st-v1|CB	GSM878329	GSE35978__HuGene-1_0-st-v1|PARIETAL	GSM878503	0.6140195633837356	3.700746783480522	0.4570281882346873	GSE35978	BD	CB	M	50.0	13.0	6.1	k109	CC116_102109	GSE35978	BD	PARIETAL	M	50.0	13.0	6.1	k109	CC272_51210	True	True
GSE35978__HuGene-1_0-st-v1|CB	GSM878341	GSE35978__HuGene-1_0-st-v1|PARIETAL	GSM878530	0.5240145377355675	3.1582987362442094	0.2913631733421734	GSE35978	SCZ	CB	M	60.0	31.0	6.2	k116	CC128_102109	GSE35978	SCZ	PARIETAL	M	60.0	31.0	6.2	k116	CC299_51310	True	True
GSE35978__HuGene-1_0-st-v1|CB	GSM878222	GSE53987__HG-U133_Plus_2|HPC	GSM1304857	0.511159745274098	3.2302849255271204	0.4803327464872953	GSE35978	BD	CB	M	20.0	12.0	5.978	k6	CC9_100909	GSE53987	BD	HPC	M	28.0	27.4	6.2	k5	bipolar_hip_15	False	True
GSE35978__HuGene-1_0-st-v1|CB	GSM878246	GSE53987__HG-U133_Plus_2|HPC	GSM1304905	0.5152762343668801	3.2564605617673794	0.4599305837986384	GSE35978	SCZ	CB	M	40.0	80.0	6.6	k30	CC33_103009	GSE53987	SCZ	HPC	M	49.0	21.5	5.97	k53	schiz_hip_10	False	True
GSE35978__HuGene-1_0-st-v1|CB	GSM878279	GSE53987__HG-U133_Plus_2|HPC	GSM1304918	0.48661811350923245	3.074231353820617	0.4471012586071335	GSE35978	SCZ	CB	M	30.0	33.0	6.2	k61	CC66_110409	GSE53987	SCZ	HPC	M	38.0	28.8	6.56	k66	schiz_hip_8	False	True
GSE35978__HuGene-1_0-st-v1|CB	GSM878357	GSE53987__HG-U133_Plus_2|HPC	GSM1304904	0.47829254639916174	3.0212913335132163	0.35465248115189385	GSE35978	SCZ	CB	M	25.0	32.0	6.6	k131	CC144_100909	GSE53987	MDD	HPC	M	51.0	28.3	7.3	k52	MDD_hip_9	False	False
GSE35978__HuGene-1_0-st-v1|CB	GSM878246	GSE53987__HG-U133_Plus_2|PFC_BA46	GSM1304956	0.5786116011955639	3.643350685176946	0.5356977342021438	GSE35978	SCZ	CB	M	40.0	80.0	6.6	k30	CC33_103009	GSE53987	MDD	PFC_BA46	M	51.0	24.6	6.5	k36	MDD_pfc_10	False	False
GSE35978__HuGene-1_0-st-v1|CB	GSM878257	GSE53987__HG-U133_Plus_2|PFC_BA46	GSM1304979	0.483932506198482	3.0460123712695513	0.3676315756018767	GSE35978	CTL	CB	M	35.0	22.0	6.48	k41	CC44_102309	GSE53987	SCZ	PFC_BA46	F	44.0	24.5	6.63	k57	schiz_pfc_18	False	False
GSE35978__HuGene-1_0-st-v1|CB	GSM878279	GSE53987__HG-U133_Plus_2|PFC_BA46	GSM1304927	0.5104834271091467	3.2135243476984967	0.43707791594271517	GSE35978	SCZ	CB	M	30.0	33.0	6.2	k61	CC66_110409	GSE53987	BD	PFC_BA46	F	56.0	24.5	6.1	k68	bipolar_pfc_17	False	False
GSE35978__HuGene-1_0-st-v1|CB	GSM878225	GSE53987__HG-U133_Plus_2|STR	GSM1305046	0.5559563763390145	3.582793123788937	0.40430690459702695	GSE35978	BD	CB	F	50.0	18.0	6.5	k9	CC12_102109	GSE53987	SCZ	STR	M	38.0	28.8	6.56	k66	schiz_str_8	False	False
GSE35978__HuGene-1_0-st-v1|CB	GSM878257	GSE53987__HG-U133_Plus_2|STR	GSM1305056	0.5205798925153049	3.353090972082696	0.41704979213801946	GSE35978	CTL	CB	M	35.0	22.0	6.48	k41	CC44_102309	GSE53987	SCZ	STR	F	44.0	24.5	6.63	k57	schiz_str_18	False	False
GSE35978__HuGene-1_0-st-v1|CB	GSM878295	GSE53987__HG-U133_Plus_2|STR	GSM1305019	0.4809910273625965	3.0960375137881577	0.4523464518724849	GSE35978	CTL	CB	M	45.0	31.0	6.67	k77	CC82_111809	GSE53987	CTL	STR	M	22.0	20.1	6.8	k23	control_str_15	False	True
GSE35978__HuGene-1_0-st-v1|CB	GSM878310	GSE53987__HG-U133_Plus_2|STR	GSM1305030	0.4799953156579409	3.089572283320985	0.4153094796909229	GSE35978	CTL	CB	M	50.0	28.0	6.5	k92	CC97_103009	GSE53987	MDD	STR	M	51.0	28.3	7.3	k52	MDD_str_9	False	False
GSE35978__HuGene-1_0-st-v1|CB	GSM878230	GSE54567__HG-U133_Plus_2|PFC_BA9	GSM1319051	0.4951336755001566	3.1437909384280394	0.3435957296663955	GSE35978	CTL	CB	M	50.0	46.0	6.5	k14	CC17_100909	GSE54567	CTL	PFC_BA9	M				Mpair2_CTL	Control matched sample pair brain dorsolateral prefrontal cortex BA9_M #2	False	True
GSE35978__HuGene-1_0-st-v1|CB	GSM878262	GSE54567__HG-U133_Plus_2|PFC_BA9	GSM1319052	0.5702317960854568	3.6242326997337484	0.4717986037903396	GSE35978	SCZ	CB	M	45.0	13.0	6.3	k46	CC49_111109	GSE54567	CTL	PFC_BA9	M				Mpair4_CTL	Control matched sample pair brain dorsolateral prefrontal cortex BA9_M #4	False	False
GSE35978__HuGene-1_0-st-v1|CB	GSM878292	GSE54567__HG-U133_Plus_2|PFC_BA9	GSM1319055	0.5216265403359251	3.313279582678108	0.37714234804003943	GSE35978	SCZ	CB	M	40.0	26.0	6.8	k74	CC79_111809	GSE54567	CTL	PFC_BA9	M				Mpair15_CTL	Control matched sample pair brain dorsolateral prefrontal cortex BA9_M #15	False	False
GSE35978__HuGene-1_0-st-v1|CB	GSM878222	GSE54568__HG-U133_Plus_2|PFC_BA9	GSM1319095	0.49787272726905896	3.1953059447567598	0.4233963626766906	GSE35978	BD	CB	M	20.0	12.0	5.978	k6	CC9_100909	GSE54568	MDD	PFC_BA9	F				Fpair6_MDD	MDD matched sample pair brain dorsolateral prefrontal cortex BA9_F #6	False	False
GSE35978__HuGene-1_0-st-v1|CB	GSM878222	GSE54571__HG-U133_Plus_2|ACC_BA25	GSM1319142	0.46973502011364837	3.066362167452188	0.439504296659044	GSE35978	BD	CB	M	20.0	12.0	5.978	k6	CC9_100909	GSE54571	CTL	ACC_BA25	F				Fpair3_CTL	Control matched sample pair brain anterior cingulate cortex BA25_F #3	False	False
GSE35978__HuGene-1_0-st-v1|CB	GSM878329	GSE54571__HG-U133_Plus_2|ACC_BA25	GSM1319154	0.535507029710647	3.4989071293694307	0.3713841330666184	GSE35978	BD	CB	M	50.0	13.0	6.1	k109	CC116_102109	GSE54571	CTL	ACC_BA25	F				Fpair24_CTL	Control matched sample pair brain anterior cingulate cortex BA25_F #24	False	False
GSE35978__HuGene-1_0-st-v1|CB	GSM878246	GSE54572__HG-U133_Plus_2|ACC_BA25	GSM1319188	0.5235296658642635	3.467710212450276	0.5153943536776453	GSE35978	SCZ	CB	M	40.0	80.0	6.6	k30	CC33_103009	GSE54572	MDD	ACC_BA25	M				Mpair25_MDD	MDD matched sample pair brain anterior cingulate cortex BA25_M #25	False	False
GSE35978__HuGene-1_0-st-v1|CB	GSM878262	GSE54572__HG-U133_Plus_2|ACC_BA25	GSM1319169	0.5466898812027011	3.6209368398963386	0.43751346745503467	GSE35978	SCZ	CB	M	45.0	13.0	6.3	k46	CC49_111109	GSE54572	CTL	ACC_BA25	M				Mpair4_CTL	Control matched sample pair brain anterior cingulate cortex BA25_M #4	False	False
GSE35978__HuGene-1_0-st-v1|CB	GSM878275	GSE54572__HG-U133_Plus_2|ACC_BA25	GSM1319178	0.46389978958984046	3.0732024454438127	0.24491258800634133	GSE35978	CTL	CB	M	30.0	24.0	7.03	k58	CC62_111109	GSE54572	CTL	ACC_BA25	M				Mpair29_CTL	Control matched sample pair brain anterior cingulate cortex BA25_M #29	False	True
GSE35978__HuGene-1_0-st-v1|CB	GSM878295	GSE54572__HG-U133_Plus_2|ACC_BA25	GSM1319168	0.4824756474151221	3.196099232234979	0.2617082766002311	GSE35978	CTL	CB	M	45.0	31.0	6.67	k77	CC82_111809	GSE54572	CTL	ACC_BA25	M				Mpair2_CTL	Control matched sample pair brain anterior cingulate cortex BA25_M #2	False	True
GSE35978__HuGene-1_0-st-v1|CB	GSM878215	GSE92538__HG-U133A|PFC_DLPFC	GSM2431881	0.44947623226165606	3.0066570020471275	0.4160525829290828	GSE35978	SCZ	CB	M	40.0	34.0	6.18	k1	CC2_100909	GSE92538	CTL	PFC_DLPFC	F	57.0	16.5	6.61	109991	DLPFC_Female_Control_UCDavis_109991	False	False
GSE35978__HuGene-1_0-st-v1|CB	GSM878222	GSE92538__HG-U133A|PFC_DLPFC	GSM2432034	0.5713818814070809	3.828361937244875	0.5285695928746079	GSE35978	BD	CB	M	20.0	12.0	5.978	k6	CC9_100909	GSE92538	BD	PFC_DLPFC	F	39.0	23.5	6.44	107706	DLPFC_Female_BipolarDisorder_UMichigan_107706	False	True
GSE35978__HuGene-1_0-st-v1|CB	GSM878246	GSE92538__HG-U133A|PFC_DLPFC	GSM2431856	0.5248532361033913	3.514735639020597	0.4757602238803586	GSE35978	SCZ	CB	M	40.0	80.0	6.6	k30	CC33_103009	GSE92538	CTL	PFC_DLPFC	M	25.0	13.75	6.87	108632	DLPFC_Male_Control_UCDavis_108632	False	False
GSE35978__HuGene-1_0-st-v1|CB	GSM878279	GSE92538__HG-U133A|PFC_DLPFC	GSM2431847	0.5296449516669725	3.5470341941266157	0.5147043638427705	GSE35978	SCZ	CB	M	30.0	33.0	6.2	k61	CC66_110409	GSE92538	CTL	PFC_DLPFC	F	47.0	41.25	6.73	108030	DLPFC_Female_Control_UCDavis_108030	False	False
GSE35978__HuGene-1_0-st-v1|CB	GSM878286	GSE92538__HG-U133A|PFC_DLPFC	GSM2431730	0.5792328345781279	3.881281281113509	0.5674669266066504	GSE35978	CTL	CB	F	35.0	29.0	6.52	k68	CC73_111109	GSE92538	SCZ	PFC_DLPFC	F	59.0	13.25	6.38	101657	DLPFC_Female_Schizophrenia_UCDavis_101657	False	False
GSE35978__HuGene-1_0-st-v1|CB	GSM878292	GSE92538__HG-U133A|PFC_DLPFC	GSM2432036	0.4804089477538994	3.215158947258238	0.4305344487983629	GSE35978	SCZ	CB	M	40.0	26.0	6.8	k74	CC79_111809	GSE92538	MDD	PFC_DLPFC	M	19.0	18.0	7.11	107727	DLPFC_Male_MajorDepressiveDisorder_UMichigan_107727	False	False
GSE35978__HuGene-1_0-st-v1|CB	GSM878314	GSE92538__HG-U133A|PFC_DLPFC	GSM2432092	0.48489164094325315	3.245374537286188	0.4355515869765373	GSE35978	CTL	CB	F	35.0	40.0	5.8	k96	CC101_102309	GSE92538	CTL	PFC_DLPFC	F	57.0	16.5	6.61	109991	DLPFC_Female_Control_UMichigan_109991	False	True
GSE35978__HuGene-1_0-st-v1|CB	GSM878217	GSE92538__HG-U133_Plus_2|PFC_DLPFC	GSM2431848	0.5020173631744805	3.6099893831875423	0.3383046423396128	GSE35978	SCZ	CB	M	50.0	16.0	6.52	k3	CC5_100909	GSE92538	CTL	PFC_DLPFC	M	60.0	36.0	6.59	108066	DLPFC_Male_Control_p_UCDavis_108066	False	False
GSE35978__HuGene-1_0-st-v1|CB	GSM878257	GSE92538__HG-U133_Plus_2|PFC_DLPFC	GSM2431716	0.4513007954690031	3.2438403988044207	0.4440284532644117	GSE35978	CTL	CB	M	35.0	22.0	6.48	k41	CC44_102309	GSE92538	SCZ	PFC_DLPFC	M	39.0	7.5	6.83	101078	DLPFC_Male_Schizophrenia_p_UCDavis_101078	False	False
GSE35978__HuGene-1_0-st-v1|CB	GSM878262	GSE92538__HG-U133_Plus_2|PFC_DLPFC	GSM2431971	0.5648241692077242	4.063424015731421	0.5475002240499448	GSE35978	SCZ	CB	M	45.0	13.0	6.3	k46	CC49_111109	GSE92538	MDD	PFC_DLPFC	F	46.0	35.0	6.76	104630	DLPFC_Female_MajorDepressiveDisorder_p_UMichigan_104630	False	False
GSE35978__HuGene-1_0-st-v1|CB	GSM878287	GSE92538__HG-U133_Plus_2|PFC_DLPFC	GSM2432029	0.4658659572530313	3.348993792180089	0.3611015672998606	GSE35978	SCZ	CB	F	45.0	26.0	6.58	k69	CC74_111109	GSE92538	CTL	PFC_DLPFC	M	79.0	0.0	7.0	107309	DLPFC_Male_Control_p_UMichigan_107309	False	False
GSE35978__HuGene-1_0-st-v1|CB	GSM878292	GSE92538__HG-U133_Plus_2|PFC_DLPFC	GSM2431866	0.41889444631684314	3.0098822985927867	0.39049157917494276	GSE35978	SCZ	CB	M	40.0	26.0	6.8	k74	CC79_111809	GSE92538	MDD	PFC_DLPFC	M	28.0	33.0	7.07	109248	DLPFC_Male_MajorDepressiveDisorder_p_UCDavis_109248	False	False
GSE35978__HuGene-1_0-st-v1|CB	GSM878307	GSE92538__HG-U133_Plus_2|PFC_DLPFC	GSM2432068	0.4182132873063518	3.004964661394955	0.3991600804197309	GSE35978	CTL	CB	F	40.0	58.0	6.46	k89	CC94_111809	GSE92538	MDD	PFC_DLPFC	M	28.0	33.0	7.07	109248	DLPFC_Male_MajorDepressiveDisorder_p_UMichigan_109248	False	False
GSE35978__HuGene-1_0-st-v1|PARIETAL	GSM878427	GSE35978__HuGene-1_0-st-v1|PARIETAL	GSM878438	0.7718073198330446	3.276511193152575	0.5511684666749446	GSE35978	BD	PARIETAL	F	60.0	35.0	6.5	k28	CC196_40710	GSE35978	SCZ	PARIETAL	M	50.0	10.0	6.1	k21	CC207_40710	False	False
GSE35978__HuGene-1_0-st-v1|PARIETAL	GSM878483	GSE35978__HuGene-1_0-st-v1|PARIETAL	GSM878484	0.9306878389127161	3.9445283502960877	0.6732568017338636	GSE35978	SCZ	PARIETAL	M	30.0	14.0	5.8	k144	CC252_51110	GSE35978	SCZ	PARIETAL	M	30.0	14.0	5.8	k144	CC252_51210	True	True
GSE35978__HuGene-1_0-st-v1|PARIETAL	GSM878484	GSE53987__HG-U133_Plus_2|HPC	GSM1304909	0.6619326020712641	3.0389010472493827	0.5621538403316482	GSE35978	SCZ	PARIETAL	M	30.0	14.0	5.8	k144	CC252_51210	GSE53987	SCZ	HPC	F	44.0	24.5	6.63	k57	schiz_hip_18	False	True
GSE35978__HuGene-1_0-st-v1|PARIETAL	GSM878424	GSE53987__HG-U133_Plus_2|PFC_BA46	GSM1304956	0.6848834313585417	3.2862262168917917	0.670170409379623	GSE35978	AMBIG	PARIETAL	M	40.0	39.0	6.6	k135	CC193_40710	GSE53987	MDD	PFC_BA46	M	51.0	24.6	6.5	k36	MDD_pfc_10	False	False
GSE35978__HuGene-1_0-st-v1|PARIETAL	GSM878441	GSE53987__HG-U133_Plus_2|PFC_BA46	GSM1304972	0.6390011728768064	3.0658935941281977	0.6081240817890229	GSE35978	SCZ	PARIETAL	M	45.0	65.0	6.67	k79	CC210_40810	GSE53987	MDD	PFC_BA46	M	51.0	28.3	7.3	k52	MDD_pfc_9	False	False
GSE35978__HuGene-1_0-st-v1|PARIETAL	GSM878461	GSE53987__HG-U133_Plus_2|PFC_BA46	GSM1304927	0.67385281932989	3.2332557712471433	0.5518809467820572	GSE35978	BD	PARIETAL	F	50.0	19.0	5.87	k139	CC230_40810	GSE53987	BD	PFC_BA46	F	56.0	24.5	6.1	k68	bipolar_pfc_17	False	True
GSE35978__HuGene-1_0-st-v1|PARIETAL	GSM878484	GSE53987__HG-U133_Plus_2|PFC_BA46	GSM1304979	0.694478724228315	3.3323040716910177	0.5722557524610515	GSE35978	SCZ	PARIETAL	M	30.0	14.0	5.8	k144	CC252_51210	GSE53987	SCZ	PFC_BA46	F	44.0	24.5	6.63	k57	schiz_pfc_18	False	True
GSE35978__HuGene-1_0-st-v1|PARIETAL	GSM878424	GSE53987__HG-U133_Plus_2|STR	GSM1305042	0.6368713264173276	3.1314213889037927	0.5982043306695383	GSE35978	AMBIG	PARIETAL	M	40.0	39.0	6.6	k135	CC193_40710	GSE53987	SCZ	STR	M	47.0	28.9	6.58	k62	schiz_str_4	False	False
GSE35978__HuGene-1_0-st-v1|PARIETAL	GSM878449	GSE53987__HG-U133_Plus_2|STR	GSM1305033	0.6180688156599783	3.0381870417560775	0.5350751799632246	GSE35978	CTL	PARIETAL	F	35.0	24.0	6.87	k44	CC218_40610	GSE53987	MDD	STR	F	26.0	13.4	6.4	k38	MDD_str_12	False	False
GSE35978__HuGene-1_0-st-v1|PARIETAL	GSM878472	GSE53987__HG-U133_Plus_2|STR	GSM1305046	0.6654332647296034	3.2730489463180326	0.48880465141978635	GSE35978	CTL	PARIETAL	F	35.0	29.0	6.52	k68	CC241_40910	GSE53987	SCZ	STR	M	38.0	28.8	6.56	k66	schiz_str_8	False	False
GSE35978__HuGene-1_0-st-v1|PARIETAL	GSM878484	GSE53987__HG-U133_Plus_2|STR	GSM1305056	0.6267567298172677	3.081267033305273	0.4714261433314231	GSE35978	SCZ	PARIETAL	M	30.0	14.0	5.8	k144	CC252_51210	GSE53987	SCZ	STR	F	44.0	24.5	6.63	k57	schiz_str_18	False	True
GSE35978__HuGene-1_0-st-v1|PARIETAL	GSM878424	GSE54567__HG-U133_Plus_2|PFC_BA9	GSM1319073	0.695483309833433	3.317419767896634	0.5747923684146564	GSE35978	AMBIG	PARIETAL	M	40.0	39.0	6.6	k135	CC193_40710	GSE54567	MDD	PFC_BA9	M				Mpair25_MDD	MDD matched sample pair brain dorsolateral prefrontal cortex BA9_M #25	False	False
GSE35978__HuGene-1_0-st-v1|PARIETAL	GSM878520	GSE54567__HG-U133_Plus_2|PFC_BA9	GSM1319052	0.6307726429155818	3.005851991657096	0.5796598305352231	GSE35978	BD	PARIETAL	M	55.0	39.0	5.8	k153	CC289_51310	GSE54567	CTL	PFC_BA9	M				Mpair4_CTL	Control matched sample pair brain dorsolateral prefrontal cortex BA9_M #4	False	False
GSE35978__HuGene-1_0-st-v1|PARIETAL	GSM878483	GSE54568__HG-U133_Plus_2|PFC_BA9	GSM1319095	0.6918394456000104	3.4192389002644568	0.31467021965000347	GSE35978	SCZ	PARIETAL	M	30.0	14.0	5.8	k144	CC252_51110	GSE54568	MDD	PFC_BA9	F				Fpair6_MDD	MDD matched sample pair brain dorsolateral prefrontal cortex BA9_F #6	False	False
GSE35978__HuGene-1_0-st-v1|PARIETAL	GSM878461	GSE54571__HG-U133_Plus_2|ACC_BA25	GSM1319142	0.6229830601780428	3.1245698577951426	0.6016321216883644	GSE35978	BD	PARIETAL	F	50.0	19.0	5.87	k139	CC230_40810	GSE54571	CTL	ACC_BA25	F				Fpair3_CTL	Control matched sample pair brain anterior cingulate cortex BA25_F #3	False	False
GSE35978__HuGene-1_0-st-v1|PARIETAL	GSM878424	GSE54572__HG-U133_Plus_2|ACC_BA25	GSM1319188	0.6526855366798625	3.2812684176412423	0.5501044554525173	GSE35978	AMBIG	PARIETAL	M	40.0	39.0	6.6	k135	CC193_40710	GSE54572	MDD	ACC_BA25	M				Mpair25_MDD	MDD matched sample pair brain anterior cingulate cortex BA25_M #25	False	False
GSE35978__HuGene-1_0-st-v1|PARIETAL	GSM878461	GSE92538__HG-U133A|PFC_DLPFC	GSM2431856	0.6885034992297876	3.198073780437191	0.6444814531178352	GSE35978	BD	PARIETAL	F	50.0	19.0	5.87	k139	CC230_40810	GSE92538	CTL	PFC_DLPFC	M	25.0	13.75	6.87	108632	DLPFC_Male_Control_UCDavis_108632	False	False
GSE35978__HuGene-1_0-st-v1|PARIETAL	GSM878380	GSE92538__HG-U133_Plus_2|PFC_DLPFC	GSM2431958	0.5631517273502459	3.0888289442944226	0.5436671668039728	GSE35978	BD	PARIETAL	M	30.0	60.0	6.7	k15	CC149_40910	GSE92538	MDD	PFC_DLPFC	M	24.0	34.5	7.16	103625	DLPFC_Male_MajorDepressiveDisorder_p_UMichigan_103625	False	False
GSE35978__HuGene-1_0-st-v1|PARIETAL	GSM878424	GSE92538__HG-U133_Plus_2|PFC_DLPFC	GSM2432052	0.5801337045923349	3.181766973535933	0.5629257175909039	GSE35978	AMBIG	PARIETAL	M	40.0	39.0	6.6	k135	CC193_40710	GSE92538	MDD	PFC_DLPFC	F	46.0	9.5	7.39	108700	DLPFC_Female_MajorDepressiveDisorder_p_UMichigan_108700	False	False
GSE35978__HuGene-1_0-st-v1|PARIETAL	GSM878441	GSE92538__HG-U133_Plus_2|PFC_DLPFC	GSM2431770	0.6232851972461642	3.4179240846252568	0.6014272503738967	GSE35978	SCZ	PARIETAL	M	45.0	65.0	6.67	k79	CC210_40810	GSE92538	MDD	PFC_DLPFC	M	24.0	34.5	7.16	103625	DLPFC_Male_MajorDepressiveDisorder_p_UCDavis_103625	False	False
GSE35978__HuGene-1_0-st-v1|PARIETAL	GSM878461	GSE92538__HG-U133_Plus_2|PFC_DLPFC	GSM2431848	0.6316668526294738	3.4637947463274545	0.5328102239576459	GSE35978	BD	PARIETAL	F	50.0	19.0	5.87	k139	CC230_40810	GSE92538	CTL	PFC_DLPFC	M	60.0	36.0	6.59	108066	DLPFC_Male_Control_p_UCDavis_108066	False	False
GSE35978__HuGene-1_0-st-v1|PARIETAL	GSM878468	GSE92538__HG-U133_Plus_2|PFC_DLPFC	GSM2431932	0.5495718734166446	3.0145098680181657	0.34215950388891525	GSE35978	SCZ	PARIETAL	F	45.0	52.0	6.51	k81	CC237_40910	GSE92538	CTL	PFC_DLPFC	M	64.0	10.5	7.13	102349	DLPFC_Male_Control_p_UMichigan_102349	False	False
GSE35978__HuGene-1_0-st-v1|PARIETAL	GSM878473	GSE92538__HG-U133_Plus_2|PFC_DLPFC	GSM2431971	0.639138605490574	3.504685743647202	0.39125781560287837	GSE35978	SCZ	PARIETAL	M	30.0	33.0	6.2	k61	CC242_40910	GSE92538	MDD	PFC_DLPFC	F	46.0	35.0	6.76	104630	DLPFC_Female_MajorDepressiveDisorder_p_UMichigan_104630	False	False
GSE35978__HuGene-1_0-st-v1|PARIETAL	GSM878483	GSE92538__HG-U133_Plus_2|PFC_DLPFC	GSM2431716	0.6977107185085908	3.825235976096803	0.6843759387642544	GSE35978	SCZ	PARIETAL	M	30.0	14.0	5.8	k144	CC252_51110	GSE92538	SCZ	PFC_DLPFC	M	39.0	7.5	6.83	101078	DLPFC_Male_Schizophrenia_p_UCDavis_101078	False	True
GSE35978__HuGene-1_0-st-v1|PARIETAL	GSM878493	GSE92538__HG-U133_Plus_2|PFC_DLPFC	GSM2431741	0.5664983620946312	3.1071442225038095	0.5380506511498977	GSE35978	CTL	PARIETAL	M	50.0	22.0	6.2	k91	CC262_51210	GSE92538	SCZ	PFC_DLPFC	M	44.0	24.0	7.21	102118	DLPFC_Male_Schizophrenia_p_UCDavis_102118	False	False
GSE53987__HG-U133_Plus_2|HPC	GSM1304854	GSE53987__HG-U133_Plus_2|PFC_BA46	GSM1304922	0.7777326014834158	3.4428128877234254	0.4521706851436748	GSE53987	BD	HPC	F	28.0	22.3	6.3	k2	bipolar_hip_12	GSE53987	BD	PFC_BA46	F	28.0	22.3	6.3	k2	bipolar_pfc_12	True	True
GSE53987__HG-U133_Plus_2|HPC	GSM1304857	GSE53987__HG-U133_Plus_2|PFC_BA46	GSM1304925	0.8199858571971919	3.629692149107647	0.6120180007666989	GSE53987	BD	HPC	M	28.0	27.4	6.2	k5	bipolar_hip_15	GSE53987	BD	PFC_BA46	M	28.0	27.4	6.2	k5	bipolar_pfc_15	True	True
GSE53987__HG-U133_Plus_2|HPC	GSM1304858	GSE53987__HG-U133_Plus_2|PFC_BA46	GSM1304926	0.7345531683651111	3.2518372946756386	0.2782396421663808	GSE53987	BD	HPC	F	49.0	21.5	6.7	k6	bipolar_hip_16	GSE53987	BD	PFC_BA46	F	49.0	21.5	6.7	k6	bipolar_pfc_16	True	True
GSE53987__HG-U133_Plus_2|HPC	GSM1304861	GSE53987__HG-U133_Plus_2|PFC_BA46	GSM1304928	0.6827631515232951	3.022778493620471	0.47648887719293465	GSE53987	BD	HPC	M	50.0	12.1	6.7	k9	bipolar_hip_1	GSE53987	BD	PFC_BA46	M	50.0	12.1	6.7	k9	bipolar_pfc_1	True	True
GSE53987__HG-U133_Plus_2|HPC	GSM1304863	GSE53987__HG-U133_Plus_2|PFC_BA46	GSM1304930	0.7327134498204922	3.243700519486002	0.23050895674746266	GSE53987	BD	HPC	F	39.0	22.2	6.7	k11	bipolar_hip_3	GSE53987	BD	PFC_BA46	F	39.0	22.2	6.7	k11	bipolar_pfc_3	True	True
GSE53987__HG-U133_Plus_2|HPC	GSM1304866	GSE53987__HG-U133_Plus_2|PFC_BA46	GSM1304933	0.7574042764060593	3.3529040200761893	0.3970126443925821	GSE53987	BD	HPC	M	65.0	8.9	6.7	k14	bipolar_hip_6	GSE53987	BD	PFC_BA46	M	65.0	8.9	6.7	k14	bipolar_pfc_6	True	True
GSE53987__HG-U133_Plus_2|HPC	GSM1304872	GSE53987__HG-U133_Plus_2|PFC_BA46	GSM1304939	0.7249500549769109	3.2093642897755528	0.39201704543841387	GSE53987	CTL	HPC	F	36.0	14.5	6.4	k20	control_hip_12	GSE53987	CTL	PFC_BA46	F	36.0	14.5	6.4	k20	control_pfc_12	True	True
GSE53987__HG-U133_Plus_2|HPC	GSM1304878	GSE53987__HG-U133_Plus_2|PFC_BA46	GSM1304945	0.6942511012289388	3.0735878222637503	0.4396568647368541	GSE53987	CTL	HPC	F	40.0	16.6	6.8	k26	control_hip_18	GSE53987	CTL	PFC_BA46	F	40.0	16.6	6.8	k26	control_pfc_18	True	True
GSE53987__HG-U133_Plus_2|HPC	GSM1304883	GSE53987__HG-U133_Plus_2|PFC_BA46	GSM1304950	0.7026374163484832	3.1106791267987712	0.40460026800167104	GSE53987	CTL	HPC	M	48.0	24.5	6.5	k31	control_hip_4	GSE53987	CTL	PFC_BA46	M	48.0	24.5	6.5	k31	control_pfc_4	True	True
GSE53987__HG-U133_Plus_2|HPC	GSM1304885	GSE53987__HG-U133_Plus_2|PFC_BA46	GSM1304952	0.8194703952049331	3.6274123447527473	0.3962971597672031	GSE53987	CTL	HPC	M	68.0	11.8	6.8	k33	control_hip_6	GSE53987	CTL	PFC_BA46	M	68.0	11.8	6.8	k33	control_pfc_6	True	True
GSE53987__HG-U133_Plus_2|HPC	GSM1304888	GSE53987__HG-U133_Plus_2|PFC_BA46	GSM1304956	0.8380321128378776	3.7095077956871045	0.6478600783925655	GSE53987	MDD	HPC	M	51.0	24.6	6.5	k36	MDD_hip_10	GSE53987	MDD	PFC_BA46	M	51.0	24.6	6.5	k36	MDD_pfc_10	True	True
GSE53987__HG-U133_Plus_2|HPC	GSM1304895	GSE53987__HG-U133_Plus_2|PFC_BA46	GSM1304957	0.7242369625279943	3.2062103981309678	0.3697264977552599	GSE53987	MDD	HPC	F	54.0	17.9	6.2	k43	MDD_hip_17	GSE53987	MDD	PFC_BA46	F	53.0	11.9	6.7	k37	MDD_pfc_11	False	True
GSE53987__HG-U133_Plus_2|HPC	GSM1304897	GSE53987__HG-U133_Plus_2|PFC_BA46	GSM1304965	0.6971272489939214	3.086308554923804	0.41216129011499486	GSE53987	MDD	HPC	M	42.0	14.3	6.4	k45	MDD_hip_1	GSE53987	MDD	PFC_BA46	M	42.0	14.3	6.4	k45	MDD_pfc_1	True	True
GSE53987__HG-U133_Plus_2|HPC	GSM1304904	GSE53987__HG-U133_Plus_2|PFC_BA46	GSM1304972	0.854437314168254	3.782065326596625	0.7103369999548796	GSE53987	MDD	HPC	M	51.0	28.3	7.3	k52	MDD_hip_9	GSE53987	MDD	PFC_BA46	M	51.0	28.3	7.3	k52	MDD_pfc_9	True	True
GSE53987__HG-U133_Plus_2|HPC	GSM1304905	GSE53987__HG-U133_Plus_2|PFC_BA46	GSM1304983	0.8718706171594657	3.859169983538428	0.759435491430343	GSE53987	SCZ	HPC	M	49.0	21.5	5.97	k53	schiz_hip_10	GSE53987	SCZ	PFC_BA46	M	47.0	28.9	6.58	k62	schiz_pfc_4	False	True
GSE53987__HG-U133_Plus_2|HPC	GSM1304907	GSE53987__HG-U133_Plus_2|PFC_BA46	GSM1304975	0.7950355223579623	3.519340885819691	0.4119915998839748	GSE53987	SCZ	HPC	F	25.0	20.1	6.73	k55	schiz_hip_12	GSE53987	SCZ	PFC_BA46	F	25.0	20.1	6.73	k55	schiz_pfc_12	True	True
GSE53987__HG-U133_Plus_2|HPC	GSM1304909	GSE53987__HG-U133_Plus_2|PFC_BA46	GSM1304979	0.8947497577644878	3.9603606923996693	0.466466075484929	GSE53987	SCZ	HPC	F	44.0	24.5	6.63	k57	schiz_hip_18	GSE53987	SCZ	PFC_BA46	F	44.0	24.5	6.63	k57	schiz_pfc_18	True	True
GSE53987__HG-U133_Plus_2|HPC	GSM1304910	GSE53987__HG-U133_Plus_2|PFC_BA46	GSM1304980	0.8682736898720881	3.8432613605610344	0.5428412676209762	GSE53987	SCZ	HPC	F	46.0	23.8	6.61	k58	schiz_hip_19	GSE53987	SCZ	PFC_BA46	F	46.0	23.8	6.61	k58	schiz_pfc_19	True	True
GSE53987__HG-U133_Plus_2|HPC	GSM1304913	GSE53987__HG-U133_Plus_2|PFC_BA46	GSM1304982	0.6804861052303571	3.0127074890984877	0.16656452081763914	GSE53987	SCZ	HPC	F	41.0	20.1	6.27	k61	schiz_hip_3	GSE53987	SCZ	PFC_BA46	F	41.0	20.1	6.27	k61	schiz_pfc_3	True	True
GSE53987__HG-U133_Plus_2|HPC	GSM1304914	GSE53987__HG-U133_Plus_2|PFC_BA46	GSM1304963	0.7800018739595697	3.452849509921154	0.6238173972415114	GSE53987	SCZ	HPC	M	47.0	28.9	6.58	k62	schiz_hip_4	GSE53987	MDD	PFC_BA46	F	54.0	17.9	6.2	k43	MDD_pfc_17	False	False
GSE53987__HG-U133_Plus_2|HPC	GSM1304915	GSE53987__HG-U133_Plus_2|PFC_BA46	GSM1304984	0.7033097732506274	3.1136528517611843	0.46803450201750796	GSE53987	SCZ	HPC	M	37.0	5.98	6.07	k63	schiz_hip_5	GSE53987	SCZ	PFC_BA46	M	37.0	5.98	6.07	k63	schiz_pfc_5	True	True
GSE53987__HG-U133_Plus_2|HPC	GSM1304854	GSE53987__HG-U133_Plus_2|STR	GSM1304999	0.7383585241863633	3.0655906444190144	0.42903256482700197	GSE53987	BD	HPC	F	28.0	22.3	6.3	k2	bipolar_hip_12	GSE53987	BD	STR	F	28.0	22.3	6.3	k2	bipolar_str_12	True	True
GSE53987__HG-U133_Plus_2|HPC	GSM1304861	GSE53987__HG-U133_Plus_2|STR	GSM1304988	0.741973752548204	3.0806167068695833	0.48444997089044234	GSE53987	BD	HPC	M	50.0	12.1	6.7	k9	bipolar_hip_1	GSE53987	BD	STR	M	50.0	12.1	6.7	k9	bipolar_str_1	True	True
GSE53987__HG-U133_Plus_2|HPC	GSM1304863	GSE53987__HG-U133_Plus_2|STR	GSM1304990	0.7441043476576564	3.0894721516623456	0.278672955909485	GSE53987	BD	HPC	F	39.0	22.2	6.7	k11	bipolar_hip_3	GSE53987	BD	STR	F	39.0	22.2	6.7	k11	bipolar_str_3	True	True
GSE53987__HG-U133_Plus_2|HPC	GSM1304865	GSE53987__HG-U133_Plus_2|STR	GSM1304992	0.7881709624556724	3.2726273052701313	0.43399578618712886	GSE53987	BD	HPC	M	42.0	12.5	6.7	k13	bipolar_hip_5	GSE53987	BD	STR	M	42.0	12.5	6.7	k13	bipolar_str_5	True	True
GSE53987__HG-U133_Plus_2|HPC	GSM1304867	GSE53987__HG-U133_Plus_2|STR	GSM1304994	0.727942739526566	3.0222992627675085	0.35419540091867346	GSE53987	BD	HPC	F	51.0	21.5	6.7	k15	bipolar_hip_7	GSE53987	BD	STR	F	51.0	21.5	6.7	k15	bipolar_str_7	True	True
GSE53987__HG-U133_Plus_2|HPC	GSM1304872	GSE53987__HG-U133_Plus_2|STR	GSM1305016	0.7794809734781799	3.236508890608194	0.45231871106201454	GSE53987	CTL	HPC	F	36.0	14.5	6.4	k20	control_hip_12	GSE53987	CTL	STR	F	36.0	14.5	6.4	k20	control_str_12	True	True
GSE53987__HG-U133_Plus_2|HPC	GSM1304876	GSE53987__HG-U133_Plus_2|STR	GSM1305020	0.7741913292978639	3.2145234125582687	0.46932363749651224	GSE53987	CTL	HPC	F	52.0	22.6	7.1	k24	control_hip_16	GSE53987	CTL	STR	F	52.0	22.6	7.1	k24	control_str_16	True	True
GSE53987__HG-U133_Plus_2|HPC	GSM1304878	GSE53987__HG-U133_Plus_2|STR	GSM1305022	0.7947033857851933	3.299778176827511	0.4005197170721422	GSE53987	CTL	HPC	F	40.0	16.6	6.8	k26	control_hip_18	GSE53987	CTL	STR	F	40.0	16.6	6.8	k26	control_str_18	True	True
GSE53987__HG-U133_Plus_2|HPC	GSM1304886	GSE53987__HG-U133_Plus_2|STR	GSM1305011	0.7400201313564176	3.0724968231182865	0.40445481834686664	GSE53987	CTL	HPC	F	58.0	18.8	6.6	k34	control_hip_7	GSE53987	CTL	STR	F	58.0	18.8	6.6	k34	control_str_7	True	True
GSE53987__HG-U133_Plus_2|HPC	GSM1304888	GSE53987__HG-U133_Plus_2|STR	GSM1305031	0.8153951957256952	3.3857800547899264	0.6305263483416679	GSE53987	MDD	HPC	M	51.0	24.6	6.5	k36	MDD_hip_10	GSE53987	MDD	STR	M	51.0	24.6	6.5	k36	MDD_str_10	True	True
GSE53987__HG-U133_Plus_2|HPC	GSM1304892	GSE53987__HG-U133_Plus_2|STR	GSM1305029	0.7373022162126277	3.061200285638939	0.5143244112345509	GSE53987	MDD	HPC	M	62.0	26.0	6.5	k40	MDD_hip_14	GSE53987	MDD	STR	M	34.0	24.4	6.6	k51	MDD_str_8	False	True
GSE53987__HG-U133_Plus_2|HPC	GSM1304893	GSE53987__HG-U133_Plus_2|STR	GSM1305036	0.7442417001497184	3.090043033199249	0.5545502316263381	GSE53987	MDD	HPC	M	29.0	26.6	6.9	k41	MDD_hip_15	GSE53987	MDD	STR	M	29.0	26.6	6.9	k41	MDD_str_15	True	True
GSE53987__HG-U133_Plus_2|HPC	GSM1304904	GSE53987__HG-U133_Plus_2|STR	GSM1305030	0.8395956935612771	3.4863651784436827	0.6137204447479171	GSE53987	MDD	HPC	M	51.0	28.3	7.3	k52	MDD_hip_9	GSE53987	MDD	STR	M	51.0	28.3	7.3	k52	MDD_str_9	True	True
GSE53987__HG-U133_Plus_2|HPC	GSM1304905	GSE53987__HG-U133_Plus_2|STR	GSM1305042	0.8373622423237765	3.4770822301991915	0.7000784495441765	GSE53987	SCZ	HPC	M	49.0	21.5	5.97	k53	schiz_hip_10	GSE53987	SCZ	STR	M	47.0	28.9	6.58	k62	schiz_str_4	False	True
GSE53987__HG-U133_Plus_2|HPC	GSM1304907	GSE53987__HG-U133_Plus_2|STR	GSM1305050	0.8311323462608932	3.4511887601519002	0.5064318156577975	GSE53987	SCZ	HPC	F	25.0	20.1	6.73	k55	schiz_hip_12	GSE53987	SCZ	STR	F	25.0	20.1	6.73	k55	schiz_str_12	True	True
GSE53987__HG-U133_Plus_2|HPC	GSM1304909	GSE53987__HG-U133_Plus_2|STR	GSM1305056	0.9013653865155434	3.7431000706790116	0.5509417092782009	GSE53987	SCZ	HPC	F	44.0	24.5	6.63	k57	schiz_hip_18	GSE53987	SCZ	STR	F	44.0	24.5	6.63	k57	schiz_str_18	True	True
GSE53987__HG-U133_Plus_2|HPC	GSM1304914	GSE53987__HG-U133_Plus_2|STR	GSM1305038	0.729775394251103	3.0299163706193633	0.5009248048911308	GSE53987	SCZ	HPC	M	47.0	28.9	6.58	k62	schiz_hip_4	GSE53987	MDD	STR	F	54.0	17.9	6.2	k43	MDD_str_17	False	False
GSE53987__HG-U133_Plus_2|HPC	GSM1304915	GSE53987__HG-U133_Plus_2|STR	GSM1305043	0.7339265119488777	3.047169763081317	0.5767906812326993	GSE53987	SCZ	HPC	M	37.0	5.98	6.07	k63	schiz_hip_5	GSE53987	SCZ	STR	M	37.0	5.98	6.07	k63	schiz_str_5	True	True
GSE53987__HG-U133_Plus_2|HPC	GSM1304918	GSE53987__HG-U133_Plus_2|STR	GSM1305046	0.8158085091899656	3.3874979196947663	0.4329002049214447	GSE53987	SCZ	HPC	M	38.0	28.8	6.56	k66	schiz_hip_8	GSE53987	SCZ	STR	M	38.0	28.8	6.56	k66	schiz_str_8	True	True
GSE53987__HG-U133_Plus_2|HPC	GSM1304885	GSE54567__HG-U133_Plus_2|PFC_BA9	GSM1319056	0.7352823190547083	3.2588337890329333	0.29852114895889587	GSE53987	CTL	HPC	M	68.0	11.8	6.8	k33	control_hip_6	GSE54567	CTL	PFC_BA9	M				Mpair18_CTL	Control matched sample pair brain dorsolateral prefrontal cortex BA9_M #18	False	True
GSE53987__HG-U133_Plus_2|HPC	GSM1304888	GSE54567__HG-U133_Plus_2|PFC_BA9	GSM1319073	0.8005572990658519	3.5479960639124717	0.5207725147395398	GSE53987	MDD	HPC	M	51.0	24.6	6.5	k36	MDD_hip_10	GSE54567	MDD	PFC_BA9	M				Mpair25_MDD	MDD matched sample pair brain dorsolateral prefrontal cortex BA9_M #25	False	True
GSE53987__HG-U133_Plus_2|HPC	GSM1304872	GSE54568__HG-U133_Plus_2|PFC_BA9	GSM1319092	0.6933310980516709	3.0684810255892017	0.34903074435779424	GSE53987	CTL	HPC	F	36.0	14.5	6.4	k20	control_hip_12	GSE54568	CTL	PFC_BA9	F				Fpair28_CTL	Control matched sample pair brain dorsolateral prefrontal cortex BA9_F #28	False	True
GSE53987__HG-U133_Plus_2|HPC	GSM1304873	GSE54568__HG-U133_Plus_2|PFC_BA9	GSM1319091	0.7148527919468658	3.1640046556604045	0.32768449297431945	GSE53987	CTL	HPC	F	65.0	18.5	6.5	k21	control_hip_13	GSE54568	CTL	PFC_BA9	F				Fpair24_CTL	Control matched sample pair brain dorsolateral prefrontal cortex BA9_F #24	False	True
GSE53987__HG-U133_Plus_2|HPC	GSM1304878	GSE54568__HG-U133_Plus_2|PFC_BA9	GSM1319089	0.7069685310540946	3.129010513258162	0.3529053556679755	GSE53987	CTL	HPC	F	40.0	16.6	6.8	k26	control_hip_18	GSE54568	CTL	PFC_BA9	F				Fpair19_CTL	Control matched sample pair brain dorsolateral prefrontal cortex BA9_F #19	False	True
GSE53987__HG-U133_Plus_2|HPC	GSM1304895	GSE54568__HG-U133_Plus_2|PFC_BA9	GSM1319098	0.7020833219297834	3.1073276052359753	0.33680733647978595	GSE53987	MDD	HPC	F	54.0	17.9	6.2	k43	MDD_hip_17	GSE54568	MDD	PFC_BA9	F				Fpair10_MDD	MDD matched sample pair brain dorsolateral prefrontal cortex BA9_F #10	False	True
GSE53987__HG-U133_Plus_2|HPC	GSM1304909	GSE54568__HG-U133_Plus_2|PFC_BA9	GSM1319095	0.694510966641082	3.073717849940314	0.381755045626603	GSE53987	SCZ	HPC	F	44.0	24.5	6.63	k57	schiz_hip_18	GSE54568	MDD	PFC_BA9	F				Fpair6_MDD	MDD matched sample pair brain dorsolateral prefrontal cortex BA9_F #6	False	False
GSE53987__HG-U133_Plus_2|HPC	GSM1304914	GSE54568__HG-U133_Plus_2|PFC_BA9	GSM1319096	0.6865375590335868	3.038328031535949	0.6319639227978109	GSE53987	SCZ	HPC	M	47.0	28.9	6.58	k62	schiz_hip_4	GSE54568	MDD	PFC_BA9	F				Fpair8_MDD	MDD matched sample pair brain dorsolateral prefrontal cortex BA9_F #8	False	False
GSE53987__HG-U133_Plus_2|HPC	GSM1304873	GSE54571__HG-U133_Plus_2|ACC_BA25	GSM1319154	0.7049527162094724	3.1127417062271556	0.2686499794172709	GSE53987	CTL	HPC	F	65.0	18.5	6.5	k21	control_hip_13	GSE54571	CTL	ACC_BA25	F				Fpair24_CTL	Control matched sample pair brain anterior cingulate cortex BA25_F #24	False	True
GSE53987__HG-U133_Plus_2|HPC	GSM1304895	GSE54571__HG-U133_Plus_2|ACC_BA25	GSM1319159	0.6992636393542037	3.0874061761578457	0.2800251108909653	GSE53987	MDD	HPC	F	54.0	17.9	6.2	k43	MDD_hip_17	GSE54571	MDD	ACC_BA25	F				Fpair10_MDD	MDD matched sample pair brain anterior cingulate cortex BA25_F #10	False	True
GSE53987__HG-U133_Plus_2|HPC	GSM1304881	GSE54572__HG-U133_Plus_2|ACC_BA25	GSM1319173	0.6734990634858548	3.021719027375167	0.42342781910744265	GSE53987	CTL	HPC	M	48.0	21.68	6.6	k29	control_hip_2	GSE54572	CTL	ACC_BA25	M				Mpair18_CTL	Control matched sample pair brain anterior cingulate cortex BA25_M #18	False	True
GSE53987__HG-U133_Plus_2|HPC	GSM1304888	GSE54572__HG-U133_Plus_2|ACC_BA25	GSM1319188	0.7652652461985521	3.4344586561991006	0.47246629872787765	GSE53987	MDD	HPC	M	51.0	24.6	6.5	k36	MDD_hip_10	GSE54572	MDD	ACC_BA25	M				Mpair25_MDD	MDD matched sample pair brain anterior cingulate cortex BA25_M #25	False	True
GSE53987__HG-U133_Plus_2|HPC	GSM1304904	GSE92538__HG-U133_Plus_2|PFC_DLPFC	GSM2432068	0.6425773540022439	3.376780433991754	0.612955264595397	GSE53987	MDD	HPC	M	51.0	28.3	7.3	k52	MDD_hip_9	GSE92538	MDD	PFC_DLPFC	M	28.0	33.0	7.07	109248	DLPFC_Male_MajorDepressiveDisorder_p_UMichigan_109248	False	True
GSE53987__HG-U133_Plus_2|HPC	GSM1304905	GSE92538__HG-U133_Plus_2|PFC_DLPFC	GSM2432052	0.6347381991985228	3.3353863331141085	0.6303454967739219	GSE53987	SCZ	HPC	M	49.0	21.5	5.97	k53	schiz_hip_10	GSE92538	MDD	PFC_DLPFC	F	46.0	9.5	7.39	108700	DLPFC_Female_MajorDepressiveDisorder_p_UMichigan_108700	False	False
GSE53987__HG-U133_Plus_2|HPC	GSM1304909	GSE92538__HG-U133_Plus_2|PFC_DLPFC	GSM2431716	0.6670978501099868	3.5062591743493265	0.6577349501343567	GSE53987	SCZ	HPC	F	44.0	24.5	6.63	k57	schiz_hip_18	GSE92538	SCZ	PFC_DLPFC	M	39.0	7.5	6.83	101078	DLPFC_Male_Schizophrenia_p_UCDavis_101078	False	True
GSE53987__HG-U133_Plus_2|HPC	GSM1304914	GSE92538__HG-U133_Plus_2|PFC_DLPFC	GSM2431848	0.627276487409755	3.2959852933033424	0.4998717179161406	GSE53987	SCZ	HPC	M	47.0	28.9	6.58	k62	schiz_hip_4	GSE92538	CTL	PFC_DLPFC	M	60.0	36.0	6.59	108066	DLPFC_Male_Control_p_UCDavis_108066	False	False
GSE53987__HG-U133_Plus_2|PFC_BA46	GSM1304942	GSE53987__HG-U133_Plus_2|PFC_BA46	GSM1304958	0.7003107332431916	3.1505598360977385	0.6463515322771701	GSE53987	CTL	PFC_BA46	M	22.0	20.1	6.8	k23	control_pfc_15	GSE53987	MDD	PFC_BA46	F	26.0	13.4	6.4	k38	MDD_pfc_12	False	False
GSE53987__HG-U133_Plus_2|PFC_BA46	GSM1304956	GSE53987__HG-U133_Plus_2|PFC_BA46	GSM1304983	0.7603441648952691	3.413291013240113	0.6674901115360042	GSE53987	MDD	PFC_BA46	M	51.0	24.6	6.5	k36	MDD_pfc_10	GSE53987	SCZ	PFC_BA46	M	47.0	28.9	6.58	k62	schiz_pfc_4	False	False
GSE53987__HG-U133_Plus_2|PFC_BA46	GSM1304921	GSE53987__HG-U133_Plus_2|STR	GSM1304998	0.6684568106612844	3.0526641666595147	0.1851209548054037	GSE53987	BD	PFC_BA46	F	50.0	11.7	6.4	k1	bipolar_pfc_11	GSE53987	BD	STR	F	50.0	11.7	6.4	k1	bipolar_str_11	True	True
GSE53987__HG-U133_Plus_2|PFC_BA46	GSM1304922	GSE53987__HG-U133_Plus_2|STR	GSM1304999	0.7120541126020179	3.251856054848961	0.40378502828407664	GSE53987	BD	PFC_BA46	F	28.0	22.3	6.3	k2	bipolar_pfc_12	GSE53987	BD	STR	F	28.0	22.3	6.3	k2	bipolar_str_12	True	True
GSE53987__HG-U133_Plus_2|PFC_BA46	GSM1304924	GSE53987__HG-U133_Plus_2|STR	GSM1305001	0.700510200074503	3.1991130264713017	0.285644894485119	GSE53987	BD	PFC_BA46	M	58.0	27.7	6.8	k4	bipolar_pfc_14	GSE53987	BD	STR	M	58.0	27.7	6.8	k4	bipolar_str_14	True	True
GSE53987__HG-U133_Plus_2|PFC_BA46	GSM1304926	GSE53987__HG-U133_Plus_2|STR	GSM1305002	0.7617430512759364	3.4788800466097896	0.3514368730865135	GSE53987	BD	PFC_BA46	F	49.0	21.5	6.7	k6	bipolar_pfc_16	GSE53987	BD	STR	F	49.0	21.5	6.7	k6	bipolar_str_16	True	True
GSE53987__HG-U133_Plus_2|PFC_BA46	GSM1304927	GSE53987__HG-U133_Plus_2|STR	GSM1305003	0.7377923816340638	3.369451735751203	0.5251084934126814	GSE53987	BD	PFC_BA46	F	56.0	24.5	6.1	k68	bipolar_pfc_17	GSE53987	BD	STR	F	56.0	24.5	6.1	k68	bipolar_str_17	True	True
GSE53987__HG-U133_Plus_2|PFC_BA46	GSM1304930	GSE53987__HG-U133_Plus_2|STR	GSM1304990	0.839184108098222	3.832700802600309	0.40034237911405424	GSE53987	BD	PFC_BA46	F	39.0	22.2	6.7	k11	bipolar_pfc_3	GSE53987	BD	STR	F	39.0	22.2	6.7	k11	bipolar_str_3	True	True
GSE53987__HG-U133_Plus_2|PFC_BA46	GSM1304932	GSE53987__HG-U133_Plus_2|STR	GSM1304992	0.6908017927377256	3.1547562451421762	0.32904358077190266	GSE53987	BD	PFC_BA46	M	42.0	12.5	6.7	k13	bipolar_pfc_5	GSE53987	BD	STR	M	42.0	12.5	6.7	k13	bipolar_str_5	True	True
GSE53987__HG-U133_Plus_2|PFC_BA46	GSM1304933	GSE53987__HG-U133_Plus_2|STR	GSM1304993	0.6593356303163905	3.010990369095488	0.45396687694056764	GSE53987	BD	PFC_BA46	M	65.0	8.9	6.7	k14	bipolar_pfc_6	GSE53987	BD	STR	M	65.0	8.9	6.7	k14	bipolar_str_6	True	True
GSE53987__HG-U133_Plus_2|PFC_BA46	GSM1304935	GSE53987__HG-U133_Plus_2|STR	GSM1304995	0.7751493106812319	3.540131959127874	0.42196098215158623	GSE53987	BD	PFC_BA46	M	39.0	24.2	6.6	k16	bipolar_pfc_8	GSE53987	BD	STR	M	39.0	24.2	6.6	k16	bipolar_str_8	True	True
GSE53987__HG-U133_Plus_2|PFC_BA46	GSM1304936	GSE53987__HG-U133_Plus_2|STR	GSM1304996	0.7592591529205314	3.4675313534233076	0.4780747298662395	GSE53987	BD	PFC_BA46	M	48.0	18.1	6.9	k17	bipolar_pfc_9	GSE53987	BD	STR	M	48.0	18.1	6.9	k17	bipolar_str_9	True	True
GSE53987__HG-U133_Plus_2|PFC_BA46	GSM1304939	GSE53987__HG-U133_Plus_2|STR	GSM1305016	0.7862765840199064	3.590971403039879	0.45788832555310843	GSE53987	CTL	PFC_BA46	F	36.0	14.5	6.4	k20	control_pfc_12	GSE53987	CTL	STR	F	36.0	14.5	6.4	k20	control_str_12	True	True
GSE53987__HG-U133_Plus_2|PFC_BA46	GSM1304940	GSE53987__HG-U133_Plus_2|STR	GSM1305017	0.664456151803501	3.034385540313164	0.30588831350549817	GSE53987	CTL	PFC_BA46	F	65.0	18.5	6.5	k21	control_pfc_13	GSE53987	CTL	STR	F	65.0	18.5	6.5	k21	control_str_13	True	True
GSE53987__HG-U133_Plus_2|PFC_BA46	GSM1304941	GSE53987__HG-U133_Plus_2|STR	GSM1305018	0.7064503449601945	3.2262529783313565	0.4815049697185162	GSE53987	CTL	PFC_BA46	M	55.0	28.0	6.1	k22	control_pfc_14	GSE53987	CTL	STR	M	55.0	28.0	6.1	k22	control_str_14	True	True
GSE53987__HG-U133_Plus_2|PFC_BA46	GSM1304942	GSE53987__HG-U133_Plus_2|STR	GSM1305019	0.764023470980755	3.4892990653711964	0.6824501800867596	GSE53987	CTL	PFC_BA46	M	22.0	20.1	6.8	k23	control_pfc_15	GSE53987	CTL	STR	M	22.0	20.1	6.8	k23	control_str_15	True	True
GSE53987__HG-U133_Plus_2|PFC_BA46	GSM1304943	GSE53987__HG-U133_Plus_2|STR	GSM1305020	0.7377134158786959	3.3690909487938945	0.4712060333667116	GSE53987	CTL	PFC_BA46	F	52.0	22.6	7.1	k24	control_pfc_16	GSE53987	CTL	STR	F	52.0	22.6	7.1	k24	control_str_16	True	True
GSE53987__HG-U133_Plus_2|PFC_BA46	GSM1304944	GSE53987__HG-U133_Plus_2|STR	GSM1305021	0.7380225073337033	3.3705031579858726	0.3190644725548999	GSE53987	CTL	PFC_BA46	F	58.0	22.7	6.4	k25	control_pfc_17	GSE53987	CTL	STR	F	58.0	22.7	6.4	k25	control_str_17	True	True
GSE53987__HG-U133_Plus_2|PFC_BA46	GSM1304945	GSE53987__HG-U133_Plus_2|STR	GSM1305022	0.725164438226611	3.3117558743261215	0.41481171076575557	GSE53987	CTL	PFC_BA46	F	40.0	16.6	6.8	k26	control_pfc_18	GSE53987	CTL	STR	F	40.0	16.6	6.8	k26	control_str_18	True	True
GSE53987__HG-U133_Plus_2|PFC_BA46	GSM1304947	GSE53987__HG-U133_Plus_2|STR	GSM1305005	0.6675667341083	3.0485974923166133	0.3657246411603833	GSE53987	CTL	PFC_BA46	M	49.0	21.2	6.5	k28	control_pfc_1	GSE53987	CTL	STR	M	49.0	21.2	6.5	k28	control_str_1	True	True
GSE53987__HG-U133_Plus_2|PFC_BA46	GSM1304950	GSE53987__HG-U133_Plus_2|STR	GSM1305008	0.7338037649489616	3.3512281289360497	0.34271724514709206	GSE53987	CTL	PFC_BA46	M	48.0	24.5	6.5	k31	control_pfc_4	GSE53987	CTL	STR	M	48.0	24.5	6.5	k31	control_str_4	True	True
GSE53987__HG-U133_Plus_2|PFC_BA46	GSM1304951	GSE53987__HG-U133_Plus_2|STR	GSM1305009	0.7553492270778519	3.449667277514602	0.37311428838190336	GSE53987	CTL	PFC_BA46	M	43.0	13.8	6.6	k32	control_pfc_5	GSE53987	CTL	STR	M	43.0	13.8	6.6	k32	control_str_5	True	True
GSE53987__HG-U133_Plus_2|PFC_BA46	GSM1304952	GSE53987__HG-U133_Plus_2|STR	GSM1305010	0.7689533670423673	3.5118232873156003	0.4069967678809946	GSE53987	CTL	PFC_BA46	M	68.0	11.8	6.8	k33	control_pfc_6	GSE53987	CTL	STR	M	68.0	11.8	6.8	k33	control_str_6	True	True
GSE53987__HG-U133_Plus_2|PFC_BA46	GSM1304954	GSE53987__HG-U133_Plus_2|STR	GSM1305012	0.6843565875405592	3.125308721193624	0.3915388891880523	GSE53987	CTL	PFC_BA46	M	43.0	22.3	6.7	k35	control_pfc_8	GSE53987	CTL	STR	M	43.0	22.3	6.7	k35	control_str_8	True	True
GSE53987__HG-U133_Plus_2|PFC_BA46	GSM1304955	GSE53987__HG-U133_Plus_2|STR	GSM1305013	0.6859782999690732	3.132718169630941	0.3992272709751143	GSE53987	CTL	PFC_BA46	M	46.0	22.0	6.3	k69	control_pfc_9	GSE53987	CTL	STR	M	46.0	22.0	6.3	k69	control_str_9	True	True
GSE53987__HG-U133_Plus_2|PFC_BA46	GSM1304956	GSE53987__HG-U133_Plus_2|STR	GSM1305031	0.8580450871039741	3.918874805440313	0.7550855455874147	GSE53987	MDD	PFC_BA46	M	51.0	24.6	6.5	k36	MDD_pfc_10	GSE53987	MDD	STR	M	51.0	24.6	6.5	k36	MDD_str_10	True	True
GSE53987__HG-U133_Plus_2|PFC_BA46	GSM1304957	GSE53987__HG-U133_Plus_2|STR	GSM1305032	0.6943274518746705	3.170864643353495	0.3794849732681661	GSE53987	MDD	PFC_BA46	F	53.0	11.9	6.7	k37	MDD_pfc_11	GSE53987	MDD	STR	F	53.0	11.9	6.7	k37	MDD_str_11	True	True
GSE53987__HG-U133_Plus_2|PFC_BA46	GSM1304958	GSE53987__HG-U133_Plus_2|STR	GSM1305033	0.7886351302654345	3.601747374467366	0.651768404546864	GSE53987	MDD	PFC_BA46	F	26.0	13.4	6.4	k38	MDD_pfc_12	GSE53987	MDD	STR	F	26.0	13.4	6.4	k38	MDD_str_12	True	True
GSE53987__HG-U133_Plus_2|PFC_BA46	GSM1304963	GSE53987__HG-U133_Plus_2|STR	GSM1305038	0.747620055382159	3.4143534338666988	0.5117756243873186	GSE53987	MDD	PFC_BA46	F	54.0	17.9	6.2	k43	MDD_pfc_17	GSE53987	MDD	STR	F	54.0	17.9	6.2	k43	MDD_str_17	True	True
GSE53987__HG-U133_Plus_2|PFC_BA46	GSM1304965	GSE53987__HG-U133_Plus_2|STR	GSM1305023	0.6810480281338962	3.110192230813186	0.27568735551583856	GSE53987	MDD	PFC_BA46	M	42.0	14.3	6.4	k45	MDD_pfc_1	GSE53987	MDD	STR	M	42.0	14.3	6.4	k45	MDD_str_1	True	True
GSE53987__HG-U133_Plus_2|PFC_BA46	GSM1304967	GSE53987__HG-U133_Plus_2|STR	GSM1305025	0.8044151640951813	3.673844834500869	0.5570527033278507	GSE53987	MDD	PFC_BA46	M	47.0	24.0	6.6	k48	MDD_pfc_4	GSE53987	MDD	STR	M	47.0	24.0	6.6	k48	MDD_str_4	True	True
GSE53987__HG-U133_Plus_2|PFC_BA46	GSM1304968	GSE53987__HG-U133_Plus_2|STR	GSM1305026	0.7075321449048899	3.231195618449776	0.3507128022140399	GSE53987	MDD	PFC_BA46	M	44.0	11.0	6.5	k70	MDD_pfc_5	GSE53987	MDD	STR	M	44.0	11.0	6.5	k70	MDD_str_5	True	True
GSE53987__HG-U133_Plus_2|PFC_BA46	GSM1304969	GSE53987__HG-U133_Plus_2|STR	GSM1305027	0.8296217951843118	3.789011512667427	0.3830762185671189	GSE53987	MDD	PFC_BA46	M	59.0	13.0	6.6	k49	MDD_pfc_6	GSE53987	MDD	STR	M	59.0	13.0	6.6	k49	MDD_str_6	True	True
GSE53987__HG-U133_Plus_2|PFC_BA46	GSM1304972	GSE53987__HG-U133_Plus_2|STR	GSM1305030	0.8231603406648138	3.759489747124718	0.5444210617998408	GSE53987	MDD	PFC_BA46	M	51.0	28.3	7.3	k52	MDD_pfc_9	GSE53987	MDD	STR	M	51.0	28.3	7.3	k52	MDD_str_9	True	True
GSE53987__HG-U133_Plus_2|PFC_BA46	GSM1304973	GSE53987__HG-U133_Plus_2|STR	GSM1305048	0.7692153643111768	3.5130203276908416	0.3820709604280686	GSE53987	SCZ	PFC_BA46	M	49.0	21.5	5.97	k53	schiz_pfc_10	GSE53987	SCZ	STR	M	49.0	21.5	5.97	k53	schiz_str_10	True	True
GSE53987__HG-U133_Plus_2|PFC_BA46	GSM1304974	GSE53987__HG-U133_Plus_2|STR	GSM1305049	0.6624699817924589	3.0253109201611514	0.19878653146574538	GSE53987	SCZ	PFC_BA46	F	47.0	14.37	6.35	k54	schiz_pfc_11	GSE53987	SCZ	STR	F	47.0	14.37	6.35	k54	schiz_str_11	True	True
GSE53987__HG-U133_Plus_2|PFC_BA46	GSM1304975	GSE53987__HG-U133_Plus_2|STR	GSM1305050	0.8177080158234235	3.7345785982271287	0.4551377960309246	GSE53987	SCZ	PFC_BA46	F	25.0	20.1	6.73	k55	schiz_pfc_12	GSE53987	SCZ	STR	F	25.0	20.1	6.73	k55	schiz_str_12	True	True
GSE53987__HG-U133_Plus_2|PFC_BA46	GSM1304976	GSE53987__HG-U133_Plus_2|STR	GSM1305051	0.6797650083914674	3.1043302367515775	0.1995091897200871	GSE53987	SCZ	PFC_BA46	F	41.0	17.1	6.9	k71	schiz_pfc_13	GSE53987	SCZ	STR	F	41.0	17.1	6.9	k71	schiz_str_13	True	True
GSE53987__HG-U133_Plus_2|PFC_BA46	GSM1304978	GSE53987__HG-U133_Plus_2|STR	GSM1305054	0.657235125095468	3.0013933623431863	0.25327006048655454	GSE53987	SCZ	PFC_BA46	F	47.0	20.1	7.3	k72	schiz_pfc_16	GSE53987	SCZ	STR	F	47.0	20.1	7.3	k72	schiz_str_16	True	True
GSE53987__HG-U133_Plus_2|PFC_BA46	GSM1304979	GSE53987__HG-U133_Plus_2|STR	GSM1305056	0.8972215212048417	4.097868172775051	0.4998633452757731	GSE53987	SCZ	PFC_BA46	F	44.0	24.5	6.63	k57	schiz_pfc_18	GSE53987	SCZ	STR	F	44.0	24.5	6.63	k57	schiz_str_18	True	True
GSE53987__HG-U133_Plus_2|PFC_BA46	GSM1304981	GSE53987__HG-U133_Plus_2|STR	GSM1305039	0.7021507464646796	3.20660852547181	0.3779772265032247	GSE53987	SCZ	PFC_BA46	M	50.0	11.0	6.23	k59	schiz_pfc_1	GSE53987	SCZ	STR	M	50.0	11.0	6.23	k59	schiz_str_1	True	True
GSE53987__HG-U133_Plus_2|PFC_BA46	GSM1304983	GSE53987__HG-U133_Plus_2|STR	GSM1305042	0.8418596975952218	3.844925314214623	0.700999114506177	GSE53987	SCZ	PFC_BA46	M	47.0	28.9	6.58	k62	schiz_pfc_4	GSE53987	SCZ	STR	M	47.0	28.9	6.58	k62	schiz_str_4	True	True
GSE53987__HG-U133_Plus_2|PFC_BA46	GSM1304984	GSE53987__HG-U133_Plus_2|STR	GSM1305043	0.6684472485668148	3.0526204783676327	0.41478121218440533	GSE53987	SCZ	PFC_BA46	M	37.0	5.98	6.07	k63	schiz_pfc_5	GSE53987	SCZ	STR	M	37.0	5.98	6.07	k63	schiz_str_5	True	True
GSE53987__HG-U133_Plus_2|PFC_BA46	GSM1304985	GSE53987__HG-U133_Plus_2|STR	GSM1305044	0.7364040969362748	3.3631087962116637	0.535946757644313	GSE53987	SCZ	PFC_BA46	M	58.0	7.7	6.22	k64	schiz_pfc_6	GSE53987	SCZ	STR	M	58.0	7.7	6.22	k64	schiz_str_6	True	True
GSE53987__HG-U133_Plus_2|PFC_BA46	GSM1304987	GSE53987__HG-U133_Plus_2|STR	GSM1305047	0.6695428060460588	3.057625975340985	0.32091642649468394	GSE53987	SCZ	PFC_BA46	M	52.0	27.1	6.68	k67	schiz_pfc_9	GSE53987	SCZ	STR	M	52.0	27.1	6.68	k67	schiz_str_9	True	True
GSE53987__HG-U133_Plus_2|PFC_BA46	GSM1304942	GSE54567__HG-U133_Plus_2|PFC_BA9	GSM1319051	0.8396151546474457	3.5871984242331956	0.6099263105864723	GSE53987	CTL	PFC_BA46	M	22.0	20.1	6.8	k23	control_pfc_15	GSE54567	CTL	PFC_BA9	M				Mpair2_CTL	Control matched sample pair brain dorsolateral prefrontal cortex BA9_M #2	False	True
GSE53987__HG-U133_Plus_2|PFC_BA46	GSM1304952	GSE54567__HG-U133_Plus_2|PFC_BA9	GSM1319056	0.8504997613684946	3.6338219479419442	0.4493746203057081	GSE53987	CTL	PFC_BA46	M	68.0	11.8	6.8	k33	control_pfc_6	GSE54567	CTL	PFC_BA9	M				Mpair18_CTL	Control matched sample pair brain dorsolateral prefrontal cortex BA9_M #18	False	True
GSE53987__HG-U133_Plus_2|PFC_BA46	GSM1304955	GSE54567__HG-U133_Plus_2|PFC_BA9	GSM1319058	0.771061785462217	3.2935544079233345	0.4158640982288988	GSE53987	CTL	PFC_BA46	M	46.0	22.0	6.3	k69	control_pfc_9	GSE54567	CTL	PFC_BA9	M				Mpair22_CTL	Control matched sample pair brain dorsolateral prefrontal cortex BA9_M #22	False	True
GSE53987__HG-U133_Plus_2|PFC_BA46	GSM1304956	GSE54567__HG-U133_Plus_2|PFC_BA9	GSM1319073	0.9246585182714127	3.95147628762408	0.660897484037881	GSE53987	MDD	PFC_BA46	M	51.0	24.6	6.5	k36	MDD_pfc_10	GSE54567	MDD	PFC_BA9	M				Mpair25_MDD	MDD matched sample pair brain dorsolateral prefrontal cortex BA9_M #25	False	True
GSE53987__HG-U133_Plus_2|PFC_BA46	GSM1304965	GSE54567__HG-U133_Plus_2|PFC_BA9	GSM1319076	0.7372242918895094	3.1486136466939074	0.21888699520680321	GSE53987	MDD	PFC_BA46	M	42.0	14.3	6.4	k45	MDD_pfc_1	GSE54567	MDD	PFC_BA9	M				Mpair29_MDD	MDD matched sample pair brain dorsolateral prefrontal cortex BA9_M #29	False	True
GSE53987__HG-U133_Plus_2|PFC_BA46	GSM1304938	GSE54568__HG-U133_Plus_2|PFC_BA9	GSM1319084	0.7355125886848216	3.2453390130990143	0.49973322858810604	GSE53987	CTL	PFC_BA46	F	51.0	7.8	6.6	k19	control_pfc_11	GSE54568	CTL	PFC_BA9	F				Fpair12_CTL	Control matched sample pair brain dorsolateral prefrontal cortex BA9_F #12	False	True
GSE53987__HG-U133_Plus_2|PFC_BA46	GSM1304939	GSE54568__HG-U133_Plus_2|PFC_BA9	GSM1319092	0.7551100357277573	3.332187358596488	0.3454487385762078	GSE53987	CTL	PFC_BA46	F	36.0	14.5	6.4	k20	control_pfc_12	GSE54568	CTL	PFC_BA9	F				Fpair28_CTL	Control matched sample pair brain dorsolateral prefrontal cortex BA9_F #28	False	True
GSE53987__HG-U133_Plus_2|PFC_BA46	GSM1304940	GSE54568__HG-U133_Plus_2|PFC_BA9	GSM1319091	0.7474381859329574	3.2981886719245073	0.2251449755550679	GSE53987	CTL	PFC_BA46	F	65.0	18.5	6.5	k21	control_pfc_13	GSE54568	CTL	PFC_BA9	F				Fpair24_CTL	Control matched sample pair brain dorsolateral prefrontal cortex BA9_F #24	False	True
GSE53987__HG-U133_Plus_2|PFC_BA46	GSM1304944	GSE54568__HG-U133_Plus_2|PFC_BA9	GSM1319081	0.7037741063254466	3.104686270143594	0.2798465367665494	GSE53987	CTL	PFC_BA46	F	58.0	22.7	6.4	k25	control_pfc_17	GSE54568	CTL	PFC_BA9	F				Fpair8_CTL	Control matched sample pair brain dorsolateral prefrontal cortex BA9_F #8	False	True
GSE53987__HG-U133_Plus_2|PFC_BA46	GSM1304945	GSE54568__HG-U133_Plus_2|PFC_BA9	GSM1319089	0.6982313474321679	3.0801228952142976	0.37091972155049135	GSE53987	CTL	PFC_BA46	F	40.0	16.6	6.8	k26	control_pfc_18	GSE54568	CTL	PFC_BA9	F				Fpair19_CTL	Control matched sample pair brain dorsolateral prefrontal cortex BA9_F #19	False	True
GSE53987__HG-U133_Plus_2|PFC_BA46	GSM1304949	GSE54568__HG-U133_Plus_2|PFC_BA9	GSM1319082	0.7509039753340252	3.3135477171443246	0.3745394702281347	GSE53987	CTL	PFC_BA46	F	39.0	24.5	6.8	k30	control_pfc_3	GSE54568	CTL	PFC_BA9	F				Fpair9_CTL	Control matched sample pair brain dorsolateral prefrontal cortex BA9_F #9	False	True
GSE53987__HG-U133_Plus_2|PFC_BA46	GSM1304957	GSE54568__HG-U133_Plus_2|PFC_BA9	GSM1319098	0.8185985009181845	3.6135438101731827	0.3455335176739402	GSE53987	MDD	PFC_BA46	F	53.0	11.9	6.7	k37	MDD_pfc_11	GSE54568	MDD	PFC_BA9	F				Fpair10_MDD	MDD matched sample pair brain dorsolateral prefrontal cortex BA9_F #10	False	True
GSE53987__HG-U133_Plus_2|PFC_BA46	GSM1304958	GSE54568__HG-U133_Plus_2|PFC_BA9	GSM1319101	0.6975557168095714	3.077128760232768	0.4891981840092507	GSE53987	MDD	PFC_BA46	F	26.0	13.4	6.4	k38	MDD_pfc_12	GSE54568	MDD	PFC_BA9	F				Fpair14_MDD	MDD matched sample pair brain dorsolateral prefrontal cortex BA9_F #14	False	True
GSE53987__HG-U133_Plus_2|PFC_BA46	GSM1304959	GSE54568__HG-U133_Plus_2|PFC_BA9	GSM1319099	0.6966963871452391	3.073320541773463	0.27033301827702344	GSE53987	MDD	PFC_BA46	F	52.0	10.3	6.5	k39	MDD_pfc_13	GSE54568	MDD	PFC_BA9	F				Fpair12_MDD	MDD matched sample pair brain dorsolateral prefrontal cortex BA9_F #12	False	True
GSE53987__HG-U133_Plus_2|PFC_BA46	GSM1304962	GSE54568__HG-U133_Plus_2|PFC_BA9	GSM1319100	0.7184679624317144	3.169803787186067	0.3337580923424866	GSE53987	MDD	PFC_BA46	F	49.0	23.4	6.4	k42	MDD_pfc_16	GSE54568	MDD	PFC_BA9	F				Fpair13_MDD	MDD matched sample pair brain dorsolateral prefrontal cortex BA9_F #13	False	True
GSE53987__HG-U133_Plus_2|PFC_BA46	GSM1304963	GSE54568__HG-U133_Plus_2|PFC_BA9	GSM1319096	0.7741669648286325	3.4166403365301763	0.4918985712413761	GSE53987	MDD	PFC_BA46	F	54.0	17.9	6.2	k43	MDD_pfc_17	GSE54568	MDD	PFC_BA9	F				Fpair8_MDD	MDD matched sample pair brain dorsolateral prefrontal cortex BA9_F #8	False	True
GSE53987__HG-U133_Plus_2|PFC_BA46	GSM1304964	GSE54568__HG-U133_Plus_2|PFC_BA9	GSM1319103	0.7114302385801282	3.1386153027248374	0.35163915795146305	GSE53987	MDD	PFC_BA46	F	28.0	24.8	6.6	k44	MDD_pfc_19	GSE54568	MDD	PFC_BA9	F				Fpair17_MDD	MDD matched sample pair brain dorsolateral prefrontal cortex BA9_F #17	False	True
GSE53987__HG-U133_Plus_2|PFC_BA46	GSM1304970	GSE54568__HG-U133_Plus_2|PFC_BA9	GSM1319102	0.7963914776845412	3.515130826990197	0.35420856913913434	GSE53987	MDD	PFC_BA46	F	47.0	22.3	6.6	k50	MDD_pfc_7	GSE54568	MDD	PFC_BA9	F				Fpair16_MDD	MDD matched sample pair brain dorsolateral prefrontal cortex BA9_F #16	False	True
GSE53987__HG-U133_Plus_2|PFC_BA46	GSM1304979	GSE54568__HG-U133_Plus_2|PFC_BA9	GSM1319095	0.7230991491805456	3.190327425083627	0.3373275764301358	GSE53987	SCZ	PFC_BA46	F	44.0	24.5	6.63	k57	schiz_pfc_18	GSE54568	MDD	PFC_BA9	F				Fpair6_MDD	MDD matched sample pair brain dorsolateral prefrontal cortex BA9_F #6	False	False
GSE53987__HG-U133_Plus_2|PFC_BA46	GSM1304938	GSE54571__HG-U133_Plus_2|ACC_BA25	GSM1319147	0.6861033564329642	3.0460231561334967	0.4958615293514236	GSE53987	CTL	PFC_BA46	F	51.0	7.8	6.6	k19	control_pfc_11	GSE54571	CTL	ACC_BA25	F				Fpair12_CTL	Control matched sample pair brain anterior cingulate cortex BA25_F #12	False	True
GSE53987__HG-U133_Plus_2|PFC_BA46	GSM1304949	GSE54571__HG-U133_Plus_2|ACC_BA25	GSM1319145	0.7175774475720503	3.186481197830794	0.3676465362873708	GSE53987	CTL	PFC_BA46	F	39.0	24.5	6.8	k30	control_pfc_3	GSE54571	CTL	ACC_BA25	F				Fpair9_CTL	Control matched sample pair brain anterior cingulate cortex BA25_F #9	False	True
GSE53987__HG-U133_Plus_2|PFC_BA46	GSM1304957	GSE54571__HG-U133_Plus_2|ACC_BA25	GSM1319159	0.6793015191681562	3.015668896245998	0.31169670307796943	GSE53987	MDD	PFC_BA46	F	53.0	11.9	6.7	k37	MDD_pfc_11	GSE54571	MDD	ACC_BA25	F				Fpair10_MDD	MDD matched sample pair brain anterior cingulate cortex BA25_F #10	False	True
GSE53987__HG-U133_Plus_2|PFC_BA46	GSM1304958	GSE54571__HG-U133_Plus_2|ACC_BA25	GSM1319162	0.7925849445911516	3.5212138545217266	0.4117136632885685	GSE53987	MDD	PFC_BA46	F	26.0	13.4	6.4	k38	MDD_pfc_12	GSE54571	MDD	ACC_BA25	F				Fpair14_MDD	MDD matched sample pair brain anterior cingulate cortex BA25_F #14	False	True
GSE53987__HG-U133_Plus_2|PFC_BA46	GSM1304959	GSE54571__HG-U133_Plus_2|ACC_BA25	GSM1319160	0.7510537777400955	3.335874543546076	0.33882979953951214	GSE53987	MDD	PFC_BA46	F	52.0	10.3	6.5	k39	MDD_pfc_13	GSE54571	MDD	ACC_BA25	F				Fpair12_MDD	MDD matched sample pair brain anterior cingulate cortex BA25_F #12	False	True
GSE53987__HG-U133_Plus_2|PFC_BA46	GSM1304962	GSE54571__HG-U133_Plus_2|ACC_BA25	GSM1319161	0.739871374809395	3.285971326001987	0.260458968956347	GSE53987	MDD	PFC_BA46	F	49.0	23.4	6.4	k42	MDD_pfc_16	GSE54571	MDD	ACC_BA25	F				Fpair13_MDD	MDD matched sample pair brain anterior cingulate cortex BA25_F #13	False	True
GSE53987__HG-U133_Plus_2|PFC_BA46	GSM1304963	GSE54571__HG-U133_Plus_2|ACC_BA25	GSM1319157	0.7787693068652236	3.4595594159167207	0.5462807606565657	GSE53987	MDD	PFC_BA46	F	54.0	17.9	6.2	k43	MDD_pfc_17	GSE54571	MDD	ACC_BA25	F				Fpair8_MDD	MDD matched sample pair brain anterior cingulate cortex BA25_F #8	False	True
GSE53987__HG-U133_Plus_2|PFC_BA46	GSM1304970	GSE54571__HG-U133_Plus_2|ACC_BA25	GSM1319163	0.764499841477216	3.3958797005721237	0.3396678904614908	GSE53987	MDD	PFC_BA46	F	47.0	22.3	6.6	k50	MDD_pfc_7	GSE54571	MDD	ACC_BA25	F				Fpair16_MDD	MDD matched sample pair brain anterior cingulate cortex BA25_F #16	False	True
GSE53987__HG-U133_Plus_2|PFC_BA46	GSM1304948	GSE54572__HG-U133_Plus_2|ACC_BA25	GSM1319173	0.6498133210844144	3.132345008394194	0.3660836031688008	GSE53987	CTL	PFC_BA46	M	48.0	21.68	6.6	k29	control_pfc_2	GSE54572	CTL	ACC_BA25	M				Mpair18_CTL	Control matched sample pair brain anterior cingulate cortex BA25_M #18	False	True
GSE53987__HG-U133_Plus_2|PFC_BA46	GSM1304956	GSE54572__HG-U133_Plus_2|ACC_BA25	GSM1319188	0.8931205477504223	4.31547525312067	0.6190345253510005	GSE53987	MDD	PFC_BA46	M	51.0	24.6	6.5	k36	MDD_pfc_10	GSE54572	MDD	ACC_BA25	M				Mpair25_MDD	MDD matched sample pair brain anterior cingulate cortex BA25_M #25	False	True
GSE53987__HG-U133_Plus_2|PFC_BA46	GSM1304965	GSE54572__HG-U133_Plus_2|ACC_BA25	GSM1319190	0.7046404121815157	3.3989527479020687	0.24487434647803402	GSE53987	MDD	PFC_BA46	M	42.0	14.3	6.4	k45	MDD_pfc_1	GSE54572	MDD	ACC_BA25	M				Mpair29_MDD	MDD matched sample pair brain anterior cingulate cortex BA25_M #29	False	True
GSE53987__HG-U133_Plus_2|PFC_BA46	GSM1304927	GSE92538__HG-U133A|PFC_DLPFC	GSM2431854	0.6634611720862282	3.1574882140036746	0.5391782252915056	GSE53987	BD	PFC_BA46	F	56.0	24.5	6.1	k68	bipolar_pfc_17	GSE92538	CTL	PFC_DLPFC	M	50.0	16.5	6.27	108493	DLPFC_Male_Control_UCDavis_108493	False	False
GSE53987__HG-U133_Plus_2|PFC_BA46	GSM1304979	GSE92538__HG-U133A|PFC_DLPFC	GSM2431740	0.6405075168842479	3.0478445078101055	0.6143318978474643	GSE53987	SCZ	PFC_BA46	F	44.0	24.5	6.63	k57	schiz_pfc_18	GSE92538	CTL	PFC_DLPFC	F	73.0	24.0	6.54	102038	DLPFC_Female_Control_UCDavis_102038	False	False
GSE53987__HG-U133_Plus_2|PFC_BA46	GSM1304930	GSE92538__HG-U133_Plus_2|PFC_DLPFC	GSM2432083	0.620761136375741	3.35490425717502	0.6185148490890189	GSE53987	BD	PFC_BA46	F	39.0	22.2	6.7	k11	bipolar_pfc_3	GSE92538	CTL	PFC_DLPFC	M	32.0	10.0	7.04	109882	DLPFC_Male_Control_p_UMichigan_109882	False	False
GSE53987__HG-U133_Plus_2|PFC_BA46	GSM1304958	GSE92538__HG-U133_Plus_2|PFC_DLPFC	GSM2432068	0.5894105911504663	3.185045806285917	0.5439447683888674	GSE53987	MDD	PFC_BA46	F	26.0	13.4	6.4	k38	MDD_pfc_12	GSE92538	MDD	PFC_DLPFC	M	28.0	33.0	7.07	109248	DLPFC_Male_MajorDepressiveDisorder_p_UMichigan_109248	False	True
GSE53987__HG-U133_Plus_2|PFC_BA46	GSM1304979	GSE92538__HG-U133_Plus_2|PFC_DLPFC	GSM2431716	0.7078847690871409	3.8269434252931847	0.6973477419126386	GSE53987	SCZ	PFC_BA46	F	44.0	24.5	6.63	k57	schiz_pfc_18	GSE92538	SCZ	PFC_DLPFC	M	39.0	7.5	6.83	101078	DLPFC_Male_Schizophrenia_p_UCDavis_101078	False	True
GSE53987__HG-U133_Plus_2|PFC_BA46	GSM1304980	GSE92538__HG-U133_Plus_2|PFC_DLPFC	GSM2431852	0.6491677302516833	3.5088122672632607	0.596764768713445	GSE53987	SCZ	PFC_BA46	F	46.0	23.8	6.61	k58	schiz_pfc_19	GSE92538	CTL	PFC_DLPFC	M	64.0	24.5	6.55	108425	DLPFC_Male_Control_p_UCDavis_108425	False	False
GSE53987__HG-U133_Plus_2|PFC_BA46	GSM1304983	GSE92538__HG-U133_Plus_2|PFC_DLPFC	GSM2432052	0.64934668231657	3.509781836382606	0.6386989819135954	GSE53987	SCZ	PFC_BA46	M	47.0	28.9	6.58	k62	schiz_pfc_4	GSE92538	MDD	PFC_DLPFC	F	46.0	9.5	7.39	108700	DLPFC_Female_MajorDepressiveDisorder_p_UMichigan_108700	False	False
GSE53987__HG-U133_Plus_2|STR	GSM1305031	GSE53987__HG-U133_Plus_2|STR	GSM1305042	0.7980037425914733	3.413148533593526	0.4411509745133424	GSE53987	MDD	STR	M	51.0	24.6	6.5	k36	MDD_str_10	GSE53987	SCZ	STR	M	47.0	28.9	6.58	k62	schiz_str_4	False	False
GSE53987__HG-U133_Plus_2|STR	GSM1305010	GSE54567__HG-U133_Plus_2|PFC_BA9	GSM1319056	0.767828302053212	3.5919972375571967	0.34607242844708247	GSE53987	CTL	STR	M	68.0	11.8	6.8	k33	control_str_6	GSE54567	CTL	PFC_BA9	M				Mpair18_CTL	Control matched sample pair brain dorsolateral prefrontal cortex BA9_M #18	False	True
GSE53987__HG-U133_Plus_2|STR	GSM1305013	GSE54567__HG-U133_Plus_2|PFC_BA9	GSM1319058	0.6987484249603196	3.2669120412963437	0.3913804025365038	GSE53987	CTL	STR	M	46.0	22.0	6.3	k69	control_str_9	GSE54567	CTL	PFC_BA9	M				Mpair22_CTL	Control matched sample pair brain dorsolateral prefrontal cortex BA9_M #22	False	True
GSE53987__HG-U133_Plus_2|STR	GSM1305019	GSE54567__HG-U133_Plus_2|PFC_BA9	GSM1319051	0.8176416499271411	3.8264154596427793	0.4145689672137295	GSE53987	CTL	STR	M	22.0	20.1	6.8	k23	control_str_15	GSE54567	CTL	PFC_BA9	M				Mpair2_CTL	Control matched sample pair brain dorsolateral prefrontal cortex BA9_M #2	False	True
GSE53987__HG-U133_Plus_2|STR	GSM1305023	GSE54567__HG-U133_Plus_2|PFC_BA9	GSM1319076	0.652737818977289	3.050389263527631	0.37161584008461385	GSE53987	MDD	STR	M	42.0	14.3	6.4	k45	MDD_str_1	GSE54567	MDD	PFC_BA9	M				Mpair29_MDD	MDD matched sample pair brain dorsolateral prefrontal cortex BA9_M #29	False	True
GSE53987__HG-U133_Plus_2|STR	GSM1305031	GSE54567__HG-U133_Plus_2|PFC_BA9	GSM1319073	0.8089469317381601	3.785498708081441	0.6079312967508652	GSE53987	MDD	STR	M	51.0	24.6	6.5	k36	MDD_str_10	GSE54567	MDD	PFC_BA9	M				Mpair25_MDD	MDD matched sample pair brain dorsolateral prefrontal cortex BA9_M #25	False	True
GSE53987__HG-U133_Plus_2|STR	GSM1305016	GSE54568__HG-U133_Plus_2|PFC_BA9	GSM1319092	0.6728446016717186	3.161771764383796	0.413041018689594	GSE53987	CTL	STR	F	36.0	14.5	6.4	k20	control_str_12	GSE54568	CTL	PFC_BA9	F				Fpair28_CTL	Control matched sample pair brain dorsolateral prefrontal cortex BA9_F #28	False	True
GSE53987__HG-U133_Plus_2|STR	GSM1305017	GSE54568__HG-U133_Plus_2|PFC_BA9	GSM1319091	0.6658549556473208	3.128628758830961	0.2478901193922852	GSE53987	CTL	STR	F	65.0	18.5	6.5	k21	control_str_13	GSE54568	CTL	PFC_BA9	F				Fpair24_CTL	Control matched sample pair brain dorsolateral prefrontal cortex BA9_F #24	False	True
GSE53987__HG-U133_Plus_2|STR	GSM1305022	GSE54568__HG-U133_Plus_2|PFC_BA9	GSM1319089	0.696167872783502	3.272364389714163	0.35122279051936445	GSE53987	CTL	STR	F	40.0	16.6	6.8	k26	control_str_18	GSE54568	CTL	PFC_BA9	F				Fpair19_CTL	Control matched sample pair brain dorsolateral prefrontal cortex BA9_F #19	False	True
GSE53987__HG-U133_Plus_2|STR	GSM1305038	GSE54568__HG-U133_Plus_2|PFC_BA9	GSM1319096	0.7362487809000042	3.462417184323652	0.3835961224092913	GSE53987	MDD	STR	F	54.0	17.9	6.2	k43	MDD_str_17	GSE54568	MDD	PFC_BA9	F				Fpair8_MDD	MDD matched sample pair brain dorsolateral prefrontal cortex BA9_F #8	False	True
GSE53987__HG-U133_Plus_2|STR	GSM1305044	GSE54568__HG-U133_Plus_2|PFC_BA9	GSM1319078	0.6574755487833169	3.0888958843400713	0.364728162398454	GSE53987	SCZ	STR	M	58.0	7.7	6.22	k64	schiz_str_6	GSE54568	CTL	PFC_BA9	F				Fpair3_CTL	Control matched sample pair brain dorsolateral prefrontal cortex BA9_F #3	False	False
GSE53987__HG-U133_Plus_2|STR	GSM1305020	GSE54571__HG-U133_Plus_2|ACC_BA25	GSM1319148	0.7029636115680014	3.3109284068533666	0.42096919131205435	GSE53987	CTL	STR	F	52.0	22.6	7.1	k24	control_str_16	GSE54571	CTL	ACC_BA25	F				Fpair13_CTL	Control matched sample pair brain anterior cingulate cortex BA25_F #13	False	True
GSE53987__HG-U133_Plus_2|STR	GSM1305033	GSE54571__HG-U133_Plus_2|ACC_BA25	GSM1319162	0.7296392388868055	3.437073311384739	0.44230495604760395	GSE53987	MDD	STR	F	26.0	13.4	6.4	k38	MDD_str_12	GSE54571	MDD	ACC_BA25	F				Fpair14_MDD	MDD matched sample pair brain anterior cingulate cortex BA25_F #14	False	True
GSE53987__HG-U133_Plus_2|STR	GSM1305038	GSE54571__HG-U133_Plus_2|ACC_BA25	GSM1319157	0.7391063929897007	3.481842014899039	0.36796077113535774	GSE53987	MDD	STR	F	54.0	17.9	6.2	k43	MDD_str_17	GSE54571	MDD	ACC_BA25	F				Fpair8_MDD	MDD matched sample pair brain anterior cingulate cortex BA25_F #8	False	True
GSE53987__HG-U133_Plus_2|STR	GSM1305019	GSE54572__HG-U133_Plus_2|ACC_BA25	GSM1319168	0.7621448872965674	3.853059404971552	0.33703415819717625	GSE53987	CTL	STR	M	22.0	20.1	6.8	k23	control_str_15	GSE54572	CTL	ACC_BA25	M				Mpair2_CTL	Control matched sample pair brain anterior cingulate cortex BA25_M #2	False	True
GSE53987__HG-U133_Plus_2|STR	GSM1305031	GSE54572__HG-U133_Plus_2|ACC_BA25	GSM1319188	0.7955068131655361	4.02364981760083	0.542639459458329	GSE53987	MDD	STR	M	51.0	24.6	6.5	k36	MDD_str_10	GSE54572	MDD	ACC_BA25	M				Mpair25_MDD	MDD matched sample pair brain anterior cingulate cortex BA25_M #25	False	True
GSE53987__HG-U133_Plus_2|STR	GSM1305046	GSE54572__HG-U133_Plus_2|ACC_BA25	GSM1319169	0.6174903170808349	3.1133933881255187	0.5053252389514353	GSE53987	SCZ	STR	M	38.0	28.8	6.56	k66	schiz_str_8	GSE54572	CTL	ACC_BA25	M				Mpair4_CTL	Control matched sample pair brain anterior cingulate cortex BA25_M #4	False	False
GSE53987__HG-U133_Plus_2|STR	GSM1304990	GSE92538__HG-U133_Plus_2|PFC_DLPFC	GSM2432083	0.6233021117729396	3.544694442839315	0.5864634992173569	GSE53987	BD	STR	F	39.0	22.2	6.7	k11	bipolar_str_3	GSE92538	CTL	PFC_DLPFC	M	32.0	10.0	7.04	109882	DLPFC_Male_Control_p_UMichigan_109882	False	False
GSE53987__HG-U133_Plus_2|STR	GSM1305030	GSE92538__HG-U133_Plus_2|PFC_DLPFC	GSM2432068	0.5592394914250283	3.177491922179785	0.5278463824067783	GSE53987	MDD	STR	M	51.0	28.3	7.3	k52	MDD_str_9	GSE92538	MDD	PFC_DLPFC	M	28.0	33.0	7.07	109248	DLPFC_Male_MajorDepressiveDisorder_p_UMichigan_109248	False	True
GSE53987__HG-U133_Plus_2|STR	GSM1305042	GSE92538__HG-U133_Plus_2|PFC_DLPFC	GSM2431971	0.6233543246074362	3.544993723204898	0.5200362220418511	GSE53987	SCZ	STR	M	47.0	28.9	6.58	k62	schiz_str_4	GSE92538	MDD	PFC_DLPFC	F	46.0	35.0	6.76	104630	DLPFC_Female_MajorDepressiveDisorder_p_UMichigan_104630	False	False
GSE53987__HG-U133_Plus_2|STR	GSM1305046	GSE92538__HG-U133_Plus_2|PFC_DLPFC	GSM2431852	0.6511664667966103	3.704411003693003	0.5806516058783998	GSE53987	SCZ	STR	M	38.0	28.8	6.56	k66	schiz_str_8	GSE92538	CTL	PFC_DLPFC	M	64.0	24.5	6.55	108425	DLPFC_Male_Control_p_UCDavis_108425	False	False
GSE53987__HG-U133_Plus_2|STR	GSM1305056	GSE92538__HG-U133_Plus_2|PFC_DLPFC	GSM2431717	0.6338737849057828	3.6052905439804577	0.6302383496098564	GSE53987	SCZ	STR	F	44.0	24.5	6.63	k57	schiz_str_18	GSE92538	SCZ	PFC_DLPFC	M	39.0	7.5	6.83	101078	DLPFC_Male_Schizophrenia_r_p_UCDavis_101078	False	True
GSE54567__HG-U133_Plus_2|PFC_BA9	GSM1319051	GSE54572__HG-U133_Plus_2|ACC_BA25	GSM1319168	0.819093129062718	3.6255759478914493	0.37736533191267985	GSE54567	CTL	PFC_BA9	M				Mpair2_CTL	Control matched sample pair brain dorsolateral prefrontal cortex BA9_M #2	GSE54572	CTL	ACC_BA25	M				Mpair2_CTL	Control matched sample pair brain anterior cingulate cortex BA25_M #2	False	True
GSE54567__HG-U133_Plus_2|PFC_BA9	GSM1319052	GSE54572__HG-U133_Plus_2|ACC_BA25	GSM1319169	0.9262112923297035	4.096188157526875	0.5893423122183933	GSE54567	CTL	PFC_BA9	M				Mpair4_CTL	Control matched sample pair brain dorsolateral prefrontal cortex BA9_M #4	GSE54572	CTL	ACC_BA25	M				Mpair4_CTL	Control matched sample pair brain anterior cingulate cortex BA25_M #4	False	True
GSE54567__HG-U133_Plus_2|PFC_BA9	GSM1319053	GSE54572__HG-U133_Plus_2|ACC_BA25	GSM1319170	0.7424176245822759	3.288710308228514	0.26677655490332614	GSE54567	CTL	PFC_BA9	M				Mpair7_CTL	Control matched sample pair brain dorsolateral prefrontal cortex BA9_M #7	GSE54572	CTL	ACC_BA25	M				Mpair7_CTL	Control matched sample pair brain anterior cingulate cortex BA25_M #7	False	True
GSE54567__HG-U133_Plus_2|PFC_BA9	GSM1319055	GSE54572__HG-U133_Plus_2|ACC_BA25	GSM1319172	0.7850690459966685	3.4760947728583833	0.5085187591037025	GSE54567	CTL	PFC_BA9	M				Mpair15_CTL	Control matched sample pair brain dorsolateral prefrontal cortex BA9_M #15	GSE54572	CTL	ACC_BA25	M				Mpair15_CTL	Control matched sample pair brain anterior cingulate cortex BA25_M #15	False	True
GSE54567__HG-U133_Plus_2|PFC_BA9	GSM1319060	GSE54572__HG-U133_Plus_2|ACC_BA25	GSM1319177	0.786131231280182	3.4807613704555678	0.31978122432236183	GSE54567	CTL	PFC_BA9	M				Mpair26_CTL	Control matched sample pair brain dorsolateral prefrontal cortex BA9_M #26	GSE54572	CTL	ACC_BA25	M				Mpair26_CTL	Control matched sample pair brain anterior cingulate cortex BA25_M #26	False	True
GSE54567__HG-U133_Plus_2|PFC_BA9	GSM1319065	GSE54572__HG-U133_Plus_2|ACC_BA25	GSM1319180	0.7899646416677492	3.4976030495687156	0.288712116935524	GSE54567	MDD	PFC_BA9	M				Mpair2_MDD	MDD matched sample pair brain dorsolateral prefrontal cortex BA9_M #2	GSE54572	MDD	ACC_BA25	M				Mpair2_MDD	MDD matched sample pair brain anterior cingulate cortex BA25_M #2	False	True
GSE54567__HG-U133_Plus_2|PFC_BA9	GSM1319067	GSE54572__HG-U133_Plus_2|ACC_BA25	GSM1319182	0.8706646321461537	3.8521498386313784	0.2823232740502017	GSE54567	MDD	PFC_BA9	M				Mpair7_MDD	MDD matched sample pair brain dorsolateral prefrontal cortex BA9_M #7	GSE54572	MDD	ACC_BA25	M				Mpair7_MDD	MDD matched sample pair brain anterior cingulate cortex BA25_M #7	False	True
GSE54567__HG-U133_Plus_2|PFC_BA9	GSM1319072	GSE54572__HG-U133_Plus_2|ACC_BA25	GSM1319187	0.794542009160895	3.517713224767422	0.7326374888205945	GSE54567	MDD	PFC_BA9	M				Mpair22_MDD	MDD matched sample pair brain dorsolateral prefrontal cortex BA9_M #22	GSE54572	MDD	ACC_BA25	M				Mpair22_MDD	MDD matched sample pair brain anterior cingulate cortex BA25_M #22	False	True
GSE54567__HG-U133_Plus_2|PFC_BA9	GSM1319073	GSE54572__HG-U133_Plus_2|ACC_BA25	GSM1319188	0.9224419503358254	4.079627956058621	0.5972329395384562	GSE54567	MDD	PFC_BA9	M				Mpair25_MDD	MDD matched sample pair brain dorsolateral prefrontal cortex BA9_M #25	GSE54572	MDD	ACC_BA25	M				Mpair25_MDD	MDD matched sample pair brain anterior cingulate cortex BA25_M #25	False	True
GSE54567__HG-U133_Plus_2|PFC_BA9	GSM1319074	GSE54572__HG-U133_Plus_2|ACC_BA25	GSM1319189	0.8186342128573463	3.6235597485573625	0.4654566794084326	GSE54567	MDD	PFC_BA9	M				Mpair26_MDD	MDD matched sample pair brain dorsolateral prefrontal cortex BA9_M #26	GSE54572	MDD	ACC_BA25	M				Mpair26_MDD	MDD matched sample pair brain anterior cingulate cortex BA25_M #26	False	True
GSE54567__HG-U133_Plus_2|PFC_BA9	GSM1319076	GSE54572__HG-U133_Plus_2|ACC_BA25	GSM1319190	0.8069428191698251	3.5721948590820984	0.3956922317290357	GSE54567	MDD	PFC_BA9	M				Mpair29_MDD	MDD matched sample pair brain dorsolateral prefrontal cortex BA9_M #29	GSE54572	MDD	ACC_BA25	M				Mpair29_MDD	MDD matched sample pair brain anterior cingulate cortex BA25_M #29	False	True
GSE54567__HG-U133_Plus_2|PFC_BA9	GSM1319077	GSE54572__HG-U133_Plus_2|ACC_BA25	GSM1319191	0.7304145051582794	3.235975885023688	0.3872192630768921	GSE54567	MDD	PFC_BA9	M				Mpair30_MDD	MDD matched sample pair brain dorsolateral prefrontal cortex BA9_M #30	GSE54572	MDD	ACC_BA25	M				Mpair30_MDD	MDD matched sample pair brain anterior cingulate cortex BA25_M #30	False	True
GSE54567__HG-U133_Plus_2|PFC_BA9	GSM1319052	GSE92538__HG-U133A|PFC_DLPFC	GSM2431856	0.6555192235262394	3.048249979054869	0.5796956740927729	GSE54567	CTL	PFC_BA9	M				Mpair4_CTL	Control matched sample pair brain dorsolateral prefrontal cortex BA9_M #4	GSE92538	CTL	PFC_DLPFC	M	25.0	13.75	6.87	108632	DLPFC_Male_Control_UCDavis_108632	False	True
GSE54567__HG-U133_Plus_2|PFC_BA9	GSM1319052	GSE92538__HG-U133_Plus_2|PFC_DLPFC	GSM2431852	0.6445943528537803	3.4234560201341004	0.6214943705564411	GSE54567	CTL	PFC_BA9	M				Mpair4_CTL	Control matched sample pair brain dorsolateral prefrontal cortex BA9_M #4	GSE92538	CTL	PFC_DLPFC	M	64.0	24.5	6.55	108425	DLPFC_Male_Control_p_UCDavis_108425	False	True
GSE54567__HG-U133_Plus_2|PFC_BA9	GSM1319067	GSE92538__HG-U133_Plus_2|PFC_DLPFC	GSM2432083	0.6021499621734808	3.1958363585289997	0.5647632788692432	GSE54567	MDD	PFC_BA9	M				Mpair7_MDD	MDD matched sample pair brain dorsolateral prefrontal cortex BA9_M #7	GSE92538	CTL	PFC_DLPFC	M	32.0	10.0	7.04	109882	DLPFC_Male_Control_p_UMichigan_109882	False	False
GSE54568__HG-U133_Plus_2|PFC_BA9	GSM1319078	GSE54571__HG-U133_Plus_2|ACC_BA25	GSM1319142	0.8498589112312307	3.8062391969736	0.45812014512781585	GSE54568	CTL	PFC_BA9	F				Fpair3_CTL	Control matched sample pair brain dorsolateral prefrontal cortex BA9_F #3	GSE54571	CTL	ACC_BA25	F				Fpair3_CTL	Control matched sample pair brain anterior cingulate cortex BA25_F #3	False	True
GSE54568__HG-U133_Plus_2|PFC_BA9	GSM1319082	GSE54571__HG-U133_Plus_2|ACC_BA25	GSM1319145	0.7280164393811024	3.261057809072404	0.3514674698760224	GSE54568	CTL	PFC_BA9	F				Fpair9_CTL	Control matched sample pair brain dorsolateral prefrontal cortex BA9_F #9	GSE54571	CTL	ACC_BA25	F				Fpair9_CTL	Control matched sample pair brain anterior cingulate cortex BA25_F #9	False	True
GSE54568__HG-U133_Plus_2|PFC_BA9	GSM1319083	GSE54571__HG-U133_Plus_2|ACC_BA25	GSM1319146	0.7084613636819421	3.173559064600979	0.3236727068724882	GSE54568	CTL	PFC_BA9	F				Fpair10_CTL	Control matched sample pair brain dorsolateral prefrontal cortex BA9_F #10	GSE54571	CTL	ACC_BA25	F				Fpair10_CTL	Control matched sample pair brain anterior cingulate cortex BA25_F #10	False	True
GSE54568__HG-U133_Plus_2|PFC_BA9	GSM1319084	GSE54571__HG-U133_Plus_2|ACC_BA25	GSM1319147	0.7508041630871656	3.363020964025973	0.36774742079691486	GSE54568	CTL	PFC_BA9	F				Fpair12_CTL	Control matched sample pair brain dorsolateral prefrontal cortex BA9_F #12	GSE54571	CTL	ACC_BA25	F				Fpair12_CTL	Control matched sample pair brain anterior cingulate cortex BA25_F #12	False	True
GSE54568__HG-U133_Plus_2|PFC_BA9	GSM1319086	GSE54571__HG-U133_Plus_2|ACC_BA25	GSM1319149	0.8029025434196654	3.5961339899338323	0.4550936710566757	GSE54568	CTL	PFC_BA9	F				Fpair14_CTL	Control matched sample pair brain dorsolateral prefrontal cortex BA9_F #14	GSE54571	CTL	ACC_BA25	F				Fpair14_CTL	Control matched sample pair brain anterior cingulate cortex BA25_F #14	False	True
GSE54568__HG-U133_Plus_2|PFC_BA9	GSM1319088	GSE54571__HG-U133_Plus_2|ACC_BA25	GSM1319151	0.7903001041400686	3.5397446600633558	0.40564053110273707	GSE54568	CTL	PFC_BA9	F				Fpair17_CTL	Control matched sample pair brain dorsolateral prefrontal cortex BA9_F #17	GSE54571	CTL	ACC_BA25	F				Fpair17_CTL	Control matched sample pair brain anterior cingulate cortex BA25_F #17	False	True
GSE54568__HG-U133_Plus_2|PFC_BA9	GSM1319089	GSE54571__HG-U133_Plus_2|ACC_BA25	GSM1319152	0.7850934977224513	3.516447817263717	0.4187331413991671	GSE54568	CTL	PFC_BA9	F				Fpair19_CTL	Control matched sample pair brain dorsolateral prefrontal cortex BA9_F #19	GSE54571	CTL	ACC_BA25	F				Fpair19_CTL	Control matched sample pair brain anterior cingulate cortex BA25_F #19	False	True
GSE54568__HG-U133_Plus_2|PFC_BA9	GSM1319091	GSE54571__HG-U133_Plus_2|ACC_BA25	GSM1319154	0.6739936184101242	3.0193339170003246	0.29975381436110404	GSE54568	CTL	PFC_BA9	F				Fpair24_CTL	Control matched sample pair brain dorsolateral prefrontal cortex BA9_F #24	GSE54571	CTL	ACC_BA25	F				Fpair24_CTL	Control matched sample pair brain anterior cingulate cortex BA25_F #24	False	True
GSE54568__HG-U133_Plus_2|PFC_BA9	GSM1319093	GSE54571__HG-U133_Plus_2|ACC_BA25	GSM1319155	0.7257805875696065	3.251053540649221	0.20578230285065718	GSE54568	MDD	PFC_BA9	F				Fpair3_MDD	MDD matched sample pair brain dorsolateral prefrontal cortex BA9_F #3	GSE54571	MDD	ACC_BA25	F				Fpair3_MDD	MDD matched sample pair brain anterior cingulate cortex BA25_F #3	False	True
GSE54568__HG-U133_Plus_2|PFC_BA9	GSM1319096	GSE54571__HG-U133_Plus_2|ACC_BA25	GSM1319157	0.8376016832365123	3.7513945071990715	0.4504476206989652	GSE54568	MDD	PFC_BA9	F				Fpair8_MDD	MDD matched sample pair brain dorsolateral prefrontal cortex BA9_F #8	GSE54571	MDD	ACC_BA25	F				Fpair8_MDD	MDD matched sample pair brain anterior cingulate cortex BA25_F #8	False	True
GSE54568__HG-U133_Plus_2|PFC_BA9	GSM1319098	GSE54571__HG-U133_Plus_2|ACC_BA25	GSM1319159	0.6885120692607057	3.0842963973629307	0.34027623544998914	GSE54568	MDD	PFC_BA9	F				Fpair10_MDD	MDD matched sample pair brain dorsolateral prefrontal cortex BA9_F #10	GSE54571	MDD	ACC_BA25	F				Fpair10_MDD	MDD matched sample pair brain anterior cingulate cortex BA25_F #10	False	True
GSE54568__HG-U133_Plus_2|PFC_BA9	GSM1319101	GSE54571__HG-U133_Plus_2|ACC_BA25	GSM1319162	0.7319044258794853	3.278454516830736	0.29536455381645516	GSE54568	MDD	PFC_BA9	F				Fpair14_MDD	MDD matched sample pair brain dorsolateral prefrontal cortex BA9_F #14	GSE54571	MDD	ACC_BA25	F				Fpair14_MDD	MDD matched sample pair brain anterior cingulate cortex BA25_F #14	False	True
GSE54568__HG-U133_Plus_2|PFC_BA9	GSM1319102	GSE54571__HG-U133_Plus_2|ACC_BA25	GSM1319163	0.8450684941960526	3.7848045841640667	0.31764682351213025	GSE54568	MDD	PFC_BA9	F				Fpair16_MDD	MDD matched sample pair brain dorsolateral prefrontal cortex BA9_F #16	GSE54571	MDD	ACC_BA25	F				Fpair16_MDD	MDD matched sample pair brain anterior cingulate cortex BA25_F #16	False	True
GSE54568__HG-U133_Plus_2|PFC_BA9	GSM1319095	GSE92538__HG-U133A|PFC_DLPFC	GSM2432009	0.7262777732770842	3.5777028554128076	0.715222789364708	GSE54568	MDD	PFC_BA9	F				Fpair6_MDD	MDD matched sample pair brain dorsolateral prefrontal cortex BA9_F #6	GSE92538	SCZ	PFC_DLPFC	M	64.0	8.5	6.24	106495	DLPFC_Male_Schizophrenia_UMichigan_106495	False	False
GSE54568__HG-U133_Plus_2|PFC_BA9	GSM1319095	GSE92538__HG-U133_Plus_2|PFC_DLPFC	GSM2431716	0.7129985258367264	3.7330169977057777	0.7064780976428627	GSE54568	MDD	PFC_BA9	F				Fpair6_MDD	MDD matched sample pair brain dorsolateral prefrontal cortex BA9_F #6	GSE92538	SCZ	PFC_DLPFC	M	39.0	7.5	6.83	101078	DLPFC_Male_Schizophrenia_p_UCDavis_101078	False	False
GSE54571__HG-U133_Plus_2|ACC_BA25	GSM1319154	GSE54572__HG-U133_Plus_2|ACC_BA25	GSM1319169	0.6531878609064816	3.161975412745136	0.5217757851801915	GSE54571	CTL	ACC_BA25	F				Fpair24_CTL	Control matched sample pair brain anterior cingulate cortex BA25_F #24	GSE54572	CTL	ACC_BA25	M				Mpair4_CTL	Control matched sample pair brain anterior cingulate cortex BA25_M #4	False	True
GSE54571__HG-U133_Plus_2|ACC_BA25	GSM1319142	GSE92538__HG-U133A|PFC_DLPFC	GSM2432034	0.5990377462992489	3.0521301212233496	0.5848106273398903	GSE54571	CTL	ACC_BA25	F				Fpair3_CTL	Control matched sample pair brain anterior cingulate cortex BA25_F #3	GSE92538	BD	PFC_DLPFC	F	39.0	23.5	6.44	107706	DLPFC_Female_BipolarDisorder_UMichigan_107706	False	False
GSE54571__HG-U133_Plus_2|ACC_BA25	GSM1319154	GSE92538__HG-U133A|PFC_DLPFC	GSM2431856	0.6109884185071507	3.113661425429068	0.5646176616768285	GSE54571	CTL	ACC_BA25	F				Fpair24_CTL	Control matched sample pair brain anterior cingulate cortex BA25_F #24	GSE92538	CTL	PFC_DLPFC	M	25.0	13.75	6.87	108632	DLPFC_Male_Control_UCDavis_108632	False	True
GSE54571__HG-U133_Plus_2|ACC_BA25	GSM1319161	GSE92538__HG-U133A|PFC_DLPFC	GSM2431854	0.5960391256340736	3.0366909026474724	0.4730888643759139	GSE54571	MDD	ACC_BA25	F				Fpair13_MDD	MDD matched sample pair brain anterior cingulate cortex BA25_F #13	GSE92538	CTL	PFC_DLPFC	M	50.0	16.5	6.27	108493	DLPFC_Male_Control_UCDavis_108493	False	False
GSE54571__HG-U133_Plus_2|ACC_BA25	GSM1319142	GSE92538__HG-U133_Plus_2|PFC_DLPFC	GSM2431799	0.5715635188948435	3.0345384543485086	0.5475237205110218	GSE54571	CTL	ACC_BA25	F				Fpair3_CTL	Control matched sample pair brain anterior cingulate cortex BA25_F #3	GSE92538	CTL	PFC_DLPFC	F	68.0	33.5	6.55	105725	DLPFC_Female_Control_p_UCDavis_105725	False	True
GSE54571__HG-U133_Plus_2|ACC_BA25	GSM1319154	GSE92538__HG-U133_Plus_2|PFC_DLPFC	GSM2431848	0.5713513955224581	3.0334092415757077	0.5483000640830408	GSE54571	CTL	ACC_BA25	F				Fpair24_CTL	Control matched sample pair brain anterior cingulate cortex BA25_F #24	GSE92538	CTL	PFC_DLPFC	M	60.0	36.0	6.59	108066	DLPFC_Male_Control_p_UCDavis_108066	False	True
GSE54572__HG-U133_Plus_2|ACC_BA25	GSM1319169	GSE54572__HG-U133_Plus_2|ACC_BA25	GSM1319188	0.5944685522042875	3.25549868828884	0.19203885150895492	GSE54572	CTL	ACC_BA25	M				Mpair4_CTL	Control matched sample pair brain anterior cingulate cortex BA25_M #4	GSE54572	MDD	ACC_BA25	M				Mpair25_MDD	MDD matched sample pair brain anterior cingulate cortex BA25_M #25	False	False
GSE54572__HG-U133_Plus_2|ACC_BA25	GSM1319174	GSE54572__HG-U133_Plus_2|ACC_BA25	GSM1319186	0.7745533843451106	4.172943153170044	0.37546332141159633	GSE54572	CTL	ACC_BA25	M				Mpair20_CTL	Control matched sample pair brain anterior cingulate cortex BA25_M #20	GSE54572	MDD	ACC_BA25	M				Mpair20_MDD	MDD matched sample pair brain anterior cingulate cortex BA25_M #20	False	False
GSE54572__HG-U133_Plus_2|ACC_BA25	GSM1319175	GSE54572__HG-U133_Plus_2|ACC_BA25	GSM1319187	0.7951624204468298	4.27793614937793	0.3917363064004721	GSE54572	CTL	ACC_BA25	M				Mpair22_CTL	Control matched sample pair brain anterior cingulate cortex BA25_M #22	GSE54572	MDD	ACC_BA25	M				Mpair22_MDD	MDD matched sample pair brain anterior cingulate cortex BA25_M #22	False	False
GSE54572__HG-U133_Plus_2|ACC_BA25	GSM1319169	GSE92538__HG-U133_Plus_2|PFC_DLPFC	GSM2431852	0.6688717330594152	3.40957753962998	0.565624551775318	GSE54572	CTL	ACC_BA25	M				Mpair4_CTL	Control matched sample pair brain anterior cingulate cortex BA25_M #4	GSE92538	CTL	PFC_DLPFC	M	64.0	24.5	6.55	108425	DLPFC_Male_Control_p_UCDavis_108425	False	True
GSE54572__HG-U133_Plus_2|ACC_BA25	GSM1319182	GSE92538__HG-U133_Plus_2|PFC_DLPFC	GSM2432083	0.6374599321498633	3.2492798281787048	0.5982420968900298	GSE54572	MDD	ACC_BA25	M				Mpair7_MDD	MDD matched sample pair brain anterior cingulate cortex BA25_M #7	GSE92538	CTL	PFC_DLPFC	M	32.0	10.0	7.04	109882	DLPFC_Male_Control_p_UMichigan_109882	False	False
GSE92538__HG-U133A|PFC_DLPFC	GSM2431718	GSE92538__HG-U133A|PFC_DLPFC	GSM2431902	0.9216970303677691	3.2591273152186906	0.9159721648968016	GSE92538	SCZ	PFC_DLPFC	M	39.0	7.5	6.83	101078	DLPFC_Male_Schizophrenia_UCDavis_101078	GSE92538	SCZ	PFC_DLPFC	M	39.0	7.5	6.83	101078	DLPFC_Male_Schizophrenia_UMichigan_101078	True	True
GSE92538__HG-U133A|PFC_DLPFC	GSM2431730	GSE92538__HG-U133A|PFC_DLPFC	GSM2431916	0.88992058471362	3.1476120883029655	0.8389963276442405	GSE92538	SCZ	PFC_DLPFC	F	59.0	13.25	6.38	101657	DLPFC_Female_Schizophrenia_UCDavis_101657	GSE92538	SCZ	PFC_DLPFC	F	59.0	13.25	6.38	101657	DLPFC_Female_Schizophrenia_UMichigan_101657	True	True
GSE92538__HG-U133A|PFC_DLPFC	GSM2431743	GSE92538__HG-U133A|PFC_DLPFC	GSM2431884	0.8796919050863665	3.111715892041868	0.8495011420479693	GSE92538	SCZ	PFC_DLPFC	M	44.0	24.0	7.21	102118	DLPFC_Male_Schizophrenia_UCDavis_102118	GSE92538	SCZ	PFC_DLPFC	M	44.0	24.0	7.21	102118	DLPFC_Male_Schizophrenia_UCIrvine_102118	True	True
GSE92538__HG-U133A|PFC_DLPFC	GSM2431749	GSE92538__HG-U133A|PFC_DLPFC	GSM2431934	0.8827640410009504	3.1224971460990236	0.5059042478616571	GSE92538	CTL	PFC_DLPFC	F	70.0	20.5	6.63	102420	DLPFC_Female_Control_UCDavis_102420	GSE92538	CTL	PFC_DLPFC	F	70.0	20.5	6.63	102420	DLPFC_Female_Control_UMichigan_102420	True	True
GSE92538__HG-U133A|PFC_DLPFC	GSM2431761	GSE92538__HG-U133A|PFC_DLPFC	GSM2431949	0.9334613442558927	3.3004126165082206	0.9269067404799938	GSE92538	SCZ	PFC_DLPFC	F	47.0	32.0	7.17	103037	DLPFC_Female_Schizophrenia_UCDavis_103037	GSE92538	SCZ	PFC_DLPFC	F	47.0	32.0	7.17	103037	DLPFC_Female_Schizophrenia_UMichigan_103037	True	True
GSE92538__HG-U133A|PFC_DLPFC	GSM2431771	GSE92538__HG-U133A|PFC_DLPFC	GSM2431838	0.9064216949270403	3.2055205488601546	0.7270935394991987	GSE92538	CTL	PFC_DLPFC	M	19.0	6.5	6.59	103984	DLPFC_Male_Control_UCDavis_103984	GSE92538	BD	PFC_DLPFC	M	23.0	9.0	7.12	107366	DLPFC_Male_BipolarDisorder_UCDavis_107366	False	False
GSE92538__HG-U133A|PFC_DLPFC	GSM2431815	GSE92538__HG-U133A|PFC_DLPFC	GSM2431893	0.8829545169421525	3.123165596184232	0.8794549202945052	GSE92538	SCZ	PFC_DLPFC	M	64.0	8.5	6.24	106495	DLPFC_Male_Schizophrenia_UCDavis_106495	GSE92538	SCZ	PFC_DLPFC	M	64.0	8.5	6.24	106495	DLPFC_Male_Schizophrenia_UCIrvine_106495	True	True
GSE92538__HG-U133A|PFC_DLPFC	GSM2431881	GSE92538__HG-U133A|PFC_DLPFC	GSM2431899	0.8695072920825743	3.075974341758744	0.841351251934663	GSE92538	CTL	PFC_DLPFC	F	57.0	16.5	6.61	109991	DLPFC_Female_Control_UCDavis_109991	GSE92538	CTL	PFC_DLPFC	F	57.0	16.5	6.61	109991	DLPFC_Female_Control_UCIrvine_109991	True	True
GSE92538__HG-U133A|PFC_DLPFC	GSM2431976	GSE92538__HG-U133A|PFC_DLPFC	GSM2432050	0.9473542592353739	3.349167961373402	0.9397606344542042	GSE92538	BD	PFC_DLPFC	F	56.0	29.0	6.83	104808	DLPFC_Female_BipolarDisorder_UMichigan_104808	GSE92538	CTL	PFC_DLPFC	M	25.0	13.75	6.87	108632	DLPFC_Male_Control_UMichigan_108632	False	False
GSE92538__HG-U133A|PFC_DLPFC	GSM2431718	GSE92538__HG-U133_Plus_2|PFC_DLPFC	GSM2431716	0.8631605985814713	3.8488169726199035	0.8459136242886157	GSE92538	SCZ	PFC_DLPFC	M	39.0	7.5	6.83	101078	DLPFC_Male_Schizophrenia_UCDavis_101078	GSE92538	SCZ	PFC_DLPFC	M	39.0	7.5	6.83	101078	DLPFC_Male_Schizophrenia_p_UCDavis_101078	True	True
GSE92538__HG-U133A|PFC_DLPFC	GSM2431743	GSE92538__HG-U133_Plus_2|PFC_DLPFC	GSM2431741	0.7762006137533843	3.461350774980784	0.7040171752809568	GSE92538	SCZ	PFC_DLPFC	M	44.0	24.0	7.21	102118	DLPFC_Male_Schizophrenia_UCDavis_102118	GSE92538	SCZ	PFC_DLPFC	M	44.0	24.0	7.21	102118	DLPFC_Male_Schizophrenia_p_UCDavis_102118	True	True
GSE92538__HG-U133A|PFC_DLPFC	GSM2431796	GSE92538__HG-U133_Plus_2|PFC_DLPFC	GSM2431770	0.6967080865469697	3.1071572074648253	0.6555410984878839	GSE92538	CTL	PFC_DLPFC	M	39.0	30.0	7.02	105669	DLPFC_Male_Control_UCDavis_105669	GSE92538	MDD	PFC_DLPFC	M	24.0	34.5	7.16	103625	DLPFC_Male_MajorDepressiveDisorder_p_UCDavis_103625	False	False
GSE92538__HG-U133A|PFC_DLPFC	GSM2431819	GSE92538__HG-U133_Plus_2|PFC_DLPFC	GSM2431818	0.8137490597500879	3.628654778383755	0.5378851496243954	GSE92538	CTL	PFC_DLPFC	M	48.0	21.0	6.62	106589	DLPFC_Male_Control_UCDavis_106589	GSE92538	CTL	PFC_DLPFC	M	48.0	21.0	6.62	106589	DLPFC_Male_Control_r_p_UCDavis_106589	True	True
GSE92538__HG-U133A|PFC_DLPFC	GSM2431882	GSE92538__HG-U133_Plus_2|PFC_DLPFC	GSM2431717	0.8662082525175048	3.86239635496052	0.8514087679341791	GSE92538	SCZ	PFC_DLPFC	M	39.0	7.5	6.83	101078	DLPFC_Male_Schizophrenia_UCIrvine_101078	GSE92538	SCZ	PFC_DLPFC	M	39.0	7.5	6.83	101078	DLPFC_Male_Schizophrenia_r_p_UCDavis_101078	True	True
GSE92538__HG-U133A|PFC_DLPFC	GSM2431976	GSE92538__HG-U133_Plus_2|PFC_DLPFC	GSM2431952	0.7017471985586378	3.129609897337053	0.5903535075450294	GSE92538	BD	PFC_DLPFC	F	56.0	29.0	6.83	104808	DLPFC_Female_BipolarDisorder_UMichigan_104808	GSE92538	CTL	PFC_DLPFC	M	63.0	25.0	6.88	103166	DLPFC_Male_Control_p_UMichigan_103166	False	False
GSE92538__HG-U133_Plus_2|PFC_DLPFC	GSM2431716	GSE92538__HG-U133_Plus_2|PFC_DLPFC	GSM2431717	0.9694421232823951	4.064907777417953	0.6247341987464212	GSE92538	SCZ	PFC_DLPFC	M	39.0	7.5	6.83	101078	DLPFC_Male_Schizophrenia_p_UCDavis_101078	GSE92538	SCZ	PFC_DLPFC	M	39.0	7.5	6.83	101078	DLPFC_Male_Schizophrenia_r_p_UCDavis_101078	True	True
GSE92538__HG-U133_Plus_2|PFC_DLPFC	GSM2431741	GSE92538__HG-U133_Plus_2|PFC_DLPFC	GSM2431742	0.9264305878808499	3.889734144436877	0.49892631574889446	GSE92538	SCZ	PFC_DLPFC	M	44.0	24.0	7.21	102118	DLPFC_Male_Schizophrenia_p_UCDavis_102118	GSE92538	SCZ	PFC_DLPFC	M	44.0	24.0	7.21	102118	DLPFC_Male_Schizophrenia_r_p_UCDavis_102118	True	True
GSE92538__HG-U133_Plus_2|PFC_DLPFC	GSM2431766	GSE92538__HG-U133_Plus_2|PFC_DLPFC	GSM2431767	0.8106991597643222	3.418393269855307	0.4916049943466539	GSE92538	SCZ	PFC_DLPFC	M	48.0	27.0	6.93	103311	DLPFC_Male_Schizophrenia_p_UCDavis_103311	GSE92538	SCZ	PFC_DLPFC	M	48.0	27.0	6.93	103311	DLPFC_Male_Schizophrenia_r_p_UCDavis_103311	True	True
GSE92538__HG-U133_Plus_2|PFC_DLPFC	GSM2431770	GSE92538__HG-U133_Plus_2|PFC_DLPFC	GSM2431866	0.7545255412180482	3.1896142517017148	0.6613741545807303	GSE92538	MDD	PFC_DLPFC	M	24.0	34.5	7.16	103625	DLPFC_Male_MajorDepressiveDisorder_p_UCDavis_103625	GSE92538	MDD	PFC_DLPFC	M	28.0	33.0	7.07	109248	DLPFC_Male_MajorDepressiveDisorder_p_UCDavis_109248	False	True
GSE92538__HG-U133_Plus_2|PFC_DLPFC	GSM2431774	GSE92538__HG-U133_Plus_2|PFC_DLPFC	GSM2431775	0.8633516297834476	3.6328316611512865	0.524201422718972	GSE92538	CTL	PFC_DLPFC	M	48.0	20.2	6.79	104126	DLPFC_Male_Control_p_UCDavis_104126	GSE92538	CTL	PFC_DLPFC	M	48.0	20.2	6.79	104126	DLPFC_Male_Control_r_p_UCDavis_104126	True	True
GSE92538__HG-U133_Plus_2|PFC_DLPFC	GSM2431778	GSE92538__HG-U133_Plus_2|PFC_DLPFC	GSM2431779	0.7967647640420478	3.3616424773230533	0.5050109442473529	GSE92538	SCZ	PFC_DLPFC	M	50.0	6.25	6.81	104259	DLPFC_Male_Schizophrenia_p_UCDavis_104259	GSE92538	SCZ	PFC_DLPFC	M	50.0	6.25	6.81	104259	DLPFC_Male_Schizophrenia_r_p_UCDavis_104259	True	True
GSE92538__HG-U133_Plus_2|PFC_DLPFC	GSM2431782	GSE92538__HG-U133_Plus_2|PFC_DLPFC	GSM2431843	0.7237565844073608	3.064301125879838	0.6676926523668286	GSE92538	MDD	PFC_DLPFC	M	19.0	30.5	7.06	104349	DLPFC_Male_MajorDepressiveDisorder_p_UCDavis_104349	GSE92538	MDD	PFC_DLPFC	F	53.0	19.5	7.16	107845	DLPFC_Female_MajorDepressiveDisorder_p_UCDavis_107845	False	True
GSE92538__HG-U133_Plus_2|PFC_DLPFC	GSM2431802	GSE92538__HG-U133_Plus_2|PFC_DLPFC	GSM2431995	0.7590617208741044	3.2080888088824304	0.49897577133249366	GSE92538	MDD	PFC_DLPFC	M	56.0	13.0	6.9	105947	DLPFC_Male_MajorDepressiveDisorder_p_UCDavis_105947	GSE92538	MDD	PFC_DLPFC	M	56.0	13.0	6.9	105947	DLPFC_Male_MajorDepressiveDisorder_p_UMichigan_105947	True	True
GSE92538__HG-U133_Plus_2|PFC_DLPFC	GSM2431823	GSE92538__HG-U133_Plus_2|PFC_DLPFC	GSM2432014	0.7206805713767641	3.051773408079571	0.5023583491338051	GSE92538	SCZ	PFC_DLPFC	M	63.0	33.0	7.02	106725	DLPFC_Male_Schizophrenia_p_UCDavis_106725	GSE92538	SCZ	PFC_DLPFC	M	63.0	33.0	7.02	106725	DLPFC_Male_Schizophrenia_p_UMichigan_106725	True	True
GSE92538__HG-U133_Plus_2|PFC_DLPFC	GSM2431858	GSE92538__HG-U133_Plus_2|PFC_DLPFC	GSM2432052	0.7894357020055874	3.3317933121796877	0.6389309523840184	GSE92538	MDD	PFC_DLPFC	F	46.0	9.5	7.39	108700	DLPFC_Female_MajorDepressiveDisorder_p_UCDavis_108700	GSE92538	MDD	PFC_DLPFC	F	46.0	9.5	7.39	108700	DLPFC_Female_MajorDepressiveDisorder_p_UMichigan_108700	True	True
GSE92538__HG-U133_Plus_2|PFC_DLPFC	GSM2431877	GSE92538__HG-U133_Plus_2|PFC_DLPFC	GSM2432083	0.8114859543481131	3.421597658267992	0.5141909203503262	GSE92538	CTL	PFC_DLPFC	M	32.0	10.0	7.04	109882	DLPFC_Male_Control_p_UCDavis_109882	GSE92538	CTL	PFC_DLPFC	M	32.0	10.0	7.04	109882	DLPFC_Male_Control_p_UMichigan_109882	True	True
GSE92538__HG-U133_Plus_2|PFC_DLPFC	GSM2431901	GSE92538__HG-U133_Plus_2|PFC_DLPFC	GSM2432010	0.8509953690599572	3.5825081593095587	0.8196993921556028	GSE92538	SCZ	PFC_DLPFC	F	53.0	34.0	6.78	101057	DLPFC_Female_Schizophrenia_p_UMichigan_101057	GSE92538	SCZ	PFC_DLPFC	M	36.0	44.25	7.12	106564	DLPFC_Male_Schizophrenia_p_UMichigan_106564	False	True
GSE92538__HG-U133_Plus_2|PFC_DLPFC	GSM2431911	GSE92538__HG-U133_Plus_2|PFC_DLPFC	GSM2432039	0.8618204661785257	3.626595671460183	0.8458521545413639	GSE92538	SCZ	PFC_DLPFC	M	45.0	20.0	7.05	101421	DLPFC_Male_Schizophrenia_p_UMichigan_101421	GSE92538	CTL	PFC_DLPFC	M	56.0	27.5	6.85	108017	DLPFC_Male_Control_p_UMichigan_108017	False	False
GSE92538__HG-U133_Plus_2|PFC_DLPFC	GSM2431915	GSE92538__HG-U133_Plus_2|PFC_DLPFC	GSM2431931	0.8220384152123551	3.464574801241909	0.8076300863067614	GSE92538	SCZ	PFC_DLPFC	F	32.0	29.0	6.55	101618	DLPFC_Female_Schizophrenia_p_UMichigan_101618	GSE92538	SCZ	PFC_DLPFC	M	59.0	35.75	6.42	102317	DLPFC_Male_Schizophrenia_p_UMichigan_102317	False	True
GSE92538__HG-U133_Plus_2|PFC_DLPFC	GSM2431930	GSE92538__HG-U133_Plus_2|PFC_DLPFC	GSM2431952	0.8747616409402296	3.679301360222208	0.8510714311645105	GSE92538	SCZ	PFC_DLPFC	M	42.0	8.5	7.04	102218	DLPFC_Male_Schizophrenia_p_UMichigan_102218	GSE92538	CTL	PFC_DLPFC	M	63.0	25.0	6.88	103166	DLPFC_Male_Control_p_UMichigan_103166	False	False
