unit_a	gsm_a	unit_b	gsm_b	r	z	r_second	gse_a	dx_a	region_a	sex_reported_a	age_a	pmi_a	ph_a	donor_local_a	title_a	gse_b	dx_b	region_b	sex_reported_b	age_b	pmi_b	ph_b	donor_local_b	title_b	same_metadata_donor	dx_agree
GSE12649__HG-U133A|PFC_BA46	GSM317392	GSE12649__HG-U133A|PFC_BA46	GSM317473	0.4071448960345428	3.3223780605928415	0.369963688356438	GSE12649	SCZ	PFC_BA46					9	schizophrenia, BA46-9	GSE12649	SCZ	PFC_BA46					92	schizophrenia, BA46-92	False	True
GSE12649__HG-U133A|PFC_BA46	GSM317393	GSE12649__HG-U133A|PFC_BA46	GSM317454	0.41317031482534766	3.3702852666944962	0.3409150729872688	GSE12649	SCZ	PFC_BA46					10	schizophrenia, BA46-10	GSE12649	BD	PFC_BA46					72	bipolar disorder, BA46-72	False	False
GSE12649__HG-U133A|PFC_BA46	GSM317397	GSE12649__HG-U133A|PFC_BA46	GSM317416	0.4234398747110786	3.4519370056192322	0.34473427439157134	GSE12649	BD	PFC_BA46					14	bipolar disorder, BA46-14	GSE12649	CTL	PFC_BA46					33	control, BA46-33	False	False
GSE12649__HG-U133A|PFC_BA46	GSM317403	GSE12649__HG-U133A|PFC_BA46	GSM317404	0.5509355568191553	4.465636157808252	0.2823181832465003	GSE12649	BD	PFC_BA46					20	bipolar disorder, BA46-20	GSE12649	BD	PFC_BA46					21	bipolar disorder, BA46-21	False	True
GSE12649__HG-U133A|PFC_BA46	GSM317411	GSE12649__HG-U133A|PFC_BA46	GSM317437	0.5272717525376761	4.277488779472976	0.33014930355594113	GSE12649	BD	PFC_BA46					28	bipolar disorder, BA46-28	GSE12649	SCZ	PFC_BA46					55	schizophrenia, BA46-55	False	False
GSE12649__HG-U133A|PFC_BA46	GSM317419	GSE12649__HG-U133A|PFC_BA46	GSM317467	0.5117816011832697	4.154328896443128	0.4864117278553402	GSE12649	BD	PFC_BA46					36	bipolar disorder, BA46-36	GSE12649	SCZ	PFC_BA46					85	schizophrenia, BA46-85	False	False
GSE12649__HG-U133A|PFC_BA46	GSM317468	GSE12649__HG-U133A|PFC_BA46	GSM317477	0.3951090280500784	3.2266826694236874	0.37810223797871684	GSE12649	CTL	PFC_BA46					86	control, BA46-86	GSE12649	CTL	PFC_BA46					96	control, BA46-96	False	True
GSE12649__HG-U133A|PFC_BA46	GSM317390	GSE17612__HG-U133_Plus_2|PFC_BA10	GSM439809	0.4264061201686032	3.7114871405314247	0.3587305164561722	GSE12649	SCZ	PFC_BA46					7	schizophrenia, BA46-7	GSE17612	SCZ	PFC_BA10	M	63.0	30.0	6.5	S012	S012_Scz_M_63	False	True
GSE12649__HG-U133A|PFC_BA46	GSM317393	GSE17612__HG-U133_Plus_2|PFC_BA10	GSM439784	0.38039318446207454	3.312403217208649	0.3302358454895013	GSE12649	SCZ	PFC_BA46					10	schizophrenia, BA46-10	GSE17612	SCZ	PFC_BA10	M	41.0	8.0	6.3	S025	S025_Scz_M_41	False	True
GSE12649__HG-U133A|PFC_BA46	GSM317406	GSE17612__HG-U133_Plus_2|PFC_BA10	GSM439822	0.3510868878194475	3.0582209603581862	0.2693452152276578	GSE12649	BD	PFC_BA46					23	bipolar disorder, BA46-23	GSE17612	CTL	PFC_BA10	M	25.0	12.0	6.6	C020	C020_Control_M_25	False	False
GSE12649__HG-U133A|PFC_BA46	GSM317419	GSE17612__HG-U133_Plus_2|PFC_BA10	GSM439797	0.49786083412467963	4.331235199368096	0.3809902895134548	GSE12649	BD	PFC_BA46					36	bipolar disorder, BA46-36	GSE17612	CTL	PFC_BA10	M	91.0	9.5	6.3	C015	C015_Control_M_91	False	False
GSE12649__HG-U133A|PFC_BA46	GSM317432	GSE17612__HG-U133_Plus_2|PFC_BA10	GSM439799	0.4318128561829873	3.7583813755516173	0.33837163984711144	GSE12649	CTL	PFC_BA46					49	control, BA46-49	GSE17612	CTL	PFC_BA10	M	58.0	15.0	6.5	C026	C026_Control_M_58	False	True
GSE12649__HG-U133A|PFC_BA46	GSM317433	GSE17612__HG-U133_Plus_2|PFC_BA10	GSM439780	0.3729994116230224	3.248274818803771	0.19963754534668102	GSE12649	BD	PFC_BA46					50	bipolar disorder, BA46-50	GSE17612	CTL	PFC_BA10	F	89.0	5.0	6.5	C011	C011_Control_F_89	False	False
GSE12649__HG-U133A|PFC_BA46	GSM317437	GSE17612__HG-U133_Plus_2|PFC_BA10	GSM439788	0.48646129881586087	4.2323636275971515	0.39210759370226844	GSE12649	SCZ	PFC_BA46					55	schizophrenia, BA46-55	GSE17612	CTL	PFC_BA10		91.0	4.5	6.3	C014	C014_Control_M91	False	False
GSE12649__HG-U133A|PFC_BA46	GSM317466	GSE17612__HG-U133_Plus_2|PFC_BA10	GSM439804	0.3686945807496714	3.2109377359204854	0.26386023360747507	GSE12649	CTL	PFC_BA46					84	control, BA46-84	GSE17612	CTL	PFC_BA10	M	25.0	17.0	6.9	C021	C021_Control_M_25	False	True
GSE12649__HG-U133A|PFC_BA46	GSM317468	GSE17612__HG-U133_Plus_2|PFC_BA10	GSM439781	0.4305494608993482	3.747423571213333	0.3391555236713713	GSE12649	CTL	PFC_BA46					86	control, BA46-86	GSE17612	SCZ	PFC_BA10	F	85.0	3.5	5.9	S017	S017_Scz_F_85	False	False
GSE12649__HG-U133A|PFC_BA46	GSM317478	GSE17612__HG-U133_Plus_2|PFC_BA10	GSM439782	0.3990978746033831	3.4746345769667073	0.3071071884100627	GSE12649	SCZ	PFC_BA46					97	schizophrenia, BA46-97	GSE17612	CTL	PFC_BA10	M	61.0	16.5	6.2	C013	C013_Control_M_61	False	False
GSE12649__HG-U133A|PFC_BA46	GSM317392	GSE21138__HG-U133_Plus_2|PFC_BA46	GSM528842	0.36929587420161764	3.3869473356566298	0.3228472133112097	GSE12649	SCZ	PFC_BA46					9	schizophrenia, BA46-9	GSE21138	CTL	PFC_BA46	M	36.0	42.0	6.46	Control-13	Control-13	False	False
GSE12649__HG-U133A|PFC_BA46	GSM317416	GSE21138__HG-U133_Plus_2|PFC_BA46	GSM528871	0.5366756702064321	4.924206686664538	0.2889484767218243	GSE12649	CTL	PFC_BA46					33	control, BA46-33	GSE21138	SCZ	PFC_BA46	F	26.0	41.0	6.11	Scz-12	Scz-12	False	False
GSE12649__HG-U133A|PFC_BA46	GSM317430	GSE21138__HG-U133_Plus_2|PFC_BA46	GSM528863	0.3712336738706223	3.404744589164286	0.29746371491661366	GSE12649	SCZ	PFC_BA46					47	schizophrenia, BA46-47	GSE21138	SCZ	PFC_BA46	M	22.0	37.0	6.17	Scz-4	Scz-4	False	True
GSE12649__HG-U133A|PFC_BA46	GSM317435	GSE21138__HG-U133_Plus_2|PFC_BA46	GSM528839	0.35760179746168247	3.27954590938561	0.33480259396995954	GSE12649	CTL	PFC_BA46					53	control, BA46-53	GSE21138	CTL	PFC_BA46	M	38.0	44.0	6.19	Control-10	Control-10	False	True
GSE12649__HG-U133A|PFC_BA46	GSM317440	GSE21138__HG-U133_Plus_2|PFC_BA46	GSM528887	0.38806385486608147	3.5593173257308965	0.2878974711019225	GSE12649	BD	PFC_BA46					58	bipolar disorder, BA46-58	GSE21138	SCZ	PFC_BA46	M	71.0	48.0	6.45	Scz-28	Scz-28	False	False
GSE12649__HG-U133A|PFC_BA46	GSM317459	GSE21138__HG-U133_Plus_2|PFC_BA46	GSM528879	0.35343217822155276	3.241251047520397	0.3253731950681583	GSE12649	CTL	PFC_BA46					77	control, BA46-77	GSE21138	SCZ	PFC_BA46	M	35.0	47.0	6.27	Scz-20	Scz-20	False	False
GSE12649__HG-U133A|PFC_BA46	GSM317467	GSE21138__HG-U133_Plus_2|PFC_BA46	GSM528846	0.5740691862542393	5.267638412497819	0.38699663229437614	GSE12649	SCZ	PFC_BA46					85	schizophrenia, BA46-85	GSE21138	CTL	PFC_BA46	M	42.0	63.0	6.34	Control-17	Control-17	False	False
GSE12649__HG-U133A|PFC_BA46	GSM317478	GSE21138__HG-U133_Plus_2|PFC_BA46	GSM528868	0.44151485612340186	4.050225150120811	0.3180259075018655	GSE12649	SCZ	PFC_BA46					97	schizophrenia, BA46-97	GSE21138	SCZ	PFC_BA46	M	53.0	25.0	6.23	Scz-9	Scz-9	False	True
GSE12649__HG-U133A|PFC_BA46	GSM317385	GSE35978__HuGene-1_0-st-v1|CB	GSM878214	0.3524381411715314	4.081256328213143	0.2256964767399922	GSE12649	BD	PFC_BA46					1	bipolar disorder, BA46-1	GSE35978	BD	CB	M	30.0	48.0	6.39	k0	CC1_100909	False	True
GSE12649__HG-U133A|PFC_BA46	GSM317388	GSE35978__HuGene-1_0-st-v1|CB	GSM878248	0.30935707391519374	3.5845991207246257	0.2808215565322622	GSE12649	BD	PFC_BA46					4	bipolar disorder, BA46-4	GSE35978	BD	CB	M	45.0	28.0	6.35	k32	CC35_111809	False	True
GSE12649__HG-U133A|PFC_BA46	GSM317389	GSE35978__HuGene-1_0-st-v1|CB	GSM878267	0.3578964519798231	4.1441820999337065	0.19202675022704507	GSE12649	BD	PFC_BA46					6	bipolar disorder, BA46-6	GSE35978	BD	CB	F	30.0	62.0	6.74	k50	CC54_100909	False	True
GSE12649__HG-U133A|PFC_BA46	GSM317390	GSE35978__HuGene-1_0-st-v1|CB	GSM878279	0.38538883196238477	4.461126166990067	0.2552603206998776	GSE12649	SCZ	PFC_BA46					7	schizophrenia, BA46-7	GSE35978	SCZ	CB	M	30.0	33.0	6.2	k61	CC66_110409	False	True
GSE12649__HG-U133A|PFC_BA46	GSM317392	GSE35978__HuGene-1_0-st-v1|CB	GSM878313	0.3780763680795702	4.376824915345354	0.303925847488581	GSE12649	SCZ	PFC_BA46					9	schizophrenia, BA46-9	GSE35978	CTL	CB	F	35.0	23.0	6.6	k95	CC100_102109	False	False
GSE12649__HG-U133A|PFC_BA46	GSM317393	GSE35978__HuGene-1_0-st-v1|CB	GSM878215	0.3963174809429101	4.587116367093373	0.3287321801762061	GSE12649	SCZ	PFC_BA46					10	schizophrenia, BA46-10	GSE35978	SCZ	CB	M	40.0	34.0	6.18	k1	CC2_100909	False	True
GSE12649__HG-U133A|PFC_BA46	GSM317395	GSE35978__HuGene-1_0-st-v1|CB	GSM878224	0.3742251004943312	4.33242583412495	0.19503076010506737	GSE12649	SCZ	PFC_BA46					12	schizophrenia, BA46-12	GSE35978	SCZ	CB	M	20.0	28.0	6.73	k8	CC11_102109	False	True
GSE12649__HG-U133A|PFC_BA46	GSM317398	GSE35978__HuGene-1_0-st-v1|CB	GSM878226	0.29789134468820583	3.4524172268589957	0.2276723342462238	GSE12649	CTL	PFC_BA46					15	control, BA46-15	GSE35978	CTL	CB	F	45.0	28.0	6.59	k10	CC13_100909	False	True
GSE12649__HG-U133A|PFC_BA46	GSM317399	GSE35978__HuGene-1_0-st-v1|CB	GSM878227	0.284661594748854	3.299898937988535	0.19107353022147328	GSE12649	BD	PFC_BA46					16	bipolar disorder, BA46-16	GSE35978	BD	CB	M	40.0	32.0	6.65	k11	CC14_102109	False	True
GSE12649__HG-U133A|PFC_BA46	GSM317400	GSE35978__HuGene-1_0-st-v1|CB	GSM878228	0.2598721744892987	3.014115761631436	0.20318532910192819	GSE12649	SCZ	PFC_BA46					17	schizophrenia, BA46-17	GSE35978	SCZ	CB	F	55.0	13.0	6.49	k12	CC15_102109	False	True
GSE12649__HG-U133A|PFC_BA46	GSM317401	GSE35978__HuGene-1_0-st-v1|CB	GSM878229	0.32503364652373895	3.765325441370864	0.2737387971666945	GSE12649	BD	PFC_BA46					18	bipolar disorder, BA46-18	GSE35978	BD	CB	M	35.0	35.0	6.3	k13	CC16_102109	False	True
GSE12649__HG-U133A|PFC_BA46	GSM317403	GSE35978__HuGene-1_0-st-v1|CB	GSM878315	0.2970091922967558	3.442247391912476	0.26248236843731465	GSE12649	BD	PFC_BA46					20	bipolar disorder, BA46-20	GSE35978	MDD	CB	F	30.0	33.0	6.0	k97	CC102_103009	False	False
GSE12649__HG-U133A|PFC_BA46	GSM317404	GSE35978__HuGene-1_0-st-v1|CB	GSM878233	0.2894102085594589	3.3546430152553186	0.2799954407022859	GSE12649	BD	PFC_BA46					21	bipolar disorder, BA46-21	GSE35978	BD	CB	M	55.0	44.0	6.5	k17	CC20_102309	False	True
GSE12649__HG-U133A|PFC_BA46	GSM317405	GSE35978__HuGene-1_0-st-v1|CB	GSM878234	0.3439282148603292	3.983150210913252	0.22936321402887858	GSE12649	SCZ	PFC_BA46					22	schizophrenia, BA46-22	GSE35978	SCZ	CB	M	35.0	30.0	6.8	k18	CC21_102309	False	True
GSE12649__HG-U133A|PFC_BA46	GSM317406	GSE35978__HuGene-1_0-st-v1|CB	GSM878235	0.39142595914311556	4.530724784614696	0.3077940083985382	GSE12649	BD	PFC_BA46					23	bipolar disorder, BA46-23	GSE35978	BD	CB	F	35.0	17.0	6.1	k19	CC22_103009	False	True
GSE12649__HG-U133A|PFC_BA46	GSM317408	GSE35978__HuGene-1_0-st-v1|CB	GSM878237	0.3039968499126507	3.5228041361952136	0.20446278253619535	GSE12649	SCZ	PFC_BA46					25	schizophrenia, BA46-25	GSE35978	SCZ	CB	M	50.0	10.0	6.1	k21	CC24_102309	False	True
GSE12649__HG-U133A|PFC_BA46	GSM317412	GSE35978__HuGene-1_0-st-v1|CB	GSM878240	0.30209811448195917	3.500914691554586	0.16463838401883862	GSE12649	CTL	PFC_BA46					29	control, BA46-29	GSE35978	CTL	CB	M	50.0	31.0	6.7	k24	CC27_102109	False	True
GSE12649__HG-U133A|PFC_BA46	GSM317413	GSE35978__HuGene-1_0-st-v1|CB	GSM878242	0.26734002560008835	3.1002083845591835	0.20909510577909704	GSE12649	CTL	PFC_BA46					30	control, BA46-30	GSE35978	CTL	CB	M	55.0	28.0	6.0	k26	CC29_102109	False	True
GSE12649__HG-U133A|PFC_BA46	GSM317416	GSE35978__HuGene-1_0-st-v1|CB	GSM878294	0.49172479334917824	5.687013198147643	0.4082387122730348	GSE12649	CTL	PFC_BA46					33	control, BA46-33	GSE35978	CTL	CB	M	45.0	11.0	6.6	k76	CC81_111109	False	True
GSE12649__HG-U133A|PFC_BA46	GSM317417	GSE35978__HuGene-1_0-st-v1|CB	GSM878244	0.2639599227066345	3.0612410940299615	0.21371670971858703	GSE12649	BD	PFC_BA46					34	bipolar disorder, BA46-34	GSE35978	BD	CB	F	60.0	35.0	6.5	k28	CC31_103009	False	True
GSE12649__HG-U133A|PFC_BA46	GSM317420	GSE35978__HuGene-1_0-st-v1|CB	GSM878246	0.4746468579224201	5.4901313598158605	0.25161808471321234	GSE12649	SCZ	PFC_BA46					37	schizophrenia, BA46-37	GSE35978	SCZ	CB	M	40.0	80.0	6.6	k30	CC33_103009	False	True
GSE12649__HG-U133A|PFC_BA46	GSM317422	GSE35978__HuGene-1_0-st-v1|CB	GSM878247	0.3181061744288113	3.6854625418482145	0.17565336242659413	GSE12649	SCZ	PFC_BA46					39	schizophrenia, BA46-39	GSE35978	SCZ	CB	M	35.0	29.0	6.5	k31	CC34_103009	False	True
GSE12649__HG-U133A|PFC_BA46	GSM317423	GSE35978__HuGene-1_0-st-v1|CB	GSM878249	0.3230020633376809	3.7419044702522855	0.1722143647799657	GSE12649	SCZ	PFC_BA46					40	schizophrenia, BA46-40	GSE35978	SCZ	CB	M	50.0	9.0	6.2	k33	CC36_111809	False	True
GSE12649__HG-U133A|PFC_BA46	GSM317428	GSE35978__HuGene-1_0-st-v1|CB	GSM878254	0.3906043111253749	4.521252470300814	0.25744547588014355	GSE12649	SCZ	PFC_BA46					45	schizophrenia, BA46-45	GSE35978	SCZ	CB	M	35.0	47.0	6.4	k38	CC41_111109	False	True
GSE12649__HG-U133A|PFC_BA46	GSM317430	GSE35978__HuGene-1_0-st-v1|CB	GSM878256	0.40585948451011705	4.697120718130829	0.2787657206360939	GSE12649	SCZ	PFC_BA46					47	schizophrenia, BA46-47	GSE35978	SCZ	CB	M	45.0	32.0	6.67	k40	CC43_111109	False	True
GSE12649__HG-U133A|PFC_BA46	GSM317432	GSE35978__HuGene-1_0-st-v1|CB	GSM878257	0.7367882048231457	8.512210375275721	0.26796484466175197	GSE12649	CTL	PFC_BA46					49	control, BA46-49	GSE35978	CTL	CB	M	35.0	22.0	6.48	k41	CC44_102309	False	True
GSE12649__HG-U133A|PFC_BA46	GSM317435	GSE35978__HuGene-1_0-st-v1|CB	GSM878260	0.3762793607625686	4.3561082364713615	0.33189763227340224	GSE12649	CTL	PFC_BA46					53	control, BA46-53	GSE35978	CTL	CB	F	35.0	24.0	6.87	k44	CC47_103009	False	True
GSE12649__HG-U133A|PFC_BA46	GSM317437	GSE35978__HuGene-1_0-st-v1|CB	GSM878262	0.44064085511106316	5.098095426870151	0.30035362517173664	GSE12649	SCZ	PFC_BA46					55	schizophrenia, BA46-55	GSE35978	SCZ	CB	M	45.0	13.0	6.3	k46	CC49_111109	False	True
GSE12649__HG-U133A|PFC_BA46	GSM317443	GSE35978__HuGene-1_0-st-v1|CB	GSM878343	0.3156790771300186	3.6574819126881053	0.2689589014125244	GSE12649	BD	PFC_BA46					61	bipolar disorder, BA46-61	GSE35978	MDD	CB	F	45.0	32.0	6.2	k118	CC130_111109	False	False
GSE12649__HG-U133A|PFC_BA46	GSM317444	GSE35978__HuGene-1_0-st-v1|CB	GSM878270	0.36350947576274945	4.208891469852687	0.25090077425961477	GSE12649	BD	PFC_BA46					62	bipolar disorder, BA46-62	GSE35978	BD	CB	F	55.0	26.0	6.58	k53	CC57_111109	False	True
GSE12649__HG-U133A|PFC_BA46	GSM317445	GSE35978__HuGene-1_0-st-v1|CB	GSM878271	0.2698354937605262	3.1289772226328787	0.19107974523213156	GSE12649	BD	PFC_BA46					63	bipolar disorder, BA46-63	GSE35978	BD	CB	F	45.0	39.0	6.74	k54	CC58_111109	False	True
GSE12649__HG-U133A|PFC_BA46	GSM317452	GSE35978__HuGene-1_0-st-v1|CB	GSM878280	0.28754111811760746	3.333095330889239	0.24876225751823652	GSE12649	CTL	PFC_BA46					70	control, BA46-70	GSE35978	CTL	CB	M	55.0	31.0	6.7	k62	CC67_111109	False	True
GSE12649__HG-U133A|PFC_BA46	GSM317453	GSE35978__HuGene-1_0-st-v1|CB	GSM878281	0.33268540545454206	3.853538233322738	0.3139917334868529	GSE12649	CTL	PFC_BA46					71	control, BA46-71	GSE35978	CTL	CB	F	50.0	45.0	6.72	k63	CC68_111109	False	True
GSE12649__HG-U133A|PFC_BA46	GSM317454	GSE35978__HuGene-1_0-st-v1|CB	GSM878282	0.3643741060601865	4.218859302508268	0.3264900412549577	GSE12649	BD	PFC_BA46					72	bipolar disorder, BA46-72	GSE35978	BD	CB	F	50.0	38.0	6.39	k64	CC69_111809	False	True
GSE12649__HG-U133A|PFC_BA46	GSM317455	GSE35978__HuGene-1_0-st-v1|CB	GSM878283	0.45290239956526146	5.239451823448802	0.20117900316274928	GSE12649	SCZ	PFC_BA46					73	schizophrenia, BA46-73	GSE35978	SCZ	CB	M	55.0	38.0	6.17	k65	CC70_111109	False	True
GSE12649__HG-U133A|PFC_BA46	GSM317458	GSE35978__HuGene-1_0-st-v1|CB	GSM878238	0.3004822948620228	3.482286822948924	0.19687485213156392	GSE12649	BD	PFC_BA46					76	bipolar disorder, BA46-76	GSE35978	SCZ	CB	M	25.0	15.0	6.2	k22	CC25_102309	False	False
GSE12649__HG-U133A|PFC_BA46	GSM317459	GSE35978__HuGene-1_0-st-v1|CB	GSM878286	0.539158457951368	6.233849033529711	0.37471499902586	GSE12649	CTL	PFC_BA46					77	control, BA46-77	GSE35978	CTL	CB	F	35.0	29.0	6.52	k68	CC73_111109	False	True
GSE12649__HG-U133A|PFC_BA46	GSM317462	GSE35978__HuGene-1_0-st-v1|CB	GSM878290	0.31275778576672836	3.6238040002510914	0.22495054160980965	GSE12649	CTL	PFC_BA46					80	control, BA46-80	GSE35978	CTL	CB	M	50.0	49.0	6.75	k72	CC77_100909	False	True
GSE12649__HG-U133A|PFC_BA46	GSM317469	GSE35978__HuGene-1_0-st-v1|CB	GSM878296	0.30247061687286814	3.5052090604974637	0.21966322790127293	GSE12649	SCZ	PFC_BA46					87	schizophrenia, BA46-87	GSE35978	SCZ	CB	M	40.0	54.0	6.18	k78	CC83_111809	False	True
GSE12649__HG-U133A|PFC_BA46	GSM317470	GSE35978__HuGene-1_0-st-v1|CB	GSM878301	0.31420822006566584	3.640525235225833	0.2537542291446591	GSE12649	SCZ	PFC_BA46					88	schizophrenia, BA46-88	GSE35978	CTL	CB	M	50.0	22.0	6.71	k83	CC88_111109	False	False
GSE12649__HG-U133A|PFC_BA46	GSM317473	GSE35978__HuGene-1_0-st-v1|CB	GSM878302	0.37683456689821243	4.362508893336908	0.30499910221023896	GSE12649	SCZ	PFC_BA46					92	schizophrenia, BA46-92	GSE35978	SCZ	CB	M	40.0	26.0	6.19	k84	CC89_103009	False	True
GSE12649__HG-U133A|PFC_BA46	GSM317474	GSE35978__HuGene-1_0-st-v1|CB	GSM878303	0.3725689692340432	4.313333235464965	0.15060333140506563	GSE12649	SCZ	PFC_BA46					93	schizophrenia, BA46-93	GSE35978	SCZ	CB	F	45.0	35.0	6.5	k85	CC90_103009	False	True
GSE12649__HG-U133A|PFC_BA46	GSM317478	GSE35978__HuGene-1_0-st-v1|CB	GSM878330	0.30556035712290397	3.5408289246785656	0.3046402661498812	GSE12649	SCZ	PFC_BA46					97	schizophrenia, BA46-97	GSE35978	CTL	CB	F	55.0	26.0	6.0	k110	CC117_100909	False	False
GSE12649__HG-U133A|PFC_BA46	GSM317480	GSE35978__HuGene-1_0-st-v1|CB	GSM878307	0.338735652277374	3.9232880998653763	0.1838308747461754	GSE12649	CTL	PFC_BA46					99	control, BA46-99	GSE35978	CTL	CB	F	40.0	58.0	6.46	k89	CC94_111809	False	True
GSE12649__HG-U133A|PFC_BA46	GSM317482	GSE35978__HuGene-1_0-st-v1|CB	GSM878219	0.44999367998137996	5.205918843931327	0.35392649086875144	GSE12649	SCZ	PFC_BA46					101	schizophrenia, BA46-101	GSE35978	SCZ	CB	M	50.0	16.0	6.52	k3	CC5_102309	False	True
GSE12649__HG-U133A|PFC_BA46	GSM317485	GSE35978__HuGene-1_0-st-v1|CB	GSM878222	0.3635566184202484	4.209434950832108	0.24505936369672912	GSE12649	BD	PFC_BA46					104	bipolar disorder, BA46-104	GSE35978	BD	CB	M	20.0	12.0	5.978	k6	CC9_100909	False	True
GSE12649__HG-U133A|PFC_BA46	GSM317386	GSE35978__HuGene-1_0-st-v1|PARIETAL	GSM878380	0.4324128127348488	4.113687539343004	0.22677211535784686	GSE12649	BD	PFC_BA46					2	bipolar disorder, BA46-2	GSE35978	BD	PARIETAL	M	30.0	60.0	6.7	k15	CC149_40910	False	True
GSE12649__HG-U133A|PFC_BA46	GSM317387	GSE35978__HuGene-1_0-st-v1|PARIETAL	GSM878378	0.4629863247269791	4.403376218861862	0.25887352001644426	GSE12649	SCZ	PFC_BA46					3	schizophrenia, BA46-3	GSE35978	SCZ	PARIETAL	M	45.0	26.0	6.42	k25	CC147_40910	False	True
GSE12649__HG-U133A|PFC_BA46	GSM317388	GSE35978__HuGene-1_0-st-v1|PARIETAL	GSM878377	0.4968403892666215	4.724148633079751	0.3938750433360966	GSE12649	BD	PFC_BA46					4	bipolar disorder, BA46-4	GSE35978	BD	PARIETAL	M	45.0	28.0	6.35	k32	CC146_40910	False	True
GSE12649__HG-U133A|PFC_BA46	GSM317389	GSE35978__HuGene-1_0-st-v1|PARIETAL	GSM878474	0.4571844864003003	4.34840291765688	0.19462529961996886	GSE12649	BD	PFC_BA46					6	bipolar disorder, BA46-6	GSE35978	BD	PARIETAL	F	30.0	62.0	6.74	k50	CC243_40910	False	True
GSE12649__HG-U133A|PFC_BA46	GSM317390	GSE35978__HuGene-1_0-st-v1|PARIETAL	GSM878473	0.6408895655885136	6.0890365035085505	0.33483652598792335	GSE12649	SCZ	PFC_BA46					7	schizophrenia, BA46-7	GSE35978	SCZ	PARIETAL	M	30.0	33.0	6.2	k61	CC242_40910	False	True
GSE12649__HG-U133A|PFC_BA46	GSM317391	GSE35978__HuGene-1_0-st-v1|PARIETAL	GSM878471	0.42042302683184835	4.0000824930255225	0.20882655875636774	GSE12649	BD	PFC_BA46					8	bipolar disorder, BA46-8	GSE35978	BD	PARIETAL	M	45.0	19.0	6.74	k71	CC240_40910	False	True
GSE12649__HG-U133A|PFC_BA46	GSM317392	GSE35978__HuGene-1_0-st-v1|PARIETAL	GSM878468	0.4929235038674467	4.687035547759173	0.35330761350629486	GSE12649	SCZ	PFC_BA46					9	schizophrenia, BA46-9	GSE35978	SCZ	PARIETAL	F	45.0	52.0	6.51	k81	CC237_40910	False	True
GSE12649__HG-U133A|PFC_BA46	GSM317393	GSE35978__HuGene-1_0-st-v1|PARIETAL	GSM878467	0.5386482298676404	5.120284286071188	0.3265619656474793	GSE12649	SCZ	PFC_BA46					10	schizophrenia, BA46-10	GSE35978	SCZ	PARIETAL	M	40.0	34.0	6.18	k1	CC236_40910	False	True
GSE12649__HG-U133A|PFC_BA46	GSM317394	GSE35978__HuGene-1_0-st-v1|PARIETAL	GSM878464	0.3863759785953272	3.6774815289069274	0.1912055001878258	GSE12649	SCZ	PFC_BA46					11	schizophrenia, BA46-11	GSE35978	SCZ	PARIETAL	M	50.0	43.0	6.63	k7	CC233_40810	False	True
GSE12649__HG-U133A|PFC_BA46	GSM317395	GSE35978__HuGene-1_0-st-v1|PARIETAL	GSM878462	0.5124654614143781	4.872198569869336	0.2005706092849778	GSE12649	SCZ	PFC_BA46					12	schizophrenia, BA46-12	GSE35978	SCZ	PARIETAL	M	20.0	28.0	6.73	k8	CC231_40810	False	True
GSE12649__HG-U133A|PFC_BA46	GSM317396	GSE35978__HuGene-1_0-st-v1|PARIETAL	GSM878461	0.4026234476676621	3.8314287712878388	0.25404934060862006	GSE12649	BD	PFC_BA46					13	bipolar disorder, BA46-13	GSE35978	BD	PARIETAL	F	50.0	19.0	5.87	k139	CC230_40810	False	True
GSE12649__HG-U133A|PFC_BA46	GSM317397	GSE35978__HuGene-1_0-st-v1|PARIETAL	GSM878459	0.7668886887983256	7.2828973734203775	0.42823176748143876	GSE12649	BD	PFC_BA46					14	bipolar disorder, BA46-14	GSE35978	BD	PARIETAL	F	50.0	18.0	6.5	k9	CC228_40810	False	True
GSE12649__HG-U133A|PFC_BA46	GSM317398	GSE35978__HuGene-1_0-st-v1|PARIETAL	GSM878456	0.3636571518738986	3.4622171878380152	0.26577035774041746	GSE12649	CTL	PFC_BA46					15	control, BA46-15	GSE35978	CTL	PARIETAL	F	45.0	28.0	6.59	k10	CC225_40810	False	True
GSE12649__HG-U133A|PFC_BA46	GSM317399	GSE35978__HuGene-1_0-st-v1|PARIETAL	GSM878455	0.32891888325814633	3.133066805420092	0.21309110807724718	GSE12649	BD	PFC_BA46					16	bipolar disorder, BA46-16	GSE35978	BD	PARIETAL	M	40.0	32.0	6.65	k11	CC224_40810	False	True
GSE12649__HG-U133A|PFC_BA46	GSM317400	GSE35978__HuGene-1_0-st-v1|PARIETAL	GSM878453	0.4347581099648966	4.135909587559992	0.2057105862038146	GSE12649	SCZ	PFC_BA46					17	schizophrenia, BA46-17	GSE35978	SCZ	PARIETAL	F	55.0	13.0	6.49	k12	CC222_40810	False	True
GSE12649__HG-U133A|PFC_BA46	GSM317401	GSE35978__HuGene-1_0-st-v1|PARIETAL	GSM878451	0.4775922578159548	4.541769657953036	0.3392771211458829	GSE12649	BD	PFC_BA46					18	bipolar disorder, BA46-18	GSE35978	BD	PARIETAL	M	35.0	35.0	6.3	k13	CC220_40810	False	True
GSE12649__HG-U133A|PFC_BA46	GSM317403	GSE35978__HuGene-1_0-st-v1|PARIETAL	GSM878447	0.5495647004487291	5.22371950635128	0.32090075036013177	GSE12649	BD	PFC_BA46					20	bipolar disorder, BA46-20	GSE35978	BD	PARIETAL	F	60.0	53.0	6.2	k16	CC216_40810	False	True
GSE12649__HG-U133A|PFC_BA46	GSM317405	GSE35978__HuGene-1_0-st-v1|PARIETAL	GSM878444	0.3578512722039502	3.4072055942904487	0.25922022993709826	GSE12649	SCZ	PFC_BA46					22	schizophrenia, BA46-22	GSE35978	SCZ	PARIETAL	M	35.0	30.0	6.8	k18	CC213_40810	False	True
GSE12649__HG-U133A|PFC_BA46	GSM317406	GSE35978__HuGene-1_0-st-v1|PARIETAL	GSM878442	0.43893641590376625	4.175499672283282	0.2696926672775227	GSE12649	BD	PFC_BA46					23	bipolar disorder, BA46-23	GSE35978	BD	PARIETAL	F	35.0	17.0	6.1	k19	CC211_40810	False	True
GSE12649__HG-U133A|PFC_BA46	GSM317407	GSE35978__HuGene-1_0-st-v1|PARIETAL	GSM878439	0.3548400652084142	3.378673949691709	0.17892467532834033	GSE12649	CTL	PFC_BA46					24	control, BA46-24	GSE35978	CTL	PARIETAL	M	55.0	9.0	6.4	k20	CC208_40710	False	True
GSE12649__HG-U133A|PFC_BA46	GSM317408	GSE35978__HuGene-1_0-st-v1|PARIETAL	GSM878438	0.38103386918702314	3.6268642291758657	0.3568819476311622	GSE12649	SCZ	PFC_BA46					25	schizophrenia, BA46-25	GSE35978	SCZ	PARIETAL	M	50.0	10.0	6.1	k21	CC207_40710	False	True
GSE12649__HG-U133A|PFC_BA46	GSM317409	GSE35978__HuGene-1_0-st-v1|PARIETAL	GSM878436	0.4378342883879438	4.165056846323274	0.264854152338771	GSE12649	SCZ	PFC_BA46					26	schizophrenia, BA46-26	GSE35978	SCZ	PARIETAL	M	25.0	15.0	6.2	k22	CC205_40710	False	True
GSE12649__HG-U133A|PFC_BA46	GSM317410	GSE35978__HuGene-1_0-st-v1|PARIETAL	GSM878434	0.34048286394696786	3.242637282524213	0.16770066785116772	GSE12649	CTL	PFC_BA46					27	control, BA46-27	GSE35978	CTL	PARIETAL	M	35.0	13.0	6.5	k23	CC203_40710	False	True
GSE12649__HG-U133A|PFC_BA46	GSM317412	GSE35978__HuGene-1_0-st-v1|PARIETAL	GSM878433	0.4257464817280786	4.050523038415404	0.20095260831902656	GSE12649	CTL	PFC_BA46					29	control, BA46-29	GSE35978	CTL	PARIETAL	M	50.0	31.0	6.7	k24	CC202_40710	False	True
GSE12649__HG-U133A|PFC_BA46	GSM317413	GSE35978__HuGene-1_0-st-v1|PARIETAL	GSM878431	0.46402948461820714	4.413260317603762	0.2381914713693781	GSE12649	CTL	PFC_BA46					30	control, BA46-30	GSE35978	CTL	PARIETAL	M	55.0	28.0	6.0	k26	CC200_40710	False	True
GSE12649__HG-U133A|PFC_BA46	GSM317414	GSE35978__HuGene-1_0-st-v1|PARIETAL	GSM878429	0.5514968372720016	5.2420267968296415	0.2926190685270982	GSE12649	SCZ	PFC_BA46					31	schizophrenia, BA46-31	GSE35978	SCZ	PARIETAL	M	45.0	9.0	5.9	k137	CC198_40710	False	True
GSE12649__HG-U133A|PFC_BA46	GSM317416	GSE35978__HuGene-1_0-st-v1|PARIETAL	GSM878428	0.610577482048948	5.801824898368051	0.4519952127320612	GSE12649	CTL	PFC_BA46					33	control, BA46-33	GSE35978	CTL	PARIETAL	F	40.0	33.0	6.0	k136	CC197_40710	False	True
GSE12649__HG-U133A|PFC_BA46	GSM317418	GSE35978__HuGene-1_0-st-v1|PARIETAL	GSM878425	0.4332950768695505	4.122047126302931	0.2861224638110556	GSE12649	CTL	PFC_BA46					35	control, BA46-35	GSE35978	CTL	PARIETAL	F	40.0	28.0	6.7	k29	CC194_40710	False	True
GSE12649__HG-U133A|PFC_BA46	GSM317419	GSE35978__HuGene-1_0-st-v1|PARIETAL	GSM878424	0.6212597018634998	5.903040556981435	0.3598304991539618	GSE12649	BD	PFC_BA46					36	bipolar disorder, BA46-36	GSE35978	AMBIG	PARIETAL	M	40.0	39.0	6.6	k135	CC193_40710	False	False
GSE12649__HG-U133A|PFC_BA46	GSM317420	GSE35978__HuGene-1_0-st-v1|PARIETAL	GSM878421	0.47669994019335543	4.533314812665103	0.3951114968825208	GSE12649	SCZ	PFC_BA46					37	schizophrenia, BA46-37	GSE35978	SCZ	PARIETAL	M	40.0	80.0	6.6	k30	CC190_40710	False	True
GSE12649__HG-U133A|PFC_BA46	GSM317421	GSE35978__HuGene-1_0-st-v1|PARIETAL	GSM878419	0.31646715833741224	3.015084816600881	0.26111045011514866	GSE12649	CTL	PFC_BA46					38	control, BA46-38	GSE35978	CTL	PARIETAL	M	60.0	47.0	6.8	k134	CC188_40710	False	True
GSE12649__HG-U133A|PFC_BA46	GSM317422	GSE35978__HuGene-1_0-st-v1|PARIETAL	GSM878418	0.3694586590046129	3.517187350910824	0.25790922989381765	GSE12649	SCZ	PFC_BA46					39	schizophrenia, BA46-39	GSE35978	SCZ	PARIETAL	M	35.0	29.0	6.5	k31	CC187_40710	False	True
GSE12649__HG-U133A|PFC_BA46	GSM317423	GSE35978__HuGene-1_0-st-v1|PARIETAL	GSM878416	0.38338510710346807	3.649142566300659	0.2359880322443714	GSE12649	SCZ	PFC_BA46					40	schizophrenia, BA46-40	GSE35978	SCZ	PARIETAL	M	50.0	9.0	6.2	k33	CC184_40710	False	True
GSE12649__HG-U133A|PFC_BA46	GSM317424	GSE35978__HuGene-1_0-st-v1|PARIETAL	GSM878414	0.430713942437033	4.097590484697311	0.24110583467630564	GSE12649	SCZ	PFC_BA46					41	schizophrenia, BA46-41	GSE35978	SCZ	PARIETAL	M	45.0	18.0	6.3	k34	CC183_40610	False	True
GSE12649__HG-U133A|PFC_BA46	GSM317425	GSE35978__HuGene-1_0-st-v1|PARIETAL	GSM878412	0.3922163480842357	3.73281991873861	0.28004588921589374	GSE12649	BD	PFC_BA46					42	bipolar disorder, BA46-42	GSE35978	BD	PARIETAL	M	65.0	16.0	6.1	k35	CC181_40610	False	True
GSE12649__HG-U133A|PFC_BA46	GSM317427	GSE35978__HuGene-1_0-st-v1|PARIETAL	GSM878408	0.5097516475252077	4.846484770217661	0.27388731321915194	GSE12649	SCZ	PFC_BA46					44	schizophrenia, BA46-44	GSE35978	SCZ	PARIETAL	F	30.0	36.0	6.8	k37	CC177_40610	False	True
GSE12649__HG-U133A|PFC_BA46	GSM317428	GSE35978__HuGene-1_0-st-v1|PARIETAL	GSM878407	0.5461382573251253	5.1912534362387355	0.41033024838674065	GSE12649	SCZ	PFC_BA46					45	schizophrenia, BA46-45	GSE35978	SCZ	PARIETAL	M	35.0	47.0	6.4	k38	CC176_40610	False	True
GSE12649__HG-U133A|PFC_BA46	GSM317430	GSE35978__HuGene-1_0-st-v1|PARIETAL	GSM878402	0.5870051308495957	5.578473282961458	0.27384105426494754	GSE12649	SCZ	PFC_BA46					47	schizophrenia, BA46-47	GSE35978	SCZ	PARIETAL	M	45.0	32.0	6.67	k40	CC171_40610	False	True
GSE12649__HG-U133A|PFC_BA46	GSM317432	GSE35978__HuGene-1_0-st-v1|PARIETAL	GSM878395	0.6530891385879403	6.204629314494985	0.46100756675368393	GSE12649	CTL	PFC_BA46					49	control, BA46-49	GSE35978	CTL	PARIETAL	M	35.0	22.0	6.48	k41	CC164_40610	False	True
GSE12649__HG-U133A|PFC_BA46	GSM317435	GSE35978__HuGene-1_0-st-v1|PARIETAL	GSM878449	0.49997184298545644	4.753819633683712	0.3429832580007161	GSE12649	CTL	PFC_BA46					53	control, BA46-53	GSE35978	CTL	PARIETAL	F	35.0	24.0	6.87	k44	CC218_40610	False	True
GSE12649__HG-U133A|PFC_BA46	GSM317436	GSE35978__HuGene-1_0-st-v1|PARIETAL	GSM878423	0.3574416124310857	3.4033240055909344	0.3030572299516232	GSE12649	CTL	PFC_BA46					54	control, BA46-54	GSE35978	CTL	PARIETAL	M	40.0	37.0	6.91	k45	CC192_40610	False	True
GSE12649__HG-U133A|PFC_BA46	GSM317437	GSE35978__HuGene-1_0-st-v1|PARIETAL	GSM878404	0.5893299343194734	5.600501149681614	0.3239744605435391	GSE12649	SCZ	PFC_BA46					55	schizophrenia, BA46-55	GSE35978	SCZ	PARIETAL	M	45.0	13.0	6.3	k46	CC173_40610	False	True
GSE12649__HG-U133A|PFC_BA46	GSM317438	GSE35978__HuGene-1_0-st-v1|PARIETAL	GSM878401	0.3542965914295094	3.373524452918012	0.18838031324734658	GSE12649	CTL	PFC_BA46					56	control, BA46-56	GSE35978	CTL	PARIETAL	F	45.0	10.0	6.2	k47	CC170_51110	False	True
GSE12649__HG-U133A|PFC_BA46	GSM317439	GSE35978__HuGene-1_0-st-v1|PARIETAL	GSM878400	0.35903384192528937	3.418410622391306	0.22316951094712417	GSE12649	BD	PFC_BA46					57	bipolar disorder, BA46-57	GSE35978	BD	PARIETAL	M	50.0	23.0	6.67	k48	CC169_51110	False	True
GSE12649__HG-U133A|PFC_BA46	GSM317440	GSE35978__HuGene-1_0-st-v1|PARIETAL	GSM878399	0.3916900761029035	3.7278334116150864	0.2231504589022533	GSE12649	BD	PFC_BA46					58	bipolar disorder, BA46-58	GSE35978	BD	PARIETAL	F	65.0	32.0	6.97	k49	CC168_51110	False	True
GSE12649__HG-U133A|PFC_BA46	GSM317443	GSE35978__HuGene-1_0-st-v1|PARIETAL	GSM878396	0.4604710129034753	4.379543256495074	0.4089631346026396	GSE12649	BD	PFC_BA46					61	bipolar disorder, BA46-61	GSE35978	BD	PARIETAL	F	45.0	37.0	6.37	k52	CC165_51110	False	True
GSE12649__HG-U133A|PFC_BA46	GSM317444	GSE35978__HuGene-1_0-st-v1|PARIETAL	GSM878394	0.6109844959115381	5.805681416664998	0.2844695072819366	GSE12649	BD	PFC_BA46					62	bipolar disorder, BA46-62	GSE35978	BD	PARIETAL	F	55.0	26.0	6.58	k53	CC163_51110	False	True
GSE12649__HG-U133A|PFC_BA46	GSM317445	GSE35978__HuGene-1_0-st-v1|PARIETAL	GSM878393	0.4324702344196575	4.114231618546343	0.30970436995279915	GSE12649	BD	PFC_BA46					63	bipolar disorder, BA46-63	GSE35978	BD	PARIETAL	F	45.0	39.0	6.74	k54	CC162_51110	False	True
GSE12649__HG-U133A|PFC_BA46	GSM317447	GSE35978__HuGene-1_0-st-v1|PARIETAL	GSM878391	0.34050441252999986	3.2428414586282095	0.2657397408638272	GSE12649	CTL	PFC_BA46					65	control, BA46-65	GSE35978	CTL	PARIETAL	M	50.0	23.0	6.93	k56	CC160_51110	False	True
GSE12649__HG-U133A|PFC_BA46	GSM317451	GSE35978__HuGene-1_0-st-v1|PARIETAL	GSM878386	0.40087443705912723	3.814856629566555	0.2116626440575234	GSE12649	BD	PFC_BA46					69	bipolar disorder, BA46-69	GSE35978	BD	PARIETAL	F	50.0	62.0	6.51	k60	CC155_40910	False	True
GSE12649__HG-U133A|PFC_BA46	GSM317452	GSE35978__HuGene-1_0-st-v1|PARIETAL	GSM878385	0.4796200950032633	4.560983723946562	0.3058192719003064	GSE12649	CTL	PFC_BA46					70	control, BA46-70	GSE35978	CTL	PARIETAL	M	55.0	31.0	6.7	k62	CC154_40910	False	True
GSE12649__HG-U133A|PFC_BA46	GSM317453	GSE35978__HuGene-1_0-st-v1|PARIETAL	GSM878384	0.4729381273130066	4.497671063062971	0.3417115538184856	GSE12649	CTL	PFC_BA46					71	control, BA46-71	GSE35978	CTL	PARIETAL	F	50.0	45.0	6.72	k63	CC153_40910	False	True
GSE12649__HG-U133A|PFC_BA46	GSM317454	GSE35978__HuGene-1_0-st-v1|PARIETAL	GSM878383	0.5872537979258767	5.580829441357203	0.3539160751083625	GSE12649	BD	PFC_BA46					72	bipolar disorder, BA46-72	GSE35978	BD	PARIETAL	F	50.0	38.0	6.39	k64	CC152_40910	False	True
GSE12649__HG-U133A|PFC_BA46	GSM317455	GSE35978__HuGene-1_0-st-v1|PARIETAL	GSM878381	0.44180252355800054	4.20265647853857	0.2580972034553524	GSE12649	SCZ	PFC_BA46					73	schizophrenia, BA46-73	GSE35978	SCZ	PARIETAL	M	55.0	38.0	6.17	k65	CC150_40910	False	True
GSE12649__HG-U133A|PFC_BA46	GSM317456	GSE35978__HuGene-1_0-st-v1|PARIETAL	GSM878379	0.5018331356755009	4.771455665217017	0.2212070053293086	GSE12649	BD	PFC_BA46					74	bipolar disorder, BA46-74	GSE35978	BD	PARIETAL	F	35.0	24.0	6.51	k66	CC148_40910	False	True
GSE12649__HG-U133A|PFC_BA46	GSM317457	GSE35978__HuGene-1_0-st-v1|PARIETAL	GSM878477	0.37356286474470235	3.5560753249723667	0.26080981891352084	GSE12649	SCZ	PFC_BA46					75	schizophrenia, BA46-75	GSE35978	SCZ	PARIETAL	F	55.0	42.0	6.65	k67	CC246_40910	False	True
GSE12649__HG-U133A|PFC_BA46	GSM317458	GSE35978__HuGene-1_0-st-v1|PARIETAL	GSM878475	0.3690924299378946	3.5137172747623473	0.3136089098822899	GSE12649	BD	PFC_BA46					76	bipolar disorder, BA46-76	GSE35978	BD	PARIETAL	F	40.0	28.0	6.44	k140	CC244_40910	False	True
GSE12649__HG-U133A|PFC_BA46	GSM317459	GSE35978__HuGene-1_0-st-v1|PARIETAL	GSM878472	0.6946684933528285	6.598600029412757	0.42475322689898387	GSE12649	CTL	PFC_BA46					77	control, BA46-77	GSE35978	CTL	PARIETAL	F	35.0	29.0	6.52	k68	CC241_40910	False	True
GSE12649__HG-U133A|PFC_BA46	GSM317460	GSE35978__HuGene-1_0-st-v1|PARIETAL	GSM878470	0.46562824580780543	4.428408823212145	0.31454200235336055	GSE12649	SCZ	PFC_BA46					78	schizophrenia, BA46-78	GSE35978	SCZ	PARIETAL	F	45.0	26.0	6.58	k69	CC239_40910	False	True
GSE12649__HG-U133A|PFC_BA46	GSM317461	GSE35978__HuGene-1_0-st-v1|PARIETAL	GSM878465	0.4242154631636067	4.036016404490755	0.42189664802090626	GSE12649	CTL	PFC_BA46					79	control, BA46-79	GSE35978	CTL	PARIETAL	M	50.0	31.0	6.86	k70	CC234_40810	False	True
GSE12649__HG-U133A|PFC_BA46	GSM317462	GSE35978__HuGene-1_0-st-v1|PARIETAL	GSM878463	0.40740230148390666	3.8767091385547032	0.19722528148944474	GSE12649	CTL	PFC_BA46					80	control, BA46-80	GSE35978	CTL	PARIETAL	M	50.0	49.0	6.75	k72	CC232_40810	False	True
GSE12649__HG-U133A|PFC_BA46	GSM317463	GSE35978__HuGene-1_0-st-v1|PARIETAL	GSM878460	0.572281789934343	5.438967386846435	0.31303133825902174	GSE12649	SCZ	PFC_BA46					81	schizophrenia, BA46-81	GSE35978	SCZ	PARIETAL	F	45.0	30.0	6.47	k73	CC229_40810	False	True
GSE12649__HG-U133A|PFC_BA46	GSM317464	GSE35978__HuGene-1_0-st-v1|PARIETAL	GSM878457	0.3772448056894732	3.5909622758281152	0.2266437647650852	GSE12649	SCZ	PFC_BA46					82	schizophrenia, BA46-82	GSE35978	SCZ	PARIETAL	M	40.0	26.0	6.8	k74	CC226_40810	False	True
GSE12649__HG-U133A|PFC_BA46	GSM317465	GSE35978__HuGene-1_0-st-v1|PARIETAL	GSM878454	0.3529252868176634	3.360531133003504	0.30257187895346366	GSE12649	CTL	PFC_BA46					83	control, BA46-83	GSE35978	CTL	PARIETAL	M	30.0	13.0	6.57	k75	CC223_40810	False	True
GSE12649__HG-U133A|PFC_BA46	GSM317466	GSE35978__HuGene-1_0-st-v1|PARIETAL	GSM878452	0.6055548605042371	5.754234794771683	0.3001046449577818	GSE12649	CTL	PFC_BA46					84	control, BA46-84	GSE35978	CTL	PARIETAL	M	45.0	11.0	6.6	k76	CC221_40810	False	True
GSE12649__HG-U133A|PFC_BA46	GSM317468	GSE35978__HuGene-1_0-st-v1|PARIETAL	GSM878441	0.3457567594063712	3.292608244707043	0.25360155852837796	GSE12649	CTL	PFC_BA46					86	control, BA46-86	GSE35978	SCZ	PARIETAL	M	45.0	65.0	6.67	k79	CC210_40810	False	False
GSE12649__HG-U133A|PFC_BA46	GSM317469	GSE35978__HuGene-1_0-st-v1|PARIETAL	GSM878443	0.5044642764313423	4.796386124347265	0.26620649560904736	GSE12649	SCZ	PFC_BA46					87	schizophrenia, BA46-87	GSE35978	SCZ	PARIETAL	M	40.0	54.0	6.18	k78	CC212_40810	False	True
GSE12649__HG-U133A|PFC_BA46	GSM317471	GSE35978__HuGene-1_0-st-v1|PARIETAL	GSM878435	0.46105288622709334	4.385056594799471	0.21477064624664163	GSE12649	CTL	PFC_BA46					90	control, BA46-90	GSE35978	CTL	PARIETAL	M	40.0	38.0	6.67	k82	CC204_40710	False	True
GSE12649__HG-U133A|PFC_BA46	GSM317473	GSE35978__HuGene-1_0-st-v1|PARIETAL	GSM878430	0.4928889312206813	4.686707966668995	0.2670234014817383	GSE12649	SCZ	PFC_BA46					92	schizophrenia, BA46-92	GSE35978	SCZ	PARIETAL	M	40.0	26.0	6.19	k84	CC199_40710	False	True
GSE12649__HG-U133A|PFC_BA46	GSM317474	GSE35978__HuGene-1_0-st-v1|PARIETAL	GSM878426	0.6064092545775094	5.762330308657647	0.30805706116689835	GSE12649	SCZ	PFC_BA46					93	schizophrenia, BA46-93	GSE35978	SCZ	PARIETAL	F	45.0	35.0	6.5	k85	CC195_40710	False	True
GSE12649__HG-U133A|PFC_BA46	GSM317475	GSE35978__HuGene-1_0-st-v1|PARIETAL	GSM878422	0.3870899013291572	3.6842460554714562	0.2848294243521774	GSE12649	SCZ	PFC_BA46					94	schizophrenia, BA46-94	GSE35978	SCZ	PARIETAL	M	40.0	19.0	6.48	k86	CC191_40710	False	True
GSE12649__HG-U133A|PFC_BA46	GSM317476	GSE35978__HuGene-1_0-st-v1|PARIETAL	GSM878420	0.47424110587270357	4.510016983233907	0.2521991812491066	GSE12649	CTL	PFC_BA46					95	control, BA46-95	GSE35978	CTL	PARIETAL	M	30.0	11.0	6.13	k87	CC189_40710	False	True
GSE12649__HG-U133A|PFC_BA46	GSM317478	GSE35978__HuGene-1_0-st-v1|PARIETAL	GSM878413	0.6138088278403279	5.832442391563291	0.3805087562100711	GSE12649	SCZ	PFC_BA46					97	schizophrenia, BA46-97	GSE35978	SCZ	PARIETAL	M	45.0	30.0	6.72	k133	CC182_40610	False	True
GSE12649__HG-U133A|PFC_BA46	GSM317480	GSE35978__HuGene-1_0-st-v1|PARIETAL	GSM878409	0.5606151766827933	5.328424450589436	0.26332904972444615	GSE12649	CTL	PFC_BA46					99	control, BA46-99	GSE35978	CTL	PARIETAL	F	40.0	58.0	6.46	k89	CC178_40610	False	True
GSE12649__HG-U133A|PFC_BA46	GSM317481	GSE35978__HuGene-1_0-st-v1|PARIETAL	GSM878403	0.32273130706283076	3.07443857919915	0.21246299681862396	GSE12649	SCZ	PFC_BA46					100	schizophrenia, BA46-100	GSE35978	SCZ	PARIETAL	F	60.0	38.0	6.93	k2	CC172_40610	False	True
GSE12649__HG-U133A|PFC_BA46	GSM317482	GSE35978__HuGene-1_0-st-v1|PARIETAL	GSM878398	0.3714181562389028	3.5357538854479227	0.23787764127757852	GSE12649	SCZ	PFC_BA46					101	schizophrenia, BA46-101	GSE35978	SCZ	PARIETAL	M	50.0	16.0	6.52	k3	CC167_40610	False	True
GSE12649__HG-U133A|PFC_BA46	GSM317483	GSE35978__HuGene-1_0-st-v1|PARIETAL	GSM878387	0.38550682636577355	3.669246179243955	0.29489976501349563	GSE12649	BD	PFC_BA46					102	bipolar disorder, BA46-102	GSE35978	BD	PARIETAL	M	50.0	23.0	6.9	k4	CC156_40610	False	True
GSE12649__HG-U133A|PFC_BA46	GSM317485	GSE35978__HuGene-1_0-st-v1|PARIETAL	GSM878469	0.6181422543250323	5.873502267068245	0.2786863882098658	GSE12649	BD	PFC_BA46					104	bipolar disorder, BA46-104	GSE35978	CTL	PARIETAL	M	45.0	36.0	6.57	k5	CC238_40610	False	False
GSE12649__HG-U133A|PFC_BA46	GSM317390	GSE53987__HG-U133_Plus_2|HPC	GSM1304873	0.350795382553165	3.412983238426092	0.27615632588698613	GSE12649	SCZ	PFC_BA46					7	schizophrenia, BA46-7	GSE53987	CTL	HPC	F	65.0	18.5	6.5	k21	control_hip_13	False	False
GSE12649__HG-U133A|PFC_BA46	GSM317391	GSE53987__HG-U133_Plus_2|HPC	GSM1304892	0.30972325009013124	3.0140994901020326	0.17313786919981952	GSE12649	BD	PFC_BA46					8	bipolar disorder, BA46-8	GSE53987	MDD	HPC	M	62.0	26.0	6.5	k40	MDD_hip_14	False	False
GSE12649__HG-U133A|PFC_BA46	GSM317393	GSE53987__HG-U133_Plus_2|HPC	GSM1304912	0.36079563139160364	3.5101035119945485	0.325496086132399	GSE12649	SCZ	PFC_BA46					10	schizophrenia, BA46-10	GSE53987	SCZ	HPC	M	46.0	15.8	6.19	k60	schiz_hip_2	False	True
GSE12649__HG-U133A|PFC_BA46	GSM317416	GSE53987__HG-U133_Plus_2|HPC	GSM1304863	0.5062635062090219	4.9228563370427985	0.4297982099795181	GSE12649	CTL	PFC_BA46					33	control, BA46-33	GSE53987	BD	HPC	F	39.0	22.2	6.7	k11	bipolar_hip_3	False	False
GSE12649__HG-U133A|PFC_BA46	GSM317419	GSE53987__HG-U133_Plus_2|HPC	GSM1304888	0.5616486904087193	5.460745376407324	0.5241733955388077	GSE12649	BD	PFC_BA46					36	bipolar disorder, BA46-36	GSE53987	MDD	HPC	M	51.0	24.6	6.5	k36	MDD_hip_10	False	False
GSE12649__HG-U133A|PFC_BA46	GSM317430	GSE53987__HG-U133_Plus_2|HPC	GSM1304917	0.33472013020209823	3.256863832675251	0.3126427666965931	GSE12649	SCZ	PFC_BA46					47	schizophrenia, BA46-47	GSE53987	SCZ	HPC	F	44.0	18.7	6.2	k65	schiz_hip_7	False	True
GSE12649__HG-U133A|PFC_BA46	GSM317432	GSE53987__HG-U133_Plus_2|HPC	GSM1304910	0.4857458141137642	4.7235929085543615	0.40682581638469	GSE12649	CTL	PFC_BA46					49	control, BA46-49	GSE53987	SCZ	HPC	F	46.0	23.8	6.61	k58	schiz_hip_19	False	False
GSE12649__HG-U133A|PFC_BA46	GSM317435	GSE53987__HG-U133_Plus_2|HPC	GSM1304893	0.4078634655387299	3.9672162301374065	0.3092888257091236	GSE12649	CTL	PFC_BA46					53	control, BA46-53	GSE53987	MDD	HPC	M	29.0	26.6	6.9	k41	MDD_hip_15	False	False
GSE12649__HG-U133A|PFC_BA46	GSM317466	GSE53987__HG-U133_Plus_2|HPC	GSM1304871	0.320466617803297	3.118436774924246	0.2945356903605619	GSE12649	CTL	PFC_BA46					84	control, BA46-84	GSE53987	CTL	HPC	F	51.0	7.8	6.6	k19	control_hip_11	False	True
GSE12649__HG-U133A|PFC_BA46	GSM317468	GSE53987__HG-U133_Plus_2|HPC	GSM1304904	0.3915936653588409	3.809207417566533	0.32832500207197596	GSE12649	CTL	PFC_BA46					86	control, BA46-86	GSE53987	MDD	HPC	M	51.0	28.3	7.3	k52	MDD_hip_9	False	False
GSE12649__HG-U133A|PFC_BA46	GSM317482	GSE53987__HG-U133_Plus_2|HPC	GSM1304914	0.3089738148762167	3.0068211359157404	0.2707189326377572	GSE12649	SCZ	PFC_BA46					101	schizophrenia, BA46-101	GSE53987	SCZ	HPC	M	47.0	28.9	6.58	k62	schiz_hip_4	False	True
GSE12649__HG-U133A|PFC_BA46	GSM317392	GSE53987__HG-U133_Plus_2|PFC_BA46	GSM1304952	0.4019142862499075	3.6982615805326042	0.25957264087451665	GSE12649	SCZ	PFC_BA46					9	schizophrenia, BA46-9	GSE53987	CTL	PFC_BA46	M	68.0	11.8	6.8	k33	control_pfc_6	False	False
GSE12649__HG-U133A|PFC_BA46	GSM317393	GSE53987__HG-U133_Plus_2|PFC_BA46	GSM1304933	0.33814215805849424	3.1098779093228304	0.22397389721955957	GSE12649	SCZ	PFC_BA46					10	schizophrenia, BA46-10	GSE53987	BD	PFC_BA46	M	65.0	8.9	6.7	k14	bipolar_pfc_6	False	False
GSE12649__HG-U133A|PFC_BA46	GSM317416	GSE53987__HG-U133_Plus_2|PFC_BA46	GSM1304930	0.5928105930836239	5.459536811901363	0.33067040065995434	GSE12649	CTL	PFC_BA46					33	control, BA46-33	GSE53987	BD	PFC_BA46	F	39.0	22.2	6.7	k11	bipolar_pfc_3	False	False
GSE12649__HG-U133A|PFC_BA46	GSM317419	GSE53987__HG-U133_Plus_2|PFC_BA46	GSM1304956	0.641988930039818	5.913273126854278	0.6416614930554463	GSE12649	BD	PFC_BA46					36	bipolar disorder, BA46-36	GSE53987	MDD	PFC_BA46	M	51.0	24.6	6.5	k36	MDD_pfc_10	False	False
GSE12649__HG-U133A|PFC_BA46	GSM317430	GSE53987__HG-U133_Plus_2|PFC_BA46	GSM1304981	0.42545048157168486	3.9154146441432727	0.24834860317560475	GSE12649	SCZ	PFC_BA46					47	schizophrenia, BA46-47	GSE53987	SCZ	PFC_BA46	M	50.0	11.0	6.23	k59	schiz_pfc_1	False	True
GSE12649__HG-U133A|PFC_BA46	GSM317432	GSE53987__HG-U133_Plus_2|PFC_BA46	GSM1304980	0.42196191007678535	3.8832278791464114	0.3374123533417901	GSE12649	CTL	PFC_BA46					49	control, BA46-49	GSE53987	SCZ	PFC_BA46	F	46.0	23.8	6.61	k58	schiz_pfc_19	False	False
GSE12649__HG-U133A|PFC_BA46	GSM317468	GSE53987__HG-U133_Plus_2|PFC_BA46	GSM1304943	0.3996346252062609	3.677228640719953	0.3982229470945938	GSE12649	CTL	PFC_BA46					86	control, BA46-86	GSE53987	CTL	PFC_BA46	F	52.0	22.6	7.1	k24	control_pfc_16	False	True
GSE12649__HG-U133A|PFC_BA46	GSM317478	GSE53987__HG-U133_Plus_2|PFC_BA46	GSM1304974	0.359786171390362	3.309573048642838	0.31044191250698655	GSE12649	SCZ	PFC_BA46					97	schizophrenia, BA46-97	GSE53987	SCZ	PFC_BA46	F	47.0	14.37	6.35	k54	schiz_pfc_11	False	True
GSE12649__HG-U133A|PFC_BA46	GSM317390	GSE53987__HG-U133_Plus_2|STR	GSM1305017	0.3930781011421776	3.676301813542007	0.37514054985770373	GSE12649	SCZ	PFC_BA46					7	schizophrenia, BA46-7	GSE53987	CTL	STR	F	65.0	18.5	6.5	k21	control_str_13	False	False
GSE12649__HG-U133A|PFC_BA46	GSM317392	GSE53987__HG-U133_Plus_2|STR	GSM1305035	0.34821467476255935	3.2571540011262874	0.3467825893569065	GSE12649	SCZ	PFC_BA46					9	schizophrenia, BA46-9	GSE53987	MDD	STR	M	62.0	26.0	6.5	k40	MDD_str_14	False	False
GSE12649__HG-U133A|PFC_BA46	GSM317393	GSE53987__HG-U133_Plus_2|STR	GSM1304993	0.34047639698416515	3.1848572002704207	0.29426695697594035	GSE12649	SCZ	PFC_BA46					10	schizophrenia, BA46-10	GSE53987	BD	STR	M	65.0	8.9	6.7	k14	bipolar_str_6	False	False
GSE12649__HG-U133A|PFC_BA46	GSM317397	GSE53987__HG-U133_Plus_2|STR	GSM1304990	0.5512829097779374	5.154369914988932	0.3695207426861851	GSE12649	BD	PFC_BA46					14	bipolar disorder, BA46-14	GSE53987	BD	STR	F	39.0	22.2	6.7	k11	bipolar_str_3	False	True
GSE12649__HG-U133A|PFC_BA46	GSM317404	GSE53987__HG-U133_Plus_2|STR	GSM1305002	0.3210462657050913	3.0033263258414014	0.262984515887591	GSE12649	BD	PFC_BA46					21	bipolar disorder, BA46-21	GSE53987	BD	STR	F	49.0	21.5	6.7	k6	bipolar_str_16	False	True
GSE12649__HG-U133A|PFC_BA46	GSM317408	GSE53987__HG-U133_Plus_2|STR	GSM1305037	0.325352887341561	3.04356201855364	0.20307626193793707	GSE12649	SCZ	PFC_BA46					25	schizophrenia, BA46-25	GSE53987	MDD	STR	F	49.0	23.4	6.4	k42	MDD_str_16	False	False
GSE12649__HG-U133A|PFC_BA46	GSM317418	GSE53987__HG-U133_Plus_2|STR	GSM1305013	0.33793505223994347	3.16111404964431	0.2802922047108205	GSE12649	CTL	PFC_BA46					35	control, BA46-35	GSE53987	CTL	STR	M	46.0	22.0	6.3	k69	control_str_9	False	True
GSE12649__HG-U133A|PFC_BA46	GSM317419	GSE53987__HG-U133_Plus_2|STR	GSM1305031	0.5965163473823736	5.576974650068992	0.5438386231122009	GSE12649	BD	PFC_BA46					36	bipolar disorder, BA46-36	GSE53987	MDD	STR	M	51.0	24.6	6.5	k36	MDD_str_10	False	False
GSE12649__HG-U133A|PFC_BA46	GSM317430	GSE53987__HG-U133_Plus_2|STR	GSM1305039	0.45669600482818273	4.2706680336971665	0.23998906928529923	GSE12649	SCZ	PFC_BA46					47	schizophrenia, BA46-47	GSE53987	SCZ	STR	M	50.0	11.0	6.23	k59	schiz_str_1	False	True
GSE12649__HG-U133A|PFC_BA46	GSM317435	GSE53987__HG-U133_Plus_2|STR	GSM1305019	0.3431526196959058	3.20986048213462	0.29030631121255696	GSE12649	CTL	PFC_BA46					53	control, BA46-53	GSE53987	CTL	STR	M	22.0	20.1	6.8	k23	control_str_15	False	True
GSE12649__HG-U133A|PFC_BA46	GSM317466	GSE53987__HG-U133_Plus_2|STR	GSM1305044	0.43007040425311593	4.021911682792055	0.3766622588014241	GSE12649	CTL	PFC_BA46					84	control, BA46-84	GSE53987	SCZ	STR	M	58.0	7.7	6.22	k64	schiz_str_6	False	False
GSE12649__HG-U133A|PFC_BA46	GSM317392	GSE54567__HG-U133_Plus_2|PFC_BA9	GSM1319051	0.3585213595909497	3.2759856229124646	0.3089612643681126	GSE12649	SCZ	PFC_BA46					9	schizophrenia, BA46-9	GSE54567	CTL	PFC_BA9	M				Mpair2_CTL	Control matched sample pair brain dorsolateral prefrontal cortex BA9_M #2	False	False
GSE12649__HG-U133A|PFC_BA46	GSM317419	GSE54567__HG-U133_Plus_2|PFC_BA9	GSM1319073	0.6172947604561617	5.636634053414366	0.18407838551263656	GSE12649	BD	PFC_BA46					36	bipolar disorder, BA46-36	GSE54567	MDD	PFC_BA9	M				Mpair25_MDD	MDD matched sample pair brain dorsolateral prefrontal cortex BA9_M #25	False	False
GSE12649__HG-U133A|PFC_BA46	GSM317464	GSE54567__HG-U133_Plus_2|PFC_BA9	GSM1319055	0.36520255193229945	3.3369344923161783	0.12285793877117009	GSE12649	SCZ	PFC_BA46					82	schizophrenia, BA46-82	GSE54567	CTL	PFC_BA9	M				Mpair15_CTL	Control matched sample pair brain dorsolateral prefrontal cortex BA9_M #15	False	False
GSE12649__HG-U133A|PFC_BA46	GSM317466	GSE54567__HG-U133_Plus_2|PFC_BA9	GSM1319067	0.43072740739582316	3.9346819682609735	0.21419907247036685	GSE12649	CTL	PFC_BA46					84	control, BA46-84	GSE54567	MDD	PFC_BA9	M				Mpair7_MDD	MDD matched sample pair brain dorsolateral prefrontal cortex BA9_M #7	False	False
GSE12649__HG-U133A|PFC_BA46	GSM317390	GSE54568__HG-U133_Plus_2|PFC_BA9	GSM1319107	0.3463500802110693	3.168338437962748	0.3151631796853465	GSE12649	SCZ	PFC_BA46					7	schizophrenia, BA46-7	GSE54568	MDD	PFC_BA9	F				Fpair28_MDD	MDD matched sample pair brain dorsolateral prefrontal cortex BA9_F #28	False	False
GSE12649__HG-U133A|PFC_BA46	GSM317416	GSE54568__HG-U133_Plus_2|PFC_BA9	GSM1319078	0.417735033004716	3.8215207054316607	0.21761615768892065	GSE12649	CTL	PFC_BA46					33	control, BA46-33	GSE54568	CTL	PFC_BA9	F				Fpair3_CTL	Control matched sample pair brain dorsolateral prefrontal cortex BA9_F #3	False	True
GSE12649__HG-U133A|PFC_BA46	GSM317428	GSE54568__HG-U133_Plus_2|PFC_BA9	GSM1319091	0.4120894416517375	3.769862757687391	0.27306357898109457	GSE12649	SCZ	PFC_BA46					45	schizophrenia, BA46-45	GSE54568	CTL	PFC_BA9	F				Fpair24_CTL	Control matched sample pair brain dorsolateral prefrontal cortex BA9_F #24	False	False
GSE12649__HG-U133A|PFC_BA46	GSM317432	GSE54568__HG-U133_Plus_2|PFC_BA9	GSM1319095	0.40522410292557176	3.707043951473959	0.24753504538546764	GSE12649	CTL	PFC_BA46					49	control, BA46-49	GSE54568	MDD	PFC_BA9	F				Fpair6_MDD	MDD matched sample pair brain dorsolateral prefrontal cortex BA9_F #6	False	False
GSE12649__HG-U133A|PFC_BA46	GSM317480	GSE54568__HG-U133_Plus_2|PFC_BA9	GSM1319085	0.3949811323742307	3.613319343296622	0.20437004569241066	GSE12649	CTL	PFC_BA46					99	control, BA46-99	GSE54568	CTL	PFC_BA9	F				Fpair13_CTL	Control matched sample pair brain dorsolateral prefrontal cortex BA9_F #13	False	True
GSE12649__HG-U133A|PFC_BA46	GSM317420	GSE54571__HG-U133_Plus_2|ACC_BA25	GSM1319154	0.3875791699253947	3.424330308249358	0.15869579144975662	GSE12649	SCZ	PFC_BA46					37	schizophrenia, BA46-37	GSE54571	CTL	ACC_BA25	F				Fpair24_CTL	Control matched sample pair brain anterior cingulate cortex BA25_F #24	False	False
GSE12649__HG-U133A|PFC_BA46	GSM317435	GSE54571__HG-U133_Plus_2|ACC_BA25	GSM1319150	0.372751256425872	3.2931025406001906	0.27800602511926054	GSE12649	CTL	PFC_BA46					53	control, BA46-53	GSE54571	CTL	ACC_BA25	F				Fpair16_CTL	Control matched sample pair brain anterior cingulate cortex BA25_F #16	False	True
GSE12649__HG-U133A|PFC_BA46	GSM317461	GSE54571__HG-U133_Plus_2|ACC_BA25	GSM1319160	0.40286606424030635	3.559620078809402	0.18354581507808046	GSE12649	CTL	PFC_BA46					79	control, BA46-79	GSE54571	MDD	ACC_BA25	F				Fpair12_MDD	MDD matched sample pair brain anterior cingulate cortex BA25_F #12	False	False
GSE12649__HG-U133A|PFC_BA46	GSM317478	GSE54571__HG-U133_Plus_2|ACC_BA25	GSM1319165	0.34640851543778806	3.059967980317131	0.30607771078595947	GSE12649	SCZ	PFC_BA46					97	schizophrenia, BA46-97	GSE54571	MDD	ACC_BA25	F				Fpair19_MDD	MDD matched sample pair brain anterior cingulate cortex BA25_F #19	False	False
GSE12649__HG-U133A|PFC_BA46	GSM317392	GSE54572__HG-U133_Plus_2|ACC_BA25	GSM1319168	0.3624195935300236	3.20462775672669	0.24240411307818122	GSE12649	SCZ	PFC_BA46					9	schizophrenia, BA46-9	GSE54572	CTL	ACC_BA25	M				Mpair2_CTL	Control matched sample pair brain anterior cingulate cortex BA25_M #2	False	False
GSE12649__HG-U133A|PFC_BA46	GSM317406	GSE54572__HG-U133_Plus_2|ACC_BA25	GSM1319184	0.3754552772548076	3.319198532835846	0.24553768003068988	GSE12649	BD	PFC_BA46					23	bipolar disorder, BA46-23	GSE54572	MDD	ACC_BA25	M				Mpair15_MDD	MDD matched sample pair brain anterior cingulate cortex BA25_M #15	False	False
GSE12649__HG-U133A|PFC_BA46	GSM317419	GSE54572__HG-U133_Plus_2|ACC_BA25	GSM1319188	0.5360562956622524	4.730722754452137	0.3743882178810698	GSE12649	BD	PFC_BA46					36	bipolar disorder, BA46-36	GSE54572	MDD	ACC_BA25	M				Mpair25_MDD	MDD matched sample pair brain anterior cingulate cortex BA25_M #25	False	False
GSE12649__HG-U133A|PFC_BA46	GSM317437	GSE54572__HG-U133_Plus_2|ACC_BA25	GSM1319171	0.4281680104172617	3.782491358648657	0.27907079641747423	GSE12649	SCZ	PFC_BA46					55	schizophrenia, BA46-55	GSE54572	CTL	ACC_BA25	M				Mpair11_CTL	Control matched sample pair brain anterior cingulate cortex BA25_M #11	False	False
GSE12649__HG-U133A|PFC_BA46	GSM317468	GSE54572__HG-U133_Plus_2|ACC_BA25	GSM1319179	0.37352792760009007	3.3022590342689337	0.34986925232358757	GSE12649	CTL	PFC_BA46					86	control, BA46-86	GSE54572	CTL	ACC_BA25	M				Mpair30_CTL	Control matched sample pair brain anterior cingulate cortex BA25_M #30	False	True
GSE12649__HG-U133A|PFC_BA46	GSM317477	GSE54572__HG-U133_Plus_2|ACC_BA25	GSM1319181	0.3481305343106336	3.0790410487949327	0.2689315378524077	GSE12649	CTL	PFC_BA46					96	control, BA46-96	GSE54572	MDD	ACC_BA25	M				Mpair4_MDD	MDD matched sample pair brain anterior cingulate cortex BA25_M #4	False	False
GSE12649__HG-U133A|PFC_BA46	GSM317387	GSE92538__HG-U133A|PFC_DLPFC	GSM2432053	0.34029373594319096	3.013604197678176	0.3207979851671575	GSE12649	SCZ	PFC_BA46					3	schizophrenia, BA46-3	GSE92538	CTL	PFC_DLPFC	M	60.0	30.0	6.8	108759	DLPFC_Male_Control_UMichigan_108759	False	False
GSE12649__HG-U133A|PFC_BA46	GSM317392	GSE92538__HG-U133A|PFC_DLPFC	GSM2431838	0.4945625072127627	4.376237197013385	0.469896390887099	GSE12649	SCZ	PFC_BA46					9	schizophrenia, BA46-9	GSE92538	BD	PFC_DLPFC	M	23.0	9.0	7.12	107366	DLPFC_Male_BipolarDisorder_UCDavis_107366	False	False
GSE12649__HG-U133A|PFC_BA46	GSM317393	GSE92538__HG-U133A|PFC_DLPFC	GSM2431871	0.35805648536794693	3.170499908494465	0.3517418408609651	GSE12649	SCZ	PFC_BA46					10	schizophrenia, BA46-10	GSE92538	MDD	PFC_DLPFC	M	34.0	29.6	6.71	109430	DLPFC_Male_MajorDepressiveDisorder_UCDavis_109430	False	False
GSE12649__HG-U133A|PFC_BA46	GSM317397	GSE92538__HG-U133A|PFC_DLPFC	GSM2431785	0.5933087087248864	5.248447636184516	0.5411894319175262	GSE12649	BD	PFC_BA46					14	bipolar disorder, BA46-14	GSE92538	BD	PFC_DLPFC	F	69.0	28.25	6.65	104767	DLPFC_Female_BipolarDisorder_UCDavis_104767	False	True
GSE12649__HG-U133A|PFC_BA46	GSM317401	GSE92538__HG-U133A|PFC_DLPFC	GSM2431738	0.3617692166006177	3.203293908561137	0.28410940289575354	GSE12649	BD	PFC_BA46					18	bipolar disorder, BA46-18	GSE92538	CTL	PFC_DLPFC	M	45.0	21.0	6.86	101923	DLPFC_Male_Control_UCDavis_101923	False	False
GSE12649__HG-U133A|PFC_BA46	GSM317414	GSE92538__HG-U133A|PFC_DLPFC	GSM2431844	0.34732237090643775	3.0756870797960705	0.32569189048107006	GSE12649	SCZ	PFC_BA46					31	schizophrenia, BA46-31	GSE92538	CTL	PFC_DLPFC	F	48.0	27.0	7.1	107886	DLPFC_Female_Control_UCDavis_107886	False	False
GSE12649__HG-U133A|PFC_BA46	GSM317419	GSE92538__HG-U133A|PFC_DLPFC	GSM2431756	0.6100179673240472	5.396038019994964	0.5469695601551133	GSE12649	BD	PFC_BA46					36	bipolar disorder, BA46-36	GSE92538	CTL	PFC_DLPFC	M	49.0	31.25	6.68	102539	DLPFC_Male_Control_UCDavis_102539	False	False
GSE12649__HG-U133A|PFC_BA46	GSM317424	GSE92538__HG-U133A|PFC_DLPFC	GSM2431807	0.35575143451683366	3.150139738843641	0.26163651205347194	GSE12649	SCZ	PFC_BA46					41	schizophrenia, BA46-41	GSE92538	MDD	PFC_DLPFC	F	50.0	15.25	6.59	106149	DLPFC_Female_MajorDepressiveDisorder_UCDavis_106149	False	False
GSE12649__HG-U133A|PFC_BA46	GSM317428	GSE92538__HG-U133A|PFC_DLPFC	GSM2431847	0.4610537014671863	4.0802589241492795	0.4152827966802798	GSE12649	SCZ	PFC_BA46					45	schizophrenia, BA46-45	GSE92538	CTL	PFC_DLPFC	F	47.0	41.25	6.73	108030	DLPFC_Female_Control_UCDavis_108030	False	False
GSE12649__HG-U133A|PFC_BA46	GSM317430	GSE92538__HG-U133A|PFC_DLPFC	GSM2431783	0.41009039193771385	3.6301076281436497	0.4057055045453029	GSE12649	SCZ	PFC_BA46					47	schizophrenia, BA46-47	GSE92538	SCZ	PFC_DLPFC	M	48.0	19.5	6.24	104655	DLPFC_Male_Schizophrenia_UCDavis_104655	False	True
GSE12649__HG-U133A|PFC_BA46	GSM317432	GSE92538__HG-U133A|PFC_DLPFC	GSM2431718	0.5544854670853536	4.905527745374272	0.54151921923244	GSE12649	CTL	PFC_BA46					49	control, BA46-49	GSE92538	SCZ	PFC_DLPFC	M	39.0	7.5	6.83	101078	DLPFC_Male_Schizophrenia_UCDavis_101078	False	False
GSE12649__HG-U133A|PFC_BA46	GSM317433	GSE92538__HG-U133A|PFC_DLPFC	GSM2431822	0.3751896086012252	3.3218342252664983	0.3597715178488918	GSE12649	BD	PFC_BA46					50	bipolar disorder, BA46-50	GSE92538	BD	PFC_DLPFC	F	63.0	22.0	6.71	106692	DLPFC_Female_BipolarDisorder_UCDavis_106692	False	True
GSE12649__HG-U133A|PFC_BA46	GSM317437	GSE92538__HG-U133A|PFC_DLPFC	GSM2432012	0.5221775377909819	4.620156634718495	0.4022535096394215	GSE12649	SCZ	PFC_BA46					55	schizophrenia, BA46-55	GSE92538	BD	PFC_DLPFC	F	34.0	39.5	6.73	106664	DLPFC_Female_BipolarDisorder_UMichigan_106664	False	False
GSE12649__HG-U133A|PFC_BA46	GSM317454	GSE92538__HG-U133A|PFC_DLPFC	GSM2431895	0.3598776897111829	3.186586334257781	0.3283088005605549	GSE12649	BD	PFC_BA46					72	bipolar disorder, BA46-72	GSE92538	CTL	PFC_DLPFC	F	48.0	27.0	7.1	107886	DLPFC_Female_Control_UCIrvine_107886	False	False
GSE12649__HG-U133A|PFC_BA46	GSM317459	GSE92538__HG-U133A|PFC_DLPFC	GSM2431761	0.5027308179258313	4.448386664691461	0.4711461066922684	GSE12649	CTL	PFC_BA46					77	control, BA46-77	GSE92538	SCZ	PFC_DLPFC	F	47.0	32.0	7.17	103037	DLPFC_Female_Schizophrenia_UCDavis_103037	False	False
GSE12649__HG-U133A|PFC_BA46	GSM317461	GSE92538__HG-U133A|PFC_DLPFC	GSM2432051	0.35937225156213415	3.182121874630931	0.3077283332287522	GSE12649	CTL	PFC_BA46					79	control, BA46-79	GSE92538	CTL	PFC_DLPFC	F	45.0	32.0	6.6	108634	DLPFC_Female_Control_UMichigan_108634	False	True
GSE12649__HG-U133A|PFC_BA46	GSM317468	GSE92538__HG-U133A|PFC_DLPFC	GSM2431743	0.5258388684045928	4.652496620799441	0.4714163588810574	GSE12649	CTL	PFC_BA46					86	control, BA46-86	GSE92538	SCZ	PFC_DLPFC	M	44.0	24.0	7.21	102118	DLPFC_Male_Schizophrenia_UCDavis_102118	False	False
GSE12649__HG-U133A|PFC_BA46	GSM317476	GSE92538__HG-U133A|PFC_DLPFC	GSM2431745	0.34956376865689287	3.0954850111224887	0.32678529879072915	GSE12649	CTL	PFC_BA46					95	control, BA46-95	GSE92538	CTL	PFC_DLPFC	F	64.0	19.25	6.83	102212	DLPFC_Female_Control_UCDavis_102212	False	True
GSE12649__HG-U133A|PFC_BA46	GSM317478	GSE92538__HG-U133A|PFC_DLPFC	GSM2431731	0.35074548646219306	3.1059229478750296	0.2912019226065134	GSE12649	SCZ	PFC_BA46					97	schizophrenia, BA46-97	GSE92538	MDD	PFC_DLPFC	M	65.0	26.0	6.72	101674	DLPFC_Male_MajorDepressiveDisorder_UCDavis_101674	False	False
GSE12649__HG-U133A|PFC_BA46	GSM317486	GSE92538__HG-U133A|PFC_DLPFC	GSM2431961	0.42933055600231257	3.800053121656612	0.36835102407644826	GSE12649	CTL	PFC_BA46					105	control, BA46-105	GSE92538	CTL	PFC_DLPFC	M	54.0	25.0	6.61	103998	DLPFC_Male_Control_r_UMichigan_103998	False	True
GSE12649__HG-U133A|PFC_BA46	GSM317388	GSE92538__HG-U133_Plus_2|PFC_DLPFC	GSM2431991	0.40446485310412467	3.7158787754752813	0.3199796473069045	GSE12649	BD	PFC_BA46					4	bipolar disorder, BA46-4	GSE92538	CTL	PFC_DLPFC	F	68.0	33.5	6.55	105725	DLPFC_Female_Control_p_UMichigan_105725	False	False
GSE12649__HG-U133A|PFC_BA46	GSM317392	GSE92538__HG-U133_Plus_2|PFC_DLPFC	GSM2431932	0.42221924918476833	3.8783134594179653	0.3642994074092957	GSE12649	SCZ	PFC_BA46					9	schizophrenia, BA46-9	GSE92538	CTL	PFC_DLPFC	M	64.0	10.5	7.13	102349	DLPFC_Male_Control_p_UMichigan_102349	False	False
GSE12649__HG-U133A|PFC_BA46	GSM317406	GSE92538__HG-U133_Plus_2|PFC_DLPFC	GSM2432065	0.3666121586392714	3.369565083145256	0.25686306684907423	GSE12649	BD	PFC_BA46					23	bipolar disorder, BA46-23	GSE92538	MDD	PFC_DLPFC	M	29.0	19.0	6.3	109120	DLPFC_Male_MajorDepressiveDisorder_p_UMichigan_109120	False	False
GSE12649__HG-U133A|PFC_BA46	GSM317411	GSE92538__HG-U133_Plus_2|PFC_DLPFC	GSM2431852	0.4920737892769847	4.51741152224711	0.37574803570404275	GSE12649	BD	PFC_BA46					28	bipolar disorder, BA46-28	GSE92538	CTL	PFC_DLPFC	M	64.0	24.5	6.55	108425	DLPFC_Male_Control_p_UCDavis_108425	False	False
GSE12649__HG-U133A|PFC_BA46	GSM317416	GSE92538__HG-U133_Plus_2|PFC_DLPFC	GSM2431877	0.5157149204034963	4.733703850363474	0.5062108139063421	GSE12649	CTL	PFC_BA46					33	control, BA46-33	GSE92538	CTL	PFC_DLPFC	M	32.0	10.0	7.04	109882	DLPFC_Male_Control_p_UCDavis_109882	False	True
GSE12649__HG-U133A|PFC_BA46	GSM317419	GSE92538__HG-U133_Plus_2|PFC_DLPFC	GSM2431858	0.5701932840750553	5.2321255226360615	0.5521239299938275	GSE12649	BD	PFC_BA46					36	bipolar disorder, BA46-36	GSE92538	MDD	PFC_DLPFC	F	46.0	9.5	7.39	108700	DLPFC_Female_MajorDepressiveDisorder_p_UCDavis_108700	False	False
GSE12649__HG-U133A|PFC_BA46	GSM317432	GSE92538__HG-U133_Plus_2|PFC_DLPFC	GSM2431717	0.5683110994976792	5.214905446235873	0.5406737730139587	GSE12649	CTL	PFC_BA46					49	control, BA46-49	GSE92538	SCZ	PFC_DLPFC	M	39.0	7.5	6.83	101078	DLPFC_Male_Schizophrenia_r_p_UCDavis_101078	False	False
GSE12649__HG-U133A|PFC_BA46	GSM317435	GSE92538__HG-U133_Plus_2|PFC_DLPFC	GSM2431829	0.332344898438451	3.056054471180798	0.3258476169811339	GSE12649	CTL	PFC_BA46					53	control, BA46-53	GSE92538	CTL	PFC_DLPFC	M	56.0	20.3	7.14	106966	DLPFC_Male_Control_p_UCDavis_106966	False	True
GSE12649__HG-U133A|PFC_BA46	GSM317441	GSE92538__HG-U133_Plus_2|PFC_DLPFC	GSM2431956	0.3394437894980719	3.121002111211777	0.32220018063287054	GSE12649	CTL	PFC_BA46					59	control, BA46-59	GSE92538	CTL	PFC_DLPFC	M	69.0	21.0	6.59	103610	DLPFC_Male_Control_p_UMichigan_103610	False	True
GSE12649__HG-U133A|PFC_BA46	GSM317444	GSE92538__HG-U133_Plus_2|PFC_DLPFC	GSM2431729	0.3461525057577744	3.182380048279091	0.3217703480575366	GSE12649	BD	PFC_BA46					62	bipolar disorder, BA46-62	GSE92538	SCZ	PFC_DLPFC	F	32.0	29.0	6.55	101618	DLPFC_Female_Schizophrenia_p_UCDavis_101618	False	False
GSE12649__HG-U133A|PFC_BA46	GSM317460	GSE92538__HG-U133_Plus_2|PFC_DLPFC	GSM2432029	0.38926563268137915	3.5768213524950934	0.36812244717620407	GSE12649	SCZ	PFC_BA46					78	schizophrenia, BA46-78	GSE92538	CTL	PFC_DLPFC	M	79.0	0.0	7.0	107309	DLPFC_Male_Control_p_UMichigan_107309	False	False
GSE12649__HG-U133A|PFC_BA46	GSM317461	GSE92538__HG-U133_Plus_2|PFC_DLPFC	GSM2432081	0.359862530124387	3.3078128405138627	0.3322343377459662	GSE12649	CTL	PFC_BA46					79	control, BA46-79	GSE92538	MDD	PFC_DLPFC	M	36.0	36.0	6.87	109833	DLPFC_Male_MajorDepressiveDisorder_p_UMichigan_109833	False	False
GSE12649__HG-U133A|PFC_BA46	GSM317467	GSE92538__HG-U133_Plus_2|PFC_DLPFC	GSM2432052	0.5897410505100797	5.4109677230824245	0.5644517966316404	GSE12649	SCZ	PFC_BA46					85	schizophrenia, BA46-85	GSE92538	MDD	PFC_DLPFC	F	46.0	9.5	7.39	108700	DLPFC_Female_MajorDepressiveDisorder_p_UMichigan_108700	False	False
GSE12649__HG-U133A|PFC_BA46	GSM317468	GSE92538__HG-U133_Plus_2|PFC_DLPFC	GSM2431741	0.5419212708717903	4.973465328944513	0.5229425324351124	GSE12649	CTL	PFC_BA46					86	control, BA46-86	GSE92538	SCZ	PFC_DLPFC	M	44.0	24.0	7.21	102118	DLPFC_Male_Schizophrenia_p_UCDavis_102118	False	False
GSE12649__HG-U133A|PFC_BA46	GSM317478	GSE92538__HG-U133_Plus_2|PFC_DLPFC	GSM2431747	0.4682248715680979	4.299218158033413	0.3970117777529198	GSE12649	SCZ	PFC_BA46					97	schizophrenia, BA46-97	GSE92538	SCZ	PFC_DLPFC	M	59.0	35.75	6.42	102317	DLPFC_Male_Schizophrenia_p_UCDavis_102317	False	True
GSE17612__HG-U133_Plus_2|PFC_BA10	GSM439786	GSE17612__HG-U133_Plus_2|PFC_BA10	GSM439822	0.4892648988554051	3.2314379258785255	0.44283189062344186	GSE17612	SCZ	PFC_BA10	M	77.0	3.0	6.1	S027	S027_Scz_M_77	GSE17612	CTL	PFC_BA10	M	25.0	12.0	6.6	C020	C020_Control_M_25	False	False
GSE17612__HG-U133_Plus_2|PFC_BA10	GSM439782	GSE21138__HG-U133_Plus_2|PFC_BA46	GSM528868	0.3612211807707836	3.154804226072241	0.30078607054647316	GSE17612	CTL	PFC_BA10	M	61.0	16.5	6.2	C013	C013_Control_M_61	GSE21138	SCZ	PFC_BA46	M	53.0	25.0	6.23	Scz-9	Scz-9	False	False
GSE17612__HG-U133_Plus_2|PFC_BA10	GSM439789	GSE21138__HG-U133_Plus_2|PFC_BA46	GSM528831	0.3619576191623659	3.161268234119409	0.2673890280759637	GSE17612	CTL	PFC_BA10	M	54.0	12.0	6.6	C007	C007_Control_M_54	GSE21138	CTL	PFC_BA46	M	38.0	46.0	6.42	Control-1	Control-1	False	True
GSE17612__HG-U133_Plus_2|PFC_BA10	GSM439795	GSE21138__HG-U133_Plus_2|PFC_BA46	GSM528871	0.35239981974296775	3.0773756871441424	0.2309325225816266	GSE17612	SCZ	PFC_BA10	F	81.0	22.0		S008	S008_Scz_F_81	GSE21138	SCZ	PFC_BA46	F	26.0	41.0	6.11	Scz-12	Scz-12	False	True
GSE17612__HG-U133_Plus_2|PFC_BA10	GSM439798	GSE21138__HG-U133_Plus_2|PFC_BA46	GSM528846	0.4333754787636275	3.788130744888555	0.28232529021240393	GSE17612	SCZ	PFC_BA10	M	82.0	11.0	6.4	S005	S005_Scz_M_82	GSE21138	CTL	PFC_BA46	M	42.0	63.0	6.34	Control-17	Control-17	False	False
GSE17612__HG-U133_Plus_2|PFC_BA10	GSM439799	GSE21138__HG-U133_Plus_2|PFC_BA46	GSM528889	0.3968139269694132	3.46721569250112	0.3751488518347554	GSE17612	CTL	PFC_BA10	M	58.0	15.0	6.5	C026	C026_Control_M_58	GSE21138	SCZ	PFC_BA46	M	67.0	21.0	6.46	Scz-30	Scz-30	False	False
GSE17612__HG-U133_Plus_2|PFC_BA10	GSM439801	GSE21138__HG-U133_Plus_2|PFC_BA46	GSM528879	0.38109507621480865	3.3292451861676757	0.2492460376106305	GSE17612	SCZ	PFC_BA10	M	87.0	3.5	6.0	S009	S009_Scz_M_87	GSE21138	SCZ	PFC_BA46	M	35.0	47.0	6.27	Scz-20	Scz-20	False	True
GSE17612__HG-U133_Plus_2|PFC_BA10	GSM439812	GSE21138__HG-U133_Plus_2|PFC_BA46	GSM528856	0.39220790529407884	3.4267868371954897	0.2449149442628757	GSE17612	CTL	PFC_BA10	F	68.0	6.0	6.4	C022	C022_Control_F_68	GSE21138	CTL	PFC_BA46	M	60.0	27.5	6.11	Control-27	Control-27	False	True
GSE17612__HG-U133_Plus_2|PFC_BA10	GSM439781	GSE35978__HuGene-1_0-st-v1|CB	GSM878295	0.2907864710818297	3.316407409817129	0.28823535864583455	GSE17612	SCZ	PFC_BA10	F	85.0	3.5	5.9	S017	S017_Scz_F_85	GSE35978	CTL	CB	M	45.0	31.0	6.67	k77	CC82_111809	False	False
GSE17612__HG-U133_Plus_2|PFC_BA10	GSM439782	GSE35978__HuGene-1_0-st-v1|CB	GSM878215	0.27211239251918173	3.103061401218948	0.21407242108455019	GSE17612	CTL	PFC_BA10	M	61.0	16.5	6.2	C013	C013_Control_M_61	GSE35978	SCZ	CB	M	40.0	34.0	6.18	k1	CC2_100909	False	False
GSE17612__HG-U133_Plus_2|PFC_BA10	GSM439786	GSE35978__HuGene-1_0-st-v1|CB	GSM878343	0.2678312882275478	3.0541510086687347	0.2640882079018775	GSE17612	SCZ	PFC_BA10	M	77.0	3.0	6.1	S027	S027_Scz_M_77	GSE35978	MDD	CB	F	45.0	32.0	6.2	k118	CC130_111109	False	False
GSE17612__HG-U133_Plus_2|PFC_BA10	GSM439787	GSE35978__HuGene-1_0-st-v1|CB	GSM878348	0.2702393430674274	3.081662346743613	0.17604224165132695	GSE17612	CTL	PFC_BA10	F	90.0	12.5	5.7	C010	C010_Control_F_90	GSE35978	BD	CB	M	30.0	31.0	6.1	k123	CC135_100909	False	False
GSE17612__HG-U133_Plus_2|PFC_BA10	GSM439788	GSE35978__HuGene-1_0-st-v1|CB	GSM878222	0.33669399649139403	3.8408877625099	0.283422521230362	GSE17612	CTL	PFC_BA10		91.0	4.5	6.3	C014	C014_Control_M91	GSE35978	BD	CB	M	20.0	12.0	5.978	k6	CC9_100909	False	False
GSE17612__HG-U133_Plus_2|PFC_BA10	GSM439795	GSE35978__HuGene-1_0-st-v1|CB	GSM878317	0.2945076746353588	3.3589210965119456	0.238151974444287	GSE17612	SCZ	PFC_BA10	F	81.0	22.0		S008	S008_Scz_F_81	GSE35978	MDD	CB	M	45.0	28.0	6.4	k98	CC103_111809	False	False
GSE17612__HG-U133_Plus_2|PFC_BA10	GSM439799	GSE35978__HuGene-1_0-st-v1|CB	GSM878257	0.37246916143495257	4.249608793753516	0.3024691899164241	GSE17612	CTL	PFC_BA10	M	58.0	15.0	6.5	C026	C026_Control_M_58	GSE35978	CTL	CB	M	35.0	22.0	6.48	k41	CC44_102309	False	True
GSE17612__HG-U133_Plus_2|PFC_BA10	GSM439804	GSE35978__HuGene-1_0-st-v1|CB	GSM878326	0.43000400812648204	4.906927967803596	0.279778342800157	GSE17612	CTL	PFC_BA10	M	25.0	17.0	6.9	C021	C021_Control_M_25	GSE35978	BD	CB	M	50.0	19.0	6.2	k106	CC113_102309	False	False
GSE17612__HG-U133_Plus_2|PFC_BA10	GSM439811	GSE35978__HuGene-1_0-st-v1|CB	GSM878325	0.29693736586840763	3.3866796241928663	0.21059449493480667	GSE17612	SCZ	PFC_BA10	F	75.0	3.0	6.0	S001	S001_Scz_F_75	GSE35978	BD	CB	F	60.0	60.0	6.5	k105	CC112_102309	False	False
GSE17612__HG-U133_Plus_2|PFC_BA10	GSM439812	GSE35978__HuGene-1_0-st-v1|CB	GSM878283	0.41323649778228355	4.715363956007117	0.3680170234522383	GSE17612	CTL	PFC_BA10	F	68.0	6.0	6.4	C022	C022_Control_F_68	GSE35978	SCZ	CB	M	55.0	38.0	6.17	k65	CC70_111109	False	False
GSE17612__HG-U133_Plus_2|PFC_BA10	GSM439813	GSE35978__HuGene-1_0-st-v1|CB	GSM878319	0.27623594580986044	3.1501718186275944	0.23905784998743557	GSE17612	SCZ	PFC_BA10	M	83.0	11.5	6.1	S033	S033_Scz_M_83	GSE35978	MDD	CB	F	40.0	25.0	6.3	k100	CC106_102309	False	False
GSE17612__HG-U133_Plus_2|PFC_BA10	GSM439782	GSE35978__HuGene-1_0-st-v1|PARIETAL	GSM878413	0.3749789782889755	3.5611536117837117	0.3380692242914486	GSE17612	CTL	PFC_BA10	M	61.0	16.5	6.2	C013	C013_Control_M_61	GSE35978	SCZ	PARIETAL	M	45.0	30.0	6.72	k133	CC182_40610	False	False
GSE17612__HG-U133_Plus_2|PFC_BA10	GSM439786	GSE35978__HuGene-1_0-st-v1|PARIETAL	GSM878478	0.37469315554853627	3.5584323227366434	0.3567246198507798	GSE17612	SCZ	PFC_BA10	M	77.0	3.0	6.1	S027	S027_Scz_M_77	GSE35978	CTL	PARIETAL	F	55.0	26.0	6.0	k110	CC247_51310	False	False
GSE17612__HG-U133_Plus_2|PFC_BA10	GSM439797	GSE35978__HuGene-1_0-st-v1|PARIETAL	GSM878481	0.4150165735039842	3.942347456479714	0.3756305245935684	GSE17612	CTL	PFC_BA10	M	91.0	9.5	6.3	C015	C015_Control_M_91	GSE35978	CTL	PARIETAL	F	55.0	26.0	6.0	k110	CC250_51110	False	True
GSE17612__HG-U133_Plus_2|PFC_BA10	GSM439799	GSE35978__HuGene-1_0-st-v1|PARIETAL	GSM878484	0.35237158812149916	3.345910964711533	0.345582502682133	GSE17612	CTL	PFC_BA10	M	58.0	15.0	6.5	C026	C026_Control_M_58	GSE35978	SCZ	PARIETAL	M	30.0	14.0	5.8	k144	CC252_51210	False	False
GSE17612__HG-U133_Plus_2|PFC_BA10	GSM439802	GSE35978__HuGene-1_0-st-v1|PARIETAL	GSM878412	0.3812079485719588	3.6204590000797965	0.229270014411882	GSE17612	CTL	PFC_BA10	F	87.0	14.5	6.5	C002	C002_Control_F_87	GSE35978	BD	PARIETAL	M	65.0	16.0	6.1	k35	CC181_40610	False	False
GSE17612__HG-U133_Plus_2|PFC_BA10	GSM439804	GSE35978__HuGene-1_0-st-v1|PARIETAL	GSM878457	0.36181505102334116	3.4358212081081634	0.3542888312453196	GSE17612	CTL	PFC_BA10	M	25.0	17.0	6.9	C021	C021_Control_M_25	GSE35978	SCZ	PARIETAL	M	40.0	26.0	6.8	k74	CC226_40810	False	False
GSE17612__HG-U133_Plus_2|PFC_BA10	GSM439806	GSE35978__HuGene-1_0-st-v1|PARIETAL	GSM878527	0.3375399614832577	3.2047005660608288	0.2866478390668891	GSE17612	SCZ	PFC_BA10	M	79.0	4.5	6.1	S031	S031_Scz_M_79	GSE35978	MDD	PARIETAL	M	45.0	43.0	5.9	k155	CC296_51310	False	False
GSE17612__HG-U133_Plus_2|PFC_BA10	GSM439812	GSE35978__HuGene-1_0-st-v1|PARIETAL	GSM878503	0.40838272020249006	3.8791872184193155	0.40681797392273	GSE17612	CTL	PFC_BA10	F	68.0	6.0	6.4	C022	C022_Control_F_68	GSE35978	BD	PARIETAL	M	50.0	13.0	6.1	k109	CC272_51210	False	False
GSE17612__HG-U133_Plus_2|PFC_BA10	GSM439821	GSE35978__HuGene-1_0-st-v1|PARIETAL	GSM878418	0.32704795501850525	3.1048072467593983	0.31987402006204463	GSE17612	SCZ	PFC_BA10	M	82.0	19.5	5.8	S010	S010_Scz_M_82	GSE35978	SCZ	PARIETAL	M	35.0	29.0	6.5	k31	CC187_40710	False	True
GSE17612__HG-U133_Plus_2|PFC_BA10	GSM439781	GSE53987__HG-U133_Plus_2|HPC	GSM1304866	0.38193318523468783	3.5456663782002416	0.3370861691908416	GSE17612	SCZ	PFC_BA10	F	85.0	3.5	5.9	S017	S017_Scz_F_85	GSE53987	BD	HPC	M	65.0	8.9	6.7	k14	bipolar_hip_6	False	False
GSE17612__HG-U133_Plus_2|PFC_BA10	GSM439799	GSE53987__HG-U133_Plus_2|HPC	GSM1304910	0.4391732723457385	4.073365603366102	0.2914917895773323	GSE17612	CTL	PFC_BA10	M	58.0	15.0	6.5	C026	C026_Control_M_58	GSE53987	SCZ	HPC	F	46.0	23.8	6.61	k58	schiz_hip_19	False	False
GSE17612__HG-U133_Plus_2|PFC_BA10	GSM439804	GSE53987__HG-U133_Plus_2|HPC	GSM1304908	0.357482360129346	3.320252998976647	0.31670272171330655	GSE17612	CTL	PFC_BA10	M	25.0	17.0	6.9	C021	C021_Control_M_25	GSE53987	SCZ	HPC	M	62.0	22.7	7.14	k56	schiz_hip_14	False	False
GSE17612__HG-U133_Plus_2|PFC_BA10	GSM439809	GSE53987__HG-U133_Plus_2|HPC	GSM1304917	0.34822449476276995	3.2349042752552104	0.29190052054439075	GSE17612	SCZ	PFC_BA10	M	63.0	30.0	6.5	S012	S012_Scz_M_63	GSE53987	SCZ	HPC	F	44.0	18.7	6.2	k65	schiz_hip_7	False	True
GSE17612__HG-U133_Plus_2|PFC_BA10	GSM439812	GSE53987__HG-U133_Plus_2|HPC	GSM1304873	0.4288968623608156	3.978626865879387	0.323248183738956	GSE17612	CTL	PFC_BA10	F	68.0	6.0	6.4	C022	C022_Control_F_68	GSE53987	CTL	HPC	F	65.0	18.5	6.5	k21	control_hip_13	False	True
GSE17612__HG-U133_Plus_2|PFC_BA10	GSM439815	GSE53987__HG-U133_Plus_2|HPC	GSM1304854	0.36115276733373813	3.3540906665197316	0.21378583880797342	GSE17612	SCZ	PFC_BA10	M	79.0	4.5	6.3	S019	S019_Scz_M_79	GSE53987	BD	HPC	F	28.0	22.3	6.3	k2	bipolar_hip_12	False	False
GSE17612__HG-U133_Plus_2|PFC_BA10	GSM439820	GSE53987__HG-U133_Plus_2|HPC	GSM1304918	0.38051919692507497	3.5326307492724123	0.3349209746395829	GSE17612	SCZ	PFC_BA10	F	97.0	3.5	6.2	S023	S023_Scz_F_97	GSE53987	SCZ	HPC	M	38.0	28.8	6.56	k66	schiz_hip_8	False	True
GSE17612__HG-U133_Plus_2|PFC_BA10	GSM439781	GSE53987__HG-U133_Plus_2|PFC_BA46	GSM1304943	0.3764661306000768	3.505383719203138	0.2820134048467034	GSE17612	SCZ	PFC_BA10	F	85.0	3.5	5.9	S017	S017_Scz_F_85	GSE53987	CTL	PFC_BA46	F	52.0	22.6	7.1	k24	control_pfc_16	False	False
GSE17612__HG-U133_Plus_2|PFC_BA10	GSM439783	GSE53987__HG-U133_Plus_2|PFC_BA46	GSM1304982	0.3974454833181308	3.700386039761654	0.319180316154435	GSE17612	CTL	PFC_BA10	F	54.0	4.0	6.5	C028	C028_Control_F_54	GSE53987	SCZ	PFC_BA46	F	41.0	20.1	6.27	k61	schiz_pfc_3	False	False
GSE17612__HG-U133_Plus_2|PFC_BA10	GSM439786	GSE53987__HG-U133_Plus_2|PFC_BA46	GSM1304937	0.3540808083666614	3.2973129631302105	0.2826185564638187	GSE17612	SCZ	PFC_BA10	M	77.0	3.0	6.1	S027	S027_Scz_M_77	GSE53987	CTL	PFC_BA46	M	51.0	24.2	6.6	k18	control_pfc_10	False	False
GSE17612__HG-U133_Plus_2|PFC_BA10	GSM439797	GSE53987__HG-U133_Plus_2|PFC_BA46	GSM1304956	0.47812851672282625	4.450331901059668	0.4769148963992823	GSE17612	CTL	PFC_BA10	M	91.0	9.5	6.3	C015	C015_Control_M_91	GSE53987	MDD	PFC_BA46	M	51.0	24.6	6.5	k36	MDD_pfc_10	False	False
GSE17612__HG-U133_Plus_2|PFC_BA10	GSM439799	GSE53987__HG-U133_Plus_2|PFC_BA46	GSM1304980	0.40915084896592924	3.8091869877690887	0.3875377283396505	GSE17612	CTL	PFC_BA10	M	58.0	15.0	6.5	C026	C026_Control_M_58	GSE53987	SCZ	PFC_BA46	F	46.0	23.8	6.61	k58	schiz_pfc_19	False	False
GSE17612__HG-U133_Plus_2|PFC_BA10	GSM439812	GSE53987__HG-U133_Plus_2|PFC_BA46	GSM1304940	0.3621999261084801	3.3727798672725857	0.3424574821568765	GSE17612	CTL	PFC_BA10	F	68.0	6.0	6.4	C022	C022_Control_F_68	GSE53987	CTL	PFC_BA46	F	65.0	18.5	6.5	k21	control_pfc_13	False	True
GSE17612__HG-U133_Plus_2|PFC_BA10	GSM439820	GSE53987__HG-U133_Plus_2|PFC_BA46	GSM1304981	0.3883935113556693	3.616248289563499	0.25036984767204296	GSE17612	SCZ	PFC_BA10	F	97.0	3.5	6.2	S023	S023_Scz_F_97	GSE53987	SCZ	PFC_BA46	M	50.0	11.0	6.23	k59	schiz_pfc_1	False	True
GSE17612__HG-U133_Plus_2|PFC_BA10	GSM439781	GSE53987__HG-U133_Plus_2|STR	GSM1305021	0.3263024536023125	3.004173705840569	0.2787942764013572	GSE17612	SCZ	PFC_BA10	F	85.0	3.5	5.9	S017	S017_Scz_F_85	GSE53987	CTL	STR	F	58.0	22.7	6.4	k25	control_str_17	False	False
GSE17612__HG-U133_Plus_2|PFC_BA10	GSM439795	GSE53987__HG-U133_Plus_2|STR	GSM1305044	0.3518279922932589	3.2388825062291957	0.3491584179325847	GSE17612	SCZ	PFC_BA10	F	81.0	22.0		S008	S008_Scz_F_81	GSE53987	SCZ	STR	M	58.0	7.7	6.22	k64	schiz_str_6	False	True
GSE17612__HG-U133_Plus_2|PFC_BA10	GSM439797	GSE53987__HG-U133_Plus_2|STR	GSM1305031	0.45351347284359367	4.173886364360319	0.3818778297855363	GSE17612	CTL	PFC_BA10	M	91.0	9.5	6.3	C015	C015_Control_M_91	GSE53987	MDD	STR	M	51.0	24.6	6.5	k36	MDD_str_10	False	False
GSE17612__HG-U133_Plus_2|PFC_BA10	GSM439801	GSE53987__HG-U133_Plus_2|STR	GSM1305050	0.3511705696932632	3.232837467506934	0.23391859135666337	GSE17612	SCZ	PFC_BA10	M	87.0	3.5	6.0	S009	S009_Scz_M_87	GSE53987	SCZ	STR	F	25.0	20.1	6.73	k55	schiz_str_12	False	True
GSE17612__HG-U133_Plus_2|PFC_BA10	GSM439812	GSE53987__HG-U133_Plus_2|STR	GSM1305017	0.43601436036054086	4.012981015858516	0.3080586342455793	GSE17612	CTL	PFC_BA10	F	68.0	6.0	6.4	C022	C022_Control_F_68	GSE53987	CTL	STR	F	65.0	18.5	6.5	k21	control_str_13	False	True
GSE17612__HG-U133_Plus_2|PFC_BA10	GSM439820	GSE53987__HG-U133_Plus_2|STR	GSM1305039	0.39937195458433244	3.6760519814817574	0.2611096262268646	GSE17612	SCZ	PFC_BA10	F	97.0	3.5	6.2	S023	S023_Scz_F_97	GSE53987	SCZ	STR	M	50.0	11.0	6.23	k59	schiz_str_1	False	True
GSE17612__HG-U133_Plus_2|PFC_BA10	GSM439784	GSE54567__HG-U133_Plus_2|PFC_BA9	GSM1319051	0.36976264432899103	3.361287229755767	0.1975969571139107	GSE17612	SCZ	PFC_BA10	M	41.0	8.0	6.3	S025	S025_Scz_M_41	GSE54567	CTL	PFC_BA9	M				Mpair2_CTL	Control matched sample pair brain dorsolateral prefrontal cortex BA9_M #2	False	False
GSE17612__HG-U133_Plus_2|PFC_BA10	GSM439795	GSE54567__HG-U133_Plus_2|PFC_BA9	GSM1319067	0.35493464289508225	3.227127691450703	0.20688436981147224	GSE17612	SCZ	PFC_BA10	F	81.0	22.0		S008	S008_Scz_F_81	GSE54567	MDD	PFC_BA9	M				Mpair7_MDD	MDD matched sample pair brain dorsolateral prefrontal cortex BA9_M #7	False	False
GSE17612__HG-U133_Plus_2|PFC_BA10	GSM439797	GSE54567__HG-U133_Plus_2|PFC_BA9	GSM1319073	0.39616443358568204	3.6001631074586973	0.17934777399162735	GSE17612	CTL	PFC_BA10	M	91.0	9.5	6.3	C015	C015_Control_M_91	GSE54567	MDD	PFC_BA9	M				Mpair25_MDD	MDD matched sample pair brain dorsolateral prefrontal cortex BA9_M #25	False	False
GSE17612__HG-U133_Plus_2|PFC_BA10	GSM439786	GSE54568__HG-U133_Plus_2|PFC_BA9	GSM1319080	0.3981709977109124	3.8350930048081953	0.2473210129023459	GSE17612	SCZ	PFC_BA10	M	77.0	3.0	6.1	S027	S027_Scz_M_77	GSE54568	CTL	PFC_BA9	F				Fpair6_CTL	Control matched sample pair brain dorsolateral prefrontal cortex BA9_F #6	False	False
GSE17612__HG-U133_Plus_2|PFC_BA10	GSM439795	GSE54568__HG-U133_Plus_2|PFC_BA9	GSM1319078	0.31997605712310506	3.0824567553837485	0.19407159322775222	GSE17612	SCZ	PFC_BA10	F	81.0	22.0		S008	S008_Scz_F_81	GSE54568	CTL	PFC_BA9	F				Fpair3_CTL	Control matched sample pair brain dorsolateral prefrontal cortex BA9_F #3	False	False
GSE17612__HG-U133_Plus_2|PFC_BA10	GSM439799	GSE54568__HG-U133_Plus_2|PFC_BA9	GSM1319095	0.31962540402444567	3.079081674706659	0.20218753387023647	GSE17612	CTL	PFC_BA10	M	58.0	15.0	6.5	C026	C026_Control_M_58	GSE54568	MDD	PFC_BA9	F				Fpair6_MDD	MDD matched sample pair brain dorsolateral prefrontal cortex BA9_F #6	False	False
GSE17612__HG-U133_Plus_2|PFC_BA10	GSM439804	GSE54568__HG-U133_Plus_2|PFC_BA9	GSM1319085	0.34032335967312727	3.278302130570862	0.2078037348106673	GSE17612	CTL	PFC_BA10	M	25.0	17.0	6.9	C021	C021_Control_M_25	GSE54568	CTL	PFC_BA9	F				Fpair13_CTL	Control matched sample pair brain dorsolateral prefrontal cortex BA9_F #13	False	True
GSE17612__HG-U133_Plus_2|PFC_BA10	GSM439812	GSE54568__HG-U133_Plus_2|PFC_BA9	GSM1319091	0.40737269935135023	3.9236605535386024	0.27991733313863804	GSE17612	CTL	PFC_BA10	F	68.0	6.0	6.4	C022	C022_Control_F_68	GSE54568	CTL	PFC_BA9	F				Fpair24_CTL	Control matched sample pair brain dorsolateral prefrontal cortex BA9_F #24	False	True
GSE17612__HG-U133_Plus_2|PFC_BA10	GSM439801	GSE54571__HG-U133_Plus_2|ACC_BA25	GSM1319143	0.3231386827424547	3.118213432600641	0.17720717029244043	GSE17612	SCZ	PFC_BA10	M	87.0	3.5	6.0	S009	S009_Scz_M_87	GSE54571	CTL	ACC_BA25	F				Fpair5_CTL	Control matched sample pair brain anterior cingulate cortex BA25_F #5	False	False
GSE17612__HG-U133_Plus_2|PFC_BA10	GSM439812	GSE54571__HG-U133_Plus_2|ACC_BA25	GSM1319154	0.33122109416427514	3.196222411902225	0.27245541726314954	GSE17612	CTL	PFC_BA10	F	68.0	6.0	6.4	C022	C022_Control_F_68	GSE54571	CTL	ACC_BA25	F				Fpair24_CTL	Control matched sample pair brain anterior cingulate cortex BA25_F #24	False	True
GSE17612__HG-U133_Plus_2|PFC_BA10	GSM439822	GSE54571__HG-U133_Plus_2|ACC_BA25	GSM1319150	0.32822762377765147	3.1673303452598867	0.20531900333260986	GSE17612	CTL	PFC_BA10	M	25.0	12.0	6.6	C020	C020_Control_M_25	GSE54571	CTL	ACC_BA25	F				Fpair16_CTL	Control matched sample pair brain anterior cingulate cortex BA25_F #16	False	True
GSE17612__HG-U133_Plus_2|PFC_BA10	GSM439786	GSE54572__HG-U133_Plus_2|ACC_BA25	GSM1319177	0.3695481304815466	3.377847199825736	0.21989756546259925	GSE17612	SCZ	PFC_BA10	M	77.0	3.0	6.1	S027	S027_Scz_M_77	GSE54572	CTL	ACC_BA25	M				Mpair26_CTL	Control matched sample pair brain anterior cingulate cortex BA25_M #26	False	False
GSE17612__HG-U133_Plus_2|PFC_BA10	GSM439788	GSE54572__HG-U133_Plus_2|ACC_BA25	GSM1319171	0.381763102442165	3.4883145158049715	0.28159084154524594	GSE17612	CTL	PFC_BA10		91.0	4.5	6.3	C014	C014_Control_M91	GSE54572	CTL	ACC_BA25	M				Mpair11_CTL	Control matched sample pair brain anterior cingulate cortex BA25_M #11	False	True
GSE17612__HG-U133_Plus_2|PFC_BA10	GSM439804	GSE54572__HG-U133_Plus_2|ACC_BA25	GSM1319188	0.36496736394276885	3.336420581222131	0.2632282472913224	GSE17612	CTL	PFC_BA10	M	25.0	17.0	6.9	C021	C021_Control_M_25	GSE54572	MDD	ACC_BA25	M				Mpair25_MDD	MDD matched sample pair brain anterior cingulate cortex BA25_M #25	False	False
GSE17612__HG-U133_Plus_2|PFC_BA10	GSM439812	GSE54572__HG-U133_Plus_2|ACC_BA25	GSM1319169	0.3552849399161477	3.2488566148174507	0.32120044653997226	GSE17612	CTL	PFC_BA10	F	68.0	6.0	6.4	C022	C022_Control_F_68	GSE54572	CTL	ACC_BA25	M				Mpair4_CTL	Control matched sample pair brain anterior cingulate cortex BA25_M #4	False	True
GSE17612__HG-U133_Plus_2|PFC_BA10	GSM439782	GSE92538__HG-U133A|PFC_DLPFC	GSM2432092	0.37740848686446804	3.231673800490202	0.3095936638831663	GSE17612	CTL	PFC_BA10	M	61.0	16.5	6.2	C013	C013_Control_M_61	GSE92538	CTL	PFC_DLPFC	F	57.0	16.5	6.61	109991	DLPFC_Female_Control_UMichigan_109991	False	True
GSE17612__HG-U133_Plus_2|PFC_BA10	GSM439786	GSE92538__HG-U133A|PFC_DLPFC	GSM2432016	0.43640865007832774	3.7361225316825095	0.40537275877683077	GSE17612	SCZ	PFC_BA10	M	77.0	3.0	6.1	S027	S027_Scz_M_77	GSE92538	CTL	PFC_DLPFC	M	50.0	29.0	6.6	106742	DLPFC_Male_Control_UMichigan_106742	False	False
GSE17612__HG-U133_Plus_2|PFC_BA10	GSM439789	GSE92538__HG-U133A|PFC_DLPFC	GSM2431743	0.39917430535728776	3.4177705657189077	0.38986681116566846	GSE17612	CTL	PFC_BA10	M	54.0	12.0	6.6	C007	C007_Control_M_54	GSE92538	SCZ	PFC_DLPFC	M	44.0	24.0	7.21	102118	DLPFC_Male_Schizophrenia_UCDavis_102118	False	False
GSE17612__HG-U133_Plus_2|PFC_BA10	GSM439790	GSE92538__HG-U133A|PFC_DLPFC	GSM2431909	0.3711570544974508	3.178224336049812	0.3566736607689606	GSE17612	SCZ	PFC_BA10	F	65.0	3.0	6.1	S013	S013_Scz_F_65	GSE92538	CTL	PFC_DLPFC	F	70.0	14.5		101309	DLPFC_Female_Control_UMichigan_101309	False	False
GSE17612__HG-U133_Plus_2|PFC_BA10	GSM439791	GSE92538__HG-U133A|PFC_DLPFC	GSM2432073	0.357309614498515	3.0598293493714728	0.29313865086972357	GSE17612	SCZ	PFC_BA10	M	75.0	9.0	6.3	S024	S024_Scz_M_75	GSE92538	CTL	PFC_DLPFC	M	54.0	11.0	6.97	109422	DLPFC_Male_Control_UMichigan_109422	False	False
GSE17612__HG-U133_Plus_2|PFC_BA10	GSM439797	GSE92538__HG-U133A|PFC_DLPFC	GSM2431942	0.4707892839497003	4.030075398747241	0.4617451411774606	GSE17612	CTL	PFC_BA10	M	91.0	9.5	6.3	C015	C015_Control_M_91	GSE92538	CTL	PFC_DLPFC	M	49.0	31.25	6.68	102539	DLPFC_Male_Control_UMichigan_102539	False	True
GSE17612__HG-U133_Plus_2|PFC_BA10	GSM439799	GSE92538__HG-U133A|PFC_DLPFC	GSM2431718	0.4436245456521288	3.797818112988377	0.4256787842411761	GSE17612	CTL	PFC_BA10	M	58.0	15.0	6.5	C026	C026_Control_M_58	GSE92538	SCZ	PFC_DLPFC	M	39.0	7.5	6.83	101078	DLPFC_Male_Schizophrenia_UCDavis_101078	False	False
GSE17612__HG-U133_Plus_2|PFC_BA10	GSM439801	GSE92538__HG-U133A|PFC_DLPFC	GSM2431783	0.38125813724609137	3.2645881374133863	0.322534478748101	GSE17612	SCZ	PFC_BA10	M	87.0	3.5	6.0	S009	S009_Scz_M_87	GSE92538	SCZ	PFC_DLPFC	M	48.0	19.5	6.24	104655	DLPFC_Male_Schizophrenia_UCDavis_104655	False	True
GSE17612__HG-U133_Plus_2|PFC_BA10	GSM439802	GSE92538__HG-U133A|PFC_DLPFC	GSM2431964	0.37609186220361657	3.2204167190950943	0.3458377406712742	GSE17612	CTL	PFC_BA10	F	87.0	14.5	6.5	C002	C002_Control_F_87	GSE92538	BD	PFC_DLPFC	M	73.0	10.5	6.62	104097	DLPFC_Male_BipolarDisorder_UMichigan_104097	False	False
GSE17612__HG-U133_Plus_2|PFC_BA10	GSM439809	GSE92538__HG-U133A|PFC_DLPFC	GSM2431795	0.4904066118011714	4.197802666012384	0.38312738587139517	GSE17612	SCZ	PFC_BA10	M	63.0	30.0	6.5	S012	S012_Scz_M_63	GSE92538	MDD	PFC_DLPFC	F	48.0	37.0	6.95	105643	DLPFC_Female_MajorDepressiveDisorder_UCDavis_105643	False	False
GSE17612__HG-U133_Plus_2|PFC_BA10	GSM439812	GSE92538__HG-U133A|PFC_DLPFC	GSM2431846	0.4252704006794083	3.6408910022946634	0.42105552859291007	GSE17612	CTL	PFC_BA10	F	68.0	6.0	6.4	C022	C022_Control_F_68	GSE92538	CTL	PFC_DLPFC	F	64.0	27.0	6.15	108021	DLPFC_Female_Control_UCDavis_108021	False	True
GSE17612__HG-U133_Plus_2|PFC_BA10	GSM439814	GSE92538__HG-U133A|PFC_DLPFC	GSM2431997	0.3937793412560037	3.37164386627477	0.3417373443467429	GSE17612	CTL	PFC_BA10	M	60.0	16.0	6.9	C016	C016_Control_M_60	GSE92538	CTL	PFC_DLPFC	F	47.0	20.5	6.3	105976	DLPFC_Female_Control_UMichigan_105976	False	True
GSE17612__HG-U133_Plus_2|PFC_BA10	GSM439822	GSE92538__HG-U133A|PFC_DLPFC	GSM2431993	0.36162126122964694	3.0966937342204632	0.35520820555455723	GSE17612	CTL	PFC_BA10	M	25.0	12.0	6.6	C020	C020_Control_M_25	GSE92538	CTL	PFC_DLPFC	M	18.0	22.0	6.97	105928	DLPFC_Male_Control_r_UMichigan_105928	False	True
GSE17612__HG-U133_Plus_2|PFC_BA10	GSM439828	GSE92538__HG-U133A|PFC_DLPFC	GSM2431869	0.36915587897765084	3.1611143757231424	0.36484922143538734	GSE17612	SCZ	PFC_BA10	M	77.0	3.0	6.2	S032	S032_Scz_M_77	GSE92538	BD	PFC_DLPFC	F	81.0	23.0		109377	DLPFC_Female_BipolarDisorder_UCDavis_109377	False	False
GSE17612__HG-U133_Plus_2|PFC_BA10	GSM439781	GSE92538__HG-U133_Plus_2|PFC_DLPFC	GSM2431867	0.3567073815746061	3.2326938260894686	0.3343948802665974	GSE17612	SCZ	PFC_BA10	F	85.0	3.5	5.9	S017	S017_Scz_F_85	GSE92538	MDD	PFC_DLPFC	M	39.0	29.0	7.18	109257	DLPFC_Male_MajorDepressiveDisorder_p_UCDavis_109257	False	False
GSE17612__HG-U133_Plus_2|PFC_BA10	GSM439789	GSE92538__HG-U133_Plus_2|PFC_DLPFC	GSM2431741	0.37546716088818266	3.401886891672114	0.3673524702260269	GSE17612	CTL	PFC_BA10	M	54.0	12.0	6.6	C007	C007_Control_M_54	GSE92538	SCZ	PFC_DLPFC	M	44.0	24.0	7.21	102118	DLPFC_Male_Schizophrenia_p_UCDavis_102118	False	False
GSE17612__HG-U133_Plus_2|PFC_BA10	GSM439791	GSE92538__HG-U133_Plus_2|PFC_DLPFC	GSM2431747	0.44557461465129944	4.034180844820641	0.25349350747728755	GSE17612	SCZ	PFC_BA10	M	75.0	9.0	6.3	S024	S024_Scz_M_75	GSE92538	SCZ	PFC_DLPFC	M	59.0	35.75	6.42	102317	DLPFC_Male_Schizophrenia_p_UCDavis_102317	False	True
GSE17612__HG-U133_Plus_2|PFC_BA10	GSM439795	GSE92538__HG-U133_Plus_2|PFC_DLPFC	GSM2431760	0.3411238667532733	3.092147255626044	0.24690244563571495	GSE17612	SCZ	PFC_BA10	F	81.0	22.0		S008	S008_Scz_F_81	GSE92538	CTL	PFC_DLPFC	M	69.0	25.8	7.12	102854	DLPFC_Male_Control_p_UCDavis_102854	False	False
GSE17612__HG-U133_Plus_2|PFC_BA10	GSM439798	GSE92538__HG-U133_Plus_2|PFC_DLPFC	GSM2431852	0.46617525696515716	4.219976517988858	0.40315632329624607	GSE17612	SCZ	PFC_BA10	M	82.0	11.0	6.4	S005	S005_Scz_M_82	GSE92538	CTL	PFC_DLPFC	M	64.0	24.5	6.55	108425	DLPFC_Male_Control_p_UCDavis_108425	False	False
GSE17612__HG-U133_Plus_2|PFC_BA10	GSM439799	GSE92538__HG-U133_Plus_2|PFC_DLPFC	GSM2431717	0.4659651818290584	4.218081865835166	0.4580815323439646	GSE17612	CTL	PFC_BA10	M	58.0	15.0	6.5	C026	C026_Control_M_58	GSE92538	SCZ	PFC_DLPFC	M	39.0	7.5	6.83	101078	DLPFC_Male_Schizophrenia_r_p_UCDavis_101078	False	False
GSE17612__HG-U133_Plus_2|PFC_BA10	GSM439800	GSE92538__HG-U133_Plus_2|PFC_DLPFC	GSM2431793	0.3508014817013022	3.179428950853688	0.3249387025114407	GSE17612	SCZ	PFC_BA10	F	28.0	11.0	6.3	S028	S028_Scz_F_28	GSE92538	BD	PFC_DLPFC	M	33.0	23.5	6.41	105544	DLPFC_Male_BipolarDisorder_p_UCDavis_105544	False	False
GSE17612__HG-U133_Plus_2|PFC_BA10	GSM439801	GSE92538__HG-U133_Plus_2|PFC_DLPFC	GSM2432000	0.3705255604323348	3.357318961738929	0.18480720928881153	GSE17612	SCZ	PFC_BA10	M	87.0	3.5	6.0	S009	S009_Scz_M_87	GSE92538	SCZ	PFC_DLPFC	M	35.0	26.5	6.61	106082	DLPFC_Male_Schizophrenia_p_UMichigan_106082	False	True
GSE17612__HG-U133_Plus_2|PFC_BA10	GSM439804	GSE92538__HG-U133_Plus_2|PFC_DLPFC	GSM2431948	0.36132483521816294	3.274338299837289	0.3125027493524392	GSE17612	CTL	PFC_BA10	M	25.0	17.0	6.9	C021	C021_Control_M_25	GSE92538	CTL	PFC_DLPFC	M	69.0	25.8	7.12	102854	DLPFC_Male_Control_p_UMichigan_102854	False	True
GSE17612__HG-U133_Plus_2|PFC_BA10	GSM439812	GSE92538__HG-U133_Plus_2|PFC_DLPFC	GSM2431991	0.3602132196829693	3.2643127213374084	0.35191628795255303	GSE17612	CTL	PFC_BA10	F	68.0	6.0	6.4	C022	C022_Control_F_68	GSE92538	CTL	PFC_DLPFC	F	68.0	33.5	6.55	105725	DLPFC_Female_Control_p_UMichigan_105725	False	True
GSE21138__HG-U133_Plus_2|PFC_BA46	GSM528839	GSE21138__HG-U133_Plus_2|PFC_BA46	GSM528840	0.6102413539485076	5.137888100208407	0.37480082589386154	GSE21138	CTL	PFC_BA46	M	38.0	44.0	6.19	Control-10	Control-10	GSE21138	CTL	PFC_BA46	M	42.0	26.0	6.21	Control-11	Control-11	False	True
GSE21138__HG-U133_Plus_2|PFC_BA46	GSM528842	GSE21138__HG-U133_Plus_2|PFC_BA46	GSM528887	0.4675670241599511	3.9598022319977044	0.37480082589386154	GSE21138	CTL	PFC_BA46	M	36.0	42.0	6.46	Control-13	Control-13	GSE21138	SCZ	PFC_BA46	M	71.0	48.0	6.45	Scz-28	Scz-28	False	False
GSE21138__HG-U133_Plus_2|PFC_BA46	GSM528863	GSE21138__HG-U133_Plus_2|PFC_BA46	GSM528875	0.37237033685387183	3.1737472199855827	0.23940796142223758	GSE21138	SCZ	PFC_BA46	M	22.0	37.0	6.17	Scz-4	Scz-4	GSE21138	SCZ	PFC_BA46	M	32.0	17.0	6.05	Scz-16	Scz-16	False	True
GSE21138__HG-U133_Plus_2|PFC_BA46	GSM528865	GSE21138__HG-U133_Plus_2|PFC_BA46	GSM528871	0.35338739238132333	3.0170018639479506	0.2015089065373043	GSE21138	SCZ	PFC_BA46	M	25.0	49.0	6.38	Scz-6	Scz-6	GSE21138	SCZ	PFC_BA46	F	26.0	41.0	6.11	Scz-12	Scz-12	False	True
GSE21138__HG-U133_Plus_2|PFC_BA46	GSM528868	GSE21138__HG-U133_Plus_2|PFC_BA46	GSM528881	0.42082536311965146	3.5738484979946836	0.2648144089747127	GSE21138	SCZ	PFC_BA46	M	53.0	25.0	6.23	Scz-9	Scz-9	GSE21138	SCZ	PFC_BA46	F	65.0	50.0	6.35	Scz-22	Scz-22	False	True
GSE21138__HG-U133_Plus_2|PFC_BA46	GSM528879	GSE21138__HG-U133_Plus_2|PFC_BA46	GSM528889	0.6380378972981289	5.367408820255424	0.3105546868489829	GSE21138	SCZ	PFC_BA46	M	35.0	47.0	6.27	Scz-20	Scz-20	GSE21138	SCZ	PFC_BA46	M	67.0	21.0	6.46	Scz-30	Scz-30	False	True
GSE21138__HG-U133_Plus_2|PFC_BA46	GSM528832	GSE35978__HuGene-1_0-st-v1|CB	GSM878259	0.26231276754812805	3.1388515538700794	0.2551643854582563	GSE21138	CTL	PFC_BA46	M	26.0	24.0	6.42	Control-2	Control-2	GSE35978	CTL	CB	M	45.0	29.0	6.94	k43	CC46_103009	False	True
GSE21138__HG-U133_Plus_2|PFC_BA46	GSM528834	GSE35978__HuGene-1_0-st-v1|CB	GSM878227	0.2955833661004637	3.53712224773862	0.2374247898203888	GSE21138	CTL	PFC_BA46	M	22.0	62.0	6.39	Control-4	Control-4	GSE35978	BD	CB	M	40.0	32.0	6.65	k11	CC14_102109	False	False
GSE21138__HG-U133_Plus_2|PFC_BA46	GSM528837	GSE35978__HuGene-1_0-st-v1|CB	GSM878346	0.2914265564933943	3.4873625344024517	0.24377064388607894	GSE21138	CTL	PFC_BA46	F	38.0	50.0	6.14	Control-8	Control-8	GSE35978	SCZ	CB	M	35.0	35.0	6.5	k121	CC133_102109	False	False
GSE21138__HG-U133_Plus_2|PFC_BA46	GSM528839	GSE35978__HuGene-1_0-st-v1|CB	GSM878326	0.2902038766151604	3.472726261396503	0.2523540896693583	GSE21138	CTL	PFC_BA46	M	38.0	44.0	6.19	Control-10	Control-10	GSE35978	BD	CB	M	50.0	19.0	6.2	k106	CC113_102309	False	False
GSE21138__HG-U133_Plus_2|PFC_BA46	GSM528843	GSE35978__HuGene-1_0-st-v1|CB	GSM878339	0.2545267794312226	3.045648214444301	0.23511762737708253	GSE21138	CTL	PFC_BA46	M	48.0	52.0	6.0	Control-14	Control-14	GSE35978	BD	CB	F	50.0	62.0	6.3	k114	CC126_102109	False	False
GSE21138__HG-U133_Plus_2|PFC_BA46	GSM528852	GSE35978__HuGene-1_0-st-v1|CB	GSM878310	0.28942045053884247	3.463348141958133	0.22142819882219586	GSE21138	CTL	PFC_BA46	M	57.0	27.0	6.43	Control-23	Control-23	GSE35978	CTL	CB	M	50.0	28.0	6.5	k92	CC97_103009	False	True
GSE21138__HG-U133_Plus_2|PFC_BA46	GSM528856	GSE35978__HuGene-1_0-st-v1|CB	GSM878283	0.3929293397382777	4.7024168367450185	0.3131089097277942	GSE21138	CTL	PFC_BA46	M	60.0	27.5	6.11	Control-27	Control-27	GSE35978	SCZ	CB	M	55.0	38.0	6.17	k65	CC70_111109	False	False
GSE21138__HG-U133_Plus_2|PFC_BA46	GSM528863	GSE35978__HuGene-1_0-st-v1|CB	GSM878256	0.2684241577573296	3.2120088676855	0.23563218385528586	GSE21138	SCZ	PFC_BA46	M	22.0	37.0	6.17	Scz-4	Scz-4	GSE35978	SCZ	CB	M	45.0	32.0	6.67	k40	CC43_111109	False	True
GSE21138__HG-U133_Plus_2|PFC_BA46	GSM528868	GSE35978__HuGene-1_0-st-v1|CB	GSM878215	0.2845628161262655	3.4051991000942348	0.24408181711904944	GSE21138	SCZ	PFC_BA46	M	53.0	25.0	6.23	Scz-9	Scz-9	GSE35978	SCZ	CB	M	40.0	34.0	6.18	k1	CC2_100909	False	True
GSE21138__HG-U133_Plus_2|PFC_BA46	GSM528871	GSE35978__HuGene-1_0-st-v1|CB	GSM878286	0.4421247548092333	5.291317937055546	0.4000161541259467	GSE21138	SCZ	PFC_BA46	F	26.0	41.0	6.11	Scz-12	Scz-12	GSE35978	CTL	CB	F	35.0	29.0	6.52	k68	CC73_111109	False	False
GSE21138__HG-U133_Plus_2|PFC_BA46	GSM528875	GSE35978__HuGene-1_0-st-v1|CB	GSM878226	0.25391367265404663	3.0383089277411397	0.2336437169135179	GSE21138	SCZ	PFC_BA46	M	32.0	17.0	6.05	Scz-16	Scz-16	GSE35978	CTL	CB	F	45.0	28.0	6.59	k10	CC13_100909	False	False
GSE21138__HG-U133_Plus_2|PFC_BA46	GSM528880	GSE35978__HuGene-1_0-st-v1|CB	GSM878329	0.28880177914263017	3.4559422431475513	0.27084770142873493	GSE21138	SCZ	PFC_BA46	F	33.0	20.0	6.43	Scz-21	Scz-21	GSE35978	BD	CB	M	50.0	13.0	6.1	k109	CC116_102109	False	False
GSE21138__HG-U133_Plus_2|PFC_BA46	GSM528881	GSE35978__HuGene-1_0-st-v1|CB	GSM878348	0.3030221599572157	3.6261694461595715	0.22939988042657095	GSE21138	SCZ	PFC_BA46	F	65.0	50.0	6.35	Scz-22	Scz-22	GSE35978	BD	CB	M	30.0	31.0	6.1	k123	CC135_100909	False	False
GSE21138__HG-U133_Plus_2|PFC_BA46	GSM528882	GSE35978__HuGene-1_0-st-v1|CB	GSM878349	0.2567280295215634	3.0719986090571045	0.17201724037214003	GSE21138	SCZ	PFC_BA46	M	57.0	24.0	6.06	Scz-23	Scz-23	GSE35978	SCZ	CB	M	45.0	50.0	6.5	k124	CC136_100909	False	True
GSE21138__HG-U133_Plus_2|PFC_BA46	GSM528887	GSE35978__HuGene-1_0-st-v1|CB	GSM878295	0.3321862233749046	3.975282244810249	0.2680674904793219	GSE21138	SCZ	PFC_BA46	M	71.0	48.0	6.45	Scz-28	Scz-28	GSE35978	CTL	CB	M	45.0	31.0	6.67	k77	CC82_111809	False	False
GSE21138__HG-U133_Plus_2|PFC_BA46	GSM528889	GSE35978__HuGene-1_0-st-v1|CB	GSM878257	0.4506349771878047	5.393190831417746	0.32459004515930384	GSE21138	SCZ	PFC_BA46	M	67.0	21.0	6.46	Scz-30	Scz-30	GSE35978	CTL	CB	M	35.0	22.0	6.48	k41	CC44_102309	False	False
GSE21138__HG-U133_Plus_2|PFC_BA46	GSM528846	GSE35978__HuGene-1_0-st-v1|PARIETAL	GSM878424	0.47425049939851605	4.606336117356299	0.4201249081748414	GSE21138	CTL	PFC_BA46	M	42.0	63.0	6.34	Control-17	Control-17	GSE35978	AMBIG	PARIETAL	M	40.0	39.0	6.6	k135	CC193_40710	False	False
GSE21138__HG-U133_Plus_2|PFC_BA46	GSM528849	GSE35978__HuGene-1_0-st-v1|PARIETAL	GSM878420	0.3416636986124604	3.316780109074051	0.29786802658222167	GSE21138	CTL	PFC_BA46	M	35.0	27.0	6.4	Control-20	Control-20	GSE35978	CTL	PARIETAL	M	30.0	11.0	6.13	k87	CC189_40710	False	True
GSE21138__HG-U133_Plus_2|PFC_BA46	GSM528856	GSE35978__HuGene-1_0-st-v1|PARIETAL	GSM878503	0.3686079087693099	3.5788429078608752	0.31897517609428405	GSE21138	CTL	PFC_BA46	M	60.0	27.5	6.11	Control-27	Control-27	GSE35978	BD	PARIETAL	M	50.0	13.0	6.1	k109	CC272_51210	False	False
GSE21138__HG-U133_Plus_2|PFC_BA46	GSM528868	GSE35978__HuGene-1_0-st-v1|PARIETAL	GSM878413	0.4244416842557731	4.121889276102556	0.4037656806152399	GSE21138	SCZ	PFC_BA46	M	53.0	25.0	6.23	Scz-9	Scz-9	GSE35978	SCZ	PARIETAL	M	45.0	30.0	6.72	k133	CC182_40610	False	True
GSE21138__HG-U133_Plus_2|PFC_BA46	GSM528871	GSE35978__HuGene-1_0-st-v1|PARIETAL	GSM878459	0.4793912731570748	4.65633593368995	0.4199033801023527	GSE21138	SCZ	PFC_BA46	F	26.0	41.0	6.11	Scz-12	Scz-12	GSE35978	BD	PARIETAL	F	50.0	18.0	6.5	k9	CC228_40810	False	False
GSE21138__HG-U133_Plus_2|PFC_BA46	GSM528875	GSE35978__HuGene-1_0-st-v1|PARIETAL	GSM878377	0.34351048917972016	3.3347422279118963	0.2981229547540048	GSE21138	SCZ	PFC_BA46	M	32.0	17.0	6.05	Scz-16	Scz-16	GSE35978	BD	PARIETAL	M	45.0	28.0	6.35	k32	CC146_40910	False	False
GSE21138__HG-U133_Plus_2|PFC_BA46	GSM528881	GSE35978__HuGene-1_0-st-v1|PARIETAL	GSM878504	0.3427636973675991	3.3274788362126677	0.3384027184214105	GSE21138	SCZ	PFC_BA46	F	65.0	50.0	6.35	Scz-22	Scz-22	GSE35978	BD	PARIETAL	M	30.0	31.0	6.1	k123	CC273_51210	False	False
GSE21138__HG-U133_Plus_2|PFC_BA46	GSM528887	GSE35978__HuGene-1_0-st-v1|PARIETAL	GSM878442	0.33669634135900783	3.268466963621432	0.2755641131010233	GSE21138	SCZ	PFC_BA46	M	71.0	48.0	6.45	Scz-28	Scz-28	GSE35978	BD	PARIETAL	F	35.0	17.0	6.1	k19	CC211_40810	False	False
GSE21138__HG-U133_Plus_2|PFC_BA46	GSM528889	GSE35978__HuGene-1_0-st-v1|PARIETAL	GSM878395	0.41142650545873616	3.995301999563096	0.40581418057460766	GSE21138	SCZ	PFC_BA46	M	67.0	21.0	6.46	Scz-30	Scz-30	GSE35978	CTL	PARIETAL	M	35.0	22.0	6.48	k41	CC164_40610	False	False
GSE21138__HG-U133_Plus_2|PFC_BA46	GSM528839	GSE53987__HG-U133_Plus_2|HPC	GSM1304874	0.3261952098146481	3.056280233858716	0.27273148364880573	GSE21138	CTL	PFC_BA46	M	38.0	44.0	6.19	Control-10	Control-10	GSE53987	CTL	HPC	M	55.0	28.0	6.1	k22	control_hip_14	False	True
GSE21138__HG-U133_Plus_2|PFC_BA46	GSM528840	GSE53987__HG-U133_Plus_2|HPC	GSM1304879	0.3293783667246372	3.08617961987343	0.2523542790528639	GSE21138	CTL	PFC_BA46	M	42.0	26.0	6.21	Control-11	Control-11	GSE53987	CTL	HPC	F	41.0	15.4	6.6	k27	control_hip_19	False	True
GSE21138__HG-U133_Plus_2|PFC_BA46	GSM528842	GSE53987__HG-U133_Plus_2|HPC	GSM1304885	0.41490359072477456	3.889517865107384	0.4123575104422936	GSE21138	CTL	PFC_BA46	M	36.0	42.0	6.46	Control-13	Control-13	GSE53987	CTL	HPC	M	68.0	11.8	6.8	k33	control_hip_6	False	True
GSE21138__HG-U133_Plus_2|PFC_BA46	GSM528846	GSE53987__HG-U133_Plus_2|HPC	GSM1304888	0.6031595883412695	5.65780604614459	0.5377232766253447	GSE21138	CTL	PFC_BA46	M	42.0	63.0	6.34	Control-17	Control-17	GSE53987	MDD	HPC	M	51.0	24.6	6.5	k36	MDD_hip_10	False	False
GSE21138__HG-U133_Plus_2|PFC_BA46	GSM528852	GSE53987__HG-U133_Plus_2|HPC	GSM1304904	0.4373911814770464	4.100743756716161	0.3199121634540983	GSE21138	CTL	PFC_BA46	M	57.0	27.0	6.43	Control-23	Control-23	GSE53987	MDD	HPC	M	51.0	28.3	7.3	k52	MDD_hip_9	False	False
GSE21138__HG-U133_Plus_2|PFC_BA46	GSM528856	GSE53987__HG-U133_Plus_2|HPC	GSM1304858	0.3955341804013474	3.7075810355655707	0.3053656065401786	GSE21138	CTL	PFC_BA46	M	60.0	27.5	6.11	Control-27	Control-27	GSE53987	BD	HPC	F	49.0	21.5	6.7	k6	bipolar_hip_16	False	False
GSE21138__HG-U133_Plus_2|PFC_BA46	GSM528863	GSE53987__HG-U133_Plus_2|HPC	GSM1304918	0.36445867906693885	3.415688918314769	0.3429454445298817	GSE21138	SCZ	PFC_BA46	M	22.0	37.0	6.17	Scz-4	Scz-4	GSE53987	SCZ	HPC	M	38.0	28.8	6.56	k66	schiz_hip_8	False	True
GSE21138__HG-U133_Plus_2|PFC_BA46	GSM528868	GSE53987__HG-U133_Plus_2|HPC	GSM1304906	0.3457195609180001	3.2396724218133857	0.2767026373667358	GSE21138	SCZ	PFC_BA46	M	53.0	25.0	6.23	Scz-9	Scz-9	GSE53987	SCZ	HPC	F	47.0	14.37	6.35	k54	schiz_hip_11	False	True
GSE21138__HG-U133_Plus_2|PFC_BA46	GSM528871	GSE53987__HG-U133_Plus_2|HPC	GSM1304863	0.5829094489863671	5.467596530702874	0.42861633653620973	GSE21138	SCZ	PFC_BA46	F	26.0	41.0	6.11	Scz-12	Scz-12	GSE53987	BD	HPC	F	39.0	22.2	6.7	k11	bipolar_hip_3	False	False
GSE21138__HG-U133_Plus_2|PFC_BA46	GSM528842	GSE53987__HG-U133_Plus_2|PFC_BA46	GSM1304952	0.4498411610324688	4.159362949869917	0.29453572139441847	GSE21138	CTL	PFC_BA46	M	36.0	42.0	6.46	Control-13	Control-13	GSE53987	CTL	PFC_BA46	M	68.0	11.8	6.8	k33	control_pfc_6	False	True
GSE21138__HG-U133_Plus_2|PFC_BA46	GSM528846	GSE53987__HG-U133_Plus_2|PFC_BA46	GSM1304983	0.6513039449376713	6.017402959515911	0.5564374835365037	GSE21138	CTL	PFC_BA46	M	42.0	63.0	6.34	Control-17	Control-17	GSE53987	SCZ	PFC_BA46	M	47.0	28.9	6.58	k62	schiz_pfc_4	False	False
GSE21138__HG-U133_Plus_2|PFC_BA46	GSM528852	GSE53987__HG-U133_Plus_2|PFC_BA46	GSM1304972	0.35080848176523605	3.246009740040644	0.30089975135913194	GSE21138	CTL	PFC_BA46	M	57.0	27.0	6.43	Control-23	Control-23	GSE53987	MDD	PFC_BA46	M	51.0	28.3	7.3	k52	MDD_pfc_9	False	False
GSE21138__HG-U133_Plus_2|PFC_BA46	GSM528863	GSE53987__HG-U133_Plus_2|PFC_BA46	GSM1304981	0.37422925251033523	3.4620135510552745	0.2329077980666219	GSE21138	SCZ	PFC_BA46	M	22.0	37.0	6.17	Scz-4	Scz-4	GSE53987	SCZ	PFC_BA46	M	50.0	11.0	6.23	k59	schiz_pfc_1	False	True
GSE21138__HG-U133_Plus_2|PFC_BA46	GSM528864	GSE53987__HG-U133_Plus_2|PFC_BA46	GSM1304935	0.348146955597315	3.22146316120927	0.22151641117073115	GSE21138	SCZ	PFC_BA46	M	22.0	37.0	6.07	Scz-5	Scz-5	GSE53987	BD	PFC_BA46	M	39.0	24.2	6.6	k16	bipolar_pfc_8	False	False
GSE21138__HG-U133_Plus_2|PFC_BA46	GSM528868	GSE53987__HG-U133_Plus_2|PFC_BA46	GSM1304974	0.3846586523432674	3.55820125277641	0.3611692610416669	GSE21138	SCZ	PFC_BA46	M	53.0	25.0	6.23	Scz-9	Scz-9	GSE53987	SCZ	PFC_BA46	F	47.0	14.37	6.35	k54	schiz_pfc_11	False	True
GSE21138__HG-U133_Plus_2|PFC_BA46	GSM528871	GSE53987__HG-U133_Plus_2|PFC_BA46	GSM1304930	0.6250096508004384	5.7748973731969615	0.33299876151757773	GSE21138	SCZ	PFC_BA46	F	26.0	41.0	6.11	Scz-12	Scz-12	GSE53987	BD	PFC_BA46	F	39.0	22.2	6.7	k11	bipolar_pfc_3	False	False
GSE21138__HG-U133_Plus_2|PFC_BA46	GSM528881	GSE53987__HG-U133_Plus_2|PFC_BA46	GSM1304926	0.42208796484564776	3.903402281050148	0.2753500057386416	GSE21138	SCZ	PFC_BA46	F	65.0	50.0	6.35	Scz-22	Scz-22	GSE53987	BD	PFC_BA46	F	49.0	21.5	6.7	k6	bipolar_pfc_16	False	False
GSE21138__HG-U133_Plus_2|PFC_BA46	GSM528832	GSE53987__HG-U133_Plus_2|STR	GSM1305019	0.318221075319309	3.0702896542224103	0.2517645042672602	GSE21138	CTL	PFC_BA46	M	26.0	24.0	6.42	Control-2	Control-2	GSE53987	CTL	STR	M	22.0	20.1	6.8	k23	control_str_15	False	True
GSE21138__HG-U133_Plus_2|PFC_BA46	GSM528839	GSE53987__HG-U133_Plus_2|STR	GSM1305050	0.35991548086210967	3.4717573244205306	0.28510655146289154	GSE21138	CTL	PFC_BA46	M	38.0	44.0	6.19	Control-10	Control-10	GSE53987	SCZ	STR	F	25.0	20.1	6.73	k55	schiz_str_12	False	False
GSE21138__HG-U133_Plus_2|PFC_BA46	GSM528842	GSE53987__HG-U133_Plus_2|STR	GSM1305035	0.3917943712026485	3.7787132257435405	0.37520524404122146	GSE21138	CTL	PFC_BA46	M	36.0	42.0	6.46	Control-13	Control-13	GSE53987	MDD	STR	M	62.0	26.0	6.5	k40	MDD_str_14	False	False
GSE21138__HG-U133_Plus_2|PFC_BA46	GSM528846	GSE53987__HG-U133_Plus_2|STR	GSM1305031	0.4881957639483701	4.70694429285277	0.4445595694456986	GSE21138	CTL	PFC_BA46	M	42.0	63.0	6.34	Control-17	Control-17	GSE53987	MDD	STR	M	51.0	24.6	6.5	k36	MDD_str_10	False	False
GSE21138__HG-U133_Plus_2|PFC_BA46	GSM528852	GSE53987__HG-U133_Plus_2|STR	GSM1305030	0.33633235484980095	3.2446797936848735	0.22237361963488536	GSE21138	CTL	PFC_BA46	M	57.0	27.0	6.43	Control-23	Control-23	GSE53987	MDD	STR	M	51.0	28.3	7.3	k52	MDD_str_9	False	False
GSE21138__HG-U133_Plus_2|PFC_BA46	GSM528856	GSE53987__HG-U133_Plus_2|STR	GSM1305002	0.39835882115349774	3.8419210924486857	0.25956726425033655	GSE21138	CTL	PFC_BA46	M	60.0	27.5	6.11	Control-27	Control-27	GSE53987	BD	STR	F	49.0	21.5	6.7	k6	bipolar_str_16	False	False
GSE21138__HG-U133_Plus_2|PFC_BA46	GSM528863	GSE53987__HG-U133_Plus_2|STR	GSM1305039	0.3295586631120253	3.17945717676056	0.21070278924617322	GSE21138	SCZ	PFC_BA46	M	22.0	37.0	6.17	Scz-4	Scz-4	GSE53987	SCZ	STR	M	50.0	11.0	6.23	k59	schiz_str_1	False	True
GSE21138__HG-U133_Plus_2|PFC_BA46	GSM528871	GSE53987__HG-U133_Plus_2|STR	GSM1304990	0.6053848361476821	5.835336056113219	0.35927066228883725	GSE21138	SCZ	PFC_BA46	F	26.0	41.0	6.11	Scz-12	Scz-12	GSE53987	BD	STR	F	39.0	22.2	6.7	k11	bipolar_str_3	False	False
GSE21138__HG-U133_Plus_2|PFC_BA46	GSM528846	GSE54567__HG-U133_Plus_2|PFC_BA9	GSM1319073	0.5537518194589546	4.9201369912816295	0.23077136107917068	GSE21138	CTL	PFC_BA46	M	42.0	63.0	6.34	Control-17	Control-17	GSE54567	MDD	PFC_BA9	M				Mpair25_MDD	MDD matched sample pair brain dorsolateral prefrontal cortex BA9_M #25	False	False
GSE21138__HG-U133_Plus_2|PFC_BA46	GSM528868	GSE54567__HG-U133_Plus_2|PFC_BA9	GSM1319074	0.38299633951458006	3.4096799814068532	0.3401660859866704	GSE21138	SCZ	PFC_BA46	M	53.0	25.0	6.23	Scz-9	Scz-9	GSE54567	MDD	PFC_BA9	M				Mpair26_MDD	MDD matched sample pair brain dorsolateral prefrontal cortex BA9_M #26	False	False
GSE21138__HG-U133_Plus_2|PFC_BA46	GSM528871	GSE54567__HG-U133_Plus_2|PFC_BA9	GSM1319067	0.4675312009247388	4.157452609479242	0.34692394984729497	GSE21138	SCZ	PFC_BA46	F	26.0	41.0	6.11	Scz-12	Scz-12	GSE54567	MDD	PFC_BA9	M				Mpair7_MDD	MDD matched sample pair brain dorsolateral prefrontal cortex BA9_M #7	False	False
GSE21138__HG-U133_Plus_2|PFC_BA46	GSM528887	GSE54567__HG-U133_Plus_2|PFC_BA9	GSM1319051	0.3533985975537616	3.1478663234455007	0.31708403265216734	GSE21138	SCZ	PFC_BA46	M	71.0	48.0	6.45	Scz-28	Scz-28	GSE54567	CTL	PFC_BA9	M				Mpair2_CTL	Control matched sample pair brain dorsolateral prefrontal cortex BA9_M #2	False	False
GSE21138__HG-U133_Plus_2|PFC_BA46	GSM528842	GSE54568__HG-U133_Plus_2|PFC_BA9	GSM1319088	0.32464089544942687	3.0801807825932785	0.24732720957055956	GSE21138	CTL	PFC_BA46	M	36.0	42.0	6.46	Control-13	Control-13	GSE54568	CTL	PFC_BA9	F				Fpair17_CTL	Control matched sample pair brain dorsolateral prefrontal cortex BA9_F #17	False	True
GSE21138__HG-U133_Plus_2|PFC_BA46	GSM528852	GSE54568__HG-U133_Plus_2|PFC_BA9	GSM1319085	0.33185415442771693	3.1484910762243956	0.22412790228001978	GSE21138	CTL	PFC_BA46	M	57.0	27.0	6.43	Control-23	Control-23	GSE54568	CTL	PFC_BA9	F				Fpair13_CTL	Control matched sample pair brain dorsolateral prefrontal cortex BA9_F #13	False	True
GSE21138__HG-U133_Plus_2|PFC_BA46	GSM528856	GSE54568__HG-U133_Plus_2|PFC_BA9	GSM1319091	0.3447902200933547	3.2709969292251984	0.2942861621730338	GSE21138	CTL	PFC_BA46	M	60.0	27.5	6.11	Control-27	Control-27	GSE54568	CTL	PFC_BA9	F				Fpair24_CTL	Control matched sample pair brain dorsolateral prefrontal cortex BA9_F #24	False	True
GSE21138__HG-U133_Plus_2|PFC_BA46	GSM528871	GSE54568__HG-U133_Plus_2|PFC_BA9	GSM1319078	0.3858180012912816	3.6595341755792696	0.2624601031565834	GSE21138	SCZ	PFC_BA46	F	26.0	41.0	6.11	Scz-12	Scz-12	GSE54568	CTL	PFC_BA9	F				Fpair3_CTL	Control matched sample pair brain dorsolateral prefrontal cortex BA9_F #3	False	False
GSE21138__HG-U133_Plus_2|PFC_BA46	GSM528889	GSE54568__HG-U133_Plus_2|PFC_BA9	GSM1319095	0.520310589665599	4.9331926191079996	0.28282662089395727	GSE21138	SCZ	PFC_BA46	M	67.0	21.0	6.46	Scz-30	Scz-30	GSE54568	MDD	PFC_BA9	F				Fpair6_MDD	MDD matched sample pair brain dorsolateral prefrontal cortex BA9_F #6	False	False
GSE21138__HG-U133_Plus_2|PFC_BA46	GSM528856	GSE54571__HG-U133_Plus_2|ACC_BA25	GSM1319165	0.3431455048672735	3.2158127133800964	0.34223750600813	GSE21138	CTL	PFC_BA46	M	60.0	27.5	6.11	Control-27	Control-27	GSE54571	MDD	ACC_BA25	F				Fpair19_MDD	MDD matched sample pair brain anterior cingulate cortex BA25_F #19	False	False
GSE21138__HG-U133_Plus_2|PFC_BA46	GSM528878	GSE54571__HG-U133_Plus_2|ACC_BA25	GSM1319150	0.3599149896539301	3.3725660936908084	0.19563560334577632	GSE21138	SCZ	PFC_BA46	M	41.0	52.0	6.64	Scz-19	Scz-19	GSE54571	CTL	ACC_BA25	F				Fpair16_CTL	Control matched sample pair brain anterior cingulate cortex BA25_F #16	False	False
GSE21138__HG-U133_Plus_2|PFC_BA46	GSM528846	GSE54572__HG-U133_Plus_2|ACC_BA25	GSM1319188	0.5616152181087365	5.114264302838515	0.36186737540915553	GSE21138	CTL	PFC_BA46	M	42.0	63.0	6.34	Control-17	Control-17	GSE54572	MDD	ACC_BA25	M				Mpair25_MDD	MDD matched sample pair brain anterior cingulate cortex BA25_M #25	False	False
GSE21138__HG-U133_Plus_2|PFC_BA46	GSM528868	GSE54572__HG-U133_Plus_2|ACC_BA25	GSM1319189	0.3498095879315969	3.199585525593946	0.22426116238051477	GSE21138	SCZ	PFC_BA46	M	53.0	25.0	6.23	Scz-9	Scz-9	GSE54572	MDD	ACC_BA25	M				Mpair26_MDD	MDD matched sample pair brain anterior cingulate cortex BA25_M #26	False	False
GSE21138__HG-U133_Plus_2|PFC_BA46	GSM528871	GSE54572__HG-U133_Plus_2|ACC_BA25	GSM1319182	0.46301987338312844	4.2229829241360095	0.1507073277046457	GSE21138	SCZ	PFC_BA46	F	26.0	41.0	6.11	Scz-12	Scz-12	GSE54572	MDD	ACC_BA25	M				Mpair7_MDD	MDD matched sample pair brain anterior cingulate cortex BA25_M #7	False	False
GSE21138__HG-U133_Plus_2|PFC_BA46	GSM528875	GSE54572__HG-U133_Plus_2|ACC_BA25	GSM1319177	0.3704876473519674	3.3865108754709707	0.24865450205616893	GSE21138	SCZ	PFC_BA46	M	32.0	17.0	6.05	Scz-16	Scz-16	GSE54572	CTL	ACC_BA25	M				Mpair26_CTL	Control matched sample pair brain anterior cingulate cortex BA25_M #26	False	False
GSE21138__HG-U133_Plus_2|PFC_BA46	GSM528831	GSE92538__HG-U133A|PFC_DLPFC	GSM2431743	0.4188443533979859	4.037426464963777	0.38007499454703497	GSE21138	CTL	PFC_BA46	M	38.0	46.0	6.42	Control-1	Control-1	GSE92538	SCZ	PFC_DLPFC	M	44.0	24.0	7.21	102118	DLPFC_Male_Schizophrenia_UCDavis_102118	False	False
GSE21138__HG-U133_Plus_2|PFC_BA46	GSM528832	GSE92538__HG-U133A|PFC_DLPFC	GSM2431801	0.40704370071218193	3.9237923675039226	0.3624361966569956	GSE21138	CTL	PFC_BA46	M	26.0	24.0	6.42	Control-2	Control-2	GSE92538	CTL	PFC_DLPFC	M	18.0	22.0	6.97	105928	DLPFC_Male_Control_UCDavis_105928	False	True
GSE21138__HG-U133_Plus_2|PFC_BA46	GSM528841	GSE92538__HG-U133A|PFC_DLPFC	GSM2432008	0.32047840772077324	3.0902139882113877	0.28494838724509847	GSE21138	CTL	PFC_BA46	F	29.0	34.0	6.38	Control-12	Control-12	GSE92538	MDD	PFC_DLPFC	F	72.0	21.0	7.13	106355	DLPFC_Female_MajorDepressiveDisorder_UMichigan_106355	False	False
GSE21138__HG-U133_Plus_2|PFC_BA46	GSM528846	GSE92538__HG-U133A|PFC_DLPFC	GSM2431756	0.6658569767310255	6.416028501731421	0.6279353891290096	GSE21138	CTL	PFC_BA46	M	42.0	63.0	6.34	Control-17	Control-17	GSE92538	CTL	PFC_DLPFC	M	49.0	31.25	6.68	102539	DLPFC_Male_Control_UCDavis_102539	False	True
GSE21138__HG-U133_Plus_2|PFC_BA46	GSM528856	GSE92538__HG-U133A|PFC_DLPFC	GSM2432092	0.3463444198909393	3.339290122057638	0.2940402240618651	GSE21138	CTL	PFC_BA46	M	60.0	27.5	6.11	Control-27	Control-27	GSE92538	CTL	PFC_DLPFC	F	57.0	16.5	6.61	109991	DLPFC_Female_Control_UMichigan_109991	False	True
GSE21138__HG-U133_Plus_2|PFC_BA46	GSM528857	GSE92538__HG-U133A|PFC_DLPFC	GSM2431870	0.3522420022196312	3.3960807473696	0.2849820924143023	GSE21138	CTL	PFC_BA46	M	72.0	39.0	6.21	Control-28	Control-28	GSE92538	CTL	PFC_DLPFC	M	54.0	11.0	6.97	109422	DLPFC_Male_Control_UCDavis_109422	False	True
GSE21138__HG-U133_Plus_2|PFC_BA46	GSM528863	GSE92538__HG-U133A|PFC_DLPFC	GSM2431795	0.3224660454664647	3.1093538974454336	0.28106340652814665	GSE21138	SCZ	PFC_BA46	M	22.0	37.0	6.17	Scz-4	Scz-4	GSE92538	MDD	PFC_DLPFC	F	48.0	37.0	6.95	105643	DLPFC_Female_MajorDepressiveDisorder_UCDavis_105643	False	False
GSE21138__HG-U133_Plus_2|PFC_BA46	GSM528864	GSE92538__HG-U133A|PFC_DLPFC	GSM2431738	0.32582809141003927	3.141728636927111	0.3082990987315762	GSE21138	SCZ	PFC_BA46	M	22.0	37.0	6.07	Scz-5	Scz-5	GSE92538	CTL	PFC_DLPFC	M	45.0	21.0	6.86	101923	DLPFC_Male_Control_UCDavis_101923	False	False
GSE21138__HG-U133_Plus_2|PFC_BA46	GSM528868	GSE92538__HG-U133A|PFC_DLPFC	GSM2431731	0.35631884974048245	3.43533865122018	0.31830232207093606	GSE21138	SCZ	PFC_BA46	M	53.0	25.0	6.23	Scz-9	Scz-9	GSE92538	MDD	PFC_DLPFC	M	65.0	26.0	6.72	101674	DLPFC_Male_MajorDepressiveDisorder_UCDavis_101674	False	False
GSE21138__HG-U133_Plus_2|PFC_BA46	GSM528871	GSE92538__HG-U133A|PFC_DLPFC	GSM2431916	0.47240754816085045	4.553211943615023	0.4535063103608098	GSE21138	SCZ	PFC_BA46	F	26.0	41.0	6.11	Scz-12	Scz-12	GSE92538	SCZ	PFC_DLPFC	F	59.0	13.25	6.38	101657	DLPFC_Female_Schizophrenia_UMichigan_101657	False	True
GSE21138__HG-U133_Plus_2|PFC_BA46	GSM528872	GSE92538__HG-U133A|PFC_DLPFC	GSM2431772	0.36406225203885484	3.5099035549481434	0.3259047399869485	GSE21138	SCZ	PFC_BA46	M	36.0	38.0	6.04	Scz-13	Scz-13	GSE92538	CTL	PFC_DLPFC	M	54.0	25.0	6.61	103998	DLPFC_Male_Control_UCDavis_103998	False	False
GSE21138__HG-U133_Plus_2|PFC_BA46	GSM528874	GSE92538__HG-U133A|PFC_DLPFC	GSM2431822	0.33578686659599327	3.23762641988812	0.30979646205996325	GSE21138	SCZ	PFC_BA46	M	45.0	68.0	6.33	Scz-15	Scz-15	GSE92538	BD	PFC_DLPFC	F	63.0	22.0	6.71	106692	DLPFC_Female_BipolarDisorder_UCDavis_106692	False	False
GSE21138__HG-U133_Plus_2|PFC_BA46	GSM528881	GSE92538__HG-U133A|PFC_DLPFC	GSM2432073	0.41560742588398447	4.006256550350578	0.3509480264433325	GSE21138	SCZ	PFC_BA46	F	65.0	50.0	6.35	Scz-22	Scz-22	GSE92538	CTL	PFC_DLPFC	M	54.0	11.0	6.97	109422	DLPFC_Male_Control_UMichigan_109422	False	False
GSE21138__HG-U133_Plus_2|PFC_BA46	GSM528831	GSE92538__HG-U133_Plus_2|PFC_DLPFC	GSM2431742	0.40120483758028425	3.6359146240285742	0.3879132253981175	GSE21138	CTL	PFC_BA46	M	38.0	46.0	6.42	Control-1	Control-1	GSE92538	SCZ	PFC_DLPFC	M	44.0	24.0	7.21	102118	DLPFC_Male_Schizophrenia_r_p_UCDavis_102118	False	False
GSE21138__HG-U133_Plus_2|PFC_BA46	GSM528842	GSE92538__HG-U133_Plus_2|PFC_DLPFC	GSM2431959	0.37036564357235363	3.3560265855332077	0.3051779931679494	GSE21138	CTL	PFC_BA46	M	36.0	42.0	6.46	Control-13	Control-13	GSE92538	MDD	PFC_DLPFC	M	31.0	27.5	7.0	103917	DLPFC_Male_MajorDepressiveDisorder_p_UMichigan_103917	False	False
GSE21138__HG-U133_Plus_2|PFC_BA46	GSM528846	GSE92538__HG-U133_Plus_2|PFC_DLPFC	GSM2432052	0.6987328751288248	6.33619721913861	0.660026690989915	GSE21138	CTL	PFC_BA46	M	42.0	63.0	6.34	Control-17	Control-17	GSE92538	MDD	PFC_DLPFC	F	46.0	9.5	7.39	108700	DLPFC_Female_MajorDepressiveDisorder_p_UMichigan_108700	False	False
GSE21138__HG-U133_Plus_2|PFC_BA46	GSM528868	GSE92538__HG-U133_Plus_2|PFC_DLPFC	GSM2431747	0.46387733797890324	4.204712991445654	0.3579526487035791	GSE21138	SCZ	PFC_BA46	M	53.0	25.0	6.23	Scz-9	Scz-9	GSE92538	SCZ	PFC_DLPFC	M	59.0	35.75	6.42	102317	DLPFC_Male_Schizophrenia_p_UCDavis_102317	False	True
GSE21138__HG-U133_Plus_2|PFC_BA46	GSM528871	GSE92538__HG-U133_Plus_2|PFC_DLPFC	GSM2431877	0.6180767774686465	5.604184671696783	0.5972348558356351	GSE21138	SCZ	PFC_BA46	F	26.0	41.0	6.11	Scz-12	Scz-12	GSE92538	CTL	PFC_DLPFC	M	32.0	10.0	7.04	109882	DLPFC_Male_Control_p_UCDavis_109882	False	False
GSE21138__HG-U133_Plus_2|PFC_BA46	GSM528875	GSE92538__HG-U133_Plus_2|PFC_DLPFC	GSM2431928	0.41461061492672063	3.7575817702268437	0.35270648042892355	GSE21138	SCZ	PFC_BA46	M	32.0	17.0	6.05	Scz-16	Scz-16	GSE92538	CTL	PFC_DLPFC	M	55.0	23.0		102194	DLPFC_Male_Control_p_UMichigan_102194	False	False
GSE21138__HG-U133_Plus_2|PFC_BA46	GSM528881	GSE92538__HG-U133_Plus_2|PFC_DLPFC	GSM2431736	0.4297649033460942	3.8951179217683127	0.3942161820174107	GSE21138	SCZ	PFC_BA46	F	65.0	50.0	6.35	Scz-22	Scz-22	GSE92538	CTL	PFC_DLPFC	M	66.0	18.5	6.94	101772	DLPFC_Male_Control_p_UCDavis_101772	False	False
GSE21138__HG-U133_Plus_2|PFC_BA46	GSM528889	GSE92538__HG-U133_Plus_2|PFC_DLPFC	GSM2431716	0.5973330130460511	5.415919974060485	0.561785463795847	GSE21138	SCZ	PFC_BA46	M	67.0	21.0	6.46	Scz-30	Scz-30	GSE92538	SCZ	PFC_DLPFC	M	39.0	7.5	6.83	101078	DLPFC_Male_Schizophrenia_p_UCDavis_101078	False	True
GSE35978__HuGene-1_0-st-v1|CB	GSM878215	GSE35978__HuGene-1_0-st-v1|CB	GSM878282	0.3140093098049683	3.3117411754264396	0.24616251214505314	GSE35978	SCZ	CB	M	40.0	34.0	6.18	k1	CC2_100909	GSE35978	BD	CB	F	50.0	38.0	6.39	k64	CC69_111809	False	False
GSE35978__HuGene-1_0-st-v1|CB	GSM878217	GSE35978__HuGene-1_0-st-v1|CB	GSM878219	0.5364198870885597	5.596320091690305	0.47595875463425225	GSE35978	SCZ	CB	M	50.0	16.0	6.52	k3	CC5_100909	GSE35978	SCZ	CB	M	50.0	16.0	6.52	k3	CC5_102309	True	True
GSE35978__HuGene-1_0-st-v1|CB	GSM878225	GSE35978__HuGene-1_0-st-v1|CB	GSM878256	0.3916182485340077	4.108932331078632	0.1760345077144574	GSE35978	BD	CB	F	50.0	18.0	6.5	k9	CC12_102109	GSE35978	SCZ	CB	M	45.0	32.0	6.67	k40	CC43_111109	False	False
GSE35978__HuGene-1_0-st-v1|CB	GSM878227	GSE35978__HuGene-1_0-st-v1|CB	GSM878339	0.33383963311710496	3.515436247373657	0.18779056767189595	GSE35978	BD	CB	M	40.0	32.0	6.65	k11	CC14_102109	GSE35978	BD	CB	F	50.0	62.0	6.3	k114	CC126_102109	False	True
GSE35978__HuGene-1_0-st-v1|CB	GSM878232	GSE35978__HuGene-1_0-st-v1|CB	GSM878235	0.33529121361645114	3.530346735195635	0.31269276110590577	GSE35978	BD	CB	F	60.0	53.0	6.2	k16	CC19_102309	GSE35978	BD	CB	F	35.0	17.0	6.1	k19	CC22_103009	False	True
GSE35978__HuGene-1_0-st-v1|CB	GSM878253	GSE35978__HuGene-1_0-st-v1|CB	GSM878325	0.3801445141880378	3.9910752943416066	0.24881486476815542	GSE35978	SCZ	CB	F	30.0	36.0	6.8	k37	CC40_111809	GSE35978	BD	CB	F	60.0	60.0	6.5	k105	CC112_102309	False	False
GSE35978__HuGene-1_0-st-v1|CB	GSM878255	GSE35978__HuGene-1_0-st-v1|CB	GSM878270	0.3400690456221624	3.579424141490843	0.31665361355571436	GSE35978	BD	CB	M	60.0	84.0	6.65	k39	CC42_111809	GSE35978	BD	CB	F	55.0	26.0	6.58	k53	CC57_111109	False	True
GSE35978__HuGene-1_0-st-v1|CB	GSM878265	GSE35978__HuGene-1_0-st-v1|CB	GSM878266	0.47960467544653146	5.0127199939533025	0.22689905934336532	GSE35978	BD	CB	F	65.0	32.0	6.97	k49	CC52_111109	GSE35978	BD	CB	F	65.0	32.0	6.97	k49	CC52_111809	True	True
GSE35978__HuGene-1_0-st-v1|CB	GSM878275	GSE35978__HuGene-1_0-st-v1|CB	GSM878310	0.43070739170419275	4.510452049394713	0.3579285426280713	GSE35978	CTL	CB	M	30.0	24.0	7.03	k58	CC62_111109	GSE35978	CTL	CB	M	50.0	28.0	6.5	k92	CC97_103009	False	True
GSE35978__HuGene-1_0-st-v1|CB	GSM878276	GSE35978__HuGene-1_0-st-v1|CB	GSM878277	0.38696722152442464	4.061157452856368	0.1707112483907056	GSE35978	SCZ	CB	F	35.0	27.0	6.49	k59	CC63_102109	GSE35978	SCZ	CB	F	35.0	27.0	6.49	k59	CC63_102309	True	True
GSE35978__HuGene-1_0-st-v1|CB	GSM878291	GSE35978__HuGene-1_0-st-v1|CB	GSM878343	0.4462987594299	4.670604999029162	0.4239016423281162	GSE35978	SCZ	CB	F	45.0	30.0	6.47	k73	CC78_111109	GSE35978	MDD	CB	F	45.0	32.0	6.2	k118	CC130_111109	False	False
GSE35978__HuGene-1_0-st-v1|CB	GSM878292	GSE35978__HuGene-1_0-st-v1|CB	GSM878329	0.2868476389963319	3.0327392447728103	0.285529066727793	GSE35978	SCZ	CB	M	40.0	26.0	6.8	k74	CC79_111809	GSE35978	BD	CB	M	50.0	13.0	6.1	k109	CC116_102109	False	False
GSE35978__HuGene-1_0-st-v1|CB	GSM878293	GSE35978__HuGene-1_0-st-v1|CB	GSM878297	0.2921558092039838	3.0872642313469814	0.23903797230827295	GSE35978	CTL	CB	M	30.0	13.0	6.57	k75	CC80_111109	GSE35978	SCZ	CB	M	45.0	65.0	6.67	k79	CC84_111809	False	False
GSE35978__HuGene-1_0-st-v1|CB	GSM878311	GSE35978__HuGene-1_0-st-v1|CB	GSM878321	0.3717519589870764	3.904867817611535	0.2607190319011361	GSE35978	BD	CB	M	30.0	45.0	6.3	k93	CC98_103009	GSE35978	CTL	CB	M	50.0	8.0	6.5	k102	CC108_102309	False	False
GSE35978__HuGene-1_0-st-v1|CB	GSM878316	GSE35978__HuGene-1_0-st-v1|CB	GSM878317	0.5710131961207744	5.951659057237914	0.36993466255488583	GSE35978	MDD	CB	M	45.0	28.0	6.4	k98	CC103_100909	GSE35978	MDD	CB	M	45.0	28.0	6.4	k98	CC103_111809	True	True
GSE35978__HuGene-1_0-st-v1|CB	GSM878323	GSE35978__HuGene-1_0-st-v1|CB	GSM878324	0.6288298059974959	6.545545416184728	0.2913634423896719	GSE35978	SCZ	CB	M	50.0	61.0	6.0	k104	CC110_102309	GSE35978	SCZ	CB	M	50.0	61.0	6.0	k104	CC110_103009	True	True
GSE35978__HuGene-1_0-st-v1|CB	GSM878330	GSE35978__HuGene-1_0-st-v1|CB	GSM878333	0.6830251677925545	7.102234681724517	0.6682705502649365	GSE35978	CTL	CB	F	55.0	26.0	6.0	k110	CC117_100909	GSE35978	CTL	CB	F	55.0	26.0	6.0	k110	CC117_103009	True	True
GSE35978__HuGene-1_0-st-v1|CB	GSM878338	GSE35978__HuGene-1_0-st-v1|CB	GSM878351	0.32377422823285995	3.4120454281821546	0.31665361355571436	GSE35978	CTL	CB	M	55.0	28.0	6.2	k113	CC125_102109	GSE35978	MDD	CB	M	65.0	19.0	6.2	k126	CC138_102109	False	False
GSE35978__HuGene-1_0-st-v1|CB	GSM878353	GSE35978__HuGene-1_0-st-v1|CB	GSM878354	0.3467208644146093	3.6477509501958765	0.22853811008763592	GSE35978	CTL	CB	F	30.0	42.0	6.2	k128	CC140_103009	GSE35978	CTL	CB	F	30.0	42.0	6.2	k128	CC140_111109	True	True
GSE35978__HuGene-1_0-st-v1|CB	GSM878214	GSE35978__HuGene-1_0-st-v1|PARIETAL	GSM878382	0.4431243630065387	5.101959767732635	0.26915374224640765	GSE35978	BD	CB	M	30.0	48.0	6.39	k0	CC1_100909	GSE35978	BD	PARIETAL	M	30.0	48.0	6.39	k0	CC151_40910	True	True
GSE35978__HuGene-1_0-st-v1|CB	GSM878215	GSE35978__HuGene-1_0-st-v1|PARIETAL	GSM878467	0.42528393124605557	4.897498213433933	0.31284733417333144	GSE35978	SCZ	CB	M	40.0	34.0	6.18	k1	CC2_100909	GSE35978	SCZ	PARIETAL	M	40.0	34.0	6.18	k1	CC236_40910	True	True
GSE35978__HuGene-1_0-st-v1|CB	GSM878219	GSE35978__HuGene-1_0-st-v1|PARIETAL	GSM878398	0.3669819045460644	4.229323633475125	0.19753032469711687	GSE35978	SCZ	CB	M	50.0	16.0	6.52	k3	CC5_102309	GSE35978	SCZ	PARIETAL	M	50.0	16.0	6.52	k3	CC167_40610	True	True
GSE35978__HuGene-1_0-st-v1|CB	GSM878220	GSE35978__HuGene-1_0-st-v1|PARIETAL	GSM878387	0.2782005551455229	3.2118385784677312	0.24907661200287565	GSE35978	BD	CB	M	50.0	23.0	6.9	k4	CC7_100909	GSE35978	BD	PARIETAL	M	50.0	23.0	6.9	k4	CC156_40610	True	True
GSE35978__HuGene-1_0-st-v1|CB	GSM878221	GSE35978__HuGene-1_0-st-v1|PARIETAL	GSM878440	0.40050266494588566	4.613490724531907	0.17716419373565895	GSE35978	CTL	CB	M	45.0	36.0	6.57	k5	CC8_100909	GSE35978	BD	PARIETAL	M	20.0	12.0	5.978	k6	CC209_40610	False	False
GSE35978__HuGene-1_0-st-v1|CB	GSM878222	GSE35978__HuGene-1_0-st-v1|PARIETAL	GSM878469	0.3626699690878257	4.179906386310739	0.2876009744206988	GSE35978	BD	CB	M	20.0	12.0	5.978	k6	CC9_100909	GSE35978	CTL	PARIETAL	M	45.0	36.0	6.57	k5	CC238_40610	False	False
GSE35978__HuGene-1_0-st-v1|CB	GSM878224	GSE35978__HuGene-1_0-st-v1|PARIETAL	GSM878462	0.35212891619397085	4.059099889721553	0.2048821790294808	GSE35978	SCZ	CB	M	20.0	28.0	6.73	k8	CC11_102109	GSE35978	SCZ	PARIETAL	M	20.0	28.0	6.73	k8	CC231_40810	True	True
GSE35978__HuGene-1_0-st-v1|CB	GSM878229	GSE35978__HuGene-1_0-st-v1|PARIETAL	GSM878451	0.3345617058097583	3.8577696087019913	0.20146676256439094	GSE35978	BD	CB	M	35.0	35.0	6.3	k13	CC16_102109	GSE35978	BD	PARIETAL	M	35.0	35.0	6.3	k13	CC220_40810	True	True
GSE35978__HuGene-1_0-st-v1|CB	GSM878231	GSE35978__HuGene-1_0-st-v1|PARIETAL	GSM878380	0.26609681998377377	3.0731228490943714	0.17202503978234285	GSE35978	BD	CB	M	30.0	60.0	6.7	k15	CC18_102309	GSE35978	BD	PARIETAL	M	30.0	60.0	6.7	k15	CC149_40910	True	True
GSE35978__HuGene-1_0-st-v1|CB	GSM878233	GSE35978__HuGene-1_0-st-v1|PARIETAL	GSM878445	0.4118056708450209	4.743029638466914	0.30713470712991114	GSE35978	BD	CB	M	55.0	44.0	6.5	k17	CC20_102309	GSE35978	BD	PARIETAL	M	55.0	44.0	6.5	k17	CC214_41410	True	True
GSE35978__HuGene-1_0-st-v1|CB	GSM878234	GSE35978__HuGene-1_0-st-v1|PARIETAL	GSM878444	0.3237433985738318	3.7337856187383687	0.23701125976369639	GSE35978	SCZ	CB	M	35.0	30.0	6.8	k18	CC21_102309	GSE35978	SCZ	PARIETAL	M	35.0	30.0	6.8	k18	CC213_40810	True	True
GSE35978__HuGene-1_0-st-v1|CB	GSM878235	GSE35978__HuGene-1_0-st-v1|PARIETAL	GSM878442	0.41351951328449	4.762671253294482	0.24235923190734393	GSE35978	BD	CB	F	35.0	17.0	6.1	k19	CC22_103009	GSE35978	BD	PARIETAL	F	35.0	17.0	6.1	k19	CC211_40810	True	True
GSE35978__HuGene-1_0-st-v1|CB	GSM878237	GSE35978__HuGene-1_0-st-v1|PARIETAL	GSM878438	0.3186882367838691	3.67585057262045	0.24663029768825262	GSE35978	SCZ	CB	M	50.0	10.0	6.1	k21	CC24_102309	GSE35978	SCZ	PARIETAL	M	50.0	10.0	6.1	k21	CC207_40710	True	True
GSE35978__HuGene-1_0-st-v1|CB	GSM878238	GSE35978__HuGene-1_0-st-v1|PARIETAL	GSM878436	0.29061100517290134	3.354069435669555	0.24008977383017244	GSE35978	SCZ	CB	M	25.0	15.0	6.2	k22	CC25_102309	GSE35978	SCZ	PARIETAL	M	25.0	15.0	6.2	k22	CC205_40710	True	True
GSE35978__HuGene-1_0-st-v1|CB	GSM878240	GSE35978__HuGene-1_0-st-v1|PARIETAL	GSM878433	0.315107731900192	3.6348159382842855	0.22781996382809813	GSE35978	CTL	CB	M	50.0	31.0	6.7	k24	CC27_102109	GSE35978	CTL	PARIETAL	M	50.0	31.0	6.7	k24	CC202_40710	True	True
GSE35978__HuGene-1_0-st-v1|CB	GSM878241	GSE35978__HuGene-1_0-st-v1|PARIETAL	GSM878378	0.2681348002787913	3.096479269182386	0.21332804775663433	GSE35978	SCZ	CB	M	45.0	26.0	6.42	k25	CC28_103009	GSE35978	SCZ	PARIETAL	M	45.0	26.0	6.42	k25	CC147_40910	True	True
GSE35978__HuGene-1_0-st-v1|CB	GSM878243	GSE35978__HuGene-1_0-st-v1|PARIETAL	GSM878406	0.31056720505886654	3.5827789030949964	0.28516893655866266	GSE35978	BD	CB	F	40.0	49.0	6.65	k27	CC30_103009	GSE35978	BD	PARIETAL	F	40.0	49.0	6.65	k27	CC175_40610	True	True
GSE35978__HuGene-1_0-st-v1|CB	GSM878245	GSE35978__HuGene-1_0-st-v1|PARIETAL	GSM878425	0.2760474654089062	3.1871629383260873	0.1815467725736564	GSE35978	CTL	CB	F	40.0	28.0	6.7	k29	CC32_102109	GSE35978	CTL	PARIETAL	F	40.0	28.0	6.7	k29	CC194_40710	True	True
GSE35978__HuGene-1_0-st-v1|CB	GSM878246	GSE35978__HuGene-1_0-st-v1|PARIETAL	GSM878421	0.47245859150400854	5.438146808117556	0.28138860143307853	GSE35978	SCZ	CB	M	40.0	80.0	6.6	k30	CC33_103009	GSE35978	SCZ	PARIETAL	M	40.0	80.0	6.6	k30	CC190_40710	True	True
GSE35978__HuGene-1_0-st-v1|CB	GSM878247	GSE35978__HuGene-1_0-st-v1|PARIETAL	GSM878417	0.272614891900489	3.1478236821803876	0.2575223873840912	GSE35978	SCZ	CB	M	35.0	29.0	6.5	k31	CC34_103009	GSE35978	CTL	PARIETAL	M	50.0	24.0	6.91	k88	CC186_40710	False	False
GSE35978__HuGene-1_0-st-v1|CB	GSM878248	GSE35978__HuGene-1_0-st-v1|PARIETAL	GSM878377	0.402612406081504	4.6376695649068305	0.22628189075802765	GSE35978	BD	CB	M	45.0	28.0	6.35	k32	CC35_111809	GSE35978	BD	PARIETAL	M	45.0	28.0	6.35	k32	CC146_40910	True	True
GSE35978__HuGene-1_0-st-v1|CB	GSM878250	GSE35978__HuGene-1_0-st-v1|PARIETAL	GSM878414	0.2915686870500575	3.3650450178615046	0.15886033592008178	GSE35978	SCZ	CB	M	45.0	18.0	6.3	k34	CC37_111809	GSE35978	SCZ	PARIETAL	M	45.0	18.0	6.3	k34	CC183_40610	True	True
GSE35978__HuGene-1_0-st-v1|CB	GSM878252	GSE35978__HuGene-1_0-st-v1|PARIETAL	GSM878410	0.27951203803431146	3.2268689226588294	0.2619414905029696	GSE35978	CTL	CB	M	35.0	52.0	6.7	k36	CC39_102309	GSE35978	CTL	PARIETAL	M	35.0	52.0	6.7	k36	CC179_40610	True	True
GSE35978__HuGene-1_0-st-v1|CB	GSM878254	GSE35978__HuGene-1_0-st-v1|PARIETAL	GSM878407	0.4368360511638025	5.029892116537742	0.22195447309637517	GSE35978	SCZ	CB	M	35.0	47.0	6.4	k38	CC41_111109	GSE35978	SCZ	PARIETAL	M	35.0	47.0	6.4	k38	CC176_40610	True	True
GSE35978__HuGene-1_0-st-v1|CB	GSM878255	GSE35978__HuGene-1_0-st-v1|PARIETAL	GSM878405	0.29750184277133057	3.433042376723344	0.2664140425810527	GSE35978	BD	CB	M	60.0	84.0	6.65	k39	CC42_111809	GSE35978	BD	PARIETAL	M	60.0	84.0	6.65	k39	CC174_40610	True	True
GSE35978__HuGene-1_0-st-v1|CB	GSM878256	GSE35978__HuGene-1_0-st-v1|PARIETAL	GSM878402	0.49613207746522914	5.709458500585731	0.39836359543761085	GSE35978	SCZ	CB	M	45.0	32.0	6.67	k40	CC43_111109	GSE35978	SCZ	PARIETAL	M	45.0	32.0	6.67	k40	CC171_40610	True	True
GSE35978__HuGene-1_0-st-v1|CB	GSM878257	GSE35978__HuGene-1_0-st-v1|PARIETAL	GSM878395	0.6613979672648257	7.603500144568253	0.4656760408337541	GSE35978	CTL	CB	M	35.0	22.0	6.48	k41	CC44_102309	GSE35978	CTL	PARIETAL	M	35.0	22.0	6.48	k41	CC164_40610	True	True
GSE35978__HuGene-1_0-st-v1|CB	GSM878259	GSE35978__HuGene-1_0-st-v1|PARIETAL	GSM878458	0.2852423955220461	3.2925420977455797	0.2607215148561052	GSE35978	CTL	CB	M	45.0	29.0	6.94	k43	CC46_103009	GSE35978	CTL	PARIETAL	M	45.0	29.0	6.94	k43	CC227_40610	True	True
GSE35978__HuGene-1_0-st-v1|CB	GSM878260	GSE35978__HuGene-1_0-st-v1|PARIETAL	GSM878449	0.3406879694838645	3.9279800951783286	0.2476398530790553	GSE35978	CTL	CB	F	35.0	24.0	6.87	k44	CC47_103009	GSE35978	CTL	PARIETAL	F	35.0	24.0	6.87	k44	CC218_40610	True	True
GSE35978__HuGene-1_0-st-v1|CB	GSM878262	GSE35978__HuGene-1_0-st-v1|PARIETAL	GSM878404	0.40528279433927206	4.668273742041917	0.28092978078610953	GSE35978	SCZ	CB	M	45.0	13.0	6.3	k46	CC49_111109	GSE35978	SCZ	PARIETAL	M	45.0	13.0	6.3	k46	CC173_40610	True	True
GSE35978__HuGene-1_0-st-v1|CB	GSM878264	GSE35978__HuGene-1_0-st-v1|PARIETAL	GSM878400	0.29368378586634686	3.3892852603219907	0.18130357033288558	GSE35978	BD	CB	M	50.0	23.0	6.67	k48	CC51_111109	GSE35978	BD	PARIETAL	M	50.0	23.0	6.67	k48	CC169_51110	True	True
GSE35978__HuGene-1_0-st-v1|CB	GSM878267	GSE35978__HuGene-1_0-st-v1|PARIETAL	GSM878474	0.3520133484109031	4.057775416812483	0.1383061050723931	GSE35978	BD	CB	F	30.0	62.0	6.74	k50	CC54_100909	GSE35978	BD	PARIETAL	F	30.0	62.0	6.74	k50	CC243_40910	True	True
GSE35978__HuGene-1_0-st-v1|CB	GSM878269	GSE35978__HuGene-1_0-st-v1|PARIETAL	GSM878396	0.378314002092776	4.359195954334383	0.2469015832609059	GSE35978	BD	CB	F	45.0	37.0	6.37	k52	CC56_102309	GSE35978	BD	PARIETAL	F	45.0	37.0	6.37	k52	CC165_51110	True	True
GSE35978__HuGene-1_0-st-v1|CB	GSM878270	GSE35978__HuGene-1_0-st-v1|PARIETAL	GSM878394	0.460804772349705	5.304587373581743	0.2042643221270928	GSE35978	BD	CB	F	55.0	26.0	6.58	k53	CC57_111109	GSE35978	BD	PARIETAL	F	55.0	26.0	6.58	k53	CC163_51110	True	True
GSE35978__HuGene-1_0-st-v1|CB	GSM878271	GSE35978__HuGene-1_0-st-v1|PARIETAL	GSM878393	0.38685489957205943	4.457079525604682	0.20086201991482333	GSE35978	BD	CB	F	45.0	39.0	6.74	k54	CC58_111109	GSE35978	BD	PARIETAL	F	45.0	39.0	6.74	k54	CC162_51110	True	True
GSE35978__HuGene-1_0-st-v1|CB	GSM878278	GSE35978__HuGene-1_0-st-v1|PARIETAL	GSM878386	0.3238172104326726	3.7346315448676735	0.23178392614312707	GSE35978	BD	CB	F	50.0	62.0	6.51	k60	CC65_111809	GSE35978	BD	PARIETAL	F	50.0	62.0	6.51	k60	CC155_40910	True	True
GSE35978__HuGene-1_0-st-v1|CB	GSM878279	GSE35978__HuGene-1_0-st-v1|PARIETAL	GSM878473	0.4644405478641837	5.34625544096664	0.2239264613784501	GSE35978	SCZ	CB	M	30.0	33.0	6.2	k61	CC66_110409	GSE35978	SCZ	PARIETAL	M	30.0	33.0	6.2	k61	CC242_40910	True	True
GSE35978__HuGene-1_0-st-v1|CB	GSM878280	GSE35978__HuGene-1_0-st-v1|PARIETAL	GSM878385	0.314506054631917	3.627920372576611	0.16642915056668153	GSE35978	CTL	CB	M	55.0	31.0	6.7	k62	CC67_111109	GSE35978	CTL	PARIETAL	M	55.0	31.0	6.7	k62	CC154_40910	True	True
GSE35978__HuGene-1_0-st-v1|CB	GSM878281	GSE35978__HuGene-1_0-st-v1|PARIETAL	GSM878384	0.40679356020863094	4.685587983198051	0.22771429243078017	GSE35978	CTL	CB	F	50.0	45.0	6.72	k63	CC68_111109	GSE35978	CTL	PARIETAL	F	50.0	45.0	6.72	k63	CC153_40910	True	True
GSE35978__HuGene-1_0-st-v1|CB	GSM878282	GSE35978__HuGene-1_0-st-v1|PARIETAL	GSM878383	0.3927014351545325	4.5240841681214015	0.27726092459810964	GSE35978	BD	CB	F	50.0	38.0	6.39	k64	CC69_111809	GSE35978	BD	PARIETAL	F	50.0	38.0	6.39	k64	CC152_40910	True	True
GSE35978__HuGene-1_0-st-v1|CB	GSM878283	GSE35978__HuGene-1_0-st-v1|PARIETAL	GSM878381	0.45352200311873897	5.2211226717991135	0.37688004688273313	GSE35978	SCZ	CB	M	55.0	38.0	6.17	k65	CC70_111109	GSE35978	SCZ	PARIETAL	M	55.0	38.0	6.17	k65	CC150_40910	True	True
GSE35978__HuGene-1_0-st-v1|CB	GSM878286	GSE35978__HuGene-1_0-st-v1|PARIETAL	GSM878472	0.5406741020072315	6.219935583861326	0.4537511426381217	GSE35978	CTL	CB	F	35.0	29.0	6.52	k68	CC73_111109	GSE35978	CTL	PARIETAL	F	35.0	29.0	6.52	k68	CC241_40910	True	True
GSE35978__HuGene-1_0-st-v1|CB	GSM878287	GSE35978__HuGene-1_0-st-v1|PARIETAL	GSM878470	0.3233405832810899	3.72916912503715	0.26070907055441234	GSE35978	SCZ	CB	F	45.0	26.0	6.58	k69	CC74_111109	GSE35978	SCZ	PARIETAL	F	45.0	26.0	6.58	k69	CC239_40910	True	True
GSE35978__HuGene-1_0-st-v1|CB	GSM878289	GSE35978__HuGene-1_0-st-v1|PARIETAL	GSM878471	0.3006130964202716	3.468699123455732	0.16106602054098224	GSE35978	BD	CB	M	45.0	19.0	6.74	k71	CC76_103009	GSE35978	BD	PARIETAL	M	45.0	19.0	6.74	k71	CC240_40910	True	True
GSE35978__HuGene-1_0-st-v1|CB	GSM878290	GSE35978__HuGene-1_0-st-v1|PARIETAL	GSM878463	0.35050664103842644	4.0405076883524425	0.31261660977087835	GSE35978	CTL	CB	M	50.0	49.0	6.75	k72	CC77_100909	GSE35978	CTL	PARIETAL	M	50.0	49.0	6.75	k72	CC232_40810	True	True
GSE35978__HuGene-1_0-st-v1|CB	GSM878291	GSE35978__HuGene-1_0-st-v1|PARIETAL	GSM878521	0.3833516562147649	4.416930352561369	0.3439968147002369	GSE35978	SCZ	CB	F	45.0	30.0	6.47	k73	CC78_111109	GSE35978	SCZ	PARIETAL	M	50.0	61.0	6.0	k104	CC290_51110	False	True
GSE35978__HuGene-1_0-st-v1|CB	GSM878293	GSE35978__HuGene-1_0-st-v1|PARIETAL	GSM878454	0.3517329052418975	4.0545613776570875	0.22617039407312034	GSE35978	CTL	CB	M	30.0	13.0	6.57	k75	CC80_111109	GSE35978	CTL	PARIETAL	M	30.0	13.0	6.57	k75	CC223_40810	True	True
GSE35978__HuGene-1_0-st-v1|CB	GSM878294	GSE35978__HuGene-1_0-st-v1|PARIETAL	GSM878452	0.5544384026862154	6.377682344054281	0.45207175151086354	GSE35978	CTL	CB	M	45.0	11.0	6.6	k76	CC81_111109	GSE35978	CTL	PARIETAL	M	45.0	11.0	6.6	k76	CC221_40810	True	True
GSE35978__HuGene-1_0-st-v1|CB	GSM878296	GSE35978__HuGene-1_0-st-v1|PARIETAL	GSM878443	0.4074400613473307	4.692997256104059	0.19837749862525664	GSE35978	SCZ	CB	M	40.0	54.0	6.18	k78	CC83_111809	GSE35978	SCZ	PARIETAL	M	40.0	54.0	6.18	k78	CC212_40810	True	True
GSE35978__HuGene-1_0-st-v1|CB	GSM878298	GSE35978__HuGene-1_0-st-v1|PARIETAL	GSM878437	0.2615865347103303	3.021432399573892	0.21486006447553657	GSE35978	BD	CB	F	45.0	57.0	5.92	k80	CC85_103009	GSE35978	BD	PARIETAL	F	45.0	57.0	5.92	k80	CC206_40710	True	True
GSE35978__HuGene-1_0-st-v1|CB	GSM878301	GSE35978__HuGene-1_0-st-v1|PARIETAL	GSM878432	0.2878790840081515	3.322760056218127	0.17645047268091224	GSE35978	CTL	CB	M	50.0	22.0	6.71	k83	CC88_111109	GSE35978	CTL	PARIETAL	M	50.0	22.0	6.71	k83	CC201_40710	True	True
GSE35978__HuGene-1_0-st-v1|CB	GSM878303	GSE35978__HuGene-1_0-st-v1|PARIETAL	GSM878426	0.39657627678474844	4.568492069959861	0.23311668108551462	GSE35978	SCZ	CB	F	45.0	35.0	6.5	k85	CC90_103009	GSE35978	SCZ	PARIETAL	F	45.0	35.0	6.5	k85	CC195_40710	True	True
GSE35978__HuGene-1_0-st-v1|CB	GSM878305	GSE35978__HuGene-1_0-st-v1|PARIETAL	GSM878420	0.27212139307161004	3.1421679032759395	0.23046529047016845	GSE35978	CTL	CB	M	30.0	11.0	6.13	k87	CC92_111809	GSE35978	CTL	PARIETAL	M	30.0	11.0	6.13	k87	CC189_40710	True	True
GSE35978__HuGene-1_0-st-v1|CB	GSM878309	GSE35978__HuGene-1_0-st-v1|PARIETAL	GSM878493	0.26378631396223706	3.0466431282713415	0.16324914841647944	GSE35978	CTL	CB	M	50.0	22.0	6.2	k91	CC96_103009	GSE35978	CTL	PARIETAL	M	50.0	22.0	6.2	k91	CC262_51210	True	True
GSE35978__HuGene-1_0-st-v1|CB	GSM878310	GSE35978__HuGene-1_0-st-v1|PARIETAL	GSM878457	0.3719193560094498	4.285909651909627	0.29953578800668346	GSE35978	CTL	CB	M	50.0	28.0	6.5	k92	CC97_103009	GSE35978	SCZ	PARIETAL	M	40.0	26.0	6.8	k74	CC226_40810	False	False
GSE35978__HuGene-1_0-st-v1|CB	GSM878312	GSE35978__HuGene-1_0-st-v1|PARIETAL	GSM878523	0.3485117574530793	4.0176451812124245	0.19939647865913263	GSE35978	MDD	CB	F	30.0	47.0	6.0	k94	CC99_102109	GSE35978	MDD	PARIETAL	F	30.0	47.0	6.0	k94	CC292_51310	True	True
GSE35978__HuGene-1_0-st-v1|CB	GSM878313	GSE35978__HuGene-1_0-st-v1|PARIETAL	GSM878515	0.3232143095600387	3.7277219559540344	0.302327648993618	GSE35978	CTL	CB	F	35.0	23.0	6.6	k95	CC100_102109	GSE35978	CTL	PARIETAL	F	35.0	23.0	6.6	k95	CC284_51310	True	True
GSE35978__HuGene-1_0-st-v1|CB	GSM878314	GSE35978__HuGene-1_0-st-v1|PARIETAL	GSM878494	0.3826966849144235	4.409424006757257	0.21918429179133284	GSE35978	CTL	CB	F	35.0	40.0	5.8	k96	CC101_102309	GSE35978	CTL	PARIETAL	F	35.0	40.0	5.8	k96	CC263_51210	True	True
GSE35978__HuGene-1_0-st-v1|CB	GSM878315	GSE35978__HuGene-1_0-st-v1|PARIETAL	GSM878529	0.529992812090669	6.097521890763783	0.26450040534296293	GSE35978	MDD	CB	F	30.0	33.0	6.0	k97	CC102_103009	GSE35978	MDD	PARIETAL	F	30.0	33.0	6.0	k97	CC298_51310	True	True
GSE35978__HuGene-1_0-st-v1|CB	GSM878317	GSE35978__HuGene-1_0-st-v1|PARIETAL	GSM878501	0.38587044797092845	4.445797147061303	0.27847617533788377	GSE35978	MDD	CB	M	45.0	28.0	6.4	k98	CC103_111809	GSE35978	MDD	PARIETAL	M	45.0	28.0	6.4	k98	CC270_51210	True	True
GSE35978__HuGene-1_0-st-v1|CB	GSM878318	GSE35978__HuGene-1_0-st-v1|PARIETAL	GSM878500	0.35064567102540295	4.042101051540788	0.18506427347373722	GSE35978	MDD	CB	M	40.0	7.0	6.2	k99	CC105_111109	GSE35978	MDD	PARIETAL	M	40.0	7.0	6.2	k99	CC269_51110	True	True
GSE35978__HuGene-1_0-st-v1|CB	GSM878320	GSE35978__HuGene-1_0-st-v1|PARIETAL	GSM878517	0.301746094302007	3.4816839273566034	0.17391055614239495	GSE35978	MDD	CB	M	50.0	12.0	6.5	k101	CC107_111809	GSE35978	MDD	PARIETAL	M	50.0	12.0	6.5	k101	CC286_51310	True	True
GSE35978__HuGene-1_0-st-v1|CB	GSM878322	GSE35978__HuGene-1_0-st-v1|PARIETAL	GSM878532	0.35285999705818744	4.067478494669157	0.22406561103236838	GSE35978	CTL	CB	M	60.0	26.0	6.4	k103	CC109_102309	GSE35978	CTL	PARIETAL	M	60.0	26.0	6.4	k103	CC301_51110	True	True
GSE35978__HuGene-1_0-st-v1|CB	GSM878326	GSE35978__HuGene-1_0-st-v1|PARIETAL	GSM878435	0.29135356572040155	3.362579604354995	0.27266731274574685	GSE35978	BD	CB	M	50.0	19.0	6.2	k106	CC113_102309	GSE35978	CTL	PARIETAL	M	40.0	38.0	6.67	k82	CC204_40710	False	False
GSE35978__HuGene-1_0-st-v1|CB	GSM878327	GSE35978__HuGene-1_0-st-v1|PARIETAL	GSM878497	0.3779780321601227	4.355345546701307	0.20215926752676386	GSE35978	SCZ	CB	F	60.0	40.0	6.2	k107	CC114_102309	GSE35978	SCZ	PARIETAL	F	60.0	40.0	6.2	k107	CC266_51210	True	True
GSE35978__HuGene-1_0-st-v1|CB	GSM878328	GSE35978__HuGene-1_0-st-v1|PARIETAL	GSM878507	0.3919134799332328	4.5150537505044035	0.21176281606299552	GSE35978	SCZ	CB	M	30.0	32.0	5.8	k108	CC115_102309	GSE35978	SCZ	PARIETAL	M	30.0	32.0	5.8	k108	CC276_51210	True	True
GSE35978__HuGene-1_0-st-v1|CB	GSM878331	GSE35978__HuGene-1_0-st-v1|PARIETAL	GSM878481	0.4722799021145706	5.436098925488275	0.2785333344519489	GSE35978	CTL	CB	F	55.0	26.0	6.0	k110	CC117_102109	GSE35978	CTL	PARIETAL	F	55.0	26.0	6.0	k110	CC250_51110	True	True
GSE35978__HuGene-1_0-st-v1|CB	GSM878338	GSE35978__HuGene-1_0-st-v1|PARIETAL	GSM878492	0.2857344297750202	3.29818109177229	0.2361937101020134	GSE35978	CTL	CB	M	55.0	28.0	6.2	k113	CC125_102109	GSE35978	CTL	PARIETAL	M	55.0	28.0	6.2	k113	CC261_51210	True	True
GSE35978__HuGene-1_0-st-v1|CB	GSM878340	GSE35978__HuGene-1_0-st-v1|PARIETAL	GSM878486	0.2610539504954048	3.015328679785013	0.15143709516584963	GSE35978	MDD	CB	M	50.0	26.0	6.3	k115	CC127_103009	GSE35978	MDD	PARIETAL	M	50.0	26.0	6.3	k115	CC255_51210	True	True
GSE35978__HuGene-1_0-st-v1|CB	GSM878341	GSE35978__HuGene-1_0-st-v1|PARIETAL	GSM878530	0.48379879762138284	5.568112057835436	0.20842024953540683	GSE35978	SCZ	CB	M	60.0	31.0	6.2	k116	CC128_102109	GSE35978	SCZ	PARIETAL	M	60.0	31.0	6.2	k116	CC299_51310	True	True
GSE35978__HuGene-1_0-st-v1|CB	GSM878342	GSE35978__HuGene-1_0-st-v1|PARIETAL	GSM878526	0.3520140552377673	4.057783517452714	0.21811288890900551	GSE35978	BD	CB	M	55.0	19.0	6.2	k117	CC129_102109	GSE35978	BD	PARIETAL	M	55.0	19.0	6.2	k117	CC295_51310	True	True
GSE35978__HuGene-1_0-st-v1|CB	GSM878343	GSE35978__HuGene-1_0-st-v1|PARIETAL	GSM878506	0.45999682529687624	5.295327838138305	0.27158011203281773	GSE35978	MDD	CB	F	45.0	32.0	6.2	k118	CC130_111109	GSE35978	MDD	PARIETAL	F	45.0	32.0	6.2	k118	CC275_51210	True	True
GSE35978__HuGene-1_0-st-v1|CB	GSM878344	GSE35978__HuGene-1_0-st-v1|PARIETAL	GSM878489	0.3490217785666911	4.023490314952137	0.18198070321944676	GSE35978	BD	CB	F	25.0	24.0	6.4	k119	CC131_100909	GSE35978	BD	PARIETAL	F	25.0	24.0	6.4	k119	CC258_51210	True	True
GSE35978__HuGene-1_0-st-v1|CB	GSM878346	GSE35978__HuGene-1_0-st-v1|PARIETAL	GSM878508	0.318509780344172	3.673805359728467	0.18871321379673825	GSE35978	SCZ	CB	M	35.0	35.0	6.5	k121	CC133_102109	GSE35978	SCZ	PARIETAL	M	35.0	35.0	6.5	k121	CC277_51210	True	True
GSE35978__HuGene-1_0-st-v1|CB	GSM878347	GSE35978__HuGene-1_0-st-v1|PARIETAL	GSM878519	0.2752382269396609	3.1778886025117106	0.14331060994004352	GSE35978	CTL	CB	F	45.0	25.0	6.3	k122	CC134_100909	GSE35978	CTL	PARIETAL	F	45.0	25.0	6.3	k122	CC288_51310	True	True
GSE35978__HuGene-1_0-st-v1|CB	GSM878348	GSE35978__HuGene-1_0-st-v1|PARIETAL	GSM878504	0.396542711563385	4.568107393320726	0.2634951603563433	GSE35978	BD	CB	M	30.0	31.0	6.1	k123	CC135_100909	GSE35978	BD	PARIETAL	M	30.0	31.0	6.1	k123	CC273_51210	True	True
GSE35978__HuGene-1_0-st-v1|CB	GSM878349	GSE35978__HuGene-1_0-st-v1|PARIETAL	GSM878514	0.35986753705930374	4.147788912021958	0.17229165430613377	GSE35978	SCZ	CB	M	45.0	50.0	6.5	k124	CC136_100909	GSE35978	SCZ	PARIETAL	M	45.0	50.0	6.5	k124	CC283_51310	True	True
GSE35978__HuGene-1_0-st-v1|CB	GSM878350	GSE35978__HuGene-1_0-st-v1|PARIETAL	GSM878502	0.29597242833847365	3.4155144123608756	0.2128820980017583	GSE35978	MDD	CB	M	40.0	23.0	6.0	k125	CC137_102309	GSE35978	MDD	PARIETAL	M	40.0	23.0	6.0	k125	CC271_51210	True	True
GSE35978__HuGene-1_0-st-v1|CB	GSM878351	GSE35978__HuGene-1_0-st-v1|PARIETAL	GSM878513	0.40409652246743594	4.654678387737001	0.17615383549647565	GSE35978	MDD	CB	M	65.0	19.0	6.2	k126	CC138_102109	GSE35978	MDD	PARIETAL	M	65.0	19.0	6.2	k126	CC282_51310	True	True
GSE35978__HuGene-1_0-st-v1|CB	GSM878352	GSE35978__HuGene-1_0-st-v1|PARIETAL	GSM878518	0.4275147224264771	4.92306435657376	0.2854676086489216	GSE35978	SCZ	CB	F	50.0	38.0	6.2	k127	CC139_100909	GSE35978	SCZ	PARIETAL	F	50.0	38.0	6.2	k127	CC287_51310	True	True
GSE35978__HuGene-1_0-st-v1|CB	GSM878353	GSE35978__HuGene-1_0-st-v1|PARIETAL	GSM878528	0.27912276474091485	3.222407628017343	0.14828085230681626	GSE35978	CTL	CB	F	30.0	42.0	6.2	k128	CC140_103009	GSE35978	CTL	PARIETAL	F	30.0	42.0	6.2	k128	CC297_51310	True	True
GSE35978__HuGene-1_0-st-v1|CB	GSM878355	GSE35978__HuGene-1_0-st-v1|PARIETAL	GSM878485	0.4043276838652943	4.657327629601465	0.2222699910644595	GSE35978	MDD	CB	F	55.0	40.0	6.3	k129	CC142_100909	GSE35978	MDD	PARIETAL	F	55.0	40.0	6.3	k129	CC254_51210	True	True
GSE35978__HuGene-1_0-st-v1|CB	GSM878356	GSE35978__HuGene-1_0-st-v1|PARIETAL	GSM878488	0.4007465817910973	4.616286151120296	0.19068664452193262	GSE35978	BD	CB	M	35.0	23.0	6.3	k130	CC143_111109	GSE35978	BD	PARIETAL	M	35.0	23.0	6.3	k130	CC257_51210	True	True
GSE35978__HuGene-1_0-st-v1|CB	GSM878219	GSE53987__HG-U133_Plus_2|HPC	GSM1304914	0.3026280280365751	3.504605033022925	0.23876627024227423	GSE35978	SCZ	CB	M	50.0	16.0	6.52	k3	CC5_102309	GSE53987	SCZ	HPC	M	47.0	28.9	6.58	k62	schiz_hip_4	False	True
GSE35978__HuGene-1_0-st-v1|CB	GSM878222	GSE53987__HG-U133_Plus_2|HPC	GSM1304888	0.41716994611620906	4.8298697266915696	0.34767456155913257	GSE35978	BD	CB	M	20.0	12.0	5.978	k6	CC9_100909	GSE53987	MDD	HPC	M	51.0	24.6	6.5	k36	MDD_hip_10	False	False
GSE35978__HuGene-1_0-st-v1|CB	GSM878243	GSE53987__HG-U133_Plus_2|HPC	GSM1304857	0.3559174282585885	4.12117023330107	0.29120523110563007	GSE35978	BD	CB	F	40.0	49.0	6.65	k27	CC30_103009	GSE53987	BD	HPC	M	28.0	27.4	6.2	k5	bipolar_hip_15	False	True
GSE35978__HuGene-1_0-st-v1|CB	GSM878246	GSE53987__HG-U133_Plus_2|HPC	GSM1304905	0.36694816935715874	4.248797323610239	0.3298489832799309	GSE35978	SCZ	CB	M	40.0	80.0	6.6	k30	CC33_103009	GSE53987	SCZ	HPC	M	49.0	21.5	5.97	k53	schiz_hip_10	False	True
GSE35978__HuGene-1_0-st-v1|CB	GSM878256	GSE53987__HG-U133_Plus_2|HPC	GSM1304907	0.3825657301252933	4.429494506215856	0.274249221954712	GSE35978	SCZ	CB	M	45.0	32.0	6.67	k40	CC43_111109	GSE53987	SCZ	HPC	F	25.0	20.1	6.73	k55	schiz_hip_12	False	True
GSE35978__HuGene-1_0-st-v1|CB	GSM878257	GSE53987__HG-U133_Plus_2|HPC	GSM1304910	0.369829325579804	4.282132670903453	0.23652139044441797	GSE35978	CTL	CB	M	35.0	22.0	6.48	k41	CC44_102309	GSE53987	SCZ	HPC	F	46.0	23.8	6.61	k58	schiz_hip_19	False	False
GSE35978__HuGene-1_0-st-v1|CB	GSM878283	GSE53987__HG-U133_Plus_2|HPC	GSM1304858	0.3740089138487883	4.330491043626926	0.27867306093004335	GSE35978	SCZ	CB	M	55.0	38.0	6.17	k65	CC70_111109	GSE53987	BD	HPC	F	49.0	21.5	6.7	k6	bipolar_hip_16	False	False
GSE35978__HuGene-1_0-st-v1|CB	GSM878291	GSE53987__HG-U133_Plus_2|HPC	GSM1304863	0.41651067603146047	4.822241887193528	0.2758831428585364	GSE35978	SCZ	CB	F	45.0	30.0	6.47	k73	CC78_111109	GSE53987	BD	HPC	F	39.0	22.2	6.7	k11	bipolar_hip_3	False	False
GSE35978__HuGene-1_0-st-v1|CB	GSM878298	GSE53987__HG-U133_Plus_2|HPC	GSM1304891	0.2639798867763155	3.057441078141961	0.24078051755297572	GSE35978	BD	CB	F	45.0	57.0	5.92	k80	CC85_103009	GSE53987	MDD	HPC	F	52.0	10.3	6.5	k39	MDD_hip_13	False	False
GSE35978__HuGene-1_0-st-v1|CB	GSM878310	GSE53987__HG-U133_Plus_2|HPC	GSM1304885	0.2904509375510775	3.3637145331727414	0.2817125465953051	GSE35978	CTL	CB	M	50.0	28.0	6.5	k92	CC97_103009	GSE53987	CTL	HPC	M	68.0	11.8	6.8	k33	control_hip_6	False	True
GSE35978__HuGene-1_0-st-v1|CB	GSM878313	GSE53987__HG-U133_Plus_2|HPC	GSM1304866	0.28799859629451996	3.3353406300756836	0.2757856050779188	GSE35978	CTL	CB	F	35.0	23.0	6.6	k95	CC100_102109	GSE53987	BD	HPC	M	65.0	8.9	6.7	k14	bipolar_hip_6	False	False
GSE35978__HuGene-1_0-st-v1|CB	GSM878332	GSE53987__HG-U133_Plus_2|HPC	GSM1304873	0.3005257591161646	3.48028151178697	0.19949110341599355	GSE35978	CTL	CB	F	55.0	26.0	6.0	k110	CC117_102309	GSE53987	CTL	HPC	F	65.0	18.5	6.5	k21	control_hip_13	False	True
GSE35978__HuGene-1_0-st-v1|CB	GSM878352	GSE53987__HG-U133_Plus_2|HPC	GSM1304859	0.31025157243660106	3.592810420215285	0.23235674138826204	GSE35978	SCZ	CB	F	50.0	38.0	6.2	k127	CC139_100909	GSE53987	BD	HPC	F	42.0	31.2	6.5	k7	bipolar_hip_18	False	False
GSE35978__HuGene-1_0-st-v1|CB	GSM878222	GSE53987__HG-U133_Plus_2|PFC_BA46	GSM1304956	0.4232809085026809	5.028818096786442	0.37655559454870435	GSE35978	BD	CB	M	20.0	12.0	5.978	k6	CC9_100909	GSE53987	MDD	PFC_BA46	M	51.0	24.6	6.5	k36	MDD_pfc_10	False	False
GSE35978__HuGene-1_0-st-v1|CB	GSM878230	GSE53987__HG-U133_Plus_2|PFC_BA46	GSM1304942	0.27049643531110856	3.21381662429808	0.2606217607736309	GSE35978	CTL	CB	M	50.0	46.0	6.5	k14	CC17_100909	GSE53987	CTL	PFC_BA46	M	22.0	20.1	6.8	k23	control_pfc_15	False	True
GSE35978__HuGene-1_0-st-v1|CB	GSM878256	GSE53987__HG-U133_Plus_2|PFC_BA46	GSM1304975	0.3655406591519658	4.3428934383168025	0.30488656763859906	GSE35978	SCZ	CB	M	45.0	32.0	6.67	k40	CC43_111109	GSE53987	SCZ	PFC_BA46	F	25.0	20.1	6.73	k55	schiz_pfc_12	False	True
GSE35978__HuGene-1_0-st-v1|CB	GSM878259	GSE53987__HG-U133_Plus_2|PFC_BA46	GSM1304943	0.3056414703730764	3.631321682604262	0.2547222949072666	GSE35978	CTL	CB	M	45.0	29.0	6.94	k43	CC46_103009	GSE53987	CTL	PFC_BA46	F	52.0	22.6	7.1	k24	control_pfc_16	False	True
GSE35978__HuGene-1_0-st-v1|CB	GSM878269	GSE53987__HG-U133_Plus_2|PFC_BA46	GSM1304982	0.3079156146073185	3.658337354076486	0.17173839479501846	GSE35978	BD	CB	F	45.0	37.0	6.37	k52	CC56_102309	GSE53987	SCZ	PFC_BA46	F	41.0	20.1	6.27	k61	schiz_pfc_3	False	False
GSE35978__HuGene-1_0-st-v1|CB	GSM878275	GSE53987__HG-U133_Plus_2|PFC_BA46	GSM1304941	0.35060255302058935	4.165436370473005	0.19825162407002703	GSE35978	CTL	CB	M	30.0	24.0	7.03	k58	CC62_111109	GSE53987	CTL	PFC_BA46	M	55.0	28.0	6.1	k22	control_pfc_14	False	True
GSE35978__HuGene-1_0-st-v1|CB	GSM878283	GSE53987__HG-U133_Plus_2|PFC_BA46	GSM1304926	0.35620020467924246	4.231933611918432	0.25998207574468624	GSE35978	SCZ	CB	M	55.0	38.0	6.17	k65	CC70_111109	GSE53987	BD	PFC_BA46	F	49.0	21.5	6.7	k6	bipolar_pfc_16	False	False
GSE35978__HuGene-1_0-st-v1|CB	GSM878291	GSE53987__HG-U133_Plus_2|PFC_BA46	GSM1304930	0.42378662474718326	5.034825747362834	0.2843961378187374	GSE35978	SCZ	CB	F	45.0	30.0	6.47	k73	CC78_111109	GSE53987	BD	PFC_BA46	F	39.0	22.2	6.7	k11	bipolar_pfc_3	False	False
GSE35978__HuGene-1_0-st-v1|CB	GSM878295	GSE53987__HG-U133_Plus_2|PFC_BA46	GSM1304952	0.30847565180912623	3.664990309869021	0.27589148927268853	GSE35978	CTL	CB	M	45.0	31.0	6.67	k77	CC82_111809	GSE53987	CTL	PFC_BA46	M	68.0	11.8	6.8	k33	control_pfc_6	False	True
GSE35978__HuGene-1_0-st-v1|CB	GSM878310	GSE53987__HG-U133_Plus_2|PFC_BA46	GSM1304967	0.2723723447945861	3.236101470419174	0.25933153031411676	GSE35978	CTL	CB	M	50.0	28.0	6.5	k92	CC97_103009	GSE53987	MDD	PFC_BA46	M	47.0	24.0	6.6	k48	MDD_pfc_4	False	False
GSE35978__HuGene-1_0-st-v1|CB	GSM878315	GSE53987__HG-U133_Plus_2|PFC_BA46	GSM1304985	0.26186856082073584	3.1113218839795653	0.23329983068380317	GSE35978	MDD	CB	F	30.0	33.0	6.0	k97	CC102_103009	GSE53987	SCZ	PFC_BA46	M	58.0	7.7	6.22	k64	schiz_pfc_6	False	False
GSE35978__HuGene-1_0-st-v1|CB	GSM878355	GSE53987__HG-U133_Plus_2|PFC_BA46	GSM1304924	0.2606448468875471	3.0967847877403605	0.1984756576953643	GSE35978	MDD	CB	F	55.0	40.0	6.3	k129	CC142_100909	GSE53987	BD	PFC_BA46	M	58.0	27.7	6.8	k4	bipolar_pfc_14	False	False
GSE35978__HuGene-1_0-st-v1|CB	GSM878217	GSE53987__HG-U133_Plus_2|STR	GSM1305013	0.2675950516618601	3.0804481919897797	0.2438019360874174	GSE35978	SCZ	CB	M	50.0	16.0	6.52	k3	CC5_100909	GSE53987	CTL	STR	M	46.0	22.0	6.3	k69	control_str_9	False	False
GSE35978__HuGene-1_0-st-v1|CB	GSM878222	GSE53987__HG-U133_Plus_2|STR	GSM1305031	0.42375482419146565	4.873196848378893	0.2640216337590682	GSE35978	BD	CB	M	20.0	12.0	5.978	k6	CC9_100909	GSE53987	MDD	STR	M	51.0	24.6	6.5	k36	MDD_str_10	False	False
GSE35978__HuGene-1_0-st-v1|CB	GSM878230	GSE53987__HG-U133_Plus_2|STR	GSM1305019	0.30318185312437057	3.488992527535649	0.2270879528412313	GSE35978	CTL	CB	M	50.0	46.0	6.5	k14	CC17_100909	GSE53987	CTL	STR	M	22.0	20.1	6.8	k23	control_str_15	False	True
GSE35978__HuGene-1_0-st-v1|CB	GSM878255	GSE53987__HG-U133_Plus_2|STR	GSM1305011	0.262031048512914	3.016572207747251	0.21094777189096664	GSE35978	BD	CB	M	60.0	84.0	6.65	k39	CC42_111809	GSE53987	CTL	STR	F	58.0	18.8	6.6	k34	control_str_7	False	False
GSE35978__HuGene-1_0-st-v1|CB	GSM878269	GSE53987__HG-U133_Plus_2|STR	GSM1305041	0.33027817097147844	3.8000642371482227	0.1692113841665825	GSE35978	BD	CB	F	45.0	37.0	6.37	k52	CC56_102309	GSE53987	SCZ	STR	F	41.0	20.1	6.27	k61	schiz_str_3	False	False
GSE35978__HuGene-1_0-st-v1|CB	GSM878275	GSE53987__HG-U133_Plus_2|STR	GSM1305018	0.304320285257279	3.5020619796973755	0.285667102391615	GSE35978	CTL	CB	M	30.0	24.0	7.03	k58	CC62_111109	GSE53987	CTL	STR	M	55.0	28.0	6.1	k22	control_str_14	False	True
GSE35978__HuGene-1_0-st-v1|CB	GSM878283	GSE53987__HG-U133_Plus_2|STR	GSM1305002	0.3630971322034235	4.1768331559265945	0.2933760812386931	GSE35978	SCZ	CB	M	55.0	38.0	6.17	k65	CC70_111109	GSE53987	BD	STR	F	49.0	21.5	6.7	k6	bipolar_str_16	False	False
GSE35978__HuGene-1_0-st-v1|CB	GSM878290	GSE53987__HG-U133_Plus_2|STR	GSM1305021	0.26993810857502487	3.107347002514898	0.24664560723215867	GSE35978	CTL	CB	M	50.0	49.0	6.75	k72	CC77_100909	GSE53987	CTL	STR	F	58.0	22.7	6.4	k25	control_str_17	False	True
GSE35978__HuGene-1_0-st-v1|CB	GSM878291	GSE53987__HG-U133_Plus_2|STR	GSM1304990	0.35264855211132007	4.056881150247659	0.2936876975926309	GSE35978	SCZ	CB	F	45.0	30.0	6.47	k73	CC78_111109	GSE53987	BD	STR	F	39.0	22.2	6.7	k11	bipolar_str_3	False	False
GSE35978__HuGene-1_0-st-v1|CB	GSM878295	GSE53987__HG-U133_Plus_2|STR	GSM1305035	0.3236014329818554	3.7234138113307185	0.21632074736123363	GSE35978	CTL	CB	M	45.0	31.0	6.67	k77	CC82_111809	GSE53987	MDD	STR	M	62.0	26.0	6.5	k40	MDD_str_14	False	False
GSE35978__HuGene-1_0-st-v1|CB	GSM878311	GSE53987__HG-U133_Plus_2|STR	GSM1305023	0.28951183033646166	3.332057648668647	0.26551110054770355	GSE35978	BD	CB	M	30.0	45.0	6.3	k93	CC98_103009	GSE53987	MDD	STR	M	42.0	14.3	6.4	k45	MDD_str_1	False	False
GSE35978__HuGene-1_0-st-v1|CB	GSM878352	GSE53987__HG-U133_Plus_2|STR	GSM1305051	0.2821979643104341	3.2480928523656485	0.2166937971069961	GSE35978	SCZ	CB	F	50.0	38.0	6.2	k127	CC139_100909	GSE53987	SCZ	STR	F	41.0	17.1	6.9	k71	schiz_str_13	False	True
GSE35978__HuGene-1_0-st-v1|CB	GSM878355	GSE53987__HG-U133_Plus_2|STR	GSM1305001	0.2932514074421684	3.3749888192455524	0.19344268391174918	GSE35978	MDD	CB	F	55.0	40.0	6.3	k129	CC142_100909	GSE53987	BD	STR	M	58.0	27.7	6.8	k4	bipolar_str_14	False	False
GSE35978__HuGene-1_0-st-v1|CB	GSM878217	GSE54567__HG-U133_Plus_2|PFC_BA9	GSM1319066	0.2764659227042217	3.1757337807770076	0.246326597168949	GSE35978	SCZ	CB	M	50.0	16.0	6.52	k3	CC5_100909	GSE54567	MDD	PFC_BA9	M				Mpair4_MDD	MDD matched sample pair brain dorsolateral prefrontal cortex BA9_M #4	False	False
GSE35978__HuGene-1_0-st-v1|CB	GSM878222	GSE54567__HG-U133_Plus_2|PFC_BA9	GSM1319073	0.38654416720597945	4.440177038380782	0.2095178662177964	GSE35978	BD	CB	M	20.0	12.0	5.978	k6	CC9_100909	GSE54567	MDD	PFC_BA9	M				Mpair25_MDD	MDD matched sample pair brain dorsolateral prefrontal cortex BA9_M #25	False	False
GSE35978__HuGene-1_0-st-v1|CB	GSM878230	GSE54567__HG-U133_Plus_2|PFC_BA9	GSM1319051	0.3285381263975087	3.7738751044015473	0.21763534561960118	GSE35978	CTL	CB	M	50.0	46.0	6.5	k14	CC17_100909	GSE54567	CTL	PFC_BA9	M				Mpair2_CTL	Control matched sample pair brain dorsolateral prefrontal cortex BA9_M #2	False	True
GSE35978__HuGene-1_0-st-v1|CB	GSM878248	GSE54567__HG-U133_Plus_2|PFC_BA9	GSM1319058	0.33368176606013733	3.8329588999361888	0.1712352217530879	GSE35978	BD	CB	M	45.0	28.0	6.35	k32	CC35_111809	GSE54567	CTL	PFC_BA9	M				Mpair22_CTL	Control matched sample pair brain dorsolateral prefrontal cortex BA9_M #22	False	False
GSE35978__HuGene-1_0-st-v1|CB	GSM878270	GSE54567__HG-U133_Plus_2|PFC_BA9	GSM1319074	0.2758607732176083	3.1687825690125573	0.19239040670691754	GSE35978	BD	CB	F	55.0	26.0	6.58	k53	CC57_111109	GSE54567	MDD	PFC_BA9	M				Mpair26_MDD	MDD matched sample pair brain dorsolateral prefrontal cortex BA9_M #26	False	False
GSE35978__HuGene-1_0-st-v1|CB	GSM878286	GSE54567__HG-U133_Plus_2|PFC_BA9	GSM1319067	0.33459327973471537	3.84342924605454	0.309698829907054	GSE35978	CTL	CB	F	35.0	29.0	6.52	k68	CC73_111109	GSE54567	MDD	PFC_BA9	M				Mpair7_MDD	MDD matched sample pair brain dorsolateral prefrontal cortex BA9_M #7	False	False
GSE35978__HuGene-1_0-st-v1|CB	GSM878310	GSE54567__HG-U133_Plus_2|PFC_BA9	GSM1319055	0.27887584997963594	3.203416056312064	0.24374235825454393	GSE35978	CTL	CB	M	50.0	28.0	6.5	k92	CC97_103009	GSE54567	CTL	PFC_BA9	M				Mpair15_CTL	Control matched sample pair brain dorsolateral prefrontal cortex BA9_M #15	False	True
GSE35978__HuGene-1_0-st-v1|CB	GSM878341	GSE54567__HG-U133_Plus_2|PFC_BA9	GSM1319056	0.26903423538565147	3.09036771262141	0.1567629189419839	GSE35978	SCZ	CB	M	60.0	31.0	6.2	k116	CC128_102109	GSE54567	CTL	PFC_BA9	M				Mpair18_CTL	Control matched sample pair brain dorsolateral prefrontal cortex BA9_M #18	False	False
GSE35978__HuGene-1_0-st-v1|CB	GSM878352	GSE54567__HG-U133_Plus_2|PFC_BA9	GSM1319057	0.3041551282312779	3.4937932610636167	0.21857720780589113	GSE35978	SCZ	CB	F	50.0	38.0	6.2	k127	CC139_100909	GSE54567	CTL	PFC_BA9	M				Mpair20_CTL	Control matched sample pair brain dorsolateral prefrontal cortex BA9_M #20	False	False
GSE35978__HuGene-1_0-st-v1|CB	GSM878255	GSE54568__HG-U133_Plus_2|PFC_BA9	GSM1319086	0.2601638293770375	3.155264445711869	0.2163422491061588	GSE35978	BD	CB	M	60.0	84.0	6.65	k39	CC42_111809	GSE54568	CTL	PFC_BA9	F				Fpair14_CTL	Control matched sample pair brain dorsolateral prefrontal cortex BA9_F #14	False	False
GSE35978__HuGene-1_0-st-v1|CB	GSM878257	GSE54568__HG-U133_Plus_2|PFC_BA9	GSM1319095	0.4478322040430272	5.424223541317173	0.2632776137998044	GSE35978	CTL	CB	M	35.0	22.0	6.48	k41	CC44_102309	GSE54568	MDD	PFC_BA9	F				Fpair6_MDD	MDD matched sample pair brain dorsolateral prefrontal cortex BA9_F #6	False	False
GSE35978__HuGene-1_0-st-v1|CB	GSM878259	GSE54568__HG-U133_Plus_2|PFC_BA9	GSM1319088	0.2823167864703888	3.423099415674033	0.24550954456727445	GSE35978	CTL	CB	M	45.0	29.0	6.94	k43	CC46_103009	GSE54568	CTL	PFC_BA9	F				Fpair17_CTL	Control matched sample pair brain dorsolateral prefrontal cortex BA9_F #17	False	True
GSE35978__HuGene-1_0-st-v1|CB	GSM878283	GSE54568__HG-U133_Plus_2|PFC_BA9	GSM1319091	0.3598256414601454	4.36020148112306	0.26145183731200383	GSE35978	SCZ	CB	M	55.0	38.0	6.17	k65	CC70_111109	GSE54568	CTL	PFC_BA9	F				Fpair24_CTL	Control matched sample pair brain dorsolateral prefrontal cortex BA9_F #24	False	False
GSE35978__HuGene-1_0-st-v1|CB	GSM878294	GSE54568__HG-U133_Plus_2|PFC_BA9	GSM1319078	0.30196106098675574	3.6606037656733714	0.17703194742997264	GSE35978	CTL	CB	M	45.0	11.0	6.6	k76	CC81_111109	GSE54568	CTL	PFC_BA9	F				Fpair3_CTL	Control matched sample pair brain dorsolateral prefrontal cortex BA9_F #3	False	True
GSE35978__HuGene-1_0-st-v1|CB	GSM878310	GSE54568__HG-U133_Plus_2|PFC_BA9	GSM1319085	0.3014681561495162	3.6546444189495935	0.22951369521445017	GSE35978	CTL	CB	M	50.0	28.0	6.5	k92	CC97_103009	GSE54568	CTL	PFC_BA9	F				Fpair13_CTL	Control matched sample pair brain dorsolateral prefrontal cortex BA9_F #13	False	True
GSE35978__HuGene-1_0-st-v1|CB	GSM878352	GSE54568__HG-U133_Plus_2|PFC_BA9	GSM1319080	0.2498825003469513	3.0309605236512462	0.19973623325118653	GSE35978	SCZ	CB	F	50.0	38.0	6.2	k127	CC139_100909	GSE54568	CTL	PFC_BA9	F				Fpair6_CTL	Control matched sample pair brain dorsolateral prefrontal cortex BA9_F #6	False	False
GSE35978__HuGene-1_0-st-v1|CB	GSM878283	GSE54571__HG-U133_Plus_2|ACC_BA25	GSM1319165	0.3177861129777282	3.6750988329289784	0.2891452962930107	GSE35978	SCZ	CB	M	55.0	38.0	6.17	k65	CC70_111109	GSE54571	MDD	ACC_BA25	F				Fpair19_MDD	MDD matched sample pair brain anterior cingulate cortex BA25_F #19	False	False
GSE35978__HuGene-1_0-st-v1|CB	GSM878310	GSE54571__HG-U133_Plus_2|ACC_BA25	GSM1319164	0.2921036991175411	3.376915914457685	0.28866935926216425	GSE35978	CTL	CB	M	50.0	28.0	6.5	k92	CC97_103009	GSE54571	MDD	ACC_BA25	F				Fpair17_MDD	MDD matched sample pair brain anterior cingulate cortex BA25_F #17	False	False
GSE35978__HuGene-1_0-st-v1|CB	GSM878313	GSE54571__HG-U133_Plus_2|ACC_BA25	GSM1319150	0.3069736853374752	3.549562298587544	0.24997061548781738	GSE35978	CTL	CB	F	35.0	23.0	6.6	k95	CC100_102109	GSE54571	CTL	ACC_BA25	F				Fpair16_CTL	Control matched sample pair brain anterior cingulate cortex BA25_F #16	False	True
GSE35978__HuGene-1_0-st-v1|CB	GSM878330	GSE54571__HG-U133_Plus_2|ACC_BA25	GSM1319154	0.2821913850996954	3.2618300530298754	0.27556588399444815	GSE35978	CTL	CB	F	55.0	26.0	6.0	k110	CC117_100909	GSE54571	CTL	ACC_BA25	F				Fpair24_CTL	Control matched sample pair brain anterior cingulate cortex BA25_F #24	False	True
GSE35978__HuGene-1_0-st-v1|CB	GSM878331	GSE54571__HG-U133_Plus_2|ACC_BA25	GSM1319160	0.29111809165637365	3.365472624475758	0.25427774630965194	GSE35978	CTL	CB	F	55.0	26.0	6.0	k110	CC117_102109	GSE54571	MDD	ACC_BA25	F				Fpair12_MDD	MDD matched sample pair brain anterior cingulate cortex BA25_F #12	False	False
GSE35978__HuGene-1_0-st-v1|CB	GSM878217	GSE54572__HG-U133_Plus_2|ACC_BA25	GSM1319168	0.26815084685222956	3.0358195006614843	0.26015286933460224	GSE35978	SCZ	CB	M	50.0	16.0	6.52	k3	CC5_100909	GSE54572	CTL	ACC_BA25	M				Mpair2_CTL	Control matched sample pair brain anterior cingulate cortex BA25_M #2	False	False
GSE35978__HuGene-1_0-st-v1|CB	GSM878222	GSE54572__HG-U133_Plus_2|ACC_BA25	GSM1319188	0.35585712450613244	4.028641537377482	0.2525953232217185	GSE35978	BD	CB	M	20.0	12.0	5.978	k6	CC9_100909	GSE54572	MDD	ACC_BA25	M				Mpair25_MDD	MDD matched sample pair brain anterior cingulate cortex BA25_M #25	False	False
GSE35978__HuGene-1_0-st-v1|CB	GSM878246	GSE54572__HG-U133_Plus_2|ACC_BA25	GSM1319171	0.28759888046921356	3.2559683527416983	0.2815938683085034	GSE35978	SCZ	CB	M	40.0	80.0	6.6	k30	CC33_103009	GSE54572	CTL	ACC_BA25	M				Mpair11_CTL	Control matched sample pair brain anterior cingulate cortex BA25_M #11	False	False
GSE35978__HuGene-1_0-st-v1|CB	GSM878286	GSE54572__HG-U133_Plus_2|ACC_BA25	GSM1319182	0.3622359738950862	4.1008491650599215	0.14750013178832388	GSE35978	CTL	CB	F	35.0	29.0	6.52	k68	CC73_111109	GSE54572	MDD	ACC_BA25	M				Mpair7_MDD	MDD matched sample pair brain anterior cingulate cortex BA25_M #7	False	False
GSE35978__HuGene-1_0-st-v1|CB	GSM878313	GSE54572__HG-U133_Plus_2|ACC_BA25	GSM1319179	0.28415514711348006	3.2169858026255267	0.24746367469795102	GSE35978	CTL	CB	F	35.0	23.0	6.6	k95	CC100_102109	GSE54572	CTL	ACC_BA25	M				Mpair30_CTL	Control matched sample pair brain anterior cingulate cortex BA25_M #30	False	True
GSE35978__HuGene-1_0-st-v1|CB	GSM878348	GSE54572__HG-U133_Plus_2|ACC_BA25	GSM1319183	0.2833996187287835	3.2084333335234723	0.22357580630214358	GSE35978	BD	CB	M	30.0	31.0	6.1	k123	CC135_100909	GSE54572	MDD	ACC_BA25	M				Mpair11_MDD	MDD matched sample pair brain anterior cingulate cortex BA25_M #11	False	False
GSE35978__HuGene-1_0-st-v1|CB	GSM878215	GSE92538__HG-U133A|PFC_DLPFC	GSM2431966	0.2847282335818312	3.3855773943660568	0.24960142113253983	GSE35978	SCZ	CB	M	40.0	34.0	6.18	k1	CC2_100909	GSE92538	BD	PFC_DLPFC	M	69.0	28.5	7.2	104184	DLPFC_Male_BipolarDisorder_UMichigan_104184	False	False
GSE35978__HuGene-1_0-st-v1|CB	GSM878230	GSE92538__HG-U133A|PFC_DLPFC	GSM2431813	0.25975088854622996	3.0883118700080594	0.2447797827720457	GSE35978	CTL	CB	M	50.0	46.0	6.5	k14	CC17_100909	GSE92538	CTL	PFC_DLPFC	M	72.0	15.0	6.31	106293	DLPFC_Male_Control_UCDavis_106293	False	True
GSE35978__HuGene-1_0-st-v1|CB	GSM878234	GSE92538__HG-U133A|PFC_DLPFC	GSM2432049	0.32577291766961625	3.874066844308512	0.27351058744795403	GSE35978	SCZ	CB	M	35.0	30.0	6.8	k18	CC21_102309	GSE92538	SCZ	PFC_DLPFC	F	59.0	14.8	6.55	108583	DLPFC_Female_Schizophrenia_UMichigan_108583	False	True
GSE35978__HuGene-1_0-st-v1|CB	GSM878240	GSE92538__HG-U133A|PFC_DLPFC	GSM2431740	0.2968024369339768	3.5292773907253476	0.22465049734248416	GSE35978	CTL	CB	M	50.0	31.0	6.7	k24	CC27_102109	GSE92538	CTL	PFC_DLPFC	F	73.0	24.0	6.54	102038	DLPFC_Female_Control_UCDavis_102038	False	True
GSE35978__HuGene-1_0-st-v1|CB	GSM878243	GSE92538__HG-U133A|PFC_DLPFC	GSM2431847	0.3261477713833234	3.8785281305502592	0.27657668656672013	GSE35978	BD	CB	F	40.0	49.0	6.65	k27	CC30_103009	GSE92538	CTL	PFC_DLPFC	F	47.0	41.25	6.73	108030	DLPFC_Female_Control_UCDavis_108030	False	False
GSE35978__HuGene-1_0-st-v1|CB	GSM878246	GSE92538__HG-U133A|PFC_DLPFC	GSM2431756	0.36257852551025416	4.3121053267199665	0.33462447245222443	GSE35978	SCZ	CB	M	40.0	80.0	6.6	k30	CC33_103009	GSE92538	CTL	PFC_DLPFC	M	49.0	31.25	6.68	102539	DLPFC_Male_Control_UCDavis_102539	False	False
GSE35978__HuGene-1_0-st-v1|CB	GSM878248	GSE92538__HG-U133A|PFC_DLPFC	GSM2431768	0.25566210468363204	3.0396495931660152	0.23606761123850453	GSE35978	BD	CB	M	45.0	28.0	6.35	k32	CC35_111809	GSE92538	SCZ	PFC_DLPFC	M	48.0	27.0	6.93	103311	DLPFC_Male_Schizophrenia_UCDavis_103311	False	False
GSE35978__HuGene-1_0-st-v1|CB	GSM878257	GSE92538__HG-U133A|PFC_DLPFC	GSM2431718	0.4794493355060331	5.703032287372525	0.450710602593395	GSE35978	CTL	CB	M	35.0	22.0	6.48	k41	CC44_102309	GSE92538	SCZ	PFC_DLPFC	M	39.0	7.5	6.83	101078	DLPFC_Male_Schizophrenia_UCDavis_101078	False	False
GSE35978__HuGene-1_0-st-v1|CB	GSM878259	GSE92538__HG-U133A|PFC_DLPFC	GSM2431871	0.28976319103061343	3.4455004672146368	0.2791400005769657	GSE35978	CTL	CB	M	45.0	29.0	6.94	k43	CC46_103009	GSE92538	MDD	PFC_DLPFC	M	34.0	29.6	6.71	109430	DLPFC_Male_MajorDepressiveDisorder_UCDavis_109430	False	False
GSE35978__HuGene-1_0-st-v1|CB	GSM878261	GSE92538__HG-U133A|PFC_DLPFC	GSM2431996	0.26291303930213716	3.1259459100236806	0.19909954280339365	GSE35978	CTL	CB	M	40.0	37.0	6.91	k45	CC48_103009	GSE92538	CTL	PFC_DLPFC	M	41.0	23.5	7.01	105952	DLPFC_Male_Control_UMichigan_105952	False	True
GSE35978__HuGene-1_0-st-v1|CB	GSM878262	GSE92538__HG-U133A|PFC_DLPFC	GSM2431869	0.3376061286880493	4.0148986930586315	0.2544047644654709	GSE35978	SCZ	CB	M	45.0	13.0	6.3	k46	CC49_111109	GSE92538	BD	PFC_DLPFC	F	81.0	23.0		109377	DLPFC_Female_BipolarDisorder_UCDavis_109377	False	False
GSE35978__HuGene-1_0-st-v1|CB	GSM878275	GSE92538__HG-U133A|PFC_DLPFC	GSM2432025	0.30670176585592807	3.6470933234668674	0.27941733197947966	GSE35978	CTL	CB	M	30.0	24.0	7.03	k58	CC62_111109	GSE92538	CTL	PFC_DLPFC	F	73.0	15.5	7.51	107131	DLPFC_Female_Control_UMichigan_107131	False	True
GSE35978__HuGene-1_0-st-v1|CB	GSM878279	GSE92538__HG-U133A|PFC_DLPFC	GSM2431759	0.2548590444995172	3.030092047863195	0.2516077138541135	GSE35978	SCZ	CB	M	30.0	33.0	6.2	k61	CC66_110409	GSE92538	CTL	PFC_DLPFC	F	62.0	17.5		102785	DLPFC_Female_Control_UCDavis_102785	False	False
GSE35978__HuGene-1_0-st-v1|CB	GSM878282	GSE92538__HG-U133A|PFC_DLPFC	GSM2432053	0.3063545347700928	3.642960785334528	0.2824569042585648	GSE35978	BD	CB	F	50.0	38.0	6.39	k64	CC69_111809	GSE92538	CTL	PFC_DLPFC	M	60.0	30.0	6.8	108759	DLPFC_Male_Control_UMichigan_108759	False	False
GSE35978__HuGene-1_0-st-v1|CB	GSM878286	GSE92538__HG-U133A|PFC_DLPFC	GSM2431761	0.5238128377464559	6.2310203396278565	0.5154302140165902	GSE35978	CTL	CB	F	35.0	29.0	6.52	k68	CC73_111109	GSE92538	SCZ	PFC_DLPFC	F	47.0	32.0	7.17	103037	DLPFC_Female_Schizophrenia_UCDavis_103037	False	False
GSE35978__HuGene-1_0-st-v1|CB	GSM878291	GSE92538__HG-U133A|PFC_DLPFC	GSM2431974	0.3478472744174206	4.136782726406811	0.28430395087310095	GSE35978	SCZ	CB	F	45.0	30.0	6.47	k73	CC78_111109	GSE92538	BD	PFC_DLPFC	F	69.0	28.25	6.65	104767	DLPFC_Female_BipolarDisorder_UMichigan_104767	False	False
GSE35978__HuGene-1_0-st-v1|CB	GSM878295	GSE92538__HG-U133A|PFC_DLPFC	GSM2431838	0.31830290584883736	3.7851632007187233	0.2948116088788318	GSE35978	CTL	CB	M	45.0	31.0	6.67	k77	CC82_111809	GSE92538	BD	PFC_DLPFC	M	23.0	9.0	7.12	107366	DLPFC_Male_BipolarDisorder_UCDavis_107366	False	False
GSE35978__HuGene-1_0-st-v1|CB	GSM878298	GSE92538__HG-U133A|PFC_DLPFC	GSM2431772	0.32199931791023767	3.8291557014472515	0.2783224635365309	GSE35978	BD	CB	F	45.0	57.0	5.92	k80	CC85_103009	GSE92538	CTL	PFC_DLPFC	M	54.0	25.0	6.61	103998	DLPFC_Male_Control_UCDavis_103998	False	False
GSE35978__HuGene-1_0-st-v1|CB	GSM878307	GSE92538__HG-U133A|PFC_DLPFC	GSM2431865	0.28750001109172024	3.4185654438847886	0.15940772918442894	GSE35978	CTL	CB	F	40.0	58.0	6.46	k89	CC94_111809	GSE92538	CTL	PFC_DLPFC	M	71.0	21.75	7.25	109170	DLPFC_Male_Control_UCDavis_109170	False	True
GSE35978__HuGene-1_0-st-v1|CB	GSM878311	GSE92538__HG-U133A|PFC_DLPFC	GSM2431749	0.33734580208823256	4.011800440498619	0.3277320031061882	GSE35978	BD	CB	M	30.0	45.0	6.3	k93	CC98_103009	GSE92538	CTL	PFC_DLPFC	F	70.0	20.5	6.63	102420	DLPFC_Female_Control_UCDavis_102420	False	False
GSE35978__HuGene-1_0-st-v1|CB	GSM878313	GSE92538__HG-U133A|PFC_DLPFC	GSM2431743	0.3314773496688255	3.9419576055960905	0.31845476434297953	GSE35978	CTL	CB	F	35.0	23.0	6.6	k95	CC100_102109	GSE92538	SCZ	PFC_DLPFC	M	44.0	24.0	7.21	102118	DLPFC_Male_Schizophrenia_UCDavis_102118	False	False
GSE35978__HuGene-1_0-st-v1|CB	GSM878324	GSE92538__HG-U133A|PFC_DLPFC	GSM2431851	0.2635367459951436	3.1333688966092397	0.24172062718939819	GSE35978	SCZ	CB	M	50.0	61.0	6.0	k104	CC110_103009	GSE92538	CTL	PFC_DLPFC	M	64.0	27.5		108396	DLPFC_Male_Control_UCDavis_108396	False	False
GSE35978__HuGene-1_0-st-v1|CB	GSM878333	GSE92538__HG-U133A|PFC_DLPFC	GSM2431856	0.3185582872982641	3.788202599036156	0.29597037874737875	GSE35978	CTL	CB	F	55.0	26.0	6.0	k110	CC117_103009	GSE92538	CTL	PFC_DLPFC	M	25.0	13.75	6.87	108632	DLPFC_Male_Control_UCDavis_108632	False	True
GSE35978__HuGene-1_0-st-v1|CB	GSM878343	GSE92538__HG-U133A|PFC_DLPFC	GSM2431894	0.3431397996703296	4.080757158152801	0.2883574472420584	GSE35978	MDD	CB	F	45.0	32.0	6.2	k118	CC130_111109	GSE92538	CTL	PFC_DLPFC	M	48.0	21.0	6.62	106589	DLPFC_Male_Control_UCIrvine_106589	False	False
GSE35978__HuGene-1_0-st-v1|CB	GSM878348	GSE92538__HG-U133A|PFC_DLPFC	GSM2431822	0.35176868441604714	4.183453018938019	0.3186107688560412	GSE35978	BD	CB	M	30.0	31.0	6.1	k123	CC135_100909	GSE92538	BD	PFC_DLPFC	F	63.0	22.0	6.71	106692	DLPFC_Female_BipolarDisorder_UCDavis_106692	False	True
GSE35978__HuGene-1_0-st-v1|CB	GSM878352	GSE92538__HG-U133A|PFC_DLPFC	GSM2431855	0.2997532031921486	3.5643956580088827	0.27402776028922354	GSE35978	SCZ	CB	F	50.0	38.0	6.2	k127	CC139_100909	GSE92538	SCZ	PFC_DLPFC	F	59.0	14.8	6.55	108583	DLPFC_Female_Schizophrenia_UCDavis_108583	False	True
GSE35978__HuGene-1_0-st-v1|CB	GSM878354	GSE92538__HG-U133A|PFC_DLPFC	GSM2431965	0.263508195034467	3.133029100034209	0.17648817919031823	GSE35978	CTL	CB	F	30.0	42.0	6.2	k128	CC140_111109	GSE92538	CTL	PFC_DLPFC	M	48.0	20.2	6.79	104126	DLPFC_Male_Control_UMichigan_104126	False	True
GSE35978__HuGene-1_0-st-v1|CB	GSM878355	GSE92538__HG-U133A|PFC_DLPFC	GSM2431755	0.2616358907808648	3.110746046935032	0.22143026206253433	GSE35978	MDD	CB	F	55.0	40.0	6.3	k129	CC142_100909	GSE92538	MDD	PFC_DLPFC	M	49.0	35.5	7.19	102513	DLPFC_Male_MajorDepressiveDisorder_UCDavis_102513	False	True
GSE35978__HuGene-1_0-st-v1|CB	GSM878224	GSE92538__HG-U133_Plus_2|PFC_DLPFC	GSM2431900	0.26029729453533784	3.0870821205720027	0.24578060328788426	GSE35978	SCZ	CB	M	20.0	28.0	6.73	k8	CC11_102109	GSE92538	MDD	PFC_DLPFC	M	34.0	25.0	6.51	101032	DLPFC_Male_MajorDepressiveDisorder_p_UMichigan_101032	False	False
GSE35978__HuGene-1_0-st-v1|CB	GSM878248	GSE92538__HG-U133_Plus_2|PFC_DLPFC	GSM2431963	0.3051971738725053	3.6219518308005108	0.23712064475347094	GSE35978	BD	CB	M	45.0	28.0	6.35	k32	CC35_111809	GSE92538	SCZ	PFC_DLPFC	M	50.0	17.8	6.55	104049	DLPFC_Male_Schizophrenia_p_UMichigan_104049	False	False
GSE35978__HuGene-1_0-st-v1|CB	GSM878254	GSE92538__HG-U133_Plus_2|PFC_DLPFC	GSM2431747	0.2574261689732174	3.0528798438596505	0.16554546972031253	GSE35978	SCZ	CB	M	35.0	47.0	6.4	k38	CC41_111109	GSE92538	SCZ	PFC_DLPFC	M	59.0	35.75	6.42	102317	DLPFC_Male_Schizophrenia_p_UCDavis_102317	False	True
GSE35978__HuGene-1_0-st-v1|CB	GSM878257	GSE92538__HG-U133_Plus_2|PFC_DLPFC	GSM2431716	0.47550534716943993	5.650747556883296	0.47266766190639997	GSE35978	CTL	CB	M	35.0	22.0	6.48	k41	CC44_102309	GSE92538	SCZ	PFC_DLPFC	M	39.0	7.5	6.83	101078	DLPFC_Male_Schizophrenia_p_UCDavis_101078	False	False
GSE35978__HuGene-1_0-st-v1|CB	GSM878274	GSE92538__HG-U133_Plus_2|PFC_DLPFC	GSM2431816	0.28862384061102236	3.4245220361116884	0.23335436617584956	GSE35978	SCZ	CB	M	45.0	35.0	6.66	k57	CC61_102109	GSE92538	SCZ	PFC_DLPFC	M	36.0	44.25	7.12	106564	DLPFC_Male_Schizophrenia_p_UCDavis_106564	False	True
GSE35978__HuGene-1_0-st-v1|CB	GSM878278	GSE92538__HG-U133_Plus_2|PFC_DLPFC	GSM2432014	0.26234597288658973	3.111486996760132	0.1807542726728136	GSE35978	BD	CB	F	50.0	62.0	6.51	k60	CC65_111809	GSE92538	SCZ	PFC_DLPFC	M	63.0	33.0	7.02	106725	DLPFC_Male_Schizophrenia_p_UMichigan_106725	False	False
GSE35978__HuGene-1_0-st-v1|CB	GSM878283	GSE92538__HG-U133_Plus_2|PFC_DLPFC	GSM2431922	0.3688059587524529	4.379691335649511	0.3016614370022872	GSE35978	SCZ	CB	M	55.0	38.0	6.17	k65	CC70_111109	GSE92538	CTL	PFC_DLPFC	M	66.0	18.5	6.94	101772	DLPFC_Male_Control_p_UMichigan_101772	False	False
GSE35978__HuGene-1_0-st-v1|CB	GSM878286	GSE92538__HG-U133_Plus_2|PFC_DLPFC	GSM2431877	0.4342097887436296	5.158814311293174	0.4245569412493606	GSE35978	CTL	CB	F	35.0	29.0	6.52	k68	CC73_111109	GSE92538	CTL	PFC_DLPFC	M	32.0	10.0	7.04	109882	DLPFC_Male_Control_p_UCDavis_109882	False	True
GSE35978__HuGene-1_0-st-v1|CB	GSM878287	GSE92538__HG-U133_Plus_2|PFC_DLPFC	GSM2432029	0.25786879205518193	3.058152590314335	0.22248868352619763	GSE35978	SCZ	CB	F	45.0	26.0	6.58	k69	CC74_111109	GSE92538	CTL	PFC_DLPFC	M	79.0	0.0	7.0	107309	DLPFC_Male_Control_p_UMichigan_107309	False	False
GSE35978__HuGene-1_0-st-v1|CB	GSM878292	GSE92538__HG-U133_Plus_2|PFC_DLPFC	GSM2431741	0.31128752684874883	3.6945031467434957	0.2872660835620493	GSE35978	SCZ	CB	M	40.0	26.0	6.8	k74	CC79_111809	GSE92538	SCZ	PFC_DLPFC	M	44.0	24.0	7.21	102118	DLPFC_Male_Schizophrenia_p_UCDavis_102118	False	True
GSE35978__HuGene-1_0-st-v1|CB	GSM878313	GSE92538__HG-U133_Plus_2|PFC_DLPFC	GSM2431985	0.3220771731971746	3.823034784267817	0.28459847559575535	GSE35978	CTL	CB	F	35.0	23.0	6.6	k95	CC100_102109	GSE92538	CTL	PFC_DLPFC	M	67.0	15.0	6.96	105589	DLPFC_Male_Control_p_UMichigan_105589	False	True
GSE35978__HuGene-1_0-st-v1|CB	GSM878326	GSE92538__HG-U133_Plus_2|PFC_DLPFC	GSM2432055	0.29585541456390785	3.5106681443368406	0.25910596722073215	GSE35978	BD	CB	M	50.0	19.0	6.2	k106	CC113_102309	GSE92538	CTL	PFC_DLPFC	M	78.0	25.0	6.63	108778	DLPFC_Male_Control_p_UMichigan_108778	False	False
GSE35978__HuGene-1_0-st-v1|CB	GSM878334	GSE92538__HG-U133_Plus_2|PFC_DLPFC	GSM2432081	0.30094816825498705	3.571335561069915	0.28761490561794634	GSE35978	CTL	CB	F	55.0	26.0	6.0	k110	CC117_111109	GSE92538	MDD	PFC_DLPFC	M	36.0	36.0	6.87	109833	DLPFC_Male_MajorDepressiveDisorder_p_UMichigan_109833	False	False
GSE35978__HuGene-1_0-st-v1|CB	GSM878343	GSE92538__HG-U133_Plus_2|PFC_DLPFC	GSM2431817	0.30710513601409734	3.644680425461912	0.28531669180251795	GSE35978	MDD	CB	F	45.0	32.0	6.2	k118	CC130_111109	GSE92538	CTL	PFC_DLPFC	M	48.0	21.0	6.62	106589	DLPFC_Male_Control_p_UCDavis_106589	False	False
GSE35978__HuGene-1_0-st-v1|CB	GSM878345	GSE92538__HG-U133_Plus_2|PFC_DLPFC	GSM2432021	0.2795340719916745	3.316240188159144	0.1864370783221304	GSE35978	CTL	CB	F	70.0	13.0	6.3	k120	CC132_100909	GSE92538	CTL	PFC_DLPFC	M	56.0	20.3	7.14	106966	DLPFC_Male_Control_p_UMichigan_106966	False	True
GSE35978__HuGene-1_0-st-v1|PARIETAL	GSM878404	GSE35978__HuGene-1_0-st-v1|PARIETAL	GSM878499	0.3712426364560233	3.5082548509820057	0.2789755039628034	GSE35978	SCZ	PARIETAL	M	45.0	13.0	6.3	k46	CC173_40610	GSE35978	BD	PARIETAL	F	60.0	60.0	6.5	k105	CC268_51210	False	False
GSE35978__HuGene-1_0-st-v1|PARIETAL	GSM878406	GSE35978__HuGene-1_0-st-v1|PARIETAL	GSM878475	0.39826022335477984	3.75866263164256	0.34572729102013594	GSE35978	BD	PARIETAL	F	40.0	49.0	6.65	k27	CC175_40610	GSE35978	BD	PARIETAL	F	40.0	28.0	6.44	k140	CC244_40910	False	True
GSE35978__HuGene-1_0-st-v1|PARIETAL	GSM878417	GSE35978__HuGene-1_0-st-v1|PARIETAL	GSM878425	0.365359776273881	3.453730589889895	0.312411485935833	GSE35978	CTL	PARIETAL	M	50.0	24.0	6.91	k88	CC186_40710	GSE35978	CTL	PARIETAL	F	40.0	28.0	6.7	k29	CC194_40710	False	True
GSE35978__HuGene-1_0-st-v1|PARIETAL	GSM878420	GSE35978__HuGene-1_0-st-v1|PARIETAL	GSM878442	0.372272752029597	3.517802297079582	0.25727713149278647	GSE35978	CTL	PARIETAL	M	30.0	11.0	6.13	k87	CC189_40710	GSE35978	BD	PARIETAL	F	35.0	17.0	6.1	k19	CC211_40810	False	False
GSE35978__HuGene-1_0-st-v1|PARIETAL	GSM878424	GSE35978__HuGene-1_0-st-v1|PARIETAL	GSM878527	0.4486551183741437	4.2257389055418155	0.32685005236367803	GSE35978	AMBIG	PARIETAL	M	40.0	39.0	6.6	k135	CC193_40710	GSE35978	MDD	PARIETAL	M	45.0	43.0	5.9	k155	CC296_51310	False	False
GSE35978__HuGene-1_0-st-v1|PARIETAL	GSM878426	GSE35978__HuGene-1_0-st-v1|PARIETAL	GSM878473	0.4407503953150306	4.152475361858722	0.36088136212699923	GSE35978	SCZ	PARIETAL	F	45.0	35.0	6.5	k85	CC195_40710	GSE35978	SCZ	PARIETAL	M	30.0	33.0	6.2	k61	CC242_40910	False	True
GSE35978__HuGene-1_0-st-v1|PARIETAL	GSM878427	GSE35978__HuGene-1_0-st-v1|PARIETAL	GSM878438	0.41981088159333446	3.958401139804402	0.2878884938508639	GSE35978	BD	PARIETAL	F	60.0	35.0	6.5	k28	CC196_40710	GSE35978	SCZ	PARIETAL	M	50.0	10.0	6.1	k21	CC207_40710	False	False
GSE35978__HuGene-1_0-st-v1|PARIETAL	GSM878428	GSE35978__HuGene-1_0-st-v1|PARIETAL	GSM878521	0.40857028993398864	3.8542196812131513	0.37649705990760185	GSE35978	CTL	PARIETAL	F	40.0	33.0	6.0	k136	CC197_40710	GSE35978	SCZ	PARIETAL	M	50.0	61.0	6.0	k104	CC290_51110	False	False
GSE35978__HuGene-1_0-st-v1|PARIETAL	GSM878445	GSE35978__HuGene-1_0-st-v1|PARIETAL	GSM878447	0.4695855651377643	4.419729092080397	0.37259553955526536	GSE35978	BD	PARIETAL	M	55.0	44.0	6.5	k17	CC214_41410	GSE35978	BD	PARIETAL	F	60.0	53.0	6.2	k16	CC216_40810	False	True
GSE35978__HuGene-1_0-st-v1|PARIETAL	GSM878457	GSE35978__HuGene-1_0-st-v1|PARIETAL	GSM878464	0.3745277776023272	3.5387026073521533	0.3181171755193709	GSE35978	SCZ	PARIETAL	M	40.0	26.0	6.8	k74	CC226_40810	GSE35978	SCZ	PARIETAL	M	50.0	43.0	6.63	k7	CC233_40810	False	True
GSE35978__HuGene-1_0-st-v1|PARIETAL	GSM878459	GSE35978__HuGene-1_0-st-v1|PARIETAL	GSM878472	0.41545144272135187	3.9179964427843013	0.3661611823568962	GSE35978	BD	PARIETAL	F	50.0	18.0	6.5	k9	CC228_40810	GSE35978	CTL	PARIETAL	F	35.0	29.0	6.52	k68	CC241_40910	False	False
GSE35978__HuGene-1_0-st-v1|PARIETAL	GSM878465	GSE35978__HuGene-1_0-st-v1|PARIETAL	GSM878466	0.5872913005478251	5.510664122122193	0.21216705547879935	GSE35978	CTL	PARIETAL	M	50.0	31.0	6.86	k70	CC234_40810	GSE35978	CTL	PARIETAL	M	50.0	31.0	6.86	k70	CC234_40910	True	True
GSE35978__HuGene-1_0-st-v1|PARIETAL	GSM878481	GSE35978__HuGene-1_0-st-v1|PARIETAL	GSM878520	0.43663933732405025	4.114372739609523	0.4054737051858418	GSE35978	CTL	PARIETAL	F	55.0	26.0	6.0	k110	CC250_51110	GSE35978	BD	PARIETAL	M	55.0	39.0	5.8	k153	CC289_51310	False	False
GSE35978__HuGene-1_0-st-v1|PARIETAL	GSM878483	GSE35978__HuGene-1_0-st-v1|PARIETAL	GSM878484	0.805745583897548	7.535369454777704	0.41133567335196497	GSE35978	SCZ	PARIETAL	M	30.0	14.0	5.8	k144	CC252_51110	GSE35978	SCZ	PARIETAL	M	30.0	14.0	5.8	k144	CC252_51210	True	True
GSE35978__HuGene-1_0-st-v1|PARIETAL	GSM878394	GSE53987__HG-U133_Plus_2|HPC	GSM1304856	0.33443343264318964	3.4410834227388016	0.24518884378995634	GSE35978	BD	PARIETAL	F	55.0	26.0	6.58	k53	CC163_51110	GSE53987	BD	HPC	M	58.0	27.7	6.8	k4	bipolar_hip_14	False	True
GSE35978__HuGene-1_0-st-v1|PARIETAL	GSM878401	GSE53987__HG-U133_Plus_2|HPC	GSM1304907	0.33658778195777517	3.4632140545982364	0.22955227837812517	GSE35978	CTL	PARIETAL	F	45.0	10.0	6.2	k47	CC170_51110	GSE53987	SCZ	HPC	F	25.0	20.1	6.73	k55	schiz_hip_12	False	False
GSE35978__HuGene-1_0-st-v1|PARIETAL	GSM878402	GSE53987__HG-U133_Plus_2|HPC	GSM1304917	0.3873053594273531	3.984212217794223	0.27134138437668887	GSE35978	SCZ	PARIETAL	M	45.0	32.0	6.67	k40	CC171_40610	GSE53987	SCZ	HPC	F	44.0	18.7	6.2	k65	schiz_hip_7	False	True
GSE35978__HuGene-1_0-st-v1|PARIETAL	GSM878409	GSE53987__HG-U133_Plus_2|HPC	GSM1304904	0.30714301299605173	3.1607415921863646	0.25723999058260255	GSE35978	CTL	PARIETAL	F	40.0	58.0	6.46	k89	CC178_40610	GSE53987	MDD	HPC	M	51.0	28.3	7.3	k52	MDD_hip_9	False	False
GSE35978__HuGene-1_0-st-v1|PARIETAL	GSM878410	GSE53987__HG-U133_Plus_2|HPC	GSM1304874	0.29987062220878	3.0860356927477595	0.2379062507976651	GSE35978	CTL	PARIETAL	M	35.0	52.0	6.7	k36	CC179_40610	GSE53987	CTL	HPC	M	55.0	28.0	6.1	k22	control_hip_14	False	True
GSE35978__HuGene-1_0-st-v1|PARIETAL	GSM878421	GSE53987__HG-U133_Plus_2|HPC	GSM1304910	0.36552067883757533	3.7604282923909746	0.3437930766921233	GSE35978	SCZ	PARIETAL	M	40.0	80.0	6.6	k30	CC190_40710	GSE53987	SCZ	HPC	F	46.0	23.8	6.61	k58	schiz_hip_19	False	True
GSE35978__HuGene-1_0-st-v1|PARIETAL	GSM878424	GSE53987__HG-U133_Plus_2|HPC	GSM1304888	0.484530162761966	4.982957553862536	0.428630415594453	GSE35978	AMBIG	PARIETAL	M	40.0	39.0	6.6	k135	CC193_40710	GSE53987	MDD	HPC	M	51.0	24.6	6.5	k36	MDD_hip_10	False	False
GSE35978__HuGene-1_0-st-v1|PARIETAL	GSM878447	GSE53987__HG-U133_Plus_2|HPC	GSM1304902	0.3013889281601691	3.101632545975178	0.2979012664998834	GSE35978	BD	PARIETAL	F	60.0	53.0	6.2	k16	CC216_40810	GSE53987	MDD	HPC	F	47.0	22.3	6.6	k50	MDD_hip_7	False	False
GSE35978__HuGene-1_0-st-v1|PARIETAL	GSM878449	GSE53987__HG-U133_Plus_2|HPC	GSM1304893	0.35590227246036954	3.661622862293241	0.25363940530236534	GSE35978	CTL	PARIETAL	F	35.0	24.0	6.87	k44	CC218_40610	GSE53987	MDD	HPC	M	29.0	26.6	6.9	k41	MDD_hip_15	False	False
GSE35978__HuGene-1_0-st-v1|PARIETAL	GSM878452	GSE53987__HG-U133_Plus_2|HPC	GSM1304871	0.31637796020585324	3.255607924009972	0.28495179247207864	GSE35978	CTL	PARIETAL	M	45.0	11.0	6.6	k76	CC221_40810	GSE53987	CTL	HPC	F	51.0	7.8	6.6	k19	control_hip_11	False	True
GSE35978__HuGene-1_0-st-v1|PARIETAL	GSM878457	GSE53987__HG-U133_Plus_2|HPC	GSM1304908	0.3016858251710804	3.104682431341567	0.29858109548041734	GSE35978	SCZ	PARIETAL	M	40.0	26.0	6.8	k74	CC226_40810	GSE53987	SCZ	HPC	M	62.0	22.7	7.14	k56	schiz_hip_14	False	True
GSE35978__HuGene-1_0-st-v1|PARIETAL	GSM878459	GSE53987__HG-U133_Plus_2|HPC	GSM1304863	0.5267621238965954	5.416786913959717	0.36139980892937085	GSE35978	BD	PARIETAL	F	50.0	18.0	6.5	k9	CC228_40810	GSE53987	BD	HPC	F	39.0	22.2	6.7	k11	bipolar_hip_3	False	True
GSE35978__HuGene-1_0-st-v1|PARIETAL	GSM878481	GSE53987__HG-U133_Plus_2|HPC	GSM1304873	0.4640674333362993	4.772753419977323	0.3542825759275972	GSE35978	CTL	PARIETAL	F	55.0	26.0	6.0	k110	CC250_51110	GSE53987	CTL	HPC	F	65.0	18.5	6.5	k21	control_hip_13	False	True
GSE35978__HuGene-1_0-st-v1|PARIETAL	GSM878509	GSE53987__HG-U133_Plus_2|HPC	GSM1304915	0.3484335352432041	3.5848999869967866	0.2021937872379888	GSE35978	CTL	PARIETAL	M	40.0	11.0	6.0	k150	CC278_51310	GSE53987	SCZ	HPC	M	37.0	5.98	6.07	k63	schiz_hip_5	False	False
GSE35978__HuGene-1_0-st-v1|PARIETAL	GSM878402	GSE53987__HG-U133_Plus_2|PFC_BA46	GSM1304981	0.4338544840548515	4.361604446020595	0.21494002403125587	GSE35978	SCZ	PARIETAL	M	45.0	32.0	6.67	k40	CC171_40610	GSE53987	SCZ	PFC_BA46	M	50.0	11.0	6.23	k59	schiz_pfc_1	False	True
GSE35978__HuGene-1_0-st-v1|PARIETAL	GSM878421	GSE53987__HG-U133_Plus_2|PFC_BA46	GSM1304980	0.41222713668450345	4.1443349315163704	0.3833141561692069	GSE35978	SCZ	PARIETAL	M	40.0	80.0	6.6	k30	CC190_40710	GSE53987	SCZ	PFC_BA46	F	46.0	23.8	6.61	k58	schiz_pfc_19	False	True
GSE35978__HuGene-1_0-st-v1|PARIETAL	GSM878424	GSE53987__HG-U133_Plus_2|PFC_BA46	GSM1304983	0.5225811122636104	5.252957005555672	0.46087177053790795	GSE35978	AMBIG	PARIETAL	M	40.0	39.0	6.6	k135	CC193_40710	GSE53987	SCZ	PFC_BA46	M	47.0	28.9	6.58	k62	schiz_pfc_4	False	False
GSE35978__HuGene-1_0-st-v1|PARIETAL	GSM878444	GSE53987__HG-U133_Plus_2|PFC_BA46	GSM1304971	0.29836381692428143	3.0004577939039705	0.2717672002738802	GSE35978	SCZ	PARIETAL	M	35.0	30.0	6.8	k18	CC213_40810	GSE53987	MDD	PFC_BA46	M	34.0	24.4	6.6	k51	MDD_pfc_8	False	False
GSE35978__HuGene-1_0-st-v1|PARIETAL	GSM878459	GSE53987__HG-U133_Plus_2|PFC_BA46	GSM1304930	0.5419041201435747	5.447076999512822	0.3097455101728862	GSE35978	BD	PARIETAL	F	50.0	18.0	6.5	k9	CC228_40810	GSE53987	BD	PFC_BA46	F	39.0	22.2	6.7	k11	bipolar_pfc_3	False	True
GSE35978__HuGene-1_0-st-v1|PARIETAL	GSM878479	GSE53987__HG-U133_Plus_2|PFC_BA46	GSM1304926	0.34486056518268027	3.4675666698624794	0.18253148401472613	GSE35978	BD	PARIETAL	F	50.0	18.0	6.1	k142	CC248_51110	GSE53987	BD	PFC_BA46	F	49.0	21.5	6.7	k6	bipolar_pfc_16	False	True
GSE35978__HuGene-1_0-st-v1|PARIETAL	GSM878484	GSE53987__HG-U133_Plus_2|PFC_BA46	GSM1304979	0.3313650799212591	3.3319902868443747	0.31145159818151735	GSE35978	SCZ	PARIETAL	M	30.0	14.0	5.8	k144	CC252_51210	GSE53987	SCZ	PFC_BA46	F	44.0	24.5	6.63	k57	schiz_pfc_18	False	True
GSE35978__HuGene-1_0-st-v1|PARIETAL	GSM878402	GSE53987__HG-U133_Plus_2|STR	GSM1305039	0.45639534449513075	4.599879918087679	0.2080359409439589	GSE35978	SCZ	PARIETAL	M	45.0	32.0	6.67	k40	CC171_40610	GSE53987	SCZ	STR	M	50.0	11.0	6.23	k59	schiz_str_1	False	True
GSE35978__HuGene-1_0-st-v1|PARIETAL	GSM878410	GSE53987__HG-U133_Plus_2|STR	GSM1304988	0.3188271030716585	3.215468883755719	0.23437027732890606	GSE35978	CTL	PARIETAL	M	35.0	52.0	6.7	k36	CC179_40610	GSE53987	BD	STR	M	50.0	12.1	6.7	k9	bipolar_str_1	False	False
GSE35978__HuGene-1_0-st-v1|PARIETAL	GSM878412	GSE53987__HG-U133_Plus_2|STR	GSM1304997	0.31749186525050144	3.2020317855276694	0.2683391831012592	GSE35978	BD	PARIETAL	M	65.0	16.0	6.1	k35	CC181_40610	GSE53987	BD	STR	M	52.0	23.5	6.7	k0	bipolar_str_10	False	True
GSE35978__HuGene-1_0-st-v1|PARIETAL	GSM878417	GSE53987__HG-U133_Plus_2|STR	GSM1305013	0.29916777924321203	3.0176282734957782	0.25040075390128175	GSE35978	CTL	PARIETAL	M	50.0	24.0	6.91	k88	CC186_40710	GSE53987	CTL	STR	M	46.0	22.0	6.3	k69	control_str_9	False	True
GSE35978__HuGene-1_0-st-v1|PARIETAL	GSM878452	GSE53987__HG-U133_Plus_2|STR	GSM1305018	0.35736207398728664	3.6032636130569133	0.33184454194990226	GSE35978	CTL	PARIETAL	M	45.0	11.0	6.6	k76	CC221_40810	GSE53987	CTL	STR	M	55.0	28.0	6.1	k22	control_str_14	False	True
GSE35978__HuGene-1_0-st-v1|PARIETAL	GSM878459	GSE53987__HG-U133_Plus_2|STR	GSM1304990	0.5787278026701685	5.830966418882181	0.2628595957402813	GSE35978	BD	PARIETAL	F	50.0	18.0	6.5	k9	CC228_40810	GSE53987	BD	STR	F	39.0	22.2	6.7	k11	bipolar_str_3	False	True
GSE35978__HuGene-1_0-st-v1|PARIETAL	GSM878467	GSE53987__HG-U133_Plus_2|STR	GSM1305040	0.32011623795573124	3.2284420274099928	0.22509002591697738	GSE35978	SCZ	PARIETAL	M	40.0	34.0	6.18	k1	CC236_40910	GSE53987	SCZ	STR	M	46.0	15.8	6.19	k60	schiz_str_2	False	True
GSE35978__HuGene-1_0-st-v1|PARIETAL	GSM878473	GSE53987__HG-U133_Plus_2|STR	GSM1305042	0.39187238688180265	3.9505564000770486	0.38591614557332	GSE35978	SCZ	PARIETAL	M	30.0	33.0	6.2	k61	CC242_40910	GSE53987	SCZ	STR	M	47.0	28.9	6.58	k62	schiz_str_4	False	True
GSE35978__HuGene-1_0-st-v1|PARIETAL	GSM878479	GSE53987__HG-U133_Plus_2|STR	GSM1305002	0.33512078896890035	3.3794395670520445	0.2400113508976182	GSE35978	BD	PARIETAL	F	50.0	18.0	6.1	k142	CC248_51110	GSE53987	BD	STR	F	49.0	21.5	6.7	k6	bipolar_str_16	False	True
GSE35978__HuGene-1_0-st-v1|PARIETAL	GSM878503	GSE53987__HG-U133_Plus_2|STR	GSM1305017	0.4613438217140459	4.649678668105266	0.39562075454710627	GSE35978	BD	PARIETAL	M	50.0	13.0	6.1	k109	CC272_51210	GSE53987	CTL	STR	F	65.0	18.5	6.5	k21	control_str_13	False	False
GSE35978__HuGene-1_0-st-v1|PARIETAL	GSM878520	GSE53987__HG-U133_Plus_2|STR	GSM1305031	0.46418391477447585	4.67825980086312	0.3490438705797293	GSE35978	BD	PARIETAL	M	55.0	39.0	5.8	k153	CC289_51310	GSE53987	MDD	STR	M	51.0	24.6	6.5	k36	MDD_str_10	False	False
GSE35978__HuGene-1_0-st-v1|PARIETAL	GSM878530	GSE53987__HG-U133_Plus_2|STR	GSM1305010	0.3660182756729255	3.6903748605730615	0.23615197328553783	GSE35978	SCZ	PARIETAL	M	60.0	31.0	6.2	k116	CC299_51310	GSE53987	CTL	STR	M	68.0	11.8	6.8	k33	control_str_6	False	False
GSE35978__HuGene-1_0-st-v1|PARIETAL	GSM878408	GSE54567__HG-U133_Plus_2|PFC_BA9	GSM1319051	0.33968913880196505	3.259263385985455	0.2055200814374172	GSE35978	SCZ	PARIETAL	F	30.0	36.0	6.8	k37	CC177_40610	GSE54567	CTL	PFC_BA9	M				Mpair2_CTL	Control matched sample pair brain dorsolateral prefrontal cortex BA9_M #2	False	False
GSE35978__HuGene-1_0-st-v1|PARIETAL	GSM878424	GSE54567__HG-U133_Plus_2|PFC_BA9	GSM1319073	0.46099046609524397	4.422164633350778	0.15159332668623546	GSE35978	AMBIG	PARIETAL	M	40.0	39.0	6.6	k135	CC193_40710	GSE54567	MDD	PFC_BA9	M				Mpair25_MDD	MDD matched sample pair brain dorsolateral prefrontal cortex BA9_M #25	False	False
GSE35978__HuGene-1_0-st-v1|PARIETAL	GSM878452	GSE54567__HG-U133_Plus_2|PFC_BA9	GSM1319067	0.45738015310415764	4.387552996574845	0.2606620439097835	GSE35978	CTL	PARIETAL	M	45.0	11.0	6.6	k76	CC221_40810	GSE54567	MDD	PFC_BA9	M				Mpair7_MDD	MDD matched sample pair brain dorsolateral prefrontal cortex BA9_M #7	False	False
GSE35978__HuGene-1_0-st-v1|PARIETAL	GSM878530	GSE54567__HG-U133_Plus_2|PFC_BA9	GSM1319056	0.32547079460059486	3.12295382881741	0.28338168531888125	GSE35978	SCZ	PARIETAL	M	60.0	31.0	6.2	k116	CC299_51310	GSE54567	CTL	PFC_BA9	M				Mpair18_CTL	Control matched sample pair brain dorsolateral prefrontal cortex BA9_M #18	False	False
GSE35978__HuGene-1_0-st-v1|PARIETAL	GSM878378	GSE54568__HG-U133_Plus_2|PFC_BA9	GSM1319086	0.314627878936117	3.091290240572982	0.2180029115947939	GSE35978	SCZ	PARIETAL	M	45.0	26.0	6.42	k25	CC147_40910	GSE54568	CTL	PFC_BA9	F				Fpair14_CTL	Control matched sample pair brain dorsolateral prefrontal cortex BA9_F #14	False	False
GSE35978__HuGene-1_0-st-v1|PARIETAL	GSM878457	GSE54568__HG-U133_Plus_2|PFC_BA9	GSM1319085	0.3363260692383568	3.3037678774974273	0.29558821487511033	GSE35978	SCZ	PARIETAL	M	40.0	26.0	6.8	k74	CC226_40810	GSE54568	CTL	PFC_BA9	F				Fpair13_CTL	Control matched sample pair brain dorsolateral prefrontal cortex BA9_F #13	False	False
GSE35978__HuGene-1_0-st-v1|PARIETAL	GSM878478	GSE54568__HG-U133_Plus_2|PFC_BA9	GSM1319080	0.3365600399895487	3.306059015681314	0.1940083786342887	GSE35978	CTL	PARIETAL	F	55.0	26.0	6.0	k110	CC247_51310	GSE54568	CTL	PFC_BA9	F				Fpair6_CTL	Control matched sample pair brain dorsolateral prefrontal cortex BA9_F #6	False	True
GSE35978__HuGene-1_0-st-v1|PARIETAL	GSM878481	GSE54568__HG-U133_Plus_2|PFC_BA9	GSM1319091	0.42216269516623656	4.14431555380944	0.2898420772614392	GSE35978	CTL	PARIETAL	F	55.0	26.0	6.0	k110	CC250_51110	GSE54568	CTL	PFC_BA9	F				Fpair24_CTL	Control matched sample pair brain dorsolateral prefrontal cortex BA9_F #24	False	True
GSE35978__HuGene-1_0-st-v1|PARIETAL	GSM878483	GSE54568__HG-U133_Plus_2|PFC_BA9	GSM1319095	0.42457568045655714	4.167944501905072	0.2236525186092976	GSE35978	SCZ	PARIETAL	M	30.0	14.0	5.8	k144	CC252_51110	GSE54568	MDD	PFC_BA9	F				Fpair6_MDD	MDD matched sample pair brain dorsolateral prefrontal cortex BA9_F #6	False	False
GSE35978__HuGene-1_0-st-v1|PARIETAL	GSM878521	GSE54568__HG-U133_Plus_2|PFC_BA9	GSM1319078	0.3624949385724968	3.5600242490957865	0.1586721479891597	GSE35978	SCZ	PARIETAL	M	50.0	61.0	6.0	k104	CC290_51110	GSE54568	CTL	PFC_BA9	F				Fpair3_CTL	Control matched sample pair brain dorsolateral prefrontal cortex BA9_F #3	False	False
GSE35978__HuGene-1_0-st-v1|PARIETAL	GSM878418	GSE54571__HG-U133_Plus_2|ACC_BA25	GSM1319160	0.38332495682525713	3.654297744868187	0.3183123138341605	GSE35978	SCZ	PARIETAL	M	35.0	29.0	6.5	k31	CC187_40710	GSE54571	MDD	ACC_BA25	F				Fpair12_MDD	MDD matched sample pair brain anterior cingulate cortex BA25_F #12	False	False
GSE35978__HuGene-1_0-st-v1|PARIETAL	GSM878457	GSE54571__HG-U133_Plus_2|ACC_BA25	GSM1319164	0.34581380707891346	3.2974842374846793	0.2800033725819458	GSE35978	SCZ	PARIETAL	M	40.0	26.0	6.8	k74	CC226_40810	GSE54571	MDD	ACC_BA25	F				Fpair17_MDD	MDD matched sample pair brain anterior cingulate cortex BA25_F #17	False	False
GSE35978__HuGene-1_0-st-v1|PARIETAL	GSM878473	GSE54571__HG-U133_Plus_2|ACC_BA25	GSM1319165	0.3574967303361602	3.408614524135434	0.3244824138905016	GSE35978	SCZ	PARIETAL	M	30.0	33.0	6.2	k61	CC242_40910	GSE54571	MDD	ACC_BA25	F				Fpair19_MDD	MDD matched sample pair brain anterior cingulate cortex BA25_F #19	False	False
GSE35978__HuGene-1_0-st-v1|PARIETAL	GSM878481	GSE54571__HG-U133_Plus_2|ACC_BA25	GSM1319154	0.3825317726142385	3.646752819099486	0.20130285805277676	GSE35978	CTL	PARIETAL	F	55.0	26.0	6.0	k110	CC250_51110	GSE54571	CTL	ACC_BA25	F				Fpair24_CTL	Control matched sample pair brain anterior cingulate cortex BA25_F #24	False	True
GSE35978__HuGene-1_0-st-v1|PARIETAL	GSM878378	GSE54572__HG-U133_Plus_2|ACC_BA25	GSM1319179	0.2984165283508881	3.0749231447223413	0.23159389590596804	GSE35978	SCZ	PARIETAL	M	45.0	26.0	6.42	k25	CC147_40910	GSE54572	CTL	ACC_BA25	M				Mpair30_CTL	Control matched sample pair brain anterior cingulate cortex BA25_M #30	False	False
GSE35978__HuGene-1_0-st-v1|PARIETAL	GSM878424	GSE54572__HG-U133_Plus_2|ACC_BA25	GSM1319188	0.42873330539875326	4.409790135654148	0.24910728905238597	GSE35978	AMBIG	PARIETAL	M	40.0	39.0	6.6	k135	CC193_40710	GSE54572	MDD	ACC_BA25	M				Mpair25_MDD	MDD matched sample pair brain anterior cingulate cortex BA25_M #25	False	False
GSE35978__HuGene-1_0-st-v1|PARIETAL	GSM878452	GSE54572__HG-U133_Plus_2|ACC_BA25	GSM1319182	0.4200733102669418	4.321083662819577	0.25464418902999764	GSE35978	CTL	PARIETAL	M	45.0	11.0	6.6	k76	CC221_40810	GSE54572	MDD	ACC_BA25	M				Mpair7_MDD	MDD matched sample pair brain anterior cingulate cortex BA25_M #7	False	False
GSE35978__HuGene-1_0-st-v1|PARIETAL	GSM878473	GSE54572__HG-U133_Plus_2|ACC_BA25	GSM1319174	0.3382329895754042	3.4827730086335777	0.21423045928147139	GSE35978	SCZ	PARIETAL	M	30.0	33.0	6.2	k61	CC242_40910	GSE54572	CTL	ACC_BA25	M				Mpair20_CTL	Control matched sample pair brain anterior cingulate cortex BA25_M #20	False	False
GSE35978__HuGene-1_0-st-v1|PARIETAL	GSM878481	GSE54572__HG-U133_Plus_2|ACC_BA25	GSM1319171	0.40385393923253454	4.15494463223602	0.3148014408477699	GSE35978	CTL	PARIETAL	F	55.0	26.0	6.0	k110	CC250_51110	GSE54572	CTL	ACC_BA25	M				Mpair11_CTL	Control matched sample pair brain anterior cingulate cortex BA25_M #11	False	True
GSE35978__HuGene-1_0-st-v1|PARIETAL	GSM878383	GSE92538__HG-U133A|PFC_DLPFC	GSM2431859	0.3372871236979054	3.425730672700689	0.31795141906750257	GSE35978	BD	PARIETAL	F	50.0	38.0	6.39	k64	CC152_40910	GSE92538	CTL	PFC_DLPFC	M	60.0	30.0	6.8	108759	DLPFC_Male_Control_UCDavis_108759	False	False
GSE35978__HuGene-1_0-st-v1|PARIETAL	GSM878394	GSE92538__HG-U133A|PFC_DLPFC	GSM2431844	0.3190475877631346	3.24138701758046	0.2360363149311138	GSE35978	BD	PARIETAL	F	55.0	26.0	6.58	k53	CC163_51110	GSE92538	CTL	PFC_DLPFC	F	48.0	27.0	7.1	107886	DLPFC_Female_Control_UCDavis_107886	False	False
GSE35978__HuGene-1_0-st-v1|PARIETAL	GSM878395	GSE92538__HG-U133A|PFC_DLPFC	GSM2431893	0.38639298535355715	3.9220346388654317	0.3831413723425832	GSE35978	CTL	PARIETAL	M	35.0	22.0	6.48	k41	CC164_40610	GSE92538	SCZ	PFC_DLPFC	M	64.0	8.5	6.24	106495	DLPFC_Male_Schizophrenia_UCIrvine_106495	False	False
GSE35978__HuGene-1_0-st-v1|PARIETAL	GSM878402	GSE92538__HG-U133A|PFC_DLPFC	GSM2431783	0.40286690480949283	4.088533531026067	0.3924985845242997	GSE35978	SCZ	PARIETAL	M	45.0	32.0	6.67	k40	CC171_40610	GSE92538	SCZ	PFC_DLPFC	M	48.0	19.5	6.24	104655	DLPFC_Male_Schizophrenia_UCDavis_104655	False	True
GSE35978__HuGene-1_0-st-v1|PARIETAL	GSM878410	GSE92538__HG-U133A|PFC_DLPFC	GSM2431838	0.3916065087750543	3.9747267669442805	0.36615553902841796	GSE35978	CTL	PARIETAL	M	35.0	52.0	6.7	k36	CC179_40610	GSE92538	BD	PFC_DLPFC	M	23.0	9.0	7.12	107366	DLPFC_Male_BipolarDisorder_UCDavis_107366	False	False
GSE35978__HuGene-1_0-st-v1|PARIETAL	GSM878412	GSE92538__HG-U133A|PFC_DLPFC	GSM2431870	0.33006969187750185	3.3527854087908833	0.3142942710044009	GSE35978	BD	PARIETAL	M	65.0	16.0	6.1	k35	CC181_40610	GSE92538	CTL	PFC_DLPFC	M	54.0	11.0	6.97	109422	DLPFC_Male_Control_UCDavis_109422	False	False
GSE35978__HuGene-1_0-st-v1|PARIETAL	GSM878413	GSE92538__HG-U133A|PFC_DLPFC	GSM2431731	0.30045292645286276	3.053454175214464	0.285718461322938	GSE35978	SCZ	PARIETAL	M	45.0	30.0	6.72	k133	CC182_40610	GSE92538	MDD	PFC_DLPFC	M	65.0	26.0	6.72	101674	DLPFC_Male_MajorDepressiveDisorder_UCDavis_101674	False	False
GSE35978__HuGene-1_0-st-v1|PARIETAL	GSM878422	GSE92538__HG-U133A|PFC_DLPFC	GSM2432075	0.3271287320248021	3.3230616652292393	0.3199506003843312	GSE35978	SCZ	PARIETAL	M	40.0	19.0	6.48	k86	CC191_40710	GSE92538	MDD	PFC_DLPFC	M	34.0	29.6	6.71	109430	DLPFC_Male_MajorDepressiveDisorder_UMichigan_109430	False	False
GSE35978__HuGene-1_0-st-v1|PARIETAL	GSM878424	GSE92538__HG-U133A|PFC_DLPFC	GSM2431756	0.517113861403604	5.2432066345654835	0.4196939090973129	GSE35978	AMBIG	PARIETAL	M	40.0	39.0	6.6	k135	CC193_40710	GSE92538	CTL	PFC_DLPFC	M	49.0	31.25	6.68	102539	DLPFC_Male_Control_UCDavis_102539	False	False
GSE35978__HuGene-1_0-st-v1|PARIETAL	GSM878432	GSE92538__HG-U133A|PFC_DLPFC	GSM2431745	0.29629483809018997	3.0114291363193275	0.25843707188067433	GSE35978	CTL	PARIETAL	M	50.0	22.0	6.71	k83	CC201_40710	GSE92538	CTL	PFC_DLPFC	F	64.0	19.25	6.83	102212	DLPFC_Female_Control_UCDavis_102212	False	True
GSE35978__HuGene-1_0-st-v1|PARIETAL	GSM878434	GSE92538__HG-U133A|PFC_DLPFC	GSM2431993	0.3065945377249646	3.1155263175253083	0.2706363319881523	GSE35978	CTL	PARIETAL	M	35.0	13.0	6.5	k23	CC203_40710	GSE92538	CTL	PFC_DLPFC	M	18.0	22.0	6.97	105928	DLPFC_Male_Control_r_UMichigan_105928	False	True
GSE35978__HuGene-1_0-st-v1|PARIETAL	GSM878436	GSE92538__HG-U133A|PFC_DLPFC	GSM2431827	0.31745659940729465	3.225307189134269	0.28535767647635807	GSE35978	SCZ	PARIETAL	M	25.0	15.0	6.2	k22	CC205_40710	GSE92538	BD	PFC_DLPFC	M	40.0	43.0	6.59	106851	DLPFC_Male_BipolarDisorder_UCDavis_106851	False	False
GSE35978__HuGene-1_0-st-v1|PARIETAL	GSM878447	GSE92538__HG-U133A|PFC_DLPFC	GSM2431784	0.29995486069333205	3.0484203156398304	0.2928064309399623	GSE35978	BD	PARIETAL	F	60.0	53.0	6.2	k16	CC216_40810	GSE92538	CTL	PFC_DLPFC	F	65.0	31.25		104659	DLPFC_Female_Control_UCDavis_104659	False	False
GSE35978__HuGene-1_0-st-v1|PARIETAL	GSM878459	GSE92538__HG-U133A|PFC_DLPFC	GSM2431785	0.5748764331383749	5.827002386870397	0.5305014316052094	GSE35978	BD	PARIETAL	F	50.0	18.0	6.5	k9	CC228_40810	GSE92538	BD	PFC_DLPFC	F	69.0	28.25	6.65	104767	DLPFC_Female_BipolarDisorder_UCDavis_104767	False	True
GSE35978__HuGene-1_0-st-v1|PARIETAL	GSM878467	GSE92538__HG-U133A|PFC_DLPFC	GSM2431966	0.33445867188584516	3.3971440273369415	0.30887094050064273	GSE35978	SCZ	PARIETAL	M	40.0	34.0	6.18	k1	CC236_40910	GSE92538	BD	PFC_DLPFC	M	69.0	28.5	7.2	104184	DLPFC_Male_BipolarDisorder_UMichigan_104184	False	False
GSE35978__HuGene-1_0-st-v1|PARIETAL	GSM878473	GSE92538__HG-U133A|PFC_DLPFC	GSM2431795	0.40161397066363724	4.075870354676735	0.35661728765925915	GSE35978	SCZ	PARIETAL	M	30.0	33.0	6.2	k61	CC242_40910	GSE92538	MDD	PFC_DLPFC	F	48.0	37.0	6.95	105643	DLPFC_Female_MajorDepressiveDisorder_UCDavis_105643	False	False
GSE35978__HuGene-1_0-st-v1|PARIETAL	GSM878478	GSE92538__HG-U133A|PFC_DLPFC	GSM2431935	0.35359732418452616	3.5905748871697436	0.3125618900987281	GSE35978	CTL	PARIETAL	F	55.0	26.0	6.0	k110	CC247_51310	GSE92538	CTL	PFC_DLPFC	F	52.0	36.0		102422	DLPFC_Female_Control_UMichigan_102422	False	True
GSE35978__HuGene-1_0-st-v1|PARIETAL	GSM878481	GSE92538__HG-U133A|PFC_DLPFC	GSM2431856	0.48622568178061587	4.931025450127725	0.388886552705216	GSE35978	CTL	PARIETAL	F	55.0	26.0	6.0	k110	CC250_51110	GSE92538	CTL	PFC_DLPFC	M	25.0	13.75	6.87	108632	DLPFC_Male_Control_UCDavis_108632	False	True
GSE35978__HuGene-1_0-st-v1|PARIETAL	GSM878507	GSE92538__HG-U133A|PFC_DLPFC	GSM2431899	0.3164189775715831	3.214820134939925	0.30659265499976357	GSE35978	SCZ	PARIETAL	M	30.0	32.0	5.8	k108	CC276_51210	GSE92538	CTL	PFC_DLPFC	F	57.0	16.5	6.61	109991	DLPFC_Female_Control_UCIrvine_109991	False	False
GSE35978__HuGene-1_0-st-v1|PARIETAL	GSM878518	GSE92538__HG-U133A|PFC_DLPFC	GSM2431855	0.31226795410763736	3.1728664996846097	0.2883338750381963	GSE35978	SCZ	PARIETAL	F	50.0	38.0	6.2	k127	CC287_51310	GSE92538	SCZ	PFC_DLPFC	F	59.0	14.8	6.55	108583	DLPFC_Female_Schizophrenia_UCDavis_108583	False	True
GSE35978__HuGene-1_0-st-v1|PARIETAL	GSM878527	GSE92538__HG-U133A|PFC_DLPFC	GSM2431718	0.4786392564551367	4.854350836321929	0.4614220873867533	GSE35978	MDD	PARIETAL	M	45.0	43.0	5.9	k155	CC296_51310	GSE92538	SCZ	PFC_DLPFC	M	39.0	7.5	6.83	101078	DLPFC_Male_Schizophrenia_UCDavis_101078	False	False
GSE35978__HuGene-1_0-st-v1|PARIETAL	GSM878380	GSE92538__HG-U133_Plus_2|PFC_DLPFC	GSM2431873	0.35585208386735256	3.6283433939165044	0.2740337656420062	GSE35978	BD	PARIETAL	M	30.0	60.0	6.7	k15	CC149_40910	GSE92538	CTL	PFC_DLPFC	M	43.0	26.0	7.1	109779	DLPFC_Male_Control_p_UCDavis_109779	False	False
GSE35978__HuGene-1_0-st-v1|PARIETAL	GSM878413	GSE92538__HG-U133_Plus_2|PFC_DLPFC	GSM2431747	0.36990726019614617	3.7716910616328563	0.3580763152654002	GSE35978	SCZ	PARIETAL	M	45.0	30.0	6.72	k133	CC182_40610	GSE92538	SCZ	PFC_DLPFC	M	59.0	35.75	6.42	102317	DLPFC_Male_Schizophrenia_p_UCDavis_102317	False	True
GSE35978__HuGene-1_0-st-v1|PARIETAL	GSM878417	GSE92538__HG-U133_Plus_2|PFC_DLPFC	GSM2431829	0.3081974145119217	3.142317068234594	0.2897647184992954	GSE35978	CTL	PARIETAL	M	50.0	24.0	6.91	k88	CC186_40710	GSE92538	CTL	PFC_DLPFC	M	56.0	20.3	7.14	106966	DLPFC_Male_Control_p_UCDavis_106966	False	True
GSE35978__HuGene-1_0-st-v1|PARIETAL	GSM878421	GSE92538__HG-U133_Plus_2|PFC_DLPFC	GSM2431852	0.3836944892949986	3.9123059560573896	0.3366006178230767	GSE35978	SCZ	PARIETAL	M	40.0	80.0	6.6	k30	CC190_40710	GSE92538	CTL	PFC_DLPFC	M	64.0	24.5	6.55	108425	DLPFC_Male_Control_p_UCDavis_108425	False	False
GSE35978__HuGene-1_0-st-v1|PARIETAL	GSM878424	GSE92538__HG-U133_Plus_2|PFC_DLPFC	GSM2431858	0.5093862995587028	5.194227109578394	0.49748878902120575	GSE35978	AMBIG	PARIETAL	M	40.0	39.0	6.6	k135	CC193_40710	GSE92538	MDD	PFC_DLPFC	F	46.0	9.5	7.39	108700	DLPFC_Female_MajorDepressiveDisorder_p_UCDavis_108700	False	False
GSE35978__HuGene-1_0-st-v1|PARIETAL	GSM878446	GSE92538__HG-U133_Plus_2|PFC_DLPFC	GSM2431945	0.31316837055123115	3.1930154684457484	0.30798100883148943	GSE35978	CTL	PARIETAL	M	45.0	31.0	6.67	k77	CC215_40810	GSE92538	CTL	PFC_DLPFC	M	30.0	18.2	7.15	102623	DLPFC_Male_Control_p_UMichigan_102623	False	True
GSE35978__HuGene-1_0-st-v1|PARIETAL	GSM878447	GSE92538__HG-U133_Plus_2|PFC_DLPFC	GSM2431779	0.3401152679405137	3.4678448126377655	0.32321501905373445	GSE35978	BD	PARIETAL	F	60.0	53.0	6.2	k16	CC216_40810	GSE92538	SCZ	PFC_DLPFC	M	50.0	6.25	6.81	104259	DLPFC_Male_Schizophrenia_r_p_UCDavis_104259	False	False
GSE35978__HuGene-1_0-st-v1|PARIETAL	GSM878450	GSE92538__HG-U133_Plus_2|PFC_DLPFC	GSM2431741	0.33892987942955166	3.4557551259337953	0.32622109127652715	GSE35978	CTL	PARIETAL	M	50.0	46.0	6.5	k14	CC219_40810	GSE92538	SCZ	PFC_DLPFC	M	44.0	24.0	7.21	102118	DLPFC_Male_Schizophrenia_p_UCDavis_102118	False	False
GSE35978__HuGene-1_0-st-v1|PARIETAL	GSM878452	GSE92538__HG-U133_Plus_2|PFC_DLPFC	GSM2431948	0.46960718094544557	4.788522923189721	0.46535380564668116	GSE35978	CTL	PARIETAL	M	45.0	11.0	6.6	k76	CC221_40810	GSE92538	CTL	PFC_DLPFC	M	69.0	25.8	7.12	102854	DLPFC_Male_Control_p_UMichigan_102854	False	True
GSE35978__HuGene-1_0-st-v1|PARIETAL	GSM878467	GSE92538__HG-U133_Plus_2|PFC_DLPFC	GSM2431769	0.3624658931371861	3.6957971284960687	0.31811734653484874	GSE35978	SCZ	PARIETAL	M	40.0	34.0	6.18	k1	CC236_40910	GSE92538	CTL	PFC_DLPFC	M	69.0	21.0	6.59	103610	DLPFC_Male_Control_p_UCDavis_103610	False	False
GSE35978__HuGene-1_0-st-v1|PARIETAL	GSM878473	GSE92538__HG-U133_Plus_2|PFC_DLPFC	GSM2431971	0.4868300204832685	4.964177345549557	0.31039978530362033	GSE35978	SCZ	PARIETAL	M	30.0	33.0	6.2	k61	CC242_40910	GSE92538	MDD	PFC_DLPFC	F	46.0	35.0	6.76	104630	DLPFC_Female_MajorDepressiveDisorder_p_UMichigan_104630	False	False
GSE35978__HuGene-1_0-st-v1|PARIETAL	GSM878475	GSE92538__HG-U133_Plus_2|PFC_DLPFC	GSM2431928	0.31017489803888876	3.162485271386732	0.21038609668054326	GSE35978	BD	PARIETAL	F	40.0	28.0	6.44	k140	CC244_40910	GSE92538	CTL	PFC_DLPFC	M	55.0	23.0		102194	DLPFC_Male_Control_p_UMichigan_102194	False	False
GSE35978__HuGene-1_0-st-v1|PARIETAL	GSM878478	GSE92538__HG-U133_Plus_2|PFC_DLPFC	GSM2431775	0.2957861942520178	3.0157359826507415	0.2940334336602358	GSE35978	CTL	PARIETAL	F	55.0	26.0	6.0	k110	CC247_51310	GSE92538	CTL	PFC_DLPFC	M	48.0	20.2	6.79	104126	DLPFC_Male_Control_r_p_UCDavis_104126	False	True
GSE35978__HuGene-1_0-st-v1|PARIETAL	GSM878479	GSE92538__HG-U133_Plus_2|PFC_DLPFC	GSM2431922	0.3634474006564406	3.7058074485688923	0.35387206789845277	GSE35978	BD	PARIETAL	F	50.0	18.0	6.1	k142	CC248_51110	GSE92538	CTL	PFC_DLPFC	M	66.0	18.5	6.94	101772	DLPFC_Male_Control_p_UMichigan_101772	False	False
GSE35978__HuGene-1_0-st-v1|PARIETAL	GSM878523	GSE92538__HG-U133_Plus_2|PFC_DLPFC	GSM2431778	0.33060407123905033	3.3708408453838548	0.2677049546133141	GSE35978	MDD	PARIETAL	F	30.0	47.0	6.0	k94	CC292_51310	GSE92538	SCZ	PFC_DLPFC	M	50.0	6.25	6.81	104259	DLPFC_Male_Schizophrenia_p_UCDavis_104259	False	False
GSE35978__HuGene-1_0-st-v1|PARIETAL	GSM878527	GSE92538__HG-U133_Plus_2|PFC_DLPFC	GSM2431716	0.46346131906830795	4.725841748255636	0.45804884019964826	GSE35978	MDD	PARIETAL	M	45.0	43.0	5.9	k155	CC296_51310	GSE92538	SCZ	PFC_DLPFC	M	39.0	7.5	6.83	101078	DLPFC_Male_Schizophrenia_p_UCDavis_101078	False	False
GSE53987__HG-U133_Plus_2|HPC	GSM1304852	GSE53987__HG-U133_Plus_2|HPC	GSM1304856	0.38469340158964244	3.27144642832718	0.2350420533562517	GSE53987	BD	HPC	M	52.0	23.5	6.7	k0	bipolar_hip_10	GSE53987	BD	HPC	M	58.0	27.7	6.8	k4	bipolar_hip_14	False	True
GSE53987__HG-U133_Plus_2|HPC	GSM1304858	GSE53987__HG-U133_Plus_2|HPC	GSM1304898	0.3690017179739757	3.143295410952753	0.3175555565723375	GSE53987	BD	HPC	F	49.0	21.5	6.7	k6	bipolar_hip_16	GSE53987	MDD	HPC	M	44.0	19.3	6.5	k46	MDD_hip_2	False	False
GSE53987__HG-U133_Plus_2|HPC	GSM1304863	GSE53987__HG-U133_Plus_2|HPC	GSM1304868	0.4494599946837888	3.80038296567896	0.29876288593541667	GSE53987	BD	HPC	F	39.0	22.2	6.7	k11	bipolar_hip_3	GSE53987	BD	HPC	M	39.0	24.2	6.6	k16	bipolar_hip_8	False	True
GSE53987__HG-U133_Plus_2|HPC	GSM1304866	GSE53987__HG-U133_Plus_2|HPC	GSM1304876	0.4167982956223488	3.5336410362328463	0.33146764614436103	GSE53987	BD	HPC	M	65.0	8.9	6.7	k14	bipolar_hip_6	GSE53987	CTL	HPC	F	52.0	22.6	7.1	k24	control_hip_16	False	False
GSE53987__HG-U133_Plus_2|HPC	GSM1304885	GSE53987__HG-U133_Plus_2|HPC	GSM1304904	0.37187395096009235	3.166752395449926	0.36974921328562477	GSE53987	CTL	HPC	M	68.0	11.8	6.8	k33	control_hip_6	GSE53987	MDD	HPC	M	51.0	28.3	7.3	k52	MDD_hip_9	False	False
GSE53987__HG-U133_Plus_2|HPC	GSM1304888	GSE53987__HG-U133_Plus_2|HPC	GSM1304905	0.49423298984325026	4.166035563648545	0.42793163723919714	GSE53987	MDD	HPC	M	51.0	24.6	6.5	k36	MDD_hip_10	GSE53987	SCZ	HPC	M	49.0	21.5	5.97	k53	schiz_hip_10	False	False
GSE53987__HG-U133_Plus_2|HPC	GSM1304852	GSE53987__HG-U133_Plus_2|PFC_BA46	GSM1304920	0.4875568623442775	4.467810146036717	0.19169000733972158	GSE53987	BD	HPC	M	52.0	23.5	6.7	k0	bipolar_hip_10	GSE53987	BD	PFC_BA46	M	52.0	23.5	6.7	k0	bipolar_pfc_10	True	True
GSE53987__HG-U133_Plus_2|HPC	GSM1304853	GSE53987__HG-U133_Plus_2|PFC_BA46	GSM1304921	0.5684874635919022	5.200503708219318	0.18460914719728347	GSE53987	BD	HPC	F	50.0	11.7	6.4	k1	bipolar_hip_11	GSE53987	BD	PFC_BA46	F	50.0	11.7	6.4	k1	bipolar_pfc_11	True	True
GSE53987__HG-U133_Plus_2|HPC	GSM1304854	GSE53987__HG-U133_Plus_2|PFC_BA46	GSM1304922	0.6741068754082942	6.15671386712574	0.22831546583501744	GSE53987	BD	HPC	F	28.0	22.3	6.3	k2	bipolar_hip_12	GSE53987	BD	PFC_BA46	F	28.0	22.3	6.3	k2	bipolar_pfc_12	True	True
GSE53987__HG-U133_Plus_2|HPC	GSM1304856	GSE53987__HG-U133_Plus_2|PFC_BA46	GSM1304924	0.39643664704362924	3.64286637808915	0.26316632408901275	GSE53987	BD	HPC	M	58.0	27.7	6.8	k4	bipolar_hip_14	GSE53987	BD	PFC_BA46	M	58.0	27.7	6.8	k4	bipolar_pfc_14	True	True
GSE53987__HG-U133_Plus_2|HPC	GSM1304857	GSE53987__HG-U133_Plus_2|PFC_BA46	GSM1304925	0.6442073332574851	5.8860226612235955	0.43478331615310695	GSE53987	BD	HPC	M	28.0	27.4	6.2	k5	bipolar_hip_15	GSE53987	BD	PFC_BA46	M	28.0	27.4	6.2	k5	bipolar_pfc_15	True	True
GSE53987__HG-U133_Plus_2|HPC	GSM1304858	GSE53987__HG-U133_Plus_2|PFC_BA46	GSM1304926	0.7118275875160709	6.49821291070442	0.22792950708671894	GSE53987	BD	HPC	F	49.0	21.5	6.7	k6	bipolar_hip_16	GSE53987	BD	PFC_BA46	F	49.0	21.5	6.7	k6	bipolar_pfc_16	True	True
GSE53987__HG-U133_Plus_2|HPC	GSM1304859	GSE53987__HG-U133_Plus_2|PFC_BA46	GSM1304973	0.5824795380684166	5.327178942710085	0.23620143373051494	GSE53987	BD	HPC	F	42.0	31.2	6.5	k7	bipolar_hip_18	GSE53987	SCZ	PFC_BA46	M	49.0	21.5	5.97	k53	schiz_pfc_10	False	False
GSE53987__HG-U133_Plus_2|HPC	GSM1304861	GSE53987__HG-U133_Plus_2|PFC_BA46	GSM1304928	0.5898879514647191	5.394249948210832	0.3004242491814964	GSE53987	BD	HPC	M	50.0	12.1	6.7	k9	bipolar_hip_1	GSE53987	BD	PFC_BA46	M	50.0	12.1	6.7	k9	bipolar_pfc_1	True	True
GSE53987__HG-U133_Plus_2|HPC	GSM1304862	GSE53987__HG-U133_Plus_2|PFC_BA46	GSM1304929	0.6597935973927774	6.027130662577304	0.22147688916541974	GSE53987	BD	HPC	M	40.0	18.5	6.4	k10	bipolar_hip_2	GSE53987	BD	PFC_BA46	M	40.0	18.5	6.4	k10	bipolar_pfc_2	True	True
GSE53987__HG-U133_Plus_2|HPC	GSM1304863	GSE53987__HG-U133_Plus_2|PFC_BA46	GSM1304930	0.8159567119606397	7.44093096716376	0.33345538318373713	GSE53987	BD	HPC	F	39.0	22.2	6.7	k11	bipolar_hip_3	GSE53987	BD	PFC_BA46	F	39.0	22.2	6.7	k11	bipolar_pfc_3	True	True
GSE53987__HG-U133_Plus_2|HPC	GSM1304864	GSE53987__HG-U133_Plus_2|PFC_BA46	GSM1304931	0.5565385472412981	5.09232591205593	0.1694001771974244	GSE53987	BD	HPC	M	45.0	27.2	7.1	k12	bipolar_hip_4	GSE53987	BD	PFC_BA46	M	45.0	27.2	7.1	k12	bipolar_pfc_4	True	True
GSE53987__HG-U133_Plus_2|HPC	GSM1304865	GSE53987__HG-U133_Plus_2|PFC_BA46	GSM1304932	0.6319974682334759	5.7754824037647685	0.23137117550853933	GSE53987	BD	HPC	M	42.0	12.5	6.7	k13	bipolar_hip_5	GSE53987	BD	PFC_BA46	M	42.0	12.5	6.7	k13	bipolar_pfc_5	True	True
GSE53987__HG-U133_Plus_2|HPC	GSM1304866	GSE53987__HG-U133_Plus_2|PFC_BA46	GSM1304933	0.5769819700049937	5.277407500688964	0.41256078232822235	GSE53987	BD	HPC	M	65.0	8.9	6.7	k14	bipolar_hip_6	GSE53987	BD	PFC_BA46	M	65.0	8.9	6.7	k14	bipolar_pfc_6	True	True
GSE53987__HG-U133_Plus_2|HPC	GSM1304867	GSE53987__HG-U133_Plus_2|PFC_BA46	GSM1304934	0.3586274448639563	3.3005662023676723	0.22393623218278613	GSE53987	BD	HPC	F	51.0	21.5	6.7	k15	bipolar_hip_7	GSE53987	BD	PFC_BA46	F	51.0	21.5	6.7	k15	bipolar_pfc_7	True	True
GSE53987__HG-U133_Plus_2|HPC	GSM1304868	GSE53987__HG-U133_Plus_2|PFC_BA46	GSM1304935	0.5708445241708343	5.221843017272192	0.43800369443595605	GSE53987	BD	HPC	M	39.0	24.2	6.6	k16	bipolar_hip_8	GSE53987	BD	PFC_BA46	M	39.0	24.2	6.6	k16	bipolar_pfc_8	True	True
GSE53987__HG-U133_Plus_2|HPC	GSM1304869	GSE53987__HG-U133_Plus_2|PFC_BA46	GSM1304936	0.6478570842420323	5.919065157000504	0.29868280573586736	GSE53987	BD	HPC	M	48.0	18.1	6.9	k17	bipolar_hip_9	GSE53987	BD	PFC_BA46	M	48.0	18.1	6.9	k17	bipolar_pfc_9	True	True
GSE53987__HG-U133_Plus_2|HPC	GSM1304870	GSE53987__HG-U133_Plus_2|PFC_BA46	GSM1304937	0.6005266649038531	5.490566010696378	0.21607365038085163	GSE53987	CTL	HPC	M	51.0	24.2	6.6	k18	control_hip_10	GSE53987	CTL	PFC_BA46	M	51.0	24.2	6.6	k18	control_pfc_10	True	True
GSE53987__HG-U133_Plus_2|HPC	GSM1304871	GSE53987__HG-U133_Plus_2|PFC_BA46	GSM1304938	0.5344245986593735	4.892120458115987	0.2738935740641175	GSE53987	CTL	HPC	F	51.0	7.8	6.6	k19	control_hip_11	GSE53987	CTL	PFC_BA46	F	51.0	7.8	6.6	k19	control_pfc_11	True	True
GSE53987__HG-U133_Plus_2|HPC	GSM1304872	GSE53987__HG-U133_Plus_2|PFC_BA46	GSM1304939	0.5339736821275427	4.888038150127896	0.204608482091421	GSE53987	CTL	HPC	F	36.0	14.5	6.4	k20	control_hip_12	GSE53987	CTL	PFC_BA46	F	36.0	14.5	6.4	k20	control_pfc_12	True	True
GSE53987__HG-U133_Plus_2|HPC	GSM1304873	GSE53987__HG-U133_Plus_2|PFC_BA46	GSM1304940	0.7317859062417623	6.678902679677708	0.4167770310580167	GSE53987	CTL	HPC	F	65.0	18.5	6.5	k21	control_hip_13	GSE53987	CTL	PFC_BA46	F	65.0	18.5	6.5	k21	control_pfc_13	True	True
GSE53987__HG-U133_Plus_2|HPC	GSM1304874	GSE53987__HG-U133_Plus_2|PFC_BA46	GSM1304941	0.38945703601889253	3.579677473206111	0.2698056998384131	GSE53987	CTL	HPC	M	55.0	28.0	6.1	k22	control_hip_14	GSE53987	CTL	PFC_BA46	M	55.0	28.0	6.1	k22	control_pfc_14	True	True
GSE53987__HG-U133_Plus_2|HPC	GSM1304875	GSE53987__HG-U133_Plus_2|PFC_BA46	GSM1304942	0.6040432819021934	5.522403197071185	0.20760769910611584	GSE53987	CTL	HPC	M	22.0	20.1	6.8	k23	control_hip_15	GSE53987	CTL	PFC_BA46	M	22.0	20.1	6.8	k23	control_pfc_15	True	True
GSE53987__HG-U133_Plus_2|HPC	GSM1304876	GSE53987__HG-U133_Plus_2|PFC_BA46	GSM1304943	0.7048132042637486	6.4347092004584905	0.40140580451898195	GSE53987	CTL	HPC	F	52.0	22.6	7.1	k24	control_hip_16	GSE53987	CTL	PFC_BA46	F	52.0	22.6	7.1	k24	control_pfc_16	True	True
GSE53987__HG-U133_Plus_2|HPC	GSM1304877	GSE53987__HG-U133_Plus_2|PFC_BA46	GSM1304944	0.5311988172663845	4.8629163100778445	0.262959173636617	GSE53987	CTL	HPC	F	58.0	22.7	6.4	k25	control_hip_17	GSE53987	CTL	PFC_BA46	F	58.0	22.7	6.4	k25	control_pfc_17	True	True
GSE53987__HG-U133_Plus_2|HPC	GSM1304878	GSE53987__HG-U133_Plus_2|PFC_BA46	GSM1304945	0.7218307310701378	6.588774932617834	0.25000918732056243	GSE53987	CTL	HPC	F	40.0	16.6	6.8	k26	control_hip_18	GSE53987	CTL	PFC_BA46	F	40.0	16.6	6.8	k26	control_pfc_18	True	True
GSE53987__HG-U133_Plus_2|HPC	GSM1304879	GSE53987__HG-U133_Plus_2|PFC_BA46	GSM1304946	0.6362019978428894	5.81354750805576	0.2196429699897722	GSE53987	CTL	HPC	F	41.0	15.4	6.6	k27	control_hip_19	GSE53987	CTL	PFC_BA46	F	41.0	15.4	6.6	k27	control_pfc_19	True	True
GSE53987__HG-U133_Plus_2|HPC	GSM1304880	GSE53987__HG-U133_Plus_2|PFC_BA46	GSM1304947	0.5911087366785371	5.4053021516194715	0.14226301917482612	GSE53987	CTL	HPC	M	49.0	21.2	6.5	k28	control_hip_1	GSE53987	CTL	PFC_BA46	M	49.0	21.2	6.5	k28	control_pfc_1	True	True
GSE53987__HG-U133_Plus_2|HPC	GSM1304881	GSE53987__HG-U133_Plus_2|PFC_BA46	GSM1304948	0.438726594382639	4.02573233586854	0.23653888042449583	GSE53987	CTL	HPC	M	48.0	21.68	6.6	k29	control_hip_2	GSE53987	CTL	PFC_BA46	M	48.0	21.68	6.6	k29	control_pfc_2	True	True
GSE53987__HG-U133_Plus_2|HPC	GSM1304882	GSE53987__HG-U133_Plus_2|PFC_BA46	GSM1304949	0.6368374142044388	5.819300158724797	0.21450669959377613	GSE53987	CTL	HPC	F	39.0	24.5	6.8	k30	control_hip_3	GSE53987	CTL	PFC_BA46	F	39.0	24.5	6.8	k30	control_pfc_3	True	True
GSE53987__HG-U133_Plus_2|HPC	GSM1304883	GSE53987__HG-U133_Plus_2|PFC_BA46	GSM1304950	0.5323402335474804	4.87324995826576	0.23249480978458145	GSE53987	CTL	HPC	M	48.0	24.5	6.5	k31	control_hip_4	GSE53987	CTL	PFC_BA46	M	48.0	24.5	6.5	k31	control_pfc_4	True	True
GSE53987__HG-U133_Plus_2|HPC	GSM1304884	GSE53987__HG-U133_Plus_2|PFC_BA46	GSM1304951	0.546516340629419	5.001591305489502	0.16853777952218948	GSE53987	CTL	HPC	M	43.0	13.8	6.6	k32	control_hip_5	GSE53987	CTL	PFC_BA46	M	43.0	13.8	6.6	k32	control_pfc_5	True	True
GSE53987__HG-U133_Plus_2|HPC	GSM1304885	GSE53987__HG-U133_Plus_2|PFC_BA46	GSM1304952	0.7454780654280527	6.802862674210292	0.3092302728868913	GSE53987	CTL	HPC	M	68.0	11.8	6.8	k33	control_hip_6	GSE53987	CTL	PFC_BA46	M	68.0	11.8	6.8	k33	control_pfc_6	True	True
GSE53987__HG-U133_Plus_2|HPC	GSM1304886	GSE53987__HG-U133_Plus_2|PFC_BA46	GSM1304953	0.6091580146139198	5.568708694279841	0.2572579263817959	GSE53987	CTL	HPC	F	58.0	18.8	6.6	k34	control_hip_7	GSE53987	CTL	PFC_BA46	F	58.0	18.8	6.6	k34	control_pfc_7	True	True
GSE53987__HG-U133_Plus_2|HPC	GSM1304887	GSE53987__HG-U133_Plus_2|PFC_BA46	GSM1304954	0.4567350798353881	4.188769569652535	0.2800607958205755	GSE53987	CTL	HPC	M	43.0	22.3	6.7	k35	control_hip_8	GSE53987	CTL	PFC_BA46	M	43.0	22.3	6.7	k35	control_pfc_8	True	True
GSE53987__HG-U133_Plus_2|HPC	GSM1304888	GSE53987__HG-U133_Plus_2|PFC_BA46	GSM1304956	0.7833757527758299	7.1459639376787925	0.5339439065097006	GSE53987	MDD	HPC	M	51.0	24.6	6.5	k36	MDD_hip_10	GSE53987	MDD	PFC_BA46	M	51.0	24.6	6.5	k36	MDD_pfc_10	True	True
GSE53987__HG-U133_Plus_2|HPC	GSM1304889	GSE53987__HG-U133_Plus_2|PFC_BA46	GSM1304968	0.6258745369655145	5.720049325886165	0.19835256730170125	GSE53987	MDD	HPC	F	53.0	11.9	6.7	k37	MDD_hip_11	GSE53987	MDD	PFC_BA46	M	44.0	11.0	6.5	k70	MDD_pfc_5	False	True
GSE53987__HG-U133_Plus_2|HPC	GSM1304890	GSE53987__HG-U133_Plus_2|PFC_BA46	GSM1304958	0.469178553377771	4.3014247682441935	0.22285124122884753	GSE53987	MDD	HPC	F	26.0	13.4	6.4	k38	MDD_hip_12	GSE53987	MDD	PFC_BA46	F	26.0	13.4	6.4	k38	MDD_pfc_12	True	True
GSE53987__HG-U133_Plus_2|HPC	GSM1304891	GSE53987__HG-U133_Plus_2|PFC_BA46	GSM1304959	0.5606843666062378	5.129859491589944	0.20990490617590954	GSE53987	MDD	HPC	F	52.0	10.3	6.5	k39	MDD_hip_13	GSE53987	MDD	PFC_BA46	F	52.0	10.3	6.5	k39	MDD_pfc_13	True	True
GSE53987__HG-U133_Plus_2|HPC	GSM1304894	GSE53987__HG-U133_Plus_2|PFC_BA46	GSM1304962	0.6102429808199831	5.578531279829847	0.18379750617407534	GSE53987	MDD	HPC	F	49.0	23.4	6.4	k42	MDD_hip_16	GSE53987	MDD	PFC_BA46	F	49.0	23.4	6.4	k42	MDD_pfc_16	True	True
GSE53987__HG-U133_Plus_2|HPC	GSM1304895	GSE53987__HG-U133_Plus_2|PFC_BA46	GSM1304957	0.6082772374642211	5.560734704993301	0.24792041974751414	GSE53987	MDD	HPC	F	54.0	17.9	6.2	k43	MDD_hip_17	GSE53987	MDD	PFC_BA46	F	53.0	11.9	6.7	k37	MDD_pfc_11	False	True
GSE53987__HG-U133_Plus_2|HPC	GSM1304896	GSE53987__HG-U133_Plus_2|PFC_BA46	GSM1304964	0.5296711225900881	4.8490855459781415	0.1879162405888743	GSE53987	MDD	HPC	F	28.0	24.8	6.6	k44	MDD_hip_19	GSE53987	MDD	PFC_BA46	F	28.0	24.8	6.6	k44	MDD_pfc_19	True	True
GSE53987__HG-U133_Plus_2|HPC	GSM1304897	GSE53987__HG-U133_Plus_2|PFC_BA46	GSM1304965	0.623584408196485	5.699315974350779	0.27200675016310527	GSE53987	MDD	HPC	M	42.0	14.3	6.4	k45	MDD_hip_1	GSE53987	MDD	PFC_BA46	M	42.0	14.3	6.4	k45	MDD_pfc_1	True	True
GSE53987__HG-U133_Plus_2|HPC	GSM1304898	GSE53987__HG-U133_Plus_2|PFC_BA46	GSM1304976	0.45199646710326075	4.1458692206005985	0.3416685292568181	GSE53987	MDD	HPC	M	44.0	19.3	6.5	k46	MDD_hip_2	GSE53987	SCZ	PFC_BA46	F	41.0	17.1	6.9	k71	schiz_pfc_13	False	False
GSE53987__HG-U133_Plus_2|HPC	GSM1304899	GSE53987__HG-U133_Plus_2|PFC_BA46	GSM1304966	0.552745843578221	5.057989214757706	0.1969857182020763	GSE53987	MDD	HPC	F	40.0	22.2	6.6	k47	MDD_hip_3	GSE53987	MDD	PFC_BA46	F	40.0	22.2	6.6	k47	MDD_pfc_3	True	True
GSE53987__HG-U133_Plus_2|HPC	GSM1304900	GSE53987__HG-U133_Plus_2|PFC_BA46	GSM1304967	0.4418344470243035	4.053868832912377	0.17376078983548215	GSE53987	MDD	HPC	M	47.0	24.0	6.6	k48	MDD_hip_4	GSE53987	MDD	PFC_BA46	M	47.0	24.0	6.6	k48	MDD_pfc_4	True	True
GSE53987__HG-U133_Plus_2|HPC	GSM1304901	GSE53987__HG-U133_Plus_2|PFC_BA46	GSM1304969	0.6133372447430812	5.606544753363932	0.15893871934974926	GSE53987	MDD	HPC	M	59.0	13.0	6.6	k49	MDD_hip_6	GSE53987	MDD	PFC_BA46	M	59.0	13.0	6.6	k49	MDD_pfc_6	True	True
GSE53987__HG-U133_Plus_2|HPC	GSM1304902	GSE53987__HG-U133_Plus_2|PFC_BA46	GSM1304970	0.6738113393779818	6.154038274167517	0.2858068507960751	GSE53987	MDD	HPC	F	47.0	22.3	6.6	k50	MDD_hip_7	GSE53987	MDD	PFC_BA46	F	47.0	22.3	6.6	k50	MDD_pfc_7	True	True
GSE53987__HG-U133_Plus_2|HPC	GSM1304904	GSE53987__HG-U133_Plus_2|PFC_BA46	GSM1304972	0.584547652840032	5.345902322441084	0.41233434284909576	GSE53987	MDD	HPC	M	51.0	28.3	7.3	k52	MDD_hip_9	GSE53987	MDD	PFC_BA46	M	51.0	28.3	7.3	k52	MDD_pfc_9	True	True
GSE53987__HG-U133_Plus_2|HPC	GSM1304905	GSE53987__HG-U133_Plus_2|PFC_BA46	GSM1304983	0.7757373798132285	7.076811026308176	0.6110755896597072	GSE53987	SCZ	HPC	M	49.0	21.5	5.97	k53	schiz_hip_10	GSE53987	SCZ	PFC_BA46	M	47.0	28.9	6.58	k62	schiz_pfc_4	False	True
GSE53987__HG-U133_Plus_2|HPC	GSM1304906	GSE53987__HG-U133_Plus_2|PFC_BA46	GSM1304974	0.5207887062930365	4.768669867147799	0.1790728643081084	GSE53987	SCZ	HPC	F	47.0	14.37	6.35	k54	schiz_hip_11	GSE53987	SCZ	PFC_BA46	F	47.0	14.37	6.35	k54	schiz_pfc_11	True	True
GSE53987__HG-U133_Plus_2|HPC	GSM1304907	GSE53987__HG-U133_Plus_2|PFC_BA46	GSM1304975	0.7316007627548761	6.677226509739138	0.33015752856863045	GSE53987	SCZ	HPC	F	25.0	20.1	6.73	k55	schiz_hip_12	GSE53987	SCZ	PFC_BA46	F	25.0	20.1	6.73	k55	schiz_pfc_12	True	True
GSE53987__HG-U133_Plus_2|HPC	GSM1304909	GSE53987__HG-U133_Plus_2|PFC_BA46	GSM1304979	0.3934823460680465	3.6161200389765042	0.2619272367420243	GSE53987	SCZ	HPC	F	44.0	24.5	6.63	k57	schiz_hip_18	GSE53987	SCZ	PFC_BA46	F	44.0	24.5	6.63	k57	schiz_pfc_18	True	True
GSE53987__HG-U133_Plus_2|HPC	GSM1304910	GSE53987__HG-U133_Plus_2|PFC_BA46	GSM1304980	0.7998417635847747	7.295036599052318	0.3188611437464841	GSE53987	SCZ	HPC	F	46.0	23.8	6.61	k58	schiz_hip_19	GSE53987	SCZ	PFC_BA46	F	46.0	23.8	6.61	k58	schiz_pfc_19	True	True
GSE53987__HG-U133_Plus_2|HPC	GSM1304911	GSE53987__HG-U133_Plus_2|PFC_BA46	GSM1304960	0.5859788834860437	5.358859763312216	0.19457220182317744	GSE53987	SCZ	HPC	M	50.0	11.0	6.23	k59	schiz_hip_1	GSE53987	MDD	PFC_BA46	M	62.0	26.0	6.5	k40	MDD_pfc_14	False	False
GSE53987__HG-U133_Plus_2|HPC	GSM1304913	GSE53987__HG-U133_Plus_2|PFC_BA46	GSM1304982	0.6284565857613374	5.7434255334118225	0.1207600181139024	GSE53987	SCZ	HPC	F	41.0	20.1	6.27	k61	schiz_hip_3	GSE53987	SCZ	PFC_BA46	F	41.0	20.1	6.27	k61	schiz_pfc_3	True	True
GSE53987__HG-U133_Plus_2|HPC	GSM1304914	GSE53987__HG-U133_Plus_2|PFC_BA46	GSM1304963	0.5760564211674487	5.269028177363787	0.21863012951788616	GSE53987	SCZ	HPC	M	47.0	28.9	6.58	k62	schiz_hip_4	GSE53987	MDD	PFC_BA46	F	54.0	17.9	6.2	k43	MDD_pfc_17	False	False
GSE53987__HG-U133_Plus_2|HPC	GSM1304915	GSE53987__HG-U133_Plus_2|PFC_BA46	GSM1304984	0.606361445752399	5.5433903601831105	0.2655247574979325	GSE53987	SCZ	HPC	M	37.0	5.98	6.07	k63	schiz_hip_5	GSE53987	SCZ	PFC_BA46	M	37.0	5.98	6.07	k63	schiz_pfc_5	True	True
GSE53987__HG-U133_Plus_2|HPC	GSM1304916	GSE53987__HG-U133_Plus_2|PFC_BA46	GSM1304985	0.6413713954629859	5.860347906152616	0.3259268765179392	GSE53987	SCZ	HPC	M	58.0	7.7	6.22	k64	schiz_hip_6	GSE53987	SCZ	PFC_BA46	M	58.0	7.7	6.22	k64	schiz_pfc_6	True	True
GSE53987__HG-U133_Plus_2|HPC	GSM1304917	GSE53987__HG-U133_Plus_2|PFC_BA46	GSM1304981	0.7278220377529411	6.643016366239711	0.17698613901005844	GSE53987	SCZ	HPC	F	44.0	18.7	6.2	k65	schiz_hip_7	GSE53987	SCZ	PFC_BA46	M	50.0	11.0	6.23	k59	schiz_pfc_1	False	True
GSE53987__HG-U133_Plus_2|HPC	GSM1304919	GSE53987__HG-U133_Plus_2|PFC_BA46	GSM1304987	0.665946999350546	6.082839602464998	0.24729184208008514	GSE53987	SCZ	HPC	M	52.0	27.1	6.68	k67	schiz_hip_9	GSE53987	SCZ	PFC_BA46	M	52.0	27.1	6.68	k67	schiz_pfc_9	True	True
GSE53987__HG-U133_Plus_2|HPC	GSM1304852	GSE53987__HG-U133_Plus_2|STR	GSM1304997	0.5458990718174367	5.029010394786127	0.21747802280348227	GSE53987	BD	HPC	M	52.0	23.5	6.7	k0	bipolar_hip_10	GSE53987	BD	STR	M	52.0	23.5	6.7	k0	bipolar_str_10	True	True
GSE53987__HG-U133_Plus_2|HPC	GSM1304853	GSE53987__HG-U133_Plus_2|STR	GSM1304998	0.6159794228058645	5.665113476482935	0.22343138656614697	GSE53987	BD	HPC	F	50.0	11.7	6.4	k1	bipolar_hip_11	GSE53987	BD	STR	F	50.0	11.7	6.4	k1	bipolar_str_11	True	True
GSE53987__HG-U133_Plus_2|HPC	GSM1304854	GSE53987__HG-U133_Plus_2|STR	GSM1304999	0.5850824940344094	5.384669224573655	0.20355735774700742	GSE53987	BD	HPC	F	28.0	22.3	6.3	k2	bipolar_hip_12	GSE53987	BD	STR	F	28.0	22.3	6.3	k2	bipolar_str_12	True	True
GSE53987__HG-U133_Plus_2|HPC	GSM1304855	GSE53987__HG-U133_Plus_2|STR	GSM1305000	0.6230087498472592	5.728917046673732	0.31297201698266924	GSE53987	BD	HPC	F	55.0	17.5	6.4	k3	bipolar_hip_13	GSE53987	BD	STR	F	55.0	17.5	6.4	k3	bipolar_str_13	True	True
GSE53987__HG-U133_Plus_2|HPC	GSM1304856	GSE53987__HG-U133_Plus_2|STR	GSM1305001	0.448180800769039	4.142044326904505	0.15162122372374995	GSE53987	BD	HPC	M	58.0	27.7	6.8	k4	bipolar_hip_14	GSE53987	BD	STR	M	58.0	27.7	6.8	k4	bipolar_str_14	True	True
GSE53987__HG-U133_Plus_2|HPC	GSM1304858	GSE53987__HG-U133_Plus_2|STR	GSM1305002	0.700578400452156	6.432998762875001	0.24672751226360937	GSE53987	BD	HPC	F	49.0	21.5	6.7	k6	bipolar_hip_16	GSE53987	BD	STR	F	49.0	21.5	6.7	k6	bipolar_str_16	True	True
GSE53987__HG-U133_Plus_2|HPC	GSM1304859	GSE53987__HG-U133_Plus_2|STR	GSM1305048	0.5962785981744978	5.486293663465016	0.23572744086666528	GSE53987	BD	HPC	F	42.0	31.2	6.5	k7	bipolar_hip_18	GSE53987	SCZ	STR	M	49.0	21.5	5.97	k53	schiz_str_10	False	False
GSE53987__HG-U133_Plus_2|HPC	GSM1304861	GSE53987__HG-U133_Plus_2|STR	GSM1304988	0.6041102889400919	5.557380102968058	0.353812964883389	GSE53987	BD	HPC	M	50.0	12.1	6.7	k9	bipolar_hip_1	GSE53987	BD	STR	M	50.0	12.1	6.7	k9	bipolar_str_1	True	True
GSE53987__HG-U133_Plus_2|HPC	GSM1304862	GSE53987__HG-U133_Plus_2|STR	GSM1304989	0.40588303657511293	3.7581173377676476	0.19568610862486704	GSE53987	BD	HPC	M	40.0	18.5	6.4	k10	bipolar_hip_2	GSE53987	BD	STR	M	40.0	18.5	6.4	k10	bipolar_str_2	True	True
GSE53987__HG-U133_Plus_2|HPC	GSM1304863	GSE53987__HG-U133_Plus_2|STR	GSM1304990	0.8067555984491384	7.396744547523899	0.32465428293527354	GSE53987	BD	HPC	F	39.0	22.2	6.7	k11	bipolar_hip_3	GSE53987	BD	STR	F	39.0	22.2	6.7	k11	bipolar_str_3	True	True
GSE53987__HG-U133_Plus_2|HPC	GSM1304864	GSE53987__HG-U133_Plus_2|STR	GSM1304991	0.5112897963948865	4.714870033885065	0.2042136643968822	GSE53987	BD	HPC	M	45.0	27.2	7.1	k12	bipolar_hip_4	GSE53987	BD	STR	M	45.0	27.2	7.1	k12	bipolar_str_4	True	True
GSE53987__HG-U133_Plus_2|HPC	GSM1304865	GSE53987__HG-U133_Plus_2|STR	GSM1304992	0.7008860004100432	6.435790776305044	0.1904928110675956	GSE53987	BD	HPC	M	42.0	12.5	6.7	k13	bipolar_hip_5	GSE53987	BD	STR	M	42.0	12.5	6.7	k13	bipolar_str_5	True	True
GSE53987__HG-U133_Plus_2|HPC	GSM1304866	GSE53987__HG-U133_Plus_2|STR	GSM1304993	0.6264034738922077	5.759730168983273	0.43586074190591806	GSE53987	BD	HPC	M	65.0	8.9	6.7	k14	bipolar_hip_6	GSE53987	BD	STR	M	65.0	8.9	6.7	k14	bipolar_str_6	True	True
GSE53987__HG-U133_Plus_2|HPC	GSM1304867	GSE53987__HG-U133_Plus_2|STR	GSM1304994	0.5389082244295774	4.9655560954801246	0.21518878613169057	GSE53987	BD	HPC	F	51.0	21.5	6.7	k15	bipolar_hip_7	GSE53987	BD	STR	F	51.0	21.5	6.7	k15	bipolar_str_7	True	True
GSE53987__HG-U133_Plus_2|HPC	GSM1304868	GSE53987__HG-U133_Plus_2|STR	GSM1304995	0.6270292296591286	5.765410008854418	0.434428177097186	GSE53987	BD	HPC	M	39.0	24.2	6.6	k16	bipolar_hip_8	GSE53987	BD	STR	M	39.0	24.2	6.6	k16	bipolar_str_8	True	True
GSE53987__HG-U133_Plus_2|HPC	GSM1304869	GSE53987__HG-U133_Plus_2|STR	GSM1304996	0.6261686416220904	5.757598650967216	0.24825314575743485	GSE53987	BD	HPC	M	48.0	18.1	6.9	k17	bipolar_hip_9	GSE53987	BD	STR	M	48.0	18.1	6.9	k17	bipolar_str_9	True	True
GSE53987__HG-U133_Plus_2|HPC	GSM1304870	GSE53987__HG-U133_Plus_2|STR	GSM1305014	0.5631818883542399	5.185882509500227	0.24245123642459782	GSE53987	CTL	HPC	M	51.0	24.2	6.6	k18	control_hip_10	GSE53987	CTL	STR	M	51.0	24.2	6.6	k18	control_str_10	True	True
GSE53987__HG-U133_Plus_2|HPC	GSM1304871	GSE53987__HG-U133_Plus_2|STR	GSM1305015	0.6705847595968765	6.16075344574608	0.26876662285279335	GSE53987	CTL	HPC	F	51.0	7.8	6.6	k19	control_hip_11	GSE53987	CTL	STR	F	51.0	7.8	6.6	k19	control_str_11	True	True
GSE53987__HG-U133_Plus_2|HPC	GSM1304872	GSE53987__HG-U133_Plus_2|STR	GSM1305016	0.5474005937740598	5.0426393611136655	0.1761304305529329	GSE53987	CTL	HPC	F	36.0	14.5	6.4	k20	control_hip_12	GSE53987	CTL	STR	F	36.0	14.5	6.4	k20	control_str_12	True	True
GSE53987__HG-U133_Plus_2|HPC	GSM1304873	GSE53987__HG-U133_Plus_2|STR	GSM1305017	0.7648692280009767	7.016551683941218	0.42081410277830394	GSE53987	CTL	HPC	F	65.0	18.5	6.5	k21	control_hip_13	GSE53987	CTL	STR	F	65.0	18.5	6.5	k21	control_str_13	True	True
GSE53987__HG-U133_Plus_2|HPC	GSM1304874	GSE53987__HG-U133_Plus_2|STR	GSM1305018	0.43040936498062204	3.980737128642104	0.2188612374488775	GSE53987	CTL	HPC	M	55.0	28.0	6.1	k22	control_hip_14	GSE53987	CTL	STR	M	55.0	28.0	6.1	k22	control_str_14	True	True
GSE53987__HG-U133_Plus_2|HPC	GSM1304875	GSE53987__HG-U133_Plus_2|STR	GSM1305019	0.6218282151915725	5.718201607582164	0.15503544051376847	GSE53987	CTL	HPC	M	22.0	20.1	6.8	k23	control_hip_15	GSE53987	CTL	STR	M	22.0	20.1	6.8	k23	control_str_15	True	True
GSE53987__HG-U133_Plus_2|HPC	GSM1304876	GSE53987__HG-U133_Plus_2|STR	GSM1305020	0.67581983807067	6.208271038097388	0.3131299237290411	GSE53987	CTL	HPC	F	52.0	22.6	7.1	k24	control_hip_16	GSE53987	CTL	STR	F	52.0	22.6	7.1	k24	control_str_16	True	True
GSE53987__HG-U133_Plus_2|HPC	GSM1304877	GSE53987__HG-U133_Plus_2|STR	GSM1305021	0.6634949827486128	6.096401186687505	0.29106446797821517	GSE53987	CTL	HPC	F	58.0	22.7	6.4	k25	control_hip_17	GSE53987	CTL	STR	F	58.0	22.7	6.4	k25	control_str_17	True	True
GSE53987__HG-U133_Plus_2|HPC	GSM1304878	GSE53987__HG-U133_Plus_2|STR	GSM1305022	0.6915177807385795	6.350757620520554	0.25621835951856875	GSE53987	CTL	HPC	F	40.0	16.6	6.8	k26	control_hip_18	GSE53987	CTL	STR	F	40.0	16.6	6.8	k26	control_str_18	True	True
GSE53987__HG-U133_Plus_2|HPC	GSM1304880	GSE53987__HG-U133_Plus_2|STR	GSM1305005	0.6029364648504707	5.546725574127281	0.14896408084119292	GSE53987	CTL	HPC	M	49.0	21.2	6.5	k28	control_hip_1	GSE53987	CTL	STR	M	49.0	21.2	6.5	k28	control_str_1	True	True
GSE53987__HG-U133_Plus_2|HPC	GSM1304881	GSE53987__HG-U133_Plus_2|STR	GSM1305006	0.3501757714781793	3.2524754210068156	0.2799863372961117	GSE53987	CTL	HPC	M	48.0	21.68	6.6	k29	control_hip_2	GSE53987	CTL	STR	M	48.0	21.68	6.6	k29	control_str_2	True	True
GSE53987__HG-U133_Plus_2|HPC	GSM1304882	GSE53987__HG-U133_Plus_2|STR	GSM1305007	0.592518099978936	5.452160494079105	0.29112142087848625	GSE53987	CTL	HPC	F	39.0	24.5	6.8	k30	control_hip_3	GSE53987	CTL	STR	F	39.0	24.5	6.8	k30	control_str_3	True	True
GSE53987__HG-U133_Plus_2|HPC	GSM1304883	GSE53987__HG-U133_Plus_2|STR	GSM1305008	0.5209741934966206	4.802773058825764	0.20480941847233822	GSE53987	CTL	HPC	M	48.0	24.5	6.5	k31	control_hip_4	GSE53987	CTL	STR	M	48.0	24.5	6.5	k31	control_str_4	True	True
GSE53987__HG-U133_Plus_2|HPC	GSM1304884	GSE53987__HG-U133_Plus_2|STR	GSM1305009	0.6627394550960539	6.0895434375278406	0.1661611016986579	GSE53987	CTL	HPC	M	43.0	13.8	6.6	k32	control_hip_5	GSE53987	CTL	STR	M	43.0	13.8	6.6	k32	control_str_5	True	True
GSE53987__HG-U133_Plus_2|HPC	GSM1304885	GSE53987__HG-U133_Plus_2|STR	GSM1305010	0.7408884788723041	6.798883989544746	0.3147771400120899	GSE53987	CTL	HPC	M	68.0	11.8	6.8	k33	control_hip_6	GSE53987	CTL	STR	M	68.0	11.8	6.8	k33	control_str_6	True	True
GSE53987__HG-U133_Plus_2|HPC	GSM1304886	GSE53987__HG-U133_Plus_2|STR	GSM1305011	0.6412076547134942	5.894104282548602	0.2389509082728147	GSE53987	CTL	HPC	F	58.0	18.8	6.6	k34	control_hip_7	GSE53987	CTL	STR	F	58.0	18.8	6.6	k34	control_str_7	True	True
GSE53987__HG-U133_Plus_2|HPC	GSM1304887	GSE53987__HG-U133_Plus_2|STR	GSM1305012	0.5247162963384282	4.836739257854837	0.12851420913186629	GSE53987	CTL	HPC	M	43.0	22.3	6.7	k35	control_hip_8	GSE53987	CTL	STR	M	43.0	22.3	6.7	k35	control_str_8	True	True
GSE53987__HG-U133_Plus_2|HPC	GSM1304888	GSE53987__HG-U133_Plus_2|STR	GSM1305031	0.7819911272589926	7.171963189861396	0.484859635870528	GSE53987	MDD	HPC	M	51.0	24.6	6.5	k36	MDD_hip_10	GSE53987	MDD	STR	M	51.0	24.6	6.5	k36	MDD_str_10	True	True
GSE53987__HG-U133_Plus_2|HPC	GSM1304889	GSE53987__HG-U133_Plus_2|STR	GSM1305026	0.6507601129393965	5.980809728933707	0.266071722524206	GSE53987	MDD	HPC	F	53.0	11.9	6.7	k37	MDD_hip_11	GSE53987	MDD	STR	M	44.0	11.0	6.5	k70	MDD_str_5	False	True
GSE53987__HG-U133_Plus_2|HPC	GSM1304890	GSE53987__HG-U133_Plus_2|STR	GSM1305033	0.5091217266916961	4.69519096835412	0.14020771609576424	GSE53987	MDD	HPC	F	26.0	13.4	6.4	k38	MDD_hip_12	GSE53987	MDD	STR	F	26.0	13.4	6.4	k38	MDD_str_12	True	True
GSE53987__HG-U133_Plus_2|HPC	GSM1304891	GSE53987__HG-U133_Plus_2|STR	GSM1305034	0.5884704053170534	5.415420509020862	0.22982512637983502	GSE53987	MDD	HPC	F	52.0	10.3	6.5	k39	MDD_hip_13	GSE53987	MDD	STR	F	52.0	10.3	6.5	k39	MDD_str_13	True	True
GSE53987__HG-U133_Plus_2|HPC	GSM1304892	GSE53987__HG-U133_Plus_2|STR	GSM1305029	0.6014822373247268	5.533525888372758	0.22091245249073355	GSE53987	MDD	HPC	M	62.0	26.0	6.5	k40	MDD_hip_14	GSE53987	MDD	STR	M	34.0	24.4	6.6	k51	MDD_str_8	False	True
GSE53987__HG-U133_Plus_2|HPC	GSM1304893	GSE53987__HG-U133_Plus_2|STR	GSM1305036	0.6016295577030508	5.534863081256739	0.4046103880726575	GSE53987	MDD	HPC	M	29.0	26.6	6.9	k41	MDD_hip_15	GSE53987	MDD	STR	M	29.0	26.6	6.9	k41	MDD_str_15	True	True
GSE53987__HG-U133_Plus_2|HPC	GSM1304894	GSE53987__HG-U133_Plus_2|STR	GSM1305037	0.5680806549942116	5.230347477387076	0.18428528207104777	GSE53987	MDD	HPC	F	49.0	23.4	6.4	k42	MDD_hip_16	GSE53987	MDD	STR	F	49.0	23.4	6.4	k42	MDD_str_16	True	True
GSE53987__HG-U133_Plus_2|HPC	GSM1304895	GSE53987__HG-U133_Plus_2|STR	GSM1305032	0.5877940485667144	5.40928137576669	0.1740943517893695	GSE53987	MDD	HPC	F	54.0	17.9	6.2	k43	MDD_hip_17	GSE53987	MDD	STR	F	53.0	11.9	6.7	k37	MDD_str_11	False	True
GSE53987__HG-U133_Plus_2|HPC	GSM1304897	GSE53987__HG-U133_Plus_2|STR	GSM1305023	0.5008612407546661	4.620212454594599	0.19404813292796916	GSE53987	MDD	HPC	M	42.0	14.3	6.4	k45	MDD_hip_1	GSE53987	MDD	STR	M	42.0	14.3	6.4	k45	MDD_str_1	True	True
GSE53987__HG-U133_Plus_2|HPC	GSM1304898	GSE53987__HG-U133_Plus_2|STR	GSM1305051	0.5182651259863987	4.77818348175499	0.3366627057217364	GSE53987	MDD	HPC	M	44.0	19.3	6.5	k46	MDD_hip_2	GSE53987	SCZ	STR	F	41.0	17.1	6.9	k71	schiz_str_13	False	False
GSE53987__HG-U133_Plus_2|HPC	GSM1304900	GSE53987__HG-U133_Plus_2|STR	GSM1305025	0.49942346281877564	4.6071620779495595	0.18808740899639387	GSE53987	MDD	HPC	M	47.0	24.0	6.6	k48	MDD_hip_4	GSE53987	MDD	STR	M	47.0	24.0	6.6	k48	MDD_str_4	True	True
GSE53987__HG-U133_Plus_2|HPC	GSM1304901	GSE53987__HG-U133_Plus_2|STR	GSM1305027	0.6503016952861643	5.976648778284739	0.16477177296308063	GSE53987	MDD	HPC	M	59.0	13.0	6.6	k49	MDD_hip_6	GSE53987	MDD	STR	M	59.0	13.0	6.6	k49	MDD_str_6	True	True
GSE53987__HG-U133_Plus_2|HPC	GSM1304902	GSE53987__HG-U133_Plus_2|STR	GSM1305028	0.5888461134072746	5.418830724161587	0.21563659602636828	GSE53987	MDD	HPC	F	47.0	22.3	6.6	k50	MDD_hip_7	GSE53987	MDD	STR	F	47.0	22.3	6.6	k50	MDD_str_7	True	True
GSE53987__HG-U133_Plus_2|HPC	GSM1304903	GSE53987__HG-U133_Plus_2|STR	GSM1305024	0.6379411765629295	5.864455218459117	0.25335021515061884	GSE53987	MDD	HPC	M	34.0	24.4	6.6	k51	MDD_hip_8	GSE53987	MDD	STR	M	44.0	19.3	6.5	k46	MDD_str_2	False	True
GSE53987__HG-U133_Plus_2|HPC	GSM1304904	GSE53987__HG-U133_Plus_2|STR	GSM1305030	0.6062292478960187	5.576613401643699	0.2896611541771953	GSE53987	MDD	HPC	M	51.0	28.3	7.3	k52	MDD_hip_9	GSE53987	MDD	STR	M	51.0	28.3	7.3	k52	MDD_str_9	True	True
GSE53987__HG-U133_Plus_2|HPC	GSM1304905	GSE53987__HG-U133_Plus_2|STR	GSM1305042	0.8407931554926754	7.705695553382875	0.5851948475654832	GSE53987	SCZ	HPC	M	49.0	21.5	5.97	k53	schiz_hip_10	GSE53987	SCZ	STR	M	47.0	28.9	6.58	k62	schiz_str_4	False	True
GSE53987__HG-U133_Plus_2|HPC	GSM1304906	GSE53987__HG-U133_Plus_2|STR	GSM1305049	0.6379031873113409	5.864110398838981	0.24651675399357398	GSE53987	SCZ	HPC	F	47.0	14.37	6.35	k54	schiz_hip_11	GSE53987	SCZ	STR	F	47.0	14.37	6.35	k54	schiz_str_11	True	True
GSE53987__HG-U133_Plus_2|HPC	GSM1304907	GSE53987__HG-U133_Plus_2|STR	GSM1305050	0.6407435188407208	5.889891428947941	0.3353930045305043	GSE53987	SCZ	HPC	F	25.0	20.1	6.73	k55	schiz_hip_12	GSE53987	SCZ	STR	F	25.0	20.1	6.73	k55	schiz_str_12	True	True
GSE53987__HG-U133_Plus_2|HPC	GSM1304908	GSE53987__HG-U133_Plus_2|STR	GSM1305052	0.3688385714192321	3.4218733248151882	0.3490051258406477	GSE53987	SCZ	HPC	M	62.0	22.7	7.14	k56	schiz_hip_14	GSE53987	SCZ	STR	M	62.0	22.7	7.14	k56	schiz_str_14	True	True
GSE53987__HG-U133_Plus_2|HPC	GSM1304909	GSE53987__HG-U133_Plus_2|STR	GSM1305056	0.5545916650058781	5.107911045783398	0.33565384633579803	GSE53987	SCZ	HPC	F	44.0	24.5	6.63	k57	schiz_hip_18	GSE53987	SCZ	STR	F	44.0	24.5	6.63	k57	schiz_str_18	True	True
GSE53987__HG-U133_Plus_2|HPC	GSM1304911	GSE53987__HG-U133_Plus_2|STR	GSM1305035	0.4516237709507285	4.1732953682002965	0.21512564803873635	GSE53987	SCZ	HPC	M	50.0	11.0	6.23	k59	schiz_hip_1	GSE53987	MDD	STR	M	62.0	26.0	6.5	k40	MDD_str_14	False	False
GSE53987__HG-U133_Plus_2|HPC	GSM1304912	GSE53987__HG-U133_Plus_2|STR	GSM1305040	0.6342517098181413	5.830966785066921	0.2810760973296291	GSE53987	SCZ	HPC	M	46.0	15.8	6.19	k60	schiz_hip_2	GSE53987	SCZ	STR	M	46.0	15.8	6.19	k60	schiz_str_2	True	True
GSE53987__HG-U133_Plus_2|HPC	GSM1304913	GSE53987__HG-U133_Plus_2|STR	GSM1305041	0.6535128341876862	6.005795540853778	0.18668102796284156	GSE53987	SCZ	HPC	F	41.0	20.1	6.27	k61	schiz_hip_3	GSE53987	SCZ	STR	F	41.0	20.1	6.27	k61	schiz_str_3	True	True
GSE53987__HG-U133_Plus_2|HPC	GSM1304914	GSE53987__HG-U133_Plus_2|STR	GSM1305038	0.6035456490464904	5.5522549976952815	0.28851935486300034	GSE53987	SCZ	HPC	M	47.0	28.9	6.58	k62	schiz_hip_4	GSE53987	MDD	STR	F	54.0	17.9	6.2	k43	MDD_str_17	False	False
GSE53987__HG-U133_Plus_2|HPC	GSM1304915	GSE53987__HG-U133_Plus_2|STR	GSM1305043	0.6835314514006063	6.278267562584497	0.2740245255980884	GSE53987	SCZ	HPC	M	37.0	5.98	6.07	k63	schiz_hip_5	GSE53987	SCZ	STR	M	37.0	5.98	6.07	k63	schiz_str_5	True	True
GSE53987__HG-U133_Plus_2|HPC	GSM1304916	GSE53987__HG-U133_Plus_2|STR	GSM1305044	0.5880295203110458	5.41141869814178	0.4029320620566497	GSE53987	SCZ	HPC	M	58.0	7.7	6.22	k64	schiz_hip_6	GSE53987	SCZ	STR	M	58.0	7.7	6.22	k64	schiz_str_6	True	True
GSE53987__HG-U133_Plus_2|HPC	GSM1304917	GSE53987__HG-U133_Plus_2|STR	GSM1305039	0.7031865255183126	6.456672108807684	0.2151689404896735	GSE53987	SCZ	HPC	F	44.0	18.7	6.2	k65	schiz_hip_7	GSE53987	SCZ	STR	M	50.0	11.0	6.23	k59	schiz_str_1	False	True
GSE53987__HG-U133_Plus_2|HPC	GSM1304918	GSE53987__HG-U133_Plus_2|STR	GSM1305046	0.6855984254374922	6.297029006214645	0.42933378638381875	GSE53987	SCZ	HPC	M	38.0	28.8	6.56	k66	schiz_hip_8	GSE53987	SCZ	STR	M	38.0	28.8	6.56	k66	schiz_str_8	True	True
GSE53987__HG-U133_Plus_2|HPC	GSM1304919	GSE53987__HG-U133_Plus_2|STR	GSM1305047	0.647873371620886	5.954607447939577	0.30885938806433993	GSE53987	SCZ	HPC	M	52.0	27.1	6.68	k67	schiz_hip_9	GSE53987	SCZ	STR	M	52.0	27.1	6.68	k67	schiz_str_9	True	True
GSE53987__HG-U133_Plus_2|HPC	GSM1304855	GSE54567__HG-U133_Plus_2|PFC_BA9	GSM1319057	0.3234599257968436	3.0454781179797368	0.20651031657346278	GSE53987	BD	HPC	F	55.0	17.5	6.4	k3	bipolar_hip_13	GSE54567	CTL	PFC_BA9	M				Mpair20_CTL	Control matched sample pair brain dorsolateral prefrontal cortex BA9_M #20	False	False
GSE53987__HG-U133_Plus_2|HPC	GSM1304863	GSE54567__HG-U133_Plus_2|PFC_BA9	GSM1319067	0.42637661597128823	3.999027640184898	0.256061538437916	GSE53987	BD	HPC	F	39.0	22.2	6.7	k11	bipolar_hip_3	GSE54567	MDD	PFC_BA9	M				Mpair7_MDD	MDD matched sample pair brain dorsolateral prefrontal cortex BA9_M #7	False	False
GSE53987__HG-U133_Plus_2|HPC	GSM1304873	GSE54567__HG-U133_Plus_2|PFC_BA9	GSM1319058	0.3480618115551587	3.2734208974300274	0.24609207772775893	GSE53987	CTL	HPC	F	65.0	18.5	6.5	k21	control_hip_13	GSE54567	CTL	PFC_BA9	M				Mpair22_CTL	Control matched sample pair brain dorsolateral prefrontal cortex BA9_M #22	False	True
GSE53987__HG-U133_Plus_2|HPC	GSM1304875	GSE54567__HG-U133_Plus_2|PFC_BA9	GSM1319051	0.42777138775271395	4.01195055835793	0.2576717678597662	GSE53987	CTL	HPC	M	22.0	20.1	6.8	k23	control_hip_15	GSE54567	CTL	PFC_BA9	M				Mpair2_CTL	Control matched sample pair brain dorsolateral prefrontal cortex BA9_M #2	False	True
GSE53987__HG-U133_Plus_2|HPC	GSM1304885	GSE54567__HG-U133_Plus_2|PFC_BA9	GSM1319056	0.6018103808256968	5.624466452607108	0.3941362234239362	GSE53987	CTL	HPC	M	68.0	11.8	6.8	k33	control_hip_6	GSE54567	CTL	PFC_BA9	M				Mpair18_CTL	Control matched sample pair brain dorsolateral prefrontal cortex BA9_M #18	False	True
GSE53987__HG-U133_Plus_2|HPC	GSM1304888	GSE54567__HG-U133_Plus_2|PFC_BA9	GSM1319073	0.7560369218442075	7.053414898678227	0.2605494647992893	GSE53987	MDD	HPC	M	51.0	24.6	6.5	k36	MDD_hip_10	GSE54567	MDD	PFC_BA9	M				Mpair25_MDD	MDD matched sample pair brain dorsolateral prefrontal cortex BA9_M #25	False	True
GSE53987__HG-U133_Plus_2|HPC	GSM1304897	GSE54567__HG-U133_Plus_2|PFC_BA9	GSM1319076	0.5335367863765805	4.991894094753053	0.14309499018730826	GSE53987	MDD	HPC	M	42.0	14.3	6.4	k45	MDD_hip_1	GSE54567	MDD	PFC_BA9	M				Mpair29_MDD	MDD matched sample pair brain dorsolateral prefrontal cortex BA9_M #29	False	True
GSE53987__HG-U133_Plus_2|HPC	GSM1304863	GSE54568__HG-U133_Plus_2|PFC_BA9	GSM1319078	0.35058314824679876	3.196183880088469	0.25280415908544646	GSE53987	BD	HPC	F	39.0	22.2	6.7	k11	bipolar_hip_3	GSE54568	CTL	PFC_BA9	F				Fpair3_CTL	Control matched sample pair brain dorsolateral prefrontal cortex BA9_F #3	False	False
GSE53987__HG-U133_Plus_2|HPC	GSM1304871	GSE54568__HG-U133_Plus_2|PFC_BA9	GSM1319084	0.5287394296130208	4.81666541314073	0.22853137535352205	GSE53987	CTL	HPC	F	51.0	7.8	6.6	k19	control_hip_11	GSE54568	CTL	PFC_BA9	F				Fpair12_CTL	Control matched sample pair brain dorsolateral prefrontal cortex BA9_F #12	False	True
GSE53987__HG-U133_Plus_2|HPC	GSM1304872	GSE54568__HG-U133_Plus_2|PFC_BA9	GSM1319092	0.5448550313115171	4.963250393171585	0.15821600471298508	GSE53987	CTL	HPC	F	36.0	14.5	6.4	k20	control_hip_12	GSE54568	CTL	PFC_BA9	F				Fpair28_CTL	Control matched sample pair brain dorsolateral prefrontal cortex BA9_F #28	False	True
GSE53987__HG-U133_Plus_2|HPC	GSM1304873	GSE54568__HG-U133_Plus_2|PFC_BA9	GSM1319091	0.7362590565340451	6.704231322086407	0.27572536042871765	GSE53987	CTL	HPC	F	65.0	18.5	6.5	k21	control_hip_13	GSE54568	CTL	PFC_BA9	F				Fpair24_CTL	Control matched sample pair brain dorsolateral prefrontal cortex BA9_F #24	False	True
GSE53987__HG-U133_Plus_2|HPC	GSM1304876	GSE54568__HG-U133_Plus_2|PFC_BA9	GSM1319085	0.4984516150611044	4.541172212555788	0.2278636563622085	GSE53987	CTL	HPC	F	52.0	22.6	7.1	k24	control_hip_16	GSE54568	CTL	PFC_BA9	F				Fpair13_CTL	Control matched sample pair brain dorsolateral prefrontal cortex BA9_F #13	False	True
GSE53987__HG-U133_Plus_2|HPC	GSM1304877	GSE54568__HG-U133_Plus_2|PFC_BA9	GSM1319081	0.48006422754473554	4.373923425800404	0.2961166195007784	GSE53987	CTL	HPC	F	58.0	22.7	6.4	k25	control_hip_17	GSE54568	CTL	PFC_BA9	F				Fpair8_CTL	Control matched sample pair brain dorsolateral prefrontal cortex BA9_F #8	False	True
GSE53987__HG-U133_Plus_2|HPC	GSM1304878	GSE54568__HG-U133_Plus_2|PFC_BA9	GSM1319089	0.6158334598179185	5.608859022615626	0.24469068519359935	GSE53987	CTL	HPC	F	40.0	16.6	6.8	k26	control_hip_18	GSE54568	CTL	PFC_BA9	F				Fpair19_CTL	Control matched sample pair brain dorsolateral prefrontal cortex BA9_F #19	False	True
GSE53987__HG-U133_Plus_2|HPC	GSM1304882	GSE54568__HG-U133_Plus_2|PFC_BA9	GSM1319082	0.5485014238802854	4.996417406844269	0.15377809582049157	GSE53987	CTL	HPC	F	39.0	24.5	6.8	k30	control_hip_3	GSE54568	CTL	PFC_BA9	F				Fpair9_CTL	Control matched sample pair brain dorsolateral prefrontal cortex BA9_F #9	False	True
GSE53987__HG-U133_Plus_2|HPC	GSM1304891	GSE54568__HG-U133_Plus_2|PFC_BA9	GSM1319099	0.4781721314791422	4.3567132173837155	0.3330026639187132	GSE53987	MDD	HPC	F	52.0	10.3	6.5	k39	MDD_hip_13	GSE54568	MDD	PFC_BA9	F				Fpair12_MDD	MDD matched sample pair brain dorsolateral prefrontal cortex BA9_F #12	False	True
GSE53987__HG-U133_Plus_2|HPC	GSM1304893	GSE54568__HG-U133_Plus_2|PFC_BA9	GSM1319088	0.4245415618480164	3.8688979855667465	0.3005969923256636	GSE53987	MDD	HPC	M	29.0	26.6	6.9	k41	MDD_hip_15	GSE54568	CTL	PFC_BA9	F				Fpair17_CTL	Control matched sample pair brain dorsolateral prefrontal cortex BA9_F #17	False	False
GSE53987__HG-U133_Plus_2|HPC	GSM1304894	GSE54568__HG-U133_Plus_2|PFC_BA9	GSM1319100	0.47622254487744703	4.338980084086895	0.21562348249366242	GSE53987	MDD	HPC	F	49.0	23.4	6.4	k42	MDD_hip_16	GSE54568	MDD	PFC_BA9	F				Fpair13_MDD	MDD matched sample pair brain dorsolateral prefrontal cortex BA9_F #13	False	True
GSE53987__HG-U133_Plus_2|HPC	GSM1304895	GSE54568__HG-U133_Plus_2|PFC_BA9	GSM1319098	0.4685064571347018	4.2687957627784225	0.1958722458308552	GSE53987	MDD	HPC	F	54.0	17.9	6.2	k43	MDD_hip_17	GSE54568	MDD	PFC_BA9	F				Fpair10_MDD	MDD matched sample pair brain dorsolateral prefrontal cortex BA9_F #10	False	True
GSE53987__HG-U133_Plus_2|HPC	GSM1304896	GSE54568__HG-U133_Plus_2|PFC_BA9	GSM1319103	0.46427782305657433	4.2303327718521855	0.2310528600960421	GSE53987	MDD	HPC	F	28.0	24.8	6.6	k44	MDD_hip_19	GSE54568	MDD	PFC_BA9	F				Fpair17_MDD	MDD matched sample pair brain dorsolateral prefrontal cortex BA9_F #17	False	True
GSE53987__HG-U133_Plus_2|HPC	GSM1304899	GSE54568__HG-U133_Plus_2|PFC_BA9	GSM1319097	0.4760354035806484	4.337277876265716	0.110572429541476	GSE53987	MDD	HPC	F	40.0	22.2	6.6	k47	MDD_hip_3	GSE54568	MDD	PFC_BA9	F				Fpair9_MDD	MDD matched sample pair brain dorsolateral prefrontal cortex BA9_F #9	False	True
GSE53987__HG-U133_Plus_2|HPC	GSM1304902	GSE54568__HG-U133_Plus_2|PFC_BA9	GSM1319102	0.5445156204790688	4.960163165587564	0.2617561628702594	GSE53987	MDD	HPC	F	47.0	22.3	6.6	k50	MDD_hip_7	GSE54568	MDD	PFC_BA9	F				Fpair16_MDD	MDD matched sample pair brain dorsolateral prefrontal cortex BA9_F #16	False	True
GSE53987__HG-U133_Plus_2|HPC	GSM1304914	GSE54568__HG-U133_Plus_2|PFC_BA9	GSM1319096	0.5652216556247533	5.148502006738716	0.16590555215491617	GSE53987	SCZ	HPC	M	47.0	28.9	6.58	k62	schiz_hip_4	GSE54568	MDD	PFC_BA9	F				Fpair8_MDD	MDD matched sample pair brain dorsolateral prefrontal cortex BA9_F #8	False	False
GSE53987__HG-U133_Plus_2|HPC	GSM1304871	GSE54571__HG-U133_Plus_2|ACC_BA25	GSM1319147	0.5803636177528414	4.996486664803856	0.2242200730167157	GSE53987	CTL	HPC	F	51.0	7.8	6.6	k19	control_hip_11	GSE54571	CTL	ACC_BA25	F				Fpair12_CTL	Control matched sample pair brain anterior cingulate cortex BA25_F #12	False	True
GSE53987__HG-U133_Plus_2|HPC	GSM1304873	GSE54571__HG-U133_Plus_2|ACC_BA25	GSM1319154	0.6465675768923359	5.564793914905467	0.3147149383223919	GSE53987	CTL	HPC	F	65.0	18.5	6.5	k21	control_hip_13	GSE54571	CTL	ACC_BA25	F				Fpair24_CTL	Control matched sample pair brain anterior cingulate cortex BA25_F #24	False	True
GSE53987__HG-U133_Plus_2|HPC	GSM1304876	GSE54571__HG-U133_Plus_2|ACC_BA25	GSM1319148	0.6209817126944177	5.3451600393368714	0.18176846196560728	GSE53987	CTL	HPC	F	52.0	22.6	7.1	k24	control_hip_16	GSE54571	CTL	ACC_BA25	F				Fpair13_CTL	Control matched sample pair brain anterior cingulate cortex BA25_F #13	False	True
GSE53987__HG-U133_Plus_2|HPC	GSM1304877	GSE54571__HG-U133_Plus_2|ACC_BA25	GSM1319144	0.5011157166531741	4.316207761009279	0.21496839171430504	GSE53987	CTL	HPC	F	58.0	22.7	6.4	k25	control_hip_17	GSE54571	CTL	ACC_BA25	F				Fpair8_CTL	Control matched sample pair brain anterior cingulate cortex BA25_F #8	False	True
GSE53987__HG-U133_Plus_2|HPC	GSM1304878	GSE54571__HG-U133_Plus_2|ACC_BA25	GSM1319152	0.6450503920480135	5.551770114547002	0.2948663744141837	GSE53987	CTL	HPC	F	40.0	16.6	6.8	k26	control_hip_18	GSE54571	CTL	ACC_BA25	F				Fpair19_CTL	Control matched sample pair brain anterior cingulate cortex BA25_F #19	False	True
GSE53987__HG-U133_Plus_2|HPC	GSM1304882	GSE54571__HG-U133_Plus_2|ACC_BA25	GSM1319145	0.5548159562639844	4.777180728482628	0.24843296755904068	GSE53987	CTL	HPC	F	39.0	24.5	6.8	k30	control_hip_3	GSE54571	CTL	ACC_BA25	F				Fpair9_CTL	Control matched sample pair brain anterior cingulate cortex BA25_F #9	False	True
GSE53987__HG-U133_Plus_2|HPC	GSM1304891	GSE54571__HG-U133_Plus_2|ACC_BA25	GSM1319160	0.5707411164925527	4.9138853022658315	0.15420033464513097	GSE53987	MDD	HPC	F	52.0	10.3	6.5	k39	MDD_hip_13	GSE54571	MDD	ACC_BA25	F				Fpair12_MDD	MDD matched sample pair brain anterior cingulate cortex BA25_F #12	False	True
GSE53987__HG-U133_Plus_2|HPC	GSM1304894	GSE54571__HG-U133_Plus_2|ACC_BA25	GSM1319161	0.48762771762508234	4.200424237838454	0.17284471037845892	GSE53987	MDD	HPC	F	49.0	23.4	6.4	k42	MDD_hip_16	GSE54571	MDD	ACC_BA25	F				Fpair13_MDD	MDD matched sample pair brain anterior cingulate cortex BA25_F #13	False	True
GSE53987__HG-U133_Plus_2|HPC	GSM1304895	GSE54571__HG-U133_Plus_2|ACC_BA25	GSM1319159	0.5128246815226215	4.416719720006642	0.16452789201844759	GSE53987	MDD	HPC	F	54.0	17.9	6.2	k43	MDD_hip_17	GSE54571	MDD	ACC_BA25	F				Fpair10_MDD	MDD matched sample pair brain anterior cingulate cortex BA25_F #10	False	True
GSE53987__HG-U133_Plus_2|HPC	GSM1304899	GSE54571__HG-U133_Plus_2|ACC_BA25	GSM1319158	0.6239852884780468	5.370943299375284	0.14824799521855098	GSE53987	MDD	HPC	F	40.0	22.2	6.6	k47	MDD_hip_3	GSE54571	MDD	ACC_BA25	F				Fpair9_MDD	MDD matched sample pair brain anterior cingulate cortex BA25_F #9	False	True
GSE53987__HG-U133_Plus_2|HPC	GSM1304902	GSE54571__HG-U133_Plus_2|ACC_BA25	GSM1319163	0.49963059060875487	4.3034591594251985	0.20564639874626192	GSE53987	MDD	HPC	F	47.0	22.3	6.6	k50	MDD_hip_7	GSE54571	MDD	ACC_BA25	F				Fpair16_MDD	MDD matched sample pair brain anterior cingulate cortex BA25_F #16	False	True
GSE53987__HG-U133_Plus_2|HPC	GSM1304914	GSE54571__HG-U133_Plus_2|ACC_BA25	GSM1319157	0.47081229371623357	4.056077473005325	0.1634019446314574	GSE53987	SCZ	HPC	M	47.0	28.9	6.58	k62	schiz_hip_4	GSE54571	MDD	ACC_BA25	F				Fpair8_MDD	MDD matched sample pair brain anterior cingulate cortex BA25_F #8	False	False
GSE53987__HG-U133_Plus_2|HPC	GSM1304863	GSE54572__HG-U133_Plus_2|ACC_BA25	GSM1319182	0.34312233919159185	3.0834523094009323	0.24092297901399876	GSE53987	BD	HPC	F	39.0	22.2	6.7	k11	bipolar_hip_3	GSE54572	MDD	ACC_BA25	M				Mpair7_MDD	MDD matched sample pair brain anterior cingulate cortex BA25_M #7	False	False
GSE53987__HG-U133_Plus_2|HPC	GSM1304875	GSE54572__HG-U133_Plus_2|ACC_BA25	GSM1319168	0.47446671037772004	4.255816988034938	0.16696787954586767	GSE53987	CTL	HPC	M	22.0	20.1	6.8	k23	control_hip_15	GSE54572	CTL	ACC_BA25	M				Mpair2_CTL	Control matched sample pair brain anterior cingulate cortex BA25_M #2	False	True
GSE53987__HG-U133_Plus_2|HPC	GSM1304881	GSE54572__HG-U133_Plus_2|ACC_BA25	GSM1319173	0.35116599363618806	3.155249039423101	0.18560956739763973	GSE53987	CTL	HPC	M	48.0	21.68	6.6	k29	control_hip_2	GSE54572	CTL	ACC_BA25	M				Mpair18_CTL	Control matched sample pair brain anterior cingulate cortex BA25_M #18	False	True
GSE53987__HG-U133_Plus_2|HPC	GSM1304888	GSE54572__HG-U133_Plus_2|ACC_BA25	GSM1319188	0.7065351504554357	6.327233065601423	0.43412508452588044	GSE53987	MDD	HPC	M	51.0	24.6	6.5	k36	MDD_hip_10	GSE54572	MDD	ACC_BA25	M				Mpair25_MDD	MDD matched sample pair brain anterior cingulate cortex BA25_M #25	False	True
GSE53987__HG-U133_Plus_2|HPC	GSM1304897	GSE54572__HG-U133_Plus_2|ACC_BA25	GSM1319190	0.534981995908432	4.795969433343163	0.20369722968368287	GSE53987	MDD	HPC	M	42.0	14.3	6.4	k45	MDD_hip_1	GSE54572	MDD	ACC_BA25	M				Mpair29_MDD	MDD matched sample pair brain anterior cingulate cortex BA25_M #29	False	True
GSE53987__HG-U133_Plus_2|HPC	GSM1304903	GSE54572__HG-U133_Plus_2|ACC_BA25	GSM1319185	0.42718248091431327	3.833763420160549	0.19979912374050482	GSE53987	MDD	HPC	M	34.0	24.4	6.6	k51	MDD_hip_8	GSE54572	MDD	ACC_BA25	M				Mpair18_MDD	MDD matched sample pair brain anterior cingulate cortex BA25_M #18	False	True
GSE53987__HG-U133_Plus_2|HPC	GSM1304855	GSE92538__HG-U133A|PFC_DLPFC	GSM2431839	0.3080379584908199	3.1269315018016797	0.28452893877551233	GSE53987	BD	HPC	F	55.0	17.5	6.4	k3	bipolar_hip_13	GSE92538	BD	PFC_DLPFC	M	63.0	54.75	6.87	107610	DLPFC_Male_BipolarDisorder_UCDavis_107610	False	True
GSE53987__HG-U133_Plus_2|HPC	GSM1304857	GSE92538__HG-U133A|PFC_DLPFC	GSM2431880	0.32547554671358525	3.303246689110786	0.2925867870848334	GSE53987	BD	HPC	M	28.0	27.4	6.2	k5	bipolar_hip_15	GSE92538	BD	PFC_DLPFC	M	26.0	19.0	6.92	109961	DLPFC_Male_BipolarDisorder_UCDavis_109961	False	True
GSE53987__HG-U133_Plus_2|HPC	GSM1304858	GSE92538__HG-U133A|PFC_DLPFC	GSM2431899	0.3031815206853068	3.0778270195536024	0.2741155996179299	GSE53987	BD	HPC	F	49.0	21.5	6.7	k6	bipolar_hip_16	GSE92538	CTL	PFC_DLPFC	F	57.0	16.5	6.61	109991	DLPFC_Female_Control_UCIrvine_109991	False	False
GSE53987__HG-U133_Plus_2|HPC	GSM1304863	GSE92538__HG-U133A|PFC_DLPFC	GSM2431785	0.49486146380744805	5.0159439565539365	0.48256370551101824	GSE53987	BD	HPC	F	39.0	22.2	6.7	k11	bipolar_hip_3	GSE92538	BD	PFC_DLPFC	F	69.0	28.25	6.65	104767	DLPFC_Female_BipolarDisorder_UCDavis_104767	False	True
GSE53987__HG-U133_Plus_2|HPC	GSM1304866	GSE92538__HG-U133A|PFC_DLPFC	GSM2431740	0.3907345314067637	3.9630942530507443	0.3308157110023406	GSE53987	BD	HPC	M	65.0	8.9	6.7	k14	bipolar_hip_6	GSE92538	CTL	PFC_DLPFC	F	73.0	24.0	6.54	102038	DLPFC_Female_Control_UCDavis_102038	False	False
GSE53987__HG-U133_Plus_2|HPC	GSM1304873	GSE92538__HG-U133A|PFC_DLPFC	GSM2431856	0.4569962469031541	4.633080642792204	0.37885692682031397	GSE53987	CTL	HPC	F	65.0	18.5	6.5	k21	control_hip_13	GSE92538	CTL	PFC_DLPFC	M	25.0	13.75	6.87	108632	DLPFC_Male_Control_UCDavis_108632	False	True
GSE53987__HG-U133_Plus_2|HPC	GSM1304875	GSE92538__HG-U133A|PFC_DLPFC	GSM2431994	0.30400599486843827	3.08616345451085	0.2811690357820762	GSE53987	CTL	HPC	M	22.0	20.1	6.8	k23	control_hip_15	GSE92538	CTL	PFC_DLPFC	M	18.0	22.0	6.97	105928	DLPFC_Male_Control_UMichigan_105928	False	True
GSE53987__HG-U133_Plus_2|HPC	GSM1304879	GSE92538__HG-U133A|PFC_DLPFC	GSM2432031	0.31081062388916814	3.1549665151768105	0.31031808394112564	GSE53987	CTL	HPC	F	41.0	15.4	6.6	k27	control_hip_19	GSE92538	BD	PFC_DLPFC	M	23.0	9.0	7.12	107366	DLPFC_Male_BipolarDisorder_UMichigan_107366	False	False
GSE53987__HG-U133_Plus_2|HPC	GSM1304885	GSE92538__HG-U133A|PFC_DLPFC	GSM2432025	0.30761040818141433	3.1226084490994435	0.2779554904509047	GSE53987	CTL	HPC	M	68.0	11.8	6.8	k33	control_hip_6	GSE92538	CTL	PFC_DLPFC	F	73.0	15.5	7.51	107131	DLPFC_Female_Control_UMichigan_107131	False	True
GSE53987__HG-U133_Plus_2|HPC	GSM1304886	GSE92538__HG-U133A|PFC_DLPFC	GSM2431743	0.34191456662092395	3.469465138423433	0.3317673084220088	GSE53987	CTL	HPC	F	58.0	18.8	6.6	k34	control_hip_7	GSE92538	SCZ	PFC_DLPFC	M	44.0	24.0	7.21	102118	DLPFC_Male_Schizophrenia_UCDavis_102118	False	False
GSE53987__HG-U133_Plus_2|HPC	GSM1304893	GSE92538__HG-U133A|PFC_DLPFC	GSM2431771	0.40171122343058224	4.074081935836329	0.3994312261599382	GSE53987	MDD	HPC	M	29.0	26.6	6.9	k41	MDD_hip_15	GSE92538	CTL	PFC_DLPFC	M	19.0	6.5	6.59	103984	DLPFC_Male_Control_UCDavis_103984	False	False
GSE53987__HG-U133_Plus_2|HPC	GSM1304905	GSE92538__HG-U133A|PFC_DLPFC	GSM2431756	0.539118039339853	5.4634316655748645	0.4425511457354556	GSE53987	SCZ	HPC	M	49.0	21.5	5.97	k53	schiz_hip_10	GSE92538	CTL	PFC_DLPFC	M	49.0	31.25	6.68	102539	DLPFC_Male_Control_UCDavis_102539	False	False
GSE53987__HG-U133_Plus_2|HPC	GSM1304907	GSE92538__HG-U133A|PFC_DLPFC	GSM2431934	0.3406903232669536	3.457086551802985	0.2837257325774435	GSE53987	SCZ	HPC	F	25.0	20.1	6.73	k55	schiz_hip_12	GSE92538	CTL	PFC_DLPFC	F	70.0	20.5	6.63	102420	DLPFC_Female_Control_UMichigan_102420	False	False
GSE53987__HG-U133_Plus_2|HPC	GSM1304910	GSE92538__HG-U133A|PFC_DLPFC	GSM2431718	0.5297704374090333	5.368916061451826	0.5268020479443785	GSE53987	SCZ	HPC	F	46.0	23.8	6.61	k58	schiz_hip_19	GSE92538	SCZ	PFC_DLPFC	M	39.0	7.5	6.83	101078	DLPFC_Male_Schizophrenia_UCDavis_101078	False	True
GSE53987__HG-U133_Plus_2|HPC	GSM1304916	GSE92538__HG-U133A|PFC_DLPFC	GSM2432034	0.3592563720916202	3.644811845822571	0.28227470583536085	GSE53987	SCZ	HPC	M	58.0	7.7	6.22	k64	schiz_hip_6	GSE92538	BD	PFC_DLPFC	F	39.0	23.5	6.44	107706	DLPFC_Female_BipolarDisorder_UMichigan_107706	False	False
GSE53987__HG-U133_Plus_2|HPC	GSM1304917	GSE92538__HG-U133A|PFC_DLPFC	GSM2431795	0.4134854505050972	4.193133666244369	0.30175013758494384	GSE53987	SCZ	HPC	F	44.0	18.7	6.2	k65	schiz_hip_7	GSE92538	MDD	PFC_DLPFC	F	48.0	37.0	6.95	105643	DLPFC_Female_MajorDepressiveDisorder_UCDavis_105643	False	False
GSE53987__HG-U133_Plus_2|HPC	GSM1304918	GSE92538__HG-U133A|PFC_DLPFC	GSM2431758	0.33517333112983794	3.401303063306079	0.33044845384698884	GSE53987	SCZ	HPC	M	38.0	28.8	6.56	k66	schiz_hip_8	GSE92538	MDD	PFC_DLPFC	M	53.0	17.3	6.62	102636	DLPFC_Male_MajorDepressiveDisorder_UCDavis_102636	False	False
GSE53987__HG-U133_Plus_2|HPC	GSM1304859	GSE92538__HG-U133_Plus_2|PFC_DLPFC	GSM2432081	0.3069494064338395	3.024461629288614	0.2933318887350396	GSE53987	BD	HPC	F	42.0	31.2	6.5	k7	bipolar_hip_18	GSE92538	MDD	PFC_DLPFC	M	36.0	36.0	6.87	109833	DLPFC_Male_MajorDepressiveDisorder_p_UMichigan_109833	False	False
GSE53987__HG-U133_Plus_2|HPC	GSM1304861	GSE92538__HG-U133_Plus_2|PFC_DLPFC	GSM2432021	0.3534365847876785	3.4837987099875707	0.35236439064782815	GSE53987	BD	HPC	M	50.0	12.1	6.7	k9	bipolar_hip_1	GSE92538	CTL	PFC_DLPFC	M	56.0	20.3	7.14	106966	DLPFC_Male_Control_p_UMichigan_106966	False	False
GSE53987__HG-U133_Plus_2|HPC	GSM1304863	GSE92538__HG-U133_Plus_2|PFC_DLPFC	GSM2431877	0.5062734181870393	4.99397048988304	0.4473103595837938	GSE53987	BD	HPC	F	39.0	22.2	6.7	k11	bipolar_hip_3	GSE92538	CTL	PFC_DLPFC	M	32.0	10.0	7.04	109882	DLPFC_Male_Control_p_UCDavis_109882	False	False
GSE53987__HG-U133_Plus_2|HPC	GSM1304864	GSE92538__HG-U133_Plus_2|PFC_DLPFC	GSM2431736	0.35538216220233243	3.503022846223991	0.33385875811477495	GSE53987	BD	HPC	M	45.0	27.2	7.1	k12	bipolar_hip_4	GSE92538	CTL	PFC_DLPFC	M	66.0	18.5	6.94	101772	DLPFC_Male_Control_p_UCDavis_101772	False	False
GSE53987__HG-U133_Plus_2|HPC	GSM1304866	GSE92538__HG-U133_Plus_2|PFC_DLPFC	GSM2431959	0.3607865869895314	3.5564236503277327	0.3384717052935186	GSE53987	BD	HPC	M	65.0	8.9	6.7	k14	bipolar_hip_6	GSE92538	MDD	PFC_DLPFC	M	31.0	27.5	7.0	103917	DLPFC_Male_MajorDepressiveDisorder_p_UMichigan_103917	False	False
GSE53987__HG-U133_Plus_2|HPC	GSM1304886	GSE92538__HG-U133_Plus_2|PFC_DLPFC	GSM2431742	0.32210137219985135	3.174177313661522	0.313582032162968	GSE53987	CTL	HPC	F	58.0	18.8	6.6	k34	control_hip_7	GSE92538	SCZ	PFC_DLPFC	M	44.0	24.0	7.21	102118	DLPFC_Male_Schizophrenia_r_p_UCDavis_102118	False	False
GSE53987__HG-U133_Plus_2|HPC	GSM1304888	GSE92538__HG-U133_Plus_2|PFC_DLPFC	GSM2431858	0.5894924443949286	5.81625280321224	0.5871035994340136	GSE53987	MDD	HPC	M	51.0	24.6	6.5	k36	MDD_hip_10	GSE92538	MDD	PFC_DLPFC	F	46.0	9.5	7.39	108700	DLPFC_Female_MajorDepressiveDisorder_p_UCDavis_108700	False	True
GSE53987__HG-U133_Plus_2|HPC	GSM1304902	GSE92538__HG-U133_Plus_2|PFC_DLPFC	GSM2431876	0.32175302819035656	3.170735346950133	0.2757960756886916	GSE53987	MDD	HPC	F	47.0	22.3	6.6	k50	MDD_hip_7	GSE92538	MDD	PFC_DLPFC	M	36.0	36.0	6.87	109833	DLPFC_Male_MajorDepressiveDisorder_p_UCDavis_109833	False	True
GSE53987__HG-U133_Plus_2|HPC	GSM1304904	GSE92538__HG-U133_Plus_2|PFC_DLPFC	GSM2431900	0.3541344891309907	3.490694661839587	0.306883644719146	GSE53987	MDD	HPC	M	51.0	28.3	7.3	k52	MDD_hip_9	GSE92538	MDD	PFC_DLPFC	M	34.0	25.0	6.51	101032	DLPFC_Male_MajorDepressiveDisorder_p_UMichigan_101032	False	True
GSE53987__HG-U133_Plus_2|HPC	GSM1304910	GSE92538__HG-U133_Plus_2|PFC_DLPFC	GSM2431716	0.5256445187725843	5.185375197761062	0.4995320666589626	GSE53987	SCZ	HPC	F	46.0	23.8	6.61	k58	schiz_hip_19	GSE92538	SCZ	PFC_DLPFC	M	39.0	7.5	6.83	101078	DLPFC_Male_Schizophrenia_p_UCDavis_101078	False	True
GSE53987__HG-U133_Plus_2|PFC_BA46	GSM1304930	GSE53987__HG-U133_Plus_2|PFC_BA46	GSM1304934	0.42077518699248145	3.779879817899347	0.3643538604280555	GSE53987	BD	PFC_BA46	F	39.0	22.2	6.7	k11	bipolar_pfc_3	GSE53987	BD	PFC_BA46	F	51.0	21.5	6.7	k15	bipolar_pfc_7	False	True
GSE53987__HG-U133_Plus_2|PFC_BA46	GSM1304933	GSE53987__HG-U133_Plus_2|PFC_BA46	GSM1304943	0.4388404449603467	3.935804651262975	0.3442962837166192	GSE53987	BD	PFC_BA46	M	65.0	8.9	6.7	k14	bipolar_pfc_6	GSE53987	CTL	PFC_BA46	F	52.0	22.6	7.1	k24	control_pfc_16	False	False
GSE53987__HG-U133_Plus_2|PFC_BA46	GSM1304956	GSE53987__HG-U133_Plus_2|PFC_BA46	GSM1304983	0.6564592762803404	5.8141160526676225	0.5827277186848292	GSE53987	MDD	PFC_BA46	M	51.0	24.6	6.5	k36	MDD_pfc_10	GSE53987	SCZ	PFC_BA46	M	47.0	28.9	6.58	k62	schiz_pfc_4	False	False
GSE53987__HG-U133_Plus_2|PFC_BA46	GSM1304959	GSE53987__HG-U133_Plus_2|PFC_BA46	GSM1304979	0.41171025720232446	3.7016386065367706	0.28902408124584233	GSE53987	MDD	PFC_BA46	F	52.0	10.3	6.5	k39	MDD_pfc_13	GSE53987	SCZ	PFC_BA46	F	44.0	24.5	6.63	k57	schiz_pfc_18	False	False
GSE53987__HG-U133_Plus_2|PFC_BA46	GSM1304920	GSE53987__HG-U133_Plus_2|STR	GSM1304997	0.5284187598501388	4.752558709118708	0.2221957940915643	GSE53987	BD	PFC_BA46	M	52.0	23.5	6.7	k0	bipolar_pfc_10	GSE53987	BD	STR	M	52.0	23.5	6.7	k0	bipolar_str_10	True	True
GSE53987__HG-U133_Plus_2|PFC_BA46	GSM1304921	GSE53987__HG-U133_Plus_2|STR	GSM1304998	0.6876789666242661	6.1655886341452	0.2991406459518991	GSE53987	BD	PFC_BA46	F	50.0	11.7	6.4	k1	bipolar_pfc_11	GSE53987	BD	STR	F	50.0	11.7	6.4	k1	bipolar_str_11	True	True
GSE53987__HG-U133_Plus_2|PFC_BA46	GSM1304922	GSE53987__HG-U133_Plus_2|STR	GSM1304999	0.6537956299860753	5.864960061576449	0.2626587836884909	GSE53987	BD	PFC_BA46	F	28.0	22.3	6.3	k2	bipolar_pfc_12	GSE53987	BD	STR	F	28.0	22.3	6.3	k2	bipolar_str_12	True	True
GSE53987__HG-U133_Plus_2|PFC_BA46	GSM1304924	GSE53987__HG-U133_Plus_2|STR	GSM1305001	0.7091654988268359	6.356227046603979	0.23767459609354452	GSE53987	BD	PFC_BA46	M	58.0	27.7	6.8	k4	bipolar_pfc_14	GSE53987	BD	STR	M	58.0	27.7	6.8	k4	bipolar_str_14	True	True
GSE53987__HG-U133_Plus_2|PFC_BA46	GSM1304926	GSE53987__HG-U133_Plus_2|STR	GSM1305002	0.7763789441587765	6.952575698548549	0.25642552037744326	GSE53987	BD	PFC_BA46	F	49.0	21.5	6.7	k6	bipolar_pfc_16	GSE53987	BD	STR	F	49.0	21.5	6.7	k6	bipolar_str_16	True	True
GSE53987__HG-U133_Plus_2|PFC_BA46	GSM1304927	GSE53987__HG-U133_Plus_2|STR	GSM1305003	0.6245917670935223	5.605849935893427	0.21670656611886538	GSE53987	BD	PFC_BA46	F	56.0	24.5	6.1	k68	bipolar_pfc_17	GSE53987	BD	STR	F	56.0	24.5	6.1	k68	bipolar_str_17	True	True
GSE53987__HG-U133_Plus_2|PFC_BA46	GSM1304928	GSE53987__HG-U133_Plus_2|STR	GSM1304988	0.5714980586061953	5.134778094139333	0.23857447674443388	GSE53987	BD	PFC_BA46	M	50.0	12.1	6.7	k9	bipolar_pfc_1	GSE53987	BD	STR	M	50.0	12.1	6.7	k9	bipolar_str_1	True	True
GSE53987__HG-U133_Plus_2|PFC_BA46	GSM1304929	GSE53987__HG-U133_Plus_2|STR	GSM1304989	0.5109489276493715	4.597558309553198	0.17273392486874137	GSE53987	BD	PFC_BA46	M	40.0	18.5	6.4	k10	bipolar_pfc_2	GSE53987	BD	STR	M	40.0	18.5	6.4	k10	bipolar_str_2	True	True
GSE53987__HG-U133_Plus_2|PFC_BA46	GSM1304930	GSE53987__HG-U133_Plus_2|STR	GSM1304990	0.820184489462443	7.341238677518386	0.3566466768758129	GSE53987	BD	PFC_BA46	F	39.0	22.2	6.7	k11	bipolar_pfc_3	GSE53987	BD	STR	F	39.0	22.2	6.7	k11	bipolar_str_3	True	True
GSE53987__HG-U133_Plus_2|PFC_BA46	GSM1304931	GSE53987__HG-U133_Plus_2|STR	GSM1304991	0.6840965304424185	6.133803609926139	0.17961209829450933	GSE53987	BD	PFC_BA46	M	45.0	27.2	7.1	k12	bipolar_pfc_4	GSE53987	BD	STR	M	45.0	27.2	7.1	k12	bipolar_str_4	True	True
GSE53987__HG-U133_Plus_2|PFC_BA46	GSM1304932	GSE53987__HG-U133_Plus_2|STR	GSM1304992	0.6954574173820198	6.2346026327684685	0.1829755886132604	GSE53987	BD	PFC_BA46	M	42.0	12.5	6.7	k13	bipolar_pfc_5	GSE53987	BD	STR	M	42.0	12.5	6.7	k13	bipolar_str_5	True	True
GSE53987__HG-U133_Plus_2|PFC_BA46	GSM1304933	GSE53987__HG-U133_Plus_2|STR	GSM1304993	0.7320564082891099	6.559325741101718	0.4430763876294386	GSE53987	BD	PFC_BA46	M	65.0	8.9	6.7	k14	bipolar_pfc_6	GSE53987	BD	STR	M	65.0	8.9	6.7	k14	bipolar_str_6	True	True
GSE53987__HG-U133_Plus_2|PFC_BA46	GSM1304934	GSE53987__HG-U133_Plus_2|STR	GSM1304994	0.6513994964428091	5.84370046089166	0.3610766527453601	GSE53987	BD	PFC_BA46	F	51.0	21.5	6.7	k15	bipolar_pfc_7	GSE53987	BD	STR	F	51.0	21.5	6.7	k15	bipolar_str_7	True	True
GSE53987__HG-U133_Plus_2|PFC_BA46	GSM1304935	GSE53987__HG-U133_Plus_2|STR	GSM1304995	0.7149877090150918	6.407884377662627	0.22380458245684642	GSE53987	BD	PFC_BA46	M	39.0	24.2	6.6	k16	bipolar_pfc_8	GSE53987	BD	STR	M	39.0	24.2	6.6	k16	bipolar_str_8	True	True
GSE53987__HG-U133_Plus_2|PFC_BA46	GSM1304936	GSE53987__HG-U133_Plus_2|STR	GSM1304996	0.6101983420516423	5.47814483792977	0.3114102627887661	GSE53987	BD	PFC_BA46	M	48.0	18.1	6.9	k17	bipolar_pfc_9	GSE53987	BD	STR	M	48.0	18.1	6.9	k17	bipolar_str_9	True	True
GSE53987__HG-U133_Plus_2|PFC_BA46	GSM1304937	GSE53987__HG-U133_Plus_2|STR	GSM1305014	0.5128450968309184	4.614381996089275	0.20756864266614472	GSE53987	CTL	PFC_BA46	M	51.0	24.2	6.6	k18	control_pfc_10	GSE53987	CTL	STR	M	51.0	24.2	6.6	k18	control_str_10	True	True
GSE53987__HG-U133_Plus_2|PFC_BA46	GSM1304938	GSE53987__HG-U133_Plus_2|STR	GSM1305015	0.658881708285319	5.910086091382826	0.2734350650444555	GSE53987	CTL	PFC_BA46	F	51.0	7.8	6.6	k19	control_pfc_11	GSE53987	CTL	STR	F	51.0	7.8	6.6	k19	control_str_11	True	True
GSE53987__HG-U133_Plus_2|PFC_BA46	GSM1304939	GSE53987__HG-U133_Plus_2|STR	GSM1305016	0.6780927093449929	6.080534943213935	0.19341656148134578	GSE53987	CTL	PFC_BA46	F	36.0	14.5	6.4	k20	control_pfc_12	GSE53987	CTL	STR	F	36.0	14.5	6.4	k20	control_str_12	True	True
GSE53987__HG-U133_Plus_2|PFC_BA46	GSM1304940	GSE53987__HG-U133_Plus_2|STR	GSM1305017	0.7549135751143721	6.762125055378793	0.24903969680901997	GSE53987	CTL	PFC_BA46	F	65.0	18.5	6.5	k21	control_pfc_13	GSE53987	CTL	STR	F	65.0	18.5	6.5	k21	control_str_13	True	True
GSE53987__HG-U133_Plus_2|PFC_BA46	GSM1304941	GSE53987__HG-U133_Plus_2|STR	GSM1305018	0.7139426713172713	6.3986123217629665	0.3183807070602263	GSE53987	CTL	PFC_BA46	M	55.0	28.0	6.1	k22	control_pfc_14	GSE53987	CTL	STR	M	55.0	28.0	6.1	k22	control_str_14	True	True
GSE53987__HG-U133_Plus_2|PFC_BA46	GSM1304942	GSE53987__HG-U133_Plus_2|STR	GSM1305019	0.7155604812859371	6.41296627712341	0.27395445415134895	GSE53987	CTL	PFC_BA46	M	22.0	20.1	6.8	k23	control_pfc_15	GSE53987	CTL	STR	M	22.0	20.1	6.8	k23	control_str_15	True	True
GSE53987__HG-U133_Plus_2|PFC_BA46	GSM1304943	GSE53987__HG-U133_Plus_2|STR	GSM1305020	0.7316313405789026	6.555554344549802	0.3671919147728824	GSE53987	CTL	PFC_BA46	F	52.0	22.6	7.1	k24	control_pfc_16	GSE53987	CTL	STR	F	52.0	22.6	7.1	k24	control_str_16	True	True
GSE53987__HG-U133_Plus_2|PFC_BA46	GSM1304944	GSE53987__HG-U133_Plus_2|STR	GSM1305021	0.6402607063005173	5.744871983154148	0.1363146963186532	GSE53987	CTL	PFC_BA46	F	58.0	22.7	6.4	k25	control_pfc_17	GSE53987	CTL	STR	F	58.0	22.7	6.4	k25	control_str_17	True	True
GSE53987__HG-U133_Plus_2|PFC_BA46	GSM1304945	GSE53987__HG-U133_Plus_2|STR	GSM1305022	0.6909131712059353	6.194283987178603	0.24756271368978744	GSE53987	CTL	PFC_BA46	F	40.0	16.6	6.8	k26	control_pfc_18	GSE53987	CTL	STR	F	40.0	16.6	6.8	k26	control_str_18	True	True
GSE53987__HG-U133_Plus_2|PFC_BA46	GSM1304947	GSE53987__HG-U133_Plus_2|STR	GSM1305005	0.589131877795998	5.291233461819701	0.29513485678104534	GSE53987	CTL	PFC_BA46	M	49.0	21.2	6.5	k28	control_pfc_1	GSE53987	CTL	STR	M	49.0	21.2	6.5	k28	control_str_1	True	True
GSE53987__HG-U133_Plus_2|PFC_BA46	GSM1304949	GSE53987__HG-U133_Plus_2|STR	GSM1305007	0.6945088757216115	6.226186734168059	0.22504644808782837	GSE53987	CTL	PFC_BA46	F	39.0	24.5	6.8	k30	control_pfc_3	GSE53987	CTL	STR	F	39.0	24.5	6.8	k30	control_str_3	True	True
GSE53987__HG-U133_Plus_2|PFC_BA46	GSM1304950	GSE53987__HG-U133_Plus_2|STR	GSM1305008	0.5965584366087883	5.357125312992073	0.2336829859202938	GSE53987	CTL	PFC_BA46	M	48.0	24.5	6.5	k31	control_pfc_4	GSE53987	CTL	STR	M	48.0	24.5	6.5	k31	control_str_4	True	True
GSE53987__HG-U133_Plus_2|PFC_BA46	GSM1304951	GSE53987__HG-U133_Plus_2|STR	GSM1305009	0.7032243372645203	6.303514324154262	0.21256503836402937	GSE53987	CTL	PFC_BA46	M	43.0	13.8	6.6	k32	control_pfc_5	GSE53987	CTL	STR	M	43.0	13.8	6.6	k32	control_str_5	True	True
GSE53987__HG-U133_Plus_2|PFC_BA46	GSM1304952	GSE53987__HG-U133_Plus_2|STR	GSM1305010	0.7561482398150308	6.7730795694080195	0.33210043248438537	GSE53987	CTL	PFC_BA46	M	68.0	11.8	6.8	k33	control_pfc_6	GSE53987	CTL	STR	M	68.0	11.8	6.8	k33	control_str_6	True	True
GSE53987__HG-U133_Plus_2|PFC_BA46	GSM1304953	GSE53987__HG-U133_Plus_2|STR	GSM1305011	0.6237273757702281	5.598180657851611	0.22537090911476906	GSE53987	CTL	PFC_BA46	F	58.0	18.8	6.6	k34	control_pfc_7	GSE53987	CTL	STR	F	58.0	18.8	6.6	k34	control_str_7	True	True
GSE53987__HG-U133_Plus_2|PFC_BA46	GSM1304954	GSE53987__HG-U133_Plus_2|STR	GSM1305012	0.5399471692421626	4.854844068335839	0.15521343223956896	GSE53987	CTL	PFC_BA46	M	43.0	22.3	6.7	k35	control_pfc_8	GSE53987	CTL	STR	M	43.0	22.3	6.7	k35	control_str_8	True	True
GSE53987__HG-U133_Plus_2|PFC_BA46	GSM1304955	GSE53987__HG-U133_Plus_2|STR	GSM1305013	0.5783569915217452	5.195633706848457	0.17917465155665663	GSE53987	CTL	PFC_BA46	M	46.0	22.0	6.3	k69	control_pfc_9	GSE53987	CTL	STR	M	46.0	22.0	6.3	k69	control_str_9	True	True
GSE53987__HG-U133_Plus_2|PFC_BA46	GSM1304956	GSE53987__HG-U133_Plus_2|STR	GSM1305031	0.851934594925788	7.622940240333021	0.6044044815295334	GSE53987	MDD	PFC_BA46	M	51.0	24.6	6.5	k36	MDD_pfc_10	GSE53987	MDD	STR	M	51.0	24.6	6.5	k36	MDD_str_10	True	True
GSE53987__HG-U133_Plus_2|PFC_BA46	GSM1304957	GSE53987__HG-U133_Plus_2|STR	GSM1305032	0.6652644802046164	5.966716984367773	0.19260551989627006	GSE53987	MDD	PFC_BA46	F	53.0	11.9	6.7	k37	MDD_pfc_11	GSE53987	MDD	STR	F	53.0	11.9	6.7	k37	MDD_str_11	True	True
GSE53987__HG-U133_Plus_2|PFC_BA46	GSM1304958	GSE53987__HG-U133_Plus_2|STR	GSM1305033	0.6920942424462615	6.204762995337472	0.20347037783467797	GSE53987	MDD	PFC_BA46	F	26.0	13.4	6.4	k38	MDD_pfc_12	GSE53987	MDD	STR	F	26.0	13.4	6.4	k38	MDD_str_12	True	True
GSE53987__HG-U133_Plus_2|PFC_BA46	GSM1304959	GSE53987__HG-U133_Plus_2|STR	GSM1305034	0.6126497982449468	5.4998952866526185	0.2649674720289882	GSE53987	MDD	PFC_BA46	F	52.0	10.3	6.5	k39	MDD_pfc_13	GSE53987	MDD	STR	F	52.0	10.3	6.5	k39	MDD_str_13	True	True
GSE53987__HG-U133_Plus_2|PFC_BA46	GSM1304960	GSE53987__HG-U133_Plus_2|STR	GSM1305035	0.5345846501744315	4.8072653286763085	0.1716960554657879	GSE53987	MDD	PFC_BA46	M	62.0	26.0	6.5	k40	MDD_pfc_14	GSE53987	MDD	STR	M	62.0	26.0	6.5	k40	MDD_str_14	True	True
GSE53987__HG-U133_Plus_2|PFC_BA46	GSM1304962	GSE53987__HG-U133_Plus_2|STR	GSM1305037	0.5890904676099118	5.290866051571241	0.1657716591224167	GSE53987	MDD	PFC_BA46	F	49.0	23.4	6.4	k42	MDD_pfc_16	GSE53987	MDD	STR	F	49.0	23.4	6.4	k42	MDD_str_16	True	True
GSE53987__HG-U133_Plus_2|PFC_BA46	GSM1304963	GSE53987__HG-U133_Plus_2|STR	GSM1305038	0.4950932016602573	4.456879003909609	0.23371979981035346	GSE53987	MDD	PFC_BA46	F	54.0	17.9	6.2	k43	MDD_pfc_17	GSE53987	MDD	STR	F	54.0	17.9	6.2	k43	MDD_str_17	True	True
GSE53987__HG-U133_Plus_2|PFC_BA46	GSM1304965	GSE53987__HG-U133_Plus_2|STR	GSM1305023	0.5820106922744104	5.2280510231711075	0.17105734307522932	GSE53987	MDD	PFC_BA46	M	42.0	14.3	6.4	k45	MDD_pfc_1	GSE53987	MDD	STR	M	42.0	14.3	6.4	k45	MDD_str_1	True	True
GSE53987__HG-U133_Plus_2|PFC_BA46	GSM1304967	GSE53987__HG-U133_Plus_2|STR	GSM1305025	0.6644336892480005	5.959345824258678	0.1929936244836391	GSE53987	MDD	PFC_BA46	M	47.0	24.0	6.6	k48	MDD_pfc_4	GSE53987	MDD	STR	M	47.0	24.0	6.6	k48	MDD_str_4	True	True
GSE53987__HG-U133_Plus_2|PFC_BA46	GSM1304968	GSE53987__HG-U133_Plus_2|STR	GSM1305026	0.6631753247798676	5.948181034974035	0.27646586178855087	GSE53987	MDD	PFC_BA46	M	44.0	11.0	6.5	k70	MDD_pfc_5	GSE53987	MDD	STR	M	44.0	11.0	6.5	k70	MDD_str_5	True	True
GSE53987__HG-U133_Plus_2|PFC_BA46	GSM1304969	GSE53987__HG-U133_Plus_2|STR	GSM1305027	0.6996102511131023	6.271448486824161	0.13450070786927038	GSE53987	MDD	PFC_BA46	M	59.0	13.0	6.6	k49	MDD_pfc_6	GSE53987	MDD	STR	M	59.0	13.0	6.6	k49	MDD_str_6	True	True
GSE53987__HG-U133_Plus_2|PFC_BA46	GSM1304970	GSE53987__HG-U133_Plus_2|STR	GSM1305028	0.5882821372223143	5.283694171977969	0.24656126494713154	GSE53987	MDD	PFC_BA46	F	47.0	22.3	6.6	k50	MDD_pfc_7	GSE53987	MDD	STR	F	47.0	22.3	6.6	k50	MDD_str_7	True	True
GSE53987__HG-U133_Plus_2|PFC_BA46	GSM1304971	GSE53987__HG-U133_Plus_2|STR	GSM1305029	0.4380666905479236	3.950913525440358	0.24907477665265934	GSE53987	MDD	PFC_BA46	M	34.0	24.4	6.6	k51	MDD_pfc_8	GSE53987	MDD	STR	M	34.0	24.4	6.6	k51	MDD_str_8	True	True
GSE53987__HG-U133_Plus_2|PFC_BA46	GSM1304972	GSE53987__HG-U133_Plus_2|STR	GSM1305030	0.6826318095348227	6.1208079312430135	0.24778260577680078	GSE53987	MDD	PFC_BA46	M	51.0	28.3	7.3	k52	MDD_pfc_9	GSE53987	MDD	STR	M	51.0	28.3	7.3	k52	MDD_str_9	True	True
GSE53987__HG-U133_Plus_2|PFC_BA46	GSM1304973	GSE53987__HG-U133_Plus_2|STR	GSM1305048	0.6439021618883233	5.77718065473287	0.2405708684651762	GSE53987	SCZ	PFC_BA46	M	49.0	21.5	5.97	k53	schiz_pfc_10	GSE53987	SCZ	STR	M	49.0	21.5	5.97	k53	schiz_str_10	True	True
GSE53987__HG-U133_Plus_2|PFC_BA46	GSM1304974	GSE53987__HG-U133_Plus_2|STR	GSM1305049	0.6407511157510928	5.749223121729283	0.3067748122143372	GSE53987	SCZ	PFC_BA46	F	47.0	14.37	6.35	k54	schiz_pfc_11	GSE53987	SCZ	STR	F	47.0	14.37	6.35	k54	schiz_str_11	True	True
GSE53987__HG-U133_Plus_2|PFC_BA46	GSM1304975	GSE53987__HG-U133_Plus_2|STR	GSM1305050	0.6883770425904251	6.171782285717708	0.23719566959483088	GSE53987	SCZ	PFC_BA46	F	25.0	20.1	6.73	k55	schiz_pfc_12	GSE53987	SCZ	STR	F	25.0	20.1	6.73	k55	schiz_str_12	True	True
GSE53987__HG-U133_Plus_2|PFC_BA46	GSM1304976	GSE53987__HG-U133_Plus_2|STR	GSM1305051	0.6906265601742506	6.191741042064966	0.22080955934112004	GSE53987	SCZ	PFC_BA46	F	41.0	17.1	6.9	k71	schiz_pfc_13	GSE53987	SCZ	STR	F	41.0	17.1	6.9	k71	schiz_str_13	True	True
GSE53987__HG-U133_Plus_2|PFC_BA46	GSM1304977	GSE53987__HG-U133_Plus_2|STR	GSM1305052	0.5113420084507975	4.601045903514168	0.20712881261185961	GSE53987	SCZ	PFC_BA46	M	62.0	22.7	7.14	k56	schiz_pfc_14	GSE53987	SCZ	STR	M	62.0	22.7	7.14	k56	schiz_str_14	True	True
GSE53987__HG-U133_Plus_2|PFC_BA46	GSM1304978	GSE53987__HG-U133_Plus_2|STR	GSM1305054	0.707637524364382	6.342670153241498	0.25175632920760577	GSE53987	SCZ	PFC_BA46	F	47.0	20.1	7.3	k72	schiz_pfc_16	GSE53987	SCZ	STR	F	47.0	20.1	7.3	k72	schiz_str_16	True	True
GSE53987__HG-U133_Plus_2|PFC_BA46	GSM1304979	GSE53987__HG-U133_Plus_2|STR	GSM1305056	0.42352332843131585	3.8218781166743194	0.32603714404712136	GSE53987	SCZ	PFC_BA46	F	44.0	24.5	6.63	k57	schiz_pfc_18	GSE53987	SCZ	STR	F	44.0	24.5	6.63	k57	schiz_str_18	True	True
GSE53987__HG-U133_Plus_2|PFC_BA46	GSM1304981	GSE53987__HG-U133_Plus_2|STR	GSM1305039	0.765482540476525	6.855897785150966	0.31449358895433144	GSE53987	SCZ	PFC_BA46	M	50.0	11.0	6.23	k59	schiz_pfc_1	GSE53987	SCZ	STR	M	50.0	11.0	6.23	k59	schiz_str_1	True	True
GSE53987__HG-U133_Plus_2|PFC_BA46	GSM1304982	GSE53987__HG-U133_Plus_2|STR	GSM1305041	0.6948354498302033	6.2290842501108425	0.187994209204789	GSE53987	SCZ	PFC_BA46	F	41.0	20.1	6.27	k61	schiz_pfc_3	GSE53987	SCZ	STR	F	41.0	20.1	6.27	k61	schiz_str_3	True	True
GSE53987__HG-U133_Plus_2|PFC_BA46	GSM1304983	GSE53987__HG-U133_Plus_2|STR	GSM1305042	0.7534739205085699	6.749351776473123	0.5980507168184199	GSE53987	SCZ	PFC_BA46	M	47.0	28.9	6.58	k62	schiz_pfc_4	GSE53987	SCZ	STR	M	47.0	28.9	6.58	k62	schiz_str_4	True	True
GSE53987__HG-U133_Plus_2|PFC_BA46	GSM1304984	GSE53987__HG-U133_Plus_2|STR	GSM1305043	0.6471426100879997	5.805931404021643	0.27401374483819857	GSE53987	SCZ	PFC_BA46	M	37.0	5.98	6.07	k63	schiz_pfc_5	GSE53987	SCZ	STR	M	37.0	5.98	6.07	k63	schiz_str_5	True	True
GSE53987__HG-U133_Plus_2|PFC_BA46	GSM1304985	GSE53987__HG-U133_Plus_2|STR	GSM1305044	0.6199129633720828	5.564337433771062	0.3104682046835668	GSE53987	SCZ	PFC_BA46	M	58.0	7.7	6.22	k64	schiz_pfc_6	GSE53987	SCZ	STR	M	58.0	7.7	6.22	k64	schiz_str_6	True	True
GSE53987__HG-U133_Plus_2|PFC_BA46	GSM1304986	GSE53987__HG-U133_Plus_2|STR	GSM1305045	0.5613629461869923	5.04485470755129	0.20066360487890705	GSE53987	SCZ	PFC_BA46	F	44.0	18.7	6.2	k65	schiz_pfc_7	GSE53987	SCZ	STR	F	44.0	18.7	6.2	k65	schiz_str_7	True	True
GSE53987__HG-U133_Plus_2|PFC_BA46	GSM1304987	GSE53987__HG-U133_Plus_2|STR	GSM1305047	0.7477001869523217	6.698124552426634	0.23847907735219664	GSE53987	SCZ	PFC_BA46	M	52.0	27.1	6.68	k67	schiz_pfc_9	GSE53987	SCZ	STR	M	52.0	27.1	6.68	k67	schiz_str_9	True	True
GSE53987__HG-U133_Plus_2|PFC_BA46	GSM1304930	GSE54567__HG-U133_Plus_2|PFC_BA9	GSM1319067	0.46551075106799233	4.251024042896746	0.280419795652107	GSE53987	BD	PFC_BA46	F	39.0	22.2	6.7	k11	bipolar_pfc_3	GSE54567	MDD	PFC_BA9	M				Mpair7_MDD	MDD matched sample pair brain dorsolateral prefrontal cortex BA9_M #7	False	False
GSE53987__HG-U133_Plus_2|PFC_BA46	GSM1304942	GSE54567__HG-U133_Plus_2|PFC_BA9	GSM1319051	0.5628099721258157	5.13607414133761	0.30753789232433226	GSE53987	CTL	PFC_BA46	M	22.0	20.1	6.8	k23	control_pfc_15	GSE54567	CTL	PFC_BA9	M				Mpair2_CTL	Control matched sample pair brain dorsolateral prefrontal cortex BA9_M #2	False	True
GSE53987__HG-U133_Plus_2|PFC_BA46	GSM1304952	GSE54567__HG-U133_Plus_2|PFC_BA9	GSM1319056	0.7124864211557594	6.497556324936027	0.5030871586719066	GSE53987	CTL	PFC_BA46	M	68.0	11.8	6.8	k33	control_pfc_6	GSE54567	CTL	PFC_BA9	M				Mpair18_CTL	Control matched sample pair brain dorsolateral prefrontal cortex BA9_M #18	False	True
GSE53987__HG-U133_Plus_2|PFC_BA46	GSM1304955	GSE54567__HG-U133_Plus_2|PFC_BA9	GSM1319058	0.6239360452833114	5.692087195472897	0.20835759779230523	GSE53987	CTL	PFC_BA46	M	46.0	22.0	6.3	k69	control_pfc_9	GSE54567	CTL	PFC_BA9	M				Mpair22_CTL	Control matched sample pair brain dorsolateral prefrontal cortex BA9_M #22	False	True
GSE53987__HG-U133_Plus_2|PFC_BA46	GSM1304956	GSE54567__HG-U133_Plus_2|PFC_BA9	GSM1319073	0.8495254649339623	7.74408654241908	0.2724113911432063	GSE53987	MDD	PFC_BA46	M	51.0	24.6	6.5	k36	MDD_pfc_10	GSE54567	MDD	PFC_BA9	M				Mpair25_MDD	MDD matched sample pair brain dorsolateral prefrontal cortex BA9_M #25	False	True
GSE53987__HG-U133_Plus_2|PFC_BA46	GSM1304965	GSE54567__HG-U133_Plus_2|PFC_BA9	GSM1319076	0.673746438285854	6.14517091753147	0.11637449259003423	GSE53987	MDD	PFC_BA46	M	42.0	14.3	6.4	k45	MDD_pfc_1	GSE54567	MDD	PFC_BA9	M				Mpair29_MDD	MDD matched sample pair brain dorsolateral prefrontal cortex BA9_M #29	False	True
GSE53987__HG-U133_Plus_2|PFC_BA46	GSM1304930	GSE54568__HG-U133_Plus_2|PFC_BA9	GSM1319078	0.37370670031330355	3.3259844656946047	0.2974277999841189	GSE53987	BD	PFC_BA46	F	39.0	22.2	6.7	k11	bipolar_pfc_3	GSE54568	CTL	PFC_BA9	F				Fpair3_CTL	Control matched sample pair brain dorsolateral prefrontal cortex BA9_F #3	False	False
GSE53987__HG-U133_Plus_2|PFC_BA46	GSM1304938	GSE54568__HG-U133_Plus_2|PFC_BA9	GSM1319084	0.6299703333794376	5.577998699274687	0.29309762387801547	GSE53987	CTL	PFC_BA46	F	51.0	7.8	6.6	k19	control_pfc_11	GSE54568	CTL	PFC_BA9	F				Fpair12_CTL	Control matched sample pair brain dorsolateral prefrontal cortex BA9_F #12	False	True
GSE53987__HG-U133_Plus_2|PFC_BA46	GSM1304939	GSE54568__HG-U133_Plus_2|PFC_BA9	GSM1319092	0.647289713721695	5.730199347415366	0.2082719590721958	GSE53987	CTL	PFC_BA46	F	36.0	14.5	6.4	k20	control_pfc_12	GSE54568	CTL	PFC_BA9	F				Fpair28_CTL	Control matched sample pair brain dorsolateral prefrontal cortex BA9_F #28	False	True
GSE53987__HG-U133_Plus_2|PFC_BA46	GSM1304940	GSE54568__HG-U133_Plus_2|PFC_BA9	GSM1319091	0.7304764364488461	6.461234342061203	0.2327264514201414	GSE53987	CTL	PFC_BA46	F	65.0	18.5	6.5	k21	control_pfc_13	GSE54568	CTL	PFC_BA9	F				Fpair24_CTL	Control matched sample pair brain dorsolateral prefrontal cortex BA9_F #24	False	True
GSE53987__HG-U133_Plus_2|PFC_BA46	GSM1304942	GSE54568__HG-U133_Plus_2|PFC_BA9	GSM1319088	0.3446360033634375	3.0705146492095783	0.31514893760443324	GSE53987	CTL	PFC_BA46	M	22.0	20.1	6.8	k23	control_pfc_15	GSE54568	CTL	PFC_BA9	F				Fpair17_CTL	Control matched sample pair brain dorsolateral prefrontal cortex BA9_F #17	False	True
GSE53987__HG-U133_Plus_2|PFC_BA46	GSM1304943	GSE54568__HG-U133_Plus_2|PFC_BA9	GSM1319085	0.6217972456697568	5.506174579580928	0.2919118689979487	GSE53987	CTL	PFC_BA46	F	52.0	22.6	7.1	k24	control_pfc_16	GSE54568	CTL	PFC_BA9	F				Fpair13_CTL	Control matched sample pair brain dorsolateral prefrontal cortex BA9_F #13	False	True
GSE53987__HG-U133_Plus_2|PFC_BA46	GSM1304944	GSE54568__HG-U133_Plus_2|PFC_BA9	GSM1319081	0.7312466884923899	6.468003225124127	0.17672999845817397	GSE53987	CTL	PFC_BA46	F	58.0	22.7	6.4	k25	control_pfc_17	GSE54568	CTL	PFC_BA9	F				Fpair8_CTL	Control matched sample pair brain dorsolateral prefrontal cortex BA9_F #8	False	True
GSE53987__HG-U133_Plus_2|PFC_BA46	GSM1304945	GSE54568__HG-U133_Plus_2|PFC_BA9	GSM1319089	0.6863395185293687	6.073364373186737	0.2374007767184779	GSE53987	CTL	PFC_BA46	F	40.0	16.6	6.8	k26	control_pfc_18	GSE54568	CTL	PFC_BA9	F				Fpair19_CTL	Control matched sample pair brain dorsolateral prefrontal cortex BA9_F #19	False	True
GSE53987__HG-U133_Plus_2|PFC_BA46	GSM1304949	GSE54568__HG-U133_Plus_2|PFC_BA9	GSM1319082	0.7357123617142497	6.507247028615941	0.26022131672485893	GSE53987	CTL	PFC_BA46	F	39.0	24.5	6.8	k30	control_pfc_3	GSE54568	CTL	PFC_BA9	F				Fpair9_CTL	Control matched sample pair brain dorsolateral prefrontal cortex BA9_F #9	False	True
GSE53987__HG-U133_Plus_2|PFC_BA46	GSM1304957	GSE54568__HG-U133_Plus_2|PFC_BA9	GSM1319098	0.6598385821865063	5.8404773063280375	0.2002679248381496	GSE53987	MDD	PFC_BA46	F	53.0	11.9	6.7	k37	MDD_pfc_11	GSE54568	MDD	PFC_BA9	F				Fpair10_MDD	MDD matched sample pair brain dorsolateral prefrontal cortex BA9_F #10	False	True
GSE53987__HG-U133_Plus_2|PFC_BA46	GSM1304958	GSE54568__HG-U133_Plus_2|PFC_BA9	GSM1319101	0.5057466942356994	4.4863361791128105	0.2406445262706214	GSE53987	MDD	PFC_BA46	F	26.0	13.4	6.4	k38	MDD_pfc_12	GSE54568	MDD	PFC_BA9	F				Fpair14_MDD	MDD matched sample pair brain dorsolateral prefrontal cortex BA9_F #14	False	True
GSE53987__HG-U133_Plus_2|PFC_BA46	GSM1304959	GSE54568__HG-U133_Plus_2|PFC_BA9	GSM1319099	0.4483717176787296	3.982131730312717	0.1496026462196833	GSE53987	MDD	PFC_BA46	F	52.0	10.3	6.5	k39	MDD_pfc_13	GSE54568	MDD	PFC_BA9	F				Fpair12_MDD	MDD matched sample pair brain dorsolateral prefrontal cortex BA9_F #12	False	True
GSE53987__HG-U133_Plus_2|PFC_BA46	GSM1304962	GSE54568__HG-U133_Plus_2|PFC_BA9	GSM1319100	0.5774156187752362	5.116154137429047	0.19689342939885726	GSE53987	MDD	PFC_BA46	F	49.0	23.4	6.4	k42	MDD_pfc_16	GSE54568	MDD	PFC_BA9	F				Fpair13_MDD	MDD matched sample pair brain dorsolateral prefrontal cortex BA9_F #13	False	True
GSE53987__HG-U133_Plus_2|PFC_BA46	GSM1304963	GSE54568__HG-U133_Plus_2|PFC_BA9	GSM1319096	0.47040806406265684	4.175784513264944	0.18075054902599574	GSE53987	MDD	PFC_BA46	F	54.0	17.9	6.2	k43	MDD_pfc_17	GSE54568	MDD	PFC_BA9	F				Fpair8_MDD	MDD matched sample pair brain dorsolateral prefrontal cortex BA9_F #8	False	True
GSE53987__HG-U133_Plus_2|PFC_BA46	GSM1304964	GSE54568__HG-U133_Plus_2|PFC_BA9	GSM1319103	0.5813204619445336	5.150469433329367	0.20653130364057262	GSE53987	MDD	PFC_BA46	F	28.0	24.8	6.6	k44	MDD_pfc_19	GSE54568	MDD	PFC_BA9	F				Fpair17_MDD	MDD matched sample pair brain dorsolateral prefrontal cortex BA9_F #17	False	True
GSE53987__HG-U133_Plus_2|PFC_BA46	GSM1304966	GSE54568__HG-U133_Plus_2|PFC_BA9	GSM1319097	0.4066972382509433	3.6159013771193913	0.20965522738190837	GSE53987	MDD	PFC_BA46	F	40.0	22.2	6.6	k47	MDD_pfc_3	GSE54568	MDD	PFC_BA9	F				Fpair9_MDD	MDD matched sample pair brain dorsolateral prefrontal cortex BA9_F #9	False	True
GSE53987__HG-U133_Plus_2|PFC_BA46	GSM1304970	GSE54568__HG-U133_Plus_2|PFC_BA9	GSM1319102	0.7058423775457304	6.244753171413201	0.29046024969505196	GSE53987	MDD	PFC_BA46	F	47.0	22.3	6.6	k50	MDD_pfc_7	GSE54568	MDD	PFC_BA9	F				Fpair16_MDD	MDD matched sample pair brain dorsolateral prefrontal cortex BA9_F #16	False	True
GSE53987__HG-U133_Plus_2|PFC_BA46	GSM1304938	GSE54571__HG-U133_Plus_2|ACC_BA25	GSM1319147	0.6011880149919446	5.256072092557966	0.28384779768185814	GSE53987	CTL	PFC_BA46	F	51.0	7.8	6.6	k19	control_pfc_11	GSE54571	CTL	ACC_BA25	F				Fpair12_CTL	Control matched sample pair brain anterior cingulate cortex BA25_F #12	False	True
GSE53987__HG-U133_Plus_2|PFC_BA46	GSM1304940	GSE54571__HG-U133_Plus_2|ACC_BA25	GSM1319154	0.5946626567362808	5.198865575931077	0.25465499912668027	GSE53987	CTL	PFC_BA46	F	65.0	18.5	6.5	k21	control_pfc_13	GSE54571	CTL	ACC_BA25	F				Fpair24_CTL	Control matched sample pair brain anterior cingulate cortex BA25_F #24	False	True
GSE53987__HG-U133_Plus_2|PFC_BA46	GSM1304943	GSE54571__HG-U133_Plus_2|ACC_BA25	GSM1319148	0.7059029475825539	6.1740870578096985	0.2375756410561589	GSE53987	CTL	PFC_BA46	F	52.0	22.6	7.1	k24	control_pfc_16	GSE54571	CTL	ACC_BA25	F				Fpair13_CTL	Control matched sample pair brain anterior cingulate cortex BA25_F #13	False	True
GSE53987__HG-U133_Plus_2|PFC_BA46	GSM1304944	GSE54571__HG-U133_Plus_2|ACC_BA25	GSM1319144	0.5595380108792791	4.890934799028809	0.10818134193874432	GSE53987	CTL	PFC_BA46	F	58.0	22.7	6.4	k25	control_pfc_17	GSE54571	CTL	ACC_BA25	F				Fpair8_CTL	Control matched sample pair brain anterior cingulate cortex BA25_F #8	False	True
GSE53987__HG-U133_Plus_2|PFC_BA46	GSM1304945	GSE54571__HG-U133_Plus_2|ACC_BA25	GSM1319152	0.6442755476777291	5.633811912875346	0.2561818496183284	GSE53987	CTL	PFC_BA46	F	40.0	16.6	6.8	k26	control_pfc_18	GSE54571	CTL	ACC_BA25	F				Fpair19_CTL	Control matched sample pair brain anterior cingulate cortex BA25_F #19	False	True
GSE53987__HG-U133_Plus_2|PFC_BA46	GSM1304946	GSE54571__HG-U133_Plus_2|ACC_BA25	GSM1319150	0.35625131726332004	3.1087608305309278	0.23928232138865174	GSE53987	CTL	PFC_BA46	F	41.0	15.4	6.6	k27	control_pfc_19	GSE54571	CTL	ACC_BA25	F				Fpair16_CTL	Control matched sample pair brain anterior cingulate cortex BA25_F #16	False	True
GSE53987__HG-U133_Plus_2|PFC_BA46	GSM1304949	GSE54571__HG-U133_Plus_2|ACC_BA25	GSM1319145	0.721364700741097	6.309637169311596	0.23124586979153303	GSE53987	CTL	PFC_BA46	F	39.0	24.5	6.8	k30	control_pfc_3	GSE54571	CTL	ACC_BA25	F				Fpair9_CTL	Control matched sample pair brain anterior cingulate cortex BA25_F #9	False	True
GSE53987__HG-U133_Plus_2|PFC_BA46	GSM1304957	GSE54571__HG-U133_Plus_2|ACC_BA25	GSM1319159	0.5636950096796647	4.927378379852254	0.21848267582688713	GSE53987	MDD	PFC_BA46	F	53.0	11.9	6.7	k37	MDD_pfc_11	GSE54571	MDD	ACC_BA25	F				Fpair10_MDD	MDD matched sample pair brain anterior cingulate cortex BA25_F #10	False	True
GSE53987__HG-U133_Plus_2|PFC_BA46	GSM1304958	GSE54571__HG-U133_Plus_2|ACC_BA25	GSM1319162	0.6120856524665919	5.351609510575761	0.1228350388757953	GSE53987	MDD	PFC_BA46	F	26.0	13.4	6.4	k38	MDD_pfc_12	GSE54571	MDD	ACC_BA25	F				Fpair14_MDD	MDD matched sample pair brain anterior cingulate cortex BA25_F #14	False	True
GSE53987__HG-U133_Plus_2|PFC_BA46	GSM1304959	GSE54571__HG-U133_Plus_2|ACC_BA25	GSM1319160	0.41675982847017823	3.6392269010212357	0.22440277900476693	GSE53987	MDD	PFC_BA46	F	52.0	10.3	6.5	k39	MDD_pfc_13	GSE54571	MDD	ACC_BA25	F				Fpair12_MDD	MDD matched sample pair brain anterior cingulate cortex BA25_F #12	False	True
GSE53987__HG-U133_Plus_2|PFC_BA46	GSM1304962	GSE54571__HG-U133_Plus_2|ACC_BA25	GSM1319161	0.5166123213145065	4.514613825130333	0.1671275474134775	GSE53987	MDD	PFC_BA46	F	49.0	23.4	6.4	k42	MDD_pfc_16	GSE54571	MDD	ACC_BA25	F				Fpair13_MDD	MDD matched sample pair brain anterior cingulate cortex BA25_F #13	False	True
GSE53987__HG-U133_Plus_2|PFC_BA46	GSM1304963	GSE54571__HG-U133_Plus_2|ACC_BA25	GSM1319157	0.4519437289873518	3.9476771517316114	0.27494592363043807	GSE53987	MDD	PFC_BA46	F	54.0	17.9	6.2	k43	MDD_pfc_17	GSE54571	MDD	ACC_BA25	F				Fpair8_MDD	MDD matched sample pair brain anterior cingulate cortex BA25_F #8	False	True
GSE53987__HG-U133_Plus_2|PFC_BA46	GSM1304966	GSE54571__HG-U133_Plus_2|ACC_BA25	GSM1319158	0.5067050656995667	4.427758887691309	0.21298336881762572	GSE53987	MDD	PFC_BA46	F	40.0	22.2	6.6	k47	MDD_pfc_3	GSE54571	MDD	ACC_BA25	F				Fpair9_MDD	MDD matched sample pair brain anterior cingulate cortex BA25_F #9	False	True
GSE53987__HG-U133_Plus_2|PFC_BA46	GSM1304970	GSE54571__HG-U133_Plus_2|ACC_BA25	GSM1319163	0.6323331107918131	5.52911494643879	0.278558126748639	GSE53987	MDD	PFC_BA46	F	47.0	22.3	6.6	k50	MDD_pfc_7	GSE54571	MDD	ACC_BA25	F				Fpair16_MDD	MDD matched sample pair brain anterior cingulate cortex BA25_F #16	False	True
GSE53987__HG-U133_Plus_2|PFC_BA46	GSM1304930	GSE54572__HG-U133_Plus_2|ACC_BA25	GSM1319182	0.3703463377526685	3.3766231533601307	0.28302213143632254	GSE53987	BD	PFC_BA46	F	39.0	22.2	6.7	k11	bipolar_pfc_3	GSE54572	MDD	ACC_BA25	M				Mpair7_MDD	MDD matched sample pair brain anterior cingulate cortex BA25_M #7	False	False
GSE53987__HG-U133_Plus_2|PFC_BA46	GSM1304942	GSE54572__HG-U133_Plus_2|ACC_BA25	GSM1319168	0.529543900574242	4.815158256819833	0.19224922259958727	GSE53987	CTL	PFC_BA46	M	22.0	20.1	6.8	k23	control_pfc_15	GSE54572	CTL	ACC_BA25	M				Mpair2_CTL	Control matched sample pair brain anterior cingulate cortex BA25_M #2	False	True
GSE53987__HG-U133_Plus_2|PFC_BA46	GSM1304948	GSE54572__HG-U133_Plus_2|ACC_BA25	GSM1319173	0.4400190540914344	4.006197164609523	0.14269174195636145	GSE53987	CTL	PFC_BA46	M	48.0	21.68	6.6	k29	control_pfc_2	GSE54572	CTL	ACC_BA25	M				Mpair18_CTL	Control matched sample pair brain anterior cingulate cortex BA25_M #18	False	True
GSE53987__HG-U133_Plus_2|PFC_BA46	GSM1304956	GSE54572__HG-U133_Plus_2|ACC_BA25	GSM1319188	0.7404513906427198	6.720952684000404	0.4864638080179693	GSE53987	MDD	PFC_BA46	M	51.0	24.6	6.5	k36	MDD_pfc_10	GSE54572	MDD	ACC_BA25	M				Mpair25_MDD	MDD matched sample pair brain anterior cingulate cortex BA25_M #25	False	True
GSE53987__HG-U133_Plus_2|PFC_BA46	GSM1304965	GSE54572__HG-U133_Plus_2|ACC_BA25	GSM1319190	0.6650147105000227	6.039294557139774	0.13335269420801182	GSE53987	MDD	PFC_BA46	M	42.0	14.3	6.4	k45	MDD_pfc_1	GSE54572	MDD	ACC_BA25	M				Mpair29_MDD	MDD matched sample pair brain anterior cingulate cortex BA25_M #29	False	True
GSE53987__HG-U133_Plus_2|PFC_BA46	GSM1304921	GSE92538__HG-U133A|PFC_DLPFC	GSM2431935	0.33527905235988464	3.3689597382145533	0.32610044097733315	GSE53987	BD	PFC_BA46	F	50.0	11.7	6.4	k1	bipolar_pfc_11	GSE92538	CTL	PFC_DLPFC	F	52.0	36.0		102422	DLPFC_Female_Control_UMichigan_102422	False	False
GSE53987__HG-U133_Plus_2|PFC_BA46	GSM1304925	GSE92538__HG-U133A|PFC_DLPFC	GSM2431730	0.41235300662398866	4.142231180818865	0.38682812970851793	GSE53987	BD	PFC_BA46	M	28.0	27.4	6.2	k5	bipolar_pfc_15	GSE92538	SCZ	PFC_DLPFC	F	59.0	13.25	6.38	101657	DLPFC_Female_Schizophrenia_UCDavis_101657	False	False
GSE53987__HG-U133_Plus_2|PFC_BA46	GSM1304926	GSE92538__HG-U133A|PFC_DLPFC	GSM2432092	0.30323201181156256	3.0474365788981865	0.27097213182567786	GSE53987	BD	PFC_BA46	F	49.0	21.5	6.7	k6	bipolar_pfc_16	GSE92538	CTL	PFC_DLPFC	F	57.0	16.5	6.61	109991	DLPFC_Female_Control_UMichigan_109991	False	False
GSE53987__HG-U133_Plus_2|PFC_BA46	GSM1304930	GSE92538__HG-U133A|PFC_DLPFC	GSM2431785	0.5662066441855067	5.685821689480813	0.5467439541522892	GSE53987	BD	PFC_BA46	F	39.0	22.2	6.7	k11	bipolar_pfc_3	GSE92538	BD	PFC_DLPFC	F	69.0	28.25	6.65	104767	DLPFC_Female_BipolarDisorder_UCDavis_104767	False	True
GSE53987__HG-U133_Plus_2|PFC_BA46	GSM1304933	GSE92538__HG-U133A|PFC_DLPFC	GSM2432056	0.37009828592397087	3.718295894968836	0.34792337090138575	GSE53987	BD	PFC_BA46	M	65.0	8.9	6.7	k14	bipolar_pfc_6	GSE92538	CTL	PFC_DLPFC	F	78.0	26.25		108858	DLPFC_Female_Control_UMichigan_108858	False	False
GSE53987__HG-U133_Plus_2|PFC_BA46	GSM1304940	GSE92538__HG-U133A|PFC_DLPFC	GSM2431738	0.39059256833792755	3.923911961754204	0.3665800755740814	GSE53987	CTL	PFC_BA46	F	65.0	18.5	6.5	k21	control_pfc_13	GSE92538	CTL	PFC_DLPFC	M	45.0	21.0	6.86	101923	DLPFC_Male_Control_UCDavis_101923	False	True
GSE53987__HG-U133_Plus_2|PFC_BA46	GSM1304943	GSE92538__HG-U133A|PFC_DLPFC	GSM2431740	0.34376603405574235	3.4541083547864266	0.3130540127775512	GSE53987	CTL	PFC_BA46	F	52.0	22.6	7.1	k24	control_pfc_16	GSE92538	CTL	PFC_DLPFC	F	73.0	24.0	6.54	102038	DLPFC_Female_Control_UCDavis_102038	False	True
GSE53987__HG-U133_Plus_2|PFC_BA46	GSM1304946	GSE92538__HG-U133A|PFC_DLPFC	GSM2431927	0.36112091918933387	3.628227318729796	0.3349505685406318	GSE53987	CTL	PFC_BA46	F	41.0	15.4	6.6	k27	control_pfc_19	GSE92538	SCZ	PFC_DLPFC	M	44.0	24.0	7.21	102118	DLPFC_Male_Schizophrenia_UMichigan_102118	False	False
GSE53987__HG-U133_Plus_2|PFC_BA46	GSM1304974	GSE92538__HG-U133A|PFC_DLPFC	GSM2432053	0.30893143900698233	3.104618078556536	0.2899225598893963	GSE53987	SCZ	PFC_BA46	F	47.0	14.37	6.35	k54	schiz_pfc_11	GSE92538	CTL	PFC_DLPFC	M	60.0	30.0	6.8	108759	DLPFC_Male_Control_UMichigan_108759	False	False
GSE53987__HG-U133_Plus_2|PFC_BA46	GSM1304979	GSE92538__HG-U133A|PFC_DLPFC	GSM2431908	0.4298918520127238	4.318195790457138	0.3824229228310544	GSE53987	SCZ	PFC_BA46	F	44.0	24.5	6.63	k57	schiz_pfc_18	GSE92538	CTL	PFC_DLPFC	F	63.0	29.5	7.01	101283	DLPFC_Female_Control_UMichigan_101283	False	False
GSE53987__HG-U133_Plus_2|PFC_BA46	GSM1304980	GSE92538__HG-U133A|PFC_DLPFC	GSM2432012	0.46244365861737236	4.6447831920364075	0.4434313377877112	GSE53987	SCZ	PFC_BA46	F	46.0	23.8	6.61	k58	schiz_pfc_19	GSE92538	BD	PFC_DLPFC	F	34.0	39.5	6.73	106664	DLPFC_Female_BipolarDisorder_UMichigan_106664	False	False
GSE53987__HG-U133_Plus_2|PFC_BA46	GSM1304981	GSE92538__HG-U133A|PFC_DLPFC	GSM2431783	0.38615398329545936	3.8793803026265268	0.3712428406382856	GSE53987	SCZ	PFC_BA46	M	50.0	11.0	6.23	k59	schiz_pfc_1	GSE92538	SCZ	PFC_DLPFC	M	48.0	19.5	6.24	104655	DLPFC_Male_Schizophrenia_UCDavis_104655	False	True
GSE53987__HG-U133_Plus_2|PFC_BA46	GSM1304983	GSE92538__HG-U133A|PFC_DLPFC	GSM2431756	0.6453485058236835	6.479840137134872	0.5390987596741326	GSE53987	SCZ	PFC_BA46	M	47.0	28.9	6.58	k62	schiz_pfc_4	GSE92538	CTL	PFC_DLPFC	M	49.0	31.25	6.68	102539	DLPFC_Male_Control_UCDavis_102539	False	False
GSE53987__HG-U133_Plus_2|PFC_BA46	GSM1304985	GSE92538__HG-U133A|PFC_DLPFC	GSM2431880	0.3110083999222805	3.1254559164297824	0.2817291683318025	GSE53987	SCZ	PFC_BA46	M	58.0	7.7	6.22	k64	schiz_pfc_6	GSE92538	BD	PFC_DLPFC	M	26.0	19.0	6.92	109961	DLPFC_Male_BipolarDisorder_UCDavis_109961	False	False
GSE53987__HG-U133_Plus_2|PFC_BA46	GSM1304921	GSE92538__HG-U133_Plus_2|PFC_DLPFC	GSM2431802	0.33417486167963917	3.221069673900195	0.32637972318573916	GSE53987	BD	PFC_BA46	F	50.0	11.7	6.4	k1	bipolar_pfc_11	GSE92538	MDD	PFC_DLPFC	M	56.0	13.0	6.9	105947	DLPFC_Male_MajorDepressiveDisorder_p_UCDavis_105947	False	False
GSE53987__HG-U133_Plus_2|PFC_BA46	GSM1304926	GSE92538__HG-U133_Plus_2|PFC_DLPFC	GSM2431736	0.4566302945990223	4.399676555676169	0.42770814778334004	GSE53987	BD	PFC_BA46	F	49.0	21.5	6.7	k6	bipolar_pfc_16	GSE92538	CTL	PFC_DLPFC	M	66.0	18.5	6.94	101772	DLPFC_Male_Control_p_UCDavis_101772	False	False
GSE53987__HG-U133_Plus_2|PFC_BA46	GSM1304930	GSE92538__HG-U133_Plus_2|PFC_DLPFC	GSM2431877	0.5836019528752804	5.621751123273549	0.5158406300148688	GSE53987	BD	PFC_BA46	F	39.0	22.2	6.7	k11	bipolar_pfc_3	GSE92538	CTL	PFC_DLPFC	M	32.0	10.0	7.04	109882	DLPFC_Male_Control_p_UCDavis_109882	False	False
GSE53987__HG-U133_Plus_2|PFC_BA46	GSM1304938	GSE92538__HG-U133_Plus_2|PFC_DLPFC	GSM2431806	0.31225861776814956	3.010130597691403	0.2808197435369379	GSE53987	CTL	PFC_BA46	F	51.0	7.8	6.6	k19	control_pfc_11	GSE92538	CTL	PFC_DLPFC	M	75.0	19.0	7.18	106051	DLPFC_Male_Control_p_UCDavis_106051	False	True
GSE53987__HG-U133_Plus_2|PFC_BA46	GSM1304941	GSE92538__HG-U133_Plus_2|PFC_DLPFC	GSM2431760	0.3436057648731829	3.311840063912954	0.29499726460840925	GSE53987	CTL	PFC_BA46	M	55.0	28.0	6.1	k22	control_pfc_14	GSE92538	CTL	PFC_DLPFC	M	69.0	25.8	7.12	102854	DLPFC_Male_Control_p_UCDavis_102854	False	True
GSE53987__HG-U133_Plus_2|PFC_BA46	GSM1304943	GSE92538__HG-U133_Plus_2|PFC_DLPFC	GSM2431959	0.3638180551774608	3.5063789576242597	0.35353843190146517	GSE53987	CTL	PFC_BA46	F	52.0	22.6	7.1	k24	control_pfc_16	GSE92538	MDD	PFC_DLPFC	M	31.0	27.5	7.0	103917	DLPFC_Male_MajorDepressiveDisorder_p_UMichigan_103917	False	False
GSE53987__HG-U133_Plus_2|PFC_BA46	GSM1304974	GSE92538__HG-U133_Plus_2|PFC_DLPFC	GSM2431747	0.3918812333824529	3.7764809381438496	0.2842244812206239	GSE53987	SCZ	PFC_BA46	F	47.0	14.37	6.35	k54	schiz_pfc_11	GSE92538	SCZ	PFC_DLPFC	M	59.0	35.75	6.42	102317	DLPFC_Male_Schizophrenia_p_UCDavis_102317	False	True
GSE53987__HG-U133_Plus_2|PFC_BA46	GSM1304983	GSE92538__HG-U133_Plus_2|PFC_DLPFC	GSM2431858	0.5935353769755799	5.717358167608772	0.591885138051717	GSE53987	SCZ	PFC_BA46	M	47.0	28.9	6.58	k62	schiz_pfc_4	GSE92538	MDD	PFC_DLPFC	F	46.0	9.5	7.39	108700	DLPFC_Female_MajorDepressiveDisorder_p_UCDavis_108700	False	False
GSE53987__HG-U133_Plus_2|STR	GSM1305031	GSE53987__HG-U133_Plus_2|STR	GSM1305042	0.6605023124319328	5.572526311944803	0.4875429382960901	GSE53987	MDD	STR	M	51.0	24.6	6.5	k36	MDD_str_10	GSE53987	SCZ	STR	M	47.0	28.9	6.58	k62	schiz_str_4	False	False
GSE53987__HG-U133_Plus_2|STR	GSM1305039	GSE53987__HG-U133_Plus_2|STR	GSM1305053	0.40123006326289784	3.4303087822262244	0.3762287293431191	GSE53987	SCZ	STR	M	50.0	11.0	6.23	k59	schiz_str_1	GSE53987	SCZ	STR	M	32.0	30.8	6.18	k73	schiz_str_15	False	True
GSE53987__HG-U133_Plus_2|STR	GSM1305010	GSE54567__HG-U133_Plus_2|PFC_BA9	GSM1319056	0.6650119749687201	6.413479991174202	0.4237159221671547	GSE53987	CTL	STR	M	68.0	11.8	6.8	k33	control_str_6	GSE54567	CTL	PFC_BA9	M				Mpair18_CTL	Control matched sample pair brain dorsolateral prefrontal cortex BA9_M #18	False	True
GSE53987__HG-U133_Plus_2|STR	GSM1305013	GSE54567__HG-U133_Plus_2|PFC_BA9	GSM1319058	0.3915084443469719	3.7900693437288666	0.27391278714899825	GSE53987	CTL	STR	M	46.0	22.0	6.3	k69	control_str_9	GSE54567	CTL	PFC_BA9	M				Mpair22_CTL	Control matched sample pair brain dorsolateral prefrontal cortex BA9_M #22	False	True
GSE53987__HG-U133_Plus_2|STR	GSM1305018	GSE54567__HG-U133_Plus_2|PFC_BA9	GSM1319067	0.4057276061081618	3.9264577123808317	0.27328722442081077	GSE53987	CTL	STR	M	55.0	28.0	6.1	k22	control_str_14	GSE54567	MDD	PFC_BA9	M				Mpair7_MDD	MDD matched sample pair brain dorsolateral prefrontal cortex BA9_M #7	False	False
GSE53987__HG-U133_Plus_2|STR	GSM1305019	GSE54567__HG-U133_Plus_2|PFC_BA9	GSM1319051	0.6633710821689451	6.397740758731899	0.33810107442110954	GSE53987	CTL	STR	M	22.0	20.1	6.8	k23	control_str_15	GSE54567	CTL	PFC_BA9	M				Mpair2_CTL	Control matched sample pair brain dorsolateral prefrontal cortex BA9_M #2	False	True
GSE53987__HG-U133_Plus_2|STR	GSM1305023	GSE54567__HG-U133_Plus_2|PFC_BA9	GSM1319076	0.5748991031114706	5.549128927899894	0.23710800694723227	GSE53987	MDD	STR	M	42.0	14.3	6.4	k45	MDD_str_1	GSE54567	MDD	PFC_BA9	M				Mpair29_MDD	MDD matched sample pair brain dorsolateral prefrontal cortex BA9_M #29	False	True
GSE53987__HG-U133_Plus_2|STR	GSM1305031	GSE54567__HG-U133_Plus_2|PFC_BA9	GSM1319073	0.7716315902493117	7.436161611838399	0.2275376090250561	GSE53987	MDD	STR	M	51.0	24.6	6.5	k36	MDD_str_10	GSE54567	MDD	PFC_BA9	M				Mpair25_MDD	MDD matched sample pair brain dorsolateral prefrontal cortex BA9_M #25	False	True
GSE53987__HG-U133_Plus_2|STR	GSM1305007	GSE54568__HG-U133_Plus_2|PFC_BA9	GSM1319082	0.6579053491432231	5.917219264850712	0.2671825848768764	GSE53987	CTL	STR	F	39.0	24.5	6.8	k30	control_str_3	GSE54568	CTL	PFC_BA9	F				Fpair9_CTL	Control matched sample pair brain dorsolateral prefrontal cortex BA9_F #9	False	True
GSE53987__HG-U133_Plus_2|STR	GSM1305015	GSE54568__HG-U133_Plus_2|PFC_BA9	GSM1319084	0.6320237427690675	5.685086489957569	0.18103910791629174	GSE53987	CTL	STR	F	51.0	7.8	6.6	k19	control_str_11	GSE54568	CTL	PFC_BA9	F				Fpair12_CTL	Control matched sample pair brain dorsolateral prefrontal cortex BA9_F #12	False	True
GSE53987__HG-U133_Plus_2|STR	GSM1305016	GSE54568__HG-U133_Plus_2|PFC_BA9	GSM1319092	0.5511829297263902	4.960023215872953	0.09817373975728054	GSE53987	CTL	STR	F	36.0	14.5	6.4	k20	control_str_12	GSE54568	CTL	PFC_BA9	F				Fpair28_CTL	Control matched sample pair brain dorsolateral prefrontal cortex BA9_F #28	False	True
GSE53987__HG-U133_Plus_2|STR	GSM1305017	GSE54568__HG-U133_Plus_2|PFC_BA9	GSM1319091	0.7595240070700661	6.828639549374873	0.40015318716383524	GSE53987	CTL	STR	F	65.0	18.5	6.5	k21	control_str_13	GSE54568	CTL	PFC_BA9	F				Fpair24_CTL	Control matched sample pair brain dorsolateral prefrontal cortex BA9_F #24	False	True
GSE53987__HG-U133_Plus_2|STR	GSM1305018	GSE54568__HG-U133_Plus_2|PFC_BA9	GSM1319078	0.4277926638593464	3.8533328352047196	0.22889834933464123	GSE53987	CTL	STR	M	55.0	28.0	6.1	k22	control_str_14	GSE54568	CTL	PFC_BA9	F				Fpair3_CTL	Control matched sample pair brain dorsolateral prefrontal cortex BA9_F #3	False	True
GSE53987__HG-U133_Plus_2|STR	GSM1305019	GSE54568__HG-U133_Plus_2|PFC_BA9	GSM1319088	0.3389312969553216	3.056333012936075	0.2762603402369082	GSE53987	CTL	STR	M	22.0	20.1	6.8	k23	control_str_15	GSE54568	CTL	PFC_BA9	F				Fpair17_CTL	Control matched sample pair brain dorsolateral prefrontal cortex BA9_F #17	False	True
GSE53987__HG-U133_Plus_2|STR	GSM1305020	GSE54568__HG-U133_Plus_2|PFC_BA9	GSM1319085	0.5131904929244152	4.6192680999694264	0.2596348237826924	GSE53987	CTL	STR	F	52.0	22.6	7.1	k24	control_str_16	GSE54568	CTL	PFC_BA9	F				Fpair13_CTL	Control matched sample pair brain dorsolateral prefrontal cortex BA9_F #13	False	True
GSE53987__HG-U133_Plus_2|STR	GSM1305021	GSE54568__HG-U133_Plus_2|PFC_BA9	GSM1319081	0.5815157909659824	5.232079406984273	0.16127603322313436	GSE53987	CTL	STR	F	58.0	22.7	6.4	k25	control_str_17	GSE54568	CTL	PFC_BA9	F				Fpair8_CTL	Control matched sample pair brain dorsolateral prefrontal cortex BA9_F #8	False	True
GSE53987__HG-U133_Plus_2|STR	GSM1305022	GSE54568__HG-U133_Plus_2|PFC_BA9	GSM1319089	0.5678213453476761	5.109253581722705	0.1712678972420618	GSE53987	CTL	STR	F	40.0	16.6	6.8	k26	control_str_18	GSE54568	CTL	PFC_BA9	F				Fpair19_CTL	Control matched sample pair brain dorsolateral prefrontal cortex BA9_F #19	False	True
GSE53987__HG-U133_Plus_2|STR	GSM1305028	GSE54568__HG-U133_Plus_2|PFC_BA9	GSM1319102	0.5872523418088487	5.283530674970478	0.19037848812361632	GSE53987	MDD	STR	F	47.0	22.3	6.6	k50	MDD_str_7	GSE54568	MDD	PFC_BA9	F				Fpair16_MDD	MDD matched sample pair brain dorsolateral prefrontal cortex BA9_F #16	False	True
GSE53987__HG-U133_Plus_2|STR	GSM1305032	GSE54568__HG-U133_Plus_2|PFC_BA9	GSM1319098	0.5982723769376738	5.382369645662363	0.17368253691294508	GSE53987	MDD	STR	F	53.0	11.9	6.7	k37	MDD_str_11	GSE54568	MDD	PFC_BA9	F				Fpair10_MDD	MDD matched sample pair brain dorsolateral prefrontal cortex BA9_F #10	False	True
GSE53987__HG-U133_Plus_2|STR	GSM1305033	GSE54568__HG-U133_Plus_2|PFC_BA9	GSM1319101	0.5679140355205581	5.110084922201552	0.2946479415398674	GSE53987	MDD	STR	F	26.0	13.4	6.4	k38	MDD_str_12	GSE54568	MDD	PFC_BA9	F				Fpair14_MDD	MDD matched sample pair brain dorsolateral prefrontal cortex BA9_F #14	False	True
GSE53987__HG-U133_Plus_2|STR	GSM1305034	GSE54568__HG-U133_Plus_2|PFC_BA9	GSM1319099	0.45770136505810727	4.121584724301181	0.19669113079400188	GSE53987	MDD	STR	F	52.0	10.3	6.5	k39	MDD_str_13	GSE54568	MDD	PFC_BA9	F				Fpair12_MDD	MDD matched sample pair brain dorsolateral prefrontal cortex BA9_F #12	False	True
GSE53987__HG-U133_Plus_2|STR	GSM1305038	GSE54568__HG-U133_Plus_2|PFC_BA9	GSM1319096	0.5318996791438325	4.787071259105741	0.20064517912110982	GSE53987	MDD	STR	F	54.0	17.9	6.2	k43	MDD_str_17	GSE54568	MDD	PFC_BA9	F				Fpair8_MDD	MDD matched sample pair brain dorsolateral prefrontal cortex BA9_F #8	False	True
GSE53987__HG-U133_Plus_2|STR	GSM1305007	GSE54571__HG-U133_Plus_2|ACC_BA25	GSM1319145	0.6137716779036116	5.175408666555516	0.2798680779547013	GSE53987	CTL	STR	F	39.0	24.5	6.8	k30	control_str_3	GSE54571	CTL	ACC_BA25	F				Fpair9_CTL	Control matched sample pair brain anterior cingulate cortex BA25_F #9	False	True
GSE53987__HG-U133_Plus_2|STR	GSM1305015	GSE54571__HG-U133_Plus_2|ACC_BA25	GSM1319147	0.6360595554707298	5.363395819265017	0.19050504076744565	GSE53987	CTL	STR	F	51.0	7.8	6.6	k19	control_str_11	GSE54571	CTL	ACC_BA25	F				Fpair12_CTL	Control matched sample pair brain anterior cingulate cortex BA25_F #12	False	True
GSE53987__HG-U133_Plus_2|STR	GSM1305017	GSE54571__HG-U133_Plus_2|ACC_BA25	GSM1319154	0.6922290997728591	5.837157965101893	0.37723619314031515	GSE53987	CTL	STR	F	65.0	18.5	6.5	k21	control_str_13	GSE54571	CTL	ACC_BA25	F				Fpair24_CTL	Control matched sample pair brain anterior cingulate cortex BA25_F #24	False	True
GSE53987__HG-U133_Plus_2|STR	GSM1305020	GSE54571__HG-U133_Plus_2|ACC_BA25	GSM1319148	0.6595682326813895	5.56167980927215	0.30201962780031716	GSE53987	CTL	STR	F	52.0	22.6	7.1	k24	control_str_16	GSE54571	CTL	ACC_BA25	F				Fpair13_CTL	Control matched sample pair brain anterior cingulate cortex BA25_F #13	False	True
GSE53987__HG-U133_Plus_2|STR	GSM1305021	GSE54571__HG-U133_Plus_2|ACC_BA25	GSM1319144	0.5072869432662661	4.277262936383608	0.10859824867757199	GSE53987	CTL	STR	F	58.0	22.7	6.4	k25	control_str_17	GSE54571	CTL	ACC_BA25	F				Fpair8_CTL	Control matched sample pair brain anterior cingulate cortex BA25_F #8	False	True
GSE53987__HG-U133_Plus_2|STR	GSM1305022	GSE54571__HG-U133_Plus_2|ACC_BA25	GSM1319152	0.5860953977373807	4.941973020188004	0.2109241839603881	GSE53987	CTL	STR	F	40.0	16.6	6.8	k26	control_str_18	GSE54571	CTL	ACC_BA25	F				Fpair19_CTL	Control matched sample pair brain anterior cingulate cortex BA25_F #19	False	True
GSE53987__HG-U133_Plus_2|STR	GSM1305028	GSE54571__HG-U133_Plus_2|ACC_BA25	GSM1319163	0.45261218684967824	3.81610858227842	0.12106259182690189	GSE53987	MDD	STR	F	47.0	22.3	6.6	k50	MDD_str_7	GSE54571	MDD	ACC_BA25	F				Fpair16_MDD	MDD matched sample pair brain anterior cingulate cortex BA25_F #16	False	True
GSE53987__HG-U133_Plus_2|STR	GSM1305032	GSE54571__HG-U133_Plus_2|ACC_BA25	GSM1319159	0.556542136973861	4.692705976814979	0.13551859443134248	GSE53987	MDD	STR	F	53.0	11.9	6.7	k37	MDD_str_11	GSE54571	MDD	ACC_BA25	F				Fpair10_MDD	MDD matched sample pair brain anterior cingulate cortex BA25_F #10	False	True
GSE53987__HG-U133_Plus_2|STR	GSM1305033	GSE54571__HG-U133_Plus_2|ACC_BA25	GSM1319162	0.6651796887591797	5.609009647990148	0.19226210429906843	GSE53987	MDD	STR	F	26.0	13.4	6.4	k38	MDD_str_12	GSE54571	MDD	ACC_BA25	F				Fpair14_MDD	MDD matched sample pair brain anterior cingulate cortex BA25_F #14	False	True
GSE53987__HG-U133_Plus_2|STR	GSM1305034	GSE54571__HG-U133_Plus_2|ACC_BA25	GSM1319160	0.3893615386736085	3.2826208501315137	0.23886655881415647	GSE53987	MDD	STR	F	52.0	10.3	6.5	k39	MDD_str_13	GSE54571	MDD	ACC_BA25	F				Fpair12_MDD	MDD matched sample pair brain anterior cingulate cortex BA25_F #12	False	True
GSE53987__HG-U133_Plus_2|STR	GSM1305037	GSE54571__HG-U133_Plus_2|ACC_BA25	GSM1319161	0.4824499176602134	4.067774988893122	0.17811011822917683	GSE53987	MDD	STR	F	49.0	23.4	6.4	k42	MDD_str_16	GSE54571	MDD	ACC_BA25	F				Fpair13_MDD	MDD matched sample pair brain anterior cingulate cortex BA25_F #13	False	True
GSE53987__HG-U133_Plus_2|STR	GSM1305038	GSE54571__HG-U133_Plus_2|ACC_BA25	GSM1319157	0.5814738619823135	4.902992666624774	0.2262892592396087	GSE53987	MDD	STR	F	54.0	17.9	6.2	k43	MDD_str_17	GSE54571	MDD	ACC_BA25	F				Fpair8_MDD	MDD matched sample pair brain anterior cingulate cortex BA25_F #8	False	True
GSE53987__HG-U133_Plus_2|STR	GSM1304990	GSE54572__HG-U133_Plus_2|ACC_BA25	GSM1319182	0.35737830355158545	3.261076873164943	0.22199373660840474	GSE53987	BD	STR	F	39.0	22.2	6.7	k11	bipolar_str_3	GSE54572	MDD	ACC_BA25	M				Mpair7_MDD	MDD matched sample pair brain anterior cingulate cortex BA25_M #7	False	False
GSE53987__HG-U133_Plus_2|STR	GSM1305006	GSE54572__HG-U133_Plus_2|ACC_BA25	GSM1319173	0.3319700604782091	3.031558354411189	0.11509039666898847	GSE53987	CTL	STR	M	48.0	21.68	6.6	k29	control_str_2	GSE54572	CTL	ACC_BA25	M				Mpair18_CTL	Control matched sample pair brain anterior cingulate cortex BA25_M #18	False	True
GSE53987__HG-U133_Plus_2|STR	GSM1305019	GSE54572__HG-U133_Plus_2|ACC_BA25	GSM1319168	0.6344299962669184	5.763748700831521	0.2149175361075579	GSE53987	CTL	STR	M	22.0	20.1	6.8	k23	control_str_15	GSE54572	CTL	ACC_BA25	M				Mpair2_CTL	Control matched sample pair brain anterior cingulate cortex BA25_M #2	False	True
GSE53987__HG-U133_Plus_2|STR	GSM1305023	GSE54572__HG-U133_Plus_2|ACC_BA25	GSM1319190	0.42347020219623066	3.8581002342346093	0.21470367081397912	GSE53987	MDD	STR	M	42.0	14.3	6.4	k45	MDD_str_1	GSE54572	MDD	ACC_BA25	M				Mpair29_MDD	MDD matched sample pair brain anterior cingulate cortex BA25_M #29	False	True
GSE53987__HG-U133_Plus_2|STR	GSM1305024	GSE54572__HG-U133_Plus_2|ACC_BA25	GSM1319185	0.5194066950880949	4.7247166972219	0.3166507795531104	GSE53987	MDD	STR	M	44.0	19.3	6.5	k46	MDD_str_2	GSE54572	MDD	ACC_BA25	M				Mpair18_MDD	MDD matched sample pair brain anterior cingulate cortex BA25_M #18	False	True
GSE53987__HG-U133_Plus_2|STR	GSM1305031	GSE54572__HG-U133_Plus_2|ACC_BA25	GSM1319188	0.6593774312783436	5.989104634100581	0.4983117030934081	GSE53987	MDD	STR	M	51.0	24.6	6.5	k36	MDD_str_10	GSE54572	MDD	ACC_BA25	M				Mpair25_MDD	MDD matched sample pair brain anterior cingulate cortex BA25_M #25	False	True
GSE53987__HG-U133_Plus_2|STR	GSM1304990	GSE92538__HG-U133A|PFC_DLPFC	GSM2431916	0.498514755782667	5.104081298836796	0.4873335140402303	GSE53987	BD	STR	F	39.0	22.2	6.7	k11	bipolar_str_3	GSE92538	SCZ	PFC_DLPFC	F	59.0	13.25	6.38	101657	DLPFC_Female_Schizophrenia_UMichigan_101657	False	False
GSE53987__HG-U133_Plus_2|STR	GSM1305002	GSE92538__HG-U133A|PFC_DLPFC	GSM2432092	0.3326044885038952	3.4063613757207034	0.2709661698442599	GSE53987	BD	STR	F	49.0	21.5	6.7	k6	bipolar_str_16	GSE92538	CTL	PFC_DLPFC	F	57.0	16.5	6.61	109991	DLPFC_Female_Control_UMichigan_109991	False	False
GSE53987__HG-U133_Plus_2|STR	GSM1305011	GSE92538__HG-U133A|PFC_DLPFC	GSM2431743	0.34056155697525886	3.4877841465654673	0.313380932450836	GSE53987	CTL	STR	F	58.0	18.8	6.6	k34	control_str_7	GSE92538	SCZ	PFC_DLPFC	M	44.0	24.0	7.21	102118	DLPFC_Male_Schizophrenia_UCDavis_102118	False	False
GSE53987__HG-U133_Plus_2|STR	GSM1305018	GSE92538__HG-U133A|PFC_DLPFC	GSM2431832	0.311738192832745	3.192841582982262	0.26100608728952274	GSE53987	CTL	STR	M	55.0	28.0	6.1	k22	control_str_14	GSE92538	MDD	PFC_DLPFC	M	46.0	27.3	6.91	107061	DLPFC_Male_MajorDepressiveDisorder_UCDavis_107061	False	False
GSE53987__HG-U133_Plus_2|STR	GSM1305019	GSE92538__HG-U133A|PFC_DLPFC	GSM2431801	0.4225058903151926	4.326300831394363	0.3631273709078428	GSE53987	CTL	STR	M	22.0	20.1	6.8	k23	control_str_15	GSE92538	CTL	PFC_DLPFC	M	18.0	22.0	6.97	105928	DLPFC_Male_Control_UCDavis_105928	False	True
GSE53987__HG-U133_Plus_2|STR	GSM1305020	GSE92538__HG-U133A|PFC_DLPFC	GSM2431740	0.34003867460072923	3.482433616792686	0.2602189735246833	GSE53987	CTL	STR	F	52.0	22.6	7.1	k24	control_str_16	GSE92538	CTL	PFC_DLPFC	F	73.0	24.0	6.54	102038	DLPFC_Female_Control_UCDavis_102038	False	True
GSE53987__HG-U133_Plus_2|STR	GSM1305030	GSE92538__HG-U133A|PFC_DLPFC	GSM2432025	0.3584278389469343	3.6706055195451026	0.28339735421639883	GSE53987	MDD	STR	M	51.0	28.3	7.3	k52	MDD_str_9	GSE92538	CTL	PFC_DLPFC	F	73.0	15.5	7.51	107131	DLPFC_Female_Control_UMichigan_107131	False	False
GSE53987__HG-U133_Plus_2|STR	GSM1305031	GSE92538__HG-U133A|PFC_DLPFC	GSM2431856	0.45967024703250786	4.706594768976685	0.4576803313913809	GSE53987	MDD	STR	M	51.0	24.6	6.5	k36	MDD_str_10	GSE92538	CTL	PFC_DLPFC	M	25.0	13.75	6.87	108632	DLPFC_Male_Control_UCDavis_108632	False	False
GSE53987__HG-U133_Plus_2|STR	GSM1305035	GSE92538__HG-U133A|PFC_DLPFC	GSM2431815	0.39037409080145036	3.997503843150153	0.337060667773339	GSE53987	MDD	STR	M	62.0	26.0	6.5	k40	MDD_str_14	GSE92538	SCZ	PFC_DLPFC	M	64.0	8.5	6.24	106495	DLPFC_Male_Schizophrenia_UCDavis_106495	False	False
GSE53987__HG-U133_Plus_2|STR	GSM1305038	GSE92538__HG-U133A|PFC_DLPFC	GSM2431734	0.3043411625083518	3.117149548007022	0.275112373747097	GSE53987	MDD	STR	F	54.0	17.9	6.2	k43	MDD_str_17	GSE92538	CTL	PFC_DLPFC	M	52.0	23.0	6.06	101736	DLPFC_Male_Control_UCDavis_101736	False	False
GSE53987__HG-U133_Plus_2|STR	GSM1305039	GSE92538__HG-U133A|PFC_DLPFC	GSM2431783	0.4055715973682621	4.153016278295661	0.37234847257340725	GSE53987	SCZ	STR	M	50.0	11.0	6.23	k59	schiz_str_1	GSE92538	SCZ	PFC_DLPFC	M	48.0	19.5	6.24	104655	DLPFC_Male_Schizophrenia_UCDavis_104655	False	True
GSE53987__HG-U133_Plus_2|STR	GSM1305046	GSE92538__HG-U133A|PFC_DLPFC	GSM2431758	0.3350178018752306	3.431056231912782	0.2627873905508394	GSE53987	SCZ	STR	M	38.0	28.8	6.56	k66	schiz_str_8	GSE92538	MDD	PFC_DLPFC	M	53.0	17.3	6.62	102636	DLPFC_Male_MajorDepressiveDisorder_UCDavis_102636	False	False
GSE53987__HG-U133_Plus_2|STR	GSM1305051	GSE92538__HG-U133A|PFC_DLPFC	GSM2431855	0.308096925421488	3.1555813679824434	0.29694029868575694	GSE53987	SCZ	STR	F	41.0	17.1	6.9	k71	schiz_str_13	GSE92538	SCZ	PFC_DLPFC	F	59.0	14.8	6.55	108583	DLPFC_Female_Schizophrenia_UCDavis_108583	False	True
GSE53987__HG-U133_Plus_2|STR	GSM1304990	GSE92538__HG-U133_Plus_2|PFC_DLPFC	GSM2431877	0.5221178522615657	5.1322605929827025	0.4331484589773616	GSE53987	BD	STR	F	39.0	22.2	6.7	k11	bipolar_str_3	GSE92538	CTL	PFC_DLPFC	M	32.0	10.0	7.04	109882	DLPFC_Male_Control_p_UCDavis_109882	False	False
GSE53987__HG-U133_Plus_2|STR	GSM1305002	GSE92538__HG-U133_Plus_2|PFC_DLPFC	GSM2431736	0.441059015441788	4.335658450058699	0.3843218973656819	GSE53987	BD	STR	F	49.0	21.5	6.7	k6	bipolar_str_16	GSE92538	CTL	PFC_DLPFC	M	66.0	18.5	6.94	101772	DLPFC_Male_Control_p_UCDavis_101772	False	False
GSE53987__HG-U133_Plus_2|STR	GSM1305018	GSE92538__HG-U133_Plus_2|PFC_DLPFC	GSM2431760	0.4066492353161867	3.9974978538668013	0.3215625304910127	GSE53987	CTL	STR	M	55.0	28.0	6.1	k22	control_str_14	GSE92538	CTL	PFC_DLPFC	M	69.0	25.8	7.12	102854	DLPFC_Male_Control_p_UCDavis_102854	False	True
GSE53987__HG-U133_Plus_2|STR	GSM1305019	GSE92538__HG-U133_Plus_2|PFC_DLPFC	GSM2431716	0.36347674009220976	3.573222061614067	0.3414046425861917	GSE53987	CTL	STR	M	22.0	20.1	6.8	k23	control_str_15	GSE92538	SCZ	PFC_DLPFC	M	39.0	7.5	6.83	101078	DLPFC_Male_Schizophrenia_p_UCDavis_101078	False	False
GSE53987__HG-U133_Plus_2|STR	GSM1305020	GSE92538__HG-U133_Plus_2|PFC_DLPFC	GSM2432068	0.31964102180237286	3.1424284739397756	0.30513722537369853	GSE53987	CTL	STR	F	52.0	22.6	7.1	k24	control_str_16	GSE92538	MDD	PFC_DLPFC	M	28.0	33.0	7.07	109248	DLPFC_Male_MajorDepressiveDisorder_p_UMichigan_109248	False	False
GSE53987__HG-U133_Plus_2|STR	GSM1305031	GSE92538__HG-U133_Plus_2|PFC_DLPFC	GSM2431858	0.49703065900435117	4.885717307972602	0.49620259945789064	GSE53987	MDD	STR	M	51.0	24.6	6.5	k36	MDD_str_10	GSE92538	MDD	PFC_DLPFC	F	46.0	9.5	7.39	108700	DLPFC_Female_MajorDepressiveDisorder_p_UCDavis_108700	False	True
GSE53987__HG-U133_Plus_2|STR	GSM1305051	GSE92538__HG-U133_Plus_2|PFC_DLPFC	GSM2431747	0.3374394889976635	3.3173421251195285	0.32460163695036026	GSE53987	SCZ	STR	F	41.0	17.1	6.9	k71	schiz_str_13	GSE92538	SCZ	PFC_DLPFC	M	59.0	35.75	6.42	102317	DLPFC_Male_Schizophrenia_p_UCDavis_102317	False	True
GSE54567__HG-U133_Plus_2|PFC_BA9	GSM1319051	GSE54567__HG-U133_Plus_2|PFC_BA9	GSM1319056	0.4268967589313117	3.2500290535240404	0.2591261360352145	GSE54567	CTL	PFC_BA9	M				Mpair2_CTL	Control matched sample pair brain dorsolateral prefrontal cortex BA9_M #2	GSE54567	CTL	PFC_BA9	M				Mpair18_CTL	Control matched sample pair brain dorsolateral prefrontal cortex BA9_M #18	False	True
GSE54567__HG-U133_Plus_2|PFC_BA9	GSM1319051	GSE54568__HG-U133_Plus_2|PFC_BA9	GSM1319088	0.32197127414249294	3.1542615288698266	0.2752022042604135	GSE54567	CTL	PFC_BA9	M				Mpair2_CTL	Control matched sample pair brain dorsolateral prefrontal cortex BA9_M #2	GSE54568	CTL	PFC_BA9	F				Fpair17_CTL	Control matched sample pair brain dorsolateral prefrontal cortex BA9_F #17	False	True
GSE54567__HG-U133_Plus_2|PFC_BA9	GSM1319057	GSE54568__HG-U133_Plus_2|PFC_BA9	GSM1319099	0.32597171221969107	3.192768847997952	0.25934829582173446	GSE54567	CTL	PFC_BA9	M				Mpair20_CTL	Control matched sample pair brain dorsolateral prefrontal cortex BA9_M #20	GSE54568	MDD	PFC_BA9	F				Fpair12_MDD	MDD matched sample pair brain dorsolateral prefrontal cortex BA9_F #12	False	False
GSE54567__HG-U133_Plus_2|PFC_BA9	GSM1319067	GSE54568__HG-U133_Plus_2|PFC_BA9	GSM1319078	0.35353014677669664	3.458040154209854	0.3001199586079331	GSE54567	MDD	PFC_BA9	M				Mpair7_MDD	MDD matched sample pair brain dorsolateral prefrontal cortex BA9_M #7	GSE54568	CTL	PFC_BA9	F				Fpair3_CTL	Control matched sample pair brain dorsolateral prefrontal cortex BA9_F #3	False	False
GSE54567__HG-U133_Plus_2|PFC_BA9	GSM1319051	GSE54572__HG-U133_Plus_2|ACC_BA25	GSM1319168	0.6575210006269567	4.414483322499143	0.22926009524130372	GSE54567	CTL	PFC_BA9	M				Mpair2_CTL	Control matched sample pair brain dorsolateral prefrontal cortex BA9_M #2	GSE54572	CTL	ACC_BA25	M				Mpair2_CTL	Control matched sample pair brain anterior cingulate cortex BA25_M #2	False	True
GSE54567__HG-U133_Plus_2|PFC_BA9	GSM1319052	GSE54572__HG-U133_Plus_2|ACC_BA25	GSM1319169	0.6293893174740933	4.22944650507743	0.22933350420356663	GSE54567	CTL	PFC_BA9	M				Mpair4_CTL	Control matched sample pair brain dorsolateral prefrontal cortex BA9_M #4	GSE54572	CTL	ACC_BA25	M				Mpair4_CTL	Control matched sample pair brain anterior cingulate cortex BA25_M #4	False	True
GSE54567__HG-U133_Plus_2|PFC_BA9	GSM1319053	GSE54572__HG-U133_Plus_2|ACC_BA25	GSM1319170	0.6305644891574116	4.237176224874989	0.2377894405949972	GSE54567	CTL	PFC_BA9	M				Mpair7_CTL	Control matched sample pair brain dorsolateral prefrontal cortex BA9_M #7	GSE54572	CTL	ACC_BA25	M				Mpair7_CTL	Control matched sample pair brain anterior cingulate cortex BA25_M #7	False	True
GSE54567__HG-U133_Plus_2|PFC_BA9	GSM1319055	GSE54572__HG-U133_Plus_2|ACC_BA25	GSM1319172	0.6142328752593871	4.129754644636442	0.12454081691898601	GSE54567	CTL	PFC_BA9	M				Mpair15_CTL	Control matched sample pair brain dorsolateral prefrontal cortex BA9_M #15	GSE54572	CTL	ACC_BA25	M				Mpair15_CTL	Control matched sample pair brain anterior cingulate cortex BA25_M #15	False	True
GSE54567__HG-U133_Plus_2|PFC_BA9	GSM1319057	GSE54572__HG-U133_Plus_2|ACC_BA25	GSM1319186	0.510461239568033	3.4471942339196335	0.4635743531245366	GSE54567	CTL	PFC_BA9	M				Mpair20_CTL	Control matched sample pair brain dorsolateral prefrontal cortex BA9_M #20	GSE54572	MDD	ACC_BA25	M				Mpair20_MDD	MDD matched sample pair brain anterior cingulate cortex BA25_M #20	False	False
GSE54567__HG-U133_Plus_2|PFC_BA9	GSM1319059	GSE54572__HG-U133_Plus_2|ACC_BA25	GSM1319176	0.6472996126420236	4.347251899050808	0.2619023070250678	GSE54567	CTL	PFC_BA9	M				Mpair25_CTL	Control matched sample pair brain dorsolateral prefrontal cortex BA9_M #25	GSE54572	CTL	ACC_BA25	M				Mpair25_CTL	Control matched sample pair brain anterior cingulate cortex BA25_M #25	False	True
GSE54567__HG-U133_Plus_2|PFC_BA9	GSM1319060	GSE54572__HG-U133_Plus_2|ACC_BA25	GSM1319177	0.5879480162570624	3.9568653571473087	0.2195941480039873	GSE54567	CTL	PFC_BA9	M				Mpair26_CTL	Control matched sample pair brain dorsolateral prefrontal cortex BA9_M #26	GSE54572	CTL	ACC_BA25	M				Mpair26_CTL	Control matched sample pair brain anterior cingulate cortex BA25_M #26	False	True
GSE54567__HG-U133_Plus_2|PFC_BA9	GSM1319063	GSE54572__HG-U133_Plus_2|ACC_BA25	GSM1319179	0.5717811609916007	3.850527480747119	0.22381242466630344	GSE54567	CTL	PFC_BA9	M				Mpair30_CTL	Control matched sample pair brain dorsolateral prefrontal cortex BA9_M #30	GSE54572	CTL	ACC_BA25	M				Mpair30_CTL	Control matched sample pair brain anterior cingulate cortex BA25_M #30	False	True
GSE54567__HG-U133_Plus_2|PFC_BA9	GSM1319065	GSE54572__HG-U133_Plus_2|ACC_BA25	GSM1319180	0.6873383965360396	4.610607955811683	0.17104710835066436	GSE54567	MDD	PFC_BA9	M				Mpair2_MDD	MDD matched sample pair brain dorsolateral prefrontal cortex BA9_M #2	GSE54572	MDD	ACC_BA25	M				Mpair2_MDD	MDD matched sample pair brain anterior cingulate cortex BA25_M #2	False	True
GSE54567__HG-U133_Plus_2|PFC_BA9	GSM1319067	GSE54572__HG-U133_Plus_2|ACC_BA25	GSM1319182	0.7686432675957463	5.145392685897751	0.2552918952960653	GSE54567	MDD	PFC_BA9	M				Mpair7_MDD	MDD matched sample pair brain dorsolateral prefrontal cortex BA9_M #7	GSE54572	MDD	ACC_BA25	M				Mpair7_MDD	MDD matched sample pair brain anterior cingulate cortex BA25_M #7	False	True
GSE54567__HG-U133_Plus_2|PFC_BA9	GSM1319069	GSE54572__HG-U133_Plus_2|ACC_BA25	GSM1319184	0.5667468025554869	3.8174138679669385	0.23143101110593745	GSE54567	MDD	PFC_BA9	M				Mpair15_MDD	MDD matched sample pair brain dorsolateral prefrontal cortex BA9_M #15	GSE54572	MDD	ACC_BA25	M				Mpair15_MDD	MDD matched sample pair brain anterior cingulate cortex BA25_M #15	False	True
GSE54567__HG-U133_Plus_2|PFC_BA9	GSM1319072	GSE54572__HG-U133_Plus_2|ACC_BA25	GSM1319187	0.5981340368126769	4.023864150485105	0.42505604221183474	GSE54567	MDD	PFC_BA9	M				Mpair22_MDD	MDD matched sample pair brain dorsolateral prefrontal cortex BA9_M #22	GSE54572	MDD	ACC_BA25	M				Mpair22_MDD	MDD matched sample pair brain anterior cingulate cortex BA25_M #22	False	True
GSE54567__HG-U133_Plus_2|PFC_BA9	GSM1319073	GSE54572__HG-U133_Plus_2|ACC_BA25	GSM1319188	0.8161521796497714	5.457883688937861	0.3241160888691407	GSE54567	MDD	PFC_BA9	M				Mpair25_MDD	MDD matched sample pair brain dorsolateral prefrontal cortex BA9_M #25	GSE54572	MDD	ACC_BA25	M				Mpair25_MDD	MDD matched sample pair brain anterior cingulate cortex BA25_M #25	False	True
GSE54567__HG-U133_Plus_2|PFC_BA9	GSM1319074	GSE54572__HG-U133_Plus_2|ACC_BA25	GSM1319189	0.6545167363740289	4.394722702665807	0.2074634698397141	GSE54567	MDD	PFC_BA9	M				Mpair26_MDD	MDD matched sample pair brain dorsolateral prefrontal cortex BA9_M #26	GSE54572	MDD	ACC_BA25	M				Mpair26_MDD	MDD matched sample pair brain anterior cingulate cortex BA25_M #26	False	True
GSE54567__HG-U133_Plus_2|PFC_BA9	GSM1319076	GSE54572__HG-U133_Plus_2|ACC_BA25	GSM1319190	0.7468790923784461	5.002238303910201	0.15084433842034256	GSE54567	MDD	PFC_BA9	M				Mpair29_MDD	MDD matched sample pair brain dorsolateral prefrontal cortex BA9_M #29	GSE54572	MDD	ACC_BA25	M				Mpair29_MDD	MDD matched sample pair brain anterior cingulate cortex BA25_M #29	False	True
GSE54567__HG-U133_Plus_2|PFC_BA9	GSM1319051	GSE92538__HG-U133A|PFC_DLPFC	GSM2431801	0.42859643898670957	4.259056446974947	0.4056099447260719	GSE54567	CTL	PFC_BA9	M				Mpair2_CTL	Control matched sample pair brain dorsolateral prefrontal cortex BA9_M #2	GSE92538	CTL	PFC_DLPFC	M	18.0	22.0	6.97	105928	DLPFC_Male_Control_UCDavis_105928	False	True
GSE54567__HG-U133_Plus_2|PFC_BA9	GSM1319057	GSE92538__HG-U133A|PFC_DLPFC	GSM2431855	0.3176681369866205	3.1601460235403316	0.29068544584008865	GSE54567	CTL	PFC_BA9	M				Mpair20_CTL	Control matched sample pair brain dorsolateral prefrontal cortex BA9_M #20	GSE92538	SCZ	PFC_DLPFC	F	59.0	14.8	6.55	108583	DLPFC_Female_Schizophrenia_UCDavis_108583	False	False
GSE54567__HG-U133_Plus_2|PFC_BA9	GSM1319065	GSE92538__HG-U133A|PFC_DLPFC	GSM2432031	0.32365485728313564	3.2194534249645668	0.2981509293124497	GSE54567	MDD	PFC_BA9	M				Mpair2_MDD	MDD matched sample pair brain dorsolateral prefrontal cortex BA9_M #2	GSE92538	BD	PFC_DLPFC	M	23.0	9.0	7.12	107366	DLPFC_Male_BipolarDisorder_UMichigan_107366	False	False
GSE54567__HG-U133_Plus_2|PFC_BA9	GSM1319067	GSE92538__HG-U133A|PFC_DLPFC	GSM2431761	0.3788390519064775	3.766135250855908	0.35479225542692816	GSE54567	MDD	PFC_BA9	M				Mpair7_MDD	MDD matched sample pair brain dorsolateral prefrontal cortex BA9_M #7	GSE92538	SCZ	PFC_DLPFC	F	47.0	32.0	7.17	103037	DLPFC_Female_Schizophrenia_UCDavis_103037	False	False
GSE54567__HG-U133_Plus_2|PFC_BA9	GSM1319073	GSE92538__HG-U133A|PFC_DLPFC	GSM2431756	0.5309860878795782	5.273378765007846	0.473999120345417	GSE54567	MDD	PFC_BA9	M				Mpair25_MDD	MDD matched sample pair brain dorsolateral prefrontal cortex BA9_M #25	GSE92538	CTL	PFC_DLPFC	M	49.0	31.25	6.68	102539	DLPFC_Male_Control_UCDavis_102539	False	False
GSE54567__HG-U133_Plus_2|PFC_BA9	GSM1319074	GSE92538__HG-U133A|PFC_DLPFC	GSM2432053	0.33509140259120407	3.332749478546172	0.2696800401498798	GSE54567	MDD	PFC_BA9	M				Mpair26_MDD	MDD matched sample pair brain dorsolateral prefrontal cortex BA9_M #26	GSE92538	CTL	PFC_DLPFC	M	60.0	30.0	6.8	108759	DLPFC_Male_Control_UMichigan_108759	False	False
GSE54567__HG-U133_Plus_2|PFC_BA9	GSM1319051	GSE92538__HG-U133_Plus_2|PFC_DLPFC	GSM2431959	0.4034925197604858	3.7895205055135257	0.30635586822773564	GSE54567	CTL	PFC_BA9	M				Mpair2_CTL	Control matched sample pair brain dorsolateral prefrontal cortex BA9_M #2	GSE92538	MDD	PFC_DLPFC	M	31.0	27.5	7.0	103917	DLPFC_Male_MajorDepressiveDisorder_p_UMichigan_103917	False	False
GSE54567__HG-U133_Plus_2|PFC_BA9	GSM1319067	GSE92538__HG-U133_Plus_2|PFC_DLPFC	GSM2431877	0.618145240517497	5.7914170364387	0.6095494530307908	GSE54567	MDD	PFC_BA9	M				Mpair7_MDD	MDD matched sample pair brain dorsolateral prefrontal cortex BA9_M #7	GSE92538	CTL	PFC_DLPFC	M	32.0	10.0	7.04	109882	DLPFC_Male_Control_p_UCDavis_109882	False	False
GSE54567__HG-U133_Plus_2|PFC_BA9	GSM1319073	GSE92538__HG-U133_Plus_2|PFC_DLPFC	GSM2432052	0.535366605054279	5.019406029151606	0.5173422558841523	GSE54567	MDD	PFC_BA9	M				Mpair25_MDD	MDD matched sample pair brain dorsolateral prefrontal cortex BA9_M #25	GSE92538	MDD	PFC_DLPFC	F	46.0	9.5	7.39	108700	DLPFC_Female_MajorDepressiveDisorder_p_UMichigan_108700	False	True
GSE54568__HG-U133_Plus_2|PFC_BA9	GSM1319080	GSE54568__HG-U133_Plus_2|PFC_BA9	GSM1319094	0.4301526258674251	3.369901759313114	0.22857263919617982	GSE54568	CTL	PFC_BA9	F				Fpair6_CTL	Control matched sample pair brain dorsolateral prefrontal cortex BA9_F #6	GSE54568	MDD	PFC_BA9	F				Fpair5_MDD	MDD matched sample pair brain dorsolateral prefrontal cortex BA9_F #5	False	False
GSE54568__HG-U133_Plus_2|PFC_BA9	GSM1319088	GSE54568__HG-U133_Plus_2|PFC_BA9	GSM1319095	0.42801507690559926	3.3545112878390877	0.3295655637699677	GSE54568	CTL	PFC_BA9	F				Fpair17_CTL	Control matched sample pair brain dorsolateral prefrontal cortex BA9_F #17	GSE54568	MDD	PFC_BA9	F				Fpair6_MDD	MDD matched sample pair brain dorsolateral prefrontal cortex BA9_F #6	False	False
GSE54568__HG-U133_Plus_2|PFC_BA9	GSM1319100	GSE54568__HG-U133_Plus_2|PFC_BA9	GSM1319101	0.44351752134483646	3.466129750471151	0.21147207616905248	GSE54568	MDD	PFC_BA9	F				Fpair13_MDD	MDD matched sample pair brain dorsolateral prefrontal cortex BA9_F #13	GSE54568	MDD	PFC_BA9	F				Fpair14_MDD	MDD matched sample pair brain dorsolateral prefrontal cortex BA9_F #14	False	True
GSE54568__HG-U133_Plus_2|PFC_BA9	GSM1319079	GSE54571__HG-U133_Plus_2|ACC_BA25	GSM1319143	0.5297389205353428	3.8749369668505724	0.31542114985880304	GSE54568	CTL	PFC_BA9	F				Fpair5_CTL	Control matched sample pair brain dorsolateral prefrontal cortex BA9_F #5	GSE54571	CTL	ACC_BA25	F				Fpair5_CTL	Control matched sample pair brain anterior cingulate cortex BA25_F #5	False	True
GSE54568__HG-U133_Plus_2|PFC_BA9	GSM1319081	GSE54571__HG-U133_Plus_2|ACC_BA25	GSM1319144	0.5947453943391948	4.339472634193909	0.20847589839414482	GSE54568	CTL	PFC_BA9	F				Fpair8_CTL	Control matched sample pair brain dorsolateral prefrontal cortex BA9_F #8	GSE54571	CTL	ACC_BA25	F				Fpair8_CTL	Control matched sample pair brain anterior cingulate cortex BA25_F #8	False	True
GSE54568__HG-U133_Plus_2|PFC_BA9	GSM1319082	GSE54571__HG-U133_Plus_2|ACC_BA25	GSM1319145	0.6694458992223957	4.8732817589821185	0.1838703688886508	GSE54568	CTL	PFC_BA9	F				Fpair9_CTL	Control matched sample pair brain dorsolateral prefrontal cortex BA9_F #9	GSE54571	CTL	ACC_BA25	F				Fpair9_CTL	Control matched sample pair brain anterior cingulate cortex BA25_F #9	False	True
GSE54568__HG-U133_Plus_2|PFC_BA9	GSM1319083	GSE54571__HG-U133_Plus_2|ACC_BA25	GSM1319146	0.590025760395261	4.30574617318978	0.17267704249558077	GSE54568	CTL	PFC_BA9	F				Fpair10_CTL	Control matched sample pair brain dorsolateral prefrontal cortex BA9_F #10	GSE54571	CTL	ACC_BA25	F				Fpair10_CTL	Control matched sample pair brain anterior cingulate cortex BA25_F #10	False	True
GSE54568__HG-U133_Plus_2|PFC_BA9	GSM1319084	GSE54571__HG-U133_Plus_2|ACC_BA25	GSM1319147	0.7171062318637944	5.213862060202296	0.18494567731731756	GSE54568	CTL	PFC_BA9	F				Fpair12_CTL	Control matched sample pair brain dorsolateral prefrontal cortex BA9_F #12	GSE54571	CTL	ACC_BA25	F				Fpair12_CTL	Control matched sample pair brain anterior cingulate cortex BA25_F #12	False	True
GSE54568__HG-U133_Plus_2|PFC_BA9	GSM1319085	GSE54571__HG-U133_Plus_2|ACC_BA25	GSM1319148	0.5810736334692379	4.241774356040148	0.28171655311479804	GSE54568	CTL	PFC_BA9	F				Fpair13_CTL	Control matched sample pair brain dorsolateral prefrontal cortex BA9_F #13	GSE54571	CTL	ACC_BA25	F				Fpair13_CTL	Control matched sample pair brain anterior cingulate cortex BA25_F #13	False	True
GSE54568__HG-U133_Plus_2|PFC_BA9	GSM1319086	GSE54571__HG-U133_Plus_2|ACC_BA25	GSM1319149	0.6796658930510514	4.946313741423812	0.23725592664993228	GSE54568	CTL	PFC_BA9	F				Fpair14_CTL	Control matched sample pair brain dorsolateral prefrontal cortex BA9_F #14	GSE54571	CTL	ACC_BA25	F				Fpair14_CTL	Control matched sample pair brain anterior cingulate cortex BA25_F #14	False	True
GSE54568__HG-U133_Plus_2|PFC_BA9	GSM1319088	GSE54571__HG-U133_Plus_2|ACC_BA25	GSM1319151	0.6519280544639011	4.748099400531812	0.3502165065221508	GSE54568	CTL	PFC_BA9	F				Fpair17_CTL	Control matched sample pair brain dorsolateral prefrontal cortex BA9_F #17	GSE54571	CTL	ACC_BA25	F				Fpair17_CTL	Control matched sample pair brain anterior cingulate cortex BA25_F #17	False	True
GSE54568__HG-U133_Plus_2|PFC_BA9	GSM1319089	GSE54571__HG-U133_Plus_2|ACC_BA25	GSM1319152	0.6974796769653161	5.073610878375003	0.3156330325735204	GSE54568	CTL	PFC_BA9	F				Fpair19_CTL	Control matched sample pair brain dorsolateral prefrontal cortex BA9_F #19	GSE54571	CTL	ACC_BA25	F				Fpair19_CTL	Control matched sample pair brain anterior cingulate cortex BA25_F #19	False	True
GSE54568__HG-U133_Plus_2|PFC_BA9	GSM1319090	GSE54571__HG-U133_Plus_2|ACC_BA25	GSM1319153	0.4500295740403931	3.3053347057087206	0.28196019122153576	GSE54568	CTL	PFC_BA9	F				Fpair21_CTL	Control matched sample pair brain dorsolateral prefrontal cortex BA9_F #21	GSE54571	CTL	ACC_BA25	F				Fpair21_CTL	Control matched sample pair brain anterior cingulate cortex BA25_F #21	False	True
GSE54568__HG-U133_Plus_2|PFC_BA9	GSM1319091	GSE54571__HG-U133_Plus_2|ACC_BA25	GSM1319154	0.6735175662558752	4.902377854369547	0.41243911858086213	GSE54568	CTL	PFC_BA9	F				Fpair24_CTL	Control matched sample pair brain dorsolateral prefrontal cortex BA9_F #24	GSE54571	CTL	ACC_BA25	F				Fpair24_CTL	Control matched sample pair brain anterior cingulate cortex BA25_F #24	False	True
GSE54568__HG-U133_Plus_2|PFC_BA9	GSM1319093	GSE54571__HG-U133_Plus_2|ACC_BA25	GSM1319155	0.678706426629385	4.939457403148532	0.1723464745105076	GSE54568	MDD	PFC_BA9	F				Fpair3_MDD	MDD matched sample pair brain dorsolateral prefrontal cortex BA9_F #3	GSE54571	MDD	ACC_BA25	F				Fpair3_MDD	MDD matched sample pair brain anterior cingulate cortex BA25_F #3	False	True
GSE54568__HG-U133_Plus_2|PFC_BA9	GSM1319096	GSE54571__HG-U133_Plus_2|ACC_BA25	GSM1319157	0.5084556281109248	3.722846753813136	0.16484379696807772	GSE54568	MDD	PFC_BA9	F				Fpair8_MDD	MDD matched sample pair brain dorsolateral prefrontal cortex BA9_F #8	GSE54571	MDD	ACC_BA25	F				Fpair8_MDD	MDD matched sample pair brain anterior cingulate cortex BA25_F #8	False	True
GSE54568__HG-U133_Plus_2|PFC_BA9	GSM1319097	GSE54571__HG-U133_Plus_2|ACC_BA25	GSM1319158	0.619679843792238	4.517653981969486	0.15468207936265935	GSE54568	MDD	PFC_BA9	F				Fpair9_MDD	MDD matched sample pair brain dorsolateral prefrontal cortex BA9_F #9	GSE54571	MDD	ACC_BA25	F				Fpair9_MDD	MDD matched sample pair brain anterior cingulate cortex BA25_F #9	False	True
GSE54568__HG-U133_Plus_2|PFC_BA9	GSM1319098	GSE54571__HG-U133_Plus_2|ACC_BA25	GSM1319159	0.6066760014713816	4.424728643659741	0.18604922936467927	GSE54568	MDD	PFC_BA9	F				Fpair10_MDD	MDD matched sample pair brain dorsolateral prefrontal cortex BA9_F #10	GSE54571	MDD	ACC_BA25	F				Fpair10_MDD	MDD matched sample pair brain anterior cingulate cortex BA25_F #10	False	True
GSE54568__HG-U133_Plus_2|PFC_BA9	GSM1319099	GSE54571__HG-U133_Plus_2|ACC_BA25	GSM1319160	0.6808876404520746	4.955044337179118	0.19399722671127761	GSE54568	MDD	PFC_BA9	F				Fpair12_MDD	MDD matched sample pair brain dorsolateral prefrontal cortex BA9_F #12	GSE54571	MDD	ACC_BA25	F				Fpair12_MDD	MDD matched sample pair brain anterior cingulate cortex BA25_F #12	False	True
GSE54568__HG-U133_Plus_2|PFC_BA9	GSM1319100	GSE54571__HG-U133_Plus_2|ACC_BA25	GSM1319161	0.570653467375593	4.167311944423338	0.2504642783863381	GSE54568	MDD	PFC_BA9	F				Fpair13_MDD	MDD matched sample pair brain dorsolateral prefrontal cortex BA9_F #13	GSE54571	MDD	ACC_BA25	F				Fpair13_MDD	MDD matched sample pair brain anterior cingulate cortex BA25_F #13	False	True
GSE54568__HG-U133_Plus_2|PFC_BA9	GSM1319101	GSE54571__HG-U133_Plus_2|ACC_BA25	GSM1319162	0.6236175451736201	4.545792760032091	0.2533806211124004	GSE54568	MDD	PFC_BA9	F				Fpair14_MDD	MDD matched sample pair brain dorsolateral prefrontal cortex BA9_F #14	GSE54571	MDD	ACC_BA25	F				Fpair14_MDD	MDD matched sample pair brain anterior cingulate cortex BA25_F #14	False	True
GSE54568__HG-U133_Plus_2|PFC_BA9	GSM1319102	GSE54571__HG-U133_Plus_2|ACC_BA25	GSM1319163	0.7038256916633946	5.118959441375629	0.17712070733557267	GSE54568	MDD	PFC_BA9	F				Fpair16_MDD	MDD matched sample pair brain dorsolateral prefrontal cortex BA9_F #16	GSE54571	MDD	ACC_BA25	F				Fpair16_MDD	MDD matched sample pair brain anterior cingulate cortex BA25_F #16	False	True
GSE54568__HG-U133_Plus_2|PFC_BA9	GSM1319104	GSE54571__HG-U133_Plus_2|ACC_BA25	GSM1319165	0.5889630013737147	4.298151706940329	0.2501878930183406	GSE54568	MDD	PFC_BA9	F				Fpair19_MDD	MDD matched sample pair brain dorsolateral prefrontal cortex BA9_F #19	GSE54571	MDD	ACC_BA25	F				Fpair19_MDD	MDD matched sample pair brain anterior cingulate cortex BA25_F #19	False	True
GSE54568__HG-U133_Plus_2|PFC_BA9	GSM1319105	GSE54571__HG-U133_Plus_2|ACC_BA25	GSM1319166	0.7589496968601936	5.512875078424307	0.19099648086166365	GSE54568	MDD	PFC_BA9	F				Fpair21_MDD	MDD matched sample pair brain dorsolateral prefrontal cortex BA9_F #21	GSE54571	MDD	ACC_BA25	F				Fpair21_MDD	MDD matched sample pair brain anterior cingulate cortex BA25_F #21	False	True
GSE54568__HG-U133_Plus_2|PFC_BA9	GSM1319106	GSE54571__HG-U133_Plus_2|ACC_BA25	GSM1319167	0.5175513020413468	3.787844356543521	0.22277800393724193	GSE54568	MDD	PFC_BA9	F				Fpair24_MDD	MDD matched sample pair brain dorsolateral prefrontal cortex BA9_F #24	GSE54571	MDD	ACC_BA25	F				Fpair24_MDD	MDD matched sample pair brain anterior cingulate cortex BA25_F #24	False	True
GSE54568__HG-U133_Plus_2|PFC_BA9	GSM1319098	GSE54572__HG-U133_Plus_2|ACC_BA25	GSM1319188	0.3217035910673601	3.0348632504564312	0.13984270952030858	GSE54568	MDD	PFC_BA9	F				Fpair10_MDD	MDD matched sample pair brain dorsolateral prefrontal cortex BA9_F #10	GSE54572	MDD	ACC_BA25	M				Mpair25_MDD	MDD matched sample pair brain anterior cingulate cortex BA25_M #25	False	True
GSE54568__HG-U133_Plus_2|PFC_BA9	GSM1319080	GSE92538__HG-U133A|PFC_DLPFC	GSM2431935	0.31899048290267473	3.2328490595472648	0.3082043373891031	GSE54568	CTL	PFC_BA9	F				Fpair6_CTL	Control matched sample pair brain dorsolateral prefrontal cortex BA9_F #6	GSE92538	CTL	PFC_DLPFC	F	52.0	36.0		102422	DLPFC_Female_Control_UMichigan_102422	False	True
GSE54568__HG-U133_Plus_2|PFC_BA9	GSM1319088	GSE92538__HG-U133A|PFC_DLPFC	GSM2431838	0.3404976983995158	3.451601867237833	0.3392785868218483	GSE54568	CTL	PFC_BA9	F				Fpair17_CTL	Control matched sample pair brain dorsolateral prefrontal cortex BA9_F #17	GSE92538	BD	PFC_DLPFC	M	23.0	9.0	7.12	107366	DLPFC_Male_BipolarDisorder_UCDavis_107366	False	False
GSE54568__HG-U133_Plus_2|PFC_BA9	GSM1319091	GSE92538__HG-U133A|PFC_DLPFC	GSM2431856	0.4508749209473362	4.574263577721404	0.4117151223730897	GSE54568	CTL	PFC_BA9	F				Fpair24_CTL	Control matched sample pair brain dorsolateral prefrontal cortex BA9_F #24	GSE92538	CTL	PFC_DLPFC	M	25.0	13.75	6.87	108632	DLPFC_Male_Control_UCDavis_108632	False	True
GSE54568__HG-U133_Plus_2|PFC_BA9	GSM1319095	GSE92538__HG-U133A|PFC_DLPFC	GSM2431718	0.4545144474188561	4.611281695405028	0.4364263276217645	GSE54568	MDD	PFC_BA9	F				Fpair6_MDD	MDD matched sample pair brain dorsolateral prefrontal cortex BA9_F #6	GSE92538	SCZ	PFC_DLPFC	M	39.0	7.5	6.83	101078	DLPFC_Male_Schizophrenia_UCDavis_101078	False	False
GSE54568__HG-U133_Plus_2|PFC_BA9	GSM1319099	GSE92538__HG-U133A|PFC_DLPFC	GSM2431966	0.3303478159080711	3.348366034916397	0.27760309223799656	GSE54568	MDD	PFC_BA9	F				Fpair12_MDD	MDD matched sample pair brain dorsolateral prefrontal cortex BA9_F #12	GSE92538	BD	PFC_DLPFC	M	69.0	28.5	7.2	104184	DLPFC_Male_BipolarDisorder_UMichigan_104184	False	False
GSE54568__HG-U133_Plus_2|PFC_BA9	GSM1319106	GSE92538__HG-U133A|PFC_DLPFC	GSM2432001	0.30303495630624316	3.070563233115499	0.25670076726324126	GSE54568	MDD	PFC_BA9	F				Fpair24_MDD	MDD matched sample pair brain dorsolateral prefrontal cortex BA9_F #24	GSE92538	MDD	PFC_DLPFC	F	50.0	15.25	6.59	106149	DLPFC_Female_MajorDepressiveDisorder_UMichigan_106149	False	True
GSE54568__HG-U133_Plus_2|PFC_BA9	GSM1319078	GSE92538__HG-U133_Plus_2|PFC_DLPFC	GSM2431760	0.41598531055785815	4.008307411096188	0.33225330235947337	GSE54568	CTL	PFC_BA9	F				Fpair3_CTL	Control matched sample pair brain dorsolateral prefrontal cortex BA9_F #3	GSE92538	CTL	PFC_DLPFC	M	69.0	25.8	7.12	102854	DLPFC_Male_Control_p_UCDavis_102854	False	True
GSE54568__HG-U133_Plus_2|PFC_BA9	GSM1319079	GSE92538__HG-U133_Plus_2|PFC_DLPFC	GSM2431829	0.3156660107757469	3.0423235804743407	0.3052976779383734	GSE54568	CTL	PFC_BA9	F				Fpair5_CTL	Control matched sample pair brain dorsolateral prefrontal cortex BA9_F #5	GSE92538	CTL	PFC_DLPFC	M	56.0	20.3	7.14	106966	DLPFC_Male_Control_p_UCDavis_106966	False	True
GSE54568__HG-U133_Plus_2|PFC_BA9	GSM1319080	GSE92538__HG-U133_Plus_2|PFC_DLPFC	GSM2431742	0.42109013151428065	4.057462204967696	0.4069372434128604	GSE54568	CTL	PFC_BA9	F				Fpair6_CTL	Control matched sample pair brain dorsolateral prefrontal cortex BA9_F #6	GSE92538	SCZ	PFC_DLPFC	M	44.0	24.0	7.21	102118	DLPFC_Male_Schizophrenia_r_p_UCDavis_102118	False	False
GSE54568__HG-U133_Plus_2|PFC_BA9	GSM1319085	GSE92538__HG-U133_Plus_2|PFC_DLPFC	GSM2431900	0.33441818008025365	3.222889955803716	0.32907825411383784	GSE54568	CTL	PFC_BA9	F				Fpair13_CTL	Control matched sample pair brain dorsolateral prefrontal cortex BA9_F #13	GSE92538	MDD	PFC_DLPFC	M	34.0	25.0	6.51	101032	DLPFC_Male_MajorDepressiveDisorder_p_UMichigan_101032	False	False
GSE54568__HG-U133_Plus_2|PFC_BA9	GSM1319086	GSE92538__HG-U133_Plus_2|PFC_DLPFC	GSM2431715	0.31560257910664846	3.041712791056636	0.2630091353194107	GSE54568	CTL	PFC_BA9	F				Fpair14_CTL	Control matched sample pair brain dorsolateral prefrontal cortex BA9_F #14	GSE92538	SCZ	PFC_DLPFC	F	53.0	34.0	6.78	101057	DLPFC_Female_Schizophrenia_p_UCDavis_101057	False	False
GSE54568__HG-U133_Plus_2|PFC_BA9	GSM1319087	GSE92538__HG-U133_Plus_2|PFC_DLPFC	GSM2431877	0.3339521410599861	3.218402422906307	0.31365653071917826	GSE54568	CTL	PFC_BA9	F				Fpair16_CTL	Control matched sample pair brain dorsolateral prefrontal cortex BA9_F #16	GSE92538	CTL	PFC_DLPFC	M	32.0	10.0	7.04	109882	DLPFC_Male_Control_p_UCDavis_109882	False	True
GSE54568__HG-U133_Plus_2|PFC_BA9	GSM1319088	GSE92538__HG-U133_Plus_2|PFC_DLPFC	GSM2431798	0.333334688274284	3.212456912835402	0.3238875525076834	GSE54568	CTL	PFC_BA9	F				Fpair17_CTL	Control matched sample pair brain dorsolateral prefrontal cortex BA9_F #17	GSE92538	BD	PFC_DLPFC	F	36.0	25.5	7.0	105687	DLPFC_Female_BipolarDisorder_p_UCDavis_105687	False	False
GSE54568__HG-U133_Plus_2|PFC_BA9	GSM1319091	GSE92538__HG-U133_Plus_2|PFC_DLPFC	GSM2431971	0.4389816327215471	4.229741127461257	0.3527923967003536	GSE54568	CTL	PFC_BA9	F				Fpair24_CTL	Control matched sample pair brain dorsolateral prefrontal cortex BA9_F #24	GSE92538	MDD	PFC_DLPFC	F	46.0	35.0	6.76	104630	DLPFC_Female_MajorDepressiveDisorder_p_UMichigan_104630	False	False
GSE54568__HG-U133_Plus_2|PFC_BA9	GSM1319093	GSE92538__HG-U133_Plus_2|PFC_DLPFC	GSM2431729	0.32178748725895745	3.1012678445905832	0.22804905149370944	GSE54568	MDD	PFC_BA9	F				Fpair3_MDD	MDD matched sample pair brain dorsolateral prefrontal cortex BA9_F #3	GSE92538	SCZ	PFC_DLPFC	F	32.0	29.0	6.55	101618	DLPFC_Female_Schizophrenia_p_UCDavis_101618	False	False
GSE54568__HG-U133_Plus_2|PFC_BA9	GSM1319095	GSE92538__HG-U133_Plus_2|PFC_DLPFC	GSM2431716	0.48066940332334684	4.631156532308332	0.42783259748772823	GSE54568	MDD	PFC_BA9	F				Fpair6_MDD	MDD matched sample pair brain dorsolateral prefrontal cortex BA9_F #6	GSE92538	SCZ	PFC_DLPFC	M	39.0	7.5	6.83	101078	DLPFC_Male_Schizophrenia_p_UCDavis_101078	False	False
GSE54568__HG-U133_Plus_2|PFC_BA9	GSM1319099	GSE92538__HG-U133_Plus_2|PFC_DLPFC	GSM2431732	0.3462865800754901	3.3371718787801683	0.306596627825079	GSE54568	MDD	PFC_BA9	F				Fpair12_MDD	MDD matched sample pair brain dorsolateral prefrontal cortex BA9_F #12	GSE92538	BD	PFC_DLPFC	F	59.0	27.0	6.55	101677	DLPFC_Female_BipolarDisorder_p_UCDavis_101677	False	False
GSE54571__HG-U133_Plus_2|ACC_BA25	GSM1319142	GSE54571__HG-U133_Plus_2|ACC_BA25	GSM1319164	0.6157159798389928	4.331421354877259	0.35443390975658823	GSE54571	CTL	ACC_BA25	F				Fpair3_CTL	Control matched sample pair brain anterior cingulate cortex BA25_F #3	GSE54571	MDD	ACC_BA25	F				Fpair17_MDD	MDD matched sample pair brain anterior cingulate cortex BA25_F #17	False	False
GSE54571__HG-U133_Plus_2|ACC_BA25	GSM1319150	GSE92538__HG-U133A|PFC_DLPFC	GSM2431801	0.33178689659152133	3.2641436160669133	0.31884763873705096	GSE54571	CTL	ACC_BA25	F				Fpair16_CTL	Control matched sample pair brain anterior cingulate cortex BA25_F #16	GSE92538	CTL	PFC_DLPFC	M	18.0	22.0	6.97	105928	DLPFC_Male_Control_UCDavis_105928	False	True
GSE54571__HG-U133_Plus_2|ACC_BA25	GSM1319154	GSE92538__HG-U133A|PFC_DLPFC	GSM2431856	0.3850656511413928	3.790493516475248	0.30900715059454065	GSE54571	CTL	ACC_BA25	F				Fpair24_CTL	Control matched sample pair brain anterior cingulate cortex BA25_F #24	GSE92538	CTL	PFC_DLPFC	M	25.0	13.75	6.87	108632	DLPFC_Male_Control_UCDavis_108632	False	True
GSE54571__HG-U133_Plus_2|ACC_BA25	GSM1319157	GSE92538__HG-U133A|PFC_DLPFC	GSM2431981	0.3726133835870596	3.6674754421517175	0.3164183623727158	GSE54571	MDD	ACC_BA25	F				Fpair8_MDD	MDD matched sample pair brain anterior cingulate cortex BA25_F #8	GSE92538	CTL	PFC_DLPFC	M	55.0	22.75		105262	DLPFC_Male_Control_UMichigan_105262	False	False
GSE54571__HG-U133_Plus_2|ACC_BA25	GSM1319160	GSE92538__HG-U133A|PFC_DLPFC	GSM2431854	0.3094972830639626	3.0439407235727023	0.2718729832123232	GSE54571	MDD	ACC_BA25	F				Fpair12_MDD	MDD matched sample pair brain anterior cingulate cortex BA25_F #12	GSE92538	CTL	PFC_DLPFC	M	50.0	16.5	6.27	108493	DLPFC_Male_Control_UCDavis_108493	False	False
GSE54571__HG-U133_Plus_2|ACC_BA25	GSM1319165	GSE92538__HG-U133A|PFC_DLPFC	GSM2432092	0.40999202653184885	4.036745428989952	0.3643698349150889	GSE54571	MDD	ACC_BA25	F				Fpair19_MDD	MDD matched sample pair brain anterior cingulate cortex BA25_F #19	GSE92538	CTL	PFC_DLPFC	F	57.0	16.5	6.61	109991	DLPFC_Female_Control_UMichigan_109991	False	False
GSE54571__HG-U133_Plus_2|ACC_BA25	GSM1319157	GSE92538__HG-U133_Plus_2|PFC_DLPFC	GSM2431848	0.32684286563550524	3.0852673531718406	0.28686865452582005	GSE54571	MDD	ACC_BA25	F				Fpair8_MDD	MDD matched sample pair brain anterior cingulate cortex BA25_F #8	GSE92538	CTL	PFC_DLPFC	M	60.0	36.0	6.59	108066	DLPFC_Male_Control_p_UCDavis_108066	False	False
GSE54571__HG-U133_Plus_2|ACC_BA25	GSM1319160	GSE92538__HG-U133_Plus_2|PFC_DLPFC	GSM2431876	0.39951831723859027	3.767114228391727	0.35151119727391433	GSE54571	MDD	ACC_BA25	F				Fpair12_MDD	MDD matched sample pair brain anterior cingulate cortex BA25_F #12	GSE92538	MDD	PFC_DLPFC	M	36.0	36.0	6.87	109833	DLPFC_Male_MajorDepressiveDisorder_p_UCDavis_109833	False	True
GSE54571__HG-U133_Plus_2|ACC_BA25	GSM1319161	GSE92538__HG-U133_Plus_2|PFC_DLPFC	GSM2431984	0.3202564261951414	3.0234728537614446	0.26937296963244994	GSE54571	MDD	ACC_BA25	F				Fpair13_MDD	MDD matched sample pair brain anterior cingulate cortex BA25_F #13	GSE92538	BD	PFC_DLPFC	M	33.0	23.5	6.41	105544	DLPFC_Male_BipolarDisorder_p_UMichigan_105544	False	False
GSE54571__HG-U133_Plus_2|ACC_BA25	GSM1319164	GSE92538__HG-U133_Plus_2|PFC_DLPFC	GSM2431900	0.34353986957072524	3.241919973934924	0.29137562445867365	GSE54571	MDD	ACC_BA25	F				Fpair17_MDD	MDD matched sample pair brain anterior cingulate cortex BA25_F #17	GSE92538	MDD	PFC_DLPFC	M	34.0	25.0	6.51	101032	DLPFC_Male_MajorDepressiveDisorder_p_UMichigan_101032	False	True
GSE54571__HG-U133_Plus_2|ACC_BA25	GSM1319165	GSE92538__HG-U133_Plus_2|PFC_DLPFC	GSM2431736	0.3393891445392986	3.202977541103105	0.3268789846531811	GSE54571	MDD	ACC_BA25	F				Fpair19_MDD	MDD matched sample pair brain anterior cingulate cortex BA25_F #19	GSE92538	CTL	PFC_DLPFC	M	66.0	18.5	6.94	101772	DLPFC_Male_Control_p_UCDavis_101772	False	False
GSE54572__HG-U133_Plus_2|ACC_BA25	GSM1319169	GSE54572__HG-U133_Plus_2|ACC_BA25	GSM1319171	0.44545006705462875	3.116954483057208	0.33188433239925486	GSE54572	CTL	ACC_BA25	M				Mpair4_CTL	Control matched sample pair brain anterior cingulate cortex BA25_M #4	GSE54572	CTL	ACC_BA25	M				Mpair11_CTL	Control matched sample pair brain anterior cingulate cortex BA25_M #11	False	True
GSE54572__HG-U133_Plus_2|ACC_BA25	GSM1319175	GSE54572__HG-U133_Plus_2|ACC_BA25	GSM1319187	0.5699241858157277	3.9067150349585393	0.2641933389693176	GSE54572	CTL	ACC_BA25	M				Mpair22_CTL	Control matched sample pair brain anterior cingulate cortex BA25_M #22	GSE54572	MDD	ACC_BA25	M				Mpair22_MDD	MDD matched sample pair brain anterior cingulate cortex BA25_M #22	False	False
GSE54572__HG-U133_Plus_2|ACC_BA25	GSM1319168	GSE92538__HG-U133A|PFC_DLPFC	GSM2431801	0.46388140424566277	4.286048322745739	0.4489859777345772	GSE54572	CTL	ACC_BA25	M				Mpair2_CTL	Control matched sample pair brain anterior cingulate cortex BA25_M #2	GSE92538	CTL	PFC_DLPFC	M	18.0	22.0	6.97	105928	DLPFC_Male_Control_UCDavis_105928	False	True
GSE54572__HG-U133_Plus_2|ACC_BA25	GSM1319171	GSE92538__HG-U133A|PFC_DLPFC	GSM2431856	0.44766826735980386	4.136887170461546	0.38129509284879887	GSE54572	CTL	ACC_BA25	M				Mpair11_CTL	Control matched sample pair brain anterior cingulate cortex BA25_M #11	GSE92538	CTL	PFC_DLPFC	M	25.0	13.75	6.87	108632	DLPFC_Male_Control_UCDavis_108632	False	True
GSE54572__HG-U133_Plus_2|ACC_BA25	GSM1319174	GSE92538__HG-U133A|PFC_DLPFC	GSM2431795	0.3313729081962981	3.066967764966217	0.330236843061189	GSE54572	CTL	ACC_BA25	M				Mpair20_CTL	Control matched sample pair brain anterior cingulate cortex BA25_M #20	GSE92538	MDD	PFC_DLPFC	F	48.0	37.0	6.95	105643	DLPFC_Female_MajorDepressiveDisorder_UCDavis_105643	False	False
GSE54572__HG-U133_Plus_2|ACC_BA25	GSM1319182	GSE92538__HG-U133A|PFC_DLPFC	GSM2431761	0.41895132998805235	3.8726908277920735	0.4009761118164677	GSE54572	MDD	ACC_BA25	M				Mpair7_MDD	MDD matched sample pair brain anterior cingulate cortex BA25_M #7	GSE92538	SCZ	PFC_DLPFC	F	47.0	32.0	7.17	103037	DLPFC_Female_Schizophrenia_UCDavis_103037	False	False
GSE54572__HG-U133_Plus_2|ACC_BA25	GSM1319188	GSE92538__HG-U133A|PFC_DLPFC	GSM2431756	0.49938090369495913	4.612644359074004	0.4519437851482288	GSE54572	MDD	ACC_BA25	M				Mpair25_MDD	MDD matched sample pair brain anterior cingulate cortex BA25_M #25	GSE92538	CTL	PFC_DLPFC	M	49.0	31.25	6.68	102539	DLPFC_Male_Control_UCDavis_102539	False	False
GSE54572__HG-U133_Plus_2|ACC_BA25	GSM1319171	GSE92538__HG-U133_Plus_2|PFC_DLPFC	GSM2431971	0.41299071787885044	3.8407339662782114	0.40821715484189053	GSE54572	CTL	ACC_BA25	M				Mpair11_CTL	Control matched sample pair brain anterior cingulate cortex BA25_M #11	GSE92538	MDD	PFC_DLPFC	F	46.0	35.0	6.76	104630	DLPFC_Female_MajorDepressiveDisorder_p_UMichigan_104630	False	False
GSE54572__HG-U133_Plus_2|ACC_BA25	GSM1319173	GSE92538__HG-U133_Plus_2|PFC_DLPFC	GSM2431741	0.38654834352246764	3.59502840431507	0.37056365002785663	GSE54572	CTL	ACC_BA25	M				Mpair18_CTL	Control matched sample pair brain anterior cingulate cortex BA25_M #18	GSE92538	SCZ	PFC_DLPFC	M	44.0	24.0	7.21	102118	DLPFC_Male_Schizophrenia_p_UCDavis_102118	False	False
GSE54572__HG-U133_Plus_2|ACC_BA25	GSM1319177	GSE92538__HG-U133_Plus_2|PFC_DLPFC	GSM2431928	0.4225112205293588	3.929199564048938	0.33226195273309583	GSE54572	CTL	ACC_BA25	M				Mpair26_CTL	Control matched sample pair brain anterior cingulate cortex BA25_M #26	GSE92538	CTL	PFC_DLPFC	M	55.0	23.0		102194	DLPFC_Male_Control_p_UMichigan_102194	False	True
GSE54572__HG-U133_Plus_2|ACC_BA25	GSM1319181	GSE92538__HG-U133_Plus_2|PFC_DLPFC	GSM2431802	0.33956554576272324	3.1584588825855624	0.3092563286396141	GSE54572	MDD	ACC_BA25	M				Mpair4_MDD	MDD matched sample pair brain anterior cingulate cortex BA25_M #4	GSE92538	MDD	PFC_DLPFC	M	56.0	13.0	6.9	105947	DLPFC_Male_MajorDepressiveDisorder_p_UCDavis_105947	False	True
GSE54572__HG-U133_Plus_2|ACC_BA25	GSM1319182	GSE92538__HG-U133_Plus_2|PFC_DLPFC	GSM2431877	0.5597435490079407	5.204378030773928	0.5496142631653061	GSE54572	MDD	ACC_BA25	M				Mpair7_MDD	MDD matched sample pair brain anterior cingulate cortex BA25_M #7	GSE92538	CTL	PFC_DLPFC	M	32.0	10.0	7.04	109882	DLPFC_Male_Control_p_UCDavis_109882	False	False
GSE54572__HG-U133_Plus_2|ACC_BA25	GSM1319188	GSE92538__HG-U133_Plus_2|PFC_DLPFC	GSM2432052	0.5605702941990218	5.21206024149514	0.5518739680659625	GSE54572	MDD	ACC_BA25	M				Mpair25_MDD	MDD matched sample pair brain anterior cingulate cortex BA25_M #25	GSE92538	MDD	PFC_DLPFC	F	46.0	9.5	7.39	108700	DLPFC_Female_MajorDepressiveDisorder_p_UMichigan_108700	False	True
GSE92538__HG-U133A|PFC_DLPFC	GSM2431718	GSE92538__HG-U133A|PFC_DLPFC	GSM2431902	0.8932726564162788	7.021634354926116	0.8821416331182513	GSE92538	SCZ	PFC_DLPFC	M	39.0	7.5	6.83	101078	DLPFC_Male_Schizophrenia_UCDavis_101078	GSE92538	SCZ	PFC_DLPFC	M	39.0	7.5	6.83	101078	DLPFC_Male_Schizophrenia_UMichigan_101078	True	True
GSE92538__HG-U133A|PFC_DLPFC	GSM2431722	GSE92538__HG-U133A|PFC_DLPFC	GSM2431908	0.6578911133986389	5.191286492499577	0.5219597270794816	GSE92538	CTL	PFC_DLPFC	F	63.0	29.5	7.01	101283	DLPFC_Female_Control_UCDavis_101283	GSE92538	CTL	PFC_DLPFC	F	63.0	29.5	7.01	101283	DLPFC_Female_Control_UMichigan_101283	True	True
GSE92538__HG-U133A|PFC_DLPFC	GSM2431723	GSE92538__HG-U133A|PFC_DLPFC	GSM2431909	0.7380020217657378	5.814236057732816	0.4661707994553037	GSE92538	CTL	PFC_DLPFC	F	70.0	14.5		101309	DLPFC_Female_Control_UCDavis_101309	GSE92538	CTL	PFC_DLPFC	F	70.0	14.5		101309	DLPFC_Female_Control_UMichigan_101309	True	True
GSE92538__HG-U133A|PFC_DLPFC	GSM2431726	GSE92538__HG-U133A|PFC_DLPFC	GSM2431912	0.6288775528628521	4.965674459256679	0.3311061576406343	GSE92538	CTL	PFC_DLPFC	M	71.0	36.5		101431	DLPFC_Male_Control_UCDavis_101431	GSE92538	CTL	PFC_DLPFC	M	71.0	36.5		101431	DLPFC_Male_Control_UMichigan_101431	True	True
GSE92538__HG-U133A|PFC_DLPFC	GSM2431730	GSE92538__HG-U133A|PFC_DLPFC	GSM2431916	0.8527229970027804	6.7063165883837375	0.6730922025035232	GSE92538	SCZ	PFC_DLPFC	F	59.0	13.25	6.38	101657	DLPFC_Female_Schizophrenia_UCDavis_101657	GSE92538	SCZ	PFC_DLPFC	F	59.0	13.25	6.38	101657	DLPFC_Female_Schizophrenia_UMichigan_101657	True	True
GSE92538__HG-U133A|PFC_DLPFC	GSM2431733	GSE92538__HG-U133A|PFC_DLPFC	GSM2431918	0.45748642063868783	3.63292173581203	0.31839400723217104	GSE92538	BD	PFC_DLPFC	M	69.0	11.25	6.91	101690	DLPFC_Male_BipolarDisorder_UCDavis_101690	GSE92538	BD	PFC_DLPFC	M	69.0	11.25	6.91	101690	DLPFC_Male_BipolarDisorder_r_UMichigan_101690	True	True
GSE92538__HG-U133A|PFC_DLPFC	GSM2431735	GSE92538__HG-U133A|PFC_DLPFC	GSM2431921	0.6141802623603421	4.8513870180671415	0.4190766936306641	GSE92538	MDD	PFC_DLPFC	M	49.0	36.5	7.0	101739	DLPFC_Male_MajorDepressiveDisorder_UCDavis_101739	GSE92538	MDD	PFC_DLPFC	M	49.0	36.5	7.0	101739	DLPFC_Male_MajorDepressiveDisorder_UMichigan_101739	True	True
GSE92538__HG-U133A|PFC_DLPFC	GSM2431737	GSE92538__HG-U133A|PFC_DLPFC	GSM2431924	0.4894010516966897	3.881092752061879	0.4079863324377219	GSE92538	CTL	PFC_DLPFC	M	58.0	26.0	7.02	101811	DLPFC_Male_Control_UCDavis_101811	GSE92538	CTL	PFC_DLPFC	M	58.0	26.0	7.02	101811	DLPFC_Male_Control_UMichigan_101811	True	True
GSE92538__HG-U133A|PFC_DLPFC	GSM2431738	GSE92538__HG-U133A|PFC_DLPFC	GSM2431926	0.6310353542180459	4.982453714959511	0.34365657177426606	GSE92538	CTL	PFC_DLPFC	M	45.0	21.0	6.86	101923	DLPFC_Male_Control_UCDavis_101923	GSE92538	CTL	PFC_DLPFC	M	45.0	21.0	6.86	101923	DLPFC_Male_Control_UMichigan_101923	True	True
GSE92538__HG-U133A|PFC_DLPFC	GSM2431743	GSE92538__HG-U133A|PFC_DLPFC	GSM2431927	0.8599677786016127	6.762652655957973	0.8352407713259961	GSE92538	SCZ	PFC_DLPFC	M	44.0	24.0	7.21	102118	DLPFC_Male_Schizophrenia_UCDavis_102118	GSE92538	SCZ	PFC_DLPFC	M	44.0	24.0	7.21	102118	DLPFC_Male_Schizophrenia_UMichigan_102118	True	True
GSE92538__HG-U133A|PFC_DLPFC	GSM2431745	GSE92538__HG-U133A|PFC_DLPFC	GSM2431885	0.6305494960837131	4.978675638793395	0.6195588566255812	GSE92538	CTL	PFC_DLPFC	F	64.0	19.25	6.83	102212	DLPFC_Female_Control_UCDavis_102212	GSE92538	CTL	PFC_DLPFC	F	64.0	19.25	6.83	102212	DLPFC_Female_Control_UCIrvine_102212	True	True
GSE92538__HG-U133A|PFC_DLPFC	GSM2431749	GSE92538__HG-U133A|PFC_DLPFC	GSM2431934	0.8652598498945274	6.803804274112118	0.4256772423839567	GSE92538	CTL	PFC_DLPFC	F	70.0	20.5	6.63	102420	DLPFC_Female_Control_UCDavis_102420	GSE92538	CTL	PFC_DLPFC	F	70.0	20.5	6.63	102420	DLPFC_Female_Control_UMichigan_102420	True	True
GSE92538__HG-U133A|PFC_DLPFC	GSM2431750	GSE92538__HG-U133A|PFC_DLPFC	GSM2431935	0.8324605189028175	6.548753752308046	0.4198610242231834	GSE92538	CTL	PFC_DLPFC	F	52.0	36.0		102422	DLPFC_Female_Control_UCDavis_102422	GSE92538	CTL	PFC_DLPFC	F	52.0	36.0		102422	DLPFC_Female_Control_UMichigan_102422	True	True
GSE92538__HG-U133A|PFC_DLPFC	GSM2431751	GSE92538__HG-U133A|PFC_DLPFC	GSM2431936	0.5634385761183479	4.456815142302048	0.2967703411790737	GSE92538	MDD	PFC_DLPFC	F	77.0	25.5	6.42	102432	DLPFC_Female_MajorDepressiveDisorder_UCDavis_102432	GSE92538	MDD	PFC_DLPFC	F	77.0	25.5	6.42	102432	DLPFC_Female_MajorDepressiveDisorder_UMichigan_102432	True	True
GSE92538__HG-U133A|PFC_DLPFC	GSM2431752	GSE92538__HG-U133A|PFC_DLPFC	GSM2431937	0.5435621617190358	4.302254371979633	0.40232787596855846	GSE92538	CTL	PFC_DLPFC	M	59.0	13.5	6.38	102440	DLPFC_Male_Control_UCDavis_102440	GSE92538	CTL	PFC_DLPFC	M	59.0	13.5	6.38	102440	DLPFC_Male_Control_UMichigan_102440	True	True
GSE92538__HG-U133A|PFC_DLPFC	GSM2431753	GSE92538__HG-U133A|PFC_DLPFC	GSM2431939	0.3928860578786361	3.130583555961716	0.385780477423741	GSE92538	CTL	PFC_DLPFC	M	55.0	15.0	6.89	102475	DLPFC_Male_Control_UCDavis_102475	GSE92538	CTL	PFC_DLPFC	M	55.0	15.0	6.89	102475	DLPFC_Male_Control_UMichigan_102475	True	True
GSE92538__HG-U133A|PFC_DLPFC	GSM2431755	GSE92538__HG-U133A|PFC_DLPFC	GSM2431941	0.5724918209167339	4.527213980937872	0.2690673919483218	GSE92538	MDD	PFC_DLPFC	M	49.0	35.5	7.19	102513	DLPFC_Male_MajorDepressiveDisorder_UCDavis_102513	GSE92538	MDD	PFC_DLPFC	M	49.0	35.5	7.19	102513	DLPFC_Male_MajorDepressiveDisorder_UMichigan_102513	True	True
GSE92538__HG-U133A|PFC_DLPFC	GSM2431756	GSE92538__HG-U133A|PFC_DLPFC	GSM2431942	0.7346586705633994	5.788237860728548	0.477479024807103	GSE92538	CTL	PFC_DLPFC	M	49.0	31.25	6.68	102539	DLPFC_Male_Control_UCDavis_102539	GSE92538	CTL	PFC_DLPFC	M	49.0	31.25	6.68	102539	DLPFC_Male_Control_UMichigan_102539	True	True
GSE92538__HG-U133A|PFC_DLPFC	GSM2431758	GSE92538__HG-U133A|PFC_DLPFC	GSM2431946	0.622990652741441	4.919897399104024	0.4189312658102897	GSE92538	MDD	PFC_DLPFC	M	53.0	17.3	6.62	102636	DLPFC_Male_MajorDepressiveDisorder_UCDavis_102636	GSE92538	MDD	PFC_DLPFC	M	53.0	17.3	6.62	102636	DLPFC_Male_MajorDepressiveDisorder_UMichigan_102636	True	True
GSE92538__HG-U133A|PFC_DLPFC	GSM2431759	GSE92538__HG-U133A|PFC_DLPFC	GSM2431947	0.6751807932938287	5.325732584714327	0.46617079945530365	GSE92538	CTL	PFC_DLPFC	F	62.0	17.5		102785	DLPFC_Female_Control_UCDavis_102785	GSE92538	CTL	PFC_DLPFC	F	62.0	17.5		102785	DLPFC_Female_Control_UMichigan_102785	True	True
GSE92538__HG-U133A|PFC_DLPFC	GSM2431761	GSE92538__HG-U133A|PFC_DLPFC	GSM2431949	0.9281605775087672	7.292925939548605	0.9209227279674974	GSE92538	SCZ	PFC_DLPFC	F	47.0	32.0	7.17	103037	DLPFC_Female_Schizophrenia_UCDavis_103037	GSE92538	SCZ	PFC_DLPFC	F	47.0	32.0	7.17	103037	DLPFC_Female_Schizophrenia_UMichigan_103037	True	True
GSE92538__HG-U133A|PFC_DLPFC	GSM2431762	GSE92538__HG-U133A|PFC_DLPFC	GSM2431950	0.6511346165378227	5.1387473705780256	0.3386690972964857	GSE92538	CTL	PFC_DLPFC	M	67.0	36.5		103068	DLPFC_Male_Control_UCDavis_103068	GSE92538	CTL	PFC_DLPFC	M	67.0	36.5		103068	DLPFC_Male_Control_UMichigan_103068	True	True
GSE92538__HG-U133A|PFC_DLPFC	GSM2431763	GSE92538__HG-U133A|PFC_DLPFC	GSM2431951	0.7533286235033594	5.93341707918876	0.47103415081710864	GSE92538	MDD	PFC_DLPFC	M	57.0	36.5	6.84	103091	DLPFC_Male_MajorDepressiveDisorder_UCDavis_103091	GSE92538	MDD	PFC_DLPFC	M	57.0	36.5	6.84	103091	DLPFC_Male_MajorDepressiveDisorder_UMichigan_103091	True	True
GSE92538__HG-U133A|PFC_DLPFC	GSM2431765	GSE92538__HG-U133A|PFC_DLPFC	GSM2431954	0.5344086723418162	4.231076022562142	0.29130441757875003	GSE92538	CTL	PFC_DLPFC	M	35.0	32.0	6.76	103262	DLPFC_Male_Control_UCDavis_103262	GSE92538	CTL	PFC_DLPFC	M	35.0	32.0	6.76	103262	DLPFC_Male_Control_UMichigan_103262	True	True
GSE92538__HG-U133A|PFC_DLPFC	GSM2431768	GSE92538__HG-U133A|PFC_DLPFC	GSM2431955	0.6700827145109279	5.2860894696122	0.5744685532152993	GSE92538	SCZ	PFC_DLPFC	M	48.0	27.0	6.93	103311	DLPFC_Male_Schizophrenia_UCDavis_103311	GSE92538	SCZ	PFC_DLPFC	M	48.0	27.0	6.93	103311	DLPFC_Male_Schizophrenia_UMichigan_103311	True	True
GSE92538__HG-U133A|PFC_DLPFC	GSM2431771	GSE92538__HG-U133A|PFC_DLPFC	GSM2431838	0.8731378056029307	6.8650639600089285	0.6070899456206589	GSE92538	CTL	PFC_DLPFC	M	19.0	6.5	6.59	103984	DLPFC_Male_Control_UCDavis_103984	GSE92538	BD	PFC_DLPFC	M	23.0	9.0	7.12	107366	DLPFC_Male_BipolarDisorder_UCDavis_107366	False	False
GSE92538__HG-U133A|PFC_DLPFC	GSM2431772	GSE92538__HG-U133A|PFC_DLPFC	GSM2432016	0.6423555719574189	5.070480737281781	0.6103644148147331	GSE92538	CTL	PFC_DLPFC	M	54.0	25.0	6.61	103998	DLPFC_Male_Control_UCDavis_103998	GSE92538	CTL	PFC_DLPFC	M	50.0	29.0	6.6	106742	DLPFC_Male_Control_UMichigan_106742	False	True
GSE92538__HG-U133A|PFC_DLPFC	GSM2431773	GSE92538__HG-U133A|PFC_DLPFC	GSM2431964	0.7724599430483525	6.08218392549987	0.4186357374228959	GSE92538	BD	PFC_DLPFC	M	73.0	10.5	6.62	104097	DLPFC_Male_BipolarDisorder_UCDavis_104097	GSE92538	BD	PFC_DLPFC	M	73.0	10.5	6.62	104097	DLPFC_Male_BipolarDisorder_UMichigan_104097	True	True
GSE92538__HG-U133A|PFC_DLPFC	GSM2431776	GSE92538__HG-U133A|PFC_DLPFC	GSM2431889	0.5658708823721593	4.475728972568242	0.546712885182786	GSE92538	CTL	PFC_DLPFC	M	48.0	20.2	6.79	104126	DLPFC_Male_Control_UCDavis_104126	GSE92538	CTL	PFC_DLPFC	M	48.0	20.2	6.79	104126	DLPFC_Male_Control_UCIrvine_104126	True	True
GSE92538__HG-U133A|PFC_DLPFC	GSM2431777	GSE92538__HG-U133A|PFC_DLPFC	GSM2431966	0.5438102035465832	4.304183167343209	0.3368173599653802	GSE92538	BD	PFC_DLPFC	M	69.0	28.5	7.2	104184	DLPFC_Male_BipolarDisorder_UCDavis_104184	GSE92538	BD	PFC_DLPFC	M	69.0	28.5	7.2	104184	DLPFC_Male_BipolarDisorder_UMichigan_104184	True	True
GSE92538__HG-U133A|PFC_DLPFC	GSM2431780	GSE92538__HG-U133A|PFC_DLPFC	GSM2431967	0.5361029624969704	4.244250973852118	0.49805779741184275	GSE92538	SCZ	PFC_DLPFC	M	50.0	6.25	6.81	104259	DLPFC_Male_Schizophrenia_UCDavis_104259	GSE92538	SCZ	PFC_DLPFC	M	50.0	6.25	6.81	104259	DLPFC_Male_Schizophrenia_UMichigan_104259	True	True
GSE92538__HG-U133A|PFC_DLPFC	GSM2431783	GSE92538__HG-U133A|PFC_DLPFC	GSM2431972	0.7623307345772651	6.003418297424528	0.6430442523258972	GSE92538	SCZ	PFC_DLPFC	M	48.0	19.5	6.24	104655	DLPFC_Male_Schizophrenia_UCDavis_104655	GSE92538	SCZ	PFC_DLPFC	M	48.0	19.5	6.24	104655	DLPFC_Male_Schizophrenia_UMichigan_104655	True	True
GSE92538__HG-U133A|PFC_DLPFC	GSM2431784	GSE92538__HG-U133A|PFC_DLPFC	GSM2431787	0.42205518176330664	3.3574052636737792	0.42134842108634707	GSE92538	CTL	PFC_DLPFC	F	65.0	31.25		104659	DLPFC_Female_Control_UCDavis_104659	GSE92538	MDD	PFC_DLPFC	M	63.0	34.0	7.17	104851	DLPFC_Male_MajorDepressiveDisorder_UCDavis_104851	False	False
GSE92538__HG-U133A|PFC_DLPFC	GSM2431785	GSE92538__HG-U133A|PFC_DLPFC	GSM2431974	0.8456672870852029	6.651450759058402	0.4498041543728778	GSE92538	BD	PFC_DLPFC	F	69.0	28.25	6.65	104767	DLPFC_Female_BipolarDisorder_UCDavis_104767	GSE92538	BD	PFC_DLPFC	F	69.0	28.25	6.65	104767	DLPFC_Female_BipolarDisorder_UMichigan_104767	True	True
GSE92538__HG-U133A|PFC_DLPFC	GSM2431786	GSE92538__HG-U133A|PFC_DLPFC	GSM2431975	0.42023545011519264	3.3432548681516217	0.38425551356837195	GSE92538	BD	PFC_DLPFC	F	56.0	29.0	6.83	104808	DLPFC_Female_BipolarDisorder_UCDavis_104808	GSE92538	BD	PFC_DLPFC	F	56.0	29.0	6.83	104808	DLPFC_Female_BipolarDisorder_r_UMichigan_104808	True	True
GSE92538__HG-U133A|PFC_DLPFC	GSM2431788	GSE92538__HG-U133A|PFC_DLPFC	GSM2431978	0.5552686363060467	4.393284961983372	0.344850613928338	GSE92538	MDD	PFC_DLPFC	F	80.0	15.0	6.68	105080	DLPFC_Female_MajorDepressiveDisorder_UCDavis_105080	GSE92538	MDD	PFC_DLPFC	F	80.0	15.0	6.68	105080	DLPFC_Female_MajorDepressiveDisorder_UMichigan_105080	True	True
GSE92538__HG-U133A|PFC_DLPFC	GSM2431789	GSE92538__HG-U133A|PFC_DLPFC	GSM2431980	0.5806401244345323	4.59057591550165	0.5278788089851207	GSE92538	CTL	PFC_DLPFC	F	60.0	24.0	6.99	105141	DLPFC_Female_Control_UCDavis_105141	GSE92538	CTL	PFC_DLPFC	F	60.0	24.0	6.99	105141	DLPFC_Female_Control_UMichigan_105141	True	True
GSE92538__HG-U133A|PFC_DLPFC	GSM2431790	GSE92538__HG-U133A|PFC_DLPFC	GSM2431981	0.5781513247511344	4.571222787290686	0.30976438601354955	GSE92538	CTL	PFC_DLPFC	M	55.0	22.75		105262	DLPFC_Male_Control_UCDavis_105262	GSE92538	CTL	PFC_DLPFC	M	55.0	22.75		105262	DLPFC_Male_Control_UMichigan_105262	True	True
GSE92538__HG-U133A|PFC_DLPFC	GSM2431791	GSE92538__HG-U133A|PFC_DLPFC	GSM2431982	0.6628220082654346	5.229629570565868	0.27509254927306	GSE92538	CTL	PFC_DLPFC	M	40.0	45.5	7.07	105476	DLPFC_Male_Control_UCDavis_105476	GSE92538	CTL	PFC_DLPFC	M	40.0	45.5	7.07	105476	DLPFC_Male_Control_UMichigan_105476	True	True
GSE92538__HG-U133A|PFC_DLPFC	GSM2431792	GSE92538__HG-U133A|PFC_DLPFC	GSM2431983	0.4766031289328041	3.78157496373375	0.3861463229308039	GSE92538	MDD	PFC_DLPFC	M	39.0	28.0	6.79	105506	DLPFC_Male_MajorDepressiveDisorder_UCDavis_105506	GSE92538	MDD	PFC_DLPFC	M	39.0	28.0	6.79	105506	DLPFC_Male_MajorDepressiveDisorder_UMichigan_105506	True	True
GSE92538__HG-U133A|PFC_DLPFC	GSM2431795	GSE92538__HG-U133A|PFC_DLPFC	GSM2431987	0.7012305432241224	5.528297762469515	0.40669200264923105	GSE92538	MDD	PFC_DLPFC	F	48.0	37.0	6.95	105643	DLPFC_Female_MajorDepressiveDisorder_UCDavis_105643	GSE92538	MDD	PFC_DLPFC	F	48.0	37.0	6.95	105643	DLPFC_Female_MajorDepressiveDisorder_UMichigan_105643	True	True
GSE92538__HG-U133A|PFC_DLPFC	GSM2431796	GSE92538__HG-U133A|PFC_DLPFC	GSM2431988	0.5147953140984327	4.078560800359301	0.3969163496935734	GSE92538	CTL	PFC_DLPFC	M	39.0	30.0	7.02	105669	DLPFC_Male_Control_UCDavis_105669	GSE92538	CTL	PFC_DLPFC	M	39.0	30.0	7.02	105669	DLPFC_Male_Control_UMichigan_105669	True	True
GSE92538__HG-U133A|PFC_DLPFC	GSM2431797	GSE92538__HG-U133A|PFC_DLPFC	GSM2431989	0.6127644116372561	4.8403772366233975	0.24571464024465725	GSE92538	CTL	PFC_DLPFC	M	67.0	39.5	6.69	105676	DLPFC_Male_Control_UCDavis_105676	GSE92538	CTL	PFC_DLPFC	M	67.0	39.5	6.69	105676	DLPFC_Male_Control_UMichigan_105676	True	True
GSE92538__HG-U133A|PFC_DLPFC	GSM2431800	GSE92538__HG-U133A|PFC_DLPFC	GSM2431992	0.6659651954872833	5.254071274613522	0.41702865316757826	GSE92538	BD	PFC_DLPFC	F	66.0	52.0	6.66	105867	DLPFC_Female_BipolarDisorder_UCDavis_105867	GSE92538	BD	PFC_DLPFC	F	66.0	52.0	6.66	105867	DLPFC_Female_BipolarDisorder_UMichigan_105867	True	True
GSE92538__HG-U133A|PFC_DLPFC	GSM2431803	GSE92538__HG-U133A|PFC_DLPFC	GSM2431996	0.5891341140121111	4.65662593568369	0.24831374569856202	GSE92538	CTL	PFC_DLPFC	M	41.0	23.5	7.01	105952	DLPFC_Male_Control_UCDavis_105952	GSE92538	CTL	PFC_DLPFC	M	41.0	23.5	7.01	105952	DLPFC_Male_Control_UMichigan_105952	True	True
GSE92538__HG-U133A|PFC_DLPFC	GSM2431804	GSE92538__HG-U133A|PFC_DLPFC	GSM2431997	0.4557204423983496	3.6191893315807744	0.38547445268713293	GSE92538	CTL	PFC_DLPFC	F	47.0	20.5	6.3	105976	DLPFC_Female_Control_UCDavis_105976	GSE92538	CTL	PFC_DLPFC	F	47.0	20.5	6.3	105976	DLPFC_Female_Control_UMichigan_105976	True	True
GSE92538__HG-U133A|PFC_DLPFC	GSM2431807	GSE92538__HG-U133A|PFC_DLPFC	GSM2432001	0.6311591056588206	4.9834160171952355	0.3181945595390536	GSE92538	MDD	PFC_DLPFC	F	50.0	15.25	6.59	106149	DLPFC_Female_MajorDepressiveDisorder_UCDavis_106149	GSE92538	MDD	PFC_DLPFC	F	50.0	15.25	6.59	106149	DLPFC_Female_MajorDepressiveDisorder_UMichigan_106149	True	True
GSE92538__HG-U133A|PFC_DLPFC	GSM2431812	GSE92538__HG-U133A|PFC_DLPFC	GSM2432004	0.5273015248114051	4.175810209773825	0.28541655025648777	GSE92538	MDD	PFC_DLPFC	M	41.0	16.0		106256	DLPFC_Male_MajorDepressiveDisorder_UCDavis_106256	GSE92538	MDD	PFC_DLPFC	M	41.0	16.0		106256	DLPFC_Male_MajorDepressiveDisorder_UMichigan_106256	True	True
GSE92538__HG-U133A|PFC_DLPFC	GSM2431814	GSE92538__HG-U133A|PFC_DLPFC	GSM2432007	0.5955314503650503	4.706372193477353	0.5322820412016348	GSE92538	MDD	PFC_DLPFC	F	72.0	21.0	7.13	106355	DLPFC_Female_MajorDepressiveDisorder_UCDavis_106355	GSE92538	MDD	PFC_DLPFC	F	72.0	21.0	7.13	106355	DLPFC_Female_MajorDepressiveDisorder_r_UMichigan_106355	True	True
GSE92538__HG-U133A|PFC_DLPFC	GSM2431815	GSE92538__HG-U133A|PFC_DLPFC	GSM2432009	0.8237088084855497	6.4806996719011485	0.756468819435287	GSE92538	SCZ	PFC_DLPFC	M	64.0	8.5	6.24	106495	DLPFC_Male_Schizophrenia_UCDavis_106495	GSE92538	SCZ	PFC_DLPFC	M	64.0	8.5	6.24	106495	DLPFC_Male_Schizophrenia_UMichigan_106495	True	True
GSE92538__HG-U133A|PFC_DLPFC	GSM2431819	GSE92538__HG-U133A|PFC_DLPFC	GSM2432011	0.7242639487942831	5.70740757757761	0.63146116724064	GSE92538	CTL	PFC_DLPFC	M	48.0	21.0	6.62	106589	DLPFC_Male_Control_UCDavis_106589	GSE92538	CTL	PFC_DLPFC	M	48.0	21.0	6.62	106589	DLPFC_Male_Control_UMichigan_106589	True	True
GSE92538__HG-U133A|PFC_DLPFC	GSM2431820	GSE92538__HG-U133A|PFC_DLPFC	GSM2432012	0.7603761113397159	5.988218972877534	0.4447565249876237	GSE92538	BD	PFC_DLPFC	F	34.0	39.5	6.73	106664	DLPFC_Female_BipolarDisorder_UCDavis_106664	GSE92538	BD	PFC_DLPFC	F	34.0	39.5	6.73	106664	DLPFC_Female_BipolarDisorder_UMichigan_106664	True	True
GSE92538__HG-U133A|PFC_DLPFC	GSM2431821	GSE92538__HG-U133A|PFC_DLPFC	GSM2432013	0.6536877639814318	5.158600872708902	0.40588333305666424	GSE92538	CTL	PFC_DLPFC	M	77.0	7.25	6.62	106679	DLPFC_Male_Control_UCDavis_106679	GSE92538	CTL	PFC_DLPFC	M	77.0	7.25	6.62	106679	DLPFC_Male_Control_UMichigan_106679	True	True
GSE92538__HG-U133A|PFC_DLPFC	GSM2431827	GSE92538__HG-U133A|PFC_DLPFC	GSM2432019	0.6352443977039108	5.0151836123356865	0.3854092013676631	GSE92538	BD	PFC_DLPFC	M	40.0	43.0	6.59	106851	DLPFC_Male_BipolarDisorder_UCDavis_106851	GSE92538	BD	PFC_DLPFC	M	40.0	43.0	6.59	106851	DLPFC_Male_BipolarDisorder_UMichigan_106851	True	True
GSE92538__HG-U133A|PFC_DLPFC	GSM2431828	GSE92538__HG-U133A|PFC_DLPFC	GSM2432020	0.6951263817773708	5.480831258882483	0.40588333305666424	GSE92538	MDD	PFC_DLPFC	M	84.0	14.5	6.44	106917	DLPFC_Male_MajorDepressiveDisorder_UCDavis_106917	GSE92538	MDD	PFC_DLPFC	M	84.0	14.5	6.44	106917	DLPFC_Male_MajorDepressiveDisorder_UMichigan_106917	True	True
GSE92538__HG-U133A|PFC_DLPFC	GSM2431833	GSE92538__HG-U133A|PFC_DLPFC	GSM2432024	0.45913657509067196	3.645753483939522	0.4496543190628529	GSE92538	CTL	PFC_DLPFC	M	70.0	28.0	7.03	107084	DLPFC_Male_Control_UCDavis_107084	GSE92538	CTL	PFC_DLPFC	M	70.0	28.0	7.03	107084	DLPFC_Male_Control_UMichigan_107084	True	True
GSE92538__HG-U133A|PFC_DLPFC	GSM2431834	GSE92538__HG-U133A|PFC_DLPFC	GSM2432025	0.7574441342294231	5.965419657486413	0.5219597270794815	GSE92538	CTL	PFC_DLPFC	F	73.0	15.5	7.51	107131	DLPFC_Female_Control_UCDavis_107131	GSE92538	CTL	PFC_DLPFC	F	73.0	15.5	7.51	107131	DLPFC_Female_Control_UMichigan_107131	True	True
GSE92538__HG-U133A|PFC_DLPFC	GSM2431835	GSE92538__HG-U133A|PFC_DLPFC	GSM2432027	0.48071516814314597	3.8135505472156686	0.44946486111839035	GSE92538	MDD	PFC_DLPFC	M	58.0	24.0	6.93	107185	DLPFC_Male_MajorDepressiveDisorder_UCDavis_107185	GSE92538	MDD	PFC_DLPFC	M	58.0	24.0	6.93	107185	DLPFC_Male_MajorDepressiveDisorder_UMichigan_107185	True	True
GSE92538__HG-U133A|PFC_DLPFC	GSM2431836	GSE92538__HG-U133A|PFC_DLPFC	GSM2432028	0.6040816183725131	4.772859062138395	0.42650688320081354	GSE92538	CTL	PFC_DLPFC	F	70.0	23.0	6.9	107199	DLPFC_Female_Control_UCDavis_107199	GSE92538	CTL	PFC_DLPFC	F	70.0	23.0	6.9	107199	DLPFC_Female_Control_UMichigan_107199	True	True
GSE92538__HG-U133A|PFC_DLPFC	GSM2431839	GSE92538__HG-U133A|PFC_DLPFC	GSM2432032	0.5923107001296676	4.68132735252183	0.3368499463754261	GSE92538	BD	PFC_DLPFC	M	63.0	54.75	6.87	107610	DLPFC_Male_BipolarDisorder_UCDavis_107610	GSE92538	BD	PFC_DLPFC	M	63.0	54.75	6.87	107610	DLPFC_Male_BipolarDisorder_UMichigan_107610	True	True
GSE92538__HG-U133A|PFC_DLPFC	GSM2431841	GSE92538__HG-U133A|PFC_DLPFC	GSM2432034	0.7394840768619656	5.825760650284135	0.33086645837227113	GSE92538	BD	PFC_DLPFC	F	39.0	23.5	6.44	107706	DLPFC_Female_BipolarDisorder_UCDavis_107706	GSE92538	BD	PFC_DLPFC	F	39.0	23.5	6.44	107706	DLPFC_Female_BipolarDisorder_UMichigan_107706	True	True
GSE92538__HG-U133A|PFC_DLPFC	GSM2431844	GSE92538__HG-U133A|PFC_DLPFC	GSM2431895	0.6778850948203876	5.346761474469387	0.527074063924153	GSE92538	CTL	PFC_DLPFC	F	48.0	27.0	7.1	107886	DLPFC_Female_Control_UCDavis_107886	GSE92538	CTL	PFC_DLPFC	F	48.0	27.0	7.1	107886	DLPFC_Female_Control_UCIrvine_107886	True	True
GSE92538__HG-U133A|PFC_DLPFC	GSM2431851	GSE92538__HG-U133A|PFC_DLPFC	GSM2432046	0.5511462931636524	4.361229254207233	0.30636752395770706	GSE92538	CTL	PFC_DLPFC	M	64.0	27.5		108396	DLPFC_Male_Control_UCDavis_108396	GSE92538	CTL	PFC_DLPFC	M	64.0	27.5		108396	DLPFC_Male_Control_UMichigan_108396	True	True
GSE92538__HG-U133A|PFC_DLPFC	GSM2431855	GSE92538__HG-U133A|PFC_DLPFC	GSM2432049	0.7173198820479803	5.653409895504932	0.5238902351366164	GSE92538	SCZ	PFC_DLPFC	F	59.0	14.8	6.55	108583	DLPFC_Female_Schizophrenia_UCDavis_108583	GSE92538	SCZ	PFC_DLPFC	F	59.0	14.8	6.55	108583	DLPFC_Female_Schizophrenia_UMichigan_108583	True	True
GSE92538__HG-U133A|PFC_DLPFC	GSM2431857	GSE92538__HG-U133A|PFC_DLPFC	GSM2432051	0.49826744514764815	3.9500386179625817	0.3511566395860727	GSE92538	CTL	PFC_DLPFC	F	45.0	32.0	6.6	108634	DLPFC_Female_Control_UCDavis_108634	GSE92538	CTL	PFC_DLPFC	F	45.0	32.0	6.6	108634	DLPFC_Female_Control_UMichigan_108634	True	True
GSE92538__HG-U133A|PFC_DLPFC	GSM2431859	GSE92538__HG-U133A|PFC_DLPFC	GSM2432053	0.7479604497644619	5.891673681630231	0.3781588605556692	GSE92538	CTL	PFC_DLPFC	M	60.0	30.0	6.8	108759	DLPFC_Male_Control_UCDavis_108759	GSE92538	CTL	PFC_DLPFC	M	60.0	30.0	6.8	108759	DLPFC_Male_Control_UMichigan_108759	True	True
GSE92538__HG-U133A|PFC_DLPFC	GSM2431860	GSE92538__HG-U133A|PFC_DLPFC	GSM2432056	0.60795408774235	4.802971729183246	0.421348421086347	GSE92538	CTL	PFC_DLPFC	F	78.0	26.25		108858	DLPFC_Female_Control_UCDavis_108858	GSE92538	CTL	PFC_DLPFC	F	78.0	26.25		108858	DLPFC_Female_Control_UMichigan_108858	True	True
GSE92538__HG-U133A|PFC_DLPFC	GSM2431861	GSE92538__HG-U133A|PFC_DLPFC	GSM2432059	0.7256206251693246	5.7179572140156525	0.35698389516297246	GSE92538	BD	PFC_DLPFC	M	52.0	28.75	7.05	108923	DLPFC_Male_BipolarDisorder_UCDavis_108923	GSE92538	BD	PFC_DLPFC	M	52.0	28.75	7.05	108923	DLPFC_Male_BipolarDisorder_UMichigan_108923	True	True
GSE92538__HG-U133A|PFC_DLPFC	GSM2431862	GSE92538__HG-U133A|PFC_DLPFC	GSM2432062	0.642591932838439	5.072318700563821	0.5292556325708753	GSE92538	CTL	PFC_DLPFC	M	65.0	15.0	6.88	108925	DLPFC_Male_Control_UCDavis_108925	GSE92538	CTL	PFC_DLPFC	M	65.0	15.0	6.88	108925	DLPFC_Male_Control_UMichigan_108925	True	True
GSE92538__HG-U133A|PFC_DLPFC	GSM2431865	GSE92538__HG-U133A|PFC_DLPFC	GSM2432067	0.5860986656758737	4.633022018815314	0.48088789468357895	GSE92538	CTL	PFC_DLPFC	M	71.0	21.75	7.25	109170	DLPFC_Male_Control_UCDavis_109170	GSE92538	CTL	PFC_DLPFC	M	71.0	21.75	7.25	109170	DLPFC_Male_Control_UMichigan_109170	True	True
GSE92538__HG-U133A|PFC_DLPFC	GSM2431869	GSE92538__HG-U133A|PFC_DLPFC	GSM2432072	0.6749100870073231	5.323627548497389	0.37395366756657644	GSE92538	BD	PFC_DLPFC	F	81.0	23.0		109377	DLPFC_Female_BipolarDisorder_UCDavis_109377	GSE92538	BD	PFC_DLPFC	F	81.0	23.0		109377	DLPFC_Female_BipolarDisorder_UMichigan_109377	True	True
GSE92538__HG-U133A|PFC_DLPFC	GSM2431870	GSE92538__HG-U133A|PFC_DLPFC	GSM2432073	0.6736467325749352	5.313803591804935	0.587385142070853	GSE92538	CTL	PFC_DLPFC	M	54.0	11.0	6.97	109422	DLPFC_Male_Control_UCDavis_109422	GSE92538	CTL	PFC_DLPFC	M	54.0	11.0	6.97	109422	DLPFC_Male_Control_UMichigan_109422	True	True
GSE92538__HG-U133A|PFC_DLPFC	GSM2431871	GSE92538__HG-U133A|PFC_DLPFC	GSM2432075	0.6713180381658193	5.295695456479938	0.35766736357976925	GSE92538	MDD	PFC_DLPFC	M	34.0	29.6	6.71	109430	DLPFC_Male_MajorDepressiveDisorder_UCDavis_109430	GSE92538	MDD	PFC_DLPFC	M	34.0	29.6	6.71	109430	DLPFC_Male_MajorDepressiveDisorder_UMichigan_109430	True	True
GSE92538__HG-U133A|PFC_DLPFC	GSM2431875	GSE92538__HG-U133A|PFC_DLPFC	GSM2432080	0.6404199320457744	5.055429028769358	0.5519692223293227	GSE92538	CTL	PFC_DLPFC	M	43.0	26.0	7.1	109779	DLPFC_Male_Control_UCDavis_109779	GSE92538	CTL	PFC_DLPFC	M	43.0	26.0	7.1	109779	DLPFC_Male_Control_UMichigan_109779	True	True
GSE92538__HG-U133A|PFC_DLPFC	GSM2431878	GSE92538__HG-U133A|PFC_DLPFC	GSM2432085	0.475647052379337	3.7741404272211594	0.4265068832008135	GSE92538	MDD	PFC_DLPFC	M	35.0	34.5	7.04	109899	DLPFC_Male_MajorDepressiveDisorder_UCDavis_109899	GSE92538	MDD	PFC_DLPFC	M	35.0	34.5	7.04	109899	DLPFC_Male_MajorDepressiveDisorder_UMichigan_109899	True	True
GSE92538__HG-U133A|PFC_DLPFC	GSM2431879	GSE92538__HG-U133A|PFC_DLPFC	GSM2432086	0.5307106439448652	4.202319824073611	0.34258574038050726	GSE92538	MDD	PFC_DLPFC	M	47.0	29.0	7.25	109923	DLPFC_Male_MajorDepressiveDisorder_UCDavis_109923	GSE92538	MDD	PFC_DLPFC	M	47.0	29.0	7.25	109923	DLPFC_Male_MajorDepressiveDisorder_UMichigan_109923	True	True
GSE92538__HG-U133A|PFC_DLPFC	GSM2431880	GSE92538__HG-U133A|PFC_DLPFC	GSM2432088	0.6469011003156625	5.105827171022709	0.27442449487629383	GSE92538	BD	PFC_DLPFC	M	26.0	19.0	6.92	109961	DLPFC_Male_BipolarDisorder_UCDavis_109961	GSE92538	BD	PFC_DLPFC	M	26.0	19.0	6.92	109961	DLPFC_Male_BipolarDisorder_r_UMichigan_109961	True	True
GSE92538__HG-U133A|PFC_DLPFC	GSM2431881	GSE92538__HG-U133A|PFC_DLPFC	GSM2432092	0.7513417920017604	5.917967300309195	0.7171468573291617	GSE92538	CTL	PFC_DLPFC	F	57.0	16.5	6.61	109991	DLPFC_Female_Control_UCDavis_109991	GSE92538	CTL	PFC_DLPFC	F	57.0	16.5	6.61	109991	DLPFC_Female_Control_UMichigan_109991	True	True
GSE92538__HG-U133A|PFC_DLPFC	GSM2431892	GSE92538__HG-U133A|PFC_DLPFC	GSM2432003	0.589950854411489	4.662976981840468	0.4785413870311688	GSE92538	CTL	PFC_DLPFC	M	40.0	12.25	6.76	106229	DLPFC_Male_Control_UCIrvine_106229	GSE92538	CTL	PFC_DLPFC	M	40.0	12.25	6.76	106229	DLPFC_Male_Control_UMichigan_106229	True	True
GSE92538__HG-U133A|PFC_DLPFC	GSM2431919	GSE92538__HG-U133A|PFC_DLPFC	GSM2432006	0.42604708330279195	3.388446645917019	0.3393595740257649	GSE92538	BD	PFC_DLPFC	M	69.0	11.25	6.91	101690	DLPFC_Male_BipolarDisorder_UMichigan_101690	GSE92538	CTL	PFC_DLPFC	M	72.0	15.0	6.31	106293	DLPFC_Male_Control_UMichigan_106293	False	False
GSE92538__HG-U133A|PFC_DLPFC	GSM2431961	GSE92538__HG-U133A|PFC_DLPFC	GSM2432015	0.4827431511551453	3.8293203239087044	0.4538072524063	GSE92538	CTL	PFC_DLPFC	M	54.0	25.0	6.61	103998	DLPFC_Male_Control_r_UMichigan_103998	GSE92538	CTL	PFC_DLPFC	M	50.0	29.0	6.6	106742	DLPFC_Male_Control_r_UMichigan_106742	False	True
GSE92538__HG-U133A|PFC_DLPFC	GSM2431993	GSE92538__HG-U133A|PFC_DLPFC	GSM2431994	0.7466150579162899	5.881211794679124	0.7286651032545243	GSE92538	CTL	PFC_DLPFC	M	18.0	22.0	6.97	105928	DLPFC_Male_Control_r_UMichigan_105928	GSE92538	CTL	PFC_DLPFC	M	18.0	22.0	6.97	105928	DLPFC_Male_Control_UMichigan_105928	True	True
GSE92538__HG-U133A|PFC_DLPFC	GSM2432030	GSE92538__HG-U133A|PFC_DLPFC	GSM2432031	0.49753134350565875	3.9443146259720834	0.42867483720679556	GSE92538	BD	PFC_DLPFC	M	23.0	9.0	7.12	107366	DLPFC_Male_BipolarDisorder_r_UMichigan_107366	GSE92538	BD	PFC_DLPFC	M	23.0	9.0	7.12	107366	DLPFC_Male_BipolarDisorder_UMichigan_107366	True	True
GSE92538__HG-U133A|PFC_DLPFC	GSM2432035	GSE92538__HG-U133A|PFC_DLPFC	GSM2432036	0.5478427788602862	4.335540832480774	0.49778388304548005	GSE92538	MDD	PFC_DLPFC	M	19.0	18.0	7.11	107727	DLPFC_Male_MajorDepressiveDisorder_r_UMichigan_107727	GSE92538	MDD	PFC_DLPFC	M	19.0	18.0	7.11	107727	DLPFC_Male_MajorDepressiveDisorder_UMichigan_107727	True	True
GSE92538__HG-U133A|PFC_DLPFC	GSM2432043	GSE92538__HG-U133A|PFC_DLPFC	GSM2432044	0.43926679877342684	3.4912443319350355	0.36336069204493027	GSE92538	BD	PFC_DLPFC	M	49.0	29.5	6.87	108107	DLPFC_Male_BipolarDisorder_r_UMichigan_108107	GSE92538	BD	PFC_DLPFC	M	49.0	29.5	6.87	108107	DLPFC_Male_BipolarDisorder_UMichigan_108107	True	True
GSE92538__HG-U133A|PFC_DLPFC	GSM2431718	GSE92538__HG-U133_Plus_2|PFC_DLPFC	GSM2431716	0.8640525515202345	7.827740693280889	0.858933602541937	GSE92538	SCZ	PFC_DLPFC	M	39.0	7.5	6.83	101078	DLPFC_Male_Schizophrenia_UCDavis_101078	GSE92538	SCZ	PFC_DLPFC	M	39.0	7.5	6.83	101078	DLPFC_Male_Schizophrenia_p_UCDavis_101078	True	True
GSE92538__HG-U133A|PFC_DLPFC	GSM2431734	GSE92538__HG-U133_Plus_2|PFC_DLPFC	GSM2431769	0.41420511555305706	3.7565772791500285	0.37584403587010706	GSE92538	CTL	PFC_DLPFC	M	52.0	23.0	6.06	101736	DLPFC_Male_Control_UCDavis_101736	GSE92538	CTL	PFC_DLPFC	M	69.0	21.0	6.59	103610	DLPFC_Male_Control_p_UCDavis_103610	False	True
GSE92538__HG-U133A|PFC_DLPFC	GSM2431743	GSE92538__HG-U133_Plus_2|PFC_DLPFC	GSM2431741	0.7945001225293998	7.198284389584004	0.7781822724881594	GSE92538	SCZ	PFC_DLPFC	M	44.0	24.0	7.21	102118	DLPFC_Male_Schizophrenia_UCDavis_102118	GSE92538	SCZ	PFC_DLPFC	M	44.0	24.0	7.21	102118	DLPFC_Male_Schizophrenia_p_UCDavis_102118	True	True
GSE92538__HG-U133A|PFC_DLPFC	GSM2431750	GSE92538__HG-U133_Plus_2|PFC_DLPFC	GSM2431995	0.3403922836366171	3.088563911138908	0.29692485923133216	GSE92538	CTL	PFC_DLPFC	F	52.0	36.0		102422	DLPFC_Female_Control_UCDavis_102422	GSE92538	MDD	PFC_DLPFC	M	56.0	13.0	6.9	105947	DLPFC_Male_MajorDepressiveDisorder_p_UMichigan_105947	False	False
GSE92538__HG-U133A|PFC_DLPFC	GSM2431756	GSE92538__HG-U133_Plus_2|PFC_DLPFC	GSM2432052	0.6544286543031107	5.930623864676468	0.650009187703292	GSE92538	CTL	PFC_DLPFC	M	49.0	31.25	6.68	102539	DLPFC_Male_Control_UCDavis_102539	GSE92538	MDD	PFC_DLPFC	F	46.0	9.5	7.39	108700	DLPFC_Female_MajorDepressiveDisorder_p_UMichigan_108700	False	False
GSE92538__HG-U133A|PFC_DLPFC	GSM2431761	GSE92538__HG-U133_Plus_2|PFC_DLPFC	GSM2432083	0.5608883749153607	5.0840751622875695	0.5167822665283682	GSE92538	SCZ	PFC_DLPFC	F	47.0	32.0	7.17	103037	DLPFC_Female_Schizophrenia_UCDavis_103037	GSE92538	CTL	PFC_DLPFC	M	32.0	10.0	7.04	109882	DLPFC_Male_Control_p_UMichigan_109882	False	False
GSE92538__HG-U133A|PFC_DLPFC	GSM2431771	GSE92538__HG-U133_Plus_2|PFC_DLPFC	GSM2431984	0.34625427682668153	3.1416155244218964	0.3296097428289043	GSE92538	CTL	PFC_DLPFC	M	19.0	6.5	6.59	103984	DLPFC_Male_Control_UCDavis_103984	GSE92538	BD	PFC_DLPFC	M	33.0	23.5	6.41	105544	DLPFC_Male_BipolarDisorder_p_UMichigan_105544	False	False
GSE92538__HG-U133A|PFC_DLPFC	GSM2431772	GSE92538__HG-U133_Plus_2|PFC_DLPFC	GSM2431991	0.429842828279439	3.89810011298692	0.3836536823514717	GSE92538	CTL	PFC_DLPFC	M	54.0	25.0	6.61	103998	DLPFC_Male_Control_UCDavis_103998	GSE92538	CTL	PFC_DLPFC	F	68.0	33.5	6.55	105725	DLPFC_Female_Control_p_UMichigan_105725	False	True
GSE92538__HG-U133A|PFC_DLPFC	GSM2431776	GSE92538__HG-U133_Plus_2|PFC_DLPFC	GSM2431775	0.6744909937207467	6.112190004012904	0.6255198397862223	GSE92538	CTL	PFC_DLPFC	M	48.0	20.2	6.79	104126	DLPFC_Male_Control_UCDavis_104126	GSE92538	CTL	PFC_DLPFC	M	48.0	20.2	6.79	104126	DLPFC_Male_Control_r_p_UCDavis_104126	True	True
GSE92538__HG-U133A|PFC_DLPFC	GSM2431780	GSE92538__HG-U133_Plus_2|PFC_DLPFC	GSM2431778	0.6922587576752613	6.272990010368416	0.5383505221050372	GSE92538	SCZ	PFC_DLPFC	M	50.0	6.25	6.81	104259	DLPFC_Male_Schizophrenia_UCDavis_104259	GSE92538	SCZ	PFC_DLPFC	M	50.0	6.25	6.81	104259	DLPFC_Male_Schizophrenia_p_UCDavis_104259	True	True
GSE92538__HG-U133A|PFC_DLPFC	GSM2431804	GSE92538__HG-U133_Plus_2|PFC_DLPFC	GSM2431845	0.3411623942471105	3.0955334876921983	0.2711890145014471	GSE92538	CTL	PFC_DLPFC	F	47.0	20.5	6.3	105976	DLPFC_Female_Control_UCDavis_105976	GSE92538	CTL	PFC_DLPFC	M	56.0	27.5	6.85	108017	DLPFC_Male_Control_p_UCDavis_108017	False	True
GSE92538__HG-U133A|PFC_DLPFC	GSM2431811	GSE92538__HG-U133_Plus_2|PFC_DLPFC	GSM2431809	0.6630235714227619	6.008408707552762	0.20321828038694087	GSE92538	CTL	PFC_DLPFC	M	40.0	12.25	6.76	106229	DLPFC_Male_Control_UCDavis_106229	GSE92538	CTL	PFC_DLPFC	M	40.0	12.25	6.76	106229	DLPFC_Male_Control_p_UCDavis_106229	True	True
GSE92538__HG-U133A|PFC_DLPFC	GSM2431819	GSE92538__HG-U133_Plus_2|PFC_DLPFC	GSM2431818	0.8088459346931296	7.328115396626203	0.6675566096164093	GSE92538	CTL	PFC_DLPFC	M	48.0	21.0	6.62	106589	DLPFC_Male_Control_UCDavis_106589	GSE92538	CTL	PFC_DLPFC	M	48.0	21.0	6.62	106589	DLPFC_Male_Control_r_p_UCDavis_106589	True	True
GSE92538__HG-U133A|PFC_DLPFC	GSM2431838	GSE92538__HG-U133_Plus_2|PFC_DLPFC	GSM2431829	0.3741131924160416	3.393741442758881	0.33986077096913797	GSE92538	BD	PFC_DLPFC	M	23.0	9.0	7.12	107366	DLPFC_Male_BipolarDisorder_UCDavis_107366	GSE92538	CTL	PFC_DLPFC	M	56.0	20.3	7.14	106966	DLPFC_Male_Control_p_UCDavis_106966	False	False
GSE92538__HG-U133A|PFC_DLPFC	GSM2431856	GSE92538__HG-U133_Plus_2|PFC_DLPFC	GSM2431971	0.48338981647772045	4.382705607783263	0.3253925528408365	GSE92538	CTL	PFC_DLPFC	M	25.0	13.75	6.87	108632	DLPFC_Male_Control_UCDavis_108632	GSE92538	MDD	PFC_DLPFC	F	46.0	35.0	6.76	104630	DLPFC_Female_MajorDepressiveDisorder_p_UMichigan_104630	False	False
GSE92538__HG-U133A|PFC_DLPFC	GSM2431859	GSE92538__HG-U133_Plus_2|PFC_DLPFC	GSM2431747	0.414588822321736	3.760049863038478	0.36342478532697126	GSE92538	CTL	PFC_DLPFC	M	60.0	30.0	6.8	108759	DLPFC_Male_Control_UCDavis_108759	GSE92538	SCZ	PFC_DLPFC	M	59.0	35.75	6.42	102317	DLPFC_Male_Schizophrenia_p_UCDavis_102317	False	False
GSE92538__HG-U133A|PFC_DLPFC	GSM2431875	GSE92538__HG-U133_Plus_2|PFC_DLPFC	GSM2431874	0.6947722057092375	6.295736961581426	0.5366566502620899	GSE92538	CTL	PFC_DLPFC	M	43.0	26.0	7.1	109779	DLPFC_Male_Control_UCDavis_109779	GSE92538	CTL	PFC_DLPFC	M	43.0	26.0	7.1	109779	DLPFC_Male_Control_r_p_UCDavis_109779	True	True
GSE92538__HG-U133A|PFC_DLPFC	GSM2431880	GSE92538__HG-U133_Plus_2|PFC_DLPFC	GSM2431793	0.3540847968103696	3.2124824982497464	0.305341425399939	GSE92538	BD	PFC_DLPFC	M	26.0	19.0	6.92	109961	DLPFC_Male_BipolarDisorder_UCDavis_109961	GSE92538	BD	PFC_DLPFC	M	33.0	23.5	6.41	105544	DLPFC_Male_BipolarDisorder_p_UCDavis_105544	False	True
GSE92538__HG-U133A|PFC_DLPFC	GSM2431881	GSE92538__HG-U133_Plus_2|PFC_DLPFC	GSM2431736	0.3921721794214465	3.5571770462865477	0.35712929653653475	GSE92538	CTL	PFC_DLPFC	F	57.0	16.5	6.61	109991	DLPFC_Female_Control_UCDavis_109991	GSE92538	CTL	PFC_DLPFC	M	66.0	18.5	6.94	101772	DLPFC_Male_Control_p_UCDavis_101772	False	True
GSE92538__HG-U133A|PFC_DLPFC	GSM2431916	GSE92538__HG-U133_Plus_2|PFC_DLPFC	GSM2432055	0.3883991889062203	3.523031112089043	0.38240165383749863	GSE92538	SCZ	PFC_DLPFC	F	59.0	13.25	6.38	101657	DLPFC_Female_Schizophrenia_UMichigan_101657	GSE92538	CTL	PFC_DLPFC	M	78.0	25.0	6.63	108778	DLPFC_Male_Control_p_UMichigan_108778	False	False
GSE92538__HG-U133A|PFC_DLPFC	GSM2431955	GSE92538__HG-U133_Plus_2|PFC_DLPFC	GSM2431767	0.6957827882147257	6.304882832368615	0.6402613635126828	GSE92538	SCZ	PFC_DLPFC	M	48.0	27.0	6.93	103311	DLPFC_Male_Schizophrenia_UMichigan_103311	GSE92538	SCZ	PFC_DLPFC	M	48.0	27.0	6.93	103311	DLPFC_Male_Schizophrenia_r_p_UCDavis_103311	True	True
GSE92538__HG-U133A|PFC_DLPFC	GSM2432012	GSE92538__HG-U133_Plus_2|PFC_DLPFC	GSM2431852	0.5583991734950183	5.061547645305924	0.48377077170456295	GSE92538	BD	PFC_DLPFC	F	34.0	39.5	6.73	106664	DLPFC_Female_BipolarDisorder_UMichigan_106664	GSE92538	CTL	PFC_DLPFC	M	64.0	24.5	6.55	108425	DLPFC_Male_Control_p_UCDavis_108425	False	False
GSE92538__HG-U133A|PFC_DLPFC	GSM2432051	GSE92538__HG-U133_Plus_2|PFC_DLPFC	GSM2431917	0.38421016669212427	3.4851200502146042	0.3511493801056047	GSE92538	CTL	PFC_DLPFC	F	45.0	32.0	6.6	108634	DLPFC_Female_Control_UMichigan_108634	GSE92538	BD	PFC_DLPFC	F	59.0	27.0	6.55	101677	DLPFC_Female_BipolarDisorder_p_UMichigan_101677	False	False
GSE92538__HG-U133A|PFC_DLPFC	GSM2432092	GSE92538__HG-U133_Plus_2|PFC_DLPFC	GSM2431957	0.37520928108165225	3.403661152681165	0.3725763163983395	GSE92538	CTL	PFC_DLPFC	F	57.0	16.5	6.61	109991	DLPFC_Female_Control_UMichigan_109991	GSE92538	SCZ	PFC_DLPFC	F	58.0	31.25	6.59	103620	DLPFC_Female_Schizophrenia_p_UMichigan_103620	False	False
GSE92538__HG-U133_Plus_2|PFC_DLPFC	GSM2431716	GSE92538__HG-U133_Plus_2|PFC_DLPFC	GSM2431717	0.9367005099937523	6.818421368842427	0.593789458391781	GSE92538	SCZ	PFC_DLPFC	M	39.0	7.5	6.83	101078	DLPFC_Male_Schizophrenia_p_UCDavis_101078	GSE92538	SCZ	PFC_DLPFC	M	39.0	7.5	6.83	101078	DLPFC_Male_Schizophrenia_r_p_UCDavis_101078	True	True
GSE92538__HG-U133_Plus_2|PFC_DLPFC	GSM2431719	GSE92538__HG-U133_Plus_2|PFC_DLPFC	GSM2431903	0.6232938326231382	4.564412227422653	0.2910199318101313	GSE92538	CTL	PFC_DLPFC	M	53.0	14.5	6.64	101091	DLPFC_Male_Control_p_UCDavis_101091	GSE92538	CTL	PFC_DLPFC	M	53.0	14.5	6.64	101091	DLPFC_Male_Control_p_UMichigan_101091	True	True
GSE92538__HG-U133_Plus_2|PFC_DLPFC	GSM2431724	GSE92538__HG-U133_Plus_2|PFC_DLPFC	GSM2431910	0.7568106570590554	5.524660251927934	0.44312382949311996	GSE92538	CTL	PFC_DLPFC	M	77.0	23.0	6.76	101407	DLPFC_Male_Control_p_UCDavis_101407	GSE92538	CTL	PFC_DLPFC	M	77.0	23.0	6.76	101407	DLPFC_Male_Control_p_UMichigan_101407	True	True
GSE92538__HG-U133_Plus_2|PFC_DLPFC	GSM2431732	GSE92538__HG-U133_Plus_2|PFC_DLPFC	GSM2431917	0.6923192216416328	5.060840252323219	0.36814481930601617	GSE92538	BD	PFC_DLPFC	F	59.0	27.0	6.55	101677	DLPFC_Female_BipolarDisorder_p_UCDavis_101677	GSE92538	BD	PFC_DLPFC	F	59.0	27.0	6.55	101677	DLPFC_Female_BipolarDisorder_p_UMichigan_101677	True	True
GSE92538__HG-U133_Plus_2|PFC_DLPFC	GSM2431736	GSE92538__HG-U133_Plus_2|PFC_DLPFC	GSM2431922	0.7961652270038886	5.8076968520301095	0.3734795042436439	GSE92538	CTL	PFC_DLPFC	M	66.0	18.5	6.94	101772	DLPFC_Male_Control_p_UCDavis_101772	GSE92538	CTL	PFC_DLPFC	M	66.0	18.5	6.94	101772	DLPFC_Male_Control_p_UMichigan_101772	True	True
GSE92538__HG-U133_Plus_2|PFC_DLPFC	GSM2431741	GSE92538__HG-U133_Plus_2|PFC_DLPFC	GSM2431742	0.9270172615760784	6.74877980716547	0.461909999130851	GSE92538	SCZ	PFC_DLPFC	M	44.0	24.0	7.21	102118	DLPFC_Male_Schizophrenia_p_UCDavis_102118	GSE92538	SCZ	PFC_DLPFC	M	44.0	24.0	7.21	102118	DLPFC_Male_Schizophrenia_r_p_UCDavis_102118	True	True
GSE92538__HG-U133_Plus_2|PFC_DLPFC	GSM2431744	GSE92538__HG-U133_Plus_2|PFC_DLPFC	GSM2431928	0.5974741260950386	4.378717860501774	0.3227032051750482	GSE92538	CTL	PFC_DLPFC	M	55.0	23.0		102194	DLPFC_Male_Control_p_UCDavis_102194	GSE92538	CTL	PFC_DLPFC	M	55.0	23.0		102194	DLPFC_Male_Control_p_UMichigan_102194	True	True
GSE92538__HG-U133_Plus_2|PFC_DLPFC	GSM2431748	GSE92538__HG-U133_Plus_2|PFC_DLPFC	GSM2431933	0.6280971344201393	4.598957394903675	0.1779109952916893	GSE92538	MDD	PFC_DLPFC	M	50.0	30.8	6.84	102362	DLPFC_Male_MajorDepressiveDisorder_p_UCDavis_102362	GSE92538	MDD	PFC_DLPFC	M	50.0	30.8	6.84	102362	DLPFC_Male_MajorDepressiveDisorder_p_UMichigan_102362	True	True
GSE92538__HG-U133_Plus_2|PFC_DLPFC	GSM2431754	GSE92538__HG-U133_Plus_2|PFC_DLPFC	GSM2431940	0.7226465488753634	5.278953259337494	0.19192373403730592	GSE92538	MDD	PFC_DLPFC	M	40.0	25.5	6.99	102482	DLPFC_Male_MajorDepressiveDisorder_p_UCDavis_102482	GSE92538	MDD	PFC_DLPFC	M	40.0	25.5	6.99	102482	DLPFC_Male_MajorDepressiveDisorder_p_UMichigan_102482	True	True
GSE92538__HG-U133_Plus_2|PFC_DLPFC	GSM2431757	GSE92538__HG-U133_Plus_2|PFC_DLPFC	GSM2431945	0.7544100010826206	5.507394823629834	0.19242140693234427	GSE92538	CTL	PFC_DLPFC	M	30.0	18.2	7.15	102623	DLPFC_Male_Control_p_UCDavis_102623	GSE92538	CTL	PFC_DLPFC	M	30.0	18.2	7.15	102623	DLPFC_Male_Control_p_UMichigan_102623	True	True
GSE92538__HG-U133_Plus_2|PFC_DLPFC	GSM2431760	GSE92538__HG-U133_Plus_2|PFC_DLPFC	GSM2431948	0.7068403862315039	5.165275926777357	0.34207523201729473	GSE92538	CTL	PFC_DLPFC	M	69.0	25.8	7.12	102854	DLPFC_Male_Control_p_UCDavis_102854	GSE92538	CTL	PFC_DLPFC	M	69.0	25.8	7.12	102854	DLPFC_Male_Control_p_UMichigan_102854	True	True
GSE92538__HG-U133_Plus_2|PFC_DLPFC	GSM2431766	GSE92538__HG-U133_Plus_2|PFC_DLPFC	GSM2431767	0.8089710747120898	5.899796031409692	0.33623627074939205	GSE92538	SCZ	PFC_DLPFC	M	48.0	27.0	6.93	103311	DLPFC_Male_Schizophrenia_p_UCDavis_103311	GSE92538	SCZ	PFC_DLPFC	M	48.0	27.0	6.93	103311	DLPFC_Male_Schizophrenia_r_p_UCDavis_103311	True	True
GSE92538__HG-U133_Plus_2|PFC_DLPFC	GSM2431769	GSE92538__HG-U133_Plus_2|PFC_DLPFC	GSM2431956	0.6781031721206496	4.958598954071363	0.5402743698777571	GSE92538	CTL	PFC_DLPFC	M	69.0	21.0	6.59	103610	DLPFC_Male_Control_p_UCDavis_103610	GSE92538	CTL	PFC_DLPFC	M	69.0	21.0	6.59	103610	DLPFC_Male_Control_p_UMichigan_103610	True	True
GSE92538__HG-U133_Plus_2|PFC_DLPFC	GSM2431770	GSE92538__HG-U133_Plus_2|PFC_DLPFC	GSM2431958	0.6716969169657162	4.912525405790156	0.26010195434951167	GSE92538	MDD	PFC_DLPFC	M	24.0	34.5	7.16	103625	DLPFC_Male_MajorDepressiveDisorder_p_UCDavis_103625	GSE92538	MDD	PFC_DLPFC	M	24.0	34.5	7.16	103625	DLPFC_Male_MajorDepressiveDisorder_p_UMichigan_103625	True	True
GSE92538__HG-U133_Plus_2|PFC_DLPFC	GSM2431774	GSE92538__HG-U133_Plus_2|PFC_DLPFC	GSM2431775	0.839013497954122	6.115860019535464	0.41116303900851187	GSE92538	CTL	PFC_DLPFC	M	48.0	20.2	6.79	104126	DLPFC_Male_Control_p_UCDavis_104126	GSE92538	CTL	PFC_DLPFC	M	48.0	20.2	6.79	104126	DLPFC_Male_Control_r_p_UCDavis_104126	True	True
GSE92538__HG-U133_Plus_2|PFC_DLPFC	GSM2431778	GSE92538__HG-U133_Plus_2|PFC_DLPFC	GSM2431779	0.7582319323300043	5.534882010698582	0.29769771421301594	GSE92538	SCZ	PFC_DLPFC	M	50.0	6.25	6.81	104259	DLPFC_Male_Schizophrenia_p_UCDavis_104259	GSE92538	SCZ	PFC_DLPFC	M	50.0	6.25	6.81	104259	DLPFC_Male_Schizophrenia_r_p_UCDavis_104259	True	True
GSE92538__HG-U133_Plus_2|PFC_DLPFC	GSM2431782	GSE92538__HG-U133_Plus_2|PFC_DLPFC	GSM2431969	0.5849914165881541	4.28894267902109	0.23243530182795205	GSE92538	MDD	PFC_DLPFC	M	19.0	30.5	7.06	104349	DLPFC_Male_MajorDepressiveDisorder_p_UCDavis_104349	GSE92538	MDD	PFC_DLPFC	M	19.0	30.5	7.06	104349	DLPFC_Male_MajorDepressiveDisorder_p_UMichigan_104349	True	True
GSE92538__HG-U133_Plus_2|PFC_DLPFC	GSM2431793	GSE92538__HG-U133_Plus_2|PFC_DLPFC	GSM2431984	0.8542776709838231	6.225639382993231	0.45339742764247226	GSE92538	BD	PFC_DLPFC	M	33.0	23.5	6.41	105544	DLPFC_Male_BipolarDisorder_p_UCDavis_105544	GSE92538	BD	PFC_DLPFC	M	33.0	23.5	6.41	105544	DLPFC_Male_BipolarDisorder_p_UMichigan_105544	True	True
GSE92538__HG-U133_Plus_2|PFC_DLPFC	GSM2431798	GSE92538__HG-U133_Plus_2|PFC_DLPFC	GSM2431990	0.6621589861996462	4.843928963246821	0.3260294225570155	GSE92538	BD	PFC_DLPFC	F	36.0	25.5	7.0	105687	DLPFC_Female_BipolarDisorder_p_UCDavis_105687	GSE92538	BD	PFC_DLPFC	F	36.0	25.5	7.0	105687	DLPFC_Female_BipolarDisorder_p_UMichigan_105687	True	True
GSE92538__HG-U133_Plus_2|PFC_DLPFC	GSM2431799	GSE92538__HG-U133_Plus_2|PFC_DLPFC	GSM2431991	0.784238972917065	5.721923677188635	0.4816908925298957	GSE92538	CTL	PFC_DLPFC	F	68.0	33.5	6.55	105725	DLPFC_Female_Control_p_UCDavis_105725	GSE92538	CTL	PFC_DLPFC	F	68.0	33.5	6.55	105725	DLPFC_Female_Control_p_UMichigan_105725	True	True
GSE92538__HG-U133_Plus_2|PFC_DLPFC	GSM2431802	GSE92538__HG-U133_Plus_2|PFC_DLPFC	GSM2431995	0.7135824375227253	5.21376450835395	0.3276130001510597	GSE92538	MDD	PFC_DLPFC	M	56.0	13.0	6.9	105947	DLPFC_Male_MajorDepressiveDisorder_p_UCDavis_105947	GSE92538	MDD	PFC_DLPFC	M	56.0	13.0	6.9	105947	DLPFC_Male_MajorDepressiveDisorder_p_UMichigan_105947	True	True
GSE92538__HG-U133_Plus_2|PFC_DLPFC	GSM2431805	GSE92538__HG-U133_Plus_2|PFC_DLPFC	GSM2431998	0.6393751929465833	4.68006877143638	0.335791253367016	GSE92538	CTL	PFC_DLPFC	M	55.0	35.5	7.18	106049	DLPFC_Male_Control_p_UCDavis_106049	GSE92538	CTL	PFC_DLPFC	M	55.0	35.5	7.18	106049	DLPFC_Male_Control_p_UMichigan_106049	True	True
GSE92538__HG-U133_Plus_2|PFC_DLPFC	GSM2431806	GSE92538__HG-U133_Plus_2|PFC_DLPFC	GSM2431999	0.6188616282789795	4.532535978989821	0.20922519605183845	GSE92538	CTL	PFC_DLPFC	M	75.0	19.0	7.18	106051	DLPFC_Male_Control_p_UCDavis_106051	GSE92538	CTL	PFC_DLPFC	M	75.0	19.0	7.18	106051	DLPFC_Male_Control_p_UMichigan_106051	True	True
GSE92538__HG-U133_Plus_2|PFC_DLPFC	GSM2431808	GSE92538__HG-U133_Plus_2|PFC_DLPFC	GSM2432002	0.6790834034158704	4.965648741008482	0.1995264963977537	GSE92538	CTL	PFC_DLPFC	F	73.0	20.0	7.21	106172	DLPFC_Female_Control_p_UCDavis_106172	GSE92538	CTL	PFC_DLPFC	F	73.0	20.0	7.21	106172	DLPFC_Female_Control_p_UMichigan_106172	True	True
GSE92538__HG-U133_Plus_2|PFC_DLPFC	GSM2431817	GSE92538__HG-U133_Plus_2|PFC_DLPFC	GSM2431818	0.6956293361718855	5.084646472640322	0.41116303900851187	GSE92538	CTL	PFC_DLPFC	M	48.0	21.0	6.62	106589	DLPFC_Male_Control_p_UCDavis_106589	GSE92538	CTL	PFC_DLPFC	M	48.0	21.0	6.62	106589	DLPFC_Male_Control_r_p_UCDavis_106589	True	True
GSE92538__HG-U133_Plus_2|PFC_DLPFC	GSM2431823	GSE92538__HG-U133_Plus_2|PFC_DLPFC	GSM2432014	0.6156881202492452	4.509712227532441	0.2840592647190277	GSE92538	SCZ	PFC_DLPFC	M	63.0	33.0	7.02	106725	DLPFC_Male_Schizophrenia_p_UCDavis_106725	GSE92538	SCZ	PFC_DLPFC	M	63.0	33.0	7.02	106725	DLPFC_Male_Schizophrenia_p_UMichigan_106725	True	True
GSE92538__HG-U133_Plus_2|PFC_DLPFC	GSM2431825	GSE92538__HG-U133_Plus_2|PFC_DLPFC	GSM2432017	0.6869947955240797	5.022547178153689	0.23936857633320938	GSE92538	SCZ	PFC_DLPFC	M	40.0	14.5	6.9	106753	DLPFC_Male_Schizophrenia_p_UCDavis_106753	GSE92538	SCZ	PFC_DLPFC	M	40.0	14.5	6.9	106753	DLPFC_Male_Schizophrenia_p_UMichigan_106753	True	True
GSE92538__HG-U133_Plus_2|PFC_DLPFC	GSM2431826	GSE92538__HG-U133_Plus_2|PFC_DLPFC	GSM2432018	0.6672150073378068	4.880291678809352	0.19138880230142177	GSE92538	CTL	PFC_DLPFC	M	63.0	22.7	7.25	106798	DLPFC_Male_Control_p_UCDavis_106798	GSE92538	CTL	PFC_DLPFC	M	63.0	22.7	7.25	106798	DLPFC_Male_Control_p_UMichigan_106798	True	True
GSE92538__HG-U133_Plus_2|PFC_DLPFC	GSM2431829	GSE92538__HG-U133_Plus_2|PFC_DLPFC	GSM2432021	0.6493891535276098	4.752088802664877	0.2592703454007709	GSE92538	CTL	PFC_DLPFC	M	56.0	20.3	7.14	106966	DLPFC_Male_Control_p_UCDavis_106966	GSE92538	CTL	PFC_DLPFC	M	56.0	20.3	7.14	106966	DLPFC_Male_Control_p_UMichigan_106966	True	True
GSE92538__HG-U133_Plus_2|PFC_DLPFC	GSM2431837	GSE92538__HG-U133_Plus_2|PFC_DLPFC	GSM2432029	0.7331142636864824	5.354236674075134	0.39135901785865906	GSE92538	CTL	PFC_DLPFC	M	79.0	0.0	7.0	107309	DLPFC_Male_Control_p_UCDavis_107309	GSE92538	CTL	PFC_DLPFC	M	79.0	0.0	7.0	107309	DLPFC_Male_Control_p_UMichigan_107309	True	True
GSE92538__HG-U133_Plus_2|PFC_DLPFC	GSM2431843	GSE92538__HG-U133_Plus_2|PFC_DLPFC	GSM2432037	0.6951593391672833	5.081266271702355	0.2638789328353976	GSE92538	MDD	PFC_DLPFC	F	53.0	19.5	7.16	107845	DLPFC_Female_MajorDepressiveDisorder_p_UCDavis_107845	GSE92538	MDD	PFC_DLPFC	F	53.0	19.5	7.16	107845	DLPFC_Female_MajorDepressiveDisorder_p_UMichigan_107845	True	True
GSE92538__HG-U133_Plus_2|PFC_DLPFC	GSM2431849	GSE92538__HG-U133_Plus_2|PFC_DLPFC	GSM2432042	0.674556679258494	4.933092709602213	0.30681380839950323	GSE92538	BD	PFC_DLPFC	M	36.0	25.5		108104	DLPFC_Male_BipolarDisorder_p_UCDavis_108104	GSE92538	BD	PFC_DLPFC	M	36.0	25.5		108104	DLPFC_Male_BipolarDisorder_p_UMichigan_108104	True	True
GSE92538__HG-U133_Plus_2|PFC_DLPFC	GSM2431852	GSE92538__HG-U133_Plus_2|PFC_DLPFC	GSM2432047	0.6474559136606209	4.738185013602983	0.5559328547830295	GSE92538	CTL	PFC_DLPFC	M	64.0	24.5	6.55	108425	DLPFC_Male_Control_p_UCDavis_108425	GSE92538	CTL	PFC_DLPFC	M	64.0	24.5	6.55	108425	DLPFC_Male_Control_p_UMichigan_108425	True	True
GSE92538__HG-U133_Plus_2|PFC_DLPFC	GSM2431853	GSE92538__HG-U133_Plus_2|PFC_DLPFC	GSM2432048	0.6690881232449674	4.893763058593281	0.25153205341505697	GSE92538	BD	PFC_DLPFC	M	70.0	27.5	6.96	108454	DLPFC_Male_BipolarDisorder_p_UCDavis_108454	GSE92538	BD	PFC_DLPFC	M	70.0	27.5	6.96	108454	DLPFC_Male_BipolarDisorder_p_UMichigan_108454	True	True
GSE92538__HG-U133_Plus_2|PFC_DLPFC	GSM2431858	GSE92538__HG-U133_Plus_2|PFC_DLPFC	GSM2432052	0.8957979553353075	6.524251720381066	0.574046233101665	GSE92538	MDD	PFC_DLPFC	F	46.0	9.5	7.39	108700	DLPFC_Female_MajorDepressiveDisorder_p_UCDavis_108700	GSE92538	MDD	PFC_DLPFC	F	46.0	9.5	7.39	108700	DLPFC_Female_MajorDepressiveDisorder_p_UMichigan_108700	True	True
GSE92538__HG-U133_Plus_2|PFC_DLPFC	GSM2431864	GSE92538__HG-U133_Plus_2|PFC_DLPFC	GSM2432064	0.6918240665370998	5.057279115268318	0.19840104003332165	GSE92538	CTL	PFC_DLPFC	F	62.0	20.0	7.11	109103	DLPFC_Female_Control_p_UCDavis_109103	GSE92538	CTL	PFC_DLPFC	F	62.0	20.0	7.11	109103	DLPFC_Female_Control_p_UMichigan_109103	True	True
GSE92538__HG-U133_Plus_2|PFC_DLPFC	GSM2431866	GSE92538__HG-U133_Plus_2|PFC_DLPFC	GSM2432068	0.7141862771792394	5.218107300655484	0.33167786419782835	GSE92538	MDD	PFC_DLPFC	M	28.0	33.0	7.07	109248	DLPFC_Male_MajorDepressiveDisorder_p_UCDavis_109248	GSE92538	MDD	PFC_DLPFC	M	28.0	33.0	7.07	109248	DLPFC_Male_MajorDepressiveDisorder_p_UMichigan_109248	True	True
GSE92538__HG-U133_Plus_2|PFC_DLPFC	GSM2431867	GSE92538__HG-U133_Plus_2|PFC_DLPFC	GSM2432070	0.8219298660983877	5.9929951760211715	0.47464577980578854	GSE92538	MDD	PFC_DLPFC	M	39.0	29.0	7.18	109257	DLPFC_Male_MajorDepressiveDisorder_p_UCDavis_109257	GSE92538	MDD	PFC_DLPFC	M	39.0	29.0	7.18	109257	DLPFC_Male_MajorDepressiveDisorder_p_UMichigan_109257	True	True
GSE92538__HG-U133_Plus_2|PFC_DLPFC	GSM2431873	GSE92538__HG-U133_Plus_2|PFC_DLPFC	GSM2431874	0.6578735917087581	4.813108565806377	0.4043846014486451	GSE92538	CTL	PFC_DLPFC	M	43.0	26.0	7.1	109779	DLPFC_Male_Control_p_UCDavis_109779	GSE92538	CTL	PFC_DLPFC	M	43.0	26.0	7.1	109779	DLPFC_Male_Control_r_p_UCDavis_109779	True	True
GSE92538__HG-U133_Plus_2|PFC_DLPFC	GSM2431876	GSE92538__HG-U133_Plus_2|PFC_DLPFC	GSM2432081	0.7612012108439101	5.556236951090776	0.5082775909818689	GSE92538	MDD	PFC_DLPFC	M	36.0	36.0	6.87	109833	DLPFC_Male_MajorDepressiveDisorder_p_UCDavis_109833	GSE92538	MDD	PFC_DLPFC	M	36.0	36.0	6.87	109833	DLPFC_Male_MajorDepressiveDisorder_p_UMichigan_109833	True	True
GSE92538__HG-U133_Plus_2|PFC_DLPFC	GSM2431877	GSE92538__HG-U133_Plus_2|PFC_DLPFC	GSM2432083	0.890104150354648	6.483302087196667	0.32242392051277663	GSE92538	CTL	PFC_DLPFC	M	32.0	10.0	7.04	109882	DLPFC_Male_Control_p_UCDavis_109882	GSE92538	CTL	PFC_DLPFC	M	32.0	10.0	7.04	109882	DLPFC_Male_Control_p_UMichigan_109882	True	True
GSE92538__HG-U133_Plus_2|PFC_DLPFC	GSM2431900	GSE92538__HG-U133_Plus_2|PFC_DLPFC	GSM2431925	0.5040847305670239	3.7070648089527536	0.4310300934967153	GSE92538	MDD	PFC_DLPFC	M	34.0	25.0	6.51	101032	DLPFC_Male_MajorDepressiveDisorder_p_UMichigan_101032	GSE92538	MDD	PFC_DLPFC	M	52.0	23.0	6.58	101850	DLPFC_Male_MajorDepressiveDisorder_p_UMichigan_101850	False	True
GSE92538__HG-U133_Plus_2|PFC_DLPFC	GSM2431904	GSE92538__HG-U133_Plus_2|PFC_DLPFC	GSM2431957	0.4183902832827395	3.0907535383435496	0.2936153357626471	GSE92538	BD	PFC_DLPFC	F	51.0	16.8	6.81	101101	DLPFC_Female_BipolarDisorder_p_UMichigan_101101	GSE92538	SCZ	PFC_DLPFC	F	58.0	31.25	6.59	103620	DLPFC_Female_Schizophrenia_p_UMichigan_103620	False	False
GSE92538__HG-U133_Plus_2|PFC_DLPFC	GSM2431930	GSE92538__HG-U133_Plus_2|PFC_DLPFC	GSM2431952	0.4335556644952668	3.1998223947346656	0.26403748637451546	GSE92538	SCZ	PFC_DLPFC	M	42.0	8.5	7.04	102218	DLPFC_Male_Schizophrenia_p_UMichigan_102218	GSE92538	CTL	PFC_DLPFC	M	63.0	25.0	6.88	103166	DLPFC_Male_Control_p_UMichigan_103166	False	False
GSE92538__HG-U133_Plus_2|PFC_DLPFC	GSM2431985	GSE92538__HG-U133_Plus_2|PFC_DLPFC	GSM2432065	0.4919763307323077	3.6199816486819154	0.48615971891520054	GSE92538	CTL	PFC_DLPFC	M	67.0	15.0	6.96	105589	DLPFC_Male_Control_p_UMichigan_105589	GSE92538	MDD	PFC_DLPFC	M	29.0	19.0	6.3	109120	DLPFC_Male_MajorDepressiveDisorder_p_UMichigan_109120	False	False
