unit_a	gsm_a	unit_b	gsm_b	r	z	r_second	gse_a	dx_a	region_a	sex_reported_a	age_a	pmi_a	ph_a	donor_local_a	title_a	gse_b	dx_b	region_b	sex_reported_b	age_b	pmi_b	ph_b	donor_local_b	title_b	same_metadata_donor	dx_agree
GSE12649__HG-U133A|PFC_BA46	GSM317386	GSE12649__HG-U133A|PFC_BA46	GSM317476	0.32271292771720395	3.6675275616538894	0.28080866922305464	GSE12649	BD	PFC_BA46					2	bipolar disorder, BA46-2	GSE12649	CTL	PFC_BA46					95	control, BA46-95	False	False
GSE12649__HG-U133A|PFC_BA46	GSM317387	GSE12649__HG-U133A|PFC_BA46	GSM317468	0.2991506398879281	3.4069564247770265	0.259258061600166	GSE12649	SCZ	PFC_BA46					3	schizophrenia, BA46-3	GSE12649	CTL	PFC_BA46					86	control, BA46-86	False	False
GSE12649__HG-U133A|PFC_BA46	GSM317390	GSE12649__HG-U133A|PFC_BA46	GSM317405	0.3160993211972013	3.5943888672172597	0.1960472210666351	GSE12649	SCZ	PFC_BA46					7	schizophrenia, BA46-7	GSE12649	SCZ	PFC_BA46					22	schizophrenia, BA46-22	False	True
GSE12649__HG-U133A|PFC_BA46	GSM317393	GSE12649__HG-U133A|PFC_BA46	GSM317464	0.28862483987218934	3.2905534805250785	0.24317749752071152	GSE12649	SCZ	PFC_BA46					10	schizophrenia, BA46-10	GSE12649	SCZ	PFC_BA46					82	schizophrenia, BA46-82	False	True
GSE12649__HG-U133A|PFC_BA46	GSM317396	GSE12649__HG-U133A|PFC_BA46	GSM317433	0.34488528542164437	3.9127277092859063	0.2691608523408342	GSE12649	BD	PFC_BA46					13	bipolar disorder, BA46-13	GSE12649	BD	PFC_BA46					50	bipolar disorder, BA46-50	False	True
GSE12649__HG-U133A|PFC_BA46	GSM317397	GSE12649__HG-U133A|PFC_BA46	GSM317432	0.3139731622634903	3.5708760549406175	0.272417508406631	GSE12649	BD	PFC_BA46					14	bipolar disorder, BA46-14	GSE12649	CTL	PFC_BA46					49	control, BA46-49	False	False
GSE12649__HG-U133A|PFC_BA46	GSM317403	GSE12649__HG-U133A|PFC_BA46	GSM317440	0.3457352271552179	3.9221270632621006	0.2994723012167213	GSE12649	BD	PFC_BA46					20	bipolar disorder, BA46-20	GSE12649	BD	PFC_BA46					58	bipolar disorder, BA46-58	False	True
GSE12649__HG-U133A|PFC_BA46	GSM317411	GSE12649__HG-U133A|PFC_BA46	GSM317478	0.42959969920107544	4.849569295650729	0.34101658970220766	GSE12649	BD	PFC_BA46					28	bipolar disorder, BA46-28	GSE12649	SCZ	PFC_BA46					97	schizophrenia, BA46-97	False	False
GSE12649__HG-U133A|PFC_BA46	GSM317425	GSE12649__HG-U133A|PFC_BA46	GSM317459	0.41326230671938147	4.668896987282219	0.2723255713625467	GSE12649	BD	PFC_BA46					42	bipolar disorder, BA46-42	GSE12649	CTL	PFC_BA46					77	control, BA46-77	False	False
GSE12649__HG-U133A|PFC_BA46	GSM317431	GSE12649__HG-U133A|PFC_BA46	GSM317437	0.3589051171897521	4.067770527246019	0.27241750840663104	GSE12649	BD	PFC_BA46					48	bipolar disorder, BA46-48	GSE12649	SCZ	PFC_BA46					55	schizophrenia, BA46-55	False	False
GSE12649__HG-U133A|PFC_BA46	GSM317441	GSE12649__HG-U133A|PFC_BA46	GSM317485	0.2817444724058684	3.214464724381362	0.26409195775793287	GSE12649	CTL	PFC_BA46					59	control, BA46-59	GSE12649	BD	PFC_BA46					104	bipolar disorder, BA46-104	False	False
GSE12649__HG-U133A|PFC_BA46	GSM317445	GSE12649__HG-U133A|PFC_BA46	GSM317454	0.2817758872302786	3.214812135319156	0.22768415602734215	GSE12649	BD	PFC_BA46					63	bipolar disorder, BA46-63	GSE12649	BD	PFC_BA46					72	bipolar disorder, BA46-72	False	True
GSE12649__HG-U133A|PFC_BA46	GSM317470	GSE12649__HG-U133A|PFC_BA46	GSM317472	0.32768927690278304	3.7225601193655167	0.24446365822393393	GSE12649	SCZ	PFC_BA46					88	schizophrenia, BA46-88	GSE12649	CTL	PFC_BA46					91	control, BA46-91	False	False
GSE12649__HG-U133A|PFC_BA46	GSM317425	GSE17612__HG-U133_Plus_2|PFC_BA10	GSM439791	0.198822466447299	3.03027085538202	0.15037703719327408	GSE12649	BD	PFC_BA46					42	bipolar disorder, BA46-42	GSE17612	SCZ	PFC_BA10	M	75.0	9.0	6.3	S024	S024_Scz_M_75	False	False
GSE12649__HG-U133A|PFC_BA46	GSM317431	GSE17612__HG-U133_Plus_2|PFC_BA10	GSM439789	0.20178733222556366	3.075414841191203	0.17463139660558663	GSE12649	BD	PFC_BA46					48	bipolar disorder, BA46-48	GSE17612	CTL	PFC_BA10	M	54.0	12.0	6.6	C007	C007_Control_M_54	False	False
GSE12649__HG-U133A|PFC_BA46	GSM317439	GSE17612__HG-U133_Plus_2|PFC_BA10	GSM439806	0.2052555966017466	3.1282237335628964	0.14997979547745421	GSE12649	BD	PFC_BA46					57	bipolar disorder, BA46-57	GSE17612	SCZ	PFC_BA10	M	79.0	4.5	6.1	S031	S031_Scz_M_79	False	False
GSE12649__HG-U133A|PFC_BA46	GSM317448	GSE17612__HG-U133_Plus_2|PFC_BA10	GSM439805	0.21099698372036252	3.2156439130893784	0.09064817137405543	GSE12649	SCZ	PFC_BA46					66	schizophrenia, BA46-66	GSE17612	SCZ	PFC_BA10	F	82.0	8.5	5.9	S020	S020_Scz_F_82	False	True
GSE12649__HG-U133A|PFC_BA46	GSM317452	GSE17612__HG-U133_Plus_2|PFC_BA10	GSM439788	0.2518254255933462	3.837310706249848	0.14056596522902312	GSE12649	CTL	PFC_BA46					70	control, BA46-70	GSE17612	CTL	PFC_BA10		91.0	4.5	6.3	C014	C014_Control_M91	False	True
GSE12649__HG-U133A|PFC_BA46	GSM317466	GSE17612__HG-U133_Plus_2|PFC_BA10	GSM439804	0.2808710981836962	4.279569320737412	0.20883383183665336	GSE12649	CTL	PFC_BA46					84	control, BA46-84	GSE17612	CTL	PFC_BA10	M	25.0	17.0	6.9	C021	C021_Control_M_25	False	True
GSE12649__HG-U133A|PFC_BA46	GSM317473	GSE17612__HG-U133_Plus_2|PFC_BA10	GSM439786	0.2127486876582187	3.2423159123050573	0.14556587126219522	GSE12649	SCZ	PFC_BA46					92	schizophrenia, BA46-92	GSE17612	SCZ	PFC_BA10	M	77.0	3.0	6.1	S027	S027_Scz_M_77	False	True
GSE12649__HG-U133A|PFC_BA46	GSM317412	GSE21138__HG-U133_Plus_2|PFC_BA46	GSM528873	0.21398542501869833	3.317205114370228	0.173785705982069	GSE12649	CTL	PFC_BA46					29	control, BA46-29	GSE21138	SCZ	PFC_BA46	M	46.0	42.0	5.83	Scz-14	Scz-14	False	False
GSE12649__HG-U133A|PFC_BA46	GSM317416	GSE21138__HG-U133_Plus_2|PFC_BA46	GSM528871	0.22522441115234107	3.4913010507925204	0.13795157306980443	GSE12649	CTL	PFC_BA46					33	control, BA46-33	GSE21138	SCZ	PFC_BA46	F	26.0	41.0	6.11	Scz-12	Scz-12	False	False
GSE12649__HG-U133A|PFC_BA46	GSM317421	GSE21138__HG-U133_Plus_2|PFC_BA46	GSM528870	0.22119972381728892	3.4289571968121844	0.12063808305278047	GSE12649	CTL	PFC_BA46					38	control, BA46-38	GSE21138	SCZ	PFC_BA46	M	41.0	31.0	6.2	Scz-11	Scz-11	False	False
GSE12649__HG-U133A|PFC_BA46	GSM317438	GSE21138__HG-U133_Plus_2|PFC_BA46	GSM528881	0.21415997799919398	3.319909002802275	0.11910376153239961	GSE12649	CTL	PFC_BA46					56	control, BA46-56	GSE21138	SCZ	PFC_BA46	F	65.0	50.0	6.35	Scz-22	Scz-22	False	False
GSE12649__HG-U133A|PFC_BA46	GSM317456	GSE21138__HG-U133_Plus_2|PFC_BA46	GSM528831	0.20437597412177538	3.168351264698149	0.17978985429838673	GSE12649	BD	PFC_BA46					74	bipolar disorder, BA46-74	GSE21138	CTL	PFC_BA46	M	38.0	46.0	6.42	Control-1	Control-1	False	False
GSE12649__HG-U133A|PFC_BA46	GSM317482	GSE21138__HG-U133_Plus_2|PFC_BA46	GSM528860	0.21194866453845293	3.285654962171463	0.14304291512994335	GSE12649	SCZ	PFC_BA46					101	schizophrenia, BA46-101	GSE21138	SCZ	PFC_BA46	M	38.0	50.0	6.02	Scz-1	Scz-1	False	True
GSE12649__HG-U133A|PFC_BA46	GSM317386	GSE35978__HuGene-1_0-st-v1|CB	GSM878231	0.24932468322413498	4.073107891389688	0.15540099177214775	GSE12649	BD	PFC_BA46					2	bipolar disorder, BA46-2	GSE35978	BD	CB	M	30.0	60.0	6.7	k15	CC18_102309	False	True
GSE12649__HG-U133A|PFC_BA46	GSM317388	GSE35978__HuGene-1_0-st-v1|CB	GSM878258	0.1850786691759464	3.025747404481808	0.1583001314082103	GSE12649	BD	PFC_BA46					4	bipolar disorder, BA46-4	GSE35978	CTL	CB	M	45.0	21.0	6.81	k42	CC45_102309	False	False
GSE12649__HG-U133A|PFC_BA46	GSM317389	GSE35978__HuGene-1_0-st-v1|CB	GSM878267	0.3313105932989306	5.409670228644051	0.14116349634798456	GSE12649	BD	PFC_BA46					6	bipolar disorder, BA46-6	GSE35978	BD	CB	F	30.0	62.0	6.74	k50	CC54_100909	False	True
GSE12649__HG-U133A|PFC_BA46	GSM317390	GSE35978__HuGene-1_0-st-v1|CB	GSM878279	0.252882542955376	4.131109337170705	0.24951022996817357	GSE12649	SCZ	PFC_BA46					7	schizophrenia, BA46-7	GSE35978	SCZ	CB	M	30.0	33.0	6.2	k61	CC66_110409	False	True
GSE12649__HG-U133A|PFC_BA46	GSM317391	GSE35978__HuGene-1_0-st-v1|CB	GSM878278	0.18589026726818678	3.0389783540691986	0.1719837546671894	GSE12649	BD	PFC_BA46					8	bipolar disorder, BA46-8	GSE35978	BD	CB	F	50.0	62.0	6.51	k60	CC65_111809	False	True
GSE12649__HG-U133A|PFC_BA46	GSM317393	GSE35978__HuGene-1_0-st-v1|CB	GSM878215	0.276525878261946	4.516551073061769	0.1452899815938404	GSE12649	SCZ	PFC_BA46					10	schizophrenia, BA46-10	GSE35978	SCZ	CB	M	40.0	34.0	6.18	k1	CC2_100909	False	True
GSE12649__HG-U133A|PFC_BA46	GSM317394	GSE35978__HuGene-1_0-st-v1|CB	GSM878223	0.1881255016155716	3.0754179086332254	0.15602865192850576	GSE12649	SCZ	PFC_BA46					11	schizophrenia, BA46-11	GSE35978	SCZ	CB	M	50.0	43.0	6.63	k7	CC10_102109	False	True
GSE12649__HG-U133A|PFC_BA46	GSM317395	GSE35978__HuGene-1_0-st-v1|CB	GSM878224	0.1996236996056546	3.262865463534043	0.14602501659356848	GSE12649	SCZ	PFC_BA46					12	schizophrenia, BA46-12	GSE35978	SCZ	CB	M	20.0	28.0	6.73	k8	CC11_102109	False	True
GSE12649__HG-U133A|PFC_BA46	GSM317397	GSE35978__HuGene-1_0-st-v1|CB	GSM878225	0.21118434466318922	3.4513310518792863	0.18094783068007014	GSE12649	BD	PFC_BA46					14	bipolar disorder, BA46-14	GSE35978	BD	CB	F	50.0	18.0	6.5	k9	CC12_102109	False	True
GSE12649__HG-U133A|PFC_BA46	GSM317398	GSE35978__HuGene-1_0-st-v1|CB	GSM878226	0.26646779533293097	4.352580766265902	0.16667218211845466	GSE12649	CTL	PFC_BA46					15	control, BA46-15	GSE35978	CTL	CB	F	45.0	28.0	6.59	k10	CC13_100909	False	True
GSE12649__HG-U133A|PFC_BA46	GSM317401	GSE35978__HuGene-1_0-st-v1|CB	GSM878229	0.21955071401753398	3.5877224655792115	0.18520899821391118	GSE12649	BD	PFC_BA46					18	bipolar disorder, BA46-18	GSE35978	BD	CB	M	35.0	35.0	6.3	k13	CC16_102109	False	True
GSE12649__HG-U133A|PFC_BA46	GSM317405	GSE35978__HuGene-1_0-st-v1|CB	GSM878234	0.23241700244065183	3.7974730984733602	0.13786819068078493	GSE12649	SCZ	PFC_BA46					22	schizophrenia, BA46-22	GSE35978	SCZ	CB	M	35.0	30.0	6.8	k18	CC21_102309	False	True
GSE12649__HG-U133A|PFC_BA46	GSM317406	GSE35978__HuGene-1_0-st-v1|CB	GSM878235	0.23147380306416848	3.782096739755388	0.14629971216665014	GSE12649	BD	PFC_BA46					23	bipolar disorder, BA46-23	GSE35978	BD	CB	F	35.0	17.0	6.1	k19	CC22_103009	False	True
GSE12649__HG-U133A|PFC_BA46	GSM317408	GSE35978__HuGene-1_0-st-v1|CB	GSM878237	0.24993565687133495	4.0830681926799635	0.17083557395286075	GSE12649	SCZ	PFC_BA46					25	schizophrenia, BA46-25	GSE35978	SCZ	CB	M	50.0	10.0	6.1	k21	CC24_102309	False	True
GSE12649__HG-U133A|PFC_BA46	GSM317409	GSE35978__HuGene-1_0-st-v1|CB	GSM878238	0.18653084024690597	3.0494211937819964	0.16532494145731697	GSE12649	SCZ	PFC_BA46					26	schizophrenia, BA46-26	GSE35978	SCZ	CB	M	25.0	15.0	6.2	k22	CC25_102309	False	True
GSE12649__HG-U133A|PFC_BA46	GSM317410	GSE35978__HuGene-1_0-st-v1|CB	GSM878239	0.1989420777732061	3.251753431373031	0.14802175974036838	GSE12649	CTL	PFC_BA46					27	control, BA46-27	GSE35978	CTL	CB	M	35.0	13.0	6.5	k23	CC26_103009	False	True
GSE12649__HG-U133A|PFC_BA46	GSM317411	GSE35978__HuGene-1_0-st-v1|CB	GSM878303	0.25778893441419576	4.211095008241532	0.18504627988779304	GSE12649	BD	PFC_BA46					28	bipolar disorder, BA46-28	GSE35978	SCZ	CB	F	45.0	35.0	6.5	k85	CC90_103009	False	False
GSE12649__HG-U133A|PFC_BA46	GSM317412	GSE35978__HuGene-1_0-st-v1|CB	GSM878240	0.19947317075421558	3.2604114907316433	0.13627104651639757	GSE12649	CTL	PFC_BA46					29	control, BA46-29	GSE35978	CTL	CB	M	50.0	31.0	6.7	k24	CC27_102109	False	True
GSE12649__HG-U133A|PFC_BA46	GSM317413	GSE35978__HuGene-1_0-st-v1|CB	GSM878242	0.2135075363784009	3.4892045175264994	0.1268389963567385	GSE12649	CTL	PFC_BA46					30	control, BA46-30	GSE35978	CTL	CB	M	55.0	28.0	6.0	k26	CC29_102109	False	True
GSE12649__HG-U133A|PFC_BA46	GSM317415	GSE35978__HuGene-1_0-st-v1|CB	GSM878243	0.19549807986151865	3.195608199904054	0.18047253386791426	GSE12649	BD	PFC_BA46					32	bipolar disorder, BA46-32	GSE35978	BD	CB	F	40.0	49.0	6.65	k27	CC30_103009	False	True
GSE12649__HG-U133A|PFC_BA46	GSM317417	GSE35978__HuGene-1_0-st-v1|CB	GSM878244	0.21334853823634137	3.4866124754527297	0.11931646875107825	GSE12649	BD	PFC_BA46					34	bipolar disorder, BA46-34	GSE35978	BD	CB	F	60.0	35.0	6.5	k28	CC31_103009	False	True
GSE12649__HG-U133A|PFC_BA46	GSM317418	GSE35978__HuGene-1_0-st-v1|CB	GSM878245	0.18735008819583654	3.0627768539486584	0.1742964352311174	GSE12649	CTL	PFC_BA46					35	control, BA46-35	GSE35978	CTL	CB	F	40.0	28.0	6.7	k29	CC32_102109	False	True
GSE12649__HG-U133A|PFC_BA46	GSM317420	GSE35978__HuGene-1_0-st-v1|CB	GSM878246	0.21658912465146513	3.539441623157758	0.14409456244559823	GSE12649	SCZ	PFC_BA46					37	schizophrenia, BA46-37	GSE35978	SCZ	CB	M	40.0	80.0	6.6	k30	CC33_103009	False	True
GSE12649__HG-U133A|PFC_BA46	GSM317424	GSE35978__HuGene-1_0-st-v1|CB	GSM878250	0.2451132478227381	4.0044516315744145	0.1914937970805924	GSE12649	SCZ	PFC_BA46					41	schizophrenia, BA46-41	GSE35978	SCZ	CB	M	45.0	18.0	6.3	k34	CC37_111809	False	True
GSE12649__HG-U133A|PFC_BA46	GSM317426	GSE35978__HuGene-1_0-st-v1|CB	GSM878252	0.1939632619873615	3.1705870741609625	0.15309887951254098	GSE12649	CTL	PFC_BA46					43	control, BA46-43	GSE35978	CTL	CB	M	35.0	52.0	6.7	k36	CC39_102309	False	True
GSE12649__HG-U133A|PFC_BA46	GSM317428	GSE35978__HuGene-1_0-st-v1|CB	GSM878254	0.2898568266663447	4.733876751839323	0.13998888541841398	GSE12649	SCZ	PFC_BA46					45	schizophrenia, BA46-45	GSE35978	SCZ	CB	M	35.0	47.0	6.4	k38	CC41_111109	False	True
GSE12649__HG-U133A|PFC_BA46	GSM317430	GSE35978__HuGene-1_0-st-v1|CB	GSM878256	0.30930127137197555	5.050866737541277	0.16713207290568335	GSE12649	SCZ	PFC_BA46					47	schizophrenia, BA46-47	GSE35978	SCZ	CB	M	45.0	32.0	6.67	k40	CC43_111109	False	True
GSE12649__HG-U133A|PFC_BA46	GSM317432	GSE35978__HuGene-1_0-st-v1|CB	GSM878257	0.315224570771581	5.147430389546499	0.17563192383405465	GSE12649	CTL	PFC_BA46					49	control, BA46-49	GSE35978	CTL	CB	M	35.0	22.0	6.48	k41	CC44_102309	False	True
GSE12649__HG-U133A|PFC_BA46	GSM317435	GSE35978__HuGene-1_0-st-v1|CB	GSM878260	0.18389444636973795	3.0064417994058634	0.1563721865317938	GSE12649	CTL	PFC_BA46					53	control, BA46-53	GSE35978	CTL	CB	F	35.0	24.0	6.87	k44	CC47_103009	False	True
GSE12649__HG-U133A|PFC_BA46	GSM317437	GSE35978__HuGene-1_0-st-v1|CB	GSM878262	0.20712041522202077	3.385079484660363	0.18708227376410347	GSE12649	SCZ	PFC_BA46					55	schizophrenia, BA46-55	GSE35978	SCZ	CB	M	45.0	13.0	6.3	k46	CC49_111109	False	True
GSE12649__HG-U133A|PFC_BA46	GSM317439	GSE35978__HuGene-1_0-st-v1|CB	GSM878264	0.28154256729906296	4.598334852965051	0.1566596804346632	GSE12649	BD	PFC_BA46					57	bipolar disorder, BA46-57	GSE35978	BD	CB	M	50.0	23.0	6.67	k48	CC51_111109	False	True
GSE12649__HG-U133A|PFC_BA46	GSM317440	GSE35978__HuGene-1_0-st-v1|CB	GSM878265	0.22880191742665326	3.7385387465673423	0.22223418201032547	GSE12649	BD	PFC_BA46					58	bipolar disorder, BA46-58	GSE35978	BD	CB	F	65.0	32.0	6.97	k49	CC52_111109	False	True
GSE12649__HG-U133A|PFC_BA46	GSM317442	GSE35978__HuGene-1_0-st-v1|CB	GSM878268	0.36021995712142635	5.880960561871811	0.1385351137859884	GSE12649	CTL	PFC_BA46					60	control, BA46-60	GSE35978	CTL	CB	M	45.0	18.0	6.81	k51	CC55_111809	False	True
GSE12649__HG-U133A|PFC_BA46	GSM317445	GSE35978__HuGene-1_0-st-v1|CB	GSM878271	0.19334418925425625	3.1604947388031586	0.11773761443667992	GSE12649	BD	PFC_BA46					63	bipolar disorder, BA46-63	GSE35978	BD	CB	F	45.0	39.0	6.74	k54	CC58_111109	False	True
GSE12649__HG-U133A|PFC_BA46	GSM317447	GSE35978__HuGene-1_0-st-v1|CB	GSM878273	0.18832620547754925	3.0786898516124044	0.16926796242165157	GSE12649	CTL	PFC_BA46					65	control, BA46-65	GSE35978	CTL	CB	M	50.0	23.0	6.93	k56	CC60_111809	False	True
GSE12649__HG-U133A|PFC_BA46	GSM317449	GSE35978__HuGene-1_0-st-v1|CB	GSM878275	0.21124125466026833	3.4522588181093594	0.16638409771681276	GSE12649	CTL	PFC_BA46					67	control, BA46-67	GSE35978	CTL	CB	M	30.0	24.0	7.03	k58	CC62_111109	False	True
GSE12649__HG-U133A|PFC_BA46	GSM317453	GSE35978__HuGene-1_0-st-v1|CB	GSM878281	0.23390183636898382	3.821679368841957	0.1381920291581155	GSE12649	CTL	PFC_BA46					71	control, BA46-71	GSE35978	CTL	CB	F	50.0	45.0	6.72	k63	CC68_111109	False	True
GSE12649__HG-U133A|PFC_BA46	GSM317454	GSE35978__HuGene-1_0-st-v1|CB	GSM878282	0.1854541486117396	3.0318685986215916	0.13819956760642033	GSE12649	BD	PFC_BA46					72	bipolar disorder, BA46-72	GSE35978	BD	CB	F	50.0	38.0	6.39	k64	CC69_111809	False	True
GSE12649__HG-U133A|PFC_BA46	GSM317455	GSE35978__HuGene-1_0-st-v1|CB	GSM878283	0.25014951810175445	4.086554631578023	0.15057216977486598	GSE12649	SCZ	PFC_BA46					73	schizophrenia, BA46-73	GSE35978	SCZ	CB	M	55.0	38.0	6.17	k65	CC70_111109	False	True
GSE12649__HG-U133A|PFC_BA46	GSM317457	GSE35978__HuGene-1_0-st-v1|CB	GSM878285	0.21937295160562226	3.584824521962754	0.14969931151565974	GSE12649	SCZ	PFC_BA46					75	schizophrenia, BA46-75	GSE35978	SCZ	CB	F	55.0	42.0	6.65	k67	CC72_111809	False	True
GSE12649__HG-U133A|PFC_BA46	GSM317459	GSE35978__HuGene-1_0-st-v1|CB	GSM878286	0.20225470094062925	3.305756946843614	0.1863862591398648	GSE12649	CTL	PFC_BA46					77	control, BA46-77	GSE35978	CTL	CB	F	35.0	29.0	6.52	k68	CC73_111109	False	True
GSE12649__HG-U133A|PFC_BA46	GSM317460	GSE35978__HuGene-1_0-st-v1|CB	GSM878347	0.2087879915109065	3.4122648834708382	0.19355085593306848	GSE12649	SCZ	PFC_BA46					78	schizophrenia, BA46-78	GSE35978	CTL	CB	F	45.0	25.0	6.3	k122	CC134_100909	False	False
GSE12649__HG-U133A|PFC_BA46	GSM317461	GSE35978__HuGene-1_0-st-v1|CB	GSM878288	0.21256014930337822	3.4737598895151534	0.15599854007035768	GSE12649	CTL	PFC_BA46					79	control, BA46-79	GSE35978	CTL	CB	M	50.0	31.0	6.86	k70	CC75_100909	False	True
GSE12649__HG-U133A|PFC_BA46	GSM317462	GSE35978__HuGene-1_0-st-v1|CB	GSM878290	0.23414470813841945	3.825638747465843	0.17101384872312914	GSE12649	CTL	PFC_BA46					80	control, BA46-80	GSE35978	CTL	CB	M	50.0	49.0	6.75	k72	CC77_100909	False	True
GSE12649__HG-U133A|PFC_BA46	GSM317464	GSE35978__HuGene-1_0-st-v1|CB	GSM878292	0.18635946215060636	3.046627329461463	0.16504336380319265	GSE12649	SCZ	PFC_BA46					82	schizophrenia, BA46-82	GSE35978	SCZ	CB	M	40.0	26.0	6.8	k74	CC79_111809	False	True
GSE12649__HG-U133A|PFC_BA46	GSM317466	GSE35978__HuGene-1_0-st-v1|CB	GSM878294	0.3124782777010723	5.102659380945681	0.17952303062256553	GSE12649	CTL	PFC_BA46					84	control, BA46-84	GSE35978	CTL	CB	M	45.0	11.0	6.6	k76	CC81_111109	False	True
GSE12649__HG-U133A|PFC_BA46	GSM317469	GSE35978__HuGene-1_0-st-v1|CB	GSM878296	0.21120957738354967	3.451742404313741	0.15105161450655175	GSE12649	SCZ	PFC_BA46					87	schizophrenia, BA46-87	GSE35978	SCZ	CB	M	40.0	54.0	6.18	k78	CC83_111809	False	True
GSE12649__HG-U133A|PFC_BA46	GSM317470	GSE35978__HuGene-1_0-st-v1|CB	GSM878301	0.2254336007610206	3.683627296647183	0.12781501911883694	GSE12649	SCZ	PFC_BA46					88	schizophrenia, BA46-88	GSE35978	CTL	CB	M	50.0	22.0	6.71	k83	CC88_111109	False	False
GSE12649__HG-U133A|PFC_BA46	GSM317471	GSE35978__HuGene-1_0-st-v1|CB	GSM878300	0.1988979292334131	3.2510337067828146	0.13079835084915176	GSE12649	CTL	PFC_BA46					90	control, BA46-90	GSE35978	CTL	CB	M	40.0	38.0	6.67	k82	CC87_111109	False	True
GSE12649__HG-U133A|PFC_BA46	GSM317473	GSE35978__HuGene-1_0-st-v1|CB	GSM878302	0.252347659190463	4.122389479156818	0.2064138259855597	GSE12649	SCZ	PFC_BA46					92	schizophrenia, BA46-92	GSE35978	SCZ	CB	M	40.0	26.0	6.19	k84	CC89_103009	False	True
GSE12649__HG-U133A|PFC_BA46	GSM317475	GSE35978__HuGene-1_0-st-v1|CB	GSM878304	0.2937071322698133	4.7966457502174675	0.16927296727341307	GSE12649	SCZ	PFC_BA46					94	schizophrenia, BA46-94	GSE35978	SCZ	CB	M	40.0	19.0	6.48	k86	CC91_102309	False	True
GSE12649__HG-U133A|PFC_BA46	GSM317481	GSE35978__HuGene-1_0-st-v1|CB	GSM878221	0.19609752750012838	3.205380600261517	0.14906504786443966	GSE12649	SCZ	PFC_BA46					100	schizophrenia, BA46-100	GSE35978	CTL	CB	M	45.0	36.0	6.57	k5	CC8_100909	False	False
GSE12649__HG-U133A|PFC_BA46	GSM317482	GSE35978__HuGene-1_0-st-v1|CB	GSM878219	0.18917950205272185	3.092600584125386	0.1438074382319144	GSE12649	SCZ	PFC_BA46					101	schizophrenia, BA46-101	GSE35978	SCZ	CB	M	50.0	16.0	6.52	k3	CC5_102309	False	True
GSE12649__HG-U133A|PFC_BA46	GSM317486	GSE35978__HuGene-1_0-st-v1|CB	GSM878308	0.19552873501861698	3.196107950756156	0.1409602936129955	GSE12649	CTL	PFC_BA46					105	control, BA46-105	GSE35978	MDD	CB	M	55.0	23.0	6.5	k90	CC95_100909	False	False
GSE12649__HG-U133A|PFC_BA46	GSM317385	GSE35978__HuGene-1_0-st-v1|PARIETAL	GSM878382	0.26507249779654335	4.035996519440562	0.21164370780129851	GSE12649	BD	PFC_BA46					1	bipolar disorder, BA46-1	GSE35978	BD	PARIETAL	M	30.0	48.0	6.39	k0	CC151_40910	False	True
GSE12649__HG-U133A|PFC_BA46	GSM317386	GSE35978__HuGene-1_0-st-v1|PARIETAL	GSM878380	0.28208232769298697	4.294061920125183	0.1753449619424096	GSE12649	BD	PFC_BA46					2	bipolar disorder, BA46-2	GSE35978	BD	PARIETAL	M	30.0	60.0	6.7	k15	CC149_40910	False	True
GSE12649__HG-U133A|PFC_BA46	GSM317387	GSE35978__HuGene-1_0-st-v1|PARIETAL	GSM878378	0.2968106116576356	4.51751274390612	0.18107158061883766	GSE12649	SCZ	PFC_BA46					3	schizophrenia, BA46-3	GSE35978	SCZ	PARIETAL	M	45.0	26.0	6.42	k25	CC147_40910	False	True
GSE12649__HG-U133A|PFC_BA46	GSM317388	GSE35978__HuGene-1_0-st-v1|PARIETAL	GSM878377	0.30600824675252897	4.657055079165501	0.19133906597935468	GSE12649	BD	PFC_BA46					4	bipolar disorder, BA46-4	GSE35978	BD	PARIETAL	M	45.0	28.0	6.35	k32	CC146_40910	False	True
GSE12649__HG-U133A|PFC_BA46	GSM317389	GSE35978__HuGene-1_0-st-v1|PARIETAL	GSM878474	0.3442305871500787	5.23694703868827	0.22734866349631128	GSE12649	BD	PFC_BA46					6	bipolar disorder, BA46-6	GSE35978	BD	PARIETAL	F	30.0	62.0	6.74	k50	CC243_40910	False	True
GSE12649__HG-U133A|PFC_BA46	GSM317390	GSE35978__HuGene-1_0-st-v1|PARIETAL	GSM878473	0.24873169755407645	3.7880813322956715	0.17718324407136668	GSE12649	SCZ	PFC_BA46					7	schizophrenia, BA46-7	GSE35978	SCZ	PARIETAL	M	30.0	33.0	6.2	k61	CC242_40910	False	True
GSE12649__HG-U133A|PFC_BA46	GSM317391	GSE35978__HuGene-1_0-st-v1|PARIETAL	GSM878471	0.336084032976584	5.113351224986369	0.14918541192327456	GSE12649	BD	PFC_BA46					8	bipolar disorder, BA46-8	GSE35978	BD	PARIETAL	M	45.0	19.0	6.74	k71	CC240_40910	False	True
GSE12649__HG-U133A|PFC_BA46	GSM317392	GSE35978__HuGene-1_0-st-v1|PARIETAL	GSM878468	0.3105992805585487	4.726708155411422	0.1617347838913744	GSE12649	SCZ	PFC_BA46					9	schizophrenia, BA46-9	GSE35978	SCZ	PARIETAL	F	45.0	52.0	6.51	k81	CC237_40910	False	True
GSE12649__HG-U133A|PFC_BA46	GSM317393	GSE35978__HuGene-1_0-st-v1|PARIETAL	GSM878467	0.41694380349243415	6.340118876660665	0.17833856034406653	GSE12649	SCZ	PFC_BA46					10	schizophrenia, BA46-10	GSE35978	SCZ	PARIETAL	M	40.0	34.0	6.18	k1	CC236_40910	False	True
GSE12649__HG-U133A|PFC_BA46	GSM317394	GSE35978__HuGene-1_0-st-v1|PARIETAL	GSM878464	0.22422299305316146	3.416246417673039	0.16207005040963576	GSE12649	SCZ	PFC_BA46					11	schizophrenia, BA46-11	GSE35978	SCZ	PARIETAL	M	50.0	43.0	6.63	k7	CC233_40810	False	True
GSE12649__HG-U133A|PFC_BA46	GSM317395	GSE35978__HuGene-1_0-st-v1|PARIETAL	GSM878462	0.3732811176777364	5.67768847151637	0.1563121304401413	GSE12649	SCZ	PFC_BA46					12	schizophrenia, BA46-12	GSE35978	SCZ	PARIETAL	M	20.0	28.0	6.73	k8	CC231_40810	False	True
GSE12649__HG-U133A|PFC_BA46	GSM317397	GSE35978__HuGene-1_0-st-v1|PARIETAL	GSM878459	0.45599203237465025	6.93254084054055	0.15993888662170255	GSE12649	BD	PFC_BA46					14	bipolar disorder, BA46-14	GSE35978	BD	PARIETAL	F	50.0	18.0	6.5	k9	CC228_40810	False	True
GSE12649__HG-U133A|PFC_BA46	GSM317398	GSE35978__HuGene-1_0-st-v1|PARIETAL	GSM878456	0.2167194675452962	3.3024063423446326	0.16105770765942326	GSE12649	CTL	PFC_BA46					15	control, BA46-15	GSE35978	CTL	PARIETAL	F	45.0	28.0	6.59	k10	CC225_40810	False	True
GSE12649__HG-U133A|PFC_BA46	GSM317399	GSE35978__HuGene-1_0-st-v1|PARIETAL	GSM878455	0.3102558834134004	4.721498290151383	0.13801601151272222	GSE12649	BD	PFC_BA46					16	bipolar disorder, BA46-16	GSE35978	BD	PARIETAL	M	40.0	32.0	6.65	k11	CC224_40810	False	True
GSE12649__HG-U133A|PFC_BA46	GSM317400	GSE35978__HuGene-1_0-st-v1|PARIETAL	GSM878453	0.24756619852148684	3.770398911208929	0.14316422702295367	GSE12649	SCZ	PFC_BA46					17	schizophrenia, BA46-17	GSE35978	SCZ	PARIETAL	F	55.0	13.0	6.49	k12	CC222_40810	False	True
GSE12649__HG-U133A|PFC_BA46	GSM317401	GSE35978__HuGene-1_0-st-v1|PARIETAL	GSM878451	0.26425670664467554	4.023619707222954	0.19389923843864892	GSE12649	BD	PFC_BA46					18	bipolar disorder, BA46-18	GSE35978	BD	PARIETAL	M	35.0	35.0	6.3	k13	CC220_40810	False	True
GSE12649__HG-U133A|PFC_BA46	GSM317403	GSE35978__HuGene-1_0-st-v1|PARIETAL	GSM878447	0.2053701605616879	3.1302198200778806	0.17935249035958645	GSE12649	BD	PFC_BA46					20	bipolar disorder, BA46-20	GSE35978	BD	PARIETAL	F	60.0	53.0	6.2	k16	CC216_40810	False	True
GSE12649__HG-U133A|PFC_BA46	GSM317404	GSE35978__HuGene-1_0-st-v1|PARIETAL	GSM878445	0.2163359839753575	3.296588304084715	0.1234241382125972	GSE12649	BD	PFC_BA46					21	bipolar disorder, BA46-21	GSE35978	BD	PARIETAL	M	55.0	44.0	6.5	k17	CC214_41410	False	True
GSE12649__HG-U133A|PFC_BA46	GSM317405	GSE35978__HuGene-1_0-st-v1|PARIETAL	GSM878444	0.26278309569382	4.001262752285663	0.19282249164831622	GSE12649	SCZ	PFC_BA46					22	schizophrenia, BA46-22	GSE35978	SCZ	PARIETAL	M	35.0	30.0	6.8	k18	CC213_40810	False	True
GSE12649__HG-U133A|PFC_BA46	GSM317407	GSE35978__HuGene-1_0-st-v1|PARIETAL	GSM878439	0.25336547349460387	3.8583828727611045	0.11394263204048816	GSE12649	CTL	PFC_BA46					24	control, BA46-24	GSE35978	CTL	PARIETAL	M	55.0	9.0	6.4	k20	CC208_40710	False	True
GSE12649__HG-U133A|PFC_BA46	GSM317408	GSE35978__HuGene-1_0-st-v1|PARIETAL	GSM878438	0.25215019529722543	3.839945224832872	0.18240481379341802	GSE12649	SCZ	PFC_BA46					25	schizophrenia, BA46-25	GSE35978	SCZ	PARIETAL	M	50.0	10.0	6.1	k21	CC207_40710	False	True
GSE12649__HG-U133A|PFC_BA46	GSM317409	GSE35978__HuGene-1_0-st-v1|PARIETAL	GSM878436	0.43254275772432227	6.5767791136307565	0.17056401489682893	GSE12649	SCZ	PFC_BA46					26	schizophrenia, BA46-26	GSE35978	SCZ	PARIETAL	M	25.0	15.0	6.2	k22	CC205_40710	False	True
GSE12649__HG-U133A|PFC_BA46	GSM317410	GSE35978__HuGene-1_0-st-v1|PARIETAL	GSM878434	0.2939216812133635	4.473683205504507	0.1932995997857362	GSE12649	CTL	PFC_BA46					27	control, BA46-27	GSE35978	CTL	PARIETAL	M	35.0	13.0	6.5	k23	CC203_40710	False	True
GSE12649__HG-U133A|PFC_BA46	GSM317411	GSE35978__HuGene-1_0-st-v1|PARIETAL	GSM878395	0.27977660976684404	4.259080616720133	0.2278878829461952	GSE12649	BD	PFC_BA46					28	bipolar disorder, BA46-28	GSE35978	CTL	PARIETAL	M	35.0	22.0	6.48	k41	CC164_40610	False	False
GSE12649__HG-U133A|PFC_BA46	GSM317412	GSE35978__HuGene-1_0-st-v1|PARIETAL	GSM878433	0.34854084547731584	5.302340317106959	0.19296522893386192	GSE12649	CTL	PFC_BA46					29	control, BA46-29	GSE35978	CTL	PARIETAL	M	50.0	31.0	6.7	k24	CC202_40710	False	True
GSE12649__HG-U133A|PFC_BA46	GSM317413	GSE35978__HuGene-1_0-st-v1|PARIETAL	GSM878431	0.3717354021611947	5.65423757891196	0.1585170300500522	GSE12649	CTL	PFC_BA46					30	control, BA46-30	GSE35978	CTL	PARIETAL	M	55.0	28.0	6.0	k26	CC200_40710	False	True
GSE12649__HG-U133A|PFC_BA46	GSM317414	GSE35978__HuGene-1_0-st-v1|PARIETAL	GSM878429	0.36873656601067917	5.608740601136061	0.13695912372753147	GSE12649	SCZ	PFC_BA46					31	schizophrenia, BA46-31	GSE35978	SCZ	PARIETAL	M	45.0	9.0	5.9	k137	CC198_40710	False	True
GSE12649__HG-U133A|PFC_BA46	GSM317415	GSE35978__HuGene-1_0-st-v1|PARIETAL	GSM878406	0.32812721926737254	4.9926340672874625	0.19162793417993265	GSE12649	BD	PFC_BA46					32	bipolar disorder, BA46-32	GSE35978	BD	PARIETAL	F	40.0	49.0	6.65	k27	CC175_40610	False	True
GSE12649__HG-U133A|PFC_BA46	GSM317416	GSE35978__HuGene-1_0-st-v1|PARIETAL	GSM878428	0.4371629822425776	6.646875058082603	0.16900484045678382	GSE12649	CTL	PFC_BA46					33	control, BA46-33	GSE35978	CTL	PARIETAL	F	40.0	33.0	6.0	k136	CC197_40710	False	True
GSE12649__HG-U133A|PFC_BA46	GSM317418	GSE35978__HuGene-1_0-st-v1|PARIETAL	GSM878425	0.3294851554114964	5.013236056682473	0.17230191633841999	GSE12649	CTL	PFC_BA46					35	control, BA46-35	GSE35978	CTL	PARIETAL	F	40.0	28.0	6.7	k29	CC194_40710	False	True
GSE12649__HG-U133A|PFC_BA46	GSM317419	GSE35978__HuGene-1_0-st-v1|PARIETAL	GSM878424	0.2583226614735544	3.933591073539428	0.1575493472052105	GSE12649	BD	PFC_BA46					36	bipolar disorder, BA46-36	GSE35978	AMBIG	PARIETAL	M	40.0	39.0	6.6	k135	CC193_40710	False	False
GSE12649__HG-U133A|PFC_BA46	GSM317420	GSE35978__HuGene-1_0-st-v1|PARIETAL	GSM878421	0.27157699115650547	4.1346797335237335	0.18659048274513929	GSE12649	SCZ	PFC_BA46					37	schizophrenia, BA46-37	GSE35978	SCZ	PARIETAL	M	40.0	80.0	6.6	k30	CC190_40710	False	True
GSE12649__HG-U133A|PFC_BA46	GSM317421	GSE35978__HuGene-1_0-st-v1|PARIETAL	GSM878419	0.266727070243761	4.061098939873481	0.13102657342856358	GSE12649	CTL	PFC_BA46					38	control, BA46-38	GSE35978	CTL	PARIETAL	M	60.0	47.0	6.8	k134	CC188_40710	False	True
GSE12649__HG-U133A|PFC_BA46	GSM317422	GSE35978__HuGene-1_0-st-v1|PARIETAL	GSM878418	0.24671496080977257	3.757484319911497	0.12909129541978723	GSE12649	SCZ	PFC_BA46					39	schizophrenia, BA46-39	GSE35978	SCZ	PARIETAL	M	35.0	29.0	6.5	k31	CC187_40710	False	True
GSE12649__HG-U133A|PFC_BA46	GSM317423	GSE35978__HuGene-1_0-st-v1|PARIETAL	GSM878416	0.244234444781353	3.7198510592218907	0.21185273923282588	GSE12649	SCZ	PFC_BA46					40	schizophrenia, BA46-40	GSE35978	SCZ	PARIETAL	M	50.0	9.0	6.2	k33	CC184_40710	False	True
GSE12649__HG-U133A|PFC_BA46	GSM317424	GSE35978__HuGene-1_0-st-v1|PARIETAL	GSM878414	0.24148086861071505	3.6780750542813667	0.1863381485791754	GSE12649	SCZ	PFC_BA46					41	schizophrenia, BA46-41	GSE35978	SCZ	PARIETAL	M	45.0	18.0	6.3	k34	CC183_40610	False	True
GSE12649__HG-U133A|PFC_BA46	GSM317425	GSE35978__HuGene-1_0-st-v1|PARIETAL	GSM878412	0.21176508003680125	3.227240629030007	0.20648234872123558	GSE12649	BD	PFC_BA46					42	bipolar disorder, BA46-42	GSE35978	BD	PARIETAL	M	65.0	16.0	6.1	k35	CC181_40610	False	True
GSE12649__HG-U133A|PFC_BA46	GSM317426	GSE35978__HuGene-1_0-st-v1|PARIETAL	GSM878410	0.25767815098724206	3.923812853656676	0.13156551892811513	GSE12649	CTL	PFC_BA46					43	control, BA46-43	GSE35978	CTL	PARIETAL	M	35.0	52.0	6.7	k36	CC179_40610	False	True
GSE12649__HG-U133A|PFC_BA46	GSM317427	GSE35978__HuGene-1_0-st-v1|PARIETAL	GSM878408	0.34885008351326313	5.30703193590265	0.17682933444514742	GSE12649	SCZ	PFC_BA46					44	schizophrenia, BA46-44	GSE35978	SCZ	PARIETAL	F	30.0	36.0	6.8	k37	CC177_40610	False	True
GSE12649__HG-U133A|PFC_BA46	GSM317428	GSE35978__HuGene-1_0-st-v1|PARIETAL	GSM878407	0.39323757816704874	5.980458811006829	0.12932477920027458	GSE12649	SCZ	PFC_BA46					45	schizophrenia, BA46-45	GSE35978	SCZ	PARIETAL	M	35.0	47.0	6.4	k38	CC176_40610	False	True
GSE12649__HG-U133A|PFC_BA46	GSM317430	GSE35978__HuGene-1_0-st-v1|PARIETAL	GSM878402	0.35682110526739813	5.427964651595284	0.15847762494977552	GSE12649	SCZ	PFC_BA46					47	schizophrenia, BA46-47	GSE35978	SCZ	PARIETAL	M	45.0	32.0	6.67	k40	CC171_40610	False	True
GSE12649__HG-U133A|PFC_BA46	GSM317432	GSE35978__HuGene-1_0-st-v1|PARIETAL	GSM878496	0.22757226926160679	3.4670601125775735	0.19036155497231427	GSE12649	CTL	PFC_BA46					49	control, BA46-49	GSE35978	SCZ	PARIETAL	M	45.0	29.0	5.9	k147	CC265_51210	False	False
GSE12649__HG-U133A|PFC_BA46	GSM317435	GSE35978__HuGene-1_0-st-v1|PARIETAL	GSM878449	0.24768050202400305	3.7721330719475183	0.15311390873708589	GSE12649	CTL	PFC_BA46					53	control, BA46-53	GSE35978	CTL	PARIETAL	F	35.0	24.0	6.87	k44	CC218_40610	False	True
GSE12649__HG-U133A|PFC_BA46	GSM317436	GSE35978__HuGene-1_0-st-v1|PARIETAL	GSM878423	0.3497337679406059	5.320438794008189	0.15640623317465402	GSE12649	CTL	PFC_BA46					54	control, BA46-54	GSE35978	CTL	PARIETAL	M	40.0	37.0	6.91	k45	CC192_40610	False	True
GSE12649__HG-U133A|PFC_BA46	GSM317437	GSE35978__HuGene-1_0-st-v1|PARIETAL	GSM878404	0.2970765522438867	4.521547473492895	0.14259015341311926	GSE12649	SCZ	PFC_BA46					55	schizophrenia, BA46-55	GSE35978	SCZ	PARIETAL	M	45.0	13.0	6.3	k46	CC173_40610	False	True
GSE12649__HG-U133A|PFC_BA46	GSM317438	GSE35978__HuGene-1_0-st-v1|PARIETAL	GSM878401	0.29991667939622485	4.564636590552006	0.1889910391615246	GSE12649	CTL	PFC_BA46					56	control, BA46-56	GSE35978	CTL	PARIETAL	F	45.0	10.0	6.2	k47	CC170_51110	False	True
GSE12649__HG-U133A|PFC_BA46	GSM317440	GSE35978__HuGene-1_0-st-v1|PARIETAL	GSM878502	0.21073200219779728	3.2115672420482415	0.17775871600189042	GSE12649	BD	PFC_BA46					58	bipolar disorder, BA46-58	GSE35978	MDD	PARIETAL	M	40.0	23.0	6.0	k125	CC271_51210	False	False
GSE12649__HG-U133A|PFC_BA46	GSM317441	GSE35978__HuGene-1_0-st-v1|PARIETAL	GSM878510	0.2089704110245765	3.184841182191831	0.17179502947348244	GSE12649	CTL	PFC_BA46					59	control, BA46-59	GSE35978	CTL	PARIETAL	M	60.0	27.0	6.0	k111	CC279_51110	False	True
GSE12649__HG-U133A|PFC_BA46	GSM317442	GSE35978__HuGene-1_0-st-v1|PARIETAL	GSM878397	0.34452051771053516	5.2413457332496165	0.19356010867531345	GSE12649	CTL	PFC_BA46					60	control, BA46-60	GSE35978	CTL	PARIETAL	M	45.0	18.0	6.81	k51	CC166_51110	False	True
GSE12649__HG-U133A|PFC_BA46	GSM317443	GSE35978__HuGene-1_0-st-v1|PARIETAL	GSM878396	0.31755559683951284	4.83224622129833	0.1534777993706636	GSE12649	BD	PFC_BA46					61	bipolar disorder, BA46-61	GSE35978	BD	PARIETAL	F	45.0	37.0	6.37	k52	CC165_51110	False	True
GSE12649__HG-U133A|PFC_BA46	GSM317444	GSE35978__HuGene-1_0-st-v1|PARIETAL	GSM878394	0.3887784993962426	5.91280769652314	0.16328805102455002	GSE12649	BD	PFC_BA46					62	bipolar disorder, BA46-62	GSE35978	BD	PARIETAL	F	55.0	26.0	6.58	k53	CC163_51110	False	True
GSE12649__HG-U133A|PFC_BA46	GSM317445	GSE35978__HuGene-1_0-st-v1|PARIETAL	GSM878393	0.3105711292275125	4.726281056224194	0.1485482379803378	GSE12649	BD	PFC_BA46					63	bipolar disorder, BA46-63	GSE35978	BD	PARIETAL	F	45.0	39.0	6.74	k54	CC162_51110	False	True
GSE12649__HG-U133A|PFC_BA46	GSM317449	GSE35978__HuGene-1_0-st-v1|PARIETAL	GSM878389	0.31252847718300003	4.755977048922964	0.14808931343459825	GSE12649	CTL	PFC_BA46					67	control, BA46-67	GSE35978	CTL	PARIETAL	M	30.0	24.0	7.03	k58	CC158_40910	False	True
GSE12649__HG-U133A|PFC_BA46	GSM317450	GSE35978__HuGene-1_0-st-v1|PARIETAL	GSM878388	0.24282874149139824	3.6985243684216664	0.17056890155270768	GSE12649	SCZ	PFC_BA46					68	schizophrenia, BA46-68	GSE35978	SCZ	PARIETAL	F	35.0	27.0	6.49	k59	CC157_40910	False	True
GSE12649__HG-U133A|PFC_BA46	GSM317451	GSE35978__HuGene-1_0-st-v1|PARIETAL	GSM878386	0.2151833447516886	3.2791009861684364	0.16868435367902077	GSE12649	BD	PFC_BA46					69	bipolar disorder, BA46-69	GSE35978	BD	PARIETAL	F	50.0	62.0	6.51	k60	CC155_40910	False	True
GSE12649__HG-U133A|PFC_BA46	GSM317452	GSE35978__HuGene-1_0-st-v1|PARIETAL	GSM878485	0.22595071350978652	3.442458606426507	0.1963261949049457	GSE12649	CTL	PFC_BA46					70	control, BA46-70	GSE35978	MDD	PARIETAL	F	55.0	40.0	6.3	k129	CC254_51210	False	False
GSE12649__HG-U133A|PFC_BA46	GSM317454	GSE35978__HuGene-1_0-st-v1|PARIETAL	GSM878383	0.367970258641531	5.597114534357572	0.20325424080552007	GSE12649	BD	PFC_BA46					72	bipolar disorder, BA46-72	GSE35978	BD	PARIETAL	F	50.0	38.0	6.39	k64	CC152_40910	False	True
GSE12649__HG-U133A|PFC_BA46	GSM317455	GSE35978__HuGene-1_0-st-v1|PARIETAL	GSM878381	0.29677917415481786	4.517035788415643	0.15769693285230063	GSE12649	SCZ	PFC_BA46					73	schizophrenia, BA46-73	GSE35978	SCZ	PARIETAL	M	55.0	38.0	6.17	k65	CC150_40910	False	True
GSE12649__HG-U133A|PFC_BA46	GSM317456	GSE35978__HuGene-1_0-st-v1|PARIETAL	GSM878379	0.333409709551365	5.072777606643853	0.20403242616729714	GSE12649	BD	PFC_BA46					74	bipolar disorder, BA46-74	GSE35978	BD	PARIETAL	F	35.0	24.0	6.51	k66	CC148_40910	False	True
GSE12649__HG-U133A|PFC_BA46	GSM317457	GSE35978__HuGene-1_0-st-v1|PARIETAL	GSM878477	0.200541244254313	3.056957698744395	0.1957451068274047	GSE12649	SCZ	PFC_BA46					75	schizophrenia, BA46-75	GSE35978	SCZ	PARIETAL	F	55.0	42.0	6.65	k67	CC246_40910	False	True
GSE12649__HG-U133A|PFC_BA46	GSM317458	GSE35978__HuGene-1_0-st-v1|PARIETAL	GSM878475	0.21886578532286513	3.334969299213511	0.13026701741568447	GSE12649	BD	PFC_BA46					76	bipolar disorder, BA46-76	GSE35978	BD	PARIETAL	F	40.0	28.0	6.44	k140	CC244_40910	False	True
GSE12649__HG-U133A|PFC_BA46	GSM317459	GSE35978__HuGene-1_0-st-v1|PARIETAL	GSM878472	0.3821426180168933	5.812131123183896	0.20173449267081775	GSE12649	CTL	PFC_BA46					77	control, BA46-77	GSE35978	CTL	PARIETAL	F	35.0	29.0	6.52	k68	CC241_40910	False	True
GSE12649__HG-U133A|PFC_BA46	GSM317460	GSE35978__HuGene-1_0-st-v1|PARIETAL	GSM878470	0.34735026664946056	5.284277396776325	0.1620211344313405	GSE12649	SCZ	PFC_BA46					78	schizophrenia, BA46-78	GSE35978	SCZ	PARIETAL	F	45.0	26.0	6.58	k69	CC239_40910	False	True
GSE12649__HG-U133A|PFC_BA46	GSM317461	GSE35978__HuGene-1_0-st-v1|PARIETAL	GSM878466	0.4124099084462462	6.27133268368403	0.3159002236825584	GSE12649	CTL	PFC_BA46					79	control, BA46-79	GSE35978	CTL	PARIETAL	M	50.0	31.0	6.86	k70	CC234_40910	False	True
GSE12649__HG-U133A|PFC_BA46	GSM317462	GSE35978__HuGene-1_0-st-v1|PARIETAL	GSM878463	0.2499779835678766	3.8069894167078626	0.21008586564824994	GSE12649	CTL	PFC_BA46					80	control, BA46-80	GSE35978	CTL	PARIETAL	M	50.0	49.0	6.75	k72	CC232_40810	False	True
GSE12649__HG-U133A|PFC_BA46	GSM317463	GSE35978__HuGene-1_0-st-v1|PARIETAL	GSM878460	0.2647448319490824	4.031025322272191	0.1656062100863618	GSE12649	SCZ	PFC_BA46					81	schizophrenia, BA46-81	GSE35978	SCZ	PARIETAL	F	45.0	30.0	6.47	k73	CC229_40810	False	True
GSE12649__HG-U133A|PFC_BA46	GSM317464	GSE35978__HuGene-1_0-st-v1|PARIETAL	GSM878457	0.3447144198515576	5.2442875283187735	0.18172120868167263	GSE12649	SCZ	PFC_BA46					82	schizophrenia, BA46-82	GSE35978	SCZ	PARIETAL	M	40.0	26.0	6.8	k74	CC226_40810	False	True
GSE12649__HG-U133A|PFC_BA46	GSM317465	GSE35978__HuGene-1_0-st-v1|PARIETAL	GSM878454	0.3380715289444308	5.143504609613024	0.16270388752125828	GSE12649	CTL	PFC_BA46					83	control, BA46-83	GSE35978	CTL	PARIETAL	M	30.0	13.0	6.57	k75	CC223_40810	False	True
GSE12649__HG-U133A|PFC_BA46	GSM317466	GSE35978__HuGene-1_0-st-v1|PARIETAL	GSM878452	0.47035907196038673	7.150511028950258	0.16479497642778787	GSE12649	CTL	PFC_BA46					84	control, BA46-84	GSE35978	CTL	PARIETAL	M	45.0	11.0	6.6	k76	CC221_40810	False	True
GSE12649__HG-U133A|PFC_BA46	GSM317467	GSE35978__HuGene-1_0-st-v1|PARIETAL	GSM878488	0.2514928197960637	3.829971822797674	0.20620810567749362	GSE12649	SCZ	PFC_BA46					85	schizophrenia, BA46-85	GSE35978	BD	PARIETAL	M	35.0	23.0	6.3	k130	CC257_51210	False	False
GSE12649__HG-U133A|PFC_BA46	GSM317469	GSE35978__HuGene-1_0-st-v1|PARIETAL	GSM878443	0.32810468619223165	4.992292205722691	0.16904602804699478	GSE12649	SCZ	PFC_BA46					87	schizophrenia, BA46-87	GSE35978	SCZ	PARIETAL	M	40.0	54.0	6.18	k78	CC212_40810	False	True
GSE12649__HG-U133A|PFC_BA46	GSM317470	GSE35978__HuGene-1_0-st-v1|PARIETAL	GSM878432	0.20497514041456288	3.1242267541173785	0.15924387813283644	GSE12649	SCZ	PFC_BA46					88	schizophrenia, BA46-88	GSE35978	CTL	PARIETAL	M	50.0	22.0	6.71	k83	CC201_40710	False	False
GSE12649__HG-U133A|PFC_BA46	GSM317471	GSE35978__HuGene-1_0-st-v1|PARIETAL	GSM878435	0.32921736591577155	5.0091732762823105	0.15026255889264006	GSE12649	CTL	PFC_BA46					90	control, BA46-90	GSE35978	CTL	PARIETAL	M	40.0	38.0	6.67	k82	CC204_40710	False	True
GSE12649__HG-U133A|PFC_BA46	GSM317473	GSE35978__HuGene-1_0-st-v1|PARIETAL	GSM878430	0.34932758974769845	5.314276443253351	0.15857506807911786	GSE12649	SCZ	PFC_BA46					92	schizophrenia, BA46-92	GSE35978	SCZ	PARIETAL	M	40.0	26.0	6.19	k84	CC199_40710	False	True
GSE12649__HG-U133A|PFC_BA46	GSM317474	GSE35978__HuGene-1_0-st-v1|PARIETAL	GSM878426	0.24510336977129324	3.733033993857862	0.20866894161573427	GSE12649	SCZ	PFC_BA46					93	schizophrenia, BA46-93	GSE35978	SCZ	PARIETAL	F	45.0	35.0	6.5	k85	CC195_40710	False	True
GSE12649__HG-U133A|PFC_BA46	GSM317475	GSE35978__HuGene-1_0-st-v1|PARIETAL	GSM878422	0.28941789449802996	4.405353802426018	0.14155213562609575	GSE12649	SCZ	PFC_BA46					94	schizophrenia, BA46-94	GSE35978	SCZ	PARIETAL	M	40.0	19.0	6.48	k86	CC191_40710	False	True
GSE12649__HG-U133A|PFC_BA46	GSM317477	GSE35978__HuGene-1_0-st-v1|PARIETAL	GSM878417	0.23562071448746047	3.5891674619598515	0.16520578303407657	GSE12649	CTL	PFC_BA46					96	control, BA46-96	GSE35978	CTL	PARIETAL	M	50.0	24.0	6.91	k88	CC186_40710	False	True
GSE12649__HG-U133A|PFC_BA46	GSM317478	GSE35978__HuGene-1_0-st-v1|PARIETAL	GSM878413	0.408184112627734	6.207220832022084	0.18096570058637343	GSE12649	SCZ	PFC_BA46					97	schizophrenia, BA46-97	GSE35978	SCZ	PARIETAL	M	45.0	30.0	6.72	k133	CC182_40610	False	True
GSE12649__HG-U133A|PFC_BA46	GSM317479	GSE35978__HuGene-1_0-st-v1|PARIETAL	GSM878411	0.3062842256018876	4.661242104713306	0.15503776890633691	GSE12649	BD	PFC_BA46					98	bipolar disorder, BA46-98	GSE35978	BD	PARIETAL	M	55.0	23.0	6.07	k132	CC180_40610	False	True
GSE12649__HG-U133A|PFC_BA46	GSM317480	GSE35978__HuGene-1_0-st-v1|PARIETAL	GSM878409	0.4004358484157841	6.089667692417482	0.1772918864812659	GSE12649	CTL	PFC_BA46					99	control, BA46-99	GSE35978	CTL	PARIETAL	F	40.0	58.0	6.46	k89	CC178_40610	False	True
GSE12649__HG-U133A|PFC_BA46	GSM317482	GSE35978__HuGene-1_0-st-v1|PARIETAL	GSM878398	0.4226902594500313	6.427301492139018	0.12664911298901002	GSE12649	SCZ	PFC_BA46					101	schizophrenia, BA46-101	GSE35978	SCZ	PARIETAL	M	50.0	16.0	6.52	k3	CC167_40610	False	True
GSE12649__HG-U133A|PFC_BA46	GSM317483	GSE35978__HuGene-1_0-st-v1|PARIETAL	GSM878387	0.25329158559708376	3.857261879194716	0.1238266668433003	GSE12649	BD	PFC_BA46					102	bipolar disorder, BA46-102	GSE35978	BD	PARIETAL	M	50.0	23.0	6.9	k4	CC156_40610	False	True
GSE12649__HG-U133A|PFC_BA46	GSM317485	GSE35978__HuGene-1_0-st-v1|PARIETAL	GSM878469	0.3673031657332061	5.5869937042417614	0.15820645326715463	GSE12649	BD	PFC_BA46					104	bipolar disorder, BA46-104	GSE35978	CTL	PARIETAL	M	45.0	36.0	6.57	k5	CC238_40610	False	False
GSE12649__HG-U133A|PFC_BA46	GSM317395	GSE53987__HG-U133_Plus_2|HPC	GSM1304914	0.19637271170082843	3.0432961477177325	0.11204819391935812	GSE12649	SCZ	PFC_BA46					12	schizophrenia, BA46-12	GSE53987	SCZ	HPC	M	47.0	28.9	6.58	k62	schiz_hip_4	False	True
GSE12649__HG-U133A|PFC_BA46	GSM317398	GSE53987__HG-U133_Plus_2|HPC	GSM1304874	0.23186562624492527	3.5925208461484393	0.22359838085207118	GSE12649	CTL	PFC_BA46					15	control, BA46-15	GSE53987	CTL	HPC	M	55.0	28.0	6.1	k22	control_hip_14	False	True
GSE12649__HG-U133A|PFC_BA46	GSM317421	GSE53987__HG-U133_Plus_2|HPC	GSM1304893	0.20950360349093033	3.2464862823172713	0.18942277432418175	GSE12649	CTL	PFC_BA46					38	control, BA46-38	GSE53987	MDD	HPC	M	29.0	26.6	6.9	k41	MDD_hip_15	False	False
GSE12649__HG-U133A|PFC_BA46	GSM317427	GSE53987__HG-U133_Plus_2|HPC	GSM1304904	0.20818206287028407	3.2260364895019586	0.13103399757292702	GSE12649	SCZ	PFC_BA46					44	schizophrenia, BA46-44	GSE53987	MDD	HPC	M	51.0	28.3	7.3	k52	MDD_hip_9	False	False
GSE12649__HG-U133A|PFC_BA46	GSM317444	GSE53987__HG-U133_Plus_2|HPC	GSM1304905	0.1960985039422177	3.0390530001637828	0.14768689248795777	GSE12649	BD	PFC_BA46					62	bipolar disorder, BA46-62	GSE53987	SCZ	HPC	M	49.0	21.5	5.97	k53	schiz_hip_10	False	False
GSE12649__HG-U133A|PFC_BA46	GSM317445	GSE53987__HG-U133_Plus_2|HPC	GSM1304895	0.1961348632569534	3.0396156317179215	0.13856933076168934	GSE12649	BD	PFC_BA46					63	bipolar disorder, BA46-63	GSE53987	MDD	HPC	F	54.0	17.9	6.2	k43	MDD_hip_17	False	False
GSE12649__HG-U133A|PFC_BA46	GSM317465	GSE53987__HG-U133_Plus_2|HPC	GSM1304878	0.19806511402589894	3.0694847312293922	0.15458515887236413	GSE12649	CTL	PFC_BA46					83	control, BA46-83	GSE53987	CTL	HPC	F	40.0	16.6	6.8	k26	control_hip_18	False	True
GSE12649__HG-U133A|PFC_BA46	GSM317475	GSE53987__HG-U133_Plus_2|HPC	GSM1304883	0.20104335432813447	3.1155706374689953	0.14672065234251302	GSE12649	SCZ	PFC_BA46					94	schizophrenia, BA46-94	GSE53987	CTL	HPC	M	48.0	24.5	6.5	k31	control_hip_4	False	False
GSE12649__HG-U133A|PFC_BA46	GSM317395	GSE53987__HG-U133_Plus_2|PFC_BA46	GSM1304963	0.2096366971669165	3.162124750310752	0.15648387380292145	GSE12649	SCZ	PFC_BA46					12	schizophrenia, BA46-12	GSE53987	MDD	PFC_BA46	F	54.0	17.9	6.2	k43	MDD_pfc_17	False	False
GSE12649__HG-U133A|PFC_BA46	GSM317409	GSE53987__HG-U133_Plus_2|PFC_BA46	GSM1304986	0.2053216955394474	3.0971941115706696	0.15737647297506602	GSE12649	SCZ	PFC_BA46					26	schizophrenia, BA46-26	GSE53987	SCZ	PFC_BA46	F	44.0	18.7	6.2	k65	schiz_pfc_7	False	True
GSE12649__HG-U133A|PFC_BA46	GSM317436	GSE53987__HG-U133_Plus_2|PFC_BA46	GSM1304955	0.21192851424486975	3.1966112139541547	0.15264777028506643	GSE12649	CTL	PFC_BA46					54	control, BA46-54	GSE53987	CTL	PFC_BA46	M	46.0	22.0	6.3	k69	control_pfc_9	False	True
GSE12649__HG-U133A|PFC_BA46	GSM317459	GSE53987__HG-U133_Plus_2|PFC_BA46	GSM1304979	0.27455494733069097	4.13899192509667	0.18024284053349182	GSE12649	CTL	PFC_BA46					77	control, BA46-77	GSE53987	SCZ	PFC_BA46	F	44.0	24.5	6.63	k57	schiz_pfc_18	False	False
GSE12649__HG-U133A|PFC_BA46	GSM317466	GSE53987__HG-U133_Plus_2|PFC_BA46	GSM1304941	0.1991680342350342	3.0045959636251176	0.19614921098720103	GSE12649	CTL	PFC_BA46					84	control, BA46-84	GSE53987	CTL	PFC_BA46	M	55.0	28.0	6.1	k22	control_pfc_14	False	True
GSE12649__HG-U133A|PFC_BA46	GSM317484	GSE53987__HG-U133_Plus_2|PFC_BA46	GSM1304932	0.20875969936278368	3.1489279933886944	0.17038801645937787	GSE12649	CTL	PFC_BA46					103	control, BA46-103	GSE53987	BD	PFC_BA46	M	42.0	12.5	6.7	k13	bipolar_pfc_5	False	False
GSE12649__HG-U133A|PFC_BA46	GSM317390	GSE53987__HG-U133_Plus_2|STR	GSM1305008	0.2072587070689558	3.197006707875239	0.15828134834293447	GSE12649	SCZ	PFC_BA46					7	schizophrenia, BA46-7	GSE53987	CTL	STR	M	48.0	24.5	6.5	k31	control_str_4	False	False
GSE12649__HG-U133A|PFC_BA46	GSM317405	GSE53987__HG-U133_Plus_2|STR	GSM1305006	0.2348553057999049	3.6222783132371217	0.19748905555784313	GSE12649	SCZ	PFC_BA46					22	schizophrenia, BA46-22	GSE53987	CTL	STR	M	48.0	21.68	6.6	k29	control_str_2	False	False
GSE12649__HG-U133A|PFC_BA46	GSM317406	GSE53987__HG-U133_Plus_2|STR	GSM1305040	0.19758970951334948	3.048004645961669	0.15994087500702775	GSE12649	BD	PFC_BA46					23	bipolar disorder, BA46-23	GSE53987	SCZ	STR	M	46.0	15.8	6.19	k60	schiz_str_2	False	False
GSE12649__HG-U133A|PFC_BA46	GSM317416	GSE53987__HG-U133_Plus_2|STR	GSM1305015	0.21807469232298038	3.363684183508892	0.19596350339381602	GSE12649	CTL	PFC_BA46					33	control, BA46-33	GSE53987	CTL	STR	F	51.0	7.8	6.6	k19	control_str_11	False	True
GSE12649__HG-U133A|PFC_BA46	GSM317430	GSE53987__HG-U133_Plus_2|STR	GSM1305050	0.2279984673117279	3.516612439699456	0.20903032951625278	GSE12649	SCZ	PFC_BA46					47	schizophrenia, BA46-47	GSE53987	SCZ	STR	F	25.0	20.1	6.73	k55	schiz_str_12	False	True
GSE12649__HG-U133A|PFC_BA46	GSM317447	GSE53987__HG-U133_Plus_2|STR	GSM1304991	0.21205272944917464	3.270883985783767	0.12396524632828397	GSE12649	CTL	PFC_BA46					65	control, BA46-65	GSE53987	BD	STR	M	45.0	27.2	7.1	k12	bipolar_str_4	False	False
GSE12649__HG-U133A|PFC_BA46	GSM317455	GSE53987__HG-U133_Plus_2|STR	GSM1305022	0.20592023412994936	3.1763804509566156	0.1826151997420323	GSE12649	SCZ	PFC_BA46					73	schizophrenia, BA46-73	GSE53987	CTL	STR	F	40.0	16.6	6.8	k26	control_str_18	False	False
GSE12649__HG-U133A|PFC_BA46	GSM317466	GSE53987__HG-U133_Plus_2|STR	GSM1305018	0.20496590221653135	3.1616739188645937	0.2035976486858667	GSE12649	CTL	PFC_BA46					84	control, BA46-84	GSE53987	CTL	STR	M	55.0	28.0	6.1	k22	control_str_14	False	True
GSE12649__HG-U133A|PFC_BA46	GSM317480	GSE53987__HG-U133_Plus_2|STR	GSM1305030	0.19811991124156417	3.0561752086575216	0.16396944106206332	GSE12649	CTL	PFC_BA46					99	control, BA46-99	GSE53987	MDD	STR	M	51.0	28.3	7.3	k52	MDD_str_9	False	False
GSE12649__HG-U133A|PFC_BA46	GSM317414	GSE54567__HG-U133_Plus_2|PFC_BA9	GSM1319074	0.3071552024929874	4.305674699349876	0.1617204485596569	GSE12649	SCZ	PFC_BA46					31	schizophrenia, BA46-31	GSE54567	MDD	PFC_BA9	M				Mpair26_MDD	MDD matched sample pair brain dorsolateral prefrontal cortex BA9_M #26	False	False
GSE12649__HG-U133A|PFC_BA46	GSM317458	GSE54567__HG-U133_Plus_2|PFC_BA9	GSM1319051	0.23334102573873147	3.269646807702064	0.17592639063281384	GSE12649	BD	PFC_BA46					76	bipolar disorder, BA46-76	GSE54567	CTL	PFC_BA9	M				Mpair2_CTL	Control matched sample pair brain dorsolateral prefrontal cortex BA9_M #2	False	False
GSE12649__HG-U133A|PFC_BA46	GSM317467	GSE54567__HG-U133_Plus_2|PFC_BA9	GSM1319060	0.2298213306101395	3.220245696917367	0.15676773759543977	GSE12649	SCZ	PFC_BA46					85	schizophrenia, BA46-85	GSE54567	CTL	PFC_BA9	M				Mpair26_CTL	Control matched sample pair brain dorsolateral prefrontal cortex BA9_M #26	False	False
GSE12649__HG-U133A|PFC_BA46	GSM317446	GSE54571__HG-U133_Plus_2|ACC_BA25	GSM1319166	0.21791753557719726	3.0461183250202595	0.18348577179890704	GSE12649	BD	PFC_BA46					64	bipolar disorder, BA46-64	GSE54571	MDD	ACC_BA25	F				Fpair21_MDD	MDD matched sample pair brain anterior cingulate cortex BA25_F #21	False	False
GSE12649__HG-U133A|PFC_BA46	GSM317465	GSE54571__HG-U133_Plus_2|ACC_BA25	GSM1319164	0.25301282284732396	3.538817562348808	0.19413659970630054	GSE12649	CTL	PFC_BA46					83	control, BA46-83	GSE54571	MDD	ACC_BA25	F				Fpair17_MDD	MDD matched sample pair brain anterior cingulate cortex BA25_F #17	False	False
GSE12649__HG-U133A|PFC_BA46	GSM317446	GSE54572__HG-U133_Plus_2|ACC_BA25	GSM1319183	0.24340285945913454	3.2835484405076087	0.23747056242835696	GSE12649	BD	PFC_BA46					64	bipolar disorder, BA46-64	GSE54572	MDD	ACC_BA25	M				Mpair11_MDD	MDD matched sample pair brain anterior cingulate cortex BA25_M #11	False	False
GSE12649__HG-U133A|PFC_BA46	GSM317386	GSE92538__HG-U133A|PFC_DLPFC	GSM2431815	0.25525933623198255	3.5704942362507306	0.22874638607141484	GSE12649	BD	PFC_BA46					2	bipolar disorder, BA46-2	GSE92538	SCZ	PFC_DLPFC	M	64.0	8.5	6.24	106495	DLPFC_Male_Schizophrenia_UCDavis_106495	False	False
GSE12649__HG-U133A|PFC_BA46	GSM317389	GSE92538__HG-U133A|PFC_DLPFC	GSM2431842	0.24193605676532032	3.3847126095879214	0.20689130335484857	GSE12649	BD	PFC_BA46					6	bipolar disorder, BA46-6	GSE92538	MDD	PFC_DLPFC	M	19.0	18.0	7.11	107727	DLPFC_Male_MajorDepressiveDisorder_UCDavis_107727	False	False
GSE12649__HG-U133A|PFC_BA46	GSM317390	GSE92538__HG-U133A|PFC_DLPFC	GSM2431835	0.2239335069598891	3.1336825988987336	0.20918400130696826	GSE12649	SCZ	PFC_BA46					7	schizophrenia, BA46-7	GSE92538	MDD	PFC_DLPFC	M	58.0	24.0	6.93	107185	DLPFC_Male_MajorDepressiveDisorder_UCDavis_107185	False	False
GSE12649__HG-U133A|PFC_BA46	GSM317393	GSE92538__HG-U133A|PFC_DLPFC	GSM2431801	0.24319325014963458	3.402243085665681	0.20738093937631352	GSE12649	SCZ	PFC_BA46					10	schizophrenia, BA46-10	GSE92538	CTL	PFC_DLPFC	M	18.0	22.0	6.97	105928	DLPFC_Male_Control_UCDavis_105928	False	False
GSE12649__HG-U133A|PFC_BA46	GSM317397	GSE92538__HG-U133A|PFC_DLPFC	GSM2431989	0.23574762453756817	3.2984202662770166	0.2176318564085012	GSE12649	BD	PFC_BA46					14	bipolar disorder, BA46-14	GSE92538	CTL	PFC_DLPFC	M	67.0	39.5	6.69	105676	DLPFC_Male_Control_UMichigan_105676	False	False
GSE12649__HG-U133A|PFC_BA46	GSM317408	GSE92538__HG-U133A|PFC_DLPFC	GSM2431918	0.21713100750799166	3.038827618433254	0.20697193068575545	GSE12649	SCZ	PFC_BA46					25	schizophrenia, BA46-25	GSE92538	BD	PFC_DLPFC	M	69.0	11.25	6.91	101690	DLPFC_Male_BipolarDisorder_r_UMichigan_101690	False	False
GSE12649__HG-U133A|PFC_BA46	GSM317419	GSE92538__HG-U133A|PFC_DLPFC	GSM2432088	0.2241866270782758	3.137212140364304	0.18666404946932263	GSE12649	BD	PFC_BA46					36	bipolar disorder, BA46-36	GSE92538	BD	PFC_DLPFC	M	26.0	19.0	6.92	109961	DLPFC_Male_BipolarDisorder_r_UMichigan_109961	False	True
GSE12649__HG-U133A|PFC_BA46	GSM317421	GSE92538__HG-U133A|PFC_DLPFC	GSM2431777	0.23720944125321994	3.3188040380050072	0.17634909245736716	GSE12649	CTL	PFC_BA46					38	control, BA46-38	GSE92538	BD	PFC_DLPFC	M	69.0	28.5	7.2	104184	DLPFC_Male_BipolarDisorder_UCDavis_104184	False	False
GSE12649__HG-U133A|PFC_BA46	GSM317424	GSE92538__HG-U133A|PFC_DLPFC	GSM2431983	0.21976219084573625	3.0755171978838254	0.20047055613775402	GSE12649	SCZ	PFC_BA46					41	schizophrenia, BA46-41	GSE92538	MDD	PFC_DLPFC	M	39.0	28.0	6.79	105506	DLPFC_Male_MajorDepressiveDisorder_UMichigan_105506	False	False
GSE12649__HG-U133A|PFC_BA46	GSM317426	GSE92538__HG-U133A|PFC_DLPFC	GSM2431753	0.23518866868973554	3.2906261096729406	0.21927264803183144	GSE12649	CTL	PFC_BA46					43	control, BA46-43	GSE92538	CTL	PFC_DLPFC	M	55.0	15.0	6.89	102475	DLPFC_Male_Control_UCDavis_102475	False	True
GSE12649__HG-U133A|PFC_BA46	GSM317427	GSE92538__HG-U133A|PFC_DLPFC	GSM2431878	0.25536288484048697	3.571938132175511	0.17956137113824916	GSE12649	SCZ	PFC_BA46					44	schizophrenia, BA46-44	GSE92538	MDD	PFC_DLPFC	M	35.0	34.5	7.04	109899	DLPFC_Male_MajorDepressiveDisorder_UCDavis_109899	False	False
GSE12649__HG-U133A|PFC_BA46	GSM317428	GSE92538__HG-U133A|PFC_DLPFC	GSM2431721	0.21892038681345632	3.0637789676050415	0.212979042045637	GSE12649	SCZ	PFC_BA46					45	schizophrenia, BA46-45	GSE92538	CTL	PFC_DLPFC	M	32.0	27.25	6.97	101244	DLPFC_Male_Control_UCDavis_101244	False	False
GSE12649__HG-U133A|PFC_BA46	GSM317429	GSE92538__HG-U133A|PFC_DLPFC	GSM2431811	0.21650742638808804	3.030132318218184	0.1911646242055174	GSE12649	BD	PFC_BA46					46	bipolar disorder, BA46-46	GSE92538	CTL	PFC_DLPFC	M	40.0	12.25	6.76	106229	DLPFC_Male_Control_UCDavis_106229	False	False
GSE12649__HG-U133A|PFC_BA46	GSM317430	GSE92538__HG-U133A|PFC_DLPFC	GSM2432053	0.24246563150752912	3.392097072046528	0.21042815267791207	GSE12649	SCZ	PFC_BA46					47	schizophrenia, BA46-47	GSE92538	CTL	PFC_DLPFC	M	60.0	30.0	6.8	108759	DLPFC_Male_Control_UMichigan_108759	False	False
GSE12649__HG-U133A|PFC_BA46	GSM317432	GSE92538__HG-U133A|PFC_DLPFC	GSM2431749	0.23388817117590294	3.2724917949049197	0.18550939570446845	GSE12649	CTL	PFC_BA46					49	control, BA46-49	GSE92538	CTL	PFC_DLPFC	F	70.0	20.5	6.63	102420	DLPFC_Female_Control_UCDavis_102420	False	True
GSE12649__HG-U133A|PFC_BA46	GSM317443	GSE92538__HG-U133A|PFC_DLPFC	GSM2431872	0.25627735969305704	3.5846896942873623	0.19682235607580223	GSE12649	BD	PFC_BA46					61	bipolar disorder, BA46-61	GSE92538	BD	PFC_DLPFC	F	68.0	26.5	6.59	109533	DLPFC_Female_BipolarDisorder_UCDavis_109533	False	True
GSE12649__HG-U133A|PFC_BA46	GSM317457	GSE92538__HG-U133A|PFC_DLPFC	GSM2431891	0.27242280757803283	3.809824022421505	0.20403678711830092	GSE12649	SCZ	PFC_BA46					75	schizophrenia, BA46-75	GSE92538	SCZ	PFC_DLPFC	M	48.0	19.5	6.24	104655	DLPFC_Male_Schizophrenia_UCIrvine_104655	False	True
GSE12649__HG-U133A|PFC_BA46	GSM317458	GSE92538__HG-U133A|PFC_DLPFC	GSM2431722	0.2570097862543377	3.5949027501874693	0.22532956807199636	GSE12649	BD	PFC_BA46					76	bipolar disorder, BA46-76	GSE92538	CTL	PFC_DLPFC	F	63.0	29.5	7.01	101283	DLPFC_Female_Control_UCDavis_101283	False	False
GSE12649__HG-U133A|PFC_BA46	GSM317461	GSE92538__HG-U133A|PFC_DLPFC	GSM2431847	0.24127449560922032	3.3754877105662713	0.19739317805752662	GSE12649	CTL	PFC_BA46					79	control, BA46-79	GSE92538	CTL	PFC_DLPFC	F	47.0	41.25	6.73	108030	DLPFC_Female_Control_UCDavis_108030	False	True
GSE12649__HG-U133A|PFC_BA46	GSM317463	GSE92538__HG-U133A|PFC_DLPFC	GSM2431772	0.22698008887871493	3.17616455283937	0.16352410421398808	GSE12649	SCZ	PFC_BA46					81	schizophrenia, BA46-81	GSE92538	CTL	PFC_DLPFC	M	54.0	25.0	6.61	103998	DLPFC_Male_Control_UCDavis_103998	False	False
GSE12649__HG-U133A|PFC_BA46	GSM317466	GSE92538__HG-U133A|PFC_DLPFC	GSM2431751	0.25447519917101813	3.5595601220878414	0.24321329993249416	GSE12649	CTL	PFC_BA46					84	control, BA46-84	GSE92538	MDD	PFC_DLPFC	F	77.0	25.5	6.42	102432	DLPFC_Female_MajorDepressiveDisorder_UCDavis_102432	False	False
GSE12649__HG-U133A|PFC_BA46	GSM317476	GSE92538__HG-U133A|PFC_DLPFC	GSM2431738	0.2174451536562175	3.0432081151850703	0.21516902277691644	GSE12649	CTL	PFC_BA46					95	control, BA46-95	GSE92538	CTL	PFC_DLPFC	M	45.0	21.0	6.86	101923	DLPFC_Male_Control_UCDavis_101923	False	True
GSE12649__HG-U133A|PFC_BA46	GSM317482	GSE92538__HG-U133A|PFC_DLPFC	GSM2431902	0.25747279371114085	3.6013589893361817	0.1911181701470652	GSE12649	SCZ	PFC_BA46					101	schizophrenia, BA46-101	GSE92538	SCZ	PFC_DLPFC	M	39.0	7.5	6.83	101078	DLPFC_Male_Schizophrenia_UMichigan_101078	False	True
GSE12649__HG-U133A|PFC_BA46	GSM317485	GSE92538__HG-U133A|PFC_DLPFC	GSM2432034	0.2835308909627319	3.964716652684143	0.25567414645094877	GSE12649	BD	PFC_BA46					104	bipolar disorder, BA46-104	GSE92538	BD	PFC_DLPFC	F	39.0	23.5	6.44	107706	DLPFC_Female_BipolarDisorder_UMichigan_107706	False	True
GSE12649__HG-U133A|PFC_BA46	GSM317389	GSE92538__HG-U133_Plus_2|PFC_DLPFC	GSM2431968	0.24567500846020845	3.510569060246463	0.1792152954980407	GSE12649	BD	PFC_BA46					6	bipolar disorder, BA46-6	GSE92538	SCZ	PFC_DLPFC	F	31.0	22.0	6.77	104344	DLPFC_Female_Schizophrenia_p_UMichigan_104344	False	False
GSE12649__HG-U133A|PFC_BA46	GSM317409	GSE92538__HG-U133_Plus_2|PFC_DLPFC	GSM2432017	0.24716893213589186	3.5318849569432422	0.2075873928011176	GSE12649	SCZ	PFC_BA46					26	schizophrenia, BA46-26	GSE92538	SCZ	PFC_DLPFC	M	40.0	14.5	6.9	106753	DLPFC_Male_Schizophrenia_p_UMichigan_106753	False	True
GSE12649__HG-U133A|PFC_BA46	GSM317416	GSE92538__HG-U133_Plus_2|PFC_DLPFC	GSM2432083	0.36191353959220807	5.1691066161638	0.3260580677368175	GSE12649	CTL	PFC_BA46					33	control, BA46-33	GSE92538	CTL	PFC_DLPFC	M	32.0	10.0	7.04	109882	DLPFC_Male_Control_p_UMichigan_109882	False	True
GSE12649__HG-U133A|PFC_BA46	GSM317418	GSE92538__HG-U133_Plus_2|PFC_DLPFC	GSM2431826	0.2444233346935215	3.4927096815224723	0.1987780255739281	GSE12649	CTL	PFC_BA46					35	control, BA46-35	GSE92538	CTL	PFC_DLPFC	M	63.0	22.7	7.25	106798	DLPFC_Male_Control_p_UCDavis_106798	False	True
GSE12649__HG-U133A|PFC_BA46	GSM317426	GSE92538__HG-U133_Plus_2|PFC_DLPFC	GSM2431806	0.23092342922395562	3.3000876653582893	0.1635701841061713	GSE12649	CTL	PFC_BA46					43	control, BA46-43	GSE92538	CTL	PFC_DLPFC	M	75.0	19.0	7.18	106051	DLPFC_Male_Control_p_UCDavis_106051	False	True
GSE12649__HG-U133A|PFC_BA46	GSM317429	GSE92538__HG-U133_Plus_2|PFC_DLPFC	GSM2431876	0.28363596978110855	4.0522111422333875	0.23893922965286826	GSE12649	BD	PFC_BA46					46	bipolar disorder, BA46-46	GSE92538	MDD	PFC_DLPFC	M	36.0	36.0	6.87	109833	DLPFC_Male_MajorDepressiveDisorder_p_UCDavis_109833	False	False
GSE12649__HG-U133A|PFC_BA46	GSM317433	GSE92538__HG-U133_Plus_2|PFC_DLPFC	GSM2431725	0.2168855623430105	3.0997898019882126	0.17088415139947816	GSE12649	BD	PFC_BA46					50	bipolar disorder, BA46-50	GSE92538	SCZ	PFC_DLPFC	M	45.0	20.0	7.05	101421	DLPFC_Male_Schizophrenia_p_UCDavis_101421	False	False
GSE12649__HG-U133A|PFC_BA46	GSM317443	GSE92538__HG-U133_Plus_2|PFC_DLPFC	GSM2431970	0.23960760916463075	3.423996995884823	0.16473957971410774	GSE12649	BD	PFC_BA46					61	bipolar disorder, BA46-61	GSE92538	MDD	PFC_DLPFC	M	34.0	32.0	7.13	104521	DLPFC_Male_MajorDepressiveDisorder_p_UMichigan_104521	False	False
GSE12649__HG-U133A|PFC_BA46	GSM317446	GSE92538__HG-U133_Plus_2|PFC_DLPFC	GSM2431998	0.22719008749528846	3.246818861926522	0.22010352402868905	GSE12649	BD	PFC_BA46					64	bipolar disorder, BA46-64	GSE92538	CTL	PFC_DLPFC	M	55.0	35.5	7.18	106049	DLPFC_Male_Control_p_UMichigan_106049	False	False
GSE12649__HG-U133A|PFC_BA46	GSM317447	GSE92538__HG-U133_Plus_2|PFC_DLPFC	GSM2431837	0.23806739762235707	3.4020206455125233	0.1970707775460809	GSE12649	CTL	PFC_BA46					65	control, BA46-65	GSE92538	CTL	PFC_DLPFC	M	79.0	0.0	7.0	107309	DLPFC_Male_Control_p_UCDavis_107309	False	True
GSE12649__HG-U133A|PFC_BA46	GSM317450	GSE92538__HG-U133_Plus_2|PFC_DLPFC	GSM2431782	0.24707076879611778	3.5304843234007834	0.20490457963937464	GSE12649	SCZ	PFC_BA46					68	schizophrenia, BA46-68	GSE92538	MDD	PFC_DLPFC	M	19.0	30.5	7.06	104349	DLPFC_Male_MajorDepressiveDisorder_p_UCDavis_104349	False	False
GSE12649__HG-U133A|PFC_BA46	GSM317476	GSE92538__HG-U133_Plus_2|PFC_DLPFC	GSM2431757	0.2509279666371631	3.5855203550649497	0.17575253671455723	GSE12649	CTL	PFC_BA46					95	control, BA46-95	GSE92538	CTL	PFC_DLPFC	M	30.0	18.2	7.15	102623	DLPFC_Male_Control_p_UCDavis_102623	False	True
GSE12649__HG-U133A|PFC_BA46	GSM317482	GSE92538__HG-U133_Plus_2|PFC_DLPFC	GSM2431716	0.23814453181037346	3.4031212267606215	0.1701134106647663	GSE12649	SCZ	PFC_BA46					101	schizophrenia, BA46-101	GSE92538	SCZ	PFC_DLPFC	M	39.0	7.5	6.83	101078	DLPFC_Male_Schizophrenia_p_UCDavis_101078	False	True
GSE12649__HG-U133A|PFC_BA46	GSM317484	GSE92538__HG-U133_Plus_2|PFC_DLPFC	GSM2431963	0.2300359085192068	3.28742416723813	0.14348696392398033	GSE12649	CTL	PFC_BA46					103	control, BA46-103	GSE92538	SCZ	PFC_DLPFC	M	50.0	17.8	6.55	104049	DLPFC_Male_Schizophrenia_p_UMichigan_104049	False	False
GSE17612__HG-U133_Plus_2|PFC_BA10	GSM439779	GSE17612__HG-U133_Plus_2|PFC_BA10	GSM439799	0.4161089218068872	3.309794052863437	0.24970385282305857	GSE17612	CTL	PFC_BA10	M	72.0	12.0	6.8	C017	C017_Control_M_72	GSE17612	CTL	PFC_BA10	M	58.0	15.0	6.5	C026	C026_Control_M_58	False	True
GSE17612__HG-U133_Plus_2|PFC_BA10	GSM439786	GSE17612__HG-U133_Plus_2|PFC_BA10	GSM439803	0.470326214408072	3.7191121892744765	0.448475654233391	GSE17612	SCZ	PFC_BA10	M	77.0	3.0	6.1	S027	S027_Scz_M_77	GSE17612	SCZ	PFC_BA10	M	72.0	20.0	6.6	S026	S026_Scz_M_72	False	True
GSE17612__HG-U133_Plus_2|PFC_BA10	GSM439795	GSE17612__HG-U133_Plus_2|PFC_BA10	GSM439811	0.38151413699353814	3.04861773494026	0.3350477392739743	GSE17612	SCZ	PFC_BA10	F	81.0	22.0		S008	S008_Scz_F_81	GSE17612	SCZ	PFC_BA10	F	75.0	3.0	6.0	S001	S001_Scz_F_75	False	True
GSE17612__HG-U133_Plus_2|PFC_BA10	GSM439813	GSE17612__HG-U133_Plus_2|PFC_BA10	GSM439818	0.46010999930215485	3.6419839903603735	0.34218148392092207	GSE17612	SCZ	PFC_BA10	M	83.0	11.5	6.1	S033	S033_Scz_M_83	GSE17612	CTL	PFC_BA10	F	71.0	13.0	6.3	C006	C006_Control_F_71	False	False
GSE17612__HG-U133_Plus_2|PFC_BA10	GSM439812	GSE21138__HG-U133_Plus_2|PFC_BA46	GSM528856	0.24997373343270826	3.509478176101297	0.15871632222995055	GSE17612	CTL	PFC_BA10	F	68.0	6.0	6.4	C022	C022_Control_F_68	GSE21138	CTL	PFC_BA46	M	60.0	27.5	6.11	Control-27	Control-27	False	True
GSE17612__HG-U133_Plus_2|PFC_BA10	GSM439825	GSE21138__HG-U133_Plus_2|PFC_BA46	GSM528851	0.21544974962859528	3.023089685850684	0.19124038708765606	GSE17612	CTL	PFC_BA10	F	88.0	5.0	6.8	C025	C025_Control_F_88	GSE21138	CTL	PFC_BA46	F	66.0	43.0	6.37	Control-22	Control-22	False	True
GSE17612__HG-U133_Plus_2|PFC_BA10	GSM439780	GSE35978__HuGene-1_0-st-v1|CB	GSM878257	0.19275974673086754	3.1712557995655963	0.1488033184195497	GSE17612	CTL	PFC_BA10	F	89.0	5.0	6.5	C011	C011_Control_F_89	GSE35978	CTL	CB	M	35.0	22.0	6.48	k41	CC44_102309	False	True
GSE17612__HG-U133_Plus_2|PFC_BA10	GSM439797	GSE35978__HuGene-1_0-st-v1|CB	GSM878327	0.23795319347653762	3.915046411222093	0.12056637174592694	GSE17612	CTL	PFC_BA10	M	91.0	9.5	6.3	C015	C015_Control_M_91	GSE35978	SCZ	CB	F	60.0	40.0	6.2	k107	CC114_102309	False	False
GSE17612__HG-U133_Plus_2|PFC_BA10	GSM439803	GSE35978__HuGene-1_0-st-v1|CB	GSM878341	0.19366151419881772	3.1860970260012156	0.1612886028079128	GSE17612	SCZ	PFC_BA10	M	72.0	20.0	6.6	S026	S026_Scz_M_72	GSE35978	SCZ	CB	M	60.0	31.0	6.2	k116	CC128_102109	False	True
GSE17612__HG-U133_Plus_2|PFC_BA10	GSM439806	GSE35978__HuGene-1_0-st-v1|CB	GSM878235	0.18414336614616375	3.0294480055854653	0.12145470773145839	GSE17612	SCZ	PFC_BA10	M	79.0	4.5	6.1	S031	S031_Scz_M_79	GSE35978	BD	CB	F	35.0	17.0	6.1	k19	CC22_103009	False	False
GSE17612__HG-U133_Plus_2|PFC_BA10	GSM439808	GSE35978__HuGene-1_0-st-v1|CB	GSM878333	0.23114572391417773	3.8030095493709717	0.22059144346777212	GSE17612	CTL	PFC_BA10	F	94.0	9.5	6.3	C008	C008_Control_F_94	GSE35978	CTL	CB	F	55.0	26.0	6.0	k110	CC117_103009	False	True
GSE17612__HG-U133_Plus_2|PFC_BA10	GSM439822	GSE35978__HuGene-1_0-st-v1|CB	GSM878294	0.21417395331749997	3.5236893261528537	0.1609766022053858	GSE17612	CTL	PFC_BA10	M	25.0	12.0	6.6	C020	C020_Control_M_25	GSE35978	CTL	CB	M	45.0	11.0	6.6	k76	CC81_111109	False	True
GSE17612__HG-U133_Plus_2|PFC_BA10	GSM439779	GSE35978__HuGene-1_0-st-v1|PARIETAL	GSM878390	0.2251811088708408	3.584487188245394	0.1953725855929627	GSE17612	CTL	PFC_BA10	M	72.0	12.0	6.8	C017	C017_Control_M_72	GSE35978	SCZ	PARIETAL	M	45.0	35.0	6.66	k57	CC159_51110	False	False
GSE17612__HG-U133_Plus_2|PFC_BA10	GSM439780	GSE35978__HuGene-1_0-st-v1|PARIETAL	GSM878393	0.1896151146895494	3.0194097902296466	0.14401406999638322	GSE17612	CTL	PFC_BA10	F	89.0	5.0	6.5	C011	C011_Control_F_89	GSE35978	BD	PARIETAL	F	45.0	39.0	6.74	k54	CC162_51110	False	False
GSE17612__HG-U133_Plus_2|PFC_BA10	GSM439783	GSE35978__HuGene-1_0-st-v1|PARIETAL	GSM878409	0.20335402727175533	3.2376955193996344	0.15215692039678766	GSE17612	CTL	PFC_BA10	F	54.0	4.0	6.5	C028	C028_Control_F_54	GSE35978	CTL	PARIETAL	F	40.0	58.0	6.46	k89	CC178_40610	False	True
GSE17612__HG-U133_Plus_2|PFC_BA10	GSM439786	GSE35978__HuGene-1_0-st-v1|PARIETAL	GSM878518	0.20984062956920013	3.340755547175582	0.17200118281716242	GSE17612	SCZ	PFC_BA10	M	77.0	3.0	6.1	S027	S027_Scz_M_77	GSE35978	SCZ	PARIETAL	F	50.0	38.0	6.2	k127	CC287_51310	False	True
GSE17612__HG-U133_Plus_2|PFC_BA10	GSM439792	GSE35978__HuGene-1_0-st-v1|PARIETAL	GSM878522	0.19693669856070806	3.135736119874178	0.15342058017785273	GSE17612	CTL	PFC_BA10	F	78.0	8.0	6.7	C024	C024_Control_F_78	GSE35978	BD	PARIETAL	F	50.0	62.0	6.3	k114	CC291_51310	False	False
GSE17612__HG-U133_Plus_2|PFC_BA10	GSM439799	GSE35978__HuGene-1_0-st-v1|PARIETAL	GSM878437	0.2317953195246132	3.6895746751046192	0.20892892971793317	GSE17612	CTL	PFC_BA10	M	58.0	15.0	6.5	C026	C026_Control_M_58	GSE35978	BD	PARIETAL	F	45.0	57.0	5.92	k80	CC206_40710	False	False
GSE17612__HG-U133_Plus_2|PFC_BA10	GSM439800	GSE35978__HuGene-1_0-st-v1|PARIETAL	GSM878513	0.1889987338573443	3.0096166469514403	0.14664845689590536	GSE17612	SCZ	PFC_BA10	F	28.0	11.0	6.3	S028	S028_Scz_F_28	GSE35978	MDD	PARIETAL	M	65.0	19.0	6.2	k126	CC282_51310	False	False
GSE17612__HG-U133_Plus_2|PFC_BA10	GSM439804	GSE35978__HuGene-1_0-st-v1|PARIETAL	GSM878503	0.21702615427789282	3.454920150168791	0.17656746257658149	GSE17612	CTL	PFC_BA10	M	25.0	17.0	6.9	C021	C021_Control_M_25	GSE35978	BD	PARIETAL	M	50.0	13.0	6.1	k109	CC272_51210	False	False
GSE17612__HG-U133_Plus_2|PFC_BA10	GSM439806	GSE35978__HuGene-1_0-st-v1|PARIETAL	GSM878510	0.20873098789566702	3.3231254079360113	0.19039304463426965	GSE17612	SCZ	PFC_BA10	M	79.0	4.5	6.1	S031	S031_Scz_M_79	GSE35978	CTL	PARIETAL	M	60.0	27.0	6.0	k111	CC279_51110	False	False
GSE17612__HG-U133_Plus_2|PFC_BA10	GSM439808	GSE35978__HuGene-1_0-st-v1|PARIETAL	GSM878483	0.1928738044257402	3.071184300107848	0.1483650496901147	GSE17612	CTL	PFC_BA10	F	94.0	9.5	6.3	C008	C008_Control_F_94	GSE35978	SCZ	PARIETAL	M	30.0	14.0	5.8	k144	CC252_51110	False	False
GSE17612__HG-U133_Plus_2|PFC_BA10	GSM439814	GSE35978__HuGene-1_0-st-v1|PARIETAL	GSM878500	0.21128353322060311	3.3636805984694136	0.16272791773249726	GSE17612	CTL	PFC_BA10	M	60.0	16.0	6.9	C016	C016_Control_M_60	GSE35978	MDD	PARIETAL	M	40.0	7.0	6.2	k99	CC269_51110	False	False
GSE17612__HG-U133_Plus_2|PFC_BA10	GSM439825	GSE35978__HuGene-1_0-st-v1|PARIETAL	GSM878384	0.20362691572904698	3.2420312086709333	0.1722438463778451	GSE17612	CTL	PFC_BA10	F	88.0	5.0	6.8	C025	C025_Control_F_88	GSE35978	CTL	PARIETAL	F	50.0	45.0	6.72	k63	CC153_40910	False	True
GSE17612__HG-U133_Plus_2|PFC_BA10	GSM439826	GSE35978__HuGene-1_0-st-v1|PARIETAL	GSM878493	0.2419225472678913	3.850477459745312	0.1863375503535924	GSE17612	CTL	PFC_BA10	F	67.0	6.0	6.7	C018	C018_Control_F_67	GSE35978	CTL	PARIETAL	M	50.0	22.0	6.2	k91	CC262_51210	False	True
GSE17612__HG-U133_Plus_2|PFC_BA10	GSM439827	GSE35978__HuGene-1_0-st-v1|PARIETAL	GSM878505	0.20055500357967718	3.1932242467327803	0.16865893906486407	GSE17612	SCZ	PFC_BA10	F	67.0	3.5	6.1	S007	S007_Scz_F_67	GSE35978	SCZ	PARIETAL	F	55.0	12.0	6.4	k149	CC274_51210	False	True
GSE17612__HG-U133_Plus_2|PFC_BA10	GSM439779	GSE53987__HG-U133_Plus_2|HPC	GSM1304870	0.20911371584237823	3.052612701792532	0.1902140236182921	GSE17612	CTL	PFC_BA10	M	72.0	12.0	6.8	C017	C017_Control_M_72	GSE53987	CTL	HPC	M	51.0	24.2	6.6	k18	control_hip_10	False	True
GSE17612__HG-U133_Plus_2|PFC_BA10	GSM439785	GSE53987__HG-U133_Plus_2|HPC	GSM1304905	0.22561410799261622	3.2931764229910065	0.1530075388091029	GSE17612	SCZ	PFC_BA10	M	71.0	6.5	6.0	S021	S021_Scz_M_71	GSE53987	SCZ	HPC	M	49.0	21.5	5.97	k53	schiz_hip_10	False	True
GSE17612__HG-U133_Plus_2|PFC_BA10	GSM439786	GSE53987__HG-U133_Plus_2|HPC	GSM1304893	0.2431286354142188	3.5485254991347923	0.11912262084056896	GSE17612	SCZ	PFC_BA10	M	77.0	3.0	6.1	S027	S027_Scz_M_77	GSE53987	MDD	HPC	M	29.0	26.6	6.9	k41	MDD_hip_15	False	False
GSE17612__HG-U133_Plus_2|PFC_BA10	GSM439808	GSE53987__HG-U133_Plus_2|HPC	GSM1304896	0.21777833735150381	3.1789365839180563	0.14136616085709144	GSE17612	CTL	PFC_BA10	F	94.0	9.5	6.3	C008	C008_Control_F_94	GSE53987	MDD	HPC	F	28.0	24.8	6.6	k44	MDD_hip_19	False	False
GSE17612__HG-U133_Plus_2|PFC_BA10	GSM439824	GSE53987__HG-U133_Plus_2|HPC	GSM1304902	0.21833363896293734	3.187032477689407	0.15798992741354048	GSE17612	SCZ	PFC_BA10	M	44.0	4.0	6.3	S022	S022_Scz_M_44	GSE53987	MDD	HPC	F	47.0	22.3	6.6	k50	MDD_hip_7	False	False
GSE17612__HG-U133_Plus_2|PFC_BA10	GSM439780	GSE53987__HG-U133_Plus_2|PFC_BA46	GSM1304923	0.21016840304456413	3.090451662409794	0.12925748084415098	GSE17612	CTL	PFC_BA10	F	89.0	5.0	6.5	C011	C011_Control_F_89	GSE53987	BD	PFC_BA46	F	55.0	17.5	6.4	k3	bipolar_pfc_13	False	False
GSE17612__HG-U133_Plus_2|PFC_BA10	GSM439792	GSE53987__HG-U133_Plus_2|PFC_BA46	GSM1304954	0.22559038180895877	3.3160217417607827	0.19725759381415953	GSE17612	CTL	PFC_BA10	F	78.0	8.0	6.7	C024	C024_Control_F_78	GSE53987	CTL	PFC_BA46	M	43.0	22.3	6.7	k35	control_pfc_8	False	True
GSE17612__HG-U133_Plus_2|PFC_BA10	GSM439796	GSE53987__HG-U133_Plus_2|PFC_BA46	GSM1304955	0.2520736416136504	3.703380011855745	0.12601458774886268	GSE17612	SCZ	PFC_BA10	M	82.0	11.0	6.0	S002	S002_Scz_M_82	GSE53987	CTL	PFC_BA46	M	46.0	22.0	6.3	k69	control_pfc_9	False	False
GSE17612__HG-U133_Plus_2|PFC_BA10	GSM439801	GSE53987__HG-U133_Plus_2|PFC_BA46	GSM1304969	0.20557385237278672	3.023249315976291	0.18665250603806935	GSE17612	SCZ	PFC_BA10	M	87.0	3.5	6.0	S009	S009_Scz_M_87	GSE53987	MDD	PFC_BA46	M	59.0	13.0	6.6	k49	MDD_pfc_6	False	False
GSE17612__HG-U133_Plus_2|PFC_BA10	GSM439796	GSE53987__HG-U133_Plus_2|STR	GSM1305013	0.21920834852196783	3.143538532847007	0.14319813788545857	GSE17612	SCZ	PFC_BA10	M	82.0	11.0	6.0	S002	S002_Scz_M_82	GSE53987	CTL	STR	M	46.0	22.0	6.3	k69	control_str_9	False	False
GSE17612__HG-U133_Plus_2|PFC_BA10	GSM439810	GSE53987__HG-U133_Plus_2|STR	GSM1305010	0.2126015338559759	3.0495487711880584	0.18791095434564012	GSE17612	CTL	PFC_BA10	F	46.0	4.0	6.6	C019	C019_Control_F_46	GSE53987	CTL	STR	M	68.0	11.8	6.8	k33	control_str_6	False	True
GSE17612__HG-U133_Plus_2|PFC_BA10	GSM439816	GSE53987__HG-U133_Plus_2|STR	GSM1305056	0.29558087938567934	4.230028216010112	0.1516295001823448	GSE17612	CTL	PFC_BA10	M	38.0	6.0	6.9	C023	C023_Control_M_38	GSE53987	SCZ	STR	F	44.0	24.5	6.63	k57	schiz_str_18	False	False
GSE17612__HG-U133_Plus_2|PFC_BA10	GSM439826	GSE53987__HG-U133_Plus_2|STR	GSM1305028	0.2094203332175731	3.00429242529238	0.17637143418926715	GSE17612	CTL	PFC_BA10	F	67.0	6.0	6.7	C018	C018_Control_F_67	GSE53987	MDD	STR	F	47.0	22.3	6.6	k50	MDD_str_7	False	False
GSE17612__HG-U133_Plus_2|PFC_BA10	GSM439792	GSE54567__HG-U133_Plus_2|PFC_BA9	GSM1319056	0.2502520293259682	3.5996687979825297	0.21178001794716436	GSE17612	CTL	PFC_BA10	F	78.0	8.0	6.7	C024	C024_Control_F_78	GSE54567	CTL	PFC_BA9	M				Mpair18_CTL	Control matched sample pair brain dorsolateral prefrontal cortex BA9_M #18	False	True
GSE17612__HG-U133_Plus_2|PFC_BA10	GSM439793	GSE54567__HG-U133_Plus_2|PFC_BA9	GSM1319058	0.2234252487206821	3.2135032165813713	0.1585833355331431	GSE17612	CTL	PFC_BA10	M	90.0	6.75	6.2	C027	C027_Control_M_90	GSE54567	CTL	PFC_BA9	M				Mpair22_CTL	Control matched sample pair brain dorsolateral prefrontal cortex BA9_M #22	False	True
GSE17612__HG-U133_Plus_2|PFC_BA10	GSM439826	GSE54567__HG-U133_Plus_2|PFC_BA9	GSM1319072	0.22782229163873313	3.276797678182196	0.17990423137167671	GSE17612	CTL	PFC_BA10	F	67.0	6.0	6.7	C018	C018_Control_F_67	GSE54567	MDD	PFC_BA9	M				Mpair22_MDD	MDD matched sample pair brain dorsolateral prefrontal cortex BA9_M #22	False	False
GSE17612__HG-U133_Plus_2|PFC_BA10	GSM439791	GSE54568__HG-U133_Plus_2|PFC_BA9	GSM1319092	0.21428846370405052	3.0864582519492365	0.21303582087333808	GSE17612	SCZ	PFC_BA10	M	75.0	9.0	6.3	S024	S024_Scz_M_75	GSE54568	CTL	PFC_BA9	F				Fpair28_CTL	Control matched sample pair brain dorsolateral prefrontal cortex BA9_F #28	False	False
GSE17612__HG-U133_Plus_2|PFC_BA10	GSM439804	GSE54571__HG-U133_Plus_2|ACC_BA25	GSM1319154	0.21758844217795012	3.3641781798330346	0.14450741314554258	GSE17612	CTL	PFC_BA10	M	25.0	17.0	6.9	C021	C021_Control_M_25	GSE54571	CTL	ACC_BA25	F				Fpair24_CTL	Control matched sample pair brain anterior cingulate cortex BA25_F #24	False	True
GSE17612__HG-U133_Plus_2|PFC_BA10	GSM439824	GSE54571__HG-U133_Plus_2|ACC_BA25	GSM1319163	0.22632062275558656	3.4977181773745665	0.2014822059623568	GSE17612	SCZ	PFC_BA10	M	44.0	4.0	6.3	S022	S022_Scz_M_44	GSE54571	MDD	ACC_BA25	F				Fpair16_MDD	MDD matched sample pair brain anterior cingulate cortex BA25_F #16	False	False
GSE17612__HG-U133_Plus_2|PFC_BA10	GSM439793	GSE54572__HG-U133_Plus_2|ACC_BA25	GSM1319175	0.219150828809611	3.0829688441287075	0.14851656189271512	GSE17612	CTL	PFC_BA10	M	90.0	6.75	6.2	C027	C027_Control_M_90	GSE54572	CTL	ACC_BA25	M				Mpair22_CTL	Control matched sample pair brain anterior cingulate cortex BA25_M #22	False	True
GSE17612__HG-U133_Plus_2|PFC_BA10	GSM439798	GSE54572__HG-U133_Plus_2|ACC_BA25	GSM1319171	0.2184119468604579	3.072711716661369	0.19974619381672903	GSE17612	SCZ	PFC_BA10	M	82.0	11.0	6.4	S005	S005_Scz_M_82	GSE54572	CTL	ACC_BA25	M				Mpair11_CTL	Control matched sample pair brain anterior cingulate cortex BA25_M #11	False	False
GSE17612__HG-U133_Plus_2|PFC_BA10	GSM439779	GSE92538__HG-U133A|PFC_DLPFC	GSM2432061	0.27830207759149955	4.165305591068958	0.24099088135448246	GSE17612	CTL	PFC_BA10	M	72.0	12.0	6.8	C017	C017_Control_M_72	GSE92538	CTL	PFC_DLPFC	M	65.0	15.0	6.88	108925	DLPFC_Male_Control_r_UMichigan_108925	False	True
GSE17612__HG-U133_Plus_2|PFC_BA10	GSM439781	GSE92538__HG-U133A|PFC_DLPFC	GSM2431908	0.2216353969685311	3.3186046654758488	0.14986582575441926	GSE17612	SCZ	PFC_BA10	F	85.0	3.5	5.9	S017	S017_Scz_F_85	GSE92538	CTL	PFC_DLPFC	F	63.0	29.5	7.01	101283	DLPFC_Female_Control_UMichigan_101283	False	False
GSE17612__HG-U133_Plus_2|PFC_BA10	GSM439791	GSE92538__HG-U133A|PFC_DLPFC	GSM2431938	0.22928981683979763	3.4329753030115286	0.20388271106465014	GSE17612	SCZ	PFC_BA10	M	75.0	9.0	6.3	S024	S024_Scz_M_75	GSE92538	CTL	PFC_DLPFC	M	55.0	15.0	6.89	102475	DLPFC_Male_Control_r_UMichigan_102475	False	False
GSE17612__HG-U133_Plus_2|PFC_BA10	GSM439793	GSE92538__HG-U133A|PFC_DLPFC	GSM2431870	0.2422327408182002	3.6263655914829664	0.19283799939600246	GSE17612	CTL	PFC_BA10	M	90.0	6.75	6.2	C027	C027_Control_M_90	GSE92538	CTL	PFC_DLPFC	M	54.0	11.0	6.97	109422	DLPFC_Male_Control_UCDavis_109422	False	True
GSE17612__HG-U133_Plus_2|PFC_BA10	GSM439799	GSE92538__HG-U133A|PFC_DLPFC	GSM2432009	0.26719273421643897	3.999312255744092	0.2109121897382306	GSE17612	CTL	PFC_BA10	M	58.0	15.0	6.5	C026	C026_Control_M_58	GSE92538	SCZ	PFC_DLPFC	M	64.0	8.5	6.24	106495	DLPFC_Male_Schizophrenia_UMichigan_106495	False	False
GSE17612__HG-U133_Plus_2|PFC_BA10	GSM439800	GSE92538__HG-U133A|PFC_DLPFC	GSM2432032	0.22824525309617097	3.4173676641160324	0.16469665012377535	GSE17612	SCZ	PFC_BA10	F	28.0	11.0	6.3	S028	S028_Scz_F_28	GSE92538	BD	PFC_DLPFC	M	63.0	54.75	6.87	107610	DLPFC_Male_BipolarDisorder_UMichigan_107610	False	False
GSE17612__HG-U133_Plus_2|PFC_BA10	GSM439804	GSE92538__HG-U133A|PFC_DLPFC	GSM2432080	0.22060236914916215	3.303169393792252	0.20426249136339825	GSE17612	CTL	PFC_BA10	M	25.0	17.0	6.9	C021	C021_Control_M_25	GSE92538	CTL	PFC_DLPFC	M	43.0	26.0	7.1	109779	DLPFC_Male_Control_UMichigan_109779	False	True
GSE17612__HG-U133_Plus_2|PFC_BA10	GSM439805	GSE92538__HG-U133A|PFC_DLPFC	GSM2431786	0.20528563850738699	3.074310214661247	0.19802106449779708	GSE17612	SCZ	PFC_BA10	F	82.0	8.5	5.9	S020	S020_Scz_F_82	GSE92538	BD	PFC_DLPFC	F	56.0	29.0	6.83	104808	DLPFC_Female_BipolarDisorder_UCDavis_104808	False	False
GSE17612__HG-U133_Plus_2|PFC_BA10	GSM439806	GSE92538__HG-U133A|PFC_DLPFC	GSM2431718	0.28449723403955984	4.257872239425641	0.27740088345733654	GSE17612	SCZ	PFC_BA10	M	79.0	4.5	6.1	S031	S031_Scz_M_79	GSE92538	SCZ	PFC_DLPFC	M	39.0	7.5	6.83	101078	DLPFC_Male_Schizophrenia_UCDavis_101078	False	True
GSE17612__HG-U133_Plus_2|PFC_BA10	GSM439808	GSE92538__HG-U133A|PFC_DLPFC	GSM2431855	0.215753539008278	3.2307192533711753	0.15553005035035736	GSE17612	CTL	PFC_BA10	F	94.0	9.5	6.3	C008	C008_Control_F_94	GSE92538	SCZ	PFC_DLPFC	F	59.0	14.8	6.55	108583	DLPFC_Female_Schizophrenia_UCDavis_108583	False	False
GSE17612__HG-U133_Plus_2|PFC_BA10	GSM439812	GSE92538__HG-U133A|PFC_DLPFC	GSM2431978	0.20816736149412596	3.117368277942015	0.1698017853227047	GSE17612	CTL	PFC_BA10	F	68.0	6.0	6.4	C022	C022_Control_F_68	GSE92538	MDD	PFC_DLPFC	F	80.0	15.0	6.68	105080	DLPFC_Female_MajorDepressiveDisorder_UMichigan_105080	False	False
GSE17612__HG-U133_Plus_2|PFC_BA10	GSM439814	GSE92538__HG-U133A|PFC_DLPFC	GSM2431927	0.21192318162245968	3.173486906103419	0.18911532042445525	GSE17612	CTL	PFC_BA10	M	60.0	16.0	6.9	C016	C016_Control_M_60	GSE92538	SCZ	PFC_DLPFC	M	44.0	24.0	7.21	102118	DLPFC_Male_Schizophrenia_UMichigan_102118	False	False
GSE17612__HG-U133_Plus_2|PFC_BA10	GSM439820	GSE92538__HG-U133A|PFC_DLPFC	GSM2431988	0.24240913241066334	3.6290011953857095	0.1969986735046661	GSE17612	SCZ	PFC_BA10	F	97.0	3.5	6.2	S023	S023_Scz_F_97	GSE92538	CTL	PFC_DLPFC	M	39.0	30.0	7.02	105669	DLPFC_Male_Control_UMichigan_105669	False	False
GSE17612__HG-U133_Plus_2|PFC_BA10	GSM439823	GSE92538__HG-U133A|PFC_DLPFC	GSM2432072	0.2518196781970291	3.7696114753607572	0.190800331854057	GSE17612	SCZ	PFC_BA10	M	82.0	5.0	6.2	S011	S011_Scz_M_82	GSE92538	BD	PFC_DLPFC	F	81.0	23.0		109377	DLPFC_Female_BipolarDisorder_UMichigan_109377	False	False
GSE17612__HG-U133_Plus_2|PFC_BA10	GSM439824	GSE92538__HG-U133A|PFC_DLPFC	GSM2431885	0.2067389102488065	3.096024677464976	0.19379345561942096	GSE17612	SCZ	PFC_BA10	M	44.0	4.0	6.3	S022	S022_Scz_M_44	GSE92538	CTL	PFC_DLPFC	F	64.0	19.25	6.83	102212	DLPFC_Female_Control_UCIrvine_102212	False	False
GSE17612__HG-U133_Plus_2|PFC_BA10	GSM439825	GSE92538__HG-U133A|PFC_DLPFC	GSM2431964	0.23833817011277125	3.5681737830900477	0.17704811974351056	GSE17612	CTL	PFC_BA10	F	88.0	5.0	6.8	C025	C025_Control_F_88	GSE92538	BD	PFC_DLPFC	M	73.0	10.5	6.62	104097	DLPFC_Male_BipolarDisorder_UMichigan_104097	False	False
GSE17612__HG-U133_Plus_2|PFC_BA10	GSM439828	GSE92538__HG-U133A|PFC_DLPFC	GSM2431830	0.20826705006162066	3.1188578023228484	0.20002733107578613	GSE17612	SCZ	PFC_BA10	M	77.0	3.0	6.2	S032	S032_Scz_M_77	GSE92538	BD	PFC_DLPFC	M	32.0	31.0	6.94	107029	DLPFC_Male_BipolarDisorder_UCDavis_107029	False	False
GSE17612__HG-U133_Plus_2|PFC_BA10	GSM439786	GSE92538__HG-U133_Plus_2|PFC_DLPFC	GSM2431732	0.23731793546789512	3.3577886520781624	0.2272691084762363	GSE17612	SCZ	PFC_BA10	M	77.0	3.0	6.1	S027	S027_Scz_M_77	GSE92538	BD	PFC_DLPFC	F	59.0	27.0	6.55	101677	DLPFC_Female_BipolarDisorder_p_UCDavis_101677	False	False
GSE17612__HG-U133_Plus_2|PFC_BA10	GSM439787	GSE92538__HG-U133_Plus_2|PFC_DLPFC	GSM2431829	0.238570070472346	3.3755448623047206	0.22467486773188194	GSE17612	CTL	PFC_BA10	F	90.0	12.5	5.7	C010	C010_Control_F_90	GSE92538	CTL	PFC_DLPFC	M	56.0	20.3	7.14	106966	DLPFC_Male_Control_p_UCDavis_106966	False	True
GSE17612__HG-U133_Plus_2|PFC_BA10	GSM439792	GSE92538__HG-U133_Plus_2|PFC_DLPFC	GSM2431760	0.225031458732328	3.1835572288810123	0.16413061096341455	GSE17612	CTL	PFC_BA10	F	78.0	8.0	6.7	C024	C024_Control_F_78	GSE92538	CTL	PFC_DLPFC	M	69.0	25.8	7.12	102854	DLPFC_Male_Control_p_UCDavis_102854	False	True
GSE17612__HG-U133_Plus_2|PFC_BA10	GSM439795	GSE92538__HG-U133_Plus_2|PFC_DLPFC	GSM2431931	0.23565270511046754	3.3341744409930745	0.14559346893833583	GSE17612	SCZ	PFC_BA10	F	81.0	22.0		S008	S008_Scz_F_81	GSE92538	SCZ	PFC_DLPFC	M	59.0	35.75	6.42	102317	DLPFC_Male_Schizophrenia_p_UMichigan_102317	False	True
GSE21138__HG-U133_Plus_2|PFC_BA46	GSM528831	GSE21138__HG-U133_Plus_2|PFC_BA46	GSM528846	0.36717996426438737	3.1759490482443438	0.25087050426323665	GSE21138	CTL	PFC_BA46	M	38.0	46.0	6.42	Control-1	Control-1	GSE21138	CTL	PFC_BA46	M	42.0	63.0	6.34	Control-17	Control-17	False	True
GSE21138__HG-U133_Plus_2|PFC_BA46	GSM528839	GSE21138__HG-U133_Plus_2|PFC_BA46	GSM528840	0.45993109658317594	3.944440557897855	0.2219649059034106	GSE21138	CTL	PFC_BA46	M	38.0	44.0	6.19	Control-10	Control-10	GSE21138	CTL	PFC_BA46	M	42.0	26.0	6.21	Control-11	Control-11	False	True
GSE21138__HG-U133_Plus_2|PFC_BA46	GSM528843	GSE21138__HG-U133_Plus_2|PFC_BA46	GSM528879	0.43914285936717523	3.7721991695528474	0.18616268340738787	GSE21138	CTL	PFC_BA46	M	48.0	52.0	6.0	Control-14	Control-14	GSE21138	SCZ	PFC_BA46	M	35.0	47.0	6.27	Scz-20	Scz-20	False	False
GSE21138__HG-U133_Plus_2|PFC_BA46	GSM528847	GSE21138__HG-U133_Plus_2|PFC_BA46	GSM528864	0.5467274135051804	4.663593315995709	0.38293177282624463	GSE21138	CTL	PFC_BA46	M	37.0	47.0	6.4	Control-18	Control-18	GSE21138	SCZ	PFC_BA46	M	22.0	37.0	6.07	Scz-5	Scz-5	False	False
GSE21138__HG-U133_Plus_2|PFC_BA46	GSM528859	GSE21138__HG-U133_Plus_2|PFC_BA46	GSM528865	0.5146542983638908	4.397850827920148	0.3502964440393655	GSE21138	CTL	PFC_BA46	M	65.0	41.0	6.56	Control-30	Control-30	GSE21138	SCZ	PFC_BA46	M	25.0	49.0	6.38	Scz-6	Scz-6	False	False
GSE21138__HG-U133_Plus_2|PFC_BA46	GSM528862	GSE21138__HG-U133_Plus_2|PFC_BA46	GSM528889	0.43788518288552786	3.7617786639064583	0.18539050389429604	GSE21138	SCZ	PFC_BA46	M	19.0	43.0	6.22	Scz-3	Scz-3	GSE21138	SCZ	PFC_BA46	M	67.0	21.0	6.46	Scz-30	Scz-30	False	True
GSE21138__HG-U133_Plus_2|PFC_BA46	GSM528863	GSE21138__HG-U133_Plus_2|PFC_BA46	GSM528877	0.5104904128918853	4.363350864928778	0.2701516925413303	GSE21138	SCZ	PFC_BA46	M	22.0	37.0	6.17	Scz-4	Scz-4	GSE21138	SCZ	PFC_BA46	M	38.0	40.0	5.6	Scz-18	Scz-18	False	True
GSE21138__HG-U133_Plus_2|PFC_BA46	GSM528866	GSE21138__HG-U133_Plus_2|PFC_BA46	GSM528888	0.3931001910745748	3.3907116471898586	0.3785594716689744	GSE21138	SCZ	PFC_BA46	F	21.0	56.0	6.24	Scz-7	Scz-7	GSE21138	SCZ	PFC_BA46	F	81.0	25.0	6.31	Scz-29	Scz-29	False	True
GSE21138__HG-U133_Plus_2|PFC_BA46	GSM528867	GSE21138__HG-U133_Plus_2|PFC_BA46	GSM528882	0.4499283311033762	3.8615624285197607	0.21667255142758468	GSE21138	SCZ	PFC_BA46	F	36.0	45.0	6.28	Scz-8	Scz-8	GSE21138	SCZ	PFC_BA46	M	57.0	24.0	6.06	Scz-23	Scz-23	False	True
GSE21138__HG-U133_Plus_2|PFC_BA46	GSM528834	GSE35978__HuGene-1_0-st-v1|CB	GSM878319	0.21788920055262226	3.5492113318658274	0.207013374118375	GSE21138	CTL	PFC_BA46	M	22.0	62.0	6.39	Control-4	Control-4	GSE35978	MDD	CB	F	40.0	25.0	6.3	k100	CC106_102309	False	False
GSE21138__HG-U133_Plus_2|PFC_BA46	GSM528836	GSE35978__HuGene-1_0-st-v1|CB	GSM878346	0.19492068423746345	3.17648891067998	0.1804382010270504	GSE21138	CTL	PFC_BA46	M	25.0	35.0	6.15	Control-6	Control-6	GSE35978	SCZ	CB	M	35.0	35.0	6.5	k121	CC133_102109	False	False
GSE21138__HG-U133_Plus_2|PFC_BA46	GSM528837	GSE35978__HuGene-1_0-st-v1|CB	GSM878215	0.18494364820046053	3.0145862010340836	0.17459017894597784	GSE21138	CTL	PFC_BA46	F	38.0	50.0	6.14	Control-8	Control-8	GSE35978	SCZ	CB	M	40.0	34.0	6.18	k1	CC2_100909	False	False
GSE21138__HG-U133_Plus_2|PFC_BA46	GSM528843	GSE35978__HuGene-1_0-st-v1|CB	GSM878315	0.18642429670803043	3.038613477724239	0.17107975485336813	GSE21138	CTL	PFC_BA46	M	48.0	52.0	6.0	Control-14	Control-14	GSE35978	MDD	CB	F	30.0	33.0	6.0	k97	CC102_103009	False	False
GSE21138__HG-U133_Plus_2|PFC_BA46	GSM528849	GSE35978__HuGene-1_0-st-v1|CB	GSM878275	0.2089545823752336	3.404224495373931	0.17443994315803718	GSE21138	CTL	PFC_BA46	M	35.0	27.0	6.4	Control-20	Control-20	GSE35978	CTL	CB	M	30.0	24.0	7.03	k58	CC62_111109	False	True
GSE21138__HG-U133_Plus_2|PFC_BA46	GSM528864	GSE35978__HuGene-1_0-st-v1|CB	GSM878324	0.1881326063020486	3.0663351328490513	0.16383228892213594	GSE21138	SCZ	PFC_BA46	M	22.0	37.0	6.07	Scz-5	Scz-5	GSE35978	SCZ	CB	M	50.0	61.0	6.0	k104	CC110_103009	False	True
GSE21138__HG-U133_Plus_2|PFC_BA46	GSM528871	GSE35978__HuGene-1_0-st-v1|CB	GSM878294	0.20684235627952585	3.369948270750552	0.1494891002558914	GSE21138	SCZ	PFC_BA46	F	26.0	41.0	6.11	Scz-12	Scz-12	GSE35978	CTL	CB	M	45.0	11.0	6.6	k76	CC81_111109	False	False
GSE21138__HG-U133_Plus_2|PFC_BA46	GSM528877	GSE35978__HuGene-1_0-st-v1|CB	GSM878241	0.19546060745073787	3.1852505339622494	0.15602820814834678	GSE21138	SCZ	PFC_BA46	M	38.0	40.0	5.6	Scz-18	Scz-18	GSE35978	SCZ	CB	M	45.0	26.0	6.42	k25	CC28_103009	False	True
GSE21138__HG-U133_Plus_2|PFC_BA46	GSM528887	GSE35978__HuGene-1_0-st-v1|CB	GSM878259	0.18611241337511392	3.033552379768363	0.15550908989834833	GSE21138	SCZ	PFC_BA46	M	71.0	48.0	6.45	Scz-28	Scz-28	GSE35978	CTL	CB	M	45.0	29.0	6.94	k43	CC46_103009	False	False
GSE21138__HG-U133_Plus_2|PFC_BA46	GSM528888	GSE35978__HuGene-1_0-st-v1|CB	GSM878311	0.23768939971453454	3.8705197729652325	0.15797616210429558	GSE21138	SCZ	PFC_BA46	F	81.0	25.0	6.31	Scz-29	Scz-29	GSE35978	BD	CB	M	30.0	45.0	6.3	k93	CC98_103009	False	False
GSE21138__HG-U133_Plus_2|PFC_BA46	GSM528835	GSE35978__HuGene-1_0-st-v1|PARIETAL	GSM878492	0.21652072410930012	3.3903261757073473	0.21441211217434147	GSE21138	CTL	PFC_BA46	M	25.0	50.0	6.48	Control-5	Control-5	GSE35978	CTL	PARIETAL	M	55.0	28.0	6.2	k113	CC261_51210	False	True
GSE21138__HG-U133_Plus_2|PFC_BA46	GSM528841	GSE35978__HuGene-1_0-st-v1|PARIETAL	GSM878453	0.19374200269256173	3.0331241370496023	0.18504335158781926	GSE21138	CTL	PFC_BA46	F	29.0	34.0	6.38	Control-12	Control-12	GSE35978	SCZ	PARIETAL	F	55.0	13.0	6.49	k12	CC222_40810	False	False
GSE21138__HG-U133_Plus_2|PFC_BA46	GSM528842	GSE35978__HuGene-1_0-st-v1|PARIETAL	GSM878462	0.22767848966105483	3.565295460814949	0.1930699348703706	GSE21138	CTL	PFC_BA46	M	36.0	42.0	6.46	Control-13	Control-13	GSE35978	SCZ	PARIETAL	M	20.0	28.0	6.73	k8	CC231_40810	False	False
GSE21138__HG-U133_Plus_2|PFC_BA46	GSM528847	GSE35978__HuGene-1_0-st-v1|PARIETAL	GSM878429	0.2289026012780257	3.5844912337965407	0.18336319835163525	GSE21138	CTL	PFC_BA46	M	37.0	47.0	6.4	Control-18	Control-18	GSE35978	SCZ	PARIETAL	M	45.0	9.0	5.9	k137	CC198_40710	False	False
GSE21138__HG-U133_Plus_2|PFC_BA46	GSM528849	GSE35978__HuGene-1_0-st-v1|PARIETAL	GSM878456	0.26065627216884313	4.082432965009441	0.15191138914777108	GSE21138	CTL	PFC_BA46	M	35.0	27.0	6.4	Control-20	Control-20	GSE35978	CTL	PARIETAL	F	45.0	28.0	6.59	k10	CC225_40810	False	True
GSE21138__HG-U133_Plus_2|PFC_BA46	GSM528851	GSE35978__HuGene-1_0-st-v1|PARIETAL	GSM878530	0.23206909604611228	3.6341462765825883	0.14255718281008775	GSE21138	CTL	PFC_BA46	F	66.0	43.0	6.37	Control-22	Control-22	GSE35978	SCZ	PARIETAL	M	60.0	31.0	6.2	k116	CC299_51310	False	False
GSE21138__HG-U133_Plus_2|PFC_BA46	GSM528854	GSE35978__HuGene-1_0-st-v1|PARIETAL	GSM878480	0.19675747856965625	3.0804109935467325	0.1328455465333244	GSE21138	CTL	PFC_BA46	M	65.0	20.5	6.47	Control-25	Control-25	GSE35978	BD	PARIETAL	F	35.0	29.0	6.5	k143	CC249_51110	False	False
GSE21138__HG-U133_Plus_2|PFC_BA46	GSM528861	GSE35978__HuGene-1_0-st-v1|PARIETAL	GSM878463	0.19992497600941747	3.1300817596194275	0.1691774034907703	GSE21138	SCZ	PFC_BA46	M	26.0	52.0	6.39	Scz-2	Scz-2	GSE35978	CTL	PARIETAL	M	50.0	49.0	6.75	k72	CC232_40810	False	False
GSE21138__HG-U133_Plus_2|PFC_BA46	GSM528865	GSE35978__HuGene-1_0-st-v1|PARIETAL	GSM878403	0.19243530791003272	3.0126333451529237	0.1476913559850107	GSE21138	SCZ	PFC_BA46	M	25.0	49.0	6.38	Scz-6	Scz-6	GSE35978	SCZ	PARIETAL	F	60.0	38.0	6.93	k2	CC172_40610	False	True
GSE21138__HG-U133_Plus_2|PFC_BA46	GSM528872	GSE35978__HuGene-1_0-st-v1|PARIETAL	GSM878521	0.21361180850680023	3.344710332548883	0.18606439260761057	GSE21138	SCZ	PFC_BA46	M	36.0	38.0	6.04	Scz-13	Scz-13	GSE35978	SCZ	PARIETAL	M	50.0	61.0	6.0	k104	CC290_51110	False	True
GSE21138__HG-U133_Plus_2|PFC_BA46	GSM528874	GSE35978__HuGene-1_0-st-v1|PARIETAL	GSM878443	0.19392813801262537	3.0360429977958465	0.16256344182784108	GSE21138	SCZ	PFC_BA46	M	45.0	68.0	6.33	Scz-15	Scz-15	GSE35978	SCZ	PARIETAL	M	40.0	54.0	6.18	k78	CC212_40810	False	True
GSE21138__HG-U133_Plus_2|PFC_BA46	GSM528876	GSE35978__HuGene-1_0-st-v1|PARIETAL	GSM878483	0.22393083052877716	3.5065269523568667	0.12241419698445809	GSE21138	SCZ	PFC_BA46	M	42.0	34.5	6.26	Scz-17	Scz-17	GSE35978	SCZ	PARIETAL	M	30.0	14.0	5.8	k144	CC252_51110	False	True
GSE21138__HG-U133_Plus_2|PFC_BA46	GSM528883	GSE35978__HuGene-1_0-st-v1|PARIETAL	GSM878512	0.21046902931254038	3.2954271829505113	0.14040261811128793	GSE21138	SCZ	PFC_BA46	M	65.0	41.0	6.57	Scz-24	Scz-24	GSE35978	SCZ	PARIETAL	F	60.0	26.0	6.1	k151	CC281_51310	False	True
GSE21138__HG-U133_Plus_2|PFC_BA46	GSM528884	GSE35978__HuGene-1_0-st-v1|PARIETAL	GSM878515	0.2078924067009054	3.255022156132309	0.1693469264077165	GSE21138	SCZ	PFC_BA46	M	65.0	42.0	6.29	Scz-25	Scz-25	GSE35978	CTL	PARIETAL	F	35.0	23.0	6.6	k95	CC284_51310	False	False
GSE21138__HG-U133_Plus_2|PFC_BA46	GSM528854	GSE53987__HG-U133_Plus_2|HPC	GSM1304915	0.23798188207060247	3.4848207839194782	0.16378200223515654	GSE21138	CTL	PFC_BA46	M	65.0	20.5	6.47	Control-25	Control-25	GSE53987	SCZ	HPC	M	37.0	5.98	6.07	k63	schiz_hip_5	False	False
GSE21138__HG-U133_Plus_2|PFC_BA46	GSM528889	GSE53987__HG-U133_Plus_2|HPC	GSM1304898	0.263889040341654	3.863932306195429	0.1575434126751124	GSE21138	SCZ	PFC_BA46	M	67.0	21.0	6.46	Scz-30	Scz-30	GSE53987	MDD	HPC	M	44.0	19.3	6.5	k46	MDD_hip_2	False	False
GSE21138__HG-U133_Plus_2|PFC_BA46	GSM528847	GSE53987__HG-U133_Plus_2|PFC_BA46	GSM1304942	0.23701247320824745	3.467777533329978	0.13284363059602522	GSE21138	CTL	PFC_BA46	M	37.0	47.0	6.4	Control-18	Control-18	GSE53987	CTL	PFC_BA46	M	22.0	20.1	6.8	k23	control_pfc_15	False	True
GSE21138__HG-U133_Plus_2|PFC_BA46	GSM528856	GSE53987__HG-U133_Plus_2|PFC_BA46	GSM1304941	0.22183042005331902	3.2440792839199957	0.1463127532351072	GSE21138	CTL	PFC_BA46	M	60.0	27.5	6.11	Control-27	Control-27	GSE53987	CTL	PFC_BA46	M	55.0	28.0	6.1	k22	control_pfc_14	False	True
GSE21138__HG-U133_Plus_2|PFC_BA46	GSM528871	GSE53987__HG-U133_Plus_2|PFC_BA46	GSM1304923	0.21875808263943725	3.1988102749085865	0.1963879138262789	GSE21138	SCZ	PFC_BA46	F	26.0	41.0	6.11	Scz-12	Scz-12	GSE53987	BD	PFC_BA46	F	55.0	17.5	6.4	k3	bipolar_pfc_13	False	False
GSE21138__HG-U133_Plus_2|PFC_BA46	GSM528831	GSE53987__HG-U133_Plus_2|STR	GSM1305041	0.23079175301082158	3.3533848057888758	0.14290895223742842	GSE21138	CTL	PFC_BA46	M	38.0	46.0	6.42	Control-1	Control-1	GSE53987	SCZ	STR	F	41.0	20.1	6.27	k61	schiz_str_3	False	False
GSE21138__HG-U133_Plus_2|PFC_BA46	GSM528843	GSE53987__HG-U133_Plus_2|STR	GSM1305027	0.20732566767886418	3.0123131450906238	0.15755532476979361	GSE21138	CTL	PFC_BA46	M	48.0	52.0	6.0	Control-14	Control-14	GSE53987	MDD	STR	M	59.0	13.0	6.6	k49	MDD_str_6	False	False
GSE21138__HG-U133_Plus_2|PFC_BA46	GSM528849	GSE53987__HG-U133_Plus_2|STR	GSM1305037	0.24469399174186637	3.555449171631931	0.22806919226610228	GSE21138	CTL	PFC_BA46	M	35.0	27.0	6.4	Control-20	Control-20	GSE53987	MDD	STR	F	49.0	23.4	6.4	k42	MDD_str_16	False	False
GSE21138__HG-U133_Plus_2|PFC_BA46	GSM528871	GSE53987__HG-U133_Plus_2|STR	GSM1305018	0.26014026483378977	3.7799555577860118	0.18302112778182186	GSE21138	SCZ	PFC_BA46	F	26.0	41.0	6.11	Scz-12	Scz-12	GSE53987	CTL	STR	M	55.0	28.0	6.1	k22	control_str_14	False	False
GSE21138__HG-U133_Plus_2|PFC_BA46	GSM528860	GSE54568__HG-U133_Plus_2|PFC_BA9	GSM1319086	0.2410966340540767	3.5625150581891574	0.16319458867425224	GSE21138	SCZ	PFC_BA46	M	38.0	50.0	6.02	Scz-1	Scz-1	GSE54568	CTL	PFC_BA9	F				Fpair14_CTL	Control matched sample pair brain dorsolateral prefrontal cortex BA9_F #14	False	False
GSE21138__HG-U133_Plus_2|PFC_BA46	GSM528863	GSE54568__HG-U133_Plus_2|PFC_BA9	GSM1319107	0.2067355404825209	3.0564906261878577	0.14058252378481756	GSE21138	SCZ	PFC_BA46	M	22.0	37.0	6.17	Scz-4	Scz-4	GSE54568	MDD	PFC_BA9	F				Fpair28_MDD	MDD matched sample pair brain dorsolateral prefrontal cortex BA9_F #28	False	False
GSE21138__HG-U133_Plus_2|PFC_BA46	GSM528873	GSE54568__HG-U133_Plus_2|PFC_BA9	GSM1319090	0.20369810063010507	3.0117592565981197	0.11636447925520549	GSE21138	SCZ	PFC_BA46	M	46.0	42.0	5.83	Scz-14	Scz-14	GSE54568	CTL	PFC_BA9	F				Fpair21_CTL	Control matched sample pair brain dorsolateral prefrontal cortex BA9_F #21	False	False
GSE21138__HG-U133_Plus_2|PFC_BA46	GSM528856	GSE54571__HG-U133_Plus_2|ACC_BA25	GSM1319154	0.2244867385295164	3.0986547684598236	0.18089956594025722	GSE21138	CTL	PFC_BA46	M	60.0	27.5	6.11	Control-27	Control-27	GSE54571	CTL	ACC_BA25	F				Fpair24_CTL	Control matched sample pair brain anterior cingulate cortex BA25_F #24	False	True
GSE21138__HG-U133_Plus_2|PFC_BA46	GSM528834	GSE54572__HG-U133_Plus_2|ACC_BA25	GSM1319180	0.18215173244375954	3.086367785766887	0.14493952721465886	GSE21138	CTL	PFC_BA46	M	22.0	62.0	6.39	Control-4	Control-4	GSE54572	MDD	ACC_BA25	M				Mpair2_MDD	MDD matched sample pair brain anterior cingulate cortex BA25_M #2	False	False
GSE21138__HG-U133_Plus_2|PFC_BA46	GSM528838	GSE54572__HG-U133_Plus_2|ACC_BA25	GSM1319188	0.2032349571373997	3.4449788742902583	0.17740951495425944	GSE21138	CTL	PFC_BA46	M	53.0	12.0	6.43	Control-9	Control-9	GSE54572	MDD	ACC_BA25	M				Mpair25_MDD	MDD matched sample pair brain anterior cingulate cortex BA25_M #25	False	False
GSE21138__HG-U133_Plus_2|PFC_BA46	GSM528888	GSE54572__HG-U133_Plus_2|ACC_BA25	GSM1319170	0.1980858244169035	3.357395683545938	0.18758596990321935	GSE21138	SCZ	PFC_BA46	F	81.0	25.0	6.31	Scz-29	Scz-29	GSE54572	CTL	ACC_BA25	M				Mpair7_CTL	Control matched sample pair brain anterior cingulate cortex BA25_M #7	False	False
GSE21138__HG-U133_Plus_2|PFC_BA46	GSM528832	GSE92538__HG-U133A|PFC_DLPFC	GSM2431734	0.21649141180880144	3.20670318480789	0.19886910928845597	GSE21138	CTL	PFC_BA46	M	26.0	24.0	6.42	Control-2	Control-2	GSE92538	CTL	PFC_DLPFC	M	52.0	23.0	6.06	101736	DLPFC_Male_Control_UCDavis_101736	False	True
GSE21138__HG-U133_Plus_2|PFC_BA46	GSM528836	GSE92538__HG-U133A|PFC_DLPFC	GSM2431765	0.26696845255225055	3.9533272010698832	0.14149138138310638	GSE21138	CTL	PFC_BA46	M	25.0	35.0	6.15	Control-6	Control-6	GSE92538	CTL	PFC_DLPFC	M	35.0	32.0	6.76	103262	DLPFC_Male_Control_UCDavis_103262	False	True
GSE21138__HG-U133_Plus_2|PFC_BA46	GSM528837	GSE92538__HG-U133A|PFC_DLPFC	GSM2431951	0.2594220322352533	3.841705391183795	0.20106543584283867	GSE21138	CTL	PFC_BA46	F	38.0	50.0	6.14	Control-8	Control-8	GSE92538	MDD	PFC_DLPFC	M	57.0	36.5	6.84	103091	DLPFC_Male_MajorDepressiveDisorder_UMichigan_103091	False	False
GSE21138__HG-U133_Plus_2|PFC_BA46	GSM528840	GSE92538__HG-U133A|PFC_DLPFC	GSM2431727	0.25192875304377815	3.7308696107475647	0.20980640406351683	GSE21138	CTL	PFC_BA46	M	42.0	26.0	6.21	Control-11	Control-11	GSE92538	CTL	PFC_DLPFC	M	44.0	23.0	6.87	101488	DLPFC_Male_Control_UCDavis_101488	False	True
GSE21138__HG-U133_Plus_2|PFC_BA46	GSM528842	GSE92538__HG-U133A|PFC_DLPFC	GSM2431856	0.23494329680250736	3.4796316346277827	0.15822708445858094	GSE21138	CTL	PFC_BA46	M	36.0	42.0	6.46	Control-13	Control-13	GSE92538	CTL	PFC_DLPFC	M	25.0	13.75	6.87	108632	DLPFC_Male_Control_UCDavis_108632	False	True
GSE21138__HG-U133_Plus_2|PFC_BA46	GSM528850	GSE92538__HG-U133A|PFC_DLPFC	GSM2431962	0.2166549293470609	3.2091218313716827	0.16950838197620624	GSE21138	CTL	PFC_BA46	F	38.0	52.0	6.28	Control-21	Control-21	GSE92538	CTL	PFC_DLPFC	M	54.0	25.0	6.61	103998	DLPFC_Male_Control_UMichigan_103998	False	True
GSE21138__HG-U133_Plus_2|PFC_BA46	GSM528856	GSE92538__HG-U133A|PFC_DLPFC	GSM2431978	0.22549303812256014	3.339849468589203	0.22512216018564488	GSE21138	CTL	PFC_BA46	M	60.0	27.5	6.11	Control-27	Control-27	GSE92538	MDD	PFC_DLPFC	F	80.0	15.0	6.68	105080	DLPFC_Female_MajorDepressiveDisorder_UMichigan_105080	False	False
GSE21138__HG-U133_Plus_2|PFC_BA46	GSM528863	GSE92538__HG-U133A|PFC_DLPFC	GSM2431795	0.21984398912335681	3.256292358470909	0.17641730480014853	GSE21138	SCZ	PFC_BA46	M	22.0	37.0	6.17	Scz-4	Scz-4	GSE92538	MDD	PFC_DLPFC	F	48.0	37.0	6.95	105643	DLPFC_Female_MajorDepressiveDisorder_UCDavis_105643	False	False
GSE21138__HG-U133_Plus_2|PFC_BA46	GSM528868	GSE92538__HG-U133A|PFC_DLPFC	GSM2432053	0.2211651587894614	3.2758342529191995	0.2043317815025708	GSE21138	SCZ	PFC_BA46	M	53.0	25.0	6.23	Scz-9	Scz-9	GSE92538	CTL	PFC_DLPFC	M	60.0	30.0	6.8	108759	DLPFC_Male_Control_UMichigan_108759	False	False
GSE21138__HG-U133_Plus_2|PFC_BA46	GSM528871	GSE92538__HG-U133A|PFC_DLPFC	GSM2432013	0.22440664445334635	3.323780230127452	0.17261613820808797	GSE21138	SCZ	PFC_BA46	F	26.0	41.0	6.11	Scz-12	Scz-12	GSE92538	CTL	PFC_DLPFC	M	77.0	7.25	6.62	106679	DLPFC_Male_Control_UMichigan_106679	False	False
GSE21138__HG-U133_Plus_2|PFC_BA46	GSM528873	GSE92538__HG-U133A|PFC_DLPFC	GSM2431872	0.21387952492206347	3.168069828955875	0.17765136833860487	GSE21138	SCZ	PFC_BA46	M	46.0	42.0	5.83	Scz-14	Scz-14	GSE92538	BD	PFC_DLPFC	F	68.0	26.5	6.59	109533	DLPFC_Female_BipolarDisorder_UCDavis_109533	False	False
GSE21138__HG-U133_Plus_2|PFC_BA46	GSM528874	GSE92538__HG-U133A|PFC_DLPFC	GSM2431961	0.22240588982890458	3.2941863507863904	0.19445934591484015	GSE21138	SCZ	PFC_BA46	M	45.0	68.0	6.33	Scz-15	Scz-15	GSE92538	CTL	PFC_DLPFC	M	54.0	25.0	6.61	103998	DLPFC_Male_Control_r_UMichigan_103998	False	False
GSE21138__HG-U133_Plus_2|PFC_BA46	GSM528875	GSE92538__HG-U133A|PFC_DLPFC	GSM2431788	0.263140301323147	3.8967036430436033	0.18780412594988757	GSE21138	SCZ	PFC_BA46	M	32.0	17.0	6.05	Scz-16	Scz-16	GSE92538	MDD	PFC_DLPFC	F	80.0	15.0	6.68	105080	DLPFC_Female_MajorDepressiveDisorder_UCDavis_105080	False	False
GSE21138__HG-U133_Plus_2|PFC_BA46	GSM528883	GSE92538__HG-U133A|PFC_DLPFC	GSM2431988	0.21326013550262124	3.1589082178716485	0.16734786919049618	GSE21138	SCZ	PFC_BA46	M	65.0	41.0	6.57	Scz-24	Scz-24	GSE92538	CTL	PFC_DLPFC	M	39.0	30.0	7.02	105669	DLPFC_Male_Control_UMichigan_105669	False	False
GSE21138__HG-U133_Plus_2|PFC_BA46	GSM528889	GSE92538__HG-U133A|PFC_DLPFC	GSM2431761	0.23468392812924047	3.475795219543323	0.20535566116278217	GSE21138	SCZ	PFC_BA46	M	67.0	21.0	6.46	Scz-30	Scz-30	GSE92538	SCZ	PFC_DLPFC	F	47.0	32.0	7.17	103037	DLPFC_Female_Schizophrenia_UCDavis_103037	False	True
GSE21138__HG-U133_Plus_2|PFC_BA46	GSM528842	GSE92538__HG-U133_Plus_2|PFC_DLPFC	GSM2431984	0.21717970288498756	3.1795184712327678	0.18874118641724172	GSE21138	CTL	PFC_BA46	M	36.0	42.0	6.46	Control-13	Control-13	GSE92538	BD	PFC_DLPFC	M	33.0	23.5	6.41	105544	DLPFC_Male_BipolarDisorder_p_UMichigan_105544	False	False
GSE21138__HG-U133_Plus_2|PFC_BA46	GSM528844	GSE92538__HG-U133_Plus_2|PFC_DLPFC	GSM2431818	0.20998014226274883	3.0744874589342945	0.15284244974933078	GSE21138	CTL	PFC_BA46	M	44.0	44.0	6.38	Control-15	Control-15	GSE92538	CTL	PFC_DLPFC	M	48.0	21.0	6.62	106589	DLPFC_Male_Control_r_p_UCDavis_106589	False	True
GSE21138__HG-U133_Plus_2|PFC_BA46	GSM528845	GSE92538__HG-U133_Plus_2|PFC_DLPFC	GSM2432065	0.2265442002945876	3.3161327306583495	0.20961256289899163	GSE21138	CTL	PFC_BA46	M	34.0	15.5	6.46	Control-16	Control-16	GSE92538	MDD	PFC_DLPFC	M	29.0	19.0	6.3	109120	DLPFC_Male_MajorDepressiveDisorder_p_UMichigan_109120	False	False
GSE21138__HG-U133_Plus_2|PFC_BA46	GSM528854	GSE92538__HG-U133_Plus_2|PFC_DLPFC	GSM2432048	0.24785950021564868	3.627091641295102	0.17456250913248267	GSE21138	CTL	PFC_BA46	M	65.0	20.5	6.47	Control-25	Control-25	GSE92538	BD	PFC_DLPFC	M	70.0	27.5	6.96	108454	DLPFC_Male_BipolarDisorder_p_UMichigan_108454	False	False
GSE21138__HG-U133_Plus_2|PFC_BA46	GSM528856	GSE92538__HG-U133_Plus_2|PFC_DLPFC	GSM2431928	0.28147153974246947	4.117441917117979	0.21127301214021324	GSE21138	CTL	PFC_BA46	M	60.0	27.5	6.11	Control-27	Control-27	GSE92538	CTL	PFC_DLPFC	M	55.0	23.0		102194	DLPFC_Male_Control_p_UMichigan_102194	False	True
GSE21138__HG-U133_Plus_2|PFC_BA46	GSM528863	GSE92538__HG-U133_Plus_2|PFC_DLPFC	GSM2431968	0.2091267939523398	3.062038360775637	0.16290694799854458	GSE21138	SCZ	PFC_BA46	M	22.0	37.0	6.17	Scz-4	Scz-4	GSE92538	SCZ	PFC_DLPFC	F	31.0	22.0	6.77	104344	DLPFC_Female_Schizophrenia_p_UMichigan_104344	False	True
GSE21138__HG-U133_Plus_2|PFC_BA46	GSM528868	GSE92538__HG-U133_Plus_2|PFC_DLPFC	GSM2431747	0.26213693240891195	3.8353784014133816	0.1967537115152035	GSE21138	SCZ	PFC_BA46	M	53.0	25.0	6.23	Scz-9	Scz-9	GSE92538	SCZ	PFC_DLPFC	M	59.0	35.75	6.42	102317	DLPFC_Male_Schizophrenia_p_UCDavis_102317	False	True
GSE21138__HG-U133_Plus_2|PFC_BA46	GSM528886	GSE92538__HG-U133_Plus_2|PFC_DLPFC	GSM2431849	0.21331075876767855	3.1230762605911924	0.15234795610133234	GSE21138	SCZ	PFC_BA46	M	61.0	37.5	6.46	Scz-27	Scz-27	GSE92538	BD	PFC_DLPFC	M	36.0	25.5		108104	DLPFC_Male_BipolarDisorder_p_UCDavis_108104	False	False
GSE35978__HuGene-1_0-st-v1|CB	GSM878218	GSE35978__HuGene-1_0-st-v1|CB	GSM878219	0.3577153155915365	4.977417974658873	0.23579127813976603	GSE35978	SCZ	CB	M	50.0	16.0	6.52	k3	CC5_102109	GSE35978	SCZ	CB	M	50.0	16.0	6.52	k3	CC5_102309	True	True
GSE35978__HuGene-1_0-st-v1|CB	GSM878222	GSE35978__HuGene-1_0-st-v1|CB	GSM878327	0.2818380251133841	3.9394091991287867	0.24175949212224337	GSE35978	BD	CB	M	20.0	12.0	5.978	k6	CC9_100909	GSE35978	SCZ	CB	F	60.0	40.0	6.2	k107	CC114_102309	False	False
GSE35978__HuGene-1_0-st-v1|CB	GSM878238	GSE35978__HuGene-1_0-st-v1|CB	GSM878275	0.22769565359808003	3.1987362466980755	0.16530132994050448	GSE35978	SCZ	CB	M	25.0	15.0	6.2	k22	CC25_102309	GSE35978	CTL	CB	M	30.0	24.0	7.03	k58	CC62_111109	False	False
GSE35978__HuGene-1_0-st-v1|CB	GSM878242	GSE35978__HuGene-1_0-st-v1|CB	GSM878263	0.25792710807143154	3.6123055088927063	0.17273715129516912	GSE35978	CTL	CB	M	55.0	28.0	6.0	k26	CC29_102109	GSE35978	CTL	CB	F	45.0	10.0	6.2	k47	CC50_111809	False	True
GSE35978__HuGene-1_0-st-v1|CB	GSM878251	GSE35978__HuGene-1_0-st-v1|CB	GSM878286	0.3151166463099174	4.394664000952388	0.26043185289525933	GSE35978	BD	CB	M	65.0	16.0	6.1	k35	CC38_111809	GSE35978	CTL	CB	F	35.0	29.0	6.52	k68	CC73_111109	False	False
GSE35978__HuGene-1_0-st-v1|CB	GSM878252	GSE35978__HuGene-1_0-st-v1|CB	GSM878329	0.24531482383617792	3.4397682235840996	0.20564659166197388	GSE35978	CTL	CB	M	35.0	52.0	6.7	k36	CC39_102309	GSE35978	BD	CB	M	50.0	13.0	6.1	k109	CC116_102109	False	False
GSE35978__HuGene-1_0-st-v1|CB	GSM878256	GSE35978__HuGene-1_0-st-v1|CB	GSM878355	0.21423380640677328	3.01457685682839	0.17445426820035825	GSE35978	SCZ	CB	M	45.0	32.0	6.67	k40	CC43_111109	GSE35978	MDD	CB	F	55.0	40.0	6.3	k129	CC142_100909	False	False
GSE35978__HuGene-1_0-st-v1|CB	GSM878257	GSE35978__HuGene-1_0-st-v1|CB	GSM878270	0.23021412192993998	3.233189140480807	0.22193770670249577	GSE35978	CTL	CB	M	35.0	22.0	6.48	k41	CC44_102309	GSE35978	BD	CB	F	55.0	26.0	6.58	k53	CC57_111109	False	False
GSE35978__HuGene-1_0-st-v1|CB	GSM878265	GSE35978__HuGene-1_0-st-v1|CB	GSM878266	0.26093749174250463	3.6534878527612724	0.23478882567791476	GSE35978	BD	CB	F	65.0	32.0	6.97	k49	CC52_111109	GSE35978	BD	CB	F	65.0	32.0	6.97	k49	CC52_111809	True	True
GSE35978__HuGene-1_0-st-v1|CB	GSM878276	GSE35978__HuGene-1_0-st-v1|CB	GSM878277	0.2659552011029173	3.7221306089317436	0.19137421859534054	GSE35978	SCZ	CB	F	35.0	27.0	6.49	k59	CC63_102109	GSE35978	SCZ	CB	F	35.0	27.0	6.49	k59	CC63_102309	True	True
GSE35978__HuGene-1_0-st-v1|CB	GSM878282	GSE35978__HuGene-1_0-st-v1|CB	GSM878290	0.21656080129747055	3.0464103751569462	0.18067775666768468	GSE35978	BD	CB	F	50.0	38.0	6.39	k64	CC69_111809	GSE35978	CTL	CB	M	50.0	49.0	6.75	k72	CC77_100909	False	False
GSE35978__HuGene-1_0-st-v1|CB	GSM878288	GSE35978__HuGene-1_0-st-v1|CB	GSM878315	0.2434650870853095	3.414463643416272	0.16404836821231128	GSE35978	CTL	CB	M	50.0	31.0	6.86	k70	CC75_100909	GSE35978	MDD	CB	F	30.0	33.0	6.0	k97	CC102_103009	False	False
GSE35978__HuGene-1_0-st-v1|CB	GSM878291	GSE35978__HuGene-1_0-st-v1|CB	GSM878343	0.3015582237931748	4.209183451158958	0.20037051403621606	GSE35978	SCZ	CB	F	45.0	30.0	6.47	k73	CC78_111109	GSE35978	MDD	CB	F	45.0	32.0	6.2	k118	CC130_111109	False	False
GSE35978__HuGene-1_0-st-v1|CB	GSM878305	GSE35978__HuGene-1_0-st-v1|CB	GSM878325	0.2197508383438292	3.090050394819216	0.19166728129652483	GSE35978	CTL	CB	M	30.0	11.0	6.13	k87	CC92_111809	GSE35978	BD	CB	F	60.0	60.0	6.5	k105	CC112_102309	False	False
GSE35978__HuGene-1_0-st-v1|CB	GSM878311	GSE35978__HuGene-1_0-st-v1|CB	GSM878321	0.28045021481912197	3.9204238181915234	0.16913352129917986	GSE35978	BD	CB	M	30.0	45.0	6.3	k93	CC98_103009	GSE35978	CTL	CB	M	50.0	8.0	6.5	k102	CC108_102309	False	False
GSE35978__HuGene-1_0-st-v1|CB	GSM878316	GSE35978__HuGene-1_0-st-v1|CB	GSM878317	0.487313757371029	6.750337368780783	0.2998014224723149	GSE35978	MDD	CB	M	45.0	28.0	6.4	k98	CC103_100909	GSE35978	MDD	CB	M	45.0	28.0	6.4	k98	CC103_111809	True	True
GSE35978__HuGene-1_0-st-v1|CB	GSM878323	GSE35978__HuGene-1_0-st-v1|CB	GSM878324	0.29172746398920024	4.074697692872792	0.2009846839153924	GSE35978	SCZ	CB	M	50.0	61.0	6.0	k104	CC110_102309	GSE35978	SCZ	CB	M	50.0	61.0	6.0	k104	CC110_103009	True	True
GSE35978__HuGene-1_0-st-v1|CB	GSM878330	GSE35978__HuGene-1_0-st-v1|CB	GSM878334	0.2212839537931251	3.1110235645283812	0.16465104237036346	GSE35978	CTL	CB	F	55.0	26.0	6.0	k110	CC117_100909	GSE35978	CTL	CB	F	55.0	26.0	6.0	k110	CC117_111109	True	True
GSE35978__HuGene-1_0-st-v1|CB	GSM878214	GSE35978__HuGene-1_0-st-v1|PARIETAL	GSM878382	0.23201195267311225	3.6951212732066514	0.1584183986763879	GSE35978	BD	CB	M	30.0	48.0	6.39	k0	CC1_100909	GSE35978	BD	PARIETAL	M	30.0	48.0	6.39	k0	CC151_40910	True	True
GSE35978__HuGene-1_0-st-v1|CB	GSM878215	GSE35978__HuGene-1_0-st-v1|PARIETAL	GSM878467	0.3098108131838704	4.932322969966535	0.14142046619432067	GSE35978	SCZ	CB	M	40.0	34.0	6.18	k1	CC2_100909	GSE35978	SCZ	PARIETAL	M	40.0	34.0	6.18	k1	CC236_40910	True	True
GSE35978__HuGene-1_0-st-v1|CB	GSM878219	GSE35978__HuGene-1_0-st-v1|PARIETAL	GSM878398	0.2682345387846857	4.271153424629649	0.1552752705951788	GSE35978	SCZ	CB	M	50.0	16.0	6.52	k3	CC5_102309	GSE35978	SCZ	PARIETAL	M	50.0	16.0	6.52	k3	CC167_40610	True	True
GSE35978__HuGene-1_0-st-v1|CB	GSM878220	GSE35978__HuGene-1_0-st-v1|PARIETAL	GSM878387	0.23608702532617679	3.7599253945998443	0.18834754916209256	GSE35978	BD	CB	M	50.0	23.0	6.9	k4	CC7_100909	GSE35978	BD	PARIETAL	M	50.0	23.0	6.9	k4	CC156_40610	True	True
GSE35978__HuGene-1_0-st-v1|CB	GSM878221	GSE35978__HuGene-1_0-st-v1|PARIETAL	GSM878486	0.19989944344559124	3.1844499003526425	0.14728416673313435	GSE35978	CTL	CB	M	45.0	36.0	6.57	k5	CC8_100909	GSE35978	MDD	PARIETAL	M	50.0	26.0	6.3	k115	CC255_51210	False	False
GSE35978__HuGene-1_0-st-v1|CB	GSM878224	GSE35978__HuGene-1_0-st-v1|PARIETAL	GSM878462	0.26210806926414526	4.173726824340147	0.1705786493252789	GSE35978	SCZ	CB	M	20.0	28.0	6.73	k8	CC11_102109	GSE35978	SCZ	PARIETAL	M	20.0	28.0	6.73	k8	CC231_40810	True	True
GSE35978__HuGene-1_0-st-v1|CB	GSM878225	GSE35978__HuGene-1_0-st-v1|PARIETAL	GSM878459	0.2795678000709902	4.451381386854109	0.18864933464658487	GSE35978	BD	CB	F	50.0	18.0	6.5	k9	CC12_102109	GSE35978	BD	PARIETAL	F	50.0	18.0	6.5	k9	CC228_40810	True	True
GSE35978__HuGene-1_0-st-v1|CB	GSM878226	GSE35978__HuGene-1_0-st-v1|PARIETAL	GSM878456	0.27382640327377855	4.360078431866745	0.19020745679652207	GSE35978	CTL	CB	F	45.0	28.0	6.59	k10	CC13_100909	GSE35978	CTL	PARIETAL	F	45.0	28.0	6.59	k10	CC225_40810	True	True
GSE35978__HuGene-1_0-st-v1|CB	GSM878228	GSE35978__HuGene-1_0-st-v1|PARIETAL	GSM878453	0.19846764111851412	3.1616805659837977	0.16045374286801992	GSE35978	SCZ	CB	F	55.0	13.0	6.49	k12	CC15_102109	GSE35978	SCZ	PARIETAL	F	55.0	13.0	6.49	k12	CC222_40810	True	True
GSE35978__HuGene-1_0-st-v1|CB	GSM878229	GSE35978__HuGene-1_0-st-v1|PARIETAL	GSM878451	0.20196681614000678	3.217326435928794	0.1673048415095894	GSE35978	BD	CB	M	35.0	35.0	6.3	k13	CC16_102109	GSE35978	BD	PARIETAL	M	35.0	35.0	6.3	k13	CC220_40810	True	True
GSE35978__HuGene-1_0-st-v1|CB	GSM878231	GSE35978__HuGene-1_0-st-v1|PARIETAL	GSM878380	0.3438269251119108	5.473266514875219	0.1318733057928996	GSE35978	BD	CB	M	30.0	60.0	6.7	k15	CC18_102309	GSE35978	BD	PARIETAL	M	30.0	60.0	6.7	k15	CC149_40910	True	True
GSE35978__HuGene-1_0-st-v1|CB	GSM878232	GSE35978__HuGene-1_0-st-v1|PARIETAL	GSM878447	0.21691968513241047	3.4551154570966798	0.1719701777539286	GSE35978	BD	CB	F	60.0	53.0	6.2	k16	CC19_102309	GSE35978	BD	PARIETAL	F	60.0	53.0	6.2	k16	CC216_40810	True	True
GSE35978__HuGene-1_0-st-v1|CB	GSM878234	GSE35978__HuGene-1_0-st-v1|PARIETAL	GSM878444	0.27748655768438524	4.418284287549934	0.1196389851363236	GSE35978	SCZ	CB	M	35.0	30.0	6.8	k18	CC21_102309	GSE35978	SCZ	PARIETAL	M	35.0	30.0	6.8	k18	CC213_40810	True	True
GSE35978__HuGene-1_0-st-v1|CB	GSM878235	GSE35978__HuGene-1_0-st-v1|PARIETAL	GSM878442	0.2726844699384457	4.341918758951418	0.1769093291627685	GSE35978	BD	CB	F	35.0	17.0	6.1	k19	CC22_103009	GSE35978	BD	PARIETAL	F	35.0	17.0	6.1	k19	CC211_40810	True	True
GSE35978__HuGene-1_0-st-v1|CB	GSM878237	GSE35978__HuGene-1_0-st-v1|PARIETAL	GSM878438	0.23023254742003732	3.666824159548755	0.14494549696298795	GSE35978	SCZ	CB	M	50.0	10.0	6.1	k21	CC24_102309	GSE35978	SCZ	PARIETAL	M	50.0	10.0	6.1	k21	CC207_40710	True	True
GSE35978__HuGene-1_0-st-v1|CB	GSM878239	GSE35978__HuGene-1_0-st-v1|PARIETAL	GSM878434	0.23654863381935856	3.7672661552132247	0.17054470383883127	GSE35978	CTL	CB	M	35.0	13.0	6.5	k23	CC26_103009	GSE35978	CTL	PARIETAL	M	35.0	13.0	6.5	k23	CC203_40710	True	True
GSE35978__HuGene-1_0-st-v1|CB	GSM878240	GSE35978__HuGene-1_0-st-v1|PARIETAL	GSM878433	0.24541553475417904	3.908272653374528	0.1394378940246871	GSE35978	CTL	CB	M	50.0	31.0	6.7	k24	CC27_102109	GSE35978	CTL	PARIETAL	M	50.0	31.0	6.7	k24	CC202_40710	True	True
GSE35978__HuGene-1_0-st-v1|CB	GSM878242	GSE35978__HuGene-1_0-st-v1|PARIETAL	GSM878431	0.2975945742673268	4.738053395626408	0.16788509142917812	GSE35978	CTL	CB	M	55.0	28.0	6.0	k26	CC29_102109	GSE35978	CTL	PARIETAL	M	55.0	28.0	6.0	k26	CC200_40710	True	True
GSE35978__HuGene-1_0-st-v1|CB	GSM878243	GSE35978__HuGene-1_0-st-v1|PARIETAL	GSM878406	0.2017427139985836	3.213762636307616	0.15622306163162397	GSE35978	BD	CB	F	40.0	49.0	6.65	k27	CC30_103009	GSE35978	BD	PARIETAL	F	40.0	49.0	6.65	k27	CC175_40610	True	True
GSE35978__HuGene-1_0-st-v1|CB	GSM878244	GSE35978__HuGene-1_0-st-v1|PARIETAL	GSM878427	0.19815071602661563	3.156640643048315	0.13914627309958771	GSE35978	BD	CB	F	60.0	35.0	6.5	k28	CC31_103009	GSE35978	BD	PARIETAL	F	60.0	35.0	6.5	k28	CC196_40710	True	True
GSE35978__HuGene-1_0-st-v1|CB	GSM878245	GSE35978__HuGene-1_0-st-v1|PARIETAL	GSM878425	0.2672159781425631	4.254955694400519	0.1321361614000572	GSE35978	CTL	CB	F	40.0	28.0	6.7	k29	CC32_102109	GSE35978	CTL	PARIETAL	F	40.0	28.0	6.7	k29	CC194_40710	True	True
GSE35978__HuGene-1_0-st-v1|CB	GSM878246	GSE35978__HuGene-1_0-st-v1|PARIETAL	GSM878421	0.293458206090147	4.672274517971474	0.1418693071529954	GSE35978	SCZ	CB	M	40.0	80.0	6.6	k30	CC33_103009	GSE35978	SCZ	PARIETAL	M	40.0	80.0	6.6	k30	CC190_40710	True	True
GSE35978__HuGene-1_0-st-v1|CB	GSM878248	GSE35978__HuGene-1_0-st-v1|PARIETAL	GSM878509	0.2129469172044422	3.3919382435867735	0.1837658423677389	GSE35978	BD	CB	M	45.0	28.0	6.35	k32	CC35_111809	GSE35978	CTL	PARIETAL	M	40.0	11.0	6.0	k150	CC278_51310	False	False
GSE35978__HuGene-1_0-st-v1|CB	GSM878250	GSE35978__HuGene-1_0-st-v1|PARIETAL	GSM878414	0.2238781051796535	3.565772207500198	0.1676655012953146	GSE35978	SCZ	CB	M	45.0	18.0	6.3	k34	CC37_111809	GSE35978	SCZ	PARIETAL	M	45.0	18.0	6.3	k34	CC183_40610	True	True
GSE35978__HuGene-1_0-st-v1|CB	GSM878254	GSE35978__HuGene-1_0-st-v1|PARIETAL	GSM878407	0.24892560446659523	3.9640917768865784	0.18648913368177658	GSE35978	SCZ	CB	M	35.0	47.0	6.4	k38	CC41_111109	GSE35978	SCZ	PARIETAL	M	35.0	47.0	6.4	k38	CC176_40610	True	True
GSE35978__HuGene-1_0-st-v1|CB	GSM878255	GSE35978__HuGene-1_0-st-v1|PARIETAL	GSM878405	0.19928771080547897	3.174721780231839	0.15640552954275241	GSE35978	BD	CB	M	60.0	84.0	6.65	k39	CC42_111809	GSE35978	BD	PARIETAL	M	60.0	84.0	6.65	k39	CC174_40610	True	True
GSE35978__HuGene-1_0-st-v1|CB	GSM878256	GSE35978__HuGene-1_0-st-v1|PARIETAL	GSM878402	0.34488683085328076	5.490121738371032	0.13979199734644368	GSE35978	SCZ	CB	M	45.0	32.0	6.67	k40	CC43_111109	GSE35978	SCZ	PARIETAL	M	45.0	32.0	6.67	k40	CC171_40610	True	True
GSE35978__HuGene-1_0-st-v1|CB	GSM878258	GSE35978__HuGene-1_0-st-v1|PARIETAL	GSM878376	0.23479300968513844	3.739347222423337	0.15675379602718456	GSE35978	CTL	CB	M	45.0	21.0	6.81	k42	CC45_102309	GSE35978	CTL	PARIETAL	M	45.0	21.0	6.81	k42	CC145_40610	True	True
GSE35978__HuGene-1_0-st-v1|CB	GSM878259	GSE35978__HuGene-1_0-st-v1|PARIETAL	GSM878458	0.27751279286286246	4.418701494268821	0.15666248649805117	GSE35978	CTL	CB	M	45.0	29.0	6.94	k43	CC46_103009	GSE35978	CTL	PARIETAL	M	45.0	29.0	6.94	k43	CC227_40610	True	True
GSE35978__HuGene-1_0-st-v1|CB	GSM878260	GSE35978__HuGene-1_0-st-v1|PARIETAL	GSM878449	0.28291992180603726	4.504688731860434	0.11786888208909907	GSE35978	CTL	CB	F	35.0	24.0	6.87	k44	CC47_103009	GSE35978	CTL	PARIETAL	F	35.0	24.0	6.87	k44	CC218_40610	True	True
GSE35978__HuGene-1_0-st-v1|CB	GSM878262	GSE35978__HuGene-1_0-st-v1|PARIETAL	GSM878404	0.3769414152371644	5.999871957439982	0.16895140614270504	GSE35978	SCZ	CB	M	45.0	13.0	6.3	k46	CC49_111109	GSE35978	SCZ	PARIETAL	M	45.0	13.0	6.3	k46	CC173_40610	True	True
GSE35978__HuGene-1_0-st-v1|CB	GSM878264	GSE35978__HuGene-1_0-st-v1|PARIETAL	GSM878400	0.24260162393220197	3.863524244199568	0.17084219852484803	GSE35978	BD	CB	M	50.0	23.0	6.67	k48	CC51_111109	GSE35978	BD	PARIETAL	M	50.0	23.0	6.67	k48	CC169_51110	True	True
GSE35978__HuGene-1_0-st-v1|CB	GSM878265	GSE35978__HuGene-1_0-st-v1|PARIETAL	GSM878399	0.1988924851899502	3.16843667786755	0.14401040878309113	GSE35978	BD	CB	F	65.0	32.0	6.97	k49	CC52_111109	GSE35978	BD	PARIETAL	F	65.0	32.0	6.97	k49	CC168_51110	True	True
GSE35978__HuGene-1_0-st-v1|CB	GSM878266	GSE35978__HuGene-1_0-st-v1|PARIETAL	GSM878428	0.19813142550760174	3.1563338742512057	0.15346105429176102	GSE35978	BD	CB	F	65.0	32.0	6.97	k49	CC52_111809	GSE35978	CTL	PARIETAL	F	40.0	33.0	6.0	k136	CC197_40710	False	False
GSE35978__HuGene-1_0-st-v1|CB	GSM878267	GSE35978__HuGene-1_0-st-v1|PARIETAL	GSM878474	0.21502838535687785	3.425038933147502	0.13731531779979964	GSE35978	BD	CB	F	30.0	62.0	6.74	k50	CC54_100909	GSE35978	BD	PARIETAL	F	30.0	62.0	6.74	k50	CC243_40910	True	True
GSE35978__HuGene-1_0-st-v1|CB	GSM878268	GSE35978__HuGene-1_0-st-v1|PARIETAL	GSM878397	0.2663223300605531	4.240744394696251	0.18359017515364415	GSE35978	CTL	CB	M	45.0	18.0	6.81	k51	CC55_111809	GSE35978	CTL	PARIETAL	M	45.0	18.0	6.81	k51	CC166_51110	True	True
GSE35978__HuGene-1_0-st-v1|CB	GSM878270	GSE35978__HuGene-1_0-st-v1|PARIETAL	GSM878394	0.3196958142090164	5.089519874400535	0.152026349447827	GSE35978	BD	CB	F	55.0	26.0	6.58	k53	CC57_111109	GSE35978	BD	PARIETAL	F	55.0	26.0	6.58	k53	CC163_51110	True	True
GSE35978__HuGene-1_0-st-v1|CB	GSM878271	GSE35978__HuGene-1_0-st-v1|PARIETAL	GSM878393	0.23252876645306095	3.703339939666079	0.12866913853923553	GSE35978	BD	CB	F	45.0	39.0	6.74	k54	CC58_111109	GSE35978	BD	PARIETAL	F	45.0	39.0	6.74	k54	CC162_51110	True	True
GSE35978__HuGene-1_0-st-v1|CB	GSM878272	GSE35978__HuGene-1_0-st-v1|PARIETAL	GSM878392	0.20347574038063299	3.2413222067990715	0.17572183323689025	GSE35978	BD	CB	M	35.0	22.0	6.58	k55	CC59_111109	GSE35978	BD	PARIETAL	M	35.0	22.0	6.58	k55	CC161_51110	True	True
GSE35978__HuGene-1_0-st-v1|CB	GSM878275	GSE35978__HuGene-1_0-st-v1|PARIETAL	GSM878389	0.25302514745547394	4.029285039467584	0.18327213195954575	GSE35978	CTL	CB	M	30.0	24.0	7.03	k58	CC62_111109	GSE35978	CTL	PARIETAL	M	30.0	24.0	7.03	k58	CC158_40910	True	True
GSE35978__HuGene-1_0-st-v1|CB	GSM878279	GSE35978__HuGene-1_0-st-v1|PARIETAL	GSM878473	0.2919029310240061	4.6475416499304085	0.18617306835150416	GSE35978	SCZ	CB	M	30.0	33.0	6.2	k61	CC66_110409	GSE35978	SCZ	PARIETAL	M	30.0	33.0	6.2	k61	CC242_40910	True	True
GSE35978__HuGene-1_0-st-v1|CB	GSM878280	GSE35978__HuGene-1_0-st-v1|PARIETAL	GSM878385	0.26545208528121583	4.226905267612331	0.15979644659890355	GSE35978	CTL	CB	M	55.0	31.0	6.7	k62	CC67_111109	GSE35978	CTL	PARIETAL	M	55.0	31.0	6.7	k62	CC154_40910	True	True
GSE35978__HuGene-1_0-st-v1|CB	GSM878281	GSE35978__HuGene-1_0-st-v1|PARIETAL	GSM878384	0.26871318600427124	4.278765144754248	0.15649929056635656	GSE35978	CTL	CB	F	50.0	45.0	6.72	k63	CC68_111109	GSE35978	CTL	PARIETAL	F	50.0	45.0	6.72	k63	CC153_40910	True	True
GSE35978__HuGene-1_0-st-v1|CB	GSM878282	GSE35978__HuGene-1_0-st-v1|PARIETAL	GSM878383	0.26279152730281596	4.1845955625138975	0.16669619246953626	GSE35978	BD	CB	F	50.0	38.0	6.39	k64	CC69_111809	GSE35978	BD	PARIETAL	F	50.0	38.0	6.39	k64	CC152_40910	True	True
GSE35978__HuGene-1_0-st-v1|CB	GSM878283	GSE35978__HuGene-1_0-st-v1|PARIETAL	GSM878504	0.2703822042882011	4.305306822090457	0.22119653056578573	GSE35978	SCZ	CB	M	55.0	38.0	6.17	k65	CC70_111109	GSE35978	BD	PARIETAL	M	30.0	31.0	6.1	k123	CC273_51210	False	False
GSE35978__HuGene-1_0-st-v1|CB	GSM878284	GSE35978__HuGene-1_0-st-v1|PARIETAL	GSM878379	0.1950539545808567	3.107394182496059	0.13964442440147223	GSE35978	BD	CB	F	35.0	24.0	6.51	k66	CC71_111809	GSE35978	BD	PARIETAL	F	35.0	24.0	6.51	k66	CC148_40910	True	True
GSE35978__HuGene-1_0-st-v1|CB	GSM878288	GSE35978__HuGene-1_0-st-v1|PARIETAL	GSM878465	0.23783636240833372	3.787744347114583	0.22483456424733617	GSE35978	CTL	CB	M	50.0	31.0	6.86	k70	CC75_100909	GSE35978	CTL	PARIETAL	M	50.0	31.0	6.86	k70	CC234_40810	True	True
GSE35978__HuGene-1_0-st-v1|CB	GSM878289	GSE35978__HuGene-1_0-st-v1|PARIETAL	GSM878471	0.239588637432367	3.8156100204508157	0.2051072162190582	GSE35978	BD	CB	M	45.0	19.0	6.74	k71	CC76_103009	GSE35978	BD	PARIETAL	M	45.0	19.0	6.74	k71	CC240_40910	True	True
GSE35978__HuGene-1_0-st-v1|CB	GSM878290	GSE35978__HuGene-1_0-st-v1|PARIETAL	GSM878463	0.2532937483191707	4.033556483061167	0.14387994953239946	GSE35978	CTL	CB	M	50.0	49.0	6.75	k72	CC77_100909	GSE35978	CTL	PARIETAL	M	50.0	49.0	6.75	k72	CC232_40810	True	True
GSE35978__HuGene-1_0-st-v1|CB	GSM878291	GSE35978__HuGene-1_0-st-v1|PARIETAL	GSM878460	0.24925276195411922	3.9692944211928713	0.17689310748915038	GSE35978	SCZ	CB	F	45.0	30.0	6.47	k73	CC78_111109	GSE35978	SCZ	PARIETAL	F	45.0	30.0	6.47	k73	CC229_40810	True	True
GSE35978__HuGene-1_0-st-v1|CB	GSM878293	GSE35978__HuGene-1_0-st-v1|PARIETAL	GSM878454	0.27474061214010825	4.3746167008489705	0.15421067343224018	GSE35978	CTL	CB	M	30.0	13.0	6.57	k75	CC80_111109	GSE35978	CTL	PARIETAL	M	30.0	13.0	6.57	k75	CC223_40810	True	True
GSE35978__HuGene-1_0-st-v1|CB	GSM878294	GSE35978__HuGene-1_0-st-v1|PARIETAL	GSM878452	0.3745742648532822	5.962228186667532	0.2373780599842903	GSE35978	CTL	CB	M	45.0	11.0	6.6	k76	CC81_111109	GSE35978	CTL	PARIETAL	M	45.0	11.0	6.6	k76	CC221_40810	True	True
GSE35978__HuGene-1_0-st-v1|CB	GSM878299	GSE35978__HuGene-1_0-st-v1|PARIETAL	GSM878468	0.23390277828347164	3.725190256711753	0.13104938621932052	GSE35978	SCZ	CB	F	45.0	52.0	6.51	k81	CC86_103009	GSE35978	SCZ	PARIETAL	F	45.0	52.0	6.51	k81	CC237_40910	True	True
GSE35978__HuGene-1_0-st-v1|CB	GSM878300	GSE35978__HuGene-1_0-st-v1|PARIETAL	GSM878435	0.30410705395752874	4.841618549022427	0.17957258914021132	GSE35978	CTL	CB	M	40.0	38.0	6.67	k82	CC87_111109	GSE35978	CTL	PARIETAL	M	40.0	38.0	6.67	k82	CC204_40710	True	True
GSE35978__HuGene-1_0-st-v1|CB	GSM878301	GSE35978__HuGene-1_0-st-v1|PARIETAL	GSM878432	0.22170647450625386	3.5312377022873056	0.18242667867185472	GSE35978	CTL	CB	M	50.0	22.0	6.71	k83	CC88_111109	GSE35978	CTL	PARIETAL	M	50.0	22.0	6.71	k83	CC201_40710	True	True
GSE35978__HuGene-1_0-st-v1|CB	GSM878302	GSE35978__HuGene-1_0-st-v1|PARIETAL	GSM878430	0.19276898631173334	3.07105731842064	0.1401533601697762	GSE35978	SCZ	CB	M	40.0	26.0	6.19	k84	CC89_103009	GSE35978	SCZ	PARIETAL	M	40.0	26.0	6.19	k84	CC199_40710	True	True
GSE35978__HuGene-1_0-st-v1|CB	GSM878303	GSE35978__HuGene-1_0-st-v1|PARIETAL	GSM878426	0.20389895971899155	3.248052481254009	0.1949606940038525	GSE35978	SCZ	CB	F	45.0	35.0	6.5	k85	CC90_103009	GSE35978	SCZ	PARIETAL	F	45.0	35.0	6.5	k85	CC195_40710	True	True
GSE35978__HuGene-1_0-st-v1|CB	GSM878304	GSE35978__HuGene-1_0-st-v1|PARIETAL	GSM878422	0.2585677662623226	4.11742691387689	0.14983250623194447	GSE35978	SCZ	CB	M	40.0	19.0	6.48	k86	CC91_102309	GSE35978	SCZ	PARIETAL	M	40.0	19.0	6.48	k86	CC191_40710	True	True
GSE35978__HuGene-1_0-st-v1|CB	GSM878306	GSE35978__HuGene-1_0-st-v1|PARIETAL	GSM878417	0.19159554945734797	3.0523966586403413	0.16383869632100265	GSE35978	CTL	CB	M	50.0	24.0	6.91	k88	CC93_111809	GSE35978	CTL	PARIETAL	M	50.0	24.0	6.91	k88	CC186_40710	True	True
GSE35978__HuGene-1_0-st-v1|CB	GSM878309	GSE35978__HuGene-1_0-st-v1|PARIETAL	GSM878493	0.20350250776385523	3.2417478769402917	0.16760094379062015	GSE35978	CTL	CB	M	50.0	22.0	6.2	k91	CC96_103009	GSE35978	CTL	PARIETAL	M	50.0	22.0	6.2	k91	CC262_51210	True	True
GSE35978__HuGene-1_0-st-v1|CB	GSM878310	GSE35978__HuGene-1_0-st-v1|PARIETAL	GSM878490	0.3552867522568288	5.655507199316952	0.14297162413668027	GSE35978	CTL	CB	M	50.0	28.0	6.5	k92	CC97_103009	GSE35978	CTL	PARIETAL	M	50.0	28.0	6.5	k92	CC259_51210	True	True
GSE35978__HuGene-1_0-st-v1|CB	GSM878311	GSE35978__HuGene-1_0-st-v1|PARIETAL	GSM878440	0.1940977435003846	3.092187970432618	0.1877048254663322	GSE35978	BD	CB	M	30.0	45.0	6.3	k93	CC98_103009	GSE35978	BD	PARIETAL	M	20.0	12.0	5.978	k6	CC209_40610	False	True
GSE35978__HuGene-1_0-st-v1|CB	GSM878312	GSE35978__HuGene-1_0-st-v1|PARIETAL	GSM878523	0.2363075201218052	3.7634318281579615	0.18019493127416877	GSE35978	MDD	CB	F	30.0	47.0	6.0	k94	CC99_102109	GSE35978	MDD	PARIETAL	F	30.0	47.0	6.0	k94	CC292_51310	True	True
GSE35978__HuGene-1_0-st-v1|CB	GSM878313	GSE35978__HuGene-1_0-st-v1|PARIETAL	GSM878515	0.2867581956860844	4.565727144580718	0.1393278360233738	GSE35978	CTL	CB	F	35.0	23.0	6.6	k95	CC100_102109	GSE35978	CTL	PARIETAL	F	35.0	23.0	6.6	k95	CC284_51310	True	True
GSE35978__HuGene-1_0-st-v1|CB	GSM878314	GSE35978__HuGene-1_0-st-v1|PARIETAL	GSM878494	0.26277470788693646	4.18432809060328	0.14562228969800348	GSE35978	CTL	CB	F	35.0	40.0	5.8	k96	CC101_102309	GSE35978	CTL	PARIETAL	F	35.0	40.0	5.8	k96	CC263_51210	True	True
GSE35978__HuGene-1_0-st-v1|CB	GSM878315	GSE35978__HuGene-1_0-st-v1|PARIETAL	GSM878529	0.32698939700729307	5.205506573360462	0.15530339963106202	GSE35978	MDD	CB	F	30.0	33.0	6.0	k97	CC102_103009	GSE35978	MDD	PARIETAL	F	30.0	33.0	6.0	k97	CC298_51310	True	True
GSE35978__HuGene-1_0-st-v1|CB	GSM878317	GSE35978__HuGene-1_0-st-v1|PARIETAL	GSM878501	0.28832569541670783	4.590654416184263	0.17812383032462897	GSE35978	MDD	CB	M	45.0	28.0	6.4	k98	CC103_111809	GSE35978	MDD	PARIETAL	M	45.0	28.0	6.4	k98	CC270_51210	True	True
GSE35978__HuGene-1_0-st-v1|CB	GSM878318	GSE35978__HuGene-1_0-st-v1|PARIETAL	GSM878500	0.2632943227916907	4.192591302141382	0.21578481044606002	GSE35978	MDD	CB	M	40.0	7.0	6.2	k99	CC105_111109	GSE35978	MDD	PARIETAL	M	40.0	7.0	6.2	k99	CC269_51110	True	True
GSE35978__HuGene-1_0-st-v1|CB	GSM878321	GSE35978__HuGene-1_0-st-v1|PARIETAL	GSM878511	0.2513670957416861	4.002917758762613	0.12234432677072556	GSE35978	CTL	CB	M	50.0	8.0	6.5	k102	CC108_102309	GSE35978	BD	PARIETAL	M	30.0	45.0	6.3	k93	CC280_51310	False	False
GSE35978__HuGene-1_0-st-v1|CB	GSM878322	GSE35978__HuGene-1_0-st-v1|PARIETAL	GSM878532	0.3458350735279541	5.505201232316625	0.15877301145733225	GSE35978	CTL	CB	M	60.0	26.0	6.4	k103	CC109_102309	GSE35978	CTL	PARIETAL	M	60.0	26.0	6.4	k103	CC301_51110	True	True
GSE35978__HuGene-1_0-st-v1|CB	GSM878325	GSE35978__HuGene-1_0-st-v1|PARIETAL	GSM878499	0.3198068311952123	5.091285329611435	0.23783638036933835	GSE35978	BD	CB	F	60.0	60.0	6.5	k105	CC112_102309	GSE35978	BD	PARIETAL	F	60.0	60.0	6.5	k105	CC268_51210	True	True
GSE35978__HuGene-1_0-st-v1|CB	GSM878327	GSE35978__HuGene-1_0-st-v1|PARIETAL	GSM878497	0.22895291702204754	3.6464747496830467	0.17133446130762264	GSE35978	SCZ	CB	F	60.0	40.0	6.2	k107	CC114_102309	GSE35978	SCZ	PARIETAL	F	60.0	40.0	6.2	k107	CC266_51210	True	True
GSE35978__HuGene-1_0-st-v1|CB	GSM878328	GSE35978__HuGene-1_0-st-v1|PARIETAL	GSM878507	0.293566147040799	4.673991056316892	0.15524247827666698	GSE35978	SCZ	CB	M	30.0	32.0	5.8	k108	CC115_102309	GSE35978	SCZ	PARIETAL	M	30.0	32.0	5.8	k108	CC276_51210	True	True
GSE35978__HuGene-1_0-st-v1|CB	GSM878329	GSE35978__HuGene-1_0-st-v1|PARIETAL	GSM878503	0.20898948873848142	3.329004966919881	0.17153071629659658	GSE35978	BD	CB	M	50.0	13.0	6.1	k109	CC116_102109	GSE35978	BD	PARIETAL	M	50.0	13.0	6.1	k109	CC272_51210	True	True
GSE35978__HuGene-1_0-st-v1|CB	GSM878334	GSE35978__HuGene-1_0-st-v1|PARIETAL	GSM878481	0.19578310998907278	3.118989626212382	0.15361010087105273	GSE35978	CTL	CB	F	55.0	26.0	6.0	k110	CC117_111109	GSE35978	CTL	PARIETAL	F	55.0	26.0	6.0	k110	CC250_51110	True	True
GSE35978__HuGene-1_0-st-v1|CB	GSM878337	GSE35978__HuGene-1_0-st-v1|PARIETAL	GSM878535	0.19868967828129624	3.1652115271409964	0.15216723376545235	GSE35978	CTL	CB	M	40.0	27.0	6.6	k112	CC124_102109	GSE35978	CTL	PARIETAL	M	40.0	27.0	6.6	k112	CC304_51110	True	True
GSE35978__HuGene-1_0-st-v1|CB	GSM878338	GSE35978__HuGene-1_0-st-v1|PARIETAL	GSM878492	0.24639470896159696	3.923844038133736	0.17124989721989312	GSE35978	CTL	CB	M	55.0	28.0	6.2	k113	CC125_102109	GSE35978	CTL	PARIETAL	M	55.0	28.0	6.2	k113	CC261_51210	True	True
GSE35978__HuGene-1_0-st-v1|CB	GSM878341	GSE35978__HuGene-1_0-st-v1|PARIETAL	GSM878530	0.30221199845142527	4.8114822993111455	0.15711016187133478	GSE35978	SCZ	CB	M	60.0	31.0	6.2	k116	CC128_102109	GSE35978	SCZ	PARIETAL	M	60.0	31.0	6.2	k116	CC299_51310	True	True
GSE35978__HuGene-1_0-st-v1|CB	GSM878345	GSE35978__HuGene-1_0-st-v1|PARIETAL	GSM878531	0.21933889843687604	3.4935871620221652	0.11229350696664993	GSE35978	CTL	CB	F	70.0	13.0	6.3	k120	CC132_100909	GSE35978	CTL	PARIETAL	F	70.0	13.0	6.3	k120	CC300_51310	True	True
GSE35978__HuGene-1_0-st-v1|CB	GSM878346	GSE35978__HuGene-1_0-st-v1|PARIETAL	GSM878415	0.19037016967950954	3.0329099729695748	0.14347072854199147	GSE35978	SCZ	CB	M	35.0	35.0	6.5	k121	CC133_102109	GSE35978	SCZ	PARIETAL	M	50.0	9.0	6.2	k33	CC184_40610	False	True
GSE35978__HuGene-1_0-st-v1|CB	GSM878350	GSE35978__HuGene-1_0-st-v1|PARIETAL	GSM878502	0.20174629759197354	3.2138196246464354	0.16129462225207916	GSE35978	MDD	CB	M	40.0	23.0	6.0	k125	CC137_102309	GSE35978	MDD	PARIETAL	M	40.0	23.0	6.0	k125	CC271_51210	True	True
GSE35978__HuGene-1_0-st-v1|CB	GSM878351	GSE35978__HuGene-1_0-st-v1|PARIETAL	GSM878513	0.3386931046829587	5.391625584611442	0.17365934653756415	GSE35978	MDD	CB	M	65.0	19.0	6.2	k126	CC138_102109	GSE35978	MDD	PARIETAL	M	65.0	19.0	6.2	k126	CC282_51310	True	True
GSE35978__HuGene-1_0-st-v1|CB	GSM878352	GSE35978__HuGene-1_0-st-v1|PARIETAL	GSM878518	0.21879721379425546	3.484972984969196	0.19987556109181262	GSE35978	SCZ	CB	F	50.0	38.0	6.2	k127	CC139_100909	GSE35978	SCZ	PARIETAL	F	50.0	38.0	6.2	k127	CC287_51310	True	True
GSE35978__HuGene-1_0-st-v1|CB	GSM878353	GSE35978__HuGene-1_0-st-v1|PARIETAL	GSM878528	0.2561629151169465	4.079183604167966	0.16707611396553385	GSE35978	CTL	CB	F	30.0	42.0	6.2	k128	CC140_103009	GSE35978	CTL	PARIETAL	F	30.0	42.0	6.2	k128	CC297_51310	True	True
GSE35978__HuGene-1_0-st-v1|CB	GSM878355	GSE35978__HuGene-1_0-st-v1|PARIETAL	GSM878485	0.2729066122547076	4.345451392319016	0.15307306217398842	GSE35978	MDD	CB	F	55.0	40.0	6.3	k129	CC142_100909	GSE35978	MDD	PARIETAL	F	55.0	40.0	6.3	k129	CC254_51210	True	True
GSE35978__HuGene-1_0-st-v1|CB	GSM878356	GSE35978__HuGene-1_0-st-v1|PARIETAL	GSM878488	0.29814573089982843	4.746818201645864	0.17120829420905265	GSE35978	BD	CB	M	35.0	23.0	6.3	k130	CC143_111109	GSE35978	BD	PARIETAL	M	35.0	23.0	6.3	k130	CC257_51210	True	True
GSE35978__HuGene-1_0-st-v1|CB	GSM878357	GSE35978__HuGene-1_0-st-v1|PARIETAL	GSM878482	0.21059824263937105	3.354588285785772	0.16229985082332202	GSE35978	SCZ	CB	M	25.0	32.0	6.6	k131	CC144_100909	GSE35978	SCZ	PARIETAL	M	25.0	32.0	6.6	k131	CC251_51110	True	True
GSE35978__HuGene-1_0-st-v1|CB	GSM878224	GSE53987__HG-U133_Plus_2|HPC	GSM1304883	0.18942864432817513	3.0696036384172314	0.1612215903952074	GSE35978	SCZ	CB	M	20.0	28.0	6.73	k8	CC11_102109	GSE53987	CTL	HPC	M	48.0	24.5	6.5	k31	control_hip_4	False	False
GSE35978__HuGene-1_0-st-v1|CB	GSM878235	GSE53987__HG-U133_Plus_2|HPC	GSM1304899	0.21592018221821113	3.498734414233116	0.1604590940190484	GSE35978	BD	CB	F	35.0	17.0	6.1	k19	CC22_103009	GSE53987	MDD	HPC	F	40.0	22.2	6.6	k47	MDD_hip_3	False	False
GSE35978__HuGene-1_0-st-v1|CB	GSM878237	GSE53987__HG-U133_Plus_2|HPC	GSM1304897	0.19005435560524334	3.0797394020289777	0.10627121117416698	GSE35978	SCZ	CB	M	50.0	10.0	6.1	k21	CC24_102309	GSE53987	MDD	HPC	M	42.0	14.3	6.4	k45	MDD_hip_1	False	False
GSE35978__HuGene-1_0-st-v1|CB	GSM878258	GSE53987__HG-U133_Plus_2|HPC	GSM1304873	0.18922495461293254	3.0663041121348917	0.14197771557681127	GSE35978	CTL	CB	M	45.0	21.0	6.81	k42	CC45_102309	GSE53987	CTL	HPC	F	65.0	18.5	6.5	k21	control_hip_13	False	True
GSE35978__HuGene-1_0-st-v1|CB	GSM878261	GSE53987__HG-U133_Plus_2|HPC	GSM1304909	0.22834406511116925	3.6999862451623455	0.13419240557407378	GSE35978	CTL	CB	M	40.0	37.0	6.91	k45	CC48_103009	GSE53987	SCZ	HPC	F	44.0	24.5	6.63	k57	schiz_hip_18	False	False
GSE35978__HuGene-1_0-st-v1|CB	GSM878298	GSE53987__HG-U133_Plus_2|HPC	GSM1304919	0.2055974066972049	3.3315179737874754	0.167151914495269	GSE35978	BD	CB	F	45.0	57.0	5.92	k80	CC85_103009	GSE53987	SCZ	HPC	M	52.0	27.1	6.68	k67	schiz_hip_9	False	False
GSE35978__HuGene-1_0-st-v1|CB	GSM878314	GSE53987__HG-U133_Plus_2|HPC	GSM1304904	0.20826118568061214	3.3746679617759625	0.13746911948710558	GSE35978	CTL	CB	F	35.0	40.0	5.8	k96	CC101_102309	GSE53987	MDD	HPC	M	51.0	28.3	7.3	k52	MDD_hip_9	False	False
GSE35978__HuGene-1_0-st-v1|CB	GSM878316	GSE53987__HG-U133_Plus_2|HPC	GSM1304908	0.1872970415558555	3.0350742594429416	0.13662008043600796	GSE35978	MDD	CB	M	45.0	28.0	6.4	k98	CC103_100909	GSE53987	SCZ	HPC	M	62.0	22.7	7.14	k56	schiz_hip_14	False	False
GSE35978__HuGene-1_0-st-v1|CB	GSM878338	GSE53987__HG-U133_Plus_2|HPC	GSM1304889	0.19025505636596385	3.0829905108740867	0.13783972621021234	GSE35978	CTL	CB	M	55.0	28.0	6.2	k113	CC125_102109	GSE53987	MDD	HPC	F	53.0	11.9	6.7	k37	MDD_hip_11	False	False
GSE35978__HuGene-1_0-st-v1|CB	GSM878225	GSE53987__HG-U133_Plus_2|PFC_BA46	GSM1304980	0.21770652143724942	3.582608595509753	0.18474232107858574	GSE35978	BD	CB	F	50.0	18.0	6.5	k9	CC12_102109	GSE53987	SCZ	PFC_BA46	F	46.0	23.8	6.61	k58	schiz_pfc_19	False	False
GSE35978__HuGene-1_0-st-v1|CB	GSM878250	GSE53987__HG-U133_Plus_2|PFC_BA46	GSM1304943	0.18547770073116265	3.052631229443034	0.12459088920623593	GSE35978	SCZ	CB	M	45.0	18.0	6.3	k34	CC37_111809	GSE53987	CTL	PFC_BA46	F	52.0	22.6	7.1	k24	control_pfc_16	False	False
GSE35978__HuGene-1_0-st-v1|CB	GSM878261	GSE53987__HG-U133_Plus_2|PFC_BA46	GSM1304955	0.22954110475710504	3.7772189212660927	0.17319304634281688	GSE35978	CTL	CB	M	40.0	37.0	6.91	k45	CC48_103009	GSE53987	CTL	PFC_BA46	M	46.0	22.0	6.3	k69	control_pfc_9	False	True
GSE35978__HuGene-1_0-st-v1|CB	GSM878263	GSE53987__HG-U133_Plus_2|PFC_BA46	GSM1304923	0.20859282881388921	3.432741156805801	0.1097399300270621	GSE35978	CTL	CB	F	45.0	10.0	6.2	k47	CC50_111809	GSE53987	BD	PFC_BA46	F	55.0	17.5	6.4	k3	bipolar_pfc_13	False	False
GSE35978__HuGene-1_0-st-v1|CB	GSM878265	GSE53987__HG-U133_Plus_2|PFC_BA46	GSM1304927	0.18876088986676934	3.1066206678483645	0.17399045344297775	GSE35978	BD	CB	F	65.0	32.0	6.97	k49	CC52_111109	GSE53987	BD	PFC_BA46	F	56.0	24.5	6.1	k68	bipolar_pfc_17	False	True
GSE35978__HuGene-1_0-st-v1|CB	GSM878269	GSE53987__HG-U133_Plus_2|PFC_BA46	GSM1304977	0.19899981585216422	3.27499167572911	0.12248715008568098	GSE35978	BD	CB	F	45.0	37.0	6.37	k52	CC56_102309	GSE53987	SCZ	PFC_BA46	M	62.0	22.7	7.14	k56	schiz_pfc_14	False	False
GSE35978__HuGene-1_0-st-v1|CB	GSM878277	GSE53987__HG-U133_Plus_2|PFC_BA46	GSM1304947	0.19044148708909384	3.134256754735601	0.12294806574169555	GSE35978	SCZ	CB	F	35.0	27.0	6.49	k59	CC63_102309	GSE53987	CTL	PFC_BA46	M	49.0	21.2	6.5	k28	control_pfc_1	False	False
GSE35978__HuGene-1_0-st-v1|CB	GSM878286	GSE53987__HG-U133_Plus_2|PFC_BA46	GSM1304979	0.2525430713584082	4.155467997919741	0.19238025330397707	GSE35978	CTL	CB	F	35.0	29.0	6.52	k68	CC73_111109	GSE53987	SCZ	PFC_BA46	F	44.0	24.5	6.63	k57	schiz_pfc_18	False	False
GSE35978__HuGene-1_0-st-v1|CB	GSM878297	GSE53987__HG-U133_Plus_2|PFC_BA46	GSM1304975	0.19578305268698185	3.222094559663618	0.14424251368477053	GSE35978	SCZ	CB	M	45.0	65.0	6.67	k79	CC84_111809	GSE53987	SCZ	PFC_BA46	F	25.0	20.1	6.73	k55	schiz_pfc_12	False	True
GSE35978__HuGene-1_0-st-v1|CB	GSM878316	GSE53987__HG-U133_Plus_2|PFC_BA46	GSM1304986	0.2205852093533497	3.6299463325438226	0.15010049497691055	GSE35978	MDD	CB	M	45.0	28.0	6.4	k98	CC103_100909	GSE53987	SCZ	PFC_BA46	F	44.0	18.7	6.2	k65	schiz_pfc_7	False	False
GSE35978__HuGene-1_0-st-v1|CB	GSM878319	GSE53987__HG-U133_Plus_2|PFC_BA46	GSM1304945	0.24102855446073737	3.9661209103359307	0.14371198773262917	GSE35978	MDD	CB	F	40.0	25.0	6.3	k100	CC106_102309	GSE53987	CTL	PFC_BA46	F	40.0	16.6	6.8	k26	control_pfc_18	False	False
GSE35978__HuGene-1_0-st-v1|CB	GSM878338	GSE53987__HG-U133_Plus_2|PFC_BA46	GSM1304936	0.2048057334554817	3.370465380679954	0.10060076123322943	GSE35978	CTL	CB	M	55.0	28.0	6.2	k113	CC125_102109	GSE53987	BD	PFC_BA46	M	48.0	18.1	6.9	k17	bipolar_pfc_9	False	False
GSE35978__HuGene-1_0-st-v1|CB	GSM878347	GSE53987__HG-U133_Plus_2|PFC_BA46	GSM1304972	0.204319689384915	3.3624727718699567	0.15297454369419322	GSE35978	CTL	CB	F	45.0	25.0	6.3	k122	CC134_100909	GSE53987	MDD	PFC_BA46	M	51.0	28.3	7.3	k52	MDD_pfc_9	False	False
GSE35978__HuGene-1_0-st-v1|CB	GSM878222	GSE53987__HG-U133_Plus_2|STR	GSM1305006	0.20188448420202962	3.244365765536341	0.17317238015636158	GSE35978	BD	CB	M	20.0	12.0	5.978	k6	CC9_100909	GSE53987	CTL	STR	M	48.0	21.68	6.6	k29	control_str_2	False	False
GSE35978__HuGene-1_0-st-v1|CB	GSM878241	GSE53987__HG-U133_Plus_2|STR	GSM1304989	0.22979400286030538	3.693259007996423	0.12779123483183255	GSE35978	SCZ	CB	M	45.0	26.0	6.42	k25	CC28_103009	GSE53987	BD	STR	M	40.0	18.5	6.4	k10	bipolar_str_2	False	False
GSE35978__HuGene-1_0-st-v1|CB	GSM878252	GSE53987__HG-U133_Plus_2|STR	GSM1305054	0.19825004210855846	3.185909848906338	0.1688378693552456	GSE35978	CTL	CB	M	35.0	52.0	6.7	k36	CC39_102309	GSE53987	SCZ	STR	F	47.0	20.1	7.3	k72	schiz_str_16	False	False
GSE35978__HuGene-1_0-st-v1|CB	GSM878276	GSE53987__HG-U133_Plus_2|STR	GSM1305027	0.19566427997545818	3.144320770915783	0.13139396286677574	GSE35978	SCZ	CB	F	35.0	27.0	6.49	k59	CC63_102109	GSE53987	MDD	STR	M	59.0	13.0	6.6	k49	MDD_str_6	False	False
GSE35978__HuGene-1_0-st-v1|CB	GSM878286	GSE53987__HG-U133_Plus_2|STR	GSM1305055	0.1933730551223848	3.1074689940688094	0.14351082041562355	GSE35978	CTL	CB	F	35.0	29.0	6.52	k68	CC73_111109	GSE53987	SCZ	STR	F	50.0	22.9	6.25	k74	schiz_str_17	False	False
GSE35978__HuGene-1_0-st-v1|CB	GSM878289	GSE53987__HG-U133_Plus_2|STR	GSM1305029	0.2065210310596238	3.318939411116087	0.09919381131649013	GSE35978	BD	CB	M	45.0	19.0	6.74	k71	CC76_103009	GSE53987	MDD	STR	M	34.0	24.4	6.6	k51	MDD_str_8	False	False
GSE35978__HuGene-1_0-st-v1|CB	GSM878290	GSE53987__HG-U133_Plus_2|STR	GSM1305000	0.2149138604261834	3.4539286394828754	0.14908948074251022	GSE35978	CTL	CB	M	50.0	49.0	6.75	k72	CC77_100909	GSE53987	BD	STR	F	55.0	17.5	6.4	k3	bipolar_str_13	False	False
GSE35978__HuGene-1_0-st-v1|CB	GSM878291	GSE53987__HG-U133_Plus_2|STR	GSM1305018	0.20871713990942348	3.3542613539432713	0.2076771504715408	GSE35978	SCZ	CB	F	45.0	30.0	6.47	k73	CC78_111109	GSE53987	CTL	STR	M	55.0	28.0	6.1	k22	control_str_14	False	False
GSE35978__HuGene-1_0-st-v1|CB	GSM878293	GSE53987__HG-U133_Plus_2|STR	GSM1305040	0.20463981379666865	3.288682145583153	0.1298093633897795	GSE35978	CTL	CB	M	30.0	13.0	6.57	k75	CC80_111109	GSE53987	SCZ	STR	M	46.0	15.8	6.19	k60	schiz_str_2	False	False
GSE35978__HuGene-1_0-st-v1|CB	GSM878306	GSE53987__HG-U133_Plus_2|STR	GSM1305003	0.19847189162269166	3.1894780490231796	0.09804526968334801	GSE35978	CTL	CB	M	50.0	24.0	6.91	k88	CC93_111809	GSE53987	BD	STR	F	56.0	24.5	6.1	k68	bipolar_str_17	False	False
GSE35978__HuGene-1_0-st-v1|CB	GSM878308	GSE53987__HG-U133_Plus_2|STR	GSM1305030	0.18795565245320706	3.0203361602978473	0.11823468060565002	GSE35978	MDD	CB	M	55.0	23.0	6.5	k90	CC95_100909	GSE53987	MDD	STR	M	51.0	28.3	7.3	k52	MDD_str_9	False	True
GSE35978__HuGene-1_0-st-v1|CB	GSM878309	GSE53987__HG-U133_Plus_2|STR	GSM1305043	0.20272913817013063	3.2579510753777634	0.14034378089984645	GSE35978	CTL	CB	M	50.0	22.0	6.2	k91	CC96_103009	GSE53987	SCZ	STR	M	37.0	5.98	6.07	k63	schiz_str_5	False	False
GSE35978__HuGene-1_0-st-v1|CB	GSM878235	GSE54567__HG-U133_Plus_2|PFC_BA9	GSM1319068	0.19976903668171353	3.2645965730685993	0.17426608516804612	GSE35978	BD	CB	F	35.0	17.0	6.1	k19	CC22_103009	GSE54567	MDD	PFC_BA9	M				Mpair11_MDD	MDD matched sample pair brain dorsolateral prefrontal cortex BA9_M #11	False	False
GSE35978__HuGene-1_0-st-v1|CB	GSM878242	GSE54567__HG-U133_Plus_2|PFC_BA9	GSM1319077	0.22200495855242938	3.626688751794234	0.1794318931080826	GSE35978	CTL	CB	M	55.0	28.0	6.0	k26	CC29_102109	GSE54567	MDD	PFC_BA9	M				Mpair30_MDD	MDD matched sample pair brain dorsolateral prefrontal cortex BA9_M #30	False	False
GSE35978__HuGene-1_0-st-v1|CB	GSM878260	GSE54567__HG-U133_Plus_2|PFC_BA9	GSM1319071	0.2016049093607892	3.294492124154558	0.18912749695301798	GSE35978	CTL	CB	F	35.0	24.0	6.87	k44	CC47_103009	GSE54567	MDD	PFC_BA9	M				Mpair20_MDD	MDD matched sample pair brain dorsolateral prefrontal cortex BA9_M #20	False	False
GSE35978__HuGene-1_0-st-v1|CB	GSM878280	GSE54567__HG-U133_Plus_2|PFC_BA9	GSM1319067	0.1859375649269813	3.03936337735168	0.1555111921501865	GSE35978	CTL	CB	M	55.0	31.0	6.7	k62	CC67_111109	GSE54567	MDD	PFC_BA9	M				Mpair7_MDD	MDD matched sample pair brain dorsolateral prefrontal cortex BA9_M #7	False	False
GSE35978__HuGene-1_0-st-v1|CB	GSM878235	GSE54568__HG-U133_Plus_2|PFC_BA9	GSM1319092	0.1842918074486771	3.049473823373099	0.1357720357556767	GSE35978	BD	CB	F	35.0	17.0	6.1	k19	CC22_103009	GSE54568	CTL	PFC_BA9	F				Fpair28_CTL	Control matched sample pair brain dorsolateral prefrontal cortex BA9_F #28	False	False
GSE35978__HuGene-1_0-st-v1|CB	GSM878248	GSE54568__HG-U133_Plus_2|PFC_BA9	GSM1319078	0.2174636092465189	3.599181505292279	0.1996380094621878	GSE35978	BD	CB	M	45.0	28.0	6.35	k32	CC35_111809	GSE54568	CTL	PFC_BA9	F				Fpair3_CTL	Control matched sample pair brain dorsolateral prefrontal cortex BA9_F #3	False	False
GSE35978__HuGene-1_0-st-v1|CB	GSM878281	GSE54568__HG-U133_Plus_2|PFC_BA9	GSM1319090	0.1875635913410476	3.103692305389126	0.140443174380115	GSE35978	CTL	CB	F	50.0	45.0	6.72	k63	CC68_111109	GSE54568	CTL	PFC_BA9	F				Fpair21_CTL	Control matched sample pair brain dorsolateral prefrontal cortex BA9_F #21	False	True
GSE35978__HuGene-1_0-st-v1|CB	GSM878310	GSE54568__HG-U133_Plus_2|PFC_BA9	GSM1319100	0.19283533091700908	3.191053123461177	0.1186314779649836	GSE35978	CTL	CB	M	50.0	28.0	6.5	k92	CC97_103009	GSE54568	MDD	PFC_BA9	F				Fpair13_MDD	MDD matched sample pair brain dorsolateral prefrontal cortex BA9_F #13	False	False
GSE35978__HuGene-1_0-st-v1|CB	GSM878232	GSE54571__HG-U133_Plus_2|ACC_BA25	GSM1319145	0.20546440853634887	3.319917583150608	0.15432872052444202	GSE35978	BD	CB	F	60.0	53.0	6.2	k16	CC19_102309	GSE54571	CTL	ACC_BA25	F				Fpair9_CTL	Control matched sample pair brain anterior cingulate cortex BA25_F #9	False	False
GSE35978__HuGene-1_0-st-v1|CB	GSM878291	GSE54571__HG-U133_Plus_2|ACC_BA25	GSM1319152	0.2009968467966546	3.2476119295867094	0.15623913898342806	GSE35978	SCZ	CB	F	45.0	30.0	6.47	k73	CC78_111109	GSE54571	CTL	ACC_BA25	F				Fpair19_CTL	Control matched sample pair brain anterior cingulate cortex BA25_F #19	False	False
GSE35978__HuGene-1_0-st-v1|CB	GSM878308	GSE54571__HG-U133_Plus_2|ACC_BA25	GSM1319159	0.202743949836334	3.2758880753879174	0.15381385438407957	GSE35978	MDD	CB	M	55.0	23.0	6.5	k90	CC95_100909	GSE54571	MDD	ACC_BA25	F				Fpair10_MDD	MDD matched sample pair brain anterior cingulate cortex BA25_F #10	False	True
GSE35978__HuGene-1_0-st-v1|CB	GSM878310	GSE54571__HG-U133_Plus_2|ACC_BA25	GSM1319161	0.19916407694753527	3.2179493016267315	0.16772375502317788	GSE35978	CTL	CB	M	50.0	28.0	6.5	k92	CC97_103009	GSE54571	MDD	ACC_BA25	F				Fpair13_MDD	MDD matched sample pair brain anterior cingulate cortex BA25_F #13	False	False
GSE35978__HuGene-1_0-st-v1|CB	GSM878238	GSE54572__HG-U133_Plus_2|ACC_BA25	GSM1319179	0.1834031386093758	3.0783277033279104	0.16887011812473418	GSE35978	SCZ	CB	M	25.0	15.0	6.2	k22	CC25_102309	GSE54572	CTL	ACC_BA25	M				Mpair30_CTL	Control matched sample pair brain anterior cingulate cortex BA25_M #30	False	False
GSE35978__HuGene-1_0-st-v1|CB	GSM878243	GSE54572__HG-U133_Plus_2|ACC_BA25	GSM1319175	0.19736539923799393	3.3119357509195635	0.19659434417328137	GSE35978	BD	CB	F	40.0	49.0	6.65	k27	CC30_103009	GSE54572	CTL	ACC_BA25	M				Mpair22_CTL	Control matched sample pair brain anterior cingulate cortex BA25_M #22	False	False
GSE35978__HuGene-1_0-st-v1|CB	GSM878298	GSE54572__HG-U133_Plus_2|ACC_BA25	GSM1319185	0.18400680511135498	3.0884278838556103	0.1818660956316529	GSE35978	BD	CB	F	45.0	57.0	5.92	k80	CC85_103009	GSE54572	MDD	ACC_BA25	M				Mpair18_MDD	MDD matched sample pair brain anterior cingulate cortex BA25_M #18	False	False
GSE35978__HuGene-1_0-st-v1|CB	GSM878311	GSE54572__HG-U133_Plus_2|ACC_BA25	GSM1319182	0.1865328933785686	3.130692855398858	0.1860424894667787	GSE35978	BD	CB	M	30.0	45.0	6.3	k93	CC98_103009	GSE54572	MDD	ACC_BA25	M				Mpair7_MDD	MDD matched sample pair brain anterior cingulate cortex BA25_M #7	False	False
GSE35978__HuGene-1_0-st-v1|CB	GSM878221	GSE92538__HG-U133A|PFC_DLPFC	GSM2432016	0.22615223659563588	3.678436865414343	0.17286934204624205	GSE35978	CTL	CB	M	45.0	36.0	6.57	k5	CC8_100909	GSE92538	CTL	PFC_DLPFC	M	50.0	29.0	6.6	106742	DLPFC_Male_Control_UMichigan_106742	False	True
GSE35978__HuGene-1_0-st-v1|CB	GSM878224	GSE92538__HG-U133A|PFC_DLPFC	GSM2431921	0.21027351985592965	3.4202183899190617	0.15755591299430938	GSE35978	SCZ	CB	M	20.0	28.0	6.73	k8	CC11_102109	GSE92538	MDD	PFC_DLPFC	M	49.0	36.5	7.0	101739	DLPFC_Male_MajorDepressiveDisorder_UMichigan_101739	False	False
GSE35978__HuGene-1_0-st-v1|CB	GSM878232	GSE92538__HG-U133A|PFC_DLPFC	GSM2431924	0.19007766948944482	3.0917950180275486	0.1611411438563836	GSE35978	BD	CB	F	60.0	53.0	6.2	k16	CC19_102309	GSE92538	CTL	PFC_DLPFC	M	58.0	26.0	7.02	101811	DLPFC_Male_Control_UMichigan_101811	False	False
GSE35978__HuGene-1_0-st-v1|CB	GSM878236	GSE92538__HG-U133A|PFC_DLPFC	GSM2431846	0.18565286064752423	3.019839115529353	0.15229895750886072	GSE35978	CTL	CB	M	55.0	9.0	6.4	k20	CC23_100909	GSE92538	CTL	PFC_DLPFC	F	64.0	27.0	6.15	108021	DLPFC_Female_Control_UCDavis_108021	False	True
GSE35978__HuGene-1_0-st-v1|CB	GSM878243	GSE92538__HG-U133A|PFC_DLPFC	GSM2432051	0.18979402182486615	3.087182361430297	0.13547096290943553	GSE35978	BD	CB	F	40.0	49.0	6.65	k27	CC30_103009	GSE92538	CTL	PFC_DLPFC	F	45.0	32.0	6.6	108634	DLPFC_Female_Control_UMichigan_108634	False	False
GSE35978__HuGene-1_0-st-v1|CB	GSM878244	GSE92538__HG-U133A|PFC_DLPFC	GSM2432056	0.18616668494935842	3.028194886972789	0.1421206705777648	GSE35978	BD	CB	F	60.0	35.0	6.5	k28	CC31_103009	GSE92538	CTL	PFC_DLPFC	F	78.0	26.25		108858	DLPFC_Female_Control_UMichigan_108858	False	False
GSE35978__HuGene-1_0-st-v1|CB	GSM878250	GSE92538__HG-U133A|PFC_DLPFC	GSM2431856	0.1962919805117375	3.192851667927812	0.1292210435126406	GSE35978	SCZ	CB	M	45.0	18.0	6.3	k34	CC37_111809	GSE92538	CTL	PFC_DLPFC	M	25.0	13.75	6.87	108632	DLPFC_Male_Control_UCDavis_108632	False	False
GSE35978__HuGene-1_0-st-v1|CB	GSM878251	GSE92538__HG-U133A|PFC_DLPFC	GSM2431978	0.18738498841348508	3.0480068445984796	0.18208934894902187	GSE35978	BD	CB	M	65.0	16.0	6.1	k35	CC38_111809	GSE92538	MDD	PFC_DLPFC	F	80.0	15.0	6.68	105080	DLPFC_Female_MajorDepressiveDisorder_UMichigan_105080	False	False
GSE35978__HuGene-1_0-st-v1|CB	GSM878252	GSE92538__HG-U133A|PFC_DLPFC	GSM2431762	0.18519906892881643	3.012459589354917	0.1254234582912332	GSE35978	CTL	CB	M	35.0	52.0	6.7	k36	CC39_102309	GSE92538	CTL	PFC_DLPFC	M	67.0	36.5		103068	DLPFC_Male_Control_UCDavis_103068	False	True
GSE35978__HuGene-1_0-st-v1|CB	GSM878256	GSE92538__HG-U133A|PFC_DLPFC	GSM2431859	0.2239804513692905	3.643119460397113	0.18471206401825485	GSE35978	SCZ	CB	M	45.0	32.0	6.67	k40	CC43_111109	GSE92538	CTL	PFC_DLPFC	M	60.0	30.0	6.8	108759	DLPFC_Male_Control_UCDavis_108759	False	False
GSE35978__HuGene-1_0-st-v1|CB	GSM878257	GSE92538__HG-U133A|PFC_DLPFC	GSM2431934	0.2051848856260556	3.337467409803304	0.20448049407013028	GSE35978	CTL	CB	M	35.0	22.0	6.48	k41	CC44_102309	GSE92538	CTL	PFC_DLPFC	F	70.0	20.5	6.63	102420	DLPFC_Female_Control_UMichigan_102420	False	True
GSE35978__HuGene-1_0-st-v1|CB	GSM878260	GSE92538__HG-U133A|PFC_DLPFC	GSM2431804	0.19002375807094687	3.0909183146689254	0.15098649673711825	GSE35978	CTL	CB	F	35.0	24.0	6.87	k44	CC47_103009	GSE92538	CTL	PFC_DLPFC	F	47.0	20.5	6.3	105976	DLPFC_Female_Control_UCDavis_105976	False	True
GSE35978__HuGene-1_0-st-v1|CB	GSM878261	GSE92538__HG-U133A|PFC_DLPFC	GSM2431731	0.21166338406606203	3.442820255256731	0.16745356720996174	GSE35978	CTL	CB	M	40.0	37.0	6.91	k45	CC48_103009	GSE92538	MDD	PFC_DLPFC	M	65.0	26.0	6.72	101674	DLPFC_Male_MajorDepressiveDisorder_UCDavis_101674	False	False
GSE35978__HuGene-1_0-st-v1|CB	GSM878264	GSE92538__HG-U133A|PFC_DLPFC	GSM2431783	0.22414900316596653	3.6458604368055423	0.17156370938311144	GSE35978	BD	CB	M	50.0	23.0	6.67	k48	CC51_111109	GSE92538	SCZ	PFC_DLPFC	M	48.0	19.5	6.24	104655	DLPFC_Male_Schizophrenia_UCDavis_104655	False	False
GSE35978__HuGene-1_0-st-v1|CB	GSM878267	GSE92538__HG-U133A|PFC_DLPFC	GSM2431955	0.21434284741220655	3.48639348297587	0.15873041522133163	GSE35978	BD	CB	F	30.0	62.0	6.74	k50	CC54_100909	GSE92538	SCZ	PFC_DLPFC	M	48.0	27.0	6.93	103311	DLPFC_Male_Schizophrenia_UMichigan_103311	False	False
GSE35978__HuGene-1_0-st-v1|CB	GSM878271	GSE92538__HG-U133A|PFC_DLPFC	GSM2432085	0.18817379773810977	3.060834401421867	0.18225805333063533	GSE35978	BD	CB	F	45.0	39.0	6.74	k54	CC58_111109	GSE92538	MDD	PFC_DLPFC	M	35.0	34.5	7.04	109899	DLPFC_Male_MajorDepressiveDisorder_UMichigan_109899	False	False
GSE35978__HuGene-1_0-st-v1|CB	GSM878273	GSE92538__HG-U133A|PFC_DLPFC	GSM2431768	0.2114217727579136	3.4388911906682496	0.1419239783366022	GSE35978	CTL	CB	M	50.0	23.0	6.93	k56	CC60_111809	GSE92538	SCZ	PFC_DLPFC	M	48.0	27.0	6.93	103311	DLPFC_Male_Schizophrenia_UCDavis_103311	False	False
GSE35978__HuGene-1_0-st-v1|CB	GSM878282	GSE92538__HG-U133A|PFC_DLPFC	GSM2431812	0.1985755580767813	3.229987031394957	0.15541494217566063	GSE35978	BD	CB	F	50.0	38.0	6.39	k64	CC69_111809	GSE92538	MDD	PFC_DLPFC	M	41.0	16.0		106256	DLPFC_Male_MajorDepressiveDisorder_UCDavis_106256	False	False
GSE35978__HuGene-1_0-st-v1|CB	GSM878283	GSE92538__HG-U133A|PFC_DLPFC	GSM2432057	0.22848941523088798	3.716443885379994	0.1802201988516951	GSE35978	SCZ	CB	M	55.0	38.0	6.17	k65	CC70_111109	GSE92538	BD	PFC_DLPFC	M	52.0	28.75	7.05	108923	DLPFC_Male_BipolarDisorder_r_UMichigan_108923	False	False
GSE35978__HuGene-1_0-st-v1|CB	GSM878288	GSE92538__HG-U133A|PFC_DLPFC	GSM2431977	0.18943601229592233	3.0813604378899964	0.143463844876744	GSE35978	CTL	CB	M	50.0	31.0	6.86	k70	CC75_100909	GSE92538	MDD	PFC_DLPFC	M	63.0	34.0	7.17	104851	DLPFC_Male_MajorDepressiveDisorder_UMichigan_104851	False	False
GSE35978__HuGene-1_0-st-v1|CB	GSM878291	GSE92538__HG-U133A|PFC_DLPFC	GSM2431821	0.23671739901771996	3.8502467275531806	0.1609473142784585	GSE35978	SCZ	CB	F	45.0	30.0	6.47	k73	CC78_111109	GSE92538	CTL	PFC_DLPFC	M	77.0	7.25	6.62	106679	DLPFC_Male_Control_UCDavis_106679	False	False
GSE35978__HuGene-1_0-st-v1|CB	GSM878293	GSE92538__HG-U133A|PFC_DLPFC	GSM2431870	0.20045643561871274	3.2605737179284078	0.18360582064183192	GSE35978	CTL	CB	M	30.0	13.0	6.57	k75	CC80_111109	GSE92538	CTL	PFC_DLPFC	M	54.0	11.0	6.97	109422	DLPFC_Male_Control_UCDavis_109422	False	True
GSE35978__HuGene-1_0-st-v1|CB	GSM878294	GSE92538__HG-U133A|PFC_DLPFC	GSM2431936	0.18663611826948337	3.0358287756715048	0.16188020447716417	GSE35978	CTL	CB	M	45.0	11.0	6.6	k76	CC81_111109	GSE92538	MDD	PFC_DLPFC	F	77.0	25.5	6.42	102432	DLPFC_Female_MajorDepressiveDisorder_UMichigan_102432	False	False
GSE35978__HuGene-1_0-st-v1|CB	GSM878297	GSE92538__HG-U133A|PFC_DLPFC	GSM2432008	0.19443285210239136	3.1626186641227316	0.18753083698178227	GSE35978	SCZ	CB	M	45.0	65.0	6.67	k79	CC84_111809	GSE92538	MDD	PFC_DLPFC	F	72.0	21.0	7.13	106355	DLPFC_Female_MajorDepressiveDisorder_UMichigan_106355	False	False
GSE35978__HuGene-1_0-st-v1|CB	GSM878299	GSE92538__HG-U133A|PFC_DLPFC	GSM2431986	0.18479162735211238	3.0058338056398624	0.15772061739319135	GSE35978	SCZ	CB	F	45.0	52.0	6.51	k81	CC86_103009	GSE92538	BD	PFC_DLPFC	M	59.0	21.0	6.99	105621	DLPFC_Male_BipolarDisorder_UMichigan_105621	False	False
GSE35978__HuGene-1_0-st-v1|CB	GSM878310	GSE92538__HG-U133A|PFC_DLPFC	GSM2431961	0.19155590811615633	3.115834021359171	0.16640310206933526	GSE35978	CTL	CB	M	50.0	28.0	6.5	k92	CC97_103009	GSE92538	CTL	PFC_DLPFC	M	54.0	25.0	6.61	103998	DLPFC_Male_Control_r_UMichigan_103998	False	True
GSE35978__HuGene-1_0-st-v1|CB	GSM878313	GSE92538__HG-U133A|PFC_DLPFC	GSM2431801	0.22559980159660936	3.669453209770297	0.22306917910928373	GSE35978	CTL	CB	F	35.0	23.0	6.6	k95	CC100_102109	GSE92538	CTL	PFC_DLPFC	M	18.0	22.0	6.97	105928	DLPFC_Male_Control_UCDavis_105928	False	True
GSE35978__HuGene-1_0-st-v1|CB	GSM878316	GSE92538__HG-U133A|PFC_DLPFC	GSM2431792	0.18754941956210436	3.050680811343805	0.18020934552045864	GSE35978	MDD	CB	M	45.0	28.0	6.4	k98	CC103_100909	GSE92538	MDD	PFC_DLPFC	M	39.0	28.0	6.79	105506	DLPFC_Male_MajorDepressiveDisorder_UCDavis_105506	False	True
GSE35978__HuGene-1_0-st-v1|CB	GSM878317	GSE92538__HG-U133A|PFC_DLPFC	GSM2431813	0.19125337356732075	3.1109142276966497	0.1875662671591087	GSE35978	MDD	CB	M	45.0	28.0	6.4	k98	CC103_111809	GSE92538	CTL	PFC_DLPFC	M	72.0	15.0	6.31	106293	DLPFC_Male_Control_UCDavis_106293	False	False
GSE35978__HuGene-1_0-st-v1|CB	GSM878327	GSE92538__HG-U133A|PFC_DLPFC	GSM2431939	0.21197616164836944	3.4479066203450732	0.16263158909913122	GSE35978	SCZ	CB	F	60.0	40.0	6.2	k107	CC114_102309	GSE92538	CTL	PFC_DLPFC	M	55.0	15.0	6.89	102475	DLPFC_Male_Control_UMichigan_102475	False	False
GSE35978__HuGene-1_0-st-v1|CB	GSM878328	GSE92538__HG-U133A|PFC_DLPFC	GSM2432092	0.19278039452865334	3.135746525617718	0.1408554584874617	GSE35978	SCZ	CB	M	30.0	32.0	5.8	k108	CC115_102309	GSE92538	CTL	PFC_DLPFC	F	57.0	16.5	6.61	109991	DLPFC_Female_Control_UMichigan_109991	False	False
GSE35978__HuGene-1_0-st-v1|CB	GSM878341	GSE92538__HG-U133A|PFC_DLPFC	GSM2431972	0.21172015967819202	3.4437435359128346	0.1708291912479413	GSE35978	SCZ	CB	M	60.0	31.0	6.2	k116	CC128_102109	GSE92538	SCZ	PFC_DLPFC	M	48.0	19.5	6.24	104655	DLPFC_Male_Schizophrenia_UMichigan_104655	False	True
GSE35978__HuGene-1_0-st-v1|CB	GSM878349	GSE92538__HG-U133A|PFC_DLPFC	GSM2431964	0.1897848144464992	3.087032631748472	0.15914772522372364	GSE35978	SCZ	CB	M	45.0	50.0	6.5	k124	CC136_100909	GSE92538	BD	PFC_DLPFC	M	73.0	10.5	6.62	104097	DLPFC_Male_BipolarDisorder_UMichigan_104097	False	False
GSE35978__HuGene-1_0-st-v1|CB	GSM878354	GSE92538__HG-U133A|PFC_DLPFC	GSM2431897	0.18651372422137527	3.0338384130351375	0.12640950371542592	GSE35978	CTL	CB	F	30.0	42.0	6.2	k128	CC140_111109	GSE92538	CTL	PFC_DLPFC	M	54.0	11.0	6.97	109422	DLPFC_Male_Control_UCIrvine_109422	False	True
GSE35978__HuGene-1_0-st-v1|CB	GSM878225	GSE92538__HG-U133_Plus_2|PFC_DLPFC	GSM2432021	0.18927530635409243	3.07891555932556	0.1843001361061262	GSE35978	BD	CB	F	50.0	18.0	6.5	k9	CC12_102109	GSE92538	CTL	PFC_DLPFC	M	56.0	20.3	7.14	106966	DLPFC_Male_Control_p_UMichigan_106966	False	False
GSE35978__HuGene-1_0-st-v1|CB	GSM878241	GSE92538__HG-U133_Plus_2|PFC_DLPFC	GSM2431864	0.20028688385384033	3.2576956326584225	0.16770135708642347	GSE35978	SCZ	CB	M	45.0	26.0	6.42	k25	CC28_103009	GSE92538	CTL	PFC_DLPFC	F	62.0	20.0	7.11	109103	DLPFC_Female_Control_p_UCDavis_109103	False	False
GSE35978__HuGene-1_0-st-v1|CB	GSM878242	GSE92538__HG-U133_Plus_2|PFC_DLPFC	GSM2431930	0.2118493126336064	3.4454191323295555	0.1734396168001335	GSE35978	CTL	CB	M	55.0	28.0	6.0	k26	CC29_102109	GSE92538	SCZ	PFC_DLPFC	M	42.0	8.5	7.04	102218	DLPFC_Male_Schizophrenia_p_UMichigan_102218	False	False
GSE35978__HuGene-1_0-st-v1|CB	GSM878264	GSE92538__HG-U133_Plus_2|PFC_DLPFC	GSM2431808	0.20305924780940698	3.3027067522089992	0.15955976416970086	GSE35978	BD	CB	M	50.0	23.0	6.67	k48	CC51_111109	GSE92538	CTL	PFC_DLPFC	F	73.0	20.0	7.21	106172	DLPFC_Female_Control_p_UCDavis_106172	False	False
GSE35978__HuGene-1_0-st-v1|CB	GSM878300	GSE92538__HG-U133_Plus_2|PFC_DLPFC	GSM2432042	0.21418754411568705	3.4833818307572018	0.14564039979749205	GSE35978	CTL	CB	M	40.0	38.0	6.67	k82	CC87_111109	GSE92538	BD	PFC_DLPFC	M	36.0	25.5		108104	DLPFC_Male_BipolarDisorder_p_UMichigan_108104	False	False
GSE35978__HuGene-1_0-st-v1|CB	GSM878306	GSE92538__HG-U133_Plus_2|PFC_DLPFC	GSM2431917	0.20195754826637535	3.2848199485154788	0.15343888121796506	GSE35978	CTL	CB	M	50.0	24.0	6.91	k88	CC93_111809	GSE92538	BD	PFC_DLPFC	F	59.0	27.0	6.55	101677	DLPFC_Female_BipolarDisorder_p_UMichigan_101677	False	False
GSE35978__HuGene-1_0-st-v1|CB	GSM878313	GSE92538__HG-U133_Plus_2|PFC_DLPFC	GSM2431876	0.20360527312476046	3.3115718258937394	0.1755628715171632	GSE35978	CTL	CB	F	35.0	23.0	6.6	k95	CC100_102109	GSE92538	MDD	PFC_DLPFC	M	36.0	36.0	6.87	109833	DLPFC_Male_MajorDepressiveDisorder_p_UCDavis_109833	False	False
GSE35978__HuGene-1_0-st-v1|CB	GSM878325	GSE92538__HG-U133_Plus_2|PFC_DLPFC	GSM2432083	0.19706972770143577	3.205463024490944	0.13085994067880224	GSE35978	BD	CB	F	60.0	60.0	6.5	k105	CC112_102309	GSE92538	CTL	PFC_DLPFC	M	32.0	10.0	7.04	109882	DLPFC_Male_Control_p_UMichigan_109882	False	False
GSE35978__HuGene-1_0-st-v1|CB	GSM878326	GSE92538__HG-U133_Plus_2|PFC_DLPFC	GSM2431829	0.2820082361122372	4.584494572224654	0.19181258632924847	GSE35978	BD	CB	M	50.0	19.0	6.2	k106	CC113_102309	GSE92538	CTL	PFC_DLPFC	M	56.0	20.3	7.14	106966	DLPFC_Male_Control_p_UCDavis_106966	False	False
GSE35978__HuGene-1_0-st-v1|CB	GSM878343	GSE92538__HG-U133_Plus_2|PFC_DLPFC	GSM2432055	0.22119885885984614	3.597215054393801	0.16755746420895123	GSE35978	MDD	CB	F	45.0	32.0	6.2	k118	CC130_111109	GSE92538	CTL	PFC_DLPFC	M	78.0	25.0	6.63	108778	DLPFC_Male_Control_p_UMichigan_108778	False	False
GSE35978__HuGene-1_0-st-v1|CB	GSM878344	GSE92538__HG-U133_Plus_2|PFC_DLPFC	GSM2431732	0.20647620190121393	3.358183208976638	0.18552153666153284	GSE35978	BD	CB	F	25.0	24.0	6.4	k119	CC131_100909	GSE92538	BD	PFC_DLPFC	F	59.0	27.0	6.55	101677	DLPFC_Female_BipolarDisorder_p_UCDavis_101677	False	True
GSE35978__HuGene-1_0-st-v1|CB	GSM878351	GSE92538__HG-U133_Plus_2|PFC_DLPFC	GSM2431724	0.20456843610044145	3.3272093989324514	0.15404147271591373	GSE35978	MDD	CB	M	65.0	19.0	6.2	k126	CC138_102109	GSE92538	CTL	PFC_DLPFC	M	77.0	23.0	6.76	101407	DLPFC_Male_Control_p_UCDavis_101407	False	False
GSE35978__HuGene-1_0-st-v1|PARIETAL	GSM878386	GSE35978__HuGene-1_0-st-v1|PARIETAL	GSM878411	0.22703754476999657	3.1709305190641968	0.14897373619094076	GSE35978	BD	PARIETAL	F	50.0	62.0	6.51	k60	CC155_40910	GSE35978	BD	PARIETAL	M	55.0	23.0	6.07	k132	CC180_40610	False	True
GSE35978__HuGene-1_0-st-v1|PARIETAL	GSM878391	GSE35978__HuGene-1_0-st-v1|PARIETAL	GSM878503	0.256493739130408	3.5708588837190454	0.20448162089631536	GSE35978	CTL	PARIETAL	M	50.0	23.0	6.93	k56	CC160_51110	GSE35978	BD	PARIETAL	M	50.0	13.0	6.1	k109	CC272_51210	False	False
GSE35978__HuGene-1_0-st-v1|PARIETAL	GSM878395	GSE35978__HuGene-1_0-st-v1|PARIETAL	GSM878499	0.32795392352926633	4.541077722408502	0.2515415187304945	GSE35978	CTL	PARIETAL	M	35.0	22.0	6.48	k41	CC164_40610	GSE35978	BD	PARIETAL	F	60.0	60.0	6.5	k105	CC268_51210	False	False
GSE35978__HuGene-1_0-st-v1|PARIETAL	GSM878396	GSE35978__HuGene-1_0-st-v1|PARIETAL	GSM878523	0.3207110438835831	4.442740748641688	0.21656251706699553	GSE35978	BD	PARIETAL	F	45.0	37.0	6.37	k52	CC165_51110	GSE35978	MDD	PARIETAL	F	30.0	47.0	6.0	k94	CC292_51310	False	False
GSE35978__HuGene-1_0-st-v1|PARIETAL	GSM878398	GSE35978__HuGene-1_0-st-v1|PARIETAL	GSM878525	0.2260650400484395	3.157726769178768	0.18238738264632962	GSE35978	SCZ	PARIETAL	M	50.0	16.0	6.52	k3	CC167_40610	GSE35978	MDD	PARIETAL	M	55.0	23.0	6.5	k90	CC294_51310	False	False
GSE35978__HuGene-1_0-st-v1|PARIETAL	GSM878406	GSE35978__HuGene-1_0-st-v1|PARIETAL	GSM878451	0.22382282562125833	3.127284101056193	0.2136316232816986	GSE35978	BD	PARIETAL	F	40.0	49.0	6.65	k27	CC175_40610	GSE35978	BD	PARIETAL	M	35.0	35.0	6.3	k13	CC220_40810	False	True
GSE35978__HuGene-1_0-st-v1|PARIETAL	GSM878412	GSE35978__HuGene-1_0-st-v1|PARIETAL	GSM878417	0.2803292781701901	3.894475303145526	0.17371032399827346	GSE35978	BD	PARIETAL	M	65.0	16.0	6.1	k35	CC181_40610	GSE35978	CTL	PARIETAL	M	50.0	24.0	6.91	k88	CC186_40710	False	False
GSE35978__HuGene-1_0-st-v1|PARIETAL	GSM878424	GSE35978__HuGene-1_0-st-v1|PARIETAL	GSM878437	0.23185777302952085	3.2363750222307526	0.19729190670411575	GSE35978	AMBIG	PARIETAL	M	40.0	39.0	6.6	k135	CC193_40710	GSE35978	BD	PARIETAL	F	45.0	57.0	5.92	k80	CC206_40710	False	False
GSE35978__HuGene-1_0-st-v1|PARIETAL	GSM878431	GSE35978__HuGene-1_0-st-v1|PARIETAL	GSM878483	0.23334310607146827	3.256541470318568	0.18334868574991223	GSE35978	CTL	PARIETAL	M	55.0	28.0	6.0	k26	CC200_40710	GSE35978	SCZ	PARIETAL	M	30.0	14.0	5.8	k144	CC252_51110	False	False
GSE35978__HuGene-1_0-st-v1|PARIETAL	GSM878452	GSE35978__HuGene-1_0-st-v1|PARIETAL	GSM878454	0.2277998250059462	3.1812800395909138	0.21313599473634615	GSE35978	CTL	PARIETAL	M	45.0	11.0	6.6	k76	CC221_40810	GSE35978	CTL	PARIETAL	M	30.0	13.0	6.57	k75	CC223_40810	False	True
GSE35978__HuGene-1_0-st-v1|PARIETAL	GSM878463	GSE35978__HuGene-1_0-st-v1|PARIETAL	GSM878527	0.2501929749891363	3.4853130637715317	0.14253172031956501	GSE35978	CTL	PARIETAL	M	50.0	49.0	6.75	k72	CC232_40810	GSE35978	MDD	PARIETAL	M	45.0	43.0	5.9	k155	CC296_51310	False	False
GSE35978__HuGene-1_0-st-v1|PARIETAL	GSM878465	GSE35978__HuGene-1_0-st-v1|PARIETAL	GSM878466	0.3750111720537699	5.17997656376238	0.15563761866208317	GSE35978	CTL	PARIETAL	M	50.0	31.0	6.86	k70	CC234_40810	GSE35978	CTL	PARIETAL	M	50.0	31.0	6.86	k70	CC234_40910	True	True
GSE35978__HuGene-1_0-st-v1|PARIETAL	GSM878475	GSE35978__HuGene-1_0-st-v1|PARIETAL	GSM878478	0.34544526172098466	4.7785585793395775	0.22623087116113808	GSE35978	BD	PARIETAL	F	40.0	28.0	6.44	k140	CC244_40910	GSE35978	CTL	PARIETAL	F	55.0	26.0	6.0	k110	CC247_51310	False	False
GSE35978__HuGene-1_0-st-v1|PARIETAL	GSM878480	GSE35978__HuGene-1_0-st-v1|PARIETAL	GSM878524	0.27238494544921243	3.7866146625447614	0.20845297795208684	GSE35978	BD	PARIETAL	F	35.0	29.0	6.5	k143	CC249_51110	GSE35978	BD	PARIETAL	M	30.0	56.0	5.8	k154	CC293_51310	False	True
GSE35978__HuGene-1_0-st-v1|PARIETAL	GSM878498	GSE35978__HuGene-1_0-st-v1|PARIETAL	GSM878518	0.2468964122977958	3.440555451501636	0.22489091911466969	GSE35978	SCZ	PARIETAL	F	30.0	60.0	6.2	k148	CC267_51210	GSE35978	SCZ	PARIETAL	F	50.0	38.0	6.2	k127	CC287_51310	False	True
GSE35978__HuGene-1_0-st-v1|PARIETAL	GSM878510	GSE35978__HuGene-1_0-st-v1|PARIETAL	GSM878520	0.2807618317566889	3.9003481068878365	0.17371032399827346	GSE35978	CTL	PARIETAL	M	60.0	27.0	6.0	k111	CC279_51110	GSE35978	BD	PARIETAL	M	55.0	39.0	5.8	k153	CC289_51310	False	False
GSE35978__HuGene-1_0-st-v1|PARIETAL	GSM878383	GSE53987__HG-U133_Plus_2|HPC	GSM1304869	0.2068818904076202	3.319889915858824	0.1797755219307724	GSE35978	BD	PARIETAL	F	50.0	38.0	6.39	k64	CC152_40910	GSE53987	BD	HPC	M	48.0	18.1	6.9	k17	bipolar_hip_9	False	True
GSE35978__HuGene-1_0-st-v1|PARIETAL	GSM878385	GSE53987__HG-U133_Plus_2|HPC	GSM1304901	0.19109701732248008	3.0672174804393784	0.14624006644098927	GSE35978	CTL	PARIETAL	M	55.0	31.0	6.7	k62	CC154_40910	GSE53987	MDD	HPC	M	59.0	13.0	6.6	k49	MDD_hip_6	False	False
GSE35978__HuGene-1_0-st-v1|PARIETAL	GSM878395	GSE53987__HG-U133_Plus_2|HPC	GSM1304912	0.2020319865516543	3.2422562844556873	0.1638874383538131	GSE35978	CTL	PARIETAL	M	35.0	22.0	6.48	k41	CC164_40610	GSE53987	SCZ	HPC	M	46.0	15.8	6.19	k60	schiz_hip_2	False	False
GSE35978__HuGene-1_0-st-v1|PARIETAL	GSM878398	GSE53987__HG-U133_Plus_2|HPC	GSM1304854	0.20995429038227403	3.369070595360723	0.13703920176178558	GSE35978	SCZ	PARIETAL	M	50.0	16.0	6.52	k3	CC167_40610	GSE53987	BD	HPC	F	28.0	22.3	6.3	k2	bipolar_hip_12	False	False
GSE35978__HuGene-1_0-st-v1|PARIETAL	GSM878401	GSE53987__HG-U133_Plus_2|HPC	GSM1304868	0.19555284115727417	3.1385429737813126	0.1513432119056141	GSE35978	CTL	PARIETAL	F	45.0	10.0	6.2	k47	CC170_51110	GSE53987	BD	HPC	M	39.0	24.2	6.6	k16	bipolar_hip_8	False	False
GSE35978__HuGene-1_0-st-v1|PARIETAL	GSM878409	GSE53987__HG-U133_Plus_2|HPC	GSM1304904	0.1996267465972751	3.2037550032757154	0.14062800862427371	GSE35978	CTL	PARIETAL	F	40.0	58.0	6.46	k89	CC178_40610	GSE53987	MDD	HPC	M	51.0	28.3	7.3	k52	MDD_hip_9	False	False
GSE35978__HuGene-1_0-st-v1|PARIETAL	GSM878421	GSE53987__HG-U133_Plus_2|HPC	GSM1304859	0.19339901000616067	3.10406605657718	0.15473683935534502	GSE35978	SCZ	PARIETAL	M	40.0	80.0	6.6	k30	CC190_40710	GSE53987	BD	HPC	F	42.0	31.2	6.5	k7	bipolar_hip_18	False	False
GSE35978__HuGene-1_0-st-v1|PARIETAL	GSM878428	GSE53987__HG-U133_Plus_2|HPC	GSM1304860	0.19016107508042074	3.052235617459707	0.13833337268996762	GSE35978	CTL	PARIETAL	F	40.0	33.0	6.0	k136	CC197_40710	GSE53987	BD	HPC	F	43.0	31.9	6.7	k8	bipolar_hip_19	False	False
GSE35978__HuGene-1_0-st-v1|PARIETAL	GSM878446	GSE53987__HG-U133_Plus_2|HPC	GSM1304853	0.19598344282076047	3.1454357229609795	0.15302544494359535	GSE35978	CTL	PARIETAL	M	45.0	31.0	6.67	k77	CC215_40810	GSE53987	BD	HPC	F	50.0	11.7	6.4	k1	bipolar_hip_11	False	False
GSE35978__HuGene-1_0-st-v1|PARIETAL	GSM878478	GSE53987__HG-U133_Plus_2|HPC	GSM1304864	0.19448620202123315	3.1214690127324336	0.16086240286444903	GSE35978	CTL	PARIETAL	F	55.0	26.0	6.0	k110	CC247_51310	GSE53987	BD	HPC	M	45.0	27.2	7.1	k12	bipolar_hip_4	False	False
GSE35978__HuGene-1_0-st-v1|PARIETAL	GSM878533	GSE53987__HG-U133_Plus_2|HPC	GSM1304871	0.2245532640861913	3.6027600409772242	0.1584077299199746	GSE35978	CTL	PARIETAL	M	45.0	10.0	6.4	k156	CC302_51310	GSE53987	CTL	HPC	F	51.0	7.8	6.6	k19	control_hip_11	False	True
GSE35978__HuGene-1_0-st-v1|PARIETAL	GSM878381	GSE53987__HG-U133_Plus_2|PFC_BA46	GSM1304981	0.1977943788056701	3.168413871581236	0.1601755678986141	GSE35978	SCZ	PARIETAL	M	55.0	38.0	6.17	k65	CC150_40910	GSE53987	SCZ	PFC_BA46	M	50.0	11.0	6.23	k59	schiz_pfc_1	False	True
GSE35978__HuGene-1_0-st-v1|PARIETAL	GSM878395	GSE53987__HG-U133_Plus_2|PFC_BA46	GSM1304963	0.1999803130157993	3.203410441099398	0.17880171707043377	GSE35978	CTL	PARIETAL	M	35.0	22.0	6.48	k41	CC164_40610	GSE53987	MDD	PFC_BA46	F	54.0	17.9	6.2	k43	MDD_pfc_17	False	False
GSE35978__HuGene-1_0-st-v1|PARIETAL	GSM878401	GSE53987__HG-U133_Plus_2|PFC_BA46	GSM1304929	0.1997022609296348	3.198958857370101	0.1696329492120041	GSE35978	CTL	PARIETAL	F	45.0	10.0	6.2	k47	CC170_51110	GSE53987	BD	PFC_BA46	M	40.0	18.5	6.4	k10	bipolar_pfc_2	False	False
GSE35978__HuGene-1_0-st-v1|PARIETAL	GSM878405	GSE53987__HG-U133_Plus_2|PFC_BA46	GSM1304939	0.1912890971751593	3.064265018535957	0.1380175886246938	GSE35978	BD	PARIETAL	M	60.0	84.0	6.65	k39	CC174_40610	GSE53987	CTL	PFC_BA46	F	36.0	14.5	6.4	k20	control_pfc_12	False	False
GSE35978__HuGene-1_0-st-v1|PARIETAL	GSM878420	GSE53987__HG-U133_Plus_2|PFC_BA46	GSM1304924	0.2506239280328521	4.0142092224088195	0.09530792578758181	GSE35978	CTL	PARIETAL	M	30.0	11.0	6.13	k87	CC189_40710	GSE53987	BD	PFC_BA46	M	58.0	27.7	6.8	k4	bipolar_pfc_14	False	False
GSE35978__HuGene-1_0-st-v1|PARIETAL	GSM878433	GSE53987__HG-U133_Plus_2|PFC_BA46	GSM1304952	0.19143607375773844	3.0666180976752733	0.18898984398359217	GSE35978	CTL	PARIETAL	M	50.0	31.0	6.7	k24	CC202_40710	GSE53987	CTL	PFC_BA46	M	68.0	11.8	6.8	k33	control_pfc_6	False	True
GSE35978__HuGene-1_0-st-v1|PARIETAL	GSM878440	GSE53987__HG-U133_Plus_2|PFC_BA46	GSM1304920	0.1880973579615681	3.013165620047799	0.17534854133226294	GSE35978	BD	PARIETAL	M	20.0	12.0	5.978	k6	CC209_40610	GSE53987	BD	PFC_BA46	M	52.0	23.5	6.7	k0	bipolar_pfc_10	False	True
GSE35978__HuGene-1_0-st-v1|PARIETAL	GSM878463	GSE53987__HG-U133_Plus_2|PFC_BA46	GSM1304923	0.20858833835234966	3.341223992718996	0.19680735881863806	GSE35978	CTL	PARIETAL	M	50.0	49.0	6.75	k72	CC232_40810	GSE53987	BD	PFC_BA46	F	55.0	17.5	6.4	k3	bipolar_pfc_13	False	False
GSE35978__HuGene-1_0-st-v1|PARIETAL	GSM878472	GSE53987__HG-U133_Plus_2|PFC_BA46	GSM1304979	0.19482819845796714	3.120925646061559	0.15611871025907426	GSE35978	CTL	PARIETAL	F	35.0	29.0	6.52	k68	CC241_40910	GSE53987	SCZ	PFC_BA46	F	44.0	24.5	6.63	k57	schiz_pfc_18	False	False
GSE35978__HuGene-1_0-st-v1|PARIETAL	GSM878496	GSE53987__HG-U133_Plus_2|PFC_BA46	GSM1304955	0.22308307917508888	3.5732832205311427	0.1465057558051487	GSE35978	SCZ	PARIETAL	M	45.0	29.0	5.9	k147	CC265_51210	GSE53987	CTL	PFC_BA46	M	46.0	22.0	6.3	k69	control_pfc_9	False	False
GSE35978__HuGene-1_0-st-v1|PARIETAL	GSM878507	GSE53987__HG-U133_Plus_2|PFC_BA46	GSM1304926	0.19669032462201183	3.15073808389688	0.13931612291262663	GSE35978	SCZ	PARIETAL	M	30.0	32.0	5.8	k108	CC276_51210	GSE53987	BD	PFC_BA46	F	49.0	21.5	6.7	k6	bipolar_pfc_16	False	False
GSE35978__HuGene-1_0-st-v1|PARIETAL	GSM878512	GSE53987__HG-U133_Plus_2|PFC_BA46	GSM1304987	0.23938033403211895	3.834200502449498	0.1655285985036198	GSE35978	SCZ	PARIETAL	F	60.0	26.0	6.1	k151	CC281_51310	GSE53987	SCZ	PFC_BA46	M	52.0	27.1	6.68	k67	schiz_pfc_9	False	True
GSE35978__HuGene-1_0-st-v1|PARIETAL	GSM878523	GSE53987__HG-U133_Plus_2|PFC_BA46	GSM1304945	0.19699764639071699	3.1556582720677304	0.17651005927184807	GSE35978	MDD	PARIETAL	F	30.0	47.0	6.0	k94	CC292_51310	GSE53987	CTL	PFC_BA46	F	40.0	16.6	6.8	k26	control_pfc_18	False	False
GSE35978__HuGene-1_0-st-v1|PARIETAL	GSM878376	GSE53987__HG-U133_Plus_2|STR	GSM1305033	0.19520332754922254	3.1234482163499933	0.12976426720254589	GSE35978	CTL	PARIETAL	M	45.0	21.0	6.81	k42	CC145_40610	GSE53987	MDD	STR	F	26.0	13.4	6.4	k38	MDD_str_12	False	False
GSE35978__HuGene-1_0-st-v1|PARIETAL	GSM878393	GSE53987__HG-U133_Plus_2|STR	GSM1305040	0.19641629719602244	3.1428452785998786	0.17138890627018388	GSE35978	BD	PARIETAL	F	45.0	39.0	6.74	k54	CC162_51110	GSE53987	SCZ	STR	M	46.0	15.8	6.19	k60	schiz_str_2	False	False
GSE35978__HuGene-1_0-st-v1|PARIETAL	GSM878410	GSE53987__HG-U133_Plus_2|STR	GSM1305025	0.1903650290512671	3.046077131759407	0.1475824953523944	GSE35978	CTL	PARIETAL	M	35.0	52.0	6.7	k36	CC179_40610	GSE53987	MDD	STR	M	47.0	24.0	6.6	k48	MDD_str_4	False	False
GSE35978__HuGene-1_0-st-v1|PARIETAL	GSM878431	GSE53987__HG-U133_Plus_2|STR	GSM1305004	0.19461396028187095	3.114023418620698	0.18075323867634635	GSE35978	CTL	PARIETAL	M	55.0	28.0	6.0	k26	CC200_40710	GSE53987	BD	STR	F	42.0	31.2	6.5	k7	bipolar_str_18	False	False
GSE35978__HuGene-1_0-st-v1|PARIETAL	GSM878437	GSE53987__HG-U133_Plus_2|STR	GSM1304992	0.1931083553290204	3.0899467130978304	0.14714784361685854	GSE35978	BD	PARIETAL	F	45.0	57.0	5.92	k80	CC206_40710	GSE53987	BD	STR	M	42.0	12.5	6.7	k13	bipolar_str_5	False	True
GSE35978__HuGene-1_0-st-v1|PARIETAL	GSM878459	GSE53987__HG-U133_Plus_2|STR	GSM1305005	0.19541597011097595	3.1268486650077048	0.16956534827386974	GSE35978	BD	PARIETAL	F	50.0	18.0	6.5	k9	CC228_40810	GSE53987	CTL	STR	M	49.0	21.2	6.5	k28	control_str_1	False	False
GSE35978__HuGene-1_0-st-v1|PARIETAL	GSM878468	GSE53987__HG-U133_Plus_2|STR	GSM1305048	0.1899380229656858	3.039248713880236	0.09991725356989835	GSE35978	SCZ	PARIETAL	F	45.0	52.0	6.51	k81	CC237_40910	GSE53987	SCZ	STR	M	49.0	21.5	5.97	k53	schiz_str_10	False	True
GSE35978__HuGene-1_0-st-v1|PARIETAL	GSM878476	GSE53987__HG-U133_Plus_2|STR	GSM1304989	0.19247905115830605	3.0798832690490343	0.14508066468255756	GSE35978	BD	PARIETAL	M	40.0	70.0	6.71	k141	CC245_40910	GSE53987	BD	STR	M	40.0	18.5	6.4	k10	bipolar_str_2	False	True
GSE35978__HuGene-1_0-st-v1|PARIETAL	GSM878487	GSE53987__HG-U133_Plus_2|STR	GSM1305026	0.19301607506107102	3.0884710239851043	0.1287341023037941	GSE35978	BD	PARIETAL	M	50.0	19.0	6.2	k106	CC256_51210	GSE53987	MDD	STR	M	44.0	11.0	6.5	k70	MDD_str_5	False	False
GSE35978__HuGene-1_0-st-v1|PARIETAL	GSM878508	GSE53987__HG-U133_Plus_2|STR	GSM1305010	0.19154308088259053	3.064915809846742	0.1399349209276977	GSE35978	SCZ	PARIETAL	M	35.0	35.0	6.5	k121	CC277_51210	GSE53987	CTL	STR	M	68.0	11.8	6.8	k33	control_str_6	False	False
GSE35978__HuGene-1_0-st-v1|PARIETAL	GSM878512	GSE53987__HG-U133_Plus_2|STR	GSM1305043	0.20693165282223533	3.3110003583246237	0.2017370873541746	GSE35978	SCZ	PARIETAL	F	60.0	26.0	6.1	k151	CC281_51310	GSE53987	SCZ	STR	M	37.0	5.98	6.07	k63	schiz_str_5	False	True
GSE35978__HuGene-1_0-st-v1|PARIETAL	GSM878526	GSE53987__HG-U133_Plus_2|STR	GSM1305042	0.2168738397923772	3.469989678517938	0.1074382907305675	GSE35978	BD	PARIETAL	M	55.0	19.0	6.2	k117	CC295_51310	GSE53987	SCZ	STR	M	47.0	28.9	6.58	k62	schiz_str_4	False	False
GSE35978__HuGene-1_0-st-v1|PARIETAL	GSM878376	GSE54567__HG-U133_Plus_2|PFC_BA9	GSM1319053	0.20315345074349764	3.3240498723143697	0.0727785584306599	GSE35978	CTL	PARIETAL	M	45.0	21.0	6.81	k42	CC145_40610	GSE54567	CTL	PFC_BA9	M				Mpair7_CTL	Control matched sample pair brain dorsolateral prefrontal cortex BA9_M #7	False	True
GSE35978__HuGene-1_0-st-v1|PARIETAL	GSM878438	GSE54567__HG-U133_Plus_2|PFC_BA9	GSM1319054	0.21759919923520066	3.558935339217037	0.11070319328046094	GSE35978	SCZ	PARIETAL	M	50.0	10.0	6.1	k21	CC207_40710	GSE54567	CTL	PFC_BA9	M				Mpair11_CTL	Control matched sample pair brain dorsolateral prefrontal cortex BA9_M #11	False	False
GSE35978__HuGene-1_0-st-v1|PARIETAL	GSM878453	GSE54567__HG-U133_Plus_2|PFC_BA9	GSM1319077	0.19927149375024739	3.2609298975079852	0.18233896946106962	GSE35978	SCZ	PARIETAL	F	55.0	13.0	6.49	k12	CC222_40810	GSE54567	MDD	PFC_BA9	M				Mpair30_MDD	MDD matched sample pair brain dorsolateral prefrontal cortex BA9_M #30	False	False
GSE35978__HuGene-1_0-st-v1|PARIETAL	GSM878478	GSE54567__HG-U133_Plus_2|PFC_BA9	GSM1319073	0.21977076580413227	3.594244650309272	0.1988879540995126	GSE35978	CTL	PARIETAL	F	55.0	26.0	6.0	k110	CC247_51310	GSE54567	MDD	PFC_BA9	M				Mpair25_MDD	MDD matched sample pair brain dorsolateral prefrontal cortex BA9_M #25	False	False
GSE35978__HuGene-1_0-st-v1|PARIETAL	GSM878522	GSE54567__HG-U133_Plus_2|PFC_BA9	GSM1319056	0.20774430730538626	3.398696436155747	0.19323784216728082	GSE35978	BD	PARIETAL	F	50.0	62.0	6.3	k114	CC291_51310	GSE54567	CTL	PFC_BA9	M				Mpair18_CTL	Control matched sample pair brain dorsolateral prefrontal cortex BA9_M #18	False	False
GSE35978__HuGene-1_0-st-v1|PARIETAL	GSM878529	GSE54567__HG-U133_Plus_2|PFC_BA9	GSM1319067	0.24301441105890345	3.9721824547312883	0.19042676959684257	GSE35978	MDD	PARIETAL	F	30.0	33.0	6.0	k97	CC298_51310	GSE54567	MDD	PFC_BA9	M				Mpair7_MDD	MDD matched sample pair brain dorsolateral prefrontal cortex BA9_M #7	False	True
GSE35978__HuGene-1_0-st-v1|PARIETAL	GSM878377	GSE54568__HG-U133_Plus_2|PFC_BA9	GSM1319080	0.18887048552874097	3.017569293689303	0.15138331512271483	GSE35978	BD	PARIETAL	M	45.0	28.0	6.35	k32	CC146_40910	GSE54568	CTL	PFC_BA9	F				Fpair6_CTL	Control matched sample pair brain dorsolateral prefrontal cortex BA9_F #6	False	False
GSE35978__HuGene-1_0-st-v1|PARIETAL	GSM878428	GSE54568__HG-U133_Plus_2|PFC_BA9	GSM1319102	0.21062497440538877	3.3670113759203826	0.14146971683795928	GSE35978	CTL	PARIETAL	F	40.0	33.0	6.0	k136	CC197_40710	GSE54568	MDD	PFC_BA9	F				Fpair16_MDD	MDD matched sample pair brain dorsolateral prefrontal cortex BA9_F #16	False	False
GSE35978__HuGene-1_0-st-v1|PARIETAL	GSM878509	GSE54568__HG-U133_Plus_2|PFC_BA9	GSM1319094	0.21874615369664782	3.4974617771134806	0.19369996361062936	GSE35978	CTL	PARIETAL	M	40.0	11.0	6.0	k150	CC278_51310	GSE54568	MDD	PFC_BA9	F				Fpair5_MDD	MDD matched sample pair brain dorsolateral prefrontal cortex BA9_F #5	False	False
GSE35978__HuGene-1_0-st-v1|PARIETAL	GSM878527	GSE54568__HG-U133_Plus_2|PFC_BA9	GSM1319090	0.20776334789192363	3.321045105092189	0.20551591926826315	GSE35978	MDD	PARIETAL	M	45.0	43.0	5.9	k155	CC296_51310	GSE54568	CTL	PFC_BA9	F				Fpair21_CTL	Control matched sample pair brain dorsolateral prefrontal cortex BA9_F #21	False	False
GSE35978__HuGene-1_0-st-v1|PARIETAL	GSM878408	GSE54571__HG-U133_Plus_2|ACC_BA25	GSM1319149	0.24523335209503966	3.869457355690428	0.22427296350512488	GSE35978	SCZ	PARIETAL	F	30.0	36.0	6.8	k37	CC177_40610	GSE54571	CTL	ACC_BA25	F				Fpair14_CTL	Control matched sample pair brain anterior cingulate cortex BA25_F #14	False	False
GSE35978__HuGene-1_0-st-v1|PARIETAL	GSM878529	GSE54571__HG-U133_Plus_2|ACC_BA25	GSM1319147	0.191319929306916	3.013253375421122	0.17537045894687633	GSE35978	MDD	PARIETAL	F	30.0	33.0	6.0	k97	CC298_51310	GSE54571	CTL	ACC_BA25	F				Fpair12_CTL	Control matched sample pair brain anterior cingulate cortex BA25_F #12	False	False
GSE35978__HuGene-1_0-st-v1|PARIETAL	GSM878422	GSE54572__HG-U133_Plus_2|ACC_BA25	GSM1319179	0.20757384028646855	3.1440292893746293	0.19122813351455736	GSE35978	SCZ	PARIETAL	M	40.0	19.0	6.48	k86	CC191_40710	GSE54572	CTL	ACC_BA25	M				Mpair30_CTL	Control matched sample pair brain anterior cingulate cortex BA25_M #30	False	False
GSE35978__HuGene-1_0-st-v1|PARIETAL	GSM878377	GSE92538__HG-U133A|PFC_DLPFC	GSM2431768	0.19690210858492202	3.0906742247201464	0.1676261986433386	GSE35978	BD	PARIETAL	M	45.0	28.0	6.35	k32	CC146_40910	GSE92538	SCZ	PFC_DLPFC	M	48.0	27.0	6.93	103311	DLPFC_Male_Schizophrenia_UCDavis_103311	False	False
GSE35978__HuGene-1_0-st-v1|PARIETAL	GSM878386	GSE92538__HG-U133A|PFC_DLPFC	GSM2432025	0.19970300447120495	3.134613652429697	0.1759521824022406	GSE35978	BD	PARIETAL	F	50.0	62.0	6.51	k60	CC155_40910	GSE92538	CTL	PFC_DLPFC	F	73.0	15.5	7.51	107131	DLPFC_Female_Control_UMichigan_107131	False	False
GSE35978__HuGene-1_0-st-v1|PARIETAL	GSM878391	GSE92538__HG-U133A|PFC_DLPFC	GSM2431856	0.20484856893370432	3.215335381085192	0.19060258369010943	GSE35978	CTL	PARIETAL	M	50.0	23.0	6.93	k56	CC160_51110	GSE92538	CTL	PFC_DLPFC	M	25.0	13.75	6.87	108632	DLPFC_Male_Control_UCDavis_108632	False	True
GSE35978__HuGene-1_0-st-v1|PARIETAL	GSM878396	GSE92538__HG-U133A|PFC_DLPFC	GSM2432031	0.22255950182679218	3.4931780025606	0.1892190538313962	GSE35978	BD	PARIETAL	F	45.0	37.0	6.37	k52	CC165_51110	GSE92538	BD	PFC_DLPFC	M	23.0	9.0	7.12	107366	DLPFC_Male_BipolarDisorder_UMichigan_107366	False	True
GSE35978__HuGene-1_0-st-v1|PARIETAL	GSM878397	GSE92538__HG-U133A|PFC_DLPFC	GSM2431898	0.21259289459143751	3.3368255225301753	0.17307463640692788	GSE35978	CTL	PARIETAL	M	45.0	18.0	6.81	k51	CC166_51110	GSE92538	CTL	PFC_DLPFC	M	43.0	26.0	7.1	109779	DLPFC_Male_Control_UCIrvine_109779	False	True
GSE35978__HuGene-1_0-st-v1|PARIETAL	GSM878400	GSE92538__HG-U133A|PFC_DLPFC	GSM2431938	0.21124188543066247	3.3156313861663294	0.1424566297803022	GSE35978	BD	PARIETAL	M	50.0	23.0	6.67	k48	CC169_51110	GSE92538	CTL	PFC_DLPFC	M	55.0	15.0	6.89	102475	DLPFC_Male_Control_r_UMichigan_102475	False	False
GSE35978__HuGene-1_0-st-v1|PARIETAL	GSM878409	GSE92538__HG-U133A|PFC_DLPFC	GSM2432008	0.1939115622944457	3.043759631005335	0.18472069156176998	GSE35978	CTL	PARIETAL	F	40.0	58.0	6.46	k89	CC178_40610	GSE92538	MDD	PFC_DLPFC	F	72.0	21.0	7.13	106355	DLPFC_Female_MajorDepressiveDisorder_UMichigan_106355	False	False
GSE35978__HuGene-1_0-st-v1|PARIETAL	GSM878411	GSE92538__HG-U133A|PFC_DLPFC	GSM2431841	0.20430796508696375	3.2068545861510804	0.17905193648726173	GSE35978	BD	PARIETAL	M	55.0	23.0	6.07	k132	CC180_40610	GSE92538	BD	PFC_DLPFC	F	39.0	23.5	6.44	107706	DLPFC_Female_BipolarDisorder_UCDavis_107706	False	True
GSE35978__HuGene-1_0-st-v1|PARIETAL	GSM878424	GSE92538__HG-U133A|PFC_DLPFC	GSM2431791	0.19157100020467932	3.0070417511131673	0.18241127654760964	GSE35978	AMBIG	PARIETAL	M	40.0	39.0	6.6	k135	CC193_40710	GSE92538	CTL	PFC_DLPFC	M	40.0	45.5	7.07	105476	DLPFC_Male_Control_UCDavis_105476	False	False
GSE35978__HuGene-1_0-st-v1|PARIETAL	GSM878429	GSE92538__HG-U133A|PFC_DLPFC	GSM2431949	0.20525907717181535	3.221775283810956	0.1942391950827542	GSE35978	SCZ	PARIETAL	M	45.0	9.0	5.9	k137	CC198_40710	GSE92538	SCZ	PFC_DLPFC	F	47.0	32.0	7.17	103037	DLPFC_Female_Schizophrenia_UMichigan_103037	False	True
GSE35978__HuGene-1_0-st-v1|PARIETAL	GSM878434	GSE92538__HG-U133A|PFC_DLPFC	GSM2432022	0.2168290296425837	3.403280456024597	0.20034221594721482	GSE35978	CTL	PARIETAL	M	35.0	13.0	6.5	k23	CC203_40710	GSE92538	BD	PFC_DLPFC	M	32.0	31.0	6.94	107029	DLPFC_Male_BipolarDisorder_UMichigan_107029	False	False
GSE35978__HuGene-1_0-st-v1|PARIETAL	GSM878435	GSE92538__HG-U133A|PFC_DLPFC	GSM2431796	0.2085156670991009	3.272863472554563	0.19503780386695316	GSE35978	CTL	PARIETAL	M	40.0	38.0	6.67	k82	CC204_40710	GSE92538	CTL	PFC_DLPFC	M	39.0	30.0	7.02	105669	DLPFC_Male_Control_UCDavis_105669	False	True
GSE35978__HuGene-1_0-st-v1|PARIETAL	GSM878437	GSE92538__HG-U133A|PFC_DLPFC	GSM2431771	0.22365138509235577	3.5103070668894314	0.21523007390463744	GSE35978	BD	PARIETAL	F	45.0	57.0	5.92	k80	CC206_40710	GSE92538	CTL	PFC_DLPFC	M	19.0	6.5	6.59	103984	DLPFC_Male_Control_UCDavis_103984	False	False
GSE35978__HuGene-1_0-st-v1|PARIETAL	GSM878439	GSE92538__HG-U133A|PFC_DLPFC	GSM2431723	0.21600862800984305	3.390410296012172	0.18058264242540525	GSE35978	CTL	PARIETAL	M	55.0	9.0	6.4	k20	CC208_40710	GSE92538	CTL	PFC_DLPFC	F	70.0	14.5		101309	DLPFC_Female_Control_UCDavis_101309	False	True
GSE35978__HuGene-1_0-st-v1|PARIETAL	GSM878440	GSE92538__HG-U133A|PFC_DLPFC	GSM2431749	0.21949282807342171	3.4450691491202026	0.2108014284997886	GSE35978	BD	PARIETAL	M	20.0	12.0	5.978	k6	CC209_40610	GSE92538	CTL	PFC_DLPFC	F	70.0	20.5	6.63	102420	DLPFC_Female_Control_UCDavis_102420	False	False
GSE35978__HuGene-1_0-st-v1|PARIETAL	GSM878446	GSE92538__HG-U133A|PFC_DLPFC	GSM2431804	0.19420028332079955	3.048288980606594	0.17096088182570213	GSE35978	CTL	PARIETAL	M	45.0	31.0	6.67	k77	CC215_40810	GSE92538	CTL	PFC_DLPFC	F	47.0	20.5	6.3	105976	DLPFC_Female_Control_UCDavis_105976	False	True
GSE35978__HuGene-1_0-st-v1|PARIETAL	GSM878452	GSE92538__HG-U133A|PFC_DLPFC	GSM2431821	0.24070813699867427	3.777887136901257	0.2382139563324268	GSE35978	CTL	PARIETAL	M	45.0	11.0	6.6	k76	CC221_40810	GSE92538	CTL	PFC_DLPFC	M	77.0	7.25	6.62	106679	DLPFC_Male_Control_UCDavis_106679	False	True
GSE35978__HuGene-1_0-st-v1|PARIETAL	GSM878459	GSE92538__HG-U133A|PFC_DLPFC	GSM2431934	0.23106297392737318	3.626577355058316	0.19618823446722602	GSE35978	BD	PARIETAL	F	50.0	18.0	6.5	k9	CC228_40810	GSE92538	CTL	PFC_DLPFC	F	70.0	20.5	6.63	102420	DLPFC_Female_Control_UMichigan_102420	False	False
GSE35978__HuGene-1_0-st-v1|PARIETAL	GSM878463	GSE92538__HG-U133A|PFC_DLPFC	GSM2431789	0.2078536434976231	3.2624778890269455	0.18900105645122697	GSE35978	CTL	PARIETAL	M	50.0	49.0	6.75	k72	CC232_40810	GSE92538	CTL	PFC_DLPFC	F	60.0	24.0	6.99	105141	DLPFC_Female_Control_UCDavis_105141	False	True
GSE35978__HuGene-1_0-st-v1|PARIETAL	GSM878465	GSE92538__HG-U133A|PFC_DLPFC	GSM2431847	0.21222826097170203	3.33110528399746	0.16096178880919187	GSE35978	CTL	PARIETAL	M	50.0	31.0	6.86	k70	CC234_40810	GSE92538	CTL	PFC_DLPFC	F	47.0	41.25	6.73	108030	DLPFC_Female_Control_UCDavis_108030	False	True
GSE35978__HuGene-1_0-st-v1|PARIETAL	GSM878470	GSE92538__HG-U133A|PFC_DLPFC	GSM2431878	0.19510825179026342	3.0625328570469654	0.13544202988759932	GSE35978	SCZ	PARIETAL	F	45.0	26.0	6.58	k69	CC239_40910	GSE92538	MDD	PFC_DLPFC	M	35.0	34.5	7.04	109899	DLPFC_Male_MajorDepressiveDisorder_UCDavis_109899	False	False
GSE35978__HuGene-1_0-st-v1|PARIETAL	GSM878476	GSE92538__HG-U133A|PFC_DLPFC	GSM2432013	0.22310310189890548	3.5017058011797864	0.19672322251094437	GSE35978	BD	PARIETAL	M	40.0	70.0	6.71	k141	CC245_40910	GSE92538	CTL	PFC_DLPFC	M	77.0	7.25	6.62	106679	DLPFC_Male_Control_UMichigan_106679	False	False
GSE35978__HuGene-1_0-st-v1|PARIETAL	GSM878477	GSE92538__HG-U133A|PFC_DLPFC	GSM2431810	0.20872501872499893	3.2761477041024305	0.20079033070796282	GSE35978	SCZ	PARIETAL	F	55.0	42.0	6.65	k67	CC246_40910	GSE92538	CTL	PFC_DLPFC	M	40.0	12.25	6.76	106229	DLPFC_Male_Control_r_p_UCDavis_106229	False	False
GSE35978__HuGene-1_0-st-v1|PARIETAL	GSM878479	GSE92538__HG-U133A|PFC_DLPFC	GSM2431879	0.1960805364566705	3.077785702403311	0.15094966091469228	GSE35978	BD	PARIETAL	F	50.0	18.0	6.1	k142	CC248_51110	GSE92538	MDD	PFC_DLPFC	M	47.0	29.0	7.25	109923	DLPFC_Male_MajorDepressiveDisorder_UCDavis_109923	False	False
GSE35978__HuGene-1_0-st-v1|PARIETAL	GSM878486	GSE92538__HG-U133A|PFC_DLPFC	GSM2432046	0.19988171858532988	3.137417253926177	0.1746017050320061	GSE35978	MDD	PARIETAL	M	50.0	26.0	6.3	k115	CC255_51210	GSE92538	CTL	PFC_DLPFC	M	64.0	27.5		108396	DLPFC_Male_Control_UMichigan_108396	False	False
GSE35978__HuGene-1_0-st-v1|PARIETAL	GSM878495	GSE92538__HG-U133A|PFC_DLPFC	GSM2431786	0.1917175455239104	3.0093407003501103	0.15725238096125682	GSE35978	BD	PARIETAL	M	30.0	28.0	6.3	k146	CC264_51210	GSE92538	BD	PFC_DLPFC	F	56.0	29.0	6.83	104808	DLPFC_Female_BipolarDisorder_UCDavis_104808	False	True
GSE35978__HuGene-1_0-st-v1|PARIETAL	GSM878497	GSE92538__HG-U133A|PFC_DLPFC	GSM2432032	0.204567370573502	3.210924044312317	0.13235292320988182	GSE35978	SCZ	PARIETAL	F	60.0	40.0	6.2	k107	CC266_51210	GSE92538	BD	PFC_DLPFC	M	63.0	54.75	6.87	107610	DLPFC_Male_BipolarDisorder_UMichigan_107610	False	False
GSE35978__HuGene-1_0-st-v1|PARIETAL	GSM878505	GSE92538__HG-U133A|PFC_DLPFC	GSM2432019	0.1996879527866033	3.1343775271203986	0.1415315017352402	GSE35978	SCZ	PARIETAL	F	55.0	12.0	6.4	k149	CC274_51210	GSE92538	BD	PFC_DLPFC	M	40.0	43.0	6.59	106851	DLPFC_Male_BipolarDisorder_UMichigan_106851	False	False
GSE35978__HuGene-1_0-st-v1|PARIETAL	GSM878507	GSE92538__HG-U133A|PFC_DLPFC	GSM2431738	0.1993478094221518	3.129041482733174	0.1876175748886422	GSE35978	SCZ	PARIETAL	M	30.0	32.0	5.8	k108	CC276_51210	GSE92538	CTL	PFC_DLPFC	M	45.0	21.0	6.86	101923	DLPFC_Male_Control_UCDavis_101923	False	False
GSE35978__HuGene-1_0-st-v1|PARIETAL	GSM878508	GSE92538__HG-U133A|PFC_DLPFC	GSM2432085	0.1943493320720243	3.0506272027667647	0.15374339769374562	GSE35978	SCZ	PARIETAL	M	35.0	35.0	6.5	k121	CC277_51210	GSE92538	MDD	PFC_DLPFC	M	35.0	34.5	7.04	109899	DLPFC_Male_MajorDepressiveDisorder_UMichigan_109899	False	False
GSE35978__HuGene-1_0-st-v1|PARIETAL	GSM878509	GSE92538__HG-U133A|PFC_DLPFC	GSM2432062	0.25480074681082115	3.9989668325487444	0.19437157117089798	GSE35978	CTL	PARIETAL	M	40.0	11.0	6.0	k150	CC278_51310	GSE92538	CTL	PFC_DLPFC	M	65.0	15.0	6.88	108925	DLPFC_Male_Control_UMichigan_108925	False	True
GSE35978__HuGene-1_0-st-v1|PARIETAL	GSM878510	GSE92538__HG-U133A|PFC_DLPFC	GSM2431918	0.2091745006894745	3.2831990123576014	0.19200711366539489	GSE35978	CTL	PARIETAL	M	60.0	27.0	6.0	k111	CC279_51110	GSE92538	BD	PFC_DLPFC	M	69.0	11.25	6.91	101690	DLPFC_Male_BipolarDisorder_r_UMichigan_101690	False	False
GSE35978__HuGene-1_0-st-v1|PARIETAL	GSM878511	GSE92538__HG-U133A|PFC_DLPFC	GSM2432051	0.23800282803080813	3.7354472417206814	0.16615432589220755	GSE35978	BD	PARIETAL	M	30.0	45.0	6.3	k93	CC280_51310	GSE92538	CTL	PFC_DLPFC	F	45.0	32.0	6.6	108634	DLPFC_Female_Control_UMichigan_108634	False	False
GSE35978__HuGene-1_0-st-v1|PARIETAL	GSM878516	GSE92538__HG-U133A|PFC_DLPFC	GSM2432006	0.21207582771382955	3.328713966937936	0.16852508500254876	GSE35978	MDD	PARIETAL	F	55.0	28.0	5.8	k152	CC285_51310	GSE92538	CTL	PFC_DLPFC	M	72.0	15.0	6.31	106293	DLPFC_Male_Control_UMichigan_106293	False	False
GSE35978__HuGene-1_0-st-v1|PARIETAL	GSM878527	GSE92538__HG-U133A|PFC_DLPFC	GSM2432007	0.23075959942874322	3.6218181271567165	0.2199591930067038	GSE35978	MDD	PARIETAL	M	45.0	43.0	5.9	k155	CC296_51310	GSE92538	MDD	PFC_DLPFC	F	72.0	21.0	7.13	106355	DLPFC_Female_MajorDepressiveDisorder_r_UMichigan_106355	False	True
GSE35978__HuGene-1_0-st-v1|PARIETAL	GSM878534	GSE92538__HG-U133A|PFC_DLPFC	GSM2431783	0.19720894283310306	3.095487727904178	0.19667929752228383	GSE35978	MDD	PARIETAL	F	40.0	25.0	6.3	k100	CC303_51110	GSE92538	SCZ	PFC_DLPFC	M	48.0	19.5	6.24	104655	DLPFC_Male_Schizophrenia_UCDavis_104655	False	False
GSE35978__HuGene-1_0-st-v1|PARIETAL	GSM878376	GSE92538__HG-U133_Plus_2|PFC_DLPFC	GSM2431764	0.1994240624409289	3.053923919232491	0.1352099081266004	GSE35978	CTL	PARIETAL	M	45.0	21.0	6.81	k42	CC145_40610	GSE92538	CTL	PFC_DLPFC	M	63.0	25.0	6.88	103166	DLPFC_Male_Control_p_UCDavis_103166	False	True
GSE35978__HuGene-1_0-st-v1|PARIETAL	GSM878384	GSE92538__HG-U133_Plus_2|PFC_DLPFC	GSM2431868	0.206340677266162	3.1598702263879486	0.14228734744673294	GSE35978	CTL	PARIETAL	F	50.0	45.0	6.72	k63	CC153_40910	GSE92538	SCZ	PFC_DLPFC	M	34.0	46.0	6.59	109371	DLPFC_Male_Schizophrenia_p_UCDavis_109371	False	False
GSE35978__HuGene-1_0-st-v1|PARIETAL	GSM878396	GSE92538__HG-U133_Plus_2|PFC_DLPFC	GSM2431781	0.2056376426016173	3.14910138521451	0.1933779178782805	GSE35978	BD	PARIETAL	F	45.0	37.0	6.37	k52	CC165_51110	GSE92538	SCZ	PFC_DLPFC	F	31.0	22.0	6.77	104344	DLPFC_Female_Schizophrenia_p_UCDavis_104344	False	False
GSE35978__HuGene-1_0-st-v1|PARIETAL	GSM878402	GSE92538__HG-U133_Plus_2|PFC_DLPFC	GSM2431778	0.20531145789415384	3.1441050009890557	0.1874433895557182	GSE35978	SCZ	PARIETAL	M	45.0	32.0	6.67	k40	CC171_40610	GSE92538	SCZ	PFC_DLPFC	M	50.0	6.25	6.81	104259	DLPFC_Male_Schizophrenia_p_UCDavis_104259	False	True
GSE35978__HuGene-1_0-st-v1|PARIETAL	GSM878406	GSE92538__HG-U133_Plus_2|PFC_DLPFC	GSM2431858	0.21096060993872165	3.230636752836534	0.19135170073556212	GSE35978	BD	PARIETAL	F	40.0	49.0	6.65	k27	CC175_40610	GSE92538	MDD	PFC_DLPFC	F	46.0	9.5	7.39	108700	DLPFC_Female_MajorDepressiveDisorder_p_UCDavis_108700	False	False
GSE35978__HuGene-1_0-st-v1|PARIETAL	GSM878422	GSE92538__HG-U133_Plus_2|PFC_DLPFC	GSM2431769	0.20673773917006535	3.165952282927689	0.15604779206432887	GSE35978	SCZ	PARIETAL	M	40.0	19.0	6.48	k86	CC191_40710	GSE92538	CTL	PFC_DLPFC	M	69.0	21.0	6.59	103610	DLPFC_Male_Control_p_UCDavis_103610	False	False
GSE35978__HuGene-1_0-st-v1|PARIETAL	GSM878424	GSE92538__HG-U133_Plus_2|PFC_DLPFC	GSM2432081	0.20069908483058838	3.07345427000931	0.1915074238915289	GSE35978	AMBIG	PARIETAL	M	40.0	39.0	6.6	k135	CC193_40710	GSE92538	MDD	PFC_DLPFC	M	36.0	36.0	6.87	109833	DLPFC_Male_MajorDepressiveDisorder_p_UMichigan_109833	False	False
GSE35978__HuGene-1_0-st-v1|PARIETAL	GSM878429	GSE92538__HG-U133_Plus_2|PFC_DLPFC	GSM2431747	0.20259771517300867	3.1025368311342825	0.15321328352219835	GSE35978	SCZ	PARIETAL	M	45.0	9.0	5.9	k137	CC198_40710	GSE92538	SCZ	PFC_DLPFC	M	59.0	35.75	6.42	102317	DLPFC_Male_Schizophrenia_p_UCDavis_102317	False	True
GSE35978__HuGene-1_0-st-v1|PARIETAL	GSM878437	GSE92538__HG-U133_Plus_2|PFC_DLPFC	GSM2431725	0.22392395899004355	3.429204837811321	0.12144575795296121	GSE35978	BD	PARIETAL	F	45.0	57.0	5.92	k80	CC206_40710	GSE92538	SCZ	PFC_DLPFC	M	45.0	20.0	7.05	101421	DLPFC_Male_Schizophrenia_p_UCDavis_101421	False	False
GSE35978__HuGene-1_0-st-v1|PARIETAL	GSM878442	GSE92538__HG-U133_Plus_2|PFC_DLPFC	GSM2431930	0.23465609092945408	3.5935959128698287	0.17115053433538	GSE35978	BD	PARIETAL	F	35.0	17.0	6.1	k19	CC211_40810	GSE92538	SCZ	PFC_DLPFC	M	42.0	8.5	7.04	102218	DLPFC_Male_Schizophrenia_p_UMichigan_102218	False	False
GSE35978__HuGene-1_0-st-v1|PARIETAL	GSM878452	GSE92538__HG-U133_Plus_2|PFC_DLPFC	GSM2432083	0.24615303461202018	3.7697021089671505	0.24059556193690013	GSE35978	CTL	PARIETAL	M	45.0	11.0	6.6	k76	CC221_40810	GSE92538	CTL	PFC_DLPFC	M	32.0	10.0	7.04	109882	DLPFC_Male_Control_p_UMichigan_109882	False	True
GSE35978__HuGene-1_0-st-v1|PARIETAL	GSM878460	GSE92538__HG-U133_Plus_2|PFC_DLPFC	GSM2431932	0.21419468719311574	3.2801752266154276	0.1931199050885718	GSE35978	SCZ	PARIETAL	F	45.0	30.0	6.47	k73	CC229_40810	GSE92538	CTL	PFC_DLPFC	M	64.0	10.5	7.13	102349	DLPFC_Male_Control_p_UMichigan_102349	False	False
GSE35978__HuGene-1_0-st-v1|PARIETAL	GSM878470	GSE92538__HG-U133_Plus_2|PFC_DLPFC	GSM2431910	0.2073566281497977	3.17543220968357	0.16204411503130978	GSE35978	SCZ	PARIETAL	F	45.0	26.0	6.58	k69	CC239_40910	GSE92538	CTL	PFC_DLPFC	M	77.0	23.0	6.76	101407	DLPFC_Male_Control_p_UMichigan_101407	False	False
GSE35978__HuGene-1_0-st-v1|PARIETAL	GSM878472	GSE92538__HG-U133_Plus_2|PFC_DLPFC	GSM2432018	0.2169611564828602	3.3225510437620085	0.19985670558515725	GSE35978	CTL	PARIETAL	F	35.0	29.0	6.52	k68	CC241_40910	GSE92538	CTL	PFC_DLPFC	M	63.0	22.7	7.25	106798	DLPFC_Male_Control_p_UMichigan_106798	False	True
GSE35978__HuGene-1_0-st-v1|PARIETAL	GSM878473	GSE92538__HG-U133_Plus_2|PFC_DLPFC	GSM2431724	0.21445842447079735	3.2842150627687525	0.13009885169445293	GSE35978	SCZ	PARIETAL	M	30.0	33.0	6.2	k61	CC242_40910	GSE92538	CTL	PFC_DLPFC	M	77.0	23.0	6.76	101407	DLPFC_Male_Control_p_UCDavis_101407	False	False
GSE35978__HuGene-1_0-st-v1|PARIETAL	GSM878478	GSE92538__HG-U133_Plus_2|PFC_DLPFC	GSM2431943	0.20877238726485153	3.1971183168113555	0.17231224056784306	GSE35978	CTL	PARIETAL	F	55.0	26.0	6.0	k110	CC247_51310	GSE92538	CTL	PFC_DLPFC	M	52.0	18.8	6.53	102579	DLPFC_Male_Control_p_UMichigan_102579	False	True
GSE35978__HuGene-1_0-st-v1|PARIETAL	GSM878491	GSE92538__HG-U133_Plus_2|PFC_DLPFC	GSM2431825	0.25289047814064874	3.8729039323392613	0.18577581874134447	GSE35978	SCZ	PARIETAL	M	30.0	19.0	6.1	k145	CC260_51110	GSE92538	SCZ	PFC_DLPFC	M	40.0	14.5	6.9	106753	DLPFC_Male_Schizophrenia_p_UCDavis_106753	False	True
GSE35978__HuGene-1_0-st-v1|PARIETAL	GSM878498	GSE92538__HG-U133_Plus_2|PFC_DLPFC	GSM2431904	0.2090154812286148	3.2008419458413457	0.1201884336783483	GSE35978	SCZ	PARIETAL	F	30.0	60.0	6.2	k148	CC267_51210	GSE92538	BD	PFC_DLPFC	F	51.0	16.8	6.81	101101	DLPFC_Female_BipolarDisorder_p_UMichigan_101101	False	False
GSE35978__HuGene-1_0-st-v1|PARIETAL	GSM878507	GSE92538__HG-U133_Plus_2|PFC_DLPFC	GSM2431757	0.19596842608824042	3.000991680024396	0.12603655868740474	GSE35978	SCZ	PARIETAL	M	30.0	32.0	5.8	k108	CC276_51210	GSE92538	CTL	PFC_DLPFC	M	30.0	18.2	7.15	102623	DLPFC_Male_Control_p_UCDavis_102623	False	False
GSE35978__HuGene-1_0-st-v1|PARIETAL	GSM878526	GSE92538__HG-U133_Plus_2|PFC_DLPFC	GSM2431984	0.20187832959189692	3.0915175322914985	0.1607381233675908	GSE35978	BD	PARIETAL	M	55.0	19.0	6.2	k117	CC295_51310	GSE92538	BD	PFC_DLPFC	M	33.0	23.5	6.41	105544	DLPFC_Male_BipolarDisorder_p_UMichigan_105544	False	True
GSE35978__HuGene-1_0-st-v1|PARIETAL	GSM878529	GSE92538__HG-U133_Plus_2|PFC_DLPFC	GSM2431729	0.2236696989986724	3.425310171442901	0.19131910941200625	GSE35978	MDD	PARIETAL	F	30.0	33.0	6.0	k97	CC298_51310	GSE92538	SCZ	PFC_DLPFC	F	32.0	29.0	6.55	101618	DLPFC_Female_Schizophrenia_p_UCDavis_101618	False	False
GSE53987__HG-U133_Plus_2|HPC	GSM1304852	GSE53987__HG-U133_Plus_2|HPC	GSM1304898	0.4593557864796587	4.532383734831679	0.3044587564268757	GSE53987	BD	HPC	M	52.0	23.5	6.7	k0	bipolar_hip_10	GSE53987	MDD	HPC	M	44.0	19.3	6.5	k46	MDD_hip_2	False	False
GSE53987__HG-U133_Plus_2|HPC	GSM1304857	GSE53987__HG-U133_Plus_2|HPC	GSM1304866	0.32571485180291654	3.2499092650443915	0.24258678306947234	GSE53987	BD	HPC	M	28.0	27.4	6.2	k5	bipolar_hip_15	GSE53987	BD	HPC	M	65.0	8.9	6.7	k14	bipolar_hip_6	False	True
GSE53987__HG-U133_Plus_2|HPC	GSM1304859	GSE53987__HG-U133_Plus_2|HPC	GSM1304918	0.45946678626221116	4.533448935308014	0.21036040998282396	GSE53987	BD	HPC	F	42.0	31.2	6.5	k7	bipolar_hip_18	GSE53987	SCZ	HPC	M	38.0	28.8	6.56	k66	schiz_hip_8	False	False
GSE53987__HG-U133_Plus_2|HPC	GSM1304870	GSE53987__HG-U133_Plus_2|HPC	GSM1304915	0.3093882126235106	3.0932319866665936	0.2023936438423542	GSE53987	CTL	HPC	M	51.0	24.2	6.6	k18	control_hip_10	GSE53987	SCZ	HPC	M	37.0	5.98	6.07	k63	schiz_hip_5	False	False
GSE53987__HG-U133_Plus_2|HPC	GSM1304907	GSE53987__HG-U133_Plus_2|HPC	GSM1304910	0.5161403087887807	5.07731183127659	0.324228371428287	GSE53987	SCZ	HPC	F	25.0	20.1	6.73	k55	schiz_hip_12	GSE53987	SCZ	HPC	F	46.0	23.8	6.61	k58	schiz_hip_19	False	True
GSE53987__HG-U133_Plus_2|HPC	GSM1304852	GSE53987__HG-U133_Plus_2|PFC_BA46	GSM1304920	0.3628760952446545	4.308378750656885	0.2746351850168087	GSE53987	BD	HPC	M	52.0	23.5	6.7	k0	bipolar_hip_10	GSE53987	BD	PFC_BA46	M	52.0	23.5	6.7	k0	bipolar_pfc_10	True	True
GSE53987__HG-U133_Plus_2|HPC	GSM1304853	GSE53987__HG-U133_Plus_2|PFC_BA46	GSM1304921	0.4607677660676378	5.458589828538966	0.1847018643157827	GSE53987	BD	HPC	F	50.0	11.7	6.4	k1	bipolar_hip_11	GSE53987	BD	PFC_BA46	F	50.0	11.7	6.4	k1	bipolar_pfc_11	True	True
GSE53987__HG-U133_Plus_2|HPC	GSM1304854	GSE53987__HG-U133_Plus_2|PFC_BA46	GSM1304922	0.5182524880398295	6.134025884186129	0.1722171338446782	GSE53987	BD	HPC	F	28.0	22.3	6.3	k2	bipolar_hip_12	GSE53987	BD	PFC_BA46	F	28.0	22.3	6.3	k2	bipolar_pfc_12	True	True
GSE53987__HG-U133_Plus_2|HPC	GSM1304856	GSE53987__HG-U133_Plus_2|PFC_BA46	GSM1304924	0.26272151190027077	3.1315788217672504	0.16781299982624737	GSE53987	BD	HPC	M	58.0	27.7	6.8	k4	bipolar_hip_14	GSE53987	BD	PFC_BA46	M	58.0	27.7	6.8	k4	bipolar_pfc_14	True	True
GSE53987__HG-U133_Plus_2|HPC	GSM1304857	GSE53987__HG-U133_Plus_2|PFC_BA46	GSM1304925	0.32105904630612886	3.8170352836482846	0.24253606953725573	GSE53987	BD	HPC	M	28.0	27.4	6.2	k5	bipolar_hip_15	GSE53987	BD	PFC_BA46	M	28.0	27.4	6.2	k5	bipolar_pfc_15	True	True
GSE53987__HG-U133_Plus_2|HPC	GSM1304858	GSE53987__HG-U133_Plus_2|PFC_BA46	GSM1304926	0.4244254892910899	5.031574036567951	0.23994929239569984	GSE53987	BD	HPC	F	49.0	21.5	6.7	k6	bipolar_hip_16	GSE53987	BD	PFC_BA46	F	49.0	21.5	6.7	k6	bipolar_pfc_16	True	True
GSE53987__HG-U133_Plus_2|HPC	GSM1304859	GSE53987__HG-U133_Plus_2|PFC_BA46	GSM1304973	0.3854366421581672	4.5734614769485304	0.19689778661143356	GSE53987	BD	HPC	F	42.0	31.2	6.5	k7	bipolar_hip_18	GSE53987	SCZ	PFC_BA46	M	49.0	21.5	5.97	k53	schiz_pfc_10	False	False
GSE53987__HG-U133_Plus_2|HPC	GSM1304861	GSE53987__HG-U133_Plus_2|PFC_BA46	GSM1304928	0.42488165280295714	5.036933883021324	0.16603949563780335	GSE53987	BD	HPC	M	50.0	12.1	6.7	k9	bipolar_hip_1	GSE53987	BD	PFC_BA46	M	50.0	12.1	6.7	k9	bipolar_pfc_1	True	True
GSE53987__HG-U133_Plus_2|HPC	GSM1304862	GSE53987__HG-U133_Plus_2|PFC_BA46	GSM1304929	0.42271959210575333	5.011530024408326	0.17623040859078246	GSE53987	BD	HPC	M	40.0	18.5	6.4	k10	bipolar_hip_2	GSE53987	BD	PFC_BA46	M	40.0	18.5	6.4	k10	bipolar_pfc_2	True	True
GSE53987__HG-U133_Plus_2|HPC	GSM1304863	GSE53987__HG-U133_Plus_2|PFC_BA46	GSM1304930	0.3646284678539447	4.328968841425971	0.18625885164632117	GSE53987	BD	HPC	F	39.0	22.2	6.7	k11	bipolar_hip_3	GSE53987	BD	PFC_BA46	F	39.0	22.2	6.7	k11	bipolar_pfc_3	True	True
GSE53987__HG-U133_Plus_2|HPC	GSM1304864	GSE53987__HG-U133_Plus_2|PFC_BA46	GSM1304931	0.4903362422120096	5.806014573988949	0.2012470808930748	GSE53987	BD	HPC	M	45.0	27.2	7.1	k12	bipolar_hip_4	GSE53987	BD	PFC_BA46	M	45.0	27.2	7.1	k12	bipolar_pfc_4	True	True
GSE53987__HG-U133_Plus_2|HPC	GSM1304865	GSE53987__HG-U133_Plus_2|PFC_BA46	GSM1304932	0.48977248139777907	5.799390476878824	0.15832198388168495	GSE53987	BD	HPC	M	42.0	12.5	6.7	k13	bipolar_hip_5	GSE53987	BD	PFC_BA46	M	42.0	12.5	6.7	k13	bipolar_pfc_5	True	True
GSE53987__HG-U133_Plus_2|HPC	GSM1304866	GSE53987__HG-U133_Plus_2|PFC_BA46	GSM1304933	0.4229797979708623	5.014587400649451	0.23727454560904856	GSE53987	BD	HPC	M	65.0	8.9	6.7	k14	bipolar_hip_6	GSE53987	BD	PFC_BA46	M	65.0	8.9	6.7	k14	bipolar_pfc_6	True	True
GSE53987__HG-U133_Plus_2|HPC	GSM1304867	GSE53987__HG-U133_Plus_2|PFC_BA46	GSM1304934	0.4594880820991104	5.443553751777645	0.1730958035537837	GSE53987	BD	HPC	F	51.0	21.5	6.7	k15	bipolar_hip_7	GSE53987	BD	PFC_BA46	F	51.0	21.5	6.7	k15	bipolar_pfc_7	True	True
GSE53987__HG-U133_Plus_2|HPC	GSM1304868	GSE53987__HG-U133_Plus_2|PFC_BA46	GSM1304935	0.35818584676745474	4.2532691002531235	0.1620399812074109	GSE53987	BD	HPC	M	39.0	24.2	6.6	k16	bipolar_hip_8	GSE53987	BD	PFC_BA46	M	39.0	24.2	6.6	k16	bipolar_pfc_8	True	True
GSE53987__HG-U133_Plus_2|HPC	GSM1304869	GSE53987__HG-U133_Plus_2|PFC_BA46	GSM1304936	0.5188375059447701	6.140899748625922	0.2628763043769697	GSE53987	BD	HPC	M	48.0	18.1	6.9	k17	bipolar_hip_9	GSE53987	BD	PFC_BA46	M	48.0	18.1	6.9	k17	bipolar_pfc_9	True	True
GSE53987__HG-U133_Plus_2|HPC	GSM1304870	GSE53987__HG-U133_Plus_2|PFC_BA46	GSM1304937	0.5041133909825408	5.967893812582698	0.23526974759493982	GSE53987	CTL	HPC	M	51.0	24.2	6.6	k18	control_hip_10	GSE53987	CTL	PFC_BA46	M	51.0	24.2	6.6	k18	control_pfc_10	True	True
GSE53987__HG-U133_Plus_2|HPC	GSM1304871	GSE53987__HG-U133_Plus_2|PFC_BA46	GSM1304938	0.5766711467295322	6.8204355430979104	0.3288788547590148	GSE53987	CTL	HPC	F	51.0	7.8	6.6	k19	control_hip_11	GSE53987	CTL	PFC_BA46	F	51.0	7.8	6.6	k19	control_pfc_11	True	True
GSE53987__HG-U133_Plus_2|HPC	GSM1304872	GSE53987__HG-U133_Plus_2|PFC_BA46	GSM1304939	0.4030350040409161	4.7802393429297805	0.13353601394374895	GSE53987	CTL	HPC	F	36.0	14.5	6.4	k20	control_hip_12	GSE53987	CTL	PFC_BA46	F	36.0	14.5	6.4	k20	control_pfc_12	True	True
GSE53987__HG-U133_Plus_2|HPC	GSM1304873	GSE53987__HG-U133_Plus_2|PFC_BA46	GSM1304940	0.5201773532887879	6.156642735182428	0.20835227208841964	GSE53987	CTL	HPC	F	65.0	18.5	6.5	k21	control_hip_13	GSE53987	CTL	PFC_BA46	F	65.0	18.5	6.5	k21	control_pfc_13	True	True
GSE53987__HG-U133_Plus_2|HPC	GSM1304874	GSE53987__HG-U133_Plus_2|PFC_BA46	GSM1304941	0.49553306976025113	5.8670764453982045	0.18390168157254438	GSE53987	CTL	HPC	M	55.0	28.0	6.1	k22	control_hip_14	GSE53987	CTL	PFC_BA46	M	55.0	28.0	6.1	k22	control_pfc_14	True	True
GSE53987__HG-U133_Plus_2|HPC	GSM1304875	GSE53987__HG-U133_Plus_2|PFC_BA46	GSM1304942	0.27034129542077756	3.2211100284845076	0.1355669604141512	GSE53987	CTL	HPC	M	22.0	20.1	6.8	k23	control_hip_15	GSE53987	CTL	PFC_BA46	M	22.0	20.1	6.8	k23	control_pfc_15	True	True
GSE53987__HG-U133_Plus_2|HPC	GSM1304876	GSE53987__HG-U133_Plus_2|PFC_BA46	GSM1304943	0.35766349919383783	4.247131601928415	0.149927266144418	GSE53987	CTL	HPC	F	52.0	22.6	7.1	k24	control_hip_16	GSE53987	CTL	PFC_BA46	F	52.0	22.6	7.1	k24	control_pfc_16	True	True
GSE53987__HG-U133_Plus_2|HPC	GSM1304877	GSE53987__HG-U133_Plus_2|PFC_BA46	GSM1304944	0.4461687395788114	5.287053661543647	0.1193356243537457	GSE53987	CTL	HPC	F	58.0	22.7	6.4	k25	control_hip_17	GSE53987	CTL	PFC_BA46	F	58.0	22.7	6.4	k25	control_pfc_17	True	True
GSE53987__HG-U133_Plus_2|HPC	GSM1304878	GSE53987__HG-U133_Plus_2|PFC_BA46	GSM1304945	0.5115955819696825	6.055808329598166	0.22171693562943837	GSE53987	CTL	HPC	F	40.0	16.6	6.8	k26	control_hip_18	GSE53987	CTL	PFC_BA46	F	40.0	16.6	6.8	k26	control_pfc_18	True	True
GSE53987__HG-U133_Plus_2|HPC	GSM1304879	GSE53987__HG-U133_Plus_2|PFC_BA46	GSM1304946	0.42234346762917796	5.007110623493186	0.16025764235235748	GSE53987	CTL	HPC	F	41.0	15.4	6.6	k27	control_hip_19	GSE53987	CTL	PFC_BA46	F	41.0	15.4	6.6	k27	control_pfc_19	True	True
GSE53987__HG-U133_Plus_2|HPC	GSM1304880	GSE53987__HG-U133_Plus_2|PFC_BA46	GSM1304947	0.5361210593516551	6.343978666644536	0.1056938223989284	GSE53987	CTL	HPC	M	49.0	21.2	6.5	k28	control_hip_1	GSE53987	CTL	PFC_BA46	M	49.0	21.2	6.5	k28	control_pfc_1	True	True
GSE53987__HG-U133_Plus_2|HPC	GSM1304881	GSE53987__HG-U133_Plus_2|PFC_BA46	GSM1304948	0.4362140588228661	5.170087795234421	0.24723453488929867	GSE53987	CTL	HPC	M	48.0	21.68	6.6	k29	control_hip_2	GSE53987	CTL	PFC_BA46	M	48.0	21.68	6.6	k29	control_pfc_2	True	True
GSE53987__HG-U133_Plus_2|HPC	GSM1304882	GSE53987__HG-U133_Plus_2|PFC_BA46	GSM1304949	0.5537726290510228	6.551381715744945	0.20916300235707289	GSE53987	CTL	HPC	F	39.0	24.5	6.8	k30	control_hip_3	GSE53987	CTL	PFC_BA46	F	39.0	24.5	6.8	k30	control_pfc_3	True	True
GSE53987__HG-U133_Plus_2|HPC	GSM1304883	GSE53987__HG-U133_Plus_2|PFC_BA46	GSM1304950	0.3931913730073222	4.664578292645968	0.14575133736370488	GSE53987	CTL	HPC	M	48.0	24.5	6.5	k31	control_hip_4	GSE53987	CTL	PFC_BA46	M	48.0	24.5	6.5	k31	control_pfc_4	True	True
GSE53987__HG-U133_Plus_2|HPC	GSM1304884	GSE53987__HG-U133_Plus_2|PFC_BA46	GSM1304951	0.5568170666538579	6.5871533582888135	0.24895210392135556	GSE53987	CTL	HPC	M	43.0	13.8	6.6	k32	control_hip_5	GSE53987	CTL	PFC_BA46	M	43.0	13.8	6.6	k32	control_pfc_5	True	True
GSE53987__HG-U133_Plus_2|HPC	GSM1304885	GSE53987__HG-U133_Plus_2|PFC_BA46	GSM1304952	0.41950321690083986	4.973738143237899	0.18727377007015594	GSE53987	CTL	HPC	M	68.0	11.8	6.8	k33	control_hip_6	GSE53987	CTL	PFC_BA46	M	68.0	11.8	6.8	k33	control_pfc_6	True	True
GSE53987__HG-U133_Plus_2|HPC	GSM1304886	GSE53987__HG-U133_Plus_2|PFC_BA46	GSM1304953	0.48950658188973584	5.796266201266982	0.196299001737207	GSE53987	CTL	HPC	F	58.0	18.8	6.6	k34	control_hip_7	GSE53987	CTL	PFC_BA46	F	58.0	18.8	6.6	k34	control_pfc_7	True	True
GSE53987__HG-U133_Plus_2|HPC	GSM1304887	GSE53987__HG-U133_Plus_2|PFC_BA46	GSM1304954	0.4113828763397114	4.878325473384967	0.14359242995217458	GSE53987	CTL	HPC	M	43.0	22.3	6.7	k35	control_hip_8	GSE53987	CTL	PFC_BA46	M	43.0	22.3	6.7	k35	control_pfc_8	True	True
GSE53987__HG-U133_Plus_2|HPC	GSM1304888	GSE53987__HG-U133_Plus_2|PFC_BA46	GSM1304956	0.48117742226921895	5.698399941712678	0.1633229747759211	GSE53987	MDD	HPC	M	51.0	24.6	6.5	k36	MDD_hip_10	GSE53987	MDD	PFC_BA46	M	51.0	24.6	6.5	k36	MDD_pfc_10	True	True
GSE53987__HG-U133_Plus_2|HPC	GSM1304889	GSE53987__HG-U133_Plus_2|PFC_BA46	GSM1304968	0.5334210723998285	6.312254262759922	0.14040748630153727	GSE53987	MDD	HPC	F	53.0	11.9	6.7	k37	MDD_hip_11	GSE53987	MDD	PFC_BA46	M	44.0	11.0	6.5	k70	MDD_pfc_5	False	True
GSE53987__HG-U133_Plus_2|HPC	GSM1304890	GSE53987__HG-U133_Plus_2|PFC_BA46	GSM1304958	0.46862701792882977	5.550934748986334	0.22166931827712172	GSE53987	MDD	HPC	F	26.0	13.4	6.4	k38	MDD_hip_12	GSE53987	MDD	PFC_BA46	F	26.0	13.4	6.4	k38	MDD_pfc_12	True	True
GSE53987__HG-U133_Plus_2|HPC	GSM1304891	GSE53987__HG-U133_Plus_2|PFC_BA46	GSM1304959	0.5514833129210891	6.524482626667332	0.22534167392272886	GSE53987	MDD	HPC	F	52.0	10.3	6.5	k39	MDD_hip_13	GSE53987	MDD	PFC_BA46	F	52.0	10.3	6.5	k39	MDD_pfc_13	True	True
GSE53987__HG-U133_Plus_2|HPC	GSM1304892	GSE53987__HG-U133_Plus_2|PFC_BA46	GSM1304971	0.4775297131515109	5.655539957805914	0.20290789231600542	GSE53987	MDD	HPC	M	62.0	26.0	6.5	k40	MDD_hip_14	GSE53987	MDD	PFC_BA46	M	34.0	24.4	6.6	k51	MDD_pfc_8	False	True
GSE53987__HG-U133_Plus_2|HPC	GSM1304894	GSE53987__HG-U133_Plus_2|PFC_BA46	GSM1304962	0.43970723685524266	5.211132064231722	0.19487546249015372	GSE53987	MDD	HPC	F	49.0	23.4	6.4	k42	MDD_hip_16	GSE53987	MDD	PFC_BA46	F	49.0	23.4	6.4	k42	MDD_pfc_16	True	True
GSE53987__HG-U133_Plus_2|HPC	GSM1304895	GSE53987__HG-U133_Plus_2|PFC_BA46	GSM1304957	0.5098005126713301	6.03471655973488	0.15946118276972487	GSE53987	MDD	HPC	F	54.0	17.9	6.2	k43	MDD_hip_17	GSE53987	MDD	PFC_BA46	F	53.0	11.9	6.7	k37	MDD_pfc_11	False	True
GSE53987__HG-U133_Plus_2|HPC	GSM1304896	GSE53987__HG-U133_Plus_2|PFC_BA46	GSM1304964	0.5146436677125298	6.09162283718888	0.1804378385653941	GSE53987	MDD	HPC	F	28.0	24.8	6.6	k44	MDD_hip_19	GSE53987	MDD	PFC_BA46	F	28.0	24.8	6.6	k44	MDD_pfc_19	True	True
GSE53987__HG-U133_Plus_2|HPC	GSM1304897	GSE53987__HG-U133_Plus_2|PFC_BA46	GSM1304965	0.415866355489356	4.931005618100239	0.27770751105845826	GSE53987	MDD	HPC	M	42.0	14.3	6.4	k45	MDD_hip_1	GSE53987	MDD	PFC_BA46	M	42.0	14.3	6.4	k45	MDD_pfc_1	True	True
GSE53987__HG-U133_Plus_2|HPC	GSM1304898	GSE53987__HG-U133_Plus_2|PFC_BA46	GSM1304976	0.2710887584833752	3.229892596885676	0.21611068902866198	GSE53987	MDD	HPC	M	44.0	19.3	6.5	k46	MDD_hip_2	GSE53987	SCZ	PFC_BA46	F	41.0	17.1	6.9	k71	schiz_pfc_13	False	False
GSE53987__HG-U133_Plus_2|HPC	GSM1304899	GSE53987__HG-U133_Plus_2|PFC_BA46	GSM1304966	0.36402468886838935	4.321874537365782	0.24356256315779126	GSE53987	MDD	HPC	F	40.0	22.2	6.6	k47	MDD_hip_3	GSE53987	MDD	PFC_BA46	F	40.0	22.2	6.6	k47	MDD_pfc_3	True	True
GSE53987__HG-U133_Plus_2|HPC	GSM1304900	GSE53987__HG-U133_Plus_2|PFC_BA46	GSM1304967	0.43271726340145467	5.129001022509213	0.12946656641679574	GSE53987	MDD	HPC	M	47.0	24.0	6.6	k48	MDD_hip_4	GSE53987	MDD	PFC_BA46	M	47.0	24.0	6.6	k48	MDD_pfc_4	True	True
GSE53987__HG-U133_Plus_2|HPC	GSM1304901	GSE53987__HG-U133_Plus_2|PFC_BA46	GSM1304969	0.43964557082377065	5.210407498475189	0.2050012701881778	GSE53987	MDD	HPC	M	59.0	13.0	6.6	k49	MDD_hip_6	GSE53987	MDD	PFC_BA46	M	59.0	13.0	6.6	k49	MDD_pfc_6	True	True
GSE53987__HG-U133_Plus_2|HPC	GSM1304902	GSE53987__HG-U133_Plus_2|PFC_BA46	GSM1304970	0.4640041794957065	5.496617155545187	0.2020011655488235	GSE53987	MDD	HPC	F	47.0	22.3	6.6	k50	MDD_hip_7	GSE53987	MDD	PFC_BA46	F	47.0	22.3	6.6	k50	MDD_pfc_7	True	True
GSE53987__HG-U133_Plus_2|HPC	GSM1304904	GSE53987__HG-U133_Plus_2|PFC_BA46	GSM1304972	0.478664080932016	5.668868593189908	0.23565422544076303	GSE53987	MDD	HPC	M	51.0	28.3	7.3	k52	MDD_hip_9	GSE53987	MDD	PFC_BA46	M	51.0	28.3	7.3	k52	MDD_pfc_9	True	True
GSE53987__HG-U133_Plus_2|HPC	GSM1304905	GSE53987__HG-U133_Plus_2|PFC_BA46	GSM1304983	0.33292768128532463	3.956489798191156	0.17598985520216612	GSE53987	SCZ	HPC	M	49.0	21.5	5.97	k53	schiz_hip_10	GSE53987	SCZ	PFC_BA46	M	47.0	28.9	6.58	k62	schiz_pfc_4	False	True
GSE53987__HG-U133_Plus_2|HPC	GSM1304906	GSE53987__HG-U133_Plus_2|PFC_BA46	GSM1304974	0.39808141652699913	4.722035502032339	0.15915127251596556	GSE53987	SCZ	HPC	F	47.0	14.37	6.35	k54	schiz_hip_11	GSE53987	SCZ	PFC_BA46	F	47.0	14.37	6.35	k54	schiz_pfc_11	True	True
GSE53987__HG-U133_Plus_2|HPC	GSM1304907	GSE53987__HG-U133_Plus_2|PFC_BA46	GSM1304975	0.5357203320437428	6.339270186496066	0.23567004180111023	GSE53987	SCZ	HPC	F	25.0	20.1	6.73	k55	schiz_hip_12	GSE53987	SCZ	PFC_BA46	F	25.0	20.1	6.73	k55	schiz_pfc_12	True	True
GSE53987__HG-U133_Plus_2|HPC	GSM1304908	GSE53987__HG-U133_Plus_2|PFC_BA46	GSM1304977	0.3270197946144311	3.8870730987048274	0.20587495773964884	GSE53987	SCZ	HPC	M	62.0	22.7	7.14	k56	schiz_hip_14	GSE53987	SCZ	PFC_BA46	M	62.0	22.7	7.14	k56	schiz_pfc_14	True	True
GSE53987__HG-U133_Plus_2|HPC	GSM1304910	GSE53987__HG-U133_Plus_2|PFC_BA46	GSM1304980	0.44499875616182805	5.273306548272018	0.28473143425775765	GSE53987	SCZ	HPC	F	46.0	23.8	6.61	k58	schiz_hip_19	GSE53987	SCZ	PFC_BA46	F	46.0	23.8	6.61	k58	schiz_pfc_19	True	True
GSE53987__HG-U133_Plus_2|HPC	GSM1304911	GSE53987__HG-U133_Plus_2|PFC_BA46	GSM1304960	0.539435450940651	6.382922224253191	0.2159629421748359	GSE53987	SCZ	HPC	M	50.0	11.0	6.23	k59	schiz_hip_1	GSE53987	MDD	PFC_BA46	M	62.0	26.0	6.5	k40	MDD_pfc_14	False	False
GSE53987__HG-U133_Plus_2|HPC	GSM1304913	GSE53987__HG-U133_Plus_2|PFC_BA46	GSM1304982	0.4207771861269794	4.988707072713383	0.1475647003507797	GSE53987	SCZ	HPC	F	41.0	20.1	6.27	k61	schiz_hip_3	GSE53987	SCZ	PFC_BA46	F	41.0	20.1	6.27	k61	schiz_pfc_3	True	True
GSE53987__HG-U133_Plus_2|HPC	GSM1304914	GSE53987__HG-U133_Plus_2|PFC_BA46	GSM1304963	0.5072403621716257	6.004635211229447	0.21180786262464155	GSE53987	SCZ	HPC	M	47.0	28.9	6.58	k62	schiz_hip_4	GSE53987	MDD	PFC_BA46	F	54.0	17.9	6.2	k43	MDD_pfc_17	False	False
GSE53987__HG-U133_Plus_2|HPC	GSM1304915	GSE53987__HG-U133_Plus_2|PFC_BA46	GSM1304984	0.4542168842568933	5.381618041610946	0.1855138905973081	GSE53987	SCZ	HPC	M	37.0	5.98	6.07	k63	schiz_hip_5	GSE53987	SCZ	PFC_BA46	M	37.0	5.98	6.07	k63	schiz_pfc_5	True	True
GSE53987__HG-U133_Plus_2|HPC	GSM1304916	GSE53987__HG-U133_Plus_2|PFC_BA46	GSM1304985	0.5374272598303405	6.35932630805149	0.25320865188269753	GSE53987	SCZ	HPC	M	58.0	7.7	6.22	k64	schiz_hip_6	GSE53987	SCZ	PFC_BA46	M	58.0	7.7	6.22	k64	schiz_pfc_6	True	True
GSE53987__HG-U133_Plus_2|HPC	GSM1304917	GSE53987__HG-U133_Plus_2|PFC_BA46	GSM1304981	0.2849799442863808	3.393111751908863	0.1671905504785261	GSE53987	SCZ	HPC	F	44.0	18.7	6.2	k65	schiz_hip_7	GSE53987	SCZ	PFC_BA46	M	50.0	11.0	6.23	k59	schiz_pfc_1	False	True
GSE53987__HG-U133_Plus_2|HPC	GSM1304919	GSE53987__HG-U133_Plus_2|PFC_BA46	GSM1304987	0.4937051855902287	5.845599106174452	0.19521263180946047	GSE53987	SCZ	HPC	M	52.0	27.1	6.68	k67	schiz_hip_9	GSE53987	SCZ	PFC_BA46	M	52.0	27.1	6.68	k67	schiz_pfc_9	True	True
GSE53987__HG-U133_Plus_2|HPC	GSM1304852	GSE53987__HG-U133_Plus_2|STR	GSM1304997	0.4194106653573146	5.140286446709725	0.15546609134233164	GSE53987	BD	HPC	M	52.0	23.5	6.7	k0	bipolar_hip_10	GSE53987	BD	STR	M	52.0	23.5	6.7	k0	bipolar_str_10	True	True
GSE53987__HG-U133_Plus_2|HPC	GSM1304853	GSE53987__HG-U133_Plus_2|STR	GSM1304998	0.47302747000980694	5.792026105448652	0.22788113809501587	GSE53987	BD	HPC	F	50.0	11.7	6.4	k1	bipolar_hip_11	GSE53987	BD	STR	F	50.0	11.7	6.4	k1	bipolar_str_11	True	True
GSE53987__HG-U133_Plus_2|HPC	GSM1304854	GSE53987__HG-U133_Plus_2|STR	GSM1304999	0.5316294082394623	6.504362610221318	0.26488446831066637	GSE53987	BD	HPC	F	28.0	22.3	6.3	k2	bipolar_hip_12	GSE53987	BD	STR	F	28.0	22.3	6.3	k2	bipolar_str_12	True	True
GSE53987__HG-U133_Plus_2|HPC	GSM1304855	GSE53987__HG-U133_Plus_2|STR	GSM1305000	0.4055077765565134	4.971289728959626	0.2425664643062254	GSE53987	BD	HPC	F	55.0	17.5	6.4	k3	bipolar_hip_13	GSE53987	BD	STR	F	55.0	17.5	6.4	k3	bipolar_str_13	True	True
GSE53987__HG-U133_Plus_2|HPC	GSM1304856	GSE53987__HG-U133_Plus_2|STR	GSM1305001	0.2736616588298498	3.3686327946241366	0.212251534251726	GSE53987	BD	HPC	M	58.0	27.7	6.8	k4	bipolar_hip_14	GSE53987	BD	STR	M	58.0	27.7	6.8	k4	bipolar_str_14	True	True
GSE53987__HG-U133_Plus_2|HPC	GSM1304858	GSE53987__HG-U133_Plus_2|STR	GSM1305002	0.30414483646832435	3.7391713957239694	0.19836767623513232	GSE53987	BD	HPC	F	49.0	21.5	6.7	k6	bipolar_hip_16	GSE53987	BD	STR	F	49.0	21.5	6.7	k6	bipolar_str_16	True	True
GSE53987__HG-U133_Plus_2|HPC	GSM1304859	GSE53987__HG-U133_Plus_2|STR	GSM1305048	0.3925615670876445	4.813921937352315	0.18672651760271386	GSE53987	BD	HPC	F	42.0	31.2	6.5	k7	bipolar_hip_18	GSE53987	SCZ	STR	M	49.0	21.5	5.97	k53	schiz_str_10	False	False
GSE53987__HG-U133_Plus_2|HPC	GSM1304861	GSE53987__HG-U133_Plus_2|STR	GSM1304988	0.4428298323785423	5.424958389047403	0.14834354678604136	GSE53987	BD	HPC	M	50.0	12.1	6.7	k9	bipolar_hip_1	GSE53987	BD	STR	M	50.0	12.1	6.7	k9	bipolar_str_1	True	True
GSE53987__HG-U133_Plus_2|HPC	GSM1304862	GSE53987__HG-U133_Plus_2|STR	GSM1304989	0.40289359306174694	4.939512992732939	0.22202673313002075	GSE53987	BD	HPC	M	40.0	18.5	6.4	k10	bipolar_hip_2	GSE53987	BD	STR	M	40.0	18.5	6.4	k10	bipolar_str_2	True	True
GSE53987__HG-U133_Plus_2|HPC	GSM1304863	GSE53987__HG-U133_Plus_2|STR	GSM1304990	0.3108726713196968	3.820951666266099	0.180938256700627	GSE53987	BD	HPC	F	39.0	22.2	6.7	k11	bipolar_hip_3	GSE53987	BD	STR	F	39.0	22.2	6.7	k11	bipolar_str_3	True	True
GSE53987__HG-U133_Plus_2|HPC	GSM1304864	GSE53987__HG-U133_Plus_2|STR	GSM1304991	0.49390716218659836	6.045829433380529	0.2895664179681007	GSE53987	BD	HPC	M	45.0	27.2	7.1	k12	bipolar_hip_4	GSE53987	BD	STR	M	45.0	27.2	7.1	k12	bipolar_str_4	True	True
GSE53987__HG-U133_Plus_2|HPC	GSM1304865	GSE53987__HG-U133_Plus_2|STR	GSM1304992	0.5766649076104621	7.051792118216593	0.1275296494053381	GSE53987	BD	HPC	M	42.0	12.5	6.7	k13	bipolar_hip_5	GSE53987	BD	STR	M	42.0	12.5	6.7	k13	bipolar_str_5	True	True
GSE53987__HG-U133_Plus_2|HPC	GSM1304866	GSE53987__HG-U133_Plus_2|STR	GSM1304993	0.5471899419694212	6.69350884914191	0.2021727943277486	GSE53987	BD	HPC	M	65.0	8.9	6.7	k14	bipolar_hip_6	GSE53987	BD	STR	M	65.0	8.9	6.7	k14	bipolar_str_6	True	True
GSE53987__HG-U133_Plus_2|HPC	GSM1304867	GSE53987__HG-U133_Plus_2|STR	GSM1304994	0.5286904920947741	6.468638582696446	0.22051011627893674	GSE53987	BD	HPC	F	51.0	21.5	6.7	k15	bipolar_hip_7	GSE53987	BD	STR	F	51.0	21.5	6.7	k15	bipolar_str_7	True	True
GSE53987__HG-U133_Plus_2|HPC	GSM1304868	GSE53987__HG-U133_Plus_2|STR	GSM1304995	0.4516629028865769	5.53232887477171	0.17772610881404208	GSE53987	BD	HPC	M	39.0	24.2	6.6	k16	bipolar_hip_8	GSE53987	BD	STR	M	39.0	24.2	6.6	k16	bipolar_str_8	True	True
GSE53987__HG-U133_Plus_2|HPC	GSM1304869	GSE53987__HG-U133_Plus_2|STR	GSM1304996	0.4363392343443256	5.346061853245819	0.17855210306186248	GSE53987	BD	HPC	M	48.0	18.1	6.9	k17	bipolar_hip_9	GSE53987	BD	STR	M	48.0	18.1	6.9	k17	bipolar_str_9	True	True
GSE53987__HG-U133_Plus_2|HPC	GSM1304870	GSE53987__HG-U133_Plus_2|STR	GSM1305014	0.5718871341758034	6.993715840676028	0.23581442015392332	GSE53987	CTL	HPC	M	51.0	24.2	6.6	k18	control_hip_10	GSE53987	CTL	STR	M	51.0	24.2	6.6	k18	control_str_10	True	True
GSE53987__HG-U133_Plus_2|HPC	GSM1304871	GSE53987__HG-U133_Plus_2|STR	GSM1305015	0.583018716154084	7.129025907860566	0.13834491408951616	GSE53987	CTL	HPC	F	51.0	7.8	6.6	k19	control_hip_11	GSE53987	CTL	STR	F	51.0	7.8	6.6	k19	control_str_11	True	True
GSE53987__HG-U133_Plus_2|HPC	GSM1304872	GSE53987__HG-U133_Plus_2|STR	GSM1305016	0.4555211220565432	5.579227500332697	0.1548244451240441	GSE53987	CTL	HPC	F	36.0	14.5	6.4	k20	control_hip_12	GSE53987	CTL	STR	F	36.0	14.5	6.4	k20	control_str_12	True	True
GSE53987__HG-U133_Plus_2|HPC	GSM1304873	GSE53987__HG-U133_Plus_2|STR	GSM1305017	0.5354723677689023	6.551075747054032	0.15474781410728983	GSE53987	CTL	HPC	F	65.0	18.5	6.5	k21	control_hip_13	GSE53987	CTL	STR	F	65.0	18.5	6.5	k21	control_str_13	True	True
GSE53987__HG-U133_Plus_2|HPC	GSM1304874	GSE53987__HG-U133_Plus_2|STR	GSM1305018	0.38126221981199776	4.676572597250223	0.15633825152683392	GSE53987	CTL	HPC	M	55.0	28.0	6.1	k22	control_hip_14	GSE53987	CTL	STR	M	55.0	28.0	6.1	k22	control_str_14	True	True
GSE53987__HG-U133_Plus_2|HPC	GSM1304875	GSE53987__HG-U133_Plus_2|STR	GSM1305019	0.44530426652399724	5.45503640052129	0.17346174765005187	GSE53987	CTL	HPC	M	22.0	20.1	6.8	k23	control_hip_15	GSE53987	CTL	STR	M	22.0	20.1	6.8	k23	control_str_15	True	True
GSE53987__HG-U133_Plus_2|HPC	GSM1304876	GSE53987__HG-U133_Plus_2|STR	GSM1305020	0.52699090818045	6.447979271730434	0.12425593071604818	GSE53987	CTL	HPC	F	52.0	22.6	7.1	k24	control_hip_16	GSE53987	CTL	STR	F	52.0	22.6	7.1	k24	control_str_16	True	True
GSE53987__HG-U133_Plus_2|HPC	GSM1304877	GSE53987__HG-U133_Plus_2|STR	GSM1305021	0.5271457185478386	6.449861070854142	0.16990901167908512	GSE53987	CTL	HPC	F	58.0	22.7	6.4	k25	control_hip_17	GSE53987	CTL	STR	F	58.0	22.7	6.4	k25	control_str_17	True	True
GSE53987__HG-U133_Plus_2|HPC	GSM1304878	GSE53987__HG-U133_Plus_2|STR	GSM1305022	0.6022111106646308	7.362319270450111	0.18550746214033173	GSE53987	CTL	HPC	F	40.0	16.6	6.8	k26	control_hip_18	GSE53987	CTL	STR	F	40.0	16.6	6.8	k26	control_str_18	True	True
GSE53987__HG-U133_Plus_2|HPC	GSM1304880	GSE53987__HG-U133_Plus_2|STR	GSM1305005	0.44197013769159593	5.414508360823574	0.14860837834790178	GSE53987	CTL	HPC	M	49.0	21.2	6.5	k28	control_hip_1	GSE53987	CTL	STR	M	49.0	21.2	6.5	k28	control_str_1	True	True
GSE53987__HG-U133_Plus_2|HPC	GSM1304882	GSE53987__HG-U133_Plus_2|STR	GSM1305007	0.5039464305144574	6.167861869971903	0.2705730674521122	GSE53987	CTL	HPC	F	39.0	24.5	6.8	k30	control_hip_3	GSE53987	CTL	STR	F	39.0	24.5	6.8	k30	control_str_3	True	True
GSE53987__HG-U133_Plus_2|HPC	GSM1304883	GSE53987__HG-U133_Plus_2|STR	GSM1305008	0.49800841165839155	6.09568221644871	0.18577208245371662	GSE53987	CTL	HPC	M	48.0	24.5	6.5	k31	control_hip_4	GSE53987	CTL	STR	M	48.0	24.5	6.5	k31	control_str_4	True	True
GSE53987__HG-U133_Plus_2|HPC	GSM1304884	GSE53987__HG-U133_Plus_2|STR	GSM1305009	0.5887590264687484	7.198802313033959	0.19905000987220625	GSE53987	CTL	HPC	M	43.0	13.8	6.6	k32	control_hip_5	GSE53987	CTL	STR	M	43.0	13.8	6.6	k32	control_str_5	True	True
GSE53987__HG-U133_Plus_2|HPC	GSM1304885	GSE53987__HG-U133_Plus_2|STR	GSM1305010	0.3834932016515583	4.703691321541831	0.1321050871470052	GSE53987	CTL	HPC	M	68.0	11.8	6.8	k33	control_hip_6	GSE53987	CTL	STR	M	68.0	11.8	6.8	k33	control_str_6	True	True
GSE53987__HG-U133_Plus_2|HPC	GSM1304886	GSE53987__HG-U133_Plus_2|STR	GSM1305011	0.5052928031387979	6.18422771721719	0.17177364475198786	GSE53987	CTL	HPC	F	58.0	18.8	6.6	k34	control_hip_7	GSE53987	CTL	STR	F	58.0	18.8	6.6	k34	control_str_7	True	True
GSE53987__HG-U133_Plus_2|HPC	GSM1304887	GSE53987__HG-U133_Plus_2|STR	GSM1305012	0.44277384692165084	5.424277857210319	0.13610655530464388	GSE53987	CTL	HPC	M	43.0	22.3	6.7	k35	control_hip_8	GSE53987	CTL	STR	M	43.0	22.3	6.7	k35	control_str_8	True	True
GSE53987__HG-U133_Plus_2|HPC	GSM1304888	GSE53987__HG-U133_Plus_2|STR	GSM1305031	0.4395951213800116	5.3856388239229	0.1308013632979223	GSE53987	MDD	HPC	M	51.0	24.6	6.5	k36	MDD_hip_10	GSE53987	MDD	STR	M	51.0	24.6	6.5	k36	MDD_str_10	True	True
GSE53987__HG-U133_Plus_2|HPC	GSM1304889	GSE53987__HG-U133_Plus_2|STR	GSM1305026	0.5382862162701915	6.585279513463823	0.17944005833781965	GSE53987	MDD	HPC	F	53.0	11.9	6.7	k37	MDD_hip_11	GSE53987	MDD	STR	M	44.0	11.0	6.5	k70	MDD_str_5	False	True
GSE53987__HG-U133_Plus_2|HPC	GSM1304890	GSE53987__HG-U133_Plus_2|STR	GSM1305033	0.42299470076045276	5.183852228477007	0.19916740765265734	GSE53987	MDD	HPC	F	26.0	13.4	6.4	k38	MDD_hip_12	GSE53987	MDD	STR	F	26.0	13.4	6.4	k38	MDD_str_12	True	True
GSE53987__HG-U133_Plus_2|HPC	GSM1304891	GSE53987__HG-U133_Plus_2|STR	GSM1305034	0.5493161280809449	6.7193537278086115	0.20779818278773698	GSE53987	MDD	HPC	F	52.0	10.3	6.5	k39	MDD_hip_13	GSE53987	MDD	STR	F	52.0	10.3	6.5	k39	MDD_str_13	True	True
GSE53987__HG-U133_Plus_2|HPC	GSM1304892	GSE53987__HG-U133_Plus_2|STR	GSM1305029	0.48724950813139595	5.964902246278234	0.1649680053541912	GSE53987	MDD	HPC	M	62.0	26.0	6.5	k40	MDD_hip_14	GSE53987	MDD	STR	M	34.0	24.4	6.6	k51	MDD_str_8	False	True
GSE53987__HG-U133_Plus_2|HPC	GSM1304893	GSE53987__HG-U133_Plus_2|STR	GSM1305036	0.4358444690593385	5.340047728381733	0.17927968881339873	GSE53987	MDD	HPC	M	29.0	26.6	6.9	k41	MDD_hip_15	GSE53987	MDD	STR	M	29.0	26.6	6.9	k41	MDD_str_15	True	True
GSE53987__HG-U133_Plus_2|HPC	GSM1304894	GSE53987__HG-U133_Plus_2|STR	GSM1305037	0.29097082236222654	3.579034522342969	0.1865244713924546	GSE53987	MDD	HPC	F	49.0	23.4	6.4	k42	MDD_hip_16	GSE53987	MDD	STR	F	49.0	23.4	6.4	k42	MDD_str_16	True	True
GSE53987__HG-U133_Plus_2|HPC	GSM1304895	GSE53987__HG-U133_Plus_2|STR	GSM1305032	0.5819281907803107	7.115770014683871	0.1849766993443263	GSE53987	MDD	HPC	F	54.0	17.9	6.2	k43	MDD_hip_17	GSE53987	MDD	STR	F	53.0	11.9	6.7	k37	MDD_str_11	False	True
GSE53987__HG-U133_Plus_2|HPC	GSM1304897	GSE53987__HG-U133_Plus_2|STR	GSM1305023	0.5018167967578613	6.1419750834175995	0.23394492824347551	GSE53987	MDD	HPC	M	42.0	14.3	6.4	k45	MDD_hip_1	GSE53987	MDD	STR	M	42.0	14.3	6.4	k45	MDD_str_1	True	True
GSE53987__HG-U133_Plus_2|HPC	GSM1304900	GSE53987__HG-U133_Plus_2|STR	GSM1305025	0.41691357903479265	5.1099330864483266	0.15730309570796386	GSE53987	MDD	HPC	M	47.0	24.0	6.6	k48	MDD_hip_4	GSE53987	MDD	STR	M	47.0	24.0	6.6	k48	MDD_str_4	True	True
GSE53987__HG-U133_Plus_2|HPC	GSM1304901	GSE53987__HG-U133_Plus_2|STR	GSM1305027	0.4763934382682193	5.832941169639478	0.16237325563137608	GSE53987	MDD	HPC	M	59.0	13.0	6.6	k49	MDD_hip_6	GSE53987	MDD	STR	M	59.0	13.0	6.6	k49	MDD_str_6	True	True
GSE53987__HG-U133_Plus_2|HPC	GSM1304902	GSE53987__HG-U133_Plus_2|STR	GSM1305028	0.3747754887924702	4.597723066988229	0.1630449567849523	GSE53987	MDD	HPC	F	47.0	22.3	6.6	k50	MDD_hip_7	GSE53987	MDD	STR	F	47.0	22.3	6.6	k50	MDD_str_7	True	True
GSE53987__HG-U133_Plus_2|HPC	GSM1304903	GSE53987__HG-U133_Plus_2|STR	GSM1305024	0.42210537615719484	5.173042033479524	0.11203019689416722	GSE53987	MDD	HPC	M	34.0	24.4	6.6	k51	MDD_hip_8	GSE53987	MDD	STR	M	44.0	19.3	6.5	k46	MDD_str_2	False	True
GSE53987__HG-U133_Plus_2|HPC	GSM1304904	GSE53987__HG-U133_Plus_2|STR	GSM1305030	0.4942520645411963	6.050021897745775	0.18971931389822227	GSE53987	MDD	HPC	M	51.0	28.3	7.3	k52	MDD_hip_9	GSE53987	MDD	STR	M	51.0	28.3	7.3	k52	MDD_str_9	True	True
GSE53987__HG-U133_Plus_2|HPC	GSM1304905	GSE53987__HG-U133_Plus_2|STR	GSM1305042	0.3420697831884176	4.200168502754975	0.17810879433766566	GSE53987	SCZ	HPC	M	49.0	21.5	5.97	k53	schiz_hip_10	GSE53987	SCZ	STR	M	47.0	28.9	6.58	k62	schiz_str_4	False	True
GSE53987__HG-U133_Plus_2|HPC	GSM1304906	GSE53987__HG-U133_Plus_2|STR	GSM1305049	0.4310221981052275	5.281430560753994	0.1123518339245139	GSE53987	SCZ	HPC	F	47.0	14.37	6.35	k54	schiz_hip_11	GSE53987	SCZ	STR	F	47.0	14.37	6.35	k54	schiz_str_11	True	True
GSE53987__HG-U133_Plus_2|HPC	GSM1304907	GSE53987__HG-U133_Plus_2|STR	GSM1305050	0.3603754615153419	4.422683377020607	0.21788753622000326	GSE53987	SCZ	HPC	F	25.0	20.1	6.73	k55	schiz_hip_12	GSE53987	SCZ	STR	F	25.0	20.1	6.73	k55	schiz_str_12	True	True
GSE53987__HG-U133_Plus_2|HPC	GSM1304908	GSE53987__HG-U133_Plus_2|STR	GSM1305052	0.3237224103093152	3.9771468099017033	0.21755665488747547	GSE53987	SCZ	HPC	M	62.0	22.7	7.14	k56	schiz_hip_14	GSE53987	SCZ	STR	M	62.0	22.7	7.14	k56	schiz_str_14	True	True
GSE53987__HG-U133_Plus_2|HPC	GSM1304909	GSE53987__HG-U133_Plus_2|STR	GSM1305056	0.302962747118349	3.7248024956273453	0.2059943385772775	GSE53987	SCZ	HPC	F	44.0	24.5	6.63	k57	schiz_hip_18	GSE53987	SCZ	STR	F	44.0	24.5	6.63	k57	schiz_str_18	True	True
GSE53987__HG-U133_Plus_2|HPC	GSM1304911	GSE53987__HG-U133_Plus_2|STR	GSM1305035	0.4499974314551041	5.512084218466235	0.18382207752122035	GSE53987	SCZ	HPC	M	50.0	11.0	6.23	k59	schiz_hip_1	GSE53987	MDD	STR	M	62.0	26.0	6.5	k40	MDD_str_14	False	False
GSE53987__HG-U133_Plus_2|HPC	GSM1304912	GSE53987__HG-U133_Plus_2|STR	GSM1305040	0.5195450294916516	6.357470811423981	0.15902137469300423	GSE53987	SCZ	HPC	M	46.0	15.8	6.19	k60	schiz_hip_2	GSE53987	SCZ	STR	M	46.0	15.8	6.19	k60	schiz_str_2	True	True
GSE53987__HG-U133_Plus_2|HPC	GSM1304913	GSE53987__HG-U133_Plus_2|STR	GSM1305041	0.4021685634051487	4.930699886766824	0.1739440261150409	GSE53987	SCZ	HPC	F	41.0	20.1	6.27	k61	schiz_hip_3	GSE53987	SCZ	STR	F	41.0	20.1	6.27	k61	schiz_str_3	True	True
GSE53987__HG-U133_Plus_2|HPC	GSM1304914	GSE53987__HG-U133_Plus_2|STR	GSM1305038	0.46959824274212725	5.750342095674827	0.1996791385797275	GSE53987	SCZ	HPC	M	47.0	28.9	6.58	k62	schiz_hip_4	GSE53987	MDD	STR	F	54.0	17.9	6.2	k43	MDD_str_17	False	False
GSE53987__HG-U133_Plus_2|HPC	GSM1304915	GSE53987__HG-U133_Plus_2|STR	GSM1305043	0.4348788604814184	5.328310262691119	0.22243944466977936	GSE53987	SCZ	HPC	M	37.0	5.98	6.07	k63	schiz_hip_5	GSE53987	SCZ	STR	M	37.0	5.98	6.07	k63	schiz_str_5	True	True
GSE53987__HG-U133_Plus_2|HPC	GSM1304916	GSE53987__HG-U133_Plus_2|STR	GSM1305044	0.5009956436769599	6.131993548110008	0.2017285585748972	GSE53987	SCZ	HPC	M	58.0	7.7	6.22	k64	schiz_hip_6	GSE53987	SCZ	STR	M	58.0	7.7	6.22	k64	schiz_str_6	True	True
GSE53987__HG-U133_Plus_2|HPC	GSM1304917	GSE53987__HG-U133_Plus_2|STR	GSM1305039	0.4778488367527167	5.85063228192719	0.24125884196866962	GSE53987	SCZ	HPC	F	44.0	18.7	6.2	k65	schiz_hip_7	GSE53987	SCZ	STR	M	50.0	11.0	6.23	k59	schiz_str_1	False	True
GSE53987__HG-U133_Plus_2|HPC	GSM1304919	GSE53987__HG-U133_Plus_2|STR	GSM1305047	0.3549042178058557	4.356177613926194	0.1872303792433302	GSE53987	SCZ	HPC	M	52.0	27.1	6.68	k67	schiz_hip_9	GSE53987	SCZ	STR	M	52.0	27.1	6.68	k67	schiz_str_9	True	True
GSE53987__HG-U133_Plus_2|HPC	GSM1304862	GSE54567__HG-U133_Plus_2|PFC_BA9	GSM1319050	0.2346332042217709	3.1689669840151047	0.17798145058050113	GSE53987	BD	HPC	M	40.0	18.5	6.4	k10	bipolar_hip_2	GSE54567	CTL	PFC_BA9	M				Mpair1_CTL	Control matched sample pair brain dorsolateral prefrontal cortex BA9_M #1	False	False
GSE53987__HG-U133_Plus_2|HPC	GSM1304897	GSE54567__HG-U133_Plus_2|PFC_BA9	GSM1319076	0.3211112046066903	4.3492454421098286	0.19747109066521643	GSE53987	MDD	HPC	M	42.0	14.3	6.4	k45	MDD_hip_1	GSE54567	MDD	PFC_BA9	M				Mpair29_MDD	MDD matched sample pair brain dorsolateral prefrontal cortex BA9_M #29	False	True
GSE53987__HG-U133_Plus_2|HPC	GSM1304904	GSE54567__HG-U133_Plus_2|PFC_BA9	GSM1319067	0.2784066498476352	3.7664004894017302	0.22043900446945602	GSE53987	MDD	HPC	M	51.0	28.3	7.3	k52	MDD_hip_9	GSE54567	MDD	PFC_BA9	M				Mpair7_MDD	MDD matched sample pair brain dorsolateral prefrontal cortex BA9_M #7	False	True
GSE53987__HG-U133_Plus_2|HPC	GSM1304871	GSE54568__HG-U133_Plus_2|PFC_BA9	GSM1319084	0.5146669989634415	6.343287806535175	0.2622657255622875	GSE53987	CTL	HPC	F	51.0	7.8	6.6	k19	control_hip_11	GSE54568	CTL	PFC_BA9	F				Fpair12_CTL	Control matched sample pair brain dorsolateral prefrontal cortex BA9_F #12	False	True
GSE53987__HG-U133_Plus_2|HPC	GSM1304876	GSE54568__HG-U133_Plus_2|PFC_BA9	GSM1319085	0.2815617563647163	3.467835922779782	0.16653726670447505	GSE53987	CTL	HPC	F	52.0	22.6	7.1	k24	control_hip_16	GSE54568	CTL	PFC_BA9	F				Fpair13_CTL	Control matched sample pair brain dorsolateral prefrontal cortex BA9_F #13	False	True
GSE53987__HG-U133_Plus_2|HPC	GSM1304877	GSE54568__HG-U133_Plus_2|PFC_BA9	GSM1319081	0.4116102815887717	5.072039554865601	0.26252639802904154	GSE53987	CTL	HPC	F	58.0	22.7	6.4	k25	control_hip_17	GSE54568	CTL	PFC_BA9	F				Fpair8_CTL	Control matched sample pair brain dorsolateral prefrontal cortex BA9_F #8	False	True
GSE53987__HG-U133_Plus_2|HPC	GSM1304878	GSE54568__HG-U133_Plus_2|PFC_BA9	GSM1319089	0.4533779542873688	5.587261485536655	0.15268032641369472	GSE53987	CTL	HPC	F	40.0	16.6	6.8	k26	control_hip_18	GSE54568	CTL	PFC_BA9	F				Fpair19_CTL	Control matched sample pair brain dorsolateral prefrontal cortex BA9_F #19	False	True
GSE53987__HG-U133_Plus_2|HPC	GSM1304882	GSE54568__HG-U133_Plus_2|PFC_BA9	GSM1319083	0.26863277491845755	3.3083514614256444	0.21647870443198472	GSE53987	CTL	HPC	F	39.0	24.5	6.8	k30	control_hip_3	GSE54568	CTL	PFC_BA9	F				Fpair10_CTL	Control matched sample pair brain dorsolateral prefrontal cortex BA9_F #10	False	True
GSE53987__HG-U133_Plus_2|HPC	GSM1304891	GSE54568__HG-U133_Plus_2|PFC_BA9	GSM1319099	0.35262072702792047	4.344378418235211	0.13320972508826492	GSE53987	MDD	HPC	F	52.0	10.3	6.5	k39	MDD_hip_13	GSE54568	MDD	PFC_BA9	F				Fpair12_MDD	MDD matched sample pair brain dorsolateral prefrontal cortex BA9_F #12	False	True
GSE53987__HG-U133_Plus_2|HPC	GSM1304895	GSE54568__HG-U133_Plus_2|PFC_BA9	GSM1319098	0.4830659143041856	5.953475044715	0.2141024421511833	GSE53987	MDD	HPC	F	54.0	17.9	6.2	k43	MDD_hip_17	GSE54568	MDD	PFC_BA9	F				Fpair10_MDD	MDD matched sample pair brain dorsolateral prefrontal cortex BA9_F #10	False	True
GSE53987__HG-U133_Plus_2|HPC	GSM1304899	GSE54568__HG-U133_Plus_2|PFC_BA9	GSM1319097	0.46148973247998826	5.687323704749486	0.36453249834263773	GSE53987	MDD	HPC	F	40.0	22.2	6.6	k47	MDD_hip_3	GSE54568	MDD	PFC_BA9	F				Fpair9_MDD	MDD matched sample pair brain dorsolateral prefrontal cortex BA9_F #9	False	True
GSE53987__HG-U133_Plus_2|HPC	GSM1304900	GSE54568__HG-U133_Plus_2|PFC_BA9	GSM1319104	0.2984132731950049	3.6757065192262215	0.2090354549018643	GSE53987	MDD	HPC	M	47.0	24.0	6.6	k48	MDD_hip_4	GSE54568	MDD	PFC_BA9	F				Fpair19_MDD	MDD matched sample pair brain dorsolateral prefrontal cortex BA9_F #19	False	True
GSE53987__HG-U133_Plus_2|HPC	GSM1304902	GSE54568__HG-U133_Plus_2|PFC_BA9	GSM1319102	0.4542642742422502	5.598194617522283	0.24225415756956964	GSE53987	MDD	HPC	F	47.0	22.3	6.6	k50	MDD_hip_7	GSE54568	MDD	PFC_BA9	F				Fpair16_MDD	MDD matched sample pair brain dorsolateral prefrontal cortex BA9_F #16	False	True
GSE53987__HG-U133_Plus_2|HPC	GSM1304871	GSE54571__HG-U133_Plus_2|ACC_BA25	GSM1319147	0.4271916621498838	4.823644930140788	0.4013865749485006	GSE53987	CTL	HPC	F	51.0	7.8	6.6	k19	control_hip_11	GSE54571	CTL	ACC_BA25	F				Fpair12_CTL	Control matched sample pair brain anterior cingulate cortex BA25_F #12	False	True
GSE53987__HG-U133_Plus_2|HPC	GSM1304876	GSE54571__HG-U133_Plus_2|ACC_BA25	GSM1319148	0.35031652625025667	3.959571954381056	0.2768283369311312	GSE53987	CTL	HPC	F	52.0	22.6	7.1	k24	control_hip_16	GSE54571	CTL	ACC_BA25	F				Fpair13_CTL	Control matched sample pair brain anterior cingulate cortex BA25_F #13	False	True
GSE53987__HG-U133_Plus_2|HPC	GSM1304877	GSE54571__HG-U133_Plus_2|ACC_BA25	GSM1319149	0.29201822018817786	3.3043016877166376	0.28990172341275505	GSE53987	CTL	HPC	F	58.0	22.7	6.4	k25	control_hip_17	GSE54571	CTL	ACC_BA25	F				Fpair14_CTL	Control matched sample pair brain anterior cingulate cortex BA25_F #14	False	True
GSE53987__HG-U133_Plus_2|HPC	GSM1304878	GSE54571__HG-U133_Plus_2|ACC_BA25	GSM1319152	0.26955237291362105	3.0517866023080646	0.18998137619715746	GSE53987	CTL	HPC	F	40.0	16.6	6.8	k26	control_hip_18	GSE54571	CTL	ACC_BA25	F				Fpair19_CTL	Control matched sample pair brain anterior cingulate cortex BA25_F #19	False	True
GSE53987__HG-U133_Plus_2|HPC	GSM1304891	GSE54571__HG-U133_Plus_2|ACC_BA25	GSM1319160	0.3950844825285733	4.4627617145994085	0.3114071464300293	GSE53987	MDD	HPC	F	52.0	10.3	6.5	k39	MDD_hip_13	GSE54571	MDD	ACC_BA25	F				Fpair12_MDD	MDD matched sample pair brain anterior cingulate cortex BA25_F #12	False	True
GSE53987__HG-U133_Plus_2|HPC	GSM1304895	GSE54571__HG-U133_Plus_2|ACC_BA25	GSM1319159	0.4392702823579726	4.959408063228473	0.34914859455482916	GSE53987	MDD	HPC	F	54.0	17.9	6.2	k43	MDD_hip_17	GSE54571	MDD	ACC_BA25	F				Fpair10_MDD	MDD matched sample pair brain anterior cingulate cortex BA25_F #10	False	True
GSE53987__HG-U133_Plus_2|HPC	GSM1304899	GSE54571__HG-U133_Plus_2|ACC_BA25	GSM1319158	0.5314510633781976	5.9955157829988694	0.30953339652154693	GSE53987	MDD	HPC	F	40.0	22.2	6.6	k47	MDD_hip_3	GSE54571	MDD	ACC_BA25	F				Fpair9_MDD	MDD matched sample pair brain anterior cingulate cortex BA25_F #9	False	True
GSE53987__HG-U133_Plus_2|HPC	GSM1304897	GSE54572__HG-U133_Plus_2|ACC_BA25	GSM1319190	0.31634251969824656	3.9642085587285374	0.29254342676326733	GSE53987	MDD	HPC	M	42.0	14.3	6.4	k45	MDD_hip_1	GSE54572	MDD	ACC_BA25	M				Mpair29_MDD	MDD matched sample pair brain anterior cingulate cortex BA25_M #29	False	True
GSE53987__HG-U133_Plus_2|HPC	GSM1304852	GSE92538__HG-U133A|PFC_DLPFC	GSM2431929	0.23620879189649596	3.676242047890249	0.22270204885990647	GSE53987	BD	HPC	M	52.0	23.5	6.7	k0	bipolar_hip_10	GSE92538	CTL	PFC_DLPFC	F	64.0	19.25	6.83	102212	DLPFC_Female_Control_UMichigan_102212	False	False
GSE53987__HG-U133_Plus_2|HPC	GSM1304853	GSE92538__HG-U133A|PFC_DLPFC	GSM2432051	0.2020024607920964	3.145714511509902	0.2014489304541463	GSE53987	BD	HPC	F	50.0	11.7	6.4	k1	bipolar_hip_11	GSE92538	CTL	PFC_DLPFC	F	45.0	32.0	6.6	108634	DLPFC_Female_Control_UMichigan_108634	False	False
GSE53987__HG-U133_Plus_2|HPC	GSM1304856	GSE92538__HG-U133A|PFC_DLPFC	GSM2432038	0.1977040653981462	3.0790479896961163	0.17252608279033332	GSE53987	BD	HPC	M	58.0	27.7	6.8	k4	bipolar_hip_14	GSE92538	CTL	PFC_DLPFC	F	48.0	27.0	7.1	107886	DLPFC_Female_Control_UMichigan_107886	False	False
GSE53987__HG-U133_Plus_2|HPC	GSM1304866	GSE92538__HG-U133A|PFC_DLPFC	GSM2431815	0.2032438194508847	3.1649675249067895	0.18769038541726799	GSE53987	BD	HPC	M	65.0	8.9	6.7	k14	bipolar_hip_6	GSE92538	SCZ	PFC_DLPFC	M	64.0	8.5	6.24	106495	DLPFC_Male_Schizophrenia_UCDavis_106495	False	False
GSE53987__HG-U133_Plus_2|HPC	GSM1304868	GSE92538__HG-U133A|PFC_DLPFC	GSM2431751	0.19673925630060737	3.06408415764899	0.1846192199904266	GSE53987	BD	HPC	M	39.0	24.2	6.6	k16	bipolar_hip_8	GSE92538	MDD	PFC_DLPFC	F	77.0	25.5	6.42	102432	DLPFC_Female_MajorDepressiveDisorder_UCDavis_102432	False	False
GSE53987__HG-U133_Plus_2|HPC	GSM1304869	GSE92538__HG-U133A|PFC_DLPFC	GSM2431836	0.19989778111915846	3.1130717086806343	0.17441319712776843	GSE53987	BD	HPC	M	48.0	18.1	6.9	k17	bipolar_hip_9	GSE92538	CTL	PFC_DLPFC	F	70.0	23.0	6.9	107199	DLPFC_Female_Control_UCDavis_107199	False	False
GSE53987__HG-U133_Plus_2|HPC	GSM1304871	GSE92538__HG-U133A|PFC_DLPFC	GSM2431807	0.20153812385007336	3.1385128173805312	0.15646220056479787	GSE53987	CTL	HPC	F	51.0	7.8	6.6	k19	control_hip_11	GSE92538	MDD	PFC_DLPFC	F	50.0	15.25	6.59	106149	DLPFC_Female_MajorDepressiveDisorder_UCDavis_106149	False	False
GSE53987__HG-U133_Plus_2|HPC	GSM1304875	GSE92538__HG-U133A|PFC_DLPFC	GSM2431993	0.27510797749215055	4.279554020702504	0.17244884532087024	GSE53987	CTL	HPC	M	22.0	20.1	6.8	k23	control_hip_15	GSE92538	CTL	PFC_DLPFC	M	18.0	22.0	6.97	105928	DLPFC_Male_Control_r_UMichigan_105928	False	True
GSE53987__HG-U133_Plus_2|HPC	GSM1304882	GSE92538__HG-U133A|PFC_DLPFC	GSM2431973	0.23471521546970267	3.6530772302521335	0.17137427327868665	GSE53987	CTL	HPC	F	39.0	24.5	6.8	k30	control_hip_3	GSE92538	CTL	PFC_DLPFC	F	65.0	31.25		104659	DLPFC_Female_Control_UMichigan_104659	False	True
GSE53987__HG-U133_Plus_2|HPC	GSM1304898	GSE92538__HG-U133A|PFC_DLPFC	GSM2431822	0.20399436297627183	3.1766081772250567	0.1687158717616815	GSE53987	MDD	HPC	M	44.0	19.3	6.5	k46	MDD_hip_2	GSE92538	BD	PFC_DLPFC	F	63.0	22.0	6.71	106692	DLPFC_Female_BipolarDisorder_UCDavis_106692	False	False
GSE53987__HG-U133_Plus_2|HPC	GSM1304900	GSE92538__HG-U133A|PFC_DLPFC	GSM2431733	0.20997217979242136	3.269321903778353	0.19425757161544613	GSE53987	MDD	HPC	M	47.0	24.0	6.6	k48	MDD_hip_4	GSE92538	BD	PFC_DLPFC	M	69.0	11.25	6.91	101690	DLPFC_Male_BipolarDisorder_UCDavis_101690	False	False
GSE53987__HG-U133_Plus_2|HPC	GSM1304902	GSE92538__HG-U133A|PFC_DLPFC	GSM2431879	0.21592188456214226	3.361599622895223	0.19556913084919048	GSE53987	MDD	HPC	F	47.0	22.3	6.6	k50	MDD_hip_7	GSE92538	MDD	PFC_DLPFC	M	47.0	29.0	7.25	109923	DLPFC_Male_MajorDepressiveDisorder_UCDavis_109923	False	True
GSE53987__HG-U133_Plus_2|HPC	GSM1304904	GSE92538__HG-U133A|PFC_DLPFC	GSM2432023	0.21008175470975346	3.2710213701947852	0.19855556148186104	GSE53987	MDD	HPC	M	51.0	28.3	7.3	k52	MDD_hip_9	GSE92538	MDD	PFC_DLPFC	M	46.0	27.3	6.91	107061	DLPFC_Male_MajorDepressiveDisorder_UMichigan_107061	False	True
GSE53987__HG-U133_Plus_2|HPC	GSM1304905	GSE92538__HG-U133A|PFC_DLPFC	GSM2432034	0.2135406431099364	3.3246674492192496	0.17939438667093754	GSE53987	SCZ	HPC	M	49.0	21.5	5.97	k53	schiz_hip_10	GSE92538	BD	PFC_DLPFC	F	39.0	23.5	6.44	107706	DLPFC_Female_BipolarDisorder_UMichigan_107706	False	False
GSE53987__HG-U133_Plus_2|HPC	GSM1304910	GSE92538__HG-U133A|PFC_DLPFC	GSM2431856	0.22506156811919428	3.5033527324590583	0.14990951751501366	GSE53987	SCZ	HPC	F	46.0	23.8	6.61	k58	schiz_hip_19	GSE92538	CTL	PFC_DLPFC	M	25.0	13.75	6.87	108632	DLPFC_Male_Control_UCDavis_108632	False	False
GSE53987__HG-U133_Plus_2|HPC	GSM1304913	GSE92538__HG-U133A|PFC_DLPFC	GSM2431895	0.20841840226451483	3.245223389341142	0.20536782071861595	GSE53987	SCZ	HPC	F	41.0	20.1	6.27	k61	schiz_hip_3	GSE92538	CTL	PFC_DLPFC	F	48.0	27.0	7.1	107886	DLPFC_Female_Control_UCIrvine_107886	False	False
GSE53987__HG-U133_Plus_2|HPC	GSM1304914	GSE92538__HG-U133A|PFC_DLPFC	GSM2431786	0.20813411311664626	3.240814169867178	0.17158448392561035	GSE53987	SCZ	HPC	M	47.0	28.9	6.58	k62	schiz_hip_4	GSE92538	BD	PFC_DLPFC	F	56.0	29.0	6.83	104808	DLPFC_Female_BipolarDisorder_UCDavis_104808	False	False
GSE53987__HG-U133_Plus_2|HPC	GSM1304917	GSE92538__HG-U133A|PFC_DLPFC	GSM2431777	0.19647989701128837	3.06006159105511	0.1707049907502053	GSE53987	SCZ	HPC	F	44.0	18.7	6.2	k65	schiz_hip_7	GSE92538	BD	PFC_DLPFC	M	69.0	28.5	7.2	104184	DLPFC_Male_BipolarDisorder_UCDavis_104184	False	False
GSE53987__HG-U133_Plus_2|HPC	GSM1304918	GSE92538__HG-U133A|PFC_DLPFC	GSM2431946	0.2567719470657547	3.995168974571096	0.23759316498463184	GSE53987	SCZ	HPC	M	38.0	28.8	6.56	k66	schiz_hip_8	GSE92538	MDD	PFC_DLPFC	M	53.0	17.3	6.62	102636	DLPFC_Male_MajorDepressiveDisorder_UMichigan_102636	False	False
GSE53987__HG-U133_Plus_2|HPC	GSM1304919	GSE92538__HG-U133A|PFC_DLPFC	GSM2432061	0.20849406871352816	3.246396947962766	0.16895979793982263	GSE53987	SCZ	HPC	M	52.0	27.1	6.68	k67	schiz_hip_9	GSE92538	CTL	PFC_DLPFC	M	65.0	15.0	6.88	108925	DLPFC_Male_Control_r_UMichigan_108925	False	False
GSE53987__HG-U133_Plus_2|HPC	GSM1304855	GSE92538__HG-U133_Plus_2|PFC_DLPFC	GSM2431725	0.2583461333750401	3.986337556297215	0.17208669126796708	GSE53987	BD	HPC	F	55.0	17.5	6.4	k3	bipolar_hip_13	GSE92538	SCZ	PFC_DLPFC	M	45.0	20.0	7.05	101421	DLPFC_Male_Schizophrenia_p_UCDavis_101421	False	False
GSE53987__HG-U133_Plus_2|HPC	GSM1304864	GSE92538__HG-U133_Plus_2|PFC_DLPFC	GSM2431782	0.1963752921432434	3.0280279276946582	0.1685323907706203	GSE53987	BD	HPC	M	45.0	27.2	7.1	k12	bipolar_hip_4	GSE92538	MDD	PFC_DLPFC	M	19.0	30.5	7.06	104349	DLPFC_Male_MajorDepressiveDisorder_p_UCDavis_104349	False	False
GSE53987__HG-U133_Plus_2|HPC	GSM1304865	GSE92538__HG-U133_Plus_2|PFC_DLPFC	GSM2431760	0.2302968687571556	3.552587104887369	0.13755664477952634	GSE53987	BD	HPC	M	42.0	12.5	6.7	k13	bipolar_hip_5	GSE92538	CTL	PFC_DLPFC	M	69.0	25.8	7.12	102854	DLPFC_Male_Control_p_UCDavis_102854	False	False
GSE53987__HG-U133_Plus_2|HPC	GSM1304874	GSE92538__HG-U133_Plus_2|PFC_DLPFC	GSM2431957	0.202791808545877	3.127252164908579	0.19674749007286227	GSE53987	CTL	HPC	M	55.0	28.0	6.1	k22	control_hip_14	GSE92538	SCZ	PFC_DLPFC	F	58.0	31.25	6.59	103620	DLPFC_Female_Schizophrenia_p_UMichigan_103620	False	False
GSE53987__HG-U133_Plus_2|HPC	GSM1304878	GSE92538__HG-U133_Plus_2|PFC_DLPFC	GSM2432040	0.2240047541593894	3.455286602208115	0.1848967270710428	GSE53987	CTL	HPC	F	40.0	16.6	6.8	k26	control_hip_18	GSE92538	CTL	PFC_DLPFC	M	59.0	8.5	6.4	108022	DLPFC_Male_Control_p_UMichigan_108022	False	True
GSE53987__HG-U133_Plus_2|HPC	GSM1304881	GSE92538__HG-U133_Plus_2|PFC_DLPFC	GSM2431945	0.20078483741057207	3.0962166048764637	0.16805976663007982	GSE53987	CTL	HPC	M	48.0	21.68	6.6	k29	control_hip_2	GSE92538	CTL	PFC_DLPFC	M	30.0	18.2	7.15	102623	DLPFC_Male_Control_p_UMichigan_102623	False	True
GSE53987__HG-U133_Plus_2|HPC	GSM1304904	GSE92538__HG-U133_Plus_2|PFC_DLPFC	GSM2431948	0.21044189810776573	3.2455522289565772	0.14962001241909503	GSE53987	MDD	HPC	M	51.0	28.3	7.3	k52	MDD_hip_9	GSE92538	CTL	PFC_DLPFC	M	69.0	25.8	7.12	102854	DLPFC_Male_Control_p_UMichigan_102854	False	False
GSE53987__HG-U133_Plus_2|HPC	GSM1304912	GSE92538__HG-U133_Plus_2|PFC_DLPFC	GSM2432083	0.2205192807059666	3.4013876603144575	0.21400360111434677	GSE53987	SCZ	HPC	M	46.0	15.8	6.19	k60	schiz_hip_2	GSE92538	CTL	PFC_DLPFC	M	32.0	10.0	7.04	109882	DLPFC_Male_Control_p_UMichigan_109882	False	False
GSE53987__HG-U133_Plus_2|HPC	GSM1304913	GSE92538__HG-U133_Plus_2|PFC_DLPFC	GSM2431837	0.1971152594728943	3.039470693401249	0.17760354109353865	GSE53987	SCZ	HPC	F	41.0	20.1	6.27	k61	schiz_hip_3	GSE92538	CTL	PFC_DLPFC	M	79.0	0.0	7.0	107309	DLPFC_Male_Control_p_UCDavis_107309	False	False
GSE53987__HG-U133_Plus_2|HPC	GSM1304915	GSE92538__HG-U133_Plus_2|PFC_DLPFC	GSM2431774	0.19784045179176052	3.0506849801197182	0.168027074722743	GSE53987	SCZ	HPC	M	37.0	5.98	6.07	k63	schiz_hip_5	GSE92538	CTL	PFC_DLPFC	M	48.0	20.2	6.79	104126	DLPFC_Male_Control_p_UCDavis_104126	False	False
GSE53987__HG-U133_Plus_2|HPC	GSM1304918	GSE92538__HG-U133_Plus_2|PFC_DLPFC	GSM2431852	0.20572573794441837	3.1726220959338125	0.12476989928499849	GSE53987	SCZ	HPC	M	38.0	28.8	6.56	k66	schiz_hip_8	GSE92538	CTL	PFC_DLPFC	M	64.0	24.5	6.55	108425	DLPFC_Male_Control_p_UCDavis_108425	False	False
GSE53987__HG-U133_Plus_2|PFC_BA46	GSM1304926	GSE53987__HG-U133_Plus_2|PFC_BA46	GSM1304975	0.3557294740532607	3.5078457930344134	0.2207654007089605	GSE53987	BD	PFC_BA46	F	49.0	21.5	6.7	k6	bipolar_pfc_16	GSE53987	SCZ	PFC_BA46	F	25.0	20.1	6.73	k55	schiz_pfc_12	False	False
GSE53987__HG-U133_Plus_2|PFC_BA46	GSM1304930	GSE53987__HG-U133_Plus_2|PFC_BA46	GSM1304958	0.35314226479168204	3.483286680269899	0.3355133753836802	GSE53987	BD	PFC_BA46	F	39.0	22.2	6.7	k11	bipolar_pfc_3	GSE53987	MDD	PFC_BA46	F	26.0	13.4	6.4	k38	MDD_pfc_12	False	False
GSE53987__HG-U133_Plus_2|PFC_BA46	GSM1304933	GSE53987__HG-U133_Plus_2|PFC_BA46	GSM1304974	0.34731555350993726	3.4279765584565127	0.2794320807318723	GSE53987	BD	PFC_BA46	M	65.0	8.9	6.7	k14	bipolar_pfc_6	GSE53987	SCZ	PFC_BA46	F	47.0	14.37	6.35	k54	schiz_pfc_11	False	False
GSE53987__HG-U133_Plus_2|PFC_BA46	GSM1304954	GSE53987__HG-U133_Plus_2|PFC_BA46	GSM1304963	0.3291023480176038	3.2550875022320653	0.2738093383866028	GSE53987	CTL	PFC_BA46	M	43.0	22.3	6.7	k35	control_pfc_8	GSE53987	MDD	PFC_BA46	F	54.0	17.9	6.2	k43	MDD_pfc_17	False	False
GSE53987__HG-U133_Plus_2|PFC_BA46	GSM1304955	GSE53987__HG-U133_Plus_2|PFC_BA46	GSM1304979	0.31335095091839704	3.1055671896300545	0.24474811384852319	GSE53987	CTL	PFC_BA46	M	46.0	22.0	6.3	k69	control_pfc_9	GSE53987	SCZ	PFC_BA46	F	44.0	24.5	6.63	k57	schiz_pfc_18	False	False
GSE53987__HG-U133_Plus_2|PFC_BA46	GSM1304967	GSE53987__HG-U133_Plus_2|PFC_BA46	GSM1304983	0.30247398270121983	3.002317447543597	0.1849533889900301	GSE53987	MDD	PFC_BA46	M	47.0	24.0	6.6	k48	MDD_pfc_4	GSE53987	SCZ	PFC_BA46	M	47.0	28.9	6.58	k62	schiz_pfc_4	False	False
GSE53987__HG-U133_Plus_2|PFC_BA46	GSM1304920	GSE53987__HG-U133_Plus_2|STR	GSM1304997	0.46472047931734045	5.698995192932859	0.20141970224946515	GSE53987	BD	PFC_BA46	M	52.0	23.5	6.7	k0	bipolar_pfc_10	GSE53987	BD	STR	M	52.0	23.5	6.7	k0	bipolar_str_10	True	True
GSE53987__HG-U133_Plus_2|PFC_BA46	GSM1304921	GSE53987__HG-U133_Plus_2|STR	GSM1304998	0.5235605009928488	6.415659371213733	0.186970197713185	GSE53987	BD	PFC_BA46	F	50.0	11.7	6.4	k1	bipolar_pfc_11	GSE53987	BD	STR	F	50.0	11.7	6.4	k1	bipolar_str_11	True	True
GSE53987__HG-U133_Plus_2|PFC_BA46	GSM1304922	GSE53987__HG-U133_Plus_2|STR	GSM1304999	0.43590343722686903	5.348007188473145	0.18787974639050808	GSE53987	BD	PFC_BA46	F	28.0	22.3	6.3	k2	bipolar_pfc_12	GSE53987	BD	STR	F	28.0	22.3	6.3	k2	bipolar_str_12	True	True
GSE53987__HG-U133_Plus_2|PFC_BA46	GSM1304924	GSE53987__HG-U133_Plus_2|STR	GSM1305001	0.5917028411495132	7.245624636757456	0.2203450539280288	GSE53987	BD	PFC_BA46	M	58.0	27.7	6.8	k4	bipolar_pfc_14	GSE53987	BD	STR	M	58.0	27.7	6.8	k4	bipolar_str_14	True	True
GSE53987__HG-U133_Plus_2|PFC_BA46	GSM1304926	GSE53987__HG-U133_Plus_2|STR	GSM1305002	0.5102805751844662	6.253911519223106	0.1690572216481507	GSE53987	BD	PFC_BA46	F	49.0	21.5	6.7	k6	bipolar_pfc_16	GSE53987	BD	STR	F	49.0	21.5	6.7	k6	bipolar_str_16	True	True
GSE53987__HG-U133_Plus_2|PFC_BA46	GSM1304927	GSE53987__HG-U133_Plus_2|STR	GSM1305003	0.36915596542422646	4.535031246765126	0.17655572989609156	GSE53987	BD	PFC_BA46	F	56.0	24.5	6.1	k68	bipolar_pfc_17	GSE53987	BD	STR	F	56.0	24.5	6.1	k68	bipolar_str_17	True	True
GSE53987__HG-U133_Plus_2|PFC_BA46	GSM1304928	GSE53987__HG-U133_Plus_2|STR	GSM1304988	0.4439587146495629	5.446119470055839	0.22384502408628884	GSE53987	BD	PFC_BA46	M	50.0	12.1	6.7	k9	bipolar_pfc_1	GSE53987	BD	STR	M	50.0	12.1	6.7	k9	bipolar_str_1	True	True
GSE53987__HG-U133_Plus_2|PFC_BA46	GSM1304929	GSE53987__HG-U133_Plus_2|STR	GSM1304989	0.3713405904411775	4.5616397089655525	0.21177764724936518	GSE53987	BD	PFC_BA46	M	40.0	18.5	6.4	k10	bipolar_pfc_2	GSE53987	BD	STR	M	40.0	18.5	6.4	k10	bipolar_str_2	True	True
GSE53987__HG-U133_Plus_2|PFC_BA46	GSM1304930	GSE53987__HG-U133_Plus_2|STR	GSM1304990	0.30326378919902774	3.7324726992854176	0.2283509579585894	GSE53987	BD	PFC_BA46	F	39.0	22.2	6.7	k11	bipolar_pfc_3	GSE53987	BD	STR	F	39.0	22.2	6.7	k11	bipolar_str_3	True	True
GSE53987__HG-U133_Plus_2|PFC_BA46	GSM1304931	GSE53987__HG-U133_Plus_2|STR	GSM1304991	0.5163366885608865	6.327674230263959	0.15372625600417128	GSE53987	BD	PFC_BA46	M	45.0	27.2	7.1	k12	bipolar_pfc_4	GSE53987	BD	STR	M	45.0	27.2	7.1	k12	bipolar_str_4	True	True
GSE53987__HG-U133_Plus_2|PFC_BA46	GSM1304932	GSE53987__HG-U133_Plus_2|STR	GSM1304992	0.5301895987361664	6.4964009608949596	0.15030280200483423	GSE53987	BD	PFC_BA46	M	42.0	12.5	6.7	k13	bipolar_pfc_5	GSE53987	BD	STR	M	42.0	12.5	6.7	k13	bipolar_str_5	True	True
GSE53987__HG-U133_Plus_2|PFC_BA46	GSM1304933	GSE53987__HG-U133_Plus_2|STR	GSM1304993	0.45199350324510007	5.543982200260747	0.13152707266109823	GSE53987	BD	PFC_BA46	M	65.0	8.9	6.7	k14	bipolar_pfc_6	GSE53987	BD	STR	M	65.0	8.9	6.7	k14	bipolar_str_6	True	True
GSE53987__HG-U133_Plus_2|PFC_BA46	GSM1304934	GSE53987__HG-U133_Plus_2|STR	GSM1304994	0.5098181785418078	6.248279585370699	0.2406222379225214	GSE53987	BD	PFC_BA46	F	51.0	21.5	6.7	k15	bipolar_pfc_7	GSE53987	BD	STR	F	51.0	21.5	6.7	k15	bipolar_str_7	True	True
GSE53987__HG-U133_Plus_2|PFC_BA46	GSM1304935	GSE53987__HG-U133_Plus_2|STR	GSM1304995	0.5857347749548634	7.172934329488332	0.28248460612795007	GSE53987	BD	PFC_BA46	M	39.0	24.2	6.6	k16	bipolar_pfc_8	GSE53987	BD	STR	M	39.0	24.2	6.6	k16	bipolar_str_8	True	True
GSE53987__HG-U133_Plus_2|PFC_BA46	GSM1304936	GSE53987__HG-U133_Plus_2|STR	GSM1304996	0.3894007217061509	4.781609871519798	0.1735952250140523	GSE53987	BD	PFC_BA46	M	48.0	18.1	6.9	k17	bipolar_pfc_9	GSE53987	BD	STR	M	48.0	18.1	6.9	k17	bipolar_str_9	True	True
GSE53987__HG-U133_Plus_2|PFC_BA46	GSM1304937	GSE53987__HG-U133_Plus_2|STR	GSM1305014	0.5129885925498269	6.286894835419339	0.16866202575109832	GSE53987	CTL	PFC_BA46	M	51.0	24.2	6.6	k18	control_pfc_10	GSE53987	CTL	STR	M	51.0	24.2	6.6	k18	control_str_10	True	True
GSE53987__HG-U133_Plus_2|PFC_BA46	GSM1304938	GSE53987__HG-U133_Plus_2|STR	GSM1305015	0.5524839752103929	6.767943705802487	0.1476851371485457	GSE53987	CTL	PFC_BA46	F	51.0	7.8	6.6	k19	control_pfc_11	GSE53987	CTL	STR	F	51.0	7.8	6.6	k19	control_str_11	True	True
GSE53987__HG-U133_Plus_2|PFC_BA46	GSM1304939	GSE53987__HG-U133_Plus_2|STR	GSM1305016	0.5259578881207236	6.444859249580445	0.17999216963199016	GSE53987	CTL	PFC_BA46	F	36.0	14.5	6.4	k20	control_pfc_12	GSE53987	CTL	STR	F	36.0	14.5	6.4	k20	control_str_12	True	True
GSE53987__HG-U133_Plus_2|PFC_BA46	GSM1304940	GSE53987__HG-U133_Plus_2|STR	GSM1305017	0.5683538557990018	6.961236886321233	0.22819042918513102	GSE53987	CTL	PFC_BA46	F	65.0	18.5	6.5	k21	control_pfc_13	GSE53987	CTL	STR	F	65.0	18.5	6.5	k21	control_str_13	True	True
GSE53987__HG-U133_Plus_2|PFC_BA46	GSM1304941	GSE53987__HG-U133_Plus_2|STR	GSM1305018	0.5272011766102065	6.460002349435084	0.19011571278610556	GSE53987	CTL	PFC_BA46	M	55.0	28.0	6.1	k22	control_pfc_14	GSE53987	CTL	STR	M	55.0	28.0	6.1	k22	control_str_14	True	True
GSE53987__HG-U133_Plus_2|PFC_BA46	GSM1304942	GSE53987__HG-U133_Plus_2|STR	GSM1305019	0.3403161317541038	4.183765643687373	0.17364188561209398	GSE53987	CTL	PFC_BA46	M	22.0	20.1	6.8	k23	control_pfc_15	GSE53987	CTL	STR	M	22.0	20.1	6.8	k23	control_str_15	True	True
GSE53987__HG-U133_Plus_2|PFC_BA46	GSM1304943	GSE53987__HG-U133_Plus_2|STR	GSM1305020	0.5184930895972736	6.353938927875884	0.1032637549702198	GSE53987	CTL	PFC_BA46	F	52.0	22.6	7.1	k24	control_pfc_16	GSE53987	CTL	STR	F	52.0	22.6	7.1	k24	control_str_16	True	True
GSE53987__HG-U133_Plus_2|PFC_BA46	GSM1304944	GSE53987__HG-U133_Plus_2|STR	GSM1305021	0.5401424291422056	6.6176252028547795	0.16807073896460492	GSE53987	CTL	PFC_BA46	F	58.0	22.7	6.4	k25	control_pfc_17	GSE53987	CTL	STR	F	58.0	22.7	6.4	k25	control_str_17	True	True
GSE53987__HG-U133_Plus_2|PFC_BA46	GSM1304945	GSE53987__HG-U133_Plus_2|STR	GSM1305022	0.5553968154626322	6.803421739399192	0.19421343721587953	GSE53987	CTL	PFC_BA46	F	40.0	16.6	6.8	k26	control_pfc_18	GSE53987	CTL	STR	F	40.0	16.6	6.8	k26	control_str_18	True	True
GSE53987__HG-U133_Plus_2|PFC_BA46	GSM1304947	GSE53987__HG-U133_Plus_2|STR	GSM1305005	0.2736216410771502	3.371435005529983	0.19184002138764897	GSE53987	CTL	PFC_BA46	M	49.0	21.2	6.5	k28	control_pfc_1	GSE53987	CTL	STR	M	49.0	21.2	6.5	k28	control_str_1	True	True
GSE53987__HG-U133_Plus_2|PFC_BA46	GSM1304949	GSE53987__HG-U133_Plus_2|STR	GSM1305007	0.5228827800746769	6.4074048143475935	0.17553541386972693	GSE53987	CTL	PFC_BA46	F	39.0	24.5	6.8	k30	control_pfc_3	GSE53987	CTL	STR	F	39.0	24.5	6.8	k30	control_str_3	True	True
GSE53987__HG-U133_Plus_2|PFC_BA46	GSM1304950	GSE53987__HG-U133_Plus_2|STR	GSM1305008	0.4767520411659647	5.845538126469352	0.1810279120291818	GSE53987	CTL	PFC_BA46	M	48.0	24.5	6.5	k31	control_pfc_4	GSE53987	CTL	STR	M	48.0	24.5	6.5	k31	control_str_4	True	True
GSE53987__HG-U133_Plus_2|PFC_BA46	GSM1304951	GSE53987__HG-U133_Plus_2|STR	GSM1305009	0.5943600379100955	7.2779889642802305	0.16737995795451335	GSE53987	CTL	PFC_BA46	M	43.0	13.8	6.6	k32	control_pfc_5	GSE53987	CTL	STR	M	43.0	13.8	6.6	k32	control_str_5	True	True
GSE53987__HG-U133_Plus_2|PFC_BA46	GSM1304952	GSE53987__HG-U133_Plus_2|STR	GSM1305010	0.5650224809349709	6.920661152976966	0.1822521849317409	GSE53987	CTL	PFC_BA46	M	68.0	11.8	6.8	k33	control_pfc_6	GSE53987	CTL	STR	M	68.0	11.8	6.8	k33	control_str_6	True	True
GSE53987__HG-U133_Plus_2|PFC_BA46	GSM1304953	GSE53987__HG-U133_Plus_2|STR	GSM1305011	0.5878153706555126	7.198275727497387	0.1867565366147901	GSE53987	CTL	PFC_BA46	F	58.0	18.8	6.6	k34	control_pfc_7	GSE53987	CTL	STR	F	58.0	18.8	6.6	k34	control_str_7	True	True
GSE53987__HG-U133_Plus_2|PFC_BA46	GSM1304954	GSE53987__HG-U133_Plus_2|STR	GSM1305012	0.39861931226609665	4.893891163069718	0.17178870951953992	GSE53987	CTL	PFC_BA46	M	43.0	22.3	6.7	k35	control_pfc_8	GSE53987	CTL	STR	M	43.0	22.3	6.7	k35	control_str_8	True	True
GSE53987__HG-U133_Plus_2|PFC_BA46	GSM1304955	GSE53987__HG-U133_Plus_2|STR	GSM1305013	0.48193391868771635	5.908652753050532	0.30049041954270544	GSE53987	CTL	PFC_BA46	M	46.0	22.0	6.3	k69	control_pfc_9	GSE53987	CTL	STR	M	46.0	22.0	6.3	k69	control_str_9	True	True
GSE53987__HG-U133_Plus_2|PFC_BA46	GSM1304956	GSE53987__HG-U133_Plus_2|STR	GSM1305031	0.5536555441350328	6.782213270237843	0.18613644757776449	GSE53987	MDD	PFC_BA46	M	51.0	24.6	6.5	k36	MDD_pfc_10	GSE53987	MDD	STR	M	51.0	24.6	6.5	k36	MDD_str_10	True	True
GSE53987__HG-U133_Plus_2|PFC_BA46	GSM1304957	GSE53987__HG-U133_Plus_2|STR	GSM1305032	0.5117769053794171	6.272136635718052	0.19469303715451308	GSE53987	MDD	PFC_BA46	F	53.0	11.9	6.7	k37	MDD_pfc_11	GSE53987	MDD	STR	F	53.0	11.9	6.7	k37	MDD_str_11	True	True
GSE53987__HG-U133_Plus_2|PFC_BA46	GSM1304958	GSE53987__HG-U133_Plus_2|STR	GSM1305033	0.48007042860354315	5.8859556745675645	0.1834901440926027	GSE53987	MDD	PFC_BA46	F	26.0	13.4	6.4	k38	MDD_pfc_12	GSE53987	MDD	STR	F	26.0	13.4	6.4	k38	MDD_str_12	True	True
GSE53987__HG-U133_Plus_2|PFC_BA46	GSM1304959	GSE53987__HG-U133_Plus_2|STR	GSM1305034	0.4745124181117418	5.8182597949849555	0.19556600156820056	GSE53987	MDD	PFC_BA46	F	52.0	10.3	6.5	k39	MDD_pfc_13	GSE53987	MDD	STR	F	52.0	10.3	6.5	k39	MDD_str_13	True	True
GSE53987__HG-U133_Plus_2|PFC_BA46	GSM1304960	GSE53987__HG-U133_Plus_2|STR	GSM1305035	0.41870158358085235	5.138490741043592	0.1549433746032166	GSE53987	MDD	PFC_BA46	M	62.0	26.0	6.5	k40	MDD_pfc_14	GSE53987	MDD	STR	M	62.0	26.0	6.5	k40	MDD_str_14	True	True
GSE53987__HG-U133_Plus_2|PFC_BA46	GSM1304962	GSE53987__HG-U133_Plus_2|STR	GSM1305037	0.3874374484471196	4.757697446322474	0.1730974781151459	GSE53987	MDD	PFC_BA46	F	49.0	23.4	6.4	k42	MDD_pfc_16	GSE53987	MDD	STR	F	49.0	23.4	6.4	k42	MDD_str_16	True	True
GSE53987__HG-U133_Plus_2|PFC_BA46	GSM1304963	GSE53987__HG-U133_Plus_2|STR	GSM1305038	0.4195193832495395	5.148451439746087	0.20686854321412548	GSE53987	MDD	PFC_BA46	F	54.0	17.9	6.2	k43	MDD_pfc_17	GSE53987	MDD	STR	F	54.0	17.9	6.2	k43	MDD_str_17	True	True
GSE53987__HG-U133_Plus_2|PFC_BA46	GSM1304965	GSE53987__HG-U133_Plus_2|STR	GSM1305023	0.5259794224415246	6.445121534941365	0.21079138558513022	GSE53987	MDD	PFC_BA46	M	42.0	14.3	6.4	k45	MDD_pfc_1	GSE53987	MDD	STR	M	42.0	14.3	6.4	k45	MDD_str_1	True	True
GSE53987__HG-U133_Plus_2|PFC_BA46	GSM1304967	GSE53987__HG-U133_Plus_2|STR	GSM1305025	0.5147867817116876	6.308796556754273	0.16555132222276517	GSE53987	MDD	PFC_BA46	M	47.0	24.0	6.6	k48	MDD_pfc_4	GSE53987	MDD	STR	M	47.0	24.0	6.6	k48	MDD_str_4	True	True
GSE53987__HG-U133_Plus_2|PFC_BA46	GSM1304968	GSE53987__HG-U133_Plus_2|STR	GSM1305026	0.47067390609744686	5.771507193945535	0.24734774335172785	GSE53987	MDD	PFC_BA46	M	44.0	11.0	6.5	k70	MDD_pfc_5	GSE53987	MDD	STR	M	44.0	11.0	6.5	k70	MDD_str_5	True	True
GSE53987__HG-U133_Plus_2|PFC_BA46	GSM1304969	GSE53987__HG-U133_Plus_2|STR	GSM1305027	0.5806416916018421	7.1109012048875595	0.18223804848869543	GSE53987	MDD	PFC_BA46	M	59.0	13.0	6.6	k49	MDD_pfc_6	GSE53987	MDD	STR	M	59.0	13.0	6.6	k49	MDD_str_6	True	True
GSE53987__HG-U133_Plus_2|PFC_BA46	GSM1304970	GSE53987__HG-U133_Plus_2|STR	GSM1305028	0.34421899381564774	4.231302020334294	0.16013702096508162	GSE53987	MDD	PFC_BA46	F	47.0	22.3	6.6	k50	MDD_pfc_7	GSE53987	MDD	STR	F	47.0	22.3	6.6	k50	MDD_str_7	True	True
GSE53987__HG-U133_Plus_2|PFC_BA46	GSM1304971	GSE53987__HG-U133_Plus_2|STR	GSM1305029	0.3721657874321886	4.5716905061379975	0.19543871980263725	GSE53987	MDD	PFC_BA46	M	34.0	24.4	6.6	k51	MDD_pfc_8	GSE53987	MDD	STR	M	34.0	24.4	6.6	k51	MDD_str_8	True	True
GSE53987__HG-U133_Plus_2|PFC_BA46	GSM1304972	GSE53987__HG-U133_Plus_2|STR	GSM1305030	0.5258994854634165	6.444147912446016	0.23541220378573494	GSE53987	MDD	PFC_BA46	M	51.0	28.3	7.3	k52	MDD_pfc_9	GSE53987	MDD	STR	M	51.0	28.3	7.3	k52	MDD_str_9	True	True
GSE53987__HG-U133_Plus_2|PFC_BA46	GSM1304973	GSE53987__HG-U133_Plus_2|STR	GSM1305048	0.46544418140964966	5.707809794806482	0.1263918258258499	GSE53987	SCZ	PFC_BA46	M	49.0	21.5	5.97	k53	schiz_pfc_10	GSE53987	SCZ	STR	M	49.0	21.5	5.97	k53	schiz_str_10	True	True
GSE53987__HG-U133_Plus_2|PFC_BA46	GSM1304974	GSE53987__HG-U133_Plus_2|STR	GSM1305049	0.5002254966745879	6.131441908019154	0.1396520483173669	GSE53987	SCZ	PFC_BA46	F	47.0	14.37	6.35	k54	schiz_pfc_11	GSE53987	SCZ	STR	F	47.0	14.37	6.35	k54	schiz_str_11	True	True
GSE53987__HG-U133_Plus_2|PFC_BA46	GSM1304975	GSE53987__HG-U133_Plus_2|STR	GSM1305050	0.45176507497305274	5.541199972191802	0.18693213172842207	GSE53987	SCZ	PFC_BA46	F	25.0	20.1	6.73	k55	schiz_pfc_12	GSE53987	SCZ	STR	F	25.0	20.1	6.73	k55	schiz_str_12	True	True
GSE53987__HG-U133_Plus_2|PFC_BA46	GSM1304976	GSE53987__HG-U133_Plus_2|STR	GSM1305051	0.43599080782768157	5.349071351572583	0.18600981726703114	GSE53987	SCZ	PFC_BA46	F	41.0	17.1	6.9	k71	schiz_pfc_13	GSE53987	SCZ	STR	F	41.0	17.1	6.9	k71	schiz_str_13	True	True
GSE53987__HG-U133_Plus_2|PFC_BA46	GSM1304977	GSE53987__HG-U133_Plus_2|STR	GSM1305052	0.4159083525134091	5.104469532507377	0.1178658698719416	GSE53987	SCZ	PFC_BA46	M	62.0	22.7	7.14	k56	schiz_pfc_14	GSE53987	SCZ	STR	M	62.0	22.7	7.14	k56	schiz_str_14	True	True
GSE53987__HG-U133_Plus_2|PFC_BA46	GSM1304978	GSE53987__HG-U133_Plus_2|STR	GSM1305054	0.6441704066988685	7.884673088476125	0.14892528637385732	GSE53987	SCZ	PFC_BA46	F	47.0	20.1	7.3	k72	schiz_pfc_16	GSE53987	SCZ	STR	F	47.0	20.1	7.3	k72	schiz_str_16	True	True
GSE53987__HG-U133_Plus_2|PFC_BA46	GSM1304979	GSE53987__HG-U133_Plus_2|STR	GSM1305056	0.3019514330339168	3.716488363693771	0.24845728514054272	GSE53987	SCZ	PFC_BA46	F	44.0	24.5	6.63	k57	schiz_pfc_18	GSE53987	SCZ	STR	F	44.0	24.5	6.63	k57	schiz_str_18	True	True
GSE53987__HG-U133_Plus_2|PFC_BA46	GSM1304981	GSE53987__HG-U133_Plus_2|STR	GSM1305039	0.36295869456090585	4.45954925501232	0.22050923941487932	GSE53987	SCZ	PFC_BA46	M	50.0	11.0	6.23	k59	schiz_pfc_1	GSE53987	SCZ	STR	M	50.0	11.0	6.23	k59	schiz_str_1	True	True
GSE53987__HG-U133_Plus_2|PFC_BA46	GSM1304982	GSE53987__HG-U133_Plus_2|STR	GSM1305041	0.45724960912372503	5.608000919037494	0.2401579787302926	GSE53987	SCZ	PFC_BA46	F	41.0	20.1	6.27	k61	schiz_pfc_3	GSE53987	SCZ	STR	F	41.0	20.1	6.27	k61	schiz_str_3	True	True
GSE53987__HG-U133_Plus_2|PFC_BA46	GSM1304983	GSE53987__HG-U133_Plus_2|STR	GSM1305042	0.31314481424058727	3.8528223607970067	0.17938308445689433	GSE53987	SCZ	PFC_BA46	M	47.0	28.9	6.58	k62	schiz_pfc_4	GSE53987	SCZ	STR	M	47.0	28.9	6.58	k62	schiz_str_4	True	True
GSE53987__HG-U133_Plus_2|PFC_BA46	GSM1304984	GSE53987__HG-U133_Plus_2|STR	GSM1305043	0.4159508050446978	5.104986599081889	0.18457065007709847	GSE53987	SCZ	PFC_BA46	M	37.0	5.98	6.07	k63	schiz_pfc_5	GSE53987	SCZ	STR	M	37.0	5.98	6.07	k63	schiz_str_5	True	True
GSE53987__HG-U133_Plus_2|PFC_BA46	GSM1304985	GSE53987__HG-U133_Plus_2|STR	GSM1305044	0.4802094885205716	5.887649407138205	0.14944792800109843	GSE53987	SCZ	PFC_BA46	M	58.0	7.7	6.22	k64	schiz_pfc_6	GSE53987	SCZ	STR	M	58.0	7.7	6.22	k64	schiz_str_6	True	True
GSE53987__HG-U133_Plus_2|PFC_BA46	GSM1304986	GSE53987__HG-U133_Plus_2|STR	GSM1305045	0.45222491556428823	5.5468007736543745	0.20129502982955053	GSE53987	SCZ	PFC_BA46	F	44.0	18.7	6.2	k65	schiz_pfc_7	GSE53987	SCZ	STR	F	44.0	18.7	6.2	k65	schiz_str_7	True	True
GSE53987__HG-U133_Plus_2|PFC_BA46	GSM1304987	GSE53987__HG-U133_Plus_2|STR	GSM1305047	0.5657242590659579	6.929208723716368	0.24480174762831491	GSE53987	SCZ	PFC_BA46	M	52.0	27.1	6.68	k67	schiz_pfc_9	GSE53987	SCZ	STR	M	52.0	27.1	6.68	k67	schiz_str_9	True	True
GSE53987__HG-U133_Plus_2|PFC_BA46	GSM1304955	GSE54567__HG-U133_Plus_2|PFC_BA9	GSM1319058	0.34121745894617467	4.513007671312304	0.21151634622360269	GSE53987	CTL	PFC_BA46	M	46.0	22.0	6.3	k69	control_pfc_9	GSE54567	CTL	PFC_BA9	M				Mpair22_CTL	Control matched sample pair brain dorsolateral prefrontal cortex BA9_M #22	False	True
GSE53987__HG-U133_Plus_2|PFC_BA46	GSM1304965	GSE54567__HG-U133_Plus_2|PFC_BA9	GSM1319076	0.4930995485784914	6.52509692005022	0.24031315144450668	GSE53987	MDD	PFC_BA46	M	42.0	14.3	6.4	k45	MDD_pfc_1	GSE54567	MDD	PFC_BA9	M				Mpair29_MDD	MDD matched sample pair brain dorsolateral prefrontal cortex BA9_M #29	False	True
GSE53987__HG-U133_Plus_2|PFC_BA46	GSM1304938	GSE54568__HG-U133_Plus_2|PFC_BA9	GSM1319084	0.5559051715280143	6.657388903293516	0.3438490847425581	GSE53987	CTL	PFC_BA46	F	51.0	7.8	6.6	k19	control_pfc_11	GSE54568	CTL	PFC_BA9	F				Fpair12_CTL	Control matched sample pair brain dorsolateral prefrontal cortex BA9_F #12	False	True
GSE53987__HG-U133_Plus_2|PFC_BA46	GSM1304939	GSE54568__HG-U133_Plus_2|PFC_BA9	GSM1319092	0.2693817945568616	3.2341467462887414	0.1763274722836552	GSE53987	CTL	PFC_BA46	F	36.0	14.5	6.4	k20	control_pfc_12	GSE54568	CTL	PFC_BA9	F				Fpair28_CTL	Control matched sample pair brain dorsolateral prefrontal cortex BA9_F #28	False	True
GSE53987__HG-U133_Plus_2|PFC_BA46	GSM1304943	GSE54568__HG-U133_Plus_2|PFC_BA9	GSM1319085	0.408049463813083	4.8908807141397626	0.2698402391599333	GSE53987	CTL	PFC_BA46	F	52.0	22.6	7.1	k24	control_pfc_16	GSE54568	CTL	PFC_BA9	F				Fpair13_CTL	Control matched sample pair brain dorsolateral prefrontal cortex BA9_F #13	False	True
GSE53987__HG-U133_Plus_2|PFC_BA46	GSM1304944	GSE54568__HG-U133_Plus_2|PFC_BA9	GSM1319081	0.5424744235807859	6.49692484950817	0.21688753733617996	GSE53987	CTL	PFC_BA46	F	58.0	22.7	6.4	k25	control_pfc_17	GSE54568	CTL	PFC_BA9	F				Fpair8_CTL	Control matched sample pair brain dorsolateral prefrontal cortex BA9_F #8	False	True
GSE53987__HG-U133_Plus_2|PFC_BA46	GSM1304945	GSE54568__HG-U133_Plus_2|PFC_BA9	GSM1319089	0.4747054376556437	5.687253917911665	0.20865246762905823	GSE53987	CTL	PFC_BA46	F	40.0	16.6	6.8	k26	control_pfc_18	GSE54568	CTL	PFC_BA9	F				Fpair19_CTL	Control matched sample pair brain dorsolateral prefrontal cortex BA9_F #19	False	True
GSE53987__HG-U133_Plus_2|PFC_BA46	GSM1304949	GSE54568__HG-U133_Plus_2|PFC_BA9	GSM1319082	0.2926269400920796	3.5118684560600215	0.24604052647394964	GSE53987	CTL	PFC_BA46	F	39.0	24.5	6.8	k30	control_pfc_3	GSE54568	CTL	PFC_BA9	F				Fpair9_CTL	Control matched sample pair brain dorsolateral prefrontal cortex BA9_F #9	False	True
GSE53987__HG-U133_Plus_2|PFC_BA46	GSM1304957	GSE54568__HG-U133_Plus_2|PFC_BA9	GSM1319098	0.40715589310252404	4.88020476525564	0.2934534240567979	GSE53987	MDD	PFC_BA46	F	53.0	11.9	6.7	k37	MDD_pfc_11	GSE54568	MDD	PFC_BA9	F				Fpair10_MDD	MDD matched sample pair brain dorsolateral prefrontal cortex BA9_F #10	False	True
GSE53987__HG-U133_Plus_2|PFC_BA46	GSM1304959	GSE54568__HG-U133_Plus_2|PFC_BA9	GSM1319099	0.33456409743611726	4.012913245084359	0.21553541485644662	GSE53987	MDD	PFC_BA46	F	52.0	10.3	6.5	k39	MDD_pfc_13	GSE54568	MDD	PFC_BA9	F				Fpair12_MDD	MDD matched sample pair brain dorsolateral prefrontal cortex BA9_F #12	False	True
GSE53987__HG-U133_Plus_2|PFC_BA46	GSM1304962	GSE54568__HG-U133_Plus_2|PFC_BA9	GSM1319100	0.36250759537941984	4.3467685876567055	0.20331811724776724	GSE53987	MDD	PFC_BA46	F	49.0	23.4	6.4	k42	MDD_pfc_16	GSE54568	MDD	PFC_BA9	F				Fpair13_MDD	MDD matched sample pair brain dorsolateral prefrontal cortex BA9_F #13	False	True
GSE53987__HG-U133_Plus_2|PFC_BA46	GSM1304966	GSE54568__HG-U133_Plus_2|PFC_BA9	GSM1319097	0.39043051935857037	4.680378122497178	0.29768199896006736	GSE53987	MDD	PFC_BA46	F	40.0	22.2	6.6	k47	MDD_pfc_3	GSE54568	MDD	PFC_BA9	F				Fpair9_MDD	MDD matched sample pair brain dorsolateral prefrontal cortex BA9_F #9	False	True
GSE53987__HG-U133_Plus_2|PFC_BA46	GSM1304970	GSE54568__HG-U133_Plus_2|PFC_BA9	GSM1319102	0.39139381528023076	4.691887114341255	0.16997150014646406	GSE53987	MDD	PFC_BA46	F	47.0	22.3	6.6	k50	MDD_pfc_7	GSE54568	MDD	PFC_BA9	F				Fpair16_MDD	MDD matched sample pair brain dorsolateral prefrontal cortex BA9_F #16	False	True
GSE53987__HG-U133_Plus_2|PFC_BA46	GSM1304938	GSE54571__HG-U133_Plus_2|ACC_BA25	GSM1319147	0.4083131749339741	4.7788600405055055	0.3863821566057501	GSE53987	CTL	PFC_BA46	F	51.0	7.8	6.6	k19	control_pfc_11	GSE54571	CTL	ACC_BA25	F				Fpair12_CTL	Control matched sample pair brain anterior cingulate cortex BA25_F #12	False	True
GSE53987__HG-U133_Plus_2|PFC_BA46	GSM1304943	GSE54571__HG-U133_Plus_2|ACC_BA25	GSM1319148	0.46836484862777505	5.481718338083225	0.3360061046360422	GSE53987	CTL	PFC_BA46	F	52.0	22.6	7.1	k24	control_pfc_16	GSE54571	CTL	ACC_BA25	F				Fpair13_CTL	Control matched sample pair brain anterior cingulate cortex BA25_F #13	False	True
GSE53987__HG-U133_Plus_2|PFC_BA46	GSM1304949	GSE54571__HG-U133_Plus_2|ACC_BA25	GSM1319145	0.29267498636067063	3.4254046685531727	0.189644249762475	GSE53987	CTL	PFC_BA46	F	39.0	24.5	6.8	k30	control_pfc_3	GSE54571	CTL	ACC_BA25	F				Fpair9_CTL	Control matched sample pair brain anterior cingulate cortex BA25_F #9	False	True
GSE53987__HG-U133_Plus_2|PFC_BA46	GSM1304959	GSE54571__HG-U133_Plus_2|ACC_BA25	GSM1319160	0.33604986839624784	3.93307404510724	0.23997861178843374	GSE53987	MDD	PFC_BA46	F	52.0	10.3	6.5	k39	MDD_pfc_13	GSE54571	MDD	ACC_BA25	F				Fpair12_MDD	MDD matched sample pair brain anterior cingulate cortex BA25_F #12	False	True
GSE53987__HG-U133_Plus_2|PFC_BA46	GSM1304966	GSE54571__HG-U133_Plus_2|ACC_BA25	GSM1319158	0.4513007031035397	5.281995740276253	0.3612277174418007	GSE53987	MDD	PFC_BA46	F	40.0	22.2	6.6	k47	MDD_pfc_3	GSE54571	MDD	ACC_BA25	F				Fpair9_MDD	MDD matched sample pair brain anterior cingulate cortex BA25_F #9	False	True
GSE53987__HG-U133_Plus_2|PFC_BA46	GSM1304965	GSE54572__HG-U133_Plus_2|ACC_BA25	GSM1319189	0.4828861507761133	5.805004030781577	0.4805847278262607	GSE53987	MDD	PFC_BA46	M	42.0	14.3	6.4	k45	MDD_pfc_1	GSE54572	MDD	ACC_BA25	M				Mpair26_MDD	MDD matched sample pair brain anterior cingulate cortex BA25_M #26	False	True
GSE53987__HG-U133_Plus_2|PFC_BA46	GSM1304981	GSE54572__HG-U133_Plus_2|ACC_BA25	GSM1319173	0.2831584008218103	3.4035064842500473	0.23331621232421645	GSE53987	SCZ	PFC_BA46	M	50.0	11.0	6.23	k59	schiz_pfc_1	GSE54572	CTL	ACC_BA25	M				Mpair18_CTL	Control matched sample pair brain anterior cingulate cortex BA25_M #18	False	False
GSE53987__HG-U133_Plus_2|PFC_BA46	GSM1304920	GSE92538__HG-U133A|PFC_DLPFC	GSM2431914	0.21160879788225642	3.1492508938504327	0.17174610430766993	GSE53987	BD	PFC_BA46	M	52.0	23.5	6.7	k0	bipolar_pfc_10	GSE92538	MDD	PFC_DLPFC	M	66.0	32.0	7.05	101597	DLPFC_Male_MajorDepressiveDisorder_UMichigan_101597	False	False
GSE53987__HG-U133_Plus_2|PFC_BA46	GSM1304923	GSE92538__HG-U133A|PFC_DLPFC	GSM2432013	0.24978711576285262	3.7172818418792057	0.20113460103498676	GSE53987	BD	PFC_BA46	F	55.0	17.5	6.4	k3	bipolar_pfc_13	GSE92538	CTL	PFC_DLPFC	M	77.0	7.25	6.62	106679	DLPFC_Male_Control_UMichigan_106679	False	False
GSE53987__HG-U133_Plus_2|PFC_BA46	GSM1304933	GSE92538__HG-U133A|PFC_DLPFC	GSM2431815	0.20864369772177593	3.1051350514388942	0.16852509571738292	GSE53987	BD	PFC_BA46	M	65.0	8.9	6.7	k14	bipolar_pfc_6	GSE92538	SCZ	PFC_DLPFC	M	64.0	8.5	6.24	106495	DLPFC_Male_Schizophrenia_UCDavis_106495	False	False
GSE53987__HG-U133_Plus_2|PFC_BA46	GSM1304935	GSE92538__HG-U133A|PFC_DLPFC	GSM2431780	0.20357996814111984	3.029795034540892	0.17767353899423077	GSE53987	BD	PFC_BA46	M	39.0	24.2	6.6	k16	bipolar_pfc_8	GSE92538	SCZ	PFC_DLPFC	M	50.0	6.25	6.81	104259	DLPFC_Male_Schizophrenia_UCDavis_104259	False	False
GSE53987__HG-U133_Plus_2|PFC_BA46	GSM1304940	GSE92538__HG-U133A|PFC_DLPFC	GSM2432080	0.22722712565248662	3.381626074907242	0.17199893723314522	GSE53987	CTL	PFC_BA46	F	65.0	18.5	6.5	k21	control_pfc_13	GSE92538	CTL	PFC_DLPFC	M	43.0	26.0	7.1	109779	DLPFC_Male_Control_UMichigan_109779	False	True
GSE53987__HG-U133_Plus_2|PFC_BA46	GSM1304945	GSE92538__HG-U133A|PFC_DLPFC	GSM2431918	0.21467361804327473	3.1948504068265065	0.16814720035614908	GSE53987	CTL	PFC_BA46	F	40.0	16.6	6.8	k26	control_pfc_18	GSE92538	BD	PFC_DLPFC	M	69.0	11.25	6.91	101690	DLPFC_Male_BipolarDisorder_r_UMichigan_101690	False	False
GSE53987__HG-U133_Plus_2|PFC_BA46	GSM1304946	GSE92538__HG-U133A|PFC_DLPFC	GSM2431947	0.2115283755440192	3.148054340949007	0.1496687846986663	GSE53987	CTL	PFC_BA46	F	41.0	15.4	6.6	k27	control_pfc_19	GSE92538	CTL	PFC_DLPFC	F	62.0	17.5		102785	DLPFC_Female_Control_UMichigan_102785	False	True
GSE53987__HG-U133_Plus_2|PFC_BA46	GSM1304962	GSE92538__HG-U133A|PFC_DLPFC	GSM2431743	0.2019578136070312	3.005660027316913	0.16950014540556096	GSE53987	MDD	PFC_BA46	F	49.0	23.4	6.4	k42	MDD_pfc_16	GSE92538	SCZ	PFC_DLPFC	M	44.0	24.0	7.21	102118	DLPFC_Male_Schizophrenia_UCDavis_102118	False	False
GSE53987__HG-U133_Plus_2|PFC_BA46	GSM1304970	GSE92538__HG-U133A|PFC_DLPFC	GSM2431879	0.2042502335066907	3.039767487288203	0.1849815541384612	GSE53987	MDD	PFC_BA46	F	47.0	22.3	6.6	k50	MDD_pfc_7	GSE92538	MDD	PFC_DLPFC	M	47.0	29.0	7.25	109923	DLPFC_Male_MajorDepressiveDisorder_UCDavis_109923	False	True
GSE53987__HG-U133_Plus_2|PFC_BA46	GSM1304972	GSE92538__HG-U133A|PFC_DLPFC	GSM2431973	0.2072571069062514	3.0845048471974787	0.16859738851652054	GSE53987	MDD	PFC_BA46	M	51.0	28.3	7.3	k52	MDD_pfc_9	GSE92538	CTL	PFC_DLPFC	F	65.0	31.25		104659	DLPFC_Female_Control_UMichigan_104659	False	False
GSE53987__HG-U133_Plus_2|PFC_BA46	GSM1304975	GSE92538__HG-U133A|PFC_DLPFC	GSM2431906	0.2037136256280957	3.031783639415404	0.16719605762929765	GSE53987	SCZ	PFC_BA46	F	25.0	20.1	6.73	k55	schiz_pfc_12	GSE92538	CTL	PFC_DLPFC	M	32.0	27.25	6.97	101244	DLPFC_Male_Control_UMichigan_101244	False	False
GSE53987__HG-U133_Plus_2|PFC_BA46	GSM1304976	GSE92538__HG-U133A|PFC_DLPFC	GSM2431929	0.2064237814044893	3.072106326229035	0.19853429532553726	GSE53987	SCZ	PFC_BA46	F	41.0	17.1	6.9	k71	schiz_pfc_13	GSE92538	CTL	PFC_DLPFC	F	64.0	19.25	6.83	102212	DLPFC_Female_Control_UMichigan_102212	False	False
GSE53987__HG-U133_Plus_2|PFC_BA46	GSM1304979	GSE92538__HG-U133A|PFC_DLPFC	GSM2431795	0.21268888672165684	3.165320849821744	0.16182233671567714	GSE53987	SCZ	PFC_BA46	F	44.0	24.5	6.63	k57	schiz_pfc_18	GSE92538	MDD	PFC_DLPFC	F	48.0	37.0	6.95	105643	DLPFC_Female_MajorDepressiveDisorder_UCDavis_105643	False	False
GSE53987__HG-U133_Plus_2|PFC_BA46	GSM1304982	GSE92538__HG-U133A|PFC_DLPFC	GSM2431975	0.22923794643867054	3.4115438004881415	0.2178284697647038	GSE53987	SCZ	PFC_BA46	F	41.0	20.1	6.27	k61	schiz_pfc_3	GSE92538	BD	PFC_DLPFC	F	56.0	29.0	6.83	104808	DLPFC_Female_BipolarDisorder_r_UMichigan_104808	False	False
GSE53987__HG-U133_Plus_2|PFC_BA46	GSM1304984	GSE92538__HG-U133A|PFC_DLPFC	GSM2431992	0.21150971327517223	3.1477766769016107	0.19599569088765884	GSE53987	SCZ	PFC_BA46	M	37.0	5.98	6.07	k63	schiz_pfc_5	GSE92538	BD	PFC_DLPFC	F	66.0	52.0	6.66	105867	DLPFC_Female_BipolarDisorder_UMichigan_105867	False	False
GSE53987__HG-U133_Plus_2|PFC_BA46	GSM1304985	GSE92538__HG-U133A|PFC_DLPFC	GSM2431842	0.2036784394442331	3.0312601265293866	0.15038756585236296	GSE53987	SCZ	PFC_BA46	M	58.0	7.7	6.22	k64	schiz_pfc_6	GSE92538	MDD	PFC_DLPFC	M	19.0	18.0	7.11	107727	DLPFC_Male_MajorDepressiveDisorder_UCDavis_107727	False	False
GSE53987__HG-U133_Plus_2|PFC_BA46	GSM1304921	GSE92538__HG-U133_Plus_2|PFC_DLPFC	GSM2431809	0.20602573731779572	3.063619830327672	0.14814527759271093	GSE53987	BD	PFC_BA46	F	50.0	11.7	6.4	k1	bipolar_pfc_11	GSE92538	CTL	PFC_DLPFC	M	40.0	12.25	6.76	106229	DLPFC_Male_Control_p_UCDavis_106229	False	False
GSE53987__HG-U133_Plus_2|PFC_BA46	GSM1304928	GSE92538__HG-U133_Plus_2|PFC_DLPFC	GSM2431940	0.20446116892811417	3.0404001969553995	0.14779766754402052	GSE53987	BD	PFC_BA46	M	50.0	12.1	6.7	k9	bipolar_pfc_1	GSE92538	MDD	PFC_DLPFC	M	40.0	25.5	6.99	102482	DLPFC_Male_MajorDepressiveDisorder_p_UMichigan_102482	False	False
GSE53987__HG-U133_Plus_2|PFC_BA46	GSM1304929	GSE92538__HG-U133_Plus_2|PFC_DLPFC	GSM2431904	0.20453718336140558	3.041528321033368	0.13270642011477754	GSE53987	BD	PFC_BA46	M	40.0	18.5	6.4	k10	bipolar_pfc_2	GSE92538	BD	PFC_DLPFC	F	51.0	16.8	6.81	101101	DLPFC_Female_BipolarDisorder_p_UMichigan_101101	False	True
GSE53987__HG-U133_Plus_2|PFC_BA46	GSM1304931	GSE92538__HG-U133_Plus_2|PFC_DLPFC	GSM2432000	0.21223815202920562	3.1558177763598096	0.16968976099336014	GSE53987	BD	PFC_BA46	M	45.0	27.2	7.1	k12	bipolar_pfc_4	GSE92538	SCZ	PFC_DLPFC	M	35.0	26.5	6.61	106082	DLPFC_Male_Schizophrenia_p_UMichigan_106082	False	False
GSE53987__HG-U133_Plus_2|PFC_BA46	GSM1304935	GSE92538__HG-U133_Plus_2|PFC_DLPFC	GSM2431779	0.23348682986629024	3.471167691567449	0.18546533212140892	GSE53987	BD	PFC_BA46	M	39.0	24.2	6.6	k16	bipolar_pfc_8	GSE92538	SCZ	PFC_DLPFC	M	50.0	6.25	6.81	104259	DLPFC_Male_Schizophrenia_r_p_UCDavis_104259	False	False
GSE53987__HG-U133_Plus_2|PFC_BA46	GSM1304939	GSE92538__HG-U133_Plus_2|PFC_DLPFC	GSM2432017	0.20814733562224735	3.0951062997702943	0.20143006326963472	GSE53987	CTL	PFC_BA46	F	36.0	14.5	6.4	k20	control_pfc_12	GSE92538	SCZ	PFC_DLPFC	M	40.0	14.5	6.9	106753	DLPFC_Male_Schizophrenia_p_UMichigan_106753	False	False
GSE53987__HG-U133_Plus_2|PFC_BA46	GSM1304941	GSE92538__HG-U133_Plus_2|PFC_DLPFC	GSM2431748	0.20302942974743762	3.01915187116838	0.17272078097033822	GSE53987	CTL	PFC_BA46	M	55.0	28.0	6.1	k22	control_pfc_14	GSE92538	MDD	PFC_DLPFC	M	50.0	30.8	6.84	102362	DLPFC_Male_MajorDepressiveDisorder_p_UCDavis_102362	False	False
GSE53987__HG-U133_Plus_2|PFC_BA46	GSM1304979	GSE92538__HG-U133_Plus_2|PFC_DLPFC	GSM2431720	0.20628600046110873	3.0674823746612394	0.1649254601485408	GSE53987	SCZ	PFC_BA46	F	44.0	24.5	6.63	k57	schiz_pfc_18	GSE92538	CTL	PFC_DLPFC	M	56.0	24.5	6.98	101108	DLPFC_Male_Control_p_UCDavis_101108	False	False
GSE53987__HG-U133_Plus_2|PFC_BA46	GSM1304984	GSE92538__HG-U133_Plus_2|PFC_DLPFC	GSM2432040	0.21106665776977757	3.138431724474166	0.19286982737648345	GSE53987	SCZ	PFC_BA46	M	37.0	5.98	6.07	k63	schiz_pfc_5	GSE92538	CTL	PFC_DLPFC	M	59.0	8.5	6.4	108022	DLPFC_Male_Control_p_UMichigan_108022	False	False
GSE53987__HG-U133_Plus_2|STR	GSM1304989	GSE53987__HG-U133_Plus_2|STR	GSM1304990	0.42356753468288777	4.241344889290737	0.23361317478779142	GSE53987	BD	STR	M	40.0	18.5	6.4	k10	bipolar_str_2	GSE53987	BD	STR	F	39.0	22.2	6.7	k11	bipolar_str_3	False	True
GSE53987__HG-U133_Plus_2|STR	GSM1305004	GSE53987__HG-U133_Plus_2|STR	GSM1305047	0.42461852670600825	4.251535564285944	0.26522409588679746	GSE53987	BD	STR	F	42.0	31.2	6.5	k7	bipolar_str_18	GSE53987	SCZ	STR	M	52.0	27.1	6.68	k67	schiz_str_9	False	False
GSE53987__HG-U133_Plus_2|STR	GSM1305006	GSE53987__HG-U133_Plus_2|STR	GSM1305030	0.4832296402176755	4.819843216261423	0.3626975730026991	GSE53987	CTL	STR	M	48.0	21.68	6.6	k29	control_str_2	GSE53987	MDD	STR	M	51.0	28.3	7.3	k52	MDD_str_9	False	False
GSE53987__HG-U133_Plus_2|STR	GSM1305013	GSE53987__HG-U133_Plus_2|STR	GSM1305056	0.47943490621295787	4.783048549808561	0.2419273879552567	GSE53987	CTL	STR	M	46.0	22.0	6.3	k69	control_str_9	GSE53987	SCZ	STR	F	44.0	24.5	6.63	k57	schiz_str_18	False	False
GSE53987__HG-U133_Plus_2|STR	GSM1305034	GSE53987__HG-U133_Plus_2|STR	GSM1305041	0.32090141267463007	3.2458691298287285	0.2388279010213417	GSE53987	MDD	STR	F	52.0	10.3	6.5	k39	MDD_str_13	GSE53987	SCZ	STR	F	41.0	20.1	6.27	k61	schiz_str_3	False	False
GSE53987__HG-U133_Plus_2|STR	GSM1305035	GSE53987__HG-U133_Plus_2|STR	GSM1305042	0.3436776976043521	3.466713543688195	0.2186548263785093	GSE53987	MDD	STR	M	62.0	26.0	6.5	k40	MDD_str_14	GSE53987	SCZ	STR	M	47.0	28.9	6.58	k62	schiz_str_4	False	False
GSE53987__HG-U133_Plus_2|STR	GSM1305046	GSE53987__HG-U133_Plus_2|STR	GSM1305051	0.485714126956335	4.843933405650688	0.3556375572487209	GSE53987	SCZ	STR	M	38.0	28.8	6.56	k66	schiz_str_8	GSE53987	SCZ	STR	F	41.0	17.1	6.9	k71	schiz_str_13	False	True
GSE53987__HG-U133_Plus_2|STR	GSM1305053	GSE53987__HG-U133_Plus_2|STR	GSM1305055	0.4109575382369661	4.119075288148041	0.3549515885674775	GSE53987	SCZ	STR	M	32.0	30.8	6.18	k73	schiz_str_15	GSE53987	SCZ	STR	F	50.0	22.9	6.25	k74	schiz_str_17	False	True
GSE53987__HG-U133_Plus_2|STR	GSM1305013	GSE54567__HG-U133_Plus_2|PFC_BA9	GSM1319058	0.29986093256586266	4.03921489424392	0.2352040810821353	GSE53987	CTL	STR	M	46.0	22.0	6.3	k69	control_str_9	GSE54567	CTL	PFC_BA9	M				Mpair22_CTL	Control matched sample pair brain dorsolateral prefrontal cortex BA9_M #22	False	True
GSE53987__HG-U133_Plus_2|STR	GSM1305023	GSE54567__HG-U133_Plus_2|PFC_BA9	GSM1319076	0.45444665018272823	6.116118951978061	0.28113934617990066	GSE53987	MDD	STR	M	42.0	14.3	6.4	k45	MDD_str_1	GSE54567	MDD	PFC_BA9	M				Mpair29_MDD	MDD matched sample pair brain dorsolateral prefrontal cortex BA9_M #29	False	True
GSE53987__HG-U133_Plus_2|STR	GSM1305044	GSE54567__HG-U133_Plus_2|PFC_BA9	GSM1319057	0.22898679467871624	3.0870002470211433	0.2162561114753603	GSE53987	SCZ	STR	M	58.0	7.7	6.22	k64	schiz_str_6	GSE54567	CTL	PFC_BA9	M				Mpair20_CTL	Control matched sample pair brain dorsolateral prefrontal cortex BA9_M #20	False	False
GSE53987__HG-U133_Plus_2|STR	GSM1305015	GSE54568__HG-U133_Plus_2|PFC_BA9	GSM1319084	0.5603046045832478	7.464256354157138	0.24443850020484112	GSE53987	CTL	STR	F	51.0	7.8	6.6	k19	control_str_11	GSE54568	CTL	PFC_BA9	F				Fpair12_CTL	Control matched sample pair brain dorsolateral prefrontal cortex BA9_F #12	False	True
GSE53987__HG-U133_Plus_2|STR	GSM1305020	GSE54568__HG-U133_Plus_2|PFC_BA9	GSM1319085	0.31601209012790654	4.209644106719513	0.21628410543317772	GSE53987	CTL	STR	F	52.0	22.6	7.1	k24	control_str_16	GSE54568	CTL	PFC_BA9	F				Fpair13_CTL	Control matched sample pair brain dorsolateral prefrontal cortex BA9_F #13	False	True
GSE53987__HG-U133_Plus_2|STR	GSM1305021	GSE54568__HG-U133_Plus_2|PFC_BA9	GSM1319081	0.4009802688509978	5.341641440862944	0.2421256735508602	GSE53987	CTL	STR	F	58.0	22.7	6.4	k25	control_str_17	GSE54568	CTL	PFC_BA9	F				Fpair8_CTL	Control matched sample pair brain dorsolateral prefrontal cortex BA9_F #8	False	True
GSE53987__HG-U133_Plus_2|STR	GSM1305022	GSE54568__HG-U133_Plus_2|PFC_BA9	GSM1319089	0.49139083053797267	6.54614548397776	0.1995432588015664	GSE53987	CTL	STR	F	40.0	16.6	6.8	k26	control_str_18	GSE54568	CTL	PFC_BA9	F				Fpair19_CTL	Control matched sample pair brain dorsolateral prefrontal cortex BA9_F #19	False	True
GSE53987__HG-U133_Plus_2|STR	GSM1305028	GSE54568__HG-U133_Plus_2|PFC_BA9	GSM1319102	0.35483476769247146	4.726863237079127	0.2622885604770208	GSE53987	MDD	STR	F	47.0	22.3	6.6	k50	MDD_str_7	GSE54568	MDD	PFC_BA9	F				Fpair16_MDD	MDD matched sample pair brain dorsolateral prefrontal cortex BA9_F #16	False	True
GSE53987__HG-U133_Plus_2|STR	GSM1305032	GSE54568__HG-U133_Plus_2|PFC_BA9	GSM1319098	0.3473477815464041	4.627117091104436	0.21616041189281987	GSE53987	MDD	STR	F	53.0	11.9	6.7	k37	MDD_str_11	GSE54568	MDD	PFC_BA9	F				Fpair10_MDD	MDD matched sample pair brain dorsolateral prefrontal cortex BA9_F #10	False	True
GSE53987__HG-U133_Plus_2|STR	GSM1305033	GSE54568__HG-U133_Plus_2|PFC_BA9	GSM1319106	0.26484096400501256	3.527911495443815	0.25188716731124566	GSE53987	MDD	STR	F	26.0	13.4	6.4	k38	MDD_str_12	GSE54568	MDD	PFC_BA9	F				Fpair24_MDD	MDD matched sample pair brain dorsolateral prefrontal cortex BA9_F #24	False	True
GSE53987__HG-U133_Plus_2|STR	GSM1305034	GSE54568__HG-U133_Plus_2|PFC_BA9	GSM1319099	0.3035374320763693	4.043449186798823	0.21676613050344526	GSE53987	MDD	STR	F	52.0	10.3	6.5	k39	MDD_str_13	GSE54568	MDD	PFC_BA9	F				Fpair12_MDD	MDD matched sample pair brain dorsolateral prefrontal cortex BA9_F #12	False	True
GSE53987__HG-U133_Plus_2|STR	GSM1305037	GSE54568__HG-U133_Plus_2|PFC_BA9	GSM1319100	0.29786313195574454	3.9678527375609236	0.2265083384576502	GSE53987	MDD	STR	F	49.0	23.4	6.4	k42	MDD_str_16	GSE54568	MDD	PFC_BA9	F				Fpair13_MDD	MDD matched sample pair brain dorsolateral prefrontal cortex BA9_F #13	False	True
GSE53987__HG-U133_Plus_2|STR	GSM1305015	GSE54571__HG-U133_Plus_2|ACC_BA25	GSM1319147	0.4102285753319458	5.343438664261014	0.40015341875528404	GSE53987	CTL	STR	F	51.0	7.8	6.6	k19	control_str_11	GSE54571	CTL	ACC_BA25	F				Fpair12_CTL	Control matched sample pair brain anterior cingulate cortex BA25_F #12	False	True
GSE53987__HG-U133_Plus_2|STR	GSM1305017	GSE54571__HG-U133_Plus_2|ACC_BA25	GSM1319151	0.23544040701395555	3.0716978980744627	0.2164085708684033	GSE53987	CTL	STR	F	65.0	18.5	6.5	k21	control_str_13	GSE54571	CTL	ACC_BA25	F				Fpair17_CTL	Control matched sample pair brain anterior cingulate cortex BA25_F #17	False	True
GSE53987__HG-U133_Plus_2|STR	GSM1305020	GSE54571__HG-U133_Plus_2|ACC_BA25	GSM1319148	0.37504250025476643	4.886121433214194	0.31737467364924954	GSE53987	CTL	STR	F	52.0	22.6	7.1	k24	control_str_16	GSE54571	CTL	ACC_BA25	F				Fpair13_CTL	Control matched sample pair brain anterior cingulate cortex BA25_F #13	False	True
GSE53987__HG-U133_Plus_2|STR	GSM1305032	GSE54571__HG-U133_Plus_2|ACC_BA25	GSM1319159	0.36968052002055957	4.816431195008977	0.28605335771179785	GSE53987	MDD	STR	F	53.0	11.9	6.7	k37	MDD_str_11	GSE54571	MDD	ACC_BA25	F				Fpair10_MDD	MDD matched sample pair brain anterior cingulate cortex BA25_F #10	False	True
GSE53987__HG-U133_Plus_2|STR	GSM1305033	GSE54571__HG-U133_Plus_2|ACC_BA25	GSM1319149	0.2787726795812916	3.634892140739871	0.276547829166903	GSE53987	MDD	STR	F	26.0	13.4	6.4	k38	MDD_str_12	GSE54571	CTL	ACC_BA25	F				Fpair14_CTL	Control matched sample pair brain anterior cingulate cortex BA25_F #14	False	False
GSE53987__HG-U133_Plus_2|STR	GSM1305034	GSE54571__HG-U133_Plus_2|ACC_BA25	GSM1319160	0.36412620299495896	4.744241134681637	0.25830169163160693	GSE53987	MDD	STR	F	52.0	10.3	6.5	k39	MDD_str_13	GSE54571	MDD	ACC_BA25	F				Fpair12_MDD	MDD matched sample pair brain anterior cingulate cortex BA25_F #12	False	True
GSE53987__HG-U133_Plus_2|STR	GSM1305023	GSE54572__HG-U133_Plus_2|ACC_BA25	GSM1319189	0.4393359785591992	4.952495297628072	0.42062217866667656	GSE53987	MDD	STR	M	42.0	14.3	6.4	k45	MDD_str_1	GSE54572	MDD	ACC_BA25	M				Mpair26_MDD	MDD matched sample pair brain anterior cingulate cortex BA25_M #26	False	True
GSE53987__HG-U133_Plus_2|STR	GSM1304992	GSE92538__HG-U133A|PFC_DLPFC	GSM2431795	0.20926791098908593	3.1877558118822154	0.16830095976443993	GSE53987	BD	STR	M	42.0	12.5	6.7	k13	bipolar_str_5	GSE92538	MDD	PFC_DLPFC	F	48.0	37.0	6.95	105643	DLPFC_Female_MajorDepressiveDisorder_UCDavis_105643	False	False
GSE53987__HG-U133_Plus_2|STR	GSM1304998	GSE92538__HG-U133A|PFC_DLPFC	GSM2431768	0.20324840599017902	3.0958670218976008	0.17306196154805115	GSE53987	BD	STR	F	50.0	11.7	6.4	k1	bipolar_str_11	GSE92538	SCZ	PFC_DLPFC	M	48.0	27.0	6.93	103311	DLPFC_Male_Schizophrenia_UCDavis_103311	False	False
GSE53987__HG-U133_Plus_2|STR	GSM1305000	GSE92538__HG-U133A|PFC_DLPFC	GSM2432059	0.19782880085106128	3.0131358075339016	0.1951519565043938	GSE53987	BD	STR	F	55.0	17.5	6.4	k3	bipolar_str_13	GSE92538	BD	PFC_DLPFC	M	52.0	28.75	7.05	108923	DLPFC_Male_BipolarDisorder_UMichigan_108923	False	True
GSE53987__HG-U133_Plus_2|STR	GSM1305002	GSE92538__HG-U133A|PFC_DLPFC	GSM2432026	0.21721385481771813	3.3090520254132803	0.17431864778608017	GSE53987	BD	STR	F	49.0	21.5	6.7	k6	bipolar_str_16	GSE92538	MDD	PFC_DLPFC	M	58.0	24.0	6.93	107185	DLPFC_Male_MajorDepressiveDisorder_r_UMichigan_107185	False	False
GSE53987__HG-U133_Plus_2|STR	GSM1305017	GSE92538__HG-U133A|PFC_DLPFC	GSM2432080	0.2502138120909118	3.812802108506223	0.195321614756514	GSE53987	CTL	STR	F	65.0	18.5	6.5	k21	control_str_13	GSE92538	CTL	PFC_DLPFC	M	43.0	26.0	7.1	109779	DLPFC_Male_Control_UMichigan_109779	False	True
GSE53987__HG-U133_Plus_2|STR	GSM1305018	GSE92538__HG-U133A|PFC_DLPFC	GSM2431978	0.22237577346325654	3.3878496106671636	0.17447727526067025	GSE53987	CTL	STR	M	55.0	28.0	6.1	k22	control_str_14	GSE92538	MDD	PFC_DLPFC	F	80.0	15.0	6.68	105080	DLPFC_Female_MajorDepressiveDisorder_UMichigan_105080	False	False
GSE53987__HG-U133_Plus_2|STR	GSM1305019	GSE92538__HG-U133A|PFC_DLPFC	GSM2431993	0.22356782912957401	3.406046547590068	0.19878389965694002	GSE53987	CTL	STR	M	22.0	20.1	6.8	k23	control_str_15	GSE92538	CTL	PFC_DLPFC	M	18.0	22.0	6.97	105928	DLPFC_Male_Control_r_UMichigan_105928	False	True
GSE53987__HG-U133_Plus_2|STR	GSM1305023	GSE92538__HG-U133A|PFC_DLPFC	GSM2431856	0.21258235177535736	3.238351326526931	0.1855960175068807	GSE53987	MDD	STR	M	42.0	14.3	6.4	k45	MDD_str_1	GSE92538	CTL	PFC_DLPFC	M	25.0	13.75	6.87	108632	DLPFC_Male_Control_UCDavis_108632	False	False
GSE53987__HG-U133_Plus_2|STR	GSM1305026	GSE92538__HG-U133A|PFC_DLPFC	GSM2432033	0.2123392718456318	3.234640669152931	0.19508019961064754	GSE53987	MDD	STR	M	44.0	11.0	6.5	k70	MDD_str_5	GSE92538	MDD	PFC_DLPFC	M	52.0	16.0	6.82	107683	DLPFC_Male_MajorDepressiveDisorder_UMichigan_107683	False	True
GSE53987__HG-U133_Plus_2|STR	GSM1305028	GSE92538__HG-U133A|PFC_DLPFC	GSM2431807	0.20714829915404093	3.1553995688365295	0.2030023197143852	GSE53987	MDD	STR	F	47.0	22.3	6.6	k50	MDD_str_7	GSE92538	MDD	PFC_DLPFC	F	50.0	15.25	6.59	106149	DLPFC_Female_MajorDepressiveDisorder_UCDavis_106149	False	True
GSE53987__HG-U133_Plus_2|STR	GSM1305030	GSE92538__HG-U133A|PFC_DLPFC	GSM2432023	0.2286737575413953	3.483989432195284	0.20901296449939502	GSE53987	MDD	STR	M	51.0	28.3	7.3	k52	MDD_str_9	GSE92538	MDD	PFC_DLPFC	M	46.0	27.3	6.91	107061	DLPFC_Male_MajorDepressiveDisorder_UMichigan_107061	False	True
GSE53987__HG-U133_Plus_2|STR	GSM1305031	GSE92538__HG-U133A|PFC_DLPFC	GSM2431929	0.20716598799169786	3.155669592017642	0.16111339392338542	GSE53987	MDD	STR	M	51.0	24.6	6.5	k36	MDD_str_10	GSE92538	CTL	PFC_DLPFC	F	64.0	19.25	6.83	102212	DLPFC_Female_Control_UMichigan_102212	False	False
GSE53987__HG-U133_Plus_2|STR	GSM1305033	GSE92538__HG-U133A|PFC_DLPFC	GSM2431896	0.22607765652200287	3.444359498937796	0.17490626008806484	GSE53987	MDD	STR	F	26.0	13.4	6.4	k38	MDD_str_12	GSE92538	SCZ	PFC_DLPFC	F	59.0	14.8	6.55	108583	DLPFC_Female_Schizophrenia_UCIrvine_108583	False	False
GSE53987__HG-U133_Plus_2|STR	GSM1305041	GSE92538__HG-U133A|PFC_DLPFC	GSM2431895	0.20143242840499556	3.0681458084469946	0.15143094156351117	GSE53987	SCZ	STR	F	41.0	20.1	6.27	k61	schiz_str_3	GSE92538	CTL	PFC_DLPFC	F	48.0	27.0	7.1	107886	DLPFC_Female_Control_UCIrvine_107886	False	False
GSE53987__HG-U133_Plus_2|STR	GSM1305049	GSE92538__HG-U133A|PFC_DLPFC	GSM2431841	0.19707029245075414	3.0015570449761757	0.19234401654394878	GSE53987	SCZ	STR	F	47.0	14.37	6.35	k54	schiz_str_11	GSE92538	BD	PFC_DLPFC	F	39.0	23.5	6.44	107706	DLPFC_Female_BipolarDisorder_UCDavis_107706	False	False
GSE53987__HG-U133_Plus_2|STR	GSM1305053	GSE92538__HG-U133A|PFC_DLPFC	GSM2431981	0.2061808510667509	3.1406313056437662	0.17037556767677145	GSE53987	SCZ	STR	M	32.0	30.8	6.18	k73	schiz_str_15	GSE92538	CTL	PFC_DLPFC	M	55.0	22.75		105262	DLPFC_Male_Control_UMichigan_105262	False	False
GSE53987__HG-U133_Plus_2|STR	GSM1304989	GSE92538__HG-U133_Plus_2|PFC_DLPFC	GSM2431991	0.24730235056658512	3.776083502566843	0.17126585283500634	GSE53987	BD	STR	M	40.0	18.5	6.4	k10	bipolar_str_2	GSE92538	CTL	PFC_DLPFC	F	68.0	33.5	6.55	105725	DLPFC_Female_Control_p_UMichigan_105725	False	False
GSE53987__HG-U133_Plus_2|STR	GSM1305000	GSE92538__HG-U133_Plus_2|PFC_DLPFC	GSM2431725	0.2204266784082111	3.367618774248916	0.16044775146798992	GSE53987	BD	STR	F	55.0	17.5	6.4	k3	bipolar_str_13	GSE92538	SCZ	PFC_DLPFC	M	45.0	20.0	7.05	101421	DLPFC_Male_Schizophrenia_p_UCDavis_101421	False	False
GSE53987__HG-U133_Plus_2|STR	GSM1305003	GSE92538__HG-U133_Plus_2|PFC_DLPFC	GSM2431823	0.2092453804217665	3.197681969790173	0.13243706352152626	GSE53987	BD	STR	F	56.0	24.5	6.1	k68	bipolar_str_17	GSE92538	SCZ	PFC_DLPFC	M	63.0	33.0	7.02	106725	DLPFC_Male_Schizophrenia_p_UCDavis_106725	False	False
GSE53987__HG-U133_Plus_2|STR	GSM1305006	GSE92538__HG-U133_Plus_2|PFC_DLPFC	GSM2432005	0.2656752255308778	4.0553201049664125	0.1833551347499235	GSE53987	CTL	STR	M	48.0	21.68	6.6	k29	control_str_2	GSE92538	CTL	PFC_DLPFC	M	58.0	21.0	6.58	106276	DLPFC_Male_Control_p_UMichigan_106276	False	True
GSE53987__HG-U133_Plus_2|STR	GSM1305011	GSE92538__HG-U133_Plus_2|PFC_DLPFC	GSM2431829	0.20320039067315232	3.1058083570744817	0.14123980851219922	GSE53987	CTL	STR	F	58.0	18.8	6.6	k34	control_str_7	GSE92538	CTL	PFC_DLPFC	M	56.0	20.3	7.14	106966	DLPFC_Male_Control_p_UCDavis_106966	False	True
GSE53987__HG-U133_Plus_2|STR	GSM1305015	GSE92538__HG-U133_Plus_2|PFC_DLPFC	GSM2432083	0.22975043927378536	3.5093241584497523	0.1828820599492759	GSE53987	CTL	STR	F	51.0	7.8	6.6	k19	control_str_11	GSE92538	CTL	PFC_DLPFC	M	32.0	10.0	7.04	109882	DLPFC_Male_Control_p_UMichigan_109882	False	True
GSE53987__HG-U133_Plus_2|STR	GSM1305017	GSE92538__HG-U133_Plus_2|PFC_DLPFC	GSM2431874	0.19916167737604837	3.0444267506932787	0.1547006201580143	GSE53987	CTL	STR	F	65.0	18.5	6.5	k21	control_str_13	GSE92538	CTL	PFC_DLPFC	M	43.0	26.0	7.1	109779	DLPFC_Male_Control_r_p_UCDavis_109779	False	True
GSE53987__HG-U133_Plus_2|STR	GSM1305018	GSE92538__HG-U133_Plus_2|PFC_DLPFC	GSM2431928	0.2042201920573608	3.1213076120469445	0.2034265005434718	GSE53987	CTL	STR	M	55.0	28.0	6.1	k22	control_str_14	GSE92538	CTL	PFC_DLPFC	M	55.0	23.0		102194	DLPFC_Male_Control_p_UMichigan_102194	False	True
GSE53987__HG-U133_Plus_2|STR	GSM1305032	GSE92538__HG-U133_Plus_2|PFC_DLPFC	GSM2431852	0.1995522797155506	3.050363245138699	0.12060782546559395	GSE53987	MDD	STR	F	53.0	11.9	6.7	k37	MDD_str_11	GSE92538	CTL	PFC_DLPFC	M	64.0	24.5	6.55	108425	DLPFC_Male_Control_p_UCDavis_108425	False	False
GSE53987__HG-U133_Plus_2|STR	GSM1305045	GSE92538__HG-U133_Plus_2|PFC_DLPFC	GSM2431849	0.2070404774444443	3.164171176449189	0.1878765111999414	GSE53987	SCZ	STR	F	44.0	18.7	6.2	k65	schiz_str_7	GSE92538	BD	PFC_DLPFC	M	36.0	25.5		108104	DLPFC_Male_BipolarDisorder_p_UCDavis_108104	False	False
GSE54567__HG-U133_Plus_2|PFC_BA9	GSM1319058	GSE92538__HG-U133A|PFC_DLPFC	GSM2432032	0.22711940920068083	3.19329931059494	0.17736415205461853	GSE54567	CTL	PFC_BA9	M				Mpair22_CTL	Control matched sample pair brain dorsolateral prefrontal cortex BA9_M #22	GSE92538	BD	PFC_DLPFC	M	63.0	54.75	6.87	107610	DLPFC_Male_BipolarDisorder_UMichigan_107610	False	False
GSE54567__HG-U133_Plus_2|PFC_BA9	GSM1319067	GSE92538__HG-U133A|PFC_DLPFC	GSM2431832	0.24243663735092877	3.408710812414909	0.17368843967298947	GSE54567	MDD	PFC_BA9	M				Mpair7_MDD	MDD matched sample pair brain dorsolateral prefrontal cortex BA9_M #7	GSE92538	MDD	PFC_DLPFC	M	46.0	27.3	6.91	107061	DLPFC_Male_MajorDepressiveDisorder_UCDavis_107061	False	True
GSE54567__HG-U133_Plus_2|PFC_BA9	GSM1319070	GSE92538__HG-U133A|PFC_DLPFC	GSM2431950	0.22174947445981488	3.1177800524198616	0.15899546432450437	GSE54567	MDD	PFC_BA9	M				Mpair18_MDD	MDD matched sample pair brain dorsolateral prefrontal cortex BA9_M #18	GSE92538	CTL	PFC_DLPFC	M	67.0	36.5		103068	DLPFC_Male_Control_UMichigan_103068	False	False
GSE54567__HG-U133_Plus_2|PFC_BA9	GSM1319073	GSE92538__HG-U133A|PFC_DLPFC	GSM2431902	0.2773367478273841	3.899523192936535	0.25278134417752035	GSE54567	MDD	PFC_BA9	M				Mpair25_MDD	MDD matched sample pair brain dorsolateral prefrontal cortex BA9_M #25	GSE92538	SCZ	PFC_DLPFC	M	39.0	7.5	6.83	101078	DLPFC_Male_Schizophrenia_UMichigan_101078	False	False
GSE54567__HG-U133_Plus_2|PFC_BA9	GSM1319052	GSE92538__HG-U133_Plus_2|PFC_DLPFC	GSM2431852	0.24298751624348	3.684922596085078	0.143007842508711	GSE54567	CTL	PFC_BA9	M				Mpair4_CTL	Control matched sample pair brain dorsolateral prefrontal cortex BA9_M #4	GSE92538	CTL	PFC_DLPFC	M	64.0	24.5	6.55	108425	DLPFC_Male_Control_p_UCDavis_108425	False	True
GSE54567__HG-U133_Plus_2|PFC_BA9	GSM1319061	GSE92538__HG-U133_Plus_2|PFC_DLPFC	GSM2431843	0.2592843057084695	3.9305883730696833	0.22561483666849358	GSE54567	CTL	PFC_BA9	M				Mpair27_CTL	Control matched sample pair brain dorsolateral prefrontal cortex BA9_M #27	GSE92538	MDD	PFC_DLPFC	F	53.0	19.5	7.16	107845	DLPFC_Female_MajorDepressiveDisorder_p_UCDavis_107845	False	False
GSE54567__HG-U133_Plus_2|PFC_BA9	GSM1319067	GSE92538__HG-U133_Plus_2|PFC_DLPFC	GSM2432083	0.22791171346264816	3.457662569699132	0.22069109370317788	GSE54567	MDD	PFC_BA9	M				Mpair7_MDD	MDD matched sample pair brain dorsolateral prefrontal cortex BA9_M #7	GSE92538	CTL	PFC_DLPFC	M	32.0	10.0	7.04	109882	DLPFC_Male_Control_p_UMichigan_109882	False	False
GSE54567__HG-U133_Plus_2|PFC_BA9	GSM1319068	GSE92538__HG-U133_Plus_2|PFC_DLPFC	GSM2431724	0.20129009463750522	3.0563552639063754	0.13362910104183132	GSE54567	MDD	PFC_BA9	M				Mpair11_MDD	MDD matched sample pair brain dorsolateral prefrontal cortex BA9_M #11	GSE92538	CTL	PFC_DLPFC	M	77.0	23.0	6.76	101407	DLPFC_Male_Control_p_UCDavis_101407	False	False
GSE54568__HG-U133_Plus_2|PFC_BA9	GSM1319079	GSE92538__HG-U133A|PFC_DLPFC	GSM2431980	0.2244492851071625	3.2021295574202577	0.22102037037705405	GSE54568	CTL	PFC_BA9	F				Fpair5_CTL	Control matched sample pair brain dorsolateral prefrontal cortex BA9_F #5	GSE92538	CTL	PFC_DLPFC	F	60.0	24.0	6.99	105141	DLPFC_Female_Control_UMichigan_105141	False	True
GSE54568__HG-U133_Plus_2|PFC_BA9	GSM1319083	GSE92538__HG-U133A|PFC_DLPFC	GSM2432007	0.21414074809647626	3.0554487255729024	0.1619165195724772	GSE54568	CTL	PFC_BA9	F				Fpair10_CTL	Control matched sample pair brain dorsolateral prefrontal cortex BA9_F #10	GSE92538	MDD	PFC_DLPFC	F	72.0	21.0	7.13	106355	DLPFC_Female_MajorDepressiveDisorder_r_UMichigan_106355	False	False
GSE54568__HG-U133_Plus_2|PFC_BA9	GSM1319088	GSE92538__HG-U133A|PFC_DLPFC	GSM2431800	0.2219089000303815	3.165982255830462	0.1624862487932882	GSE54568	CTL	PFC_BA9	F				Fpair17_CTL	Control matched sample pair brain dorsolateral prefrontal cortex BA9_F #17	GSE92538	BD	PFC_DLPFC	F	66.0	52.0	6.66	105867	DLPFC_Female_BipolarDisorder_UCDavis_105867	False	False
GSE54568__HG-U133_Plus_2|PFC_BA9	GSM1319098	GSE92538__HG-U133A|PFC_DLPFC	GSM2431964	0.2628053341334974	3.7479002299927595	0.21090120235667786	GSE54568	MDD	PFC_BA9	F				Fpair10_MDD	MDD matched sample pair brain dorsolateral prefrontal cortex BA9_F #10	GSE92538	BD	PFC_DLPFC	M	73.0	10.5	6.62	104097	DLPFC_Male_BipolarDisorder_UMichigan_104097	False	False
GSE54568__HG-U133_Plus_2|PFC_BA9	GSM1319099	GSE92538__HG-U133A|PFC_DLPFC	GSM2432062	0.21698929103604303	3.0959808250837666	0.1607213018921569	GSE54568	MDD	PFC_BA9	F				Fpair12_MDD	MDD matched sample pair brain dorsolateral prefrontal cortex BA9_F #12	GSE92538	CTL	PFC_DLPFC	M	65.0	15.0	6.88	108925	DLPFC_Male_Control_UMichigan_108925	False	False
GSE54568__HG-U133_Plus_2|PFC_BA9	GSM1319103	GSE92538__HG-U133A|PFC_DLPFC	GSM2432051	0.21479860363472594	3.064809394064059	0.21255184591581386	GSE54568	MDD	PFC_BA9	F				Fpair17_MDD	MDD matched sample pair brain dorsolateral prefrontal cortex BA9_F #17	GSE92538	CTL	PFC_DLPFC	F	45.0	32.0	6.6	108634	DLPFC_Female_Control_UMichigan_108634	False	False
GSE54568__HG-U133_Plus_2|PFC_BA9	GSM1319087	GSE92538__HG-U133_Plus_2|PFC_DLPFC	GSM2431782	0.21534913395886052	3.123694302566872	0.21158155201731715	GSE54568	CTL	PFC_BA9	F				Fpair16_CTL	Control matched sample pair brain dorsolateral prefrontal cortex BA9_F #16	GSE92538	MDD	PFC_DLPFC	M	19.0	30.5	7.06	104349	DLPFC_Male_MajorDepressiveDisorder_p_UCDavis_104349	False	False
GSE54568__HG-U133_Plus_2|PFC_BA9	GSM1319092	GSE92538__HG-U133_Plus_2|PFC_DLPFC	GSM2431808	0.20772361649421622	3.012948567465716	0.15369340413253718	GSE54568	CTL	PFC_BA9	F				Fpair28_CTL	Control matched sample pair brain dorsolateral prefrontal cortex BA9_F #28	GSE92538	CTL	PFC_DLPFC	F	73.0	20.0	7.21	106172	DLPFC_Female_Control_p_UCDavis_106172	False	True
GSE54568__HG-U133_Plus_2|PFC_BA9	GSM1319101	GSE92538__HG-U133_Plus_2|PFC_DLPFC	GSM2432045	0.21315694593487036	3.091857056724558	0.17256743963556045	GSE54568	MDD	PFC_BA9	F				Fpair14_MDD	MDD matched sample pair brain dorsolateral prefrontal cortex BA9_F #14	GSE92538	CTL	PFC_DLPFC	M	63.0	11.0	6.5	108291	DLPFC_Male_Control_p_UMichigan_108291	False	False
GSE54571__HG-U133_Plus_2|ACC_BA25	GSM1319151	GSE92538__HG-U133A|PFC_DLPFC	GSM2431739	0.2599657057947749	3.5827598962345726	0.2398456564796985	GSE54571	CTL	ACC_BA25	F				Fpair17_CTL	Control matched sample pair brain anterior cingulate cortex BA25_F #17	GSE92538	CTL	PFC_DLPFC	F	72.0	26.25		101956	DLPFC_Female_Control_UCDavis_101956	False	True
GSE54571__HG-U133_Plus_2|ACC_BA25	GSM1319165	GSE92538__HG-U133A|PFC_DLPFC	GSM2431972	0.23732037267354897	3.270347970233123	0.1835809594472983	GSE54571	MDD	ACC_BA25	F				Fpair19_MDD	MDD matched sample pair brain anterior cingulate cortex BA25_F #19	GSE92538	SCZ	PFC_DLPFC	M	48.0	19.5	6.24	104655	DLPFC_Male_Schizophrenia_UMichigan_104655	False	False
GSE54571__HG-U133_Plus_2|ACC_BA25	GSM1319142	GSE92538__HG-U133_Plus_2|PFC_DLPFC	GSM2431802	0.21595124417503436	3.1462340516373564	0.1751891221337975	GSE54571	CTL	ACC_BA25	F				Fpair3_CTL	Control matched sample pair brain anterior cingulate cortex BA25_F #3	GSE92538	MDD	PFC_DLPFC	M	56.0	13.0	6.9	105947	DLPFC_Male_MajorDepressiveDisorder_p_UCDavis_105947	False	False
GSE54571__HG-U133_Plus_2|ACC_BA25	GSM1319157	GSE92538__HG-U133_Plus_2|PFC_DLPFC	GSM2431782	0.24266275143378668	3.5326950367005043	0.18898378446188438	GSE54571	MDD	ACC_BA25	F				Fpair8_MDD	MDD matched sample pair brain anterior cingulate cortex BA25_F #8	GSE92538	MDD	PFC_DLPFC	M	19.0	30.5	7.06	104349	DLPFC_Male_MajorDepressiveDisorder_p_UCDavis_104349	False	True
GSE54572__HG-U133_Plus_2|ACC_BA25	GSM1319168	GSE92538__HG-U133A|PFC_DLPFC	GSM2431792	0.2551810600358258	3.589169037902773	0.19078581709557668	GSE54572	CTL	ACC_BA25	M				Mpair2_CTL	Control matched sample pair brain anterior cingulate cortex BA25_M #2	GSE92538	MDD	PFC_DLPFC	M	39.0	28.0	6.79	105506	DLPFC_Male_MajorDepressiveDisorder_UCDavis_105506	False	False
GSE54572__HG-U133_Plus_2|ACC_BA25	GSM1319171	GSE92538__HG-U133A|PFC_DLPFC	GSM2431870	0.21494018217229416	3.025585935924273	0.19841768391626505	GSE54572	CTL	ACC_BA25	M				Mpair11_CTL	Control matched sample pair brain anterior cingulate cortex BA25_M #11	GSE92538	CTL	PFC_DLPFC	M	54.0	11.0	6.97	109422	DLPFC_Male_Control_UCDavis_109422	False	True
GSE54572__HG-U133_Plus_2|ACC_BA25	GSM1319176	GSE92538__HG-U133A|PFC_DLPFC	GSM2432032	0.22872721155910236	3.218676574136413	0.18844113212611804	GSE54572	CTL	ACC_BA25	M				Mpair25_CTL	Control matched sample pair brain anterior cingulate cortex BA25_M #25	GSE92538	BD	PFC_DLPFC	M	63.0	54.75	6.87	107610	DLPFC_Male_BipolarDisorder_UMichigan_107610	False	False
GSE54572__HG-U133_Plus_2|ACC_BA25	GSM1319182	GSE92538__HG-U133A|PFC_DLPFC	GSM2432013	0.22483608534999155	3.1641804225723864	0.21651231123680362	GSE54572	MDD	ACC_BA25	M				Mpair7_MDD	MDD matched sample pair brain anterior cingulate cortex BA25_M #7	GSE92538	CTL	PFC_DLPFC	M	77.0	7.25	6.62	106679	DLPFC_Male_Control_UMichigan_106679	False	False
GSE54572__HG-U133_Plus_2|ACC_BA25	GSM1319185	GSE92538__HG-U133A|PFC_DLPFC	GSM2431734	0.24338688281630205	3.4239887700864187	0.18861577001255259	GSE54572	MDD	ACC_BA25	M				Mpair18_MDD	MDD matched sample pair brain anterior cingulate cortex BA25_M #18	GSE92538	CTL	PFC_DLPFC	M	52.0	23.0	6.06	101736	DLPFC_Male_Control_UCDavis_101736	False	False
GSE54572__HG-U133_Plus_2|ACC_BA25	GSM1319169	GSE92538__HG-U133_Plus_2|PFC_DLPFC	GSM2432064	0.2513211876491654	3.7592651612263386	0.18389064106114408	GSE54572	CTL	ACC_BA25	M				Mpair4_CTL	Control matched sample pair brain anterior cingulate cortex BA25_M #4	GSE92538	CTL	PFC_DLPFC	F	62.0	20.0	7.11	109103	DLPFC_Female_Control_p_UMichigan_109103	False	True
GSE92538__HG-U133A|PFC_DLPFC	GSM2431718	GSE92538__HG-U133A|PFC_DLPFC	GSM2431902	0.7638079637350143	8.685225511306445	0.7225446218851093	GSE92538	SCZ	PFC_DLPFC	M	39.0	7.5	6.83	101078	DLPFC_Male_Schizophrenia_UCDavis_101078	GSE92538	SCZ	PFC_DLPFC	M	39.0	7.5	6.83	101078	DLPFC_Male_Schizophrenia_UMichigan_101078	True	True
GSE92538__HG-U133A|PFC_DLPFC	GSM2431721	GSE92538__HG-U133A|PFC_DLPFC	GSM2431739	0.44342851717906756	5.0734369187220905	0.23103622371747673	GSE92538	CTL	PFC_DLPFC	M	32.0	27.25	6.97	101244	DLPFC_Male_Control_UCDavis_101244	GSE92538	CTL	PFC_DLPFC	F	72.0	26.25		101956	DLPFC_Female_Control_UCDavis_101956	False	True
GSE92538__HG-U133A|PFC_DLPFC	GSM2431722	GSE92538__HG-U133A|PFC_DLPFC	GSM2431908	0.4392135796591132	5.025919940287056	0.20929211369550357	GSE92538	CTL	PFC_DLPFC	F	63.0	29.5	7.01	101283	DLPFC_Female_Control_UCDavis_101283	GSE92538	CTL	PFC_DLPFC	F	63.0	29.5	7.01	101283	DLPFC_Female_Control_UMichigan_101283	True	True
GSE92538__HG-U133A|PFC_DLPFC	GSM2431723	GSE92538__HG-U133A|PFC_DLPFC	GSM2431909	0.5563025004931386	6.34591856420782	0.19590187619868962	GSE92538	CTL	PFC_DLPFC	F	70.0	14.5		101309	DLPFC_Female_Control_UCDavis_101309	GSE92538	CTL	PFC_DLPFC	F	70.0	14.5		101309	DLPFC_Female_Control_UMichigan_101309	True	True
GSE92538__HG-U133A|PFC_DLPFC	GSM2431727	GSE92538__HG-U133A|PFC_DLPFC	GSM2431913	0.3828359287973195	4.390348094314184	0.1847104089222857	GSE92538	CTL	PFC_DLPFC	M	44.0	23.0	6.87	101488	DLPFC_Male_Control_UCDavis_101488	GSE92538	CTL	PFC_DLPFC	M	44.0	23.0	6.87	101488	DLPFC_Male_Control_UMichigan_101488	True	True
GSE92538__HG-U133A|PFC_DLPFC	GSM2431728	GSE92538__HG-U133A|PFC_DLPFC	GSM2431914	0.48865430891766115	5.583288597561056	0.2511848503734805	GSE92538	MDD	PFC_DLPFC	M	66.0	32.0	7.05	101597	DLPFC_Male_MajorDepressiveDisorder_UCDavis_101597	GSE92538	MDD	PFC_DLPFC	M	66.0	32.0	7.05	101597	DLPFC_Male_MajorDepressiveDisorder_UMichigan_101597	True	True
GSE92538__HG-U133A|PFC_DLPFC	GSM2431730	GSE92538__HG-U133A|PFC_DLPFC	GSM2431916	0.7323098566345516	8.330132495395436	0.41184357170526487	GSE92538	SCZ	PFC_DLPFC	F	59.0	13.25	6.38	101657	DLPFC_Female_Schizophrenia_UCDavis_101657	GSE92538	SCZ	PFC_DLPFC	F	59.0	13.25	6.38	101657	DLPFC_Female_Schizophrenia_UMichigan_101657	True	True
GSE92538__HG-U133A|PFC_DLPFC	GSM2431733	GSE92538__HG-U133A|PFC_DLPFC	GSM2431918	0.48099730426323867	5.496967573033725	0.25535548672016395	GSE92538	BD	PFC_DLPFC	M	69.0	11.25	6.91	101690	DLPFC_Male_BipolarDisorder_UCDavis_101690	GSE92538	BD	PFC_DLPFC	M	69.0	11.25	6.91	101690	DLPFC_Male_BipolarDisorder_r_UMichigan_101690	True	True
GSE92538__HG-U133A|PFC_DLPFC	GSM2431735	GSE92538__HG-U133A|PFC_DLPFC	GSM2431921	0.48254297136694185	5.514392607233331	0.4183596586901484	GSE92538	MDD	PFC_DLPFC	M	49.0	36.5	7.0	101739	DLPFC_Male_MajorDepressiveDisorder_UCDavis_101739	GSE92538	MDD	PFC_DLPFC	M	49.0	36.5	7.0	101739	DLPFC_Male_MajorDepressiveDisorder_UMichigan_101739	True	True
GSE92538__HG-U133A|PFC_DLPFC	GSM2431737	GSE92538__HG-U133A|PFC_DLPFC	GSM2431924	0.49830706838366173	5.692108707281088	0.38849302998783647	GSE92538	CTL	PFC_DLPFC	M	58.0	26.0	7.02	101811	DLPFC_Male_Control_UCDavis_101811	GSE92538	CTL	PFC_DLPFC	M	58.0	26.0	7.02	101811	DLPFC_Male_Control_UMichigan_101811	True	True
GSE92538__HG-U133A|PFC_DLPFC	GSM2431738	GSE92538__HG-U133A|PFC_DLPFC	GSM2431926	0.5022867843816523	5.736973922568105	0.26143664850931336	GSE92538	CTL	PFC_DLPFC	M	45.0	21.0	6.86	101923	DLPFC_Male_Control_UCDavis_101923	GSE92538	CTL	PFC_DLPFC	M	45.0	21.0	6.86	101923	DLPFC_Male_Control_UMichigan_101923	True	True
GSE92538__HG-U133A|PFC_DLPFC	GSM2431743	GSE92538__HG-U133A|PFC_DLPFC	GSM2431927	0.6302642108209627	7.1797238052172965	0.6030332736504264	GSE92538	SCZ	PFC_DLPFC	M	44.0	24.0	7.21	102118	DLPFC_Male_Schizophrenia_UCDavis_102118	GSE92538	SCZ	PFC_DLPFC	M	44.0	24.0	7.21	102118	DLPFC_Male_Schizophrenia_UMichigan_102118	True	True
GSE92538__HG-U133A|PFC_DLPFC	GSM2431745	GSE92538__HG-U133A|PFC_DLPFC	GSM2431929	0.5677150958032859	6.4745781333408665	0.4789663594635505	GSE92538	CTL	PFC_DLPFC	F	64.0	19.25	6.83	102212	DLPFC_Female_Control_UCDavis_102212	GSE92538	CTL	PFC_DLPFC	F	64.0	19.25	6.83	102212	DLPFC_Female_Control_UMichigan_102212	True	True
GSE92538__HG-U133A|PFC_DLPFC	GSM2431749	GSE92538__HG-U133A|PFC_DLPFC	GSM2431934	0.6480438436007567	7.380161990452706	0.234660815568651	GSE92538	CTL	PFC_DLPFC	F	70.0	20.5	6.63	102420	DLPFC_Female_Control_UCDavis_102420	GSE92538	CTL	PFC_DLPFC	F	70.0	20.5	6.63	102420	DLPFC_Female_Control_UMichigan_102420	True	True
GSE92538__HG-U133A|PFC_DLPFC	GSM2431750	GSE92538__HG-U133A|PFC_DLPFC	GSM2431935	0.48850371756171856	5.5815909101863435	0.2829835253191417	GSE92538	CTL	PFC_DLPFC	F	52.0	36.0		102422	DLPFC_Female_Control_UCDavis_102422	GSE92538	CTL	PFC_DLPFC	F	52.0	36.0		102422	DLPFC_Female_Control_UMichigan_102422	True	True
GSE92538__HG-U133A|PFC_DLPFC	GSM2431751	GSE92538__HG-U133A|PFC_DLPFC	GSM2431936	0.4325961377156235	4.951318396459832	0.25172236537628023	GSE92538	MDD	PFC_DLPFC	F	77.0	25.5	6.42	102432	DLPFC_Female_MajorDepressiveDisorder_UCDavis_102432	GSE92538	MDD	PFC_DLPFC	F	77.0	25.5	6.42	102432	DLPFC_Female_MajorDepressiveDisorder_UMichigan_102432	True	True
GSE92538__HG-U133A|PFC_DLPFC	GSM2431755	GSE92538__HG-U133A|PFC_DLPFC	GSM2431941	0.5602482954979877	6.390401372141948	0.22109663774427682	GSE92538	MDD	PFC_DLPFC	M	49.0	35.5	7.19	102513	DLPFC_Male_MajorDepressiveDisorder_UCDavis_102513	GSE92538	MDD	PFC_DLPFC	M	49.0	35.5	7.19	102513	DLPFC_Male_MajorDepressiveDisorder_UMichigan_102513	True	True
GSE92538__HG-U133A|PFC_DLPFC	GSM2431756	GSE92538__HG-U133A|PFC_DLPFC	GSM2431942	0.37717546630802234	4.3265350311874125	0.270964650614592	GSE92538	CTL	PFC_DLPFC	M	49.0	31.25	6.68	102539	DLPFC_Male_Control_UCDavis_102539	GSE92538	CTL	PFC_DLPFC	M	49.0	31.25	6.68	102539	DLPFC_Male_Control_UMichigan_102539	True	True
GSE92538__HG-U133A|PFC_DLPFC	GSM2431758	GSE92538__HG-U133A|PFC_DLPFC	GSM2431946	0.472600307360059	5.402304266904396	0.22432825228771197	GSE92538	MDD	PFC_DLPFC	M	53.0	17.3	6.62	102636	DLPFC_Male_MajorDepressiveDisorder_UCDavis_102636	GSE92538	MDD	PFC_DLPFC	M	53.0	17.3	6.62	102636	DLPFC_Male_MajorDepressiveDisorder_UMichigan_102636	True	True
GSE92538__HG-U133A|PFC_DLPFC	GSM2431759	GSE92538__HG-U133A|PFC_DLPFC	GSM2431947	0.5496988188712586	6.271472146975496	0.20929211369550355	GSE92538	CTL	PFC_DLPFC	F	62.0	17.5		102785	DLPFC_Female_Control_UCDavis_102785	GSE92538	CTL	PFC_DLPFC	F	62.0	17.5		102785	DLPFC_Female_Control_UMichigan_102785	True	True
GSE92538__HG-U133A|PFC_DLPFC	GSM2431761	GSE92538__HG-U133A|PFC_DLPFC	GSM2431949	0.633771302455881	7.219260903168846	0.5913018737634287	GSE92538	SCZ	PFC_DLPFC	F	47.0	32.0	7.17	103037	DLPFC_Female_Schizophrenia_UCDavis_103037	GSE92538	SCZ	PFC_DLPFC	F	47.0	32.0	7.17	103037	DLPFC_Female_Schizophrenia_UMichigan_103037	True	True
GSE92538__HG-U133A|PFC_DLPFC	GSM2431762	GSE92538__HG-U133A|PFC_DLPFC	GSM2431950	0.5190771828824082	5.9262600032511425	0.16841671661960883	GSE92538	CTL	PFC_DLPFC	M	67.0	36.5		103068	DLPFC_Male_Control_UCDavis_103068	GSE92538	CTL	PFC_DLPFC	M	67.0	36.5		103068	DLPFC_Male_Control_UMichigan_103068	True	True
GSE92538__HG-U133A|PFC_DLPFC	GSM2431763	GSE92538__HG-U133A|PFC_DLPFC	GSM2431951	0.657470316035328	7.48643105975004	0.21282792631736122	GSE92538	MDD	PFC_DLPFC	M	57.0	36.5	6.84	103091	DLPFC_Male_MajorDepressiveDisorder_UCDavis_103091	GSE92538	MDD	PFC_DLPFC	M	57.0	36.5	6.84	103091	DLPFC_Male_MajorDepressiveDisorder_UMichigan_103091	True	True
GSE92538__HG-U133A|PFC_DLPFC	GSM2431765	GSE92538__HG-U133A|PFC_DLPFC	GSM2431954	0.409604264303814	4.69212016447707	0.20766842314451886	GSE92538	CTL	PFC_DLPFC	M	35.0	32.0	6.76	103262	DLPFC_Male_Control_UCDavis_103262	GSE92538	CTL	PFC_DLPFC	M	35.0	32.0	6.76	103262	DLPFC_Male_Control_UMichigan_103262	True	True
GSE92538__HG-U133A|PFC_DLPFC	GSM2431768	GSE92538__HG-U133A|PFC_DLPFC	GSM2431955	0.5062210022946121	5.781326216485586	0.466434157035942	GSE92538	SCZ	PFC_DLPFC	M	48.0	27.0	6.93	103311	DLPFC_Male_Schizophrenia_UCDavis_103311	GSE92538	SCZ	PFC_DLPFC	M	48.0	27.0	6.93	103311	DLPFC_Male_Schizophrenia_UMichigan_103311	True	True
GSE92538__HG-U133A|PFC_DLPFC	GSM2431771	GSE92538__HG-U133A|PFC_DLPFC	GSM2431838	0.6743878393497321	7.677150278409638	0.41780960666200906	GSE92538	CTL	PFC_DLPFC	M	19.0	6.5	6.59	103984	DLPFC_Male_Control_UCDavis_103984	GSE92538	BD	PFC_DLPFC	M	23.0	9.0	7.12	107366	DLPFC_Male_BipolarDisorder_UCDavis_107366	False	False
GSE92538__HG-U133A|PFC_DLPFC	GSM2431773	GSE92538__HG-U133A|PFC_DLPFC	GSM2431964	0.6304063670965055	7.1813263999526615	0.21532396686547053	GSE92538	BD	PFC_DLPFC	M	73.0	10.5	6.62	104097	DLPFC_Male_BipolarDisorder_UCDavis_104097	GSE92538	BD	PFC_DLPFC	M	73.0	10.5	6.62	104097	DLPFC_Male_BipolarDisorder_UMichigan_104097	True	True
GSE92538__HG-U133A|PFC_DLPFC	GSM2431776	GSE92538__HG-U133A|PFC_DLPFC	GSM2431965	0.47530138654035037	5.432754806337924	0.4488425010083343	GSE92538	CTL	PFC_DLPFC	M	48.0	20.2	6.79	104126	DLPFC_Male_Control_UCDavis_104126	GSE92538	CTL	PFC_DLPFC	M	48.0	20.2	6.79	104126	DLPFC_Male_Control_UMichigan_104126	True	True
GSE92538__HG-U133A|PFC_DLPFC	GSM2431777	GSE92538__HG-U133A|PFC_DLPFC	GSM2431966	0.3727734617317949	4.2769091576058305	0.32706304863902025	GSE92538	BD	PFC_DLPFC	M	69.0	28.5	7.2	104184	DLPFC_Male_BipolarDisorder_UCDavis_104184	GSE92538	BD	PFC_DLPFC	M	69.0	28.5	7.2	104184	DLPFC_Male_BipolarDisorder_UMichigan_104184	True	True
GSE92538__HG-U133A|PFC_DLPFC	GSM2431780	GSE92538__HG-U133A|PFC_DLPFC	GSM2431967	0.4505186362560531	5.153367174790652	0.3316617351155404	GSE92538	SCZ	PFC_DLPFC	M	50.0	6.25	6.81	104259	DLPFC_Male_Schizophrenia_UCDavis_104259	GSE92538	SCZ	PFC_DLPFC	M	50.0	6.25	6.81	104259	DLPFC_Male_Schizophrenia_UMichigan_104259	True	True
GSE92538__HG-U133A|PFC_DLPFC	GSM2431783	GSE92538__HG-U133A|PFC_DLPFC	GSM2431972	0.7175809321697277	8.164086383714555	0.48147503033444267	GSE92538	SCZ	PFC_DLPFC	M	48.0	19.5	6.24	104655	DLPFC_Male_Schizophrenia_UCDavis_104655	GSE92538	SCZ	PFC_DLPFC	M	48.0	19.5	6.24	104655	DLPFC_Male_Schizophrenia_UMichigan_104655	True	True
GSE92538__HG-U133A|PFC_DLPFC	GSM2431785	GSE92538__HG-U133A|PFC_DLPFC	GSM2431974	0.5504798898682328	6.280277528678961	0.2807256753881465	GSE92538	BD	PFC_DLPFC	F	69.0	28.25	6.65	104767	DLPFC_Female_BipolarDisorder_UCDavis_104767	GSE92538	BD	PFC_DLPFC	F	69.0	28.25	6.65	104767	DLPFC_Female_BipolarDisorder_UMichigan_104767	True	True
GSE92538__HG-U133A|PFC_DLPFC	GSM2431786	GSE92538__HG-U133A|PFC_DLPFC	GSM2431975	0.33942879023225114	3.900998950380681	0.3111620378574589	GSE92538	BD	PFC_DLPFC	F	56.0	29.0	6.83	104808	DLPFC_Female_BipolarDisorder_UCDavis_104808	GSE92538	BD	PFC_DLPFC	F	56.0	29.0	6.83	104808	DLPFC_Female_BipolarDisorder_r_UMichigan_104808	True	True
GSE92538__HG-U133A|PFC_DLPFC	GSM2431788	GSE92538__HG-U133A|PFC_DLPFC	GSM2431978	0.5040985293426634	5.7573985779359695	0.24739683718833538	GSE92538	MDD	PFC_DLPFC	F	80.0	15.0	6.68	105080	DLPFC_Female_MajorDepressiveDisorder_UCDavis_105080	GSE92538	MDD	PFC_DLPFC	F	80.0	15.0	6.68	105080	DLPFC_Female_MajorDepressiveDisorder_UMichigan_105080	True	True
GSE92538__HG-U133A|PFC_DLPFC	GSM2431791	GSE92538__HG-U133A|PFC_DLPFC	GSM2431982	0.6307025354810837	7.184665245825587	0.22531682176423218	GSE92538	CTL	PFC_DLPFC	M	40.0	45.5	7.07	105476	DLPFC_Male_Control_UCDavis_105476	GSE92538	CTL	PFC_DLPFC	M	40.0	45.5	7.07	105476	DLPFC_Male_Control_UMichigan_105476	True	True
GSE92538__HG-U133A|PFC_DLPFC	GSM2431792	GSE92538__HG-U133A|PFC_DLPFC	GSM2431983	0.4332979114837831	4.959229823106146	0.21245396774691186	GSE92538	MDD	PFC_DLPFC	M	39.0	28.0	6.79	105506	DLPFC_Male_MajorDepressiveDisorder_UCDavis_105506	GSE92538	MDD	PFC_DLPFC	M	39.0	28.0	6.79	105506	DLPFC_Male_MajorDepressiveDisorder_UMichigan_105506	True	True
GSE92538__HG-U133A|PFC_DLPFC	GSM2431795	GSE92538__HG-U133A|PFC_DLPFC	GSM2431987	0.5396418114970809	6.158094759942497	0.2433773375350465	GSE92538	MDD	PFC_DLPFC	F	48.0	37.0	6.95	105643	DLPFC_Female_MajorDepressiveDisorder_UCDavis_105643	GSE92538	MDD	PFC_DLPFC	F	48.0	37.0	6.95	105643	DLPFC_Female_MajorDepressiveDisorder_UMichigan_105643	True	True
GSE92538__HG-U133A|PFC_DLPFC	GSM2431797	GSE92538__HG-U133A|PFC_DLPFC	GSM2431989	0.4889715135779709	5.586864595291051	0.2587339674445757	GSE92538	CTL	PFC_DLPFC	M	67.0	39.5	6.69	105676	DLPFC_Male_Control_UCDavis_105676	GSE92538	CTL	PFC_DLPFC	M	67.0	39.5	6.69	105676	DLPFC_Male_Control_UMichigan_105676	True	True
GSE92538__HG-U133A|PFC_DLPFC	GSM2431800	GSE92538__HG-U133A|PFC_DLPFC	GSM2431992	0.33259481903960086	3.823956370212062	0.31639287100454677	GSE92538	BD	PFC_DLPFC	F	66.0	52.0	6.66	105867	DLPFC_Female_BipolarDisorder_UCDavis_105867	GSE92538	BD	PFC_DLPFC	F	66.0	52.0	6.66	105867	DLPFC_Female_BipolarDisorder_UMichigan_105867	True	True
GSE92538__HG-U133A|PFC_DLPFC	GSM2431803	GSE92538__HG-U133A|PFC_DLPFC	GSM2431996	0.5483616244784547	6.256397323961987	0.2559607554454029	GSE92538	CTL	PFC_DLPFC	M	41.0	23.5	7.01	105952	DLPFC_Male_Control_UCDavis_105952	GSE92538	CTL	PFC_DLPFC	M	41.0	23.5	7.01	105952	DLPFC_Male_Control_UMichigan_105952	True	True
GSE92538__HG-U133A|PFC_DLPFC	GSM2431804	GSE92538__HG-U133A|PFC_DLPFC	GSM2431997	0.41288190667704405	4.7290705726928985	0.23391057924185174	GSE92538	CTL	PFC_DLPFC	F	47.0	20.5	6.3	105976	DLPFC_Female_Control_UCDavis_105976	GSE92538	CTL	PFC_DLPFC	F	47.0	20.5	6.3	105976	DLPFC_Female_Control_UMichigan_105976	True	True
GSE92538__HG-U133A|PFC_DLPFC	GSM2431807	GSE92538__HG-U133A|PFC_DLPFC	GSM2432001	0.49534860259758007	5.658756527256473	0.250208298350336	GSE92538	MDD	PFC_DLPFC	F	50.0	15.25	6.59	106149	DLPFC_Female_MajorDepressiveDisorder_UCDavis_106149	GSE92538	MDD	PFC_DLPFC	F	50.0	15.25	6.59	106149	DLPFC_Female_MajorDepressiveDisorder_UMichigan_106149	True	True
GSE92538__HG-U133A|PFC_DLPFC	GSM2431811	GSE92538__HG-U133A|PFC_DLPFC	GSM2432003	0.48291073672755236	5.51853859958234	0.36454833752411625	GSE92538	CTL	PFC_DLPFC	M	40.0	12.25	6.76	106229	DLPFC_Male_Control_UCDavis_106229	GSE92538	CTL	PFC_DLPFC	M	40.0	12.25	6.76	106229	DLPFC_Male_Control_UMichigan_106229	True	True
GSE92538__HG-U133A|PFC_DLPFC	GSM2431812	GSE92538__HG-U133A|PFC_DLPFC	GSM2432004	0.44919799625197204	5.1384789772082975	0.18118881507166035	GSE92538	MDD	PFC_DLPFC	M	41.0	16.0		106256	DLPFC_Male_MajorDepressiveDisorder_UCDavis_106256	GSE92538	MDD	PFC_DLPFC	M	41.0	16.0		106256	DLPFC_Male_MajorDepressiveDisorder_UMichigan_106256	True	True
GSE92538__HG-U133A|PFC_DLPFC	GSM2431814	GSE92538__HG-U133A|PFC_DLPFC	GSM2432008	0.5280467656403722	6.027378339754038	0.41223040911092274	GSE92538	MDD	PFC_DLPFC	F	72.0	21.0	7.13	106355	DLPFC_Female_MajorDepressiveDisorder_UCDavis_106355	GSE92538	MDD	PFC_DLPFC	F	72.0	21.0	7.13	106355	DLPFC_Female_MajorDepressiveDisorder_UMichigan_106355	True	True
GSE92538__HG-U133A|PFC_DLPFC	GSM2431815	GSE92538__HG-U133A|PFC_DLPFC	GSM2431893	0.611010552366565	6.962668233398754	0.6087561636838169	GSE92538	SCZ	PFC_DLPFC	M	64.0	8.5	6.24	106495	DLPFC_Male_Schizophrenia_UCDavis_106495	GSE92538	SCZ	PFC_DLPFC	M	64.0	8.5	6.24	106495	DLPFC_Male_Schizophrenia_UCIrvine_106495	True	True
GSE92538__HG-U133A|PFC_DLPFC	GSM2431820	GSE92538__HG-U133A|PFC_DLPFC	GSM2432012	0.6190104919068077	7.0528553246226835	0.21994391353587514	GSE92538	BD	PFC_DLPFC	F	34.0	39.5	6.73	106664	DLPFC_Female_BipolarDisorder_UCDavis_106664	GSE92538	BD	PFC_DLPFC	F	34.0	39.5	6.73	106664	DLPFC_Female_BipolarDisorder_UMichigan_106664	True	True
GSE92538__HG-U133A|PFC_DLPFC	GSM2431821	GSE92538__HG-U133A|PFC_DLPFC	GSM2432013	0.5318326505245929	6.070058405484404	0.29778964894069154	GSE92538	CTL	PFC_DLPFC	M	77.0	7.25	6.62	106679	DLPFC_Male_Control_UCDavis_106679	GSE92538	CTL	PFC_DLPFC	M	77.0	7.25	6.62	106679	DLPFC_Male_Control_UMichigan_106679	True	True
GSE92538__HG-U133A|PFC_DLPFC	GSM2431824	GSE92538__HG-U133A|PFC_DLPFC	GSM2432016	0.30893001287525473	3.5571718499535825	0.25695725408481485	GSE92538	CTL	PFC_DLPFC	M	50.0	29.0	6.6	106742	DLPFC_Male_Control_UCDavis_106742	GSE92538	CTL	PFC_DLPFC	M	50.0	29.0	6.6	106742	DLPFC_Male_Control_UMichigan_106742	True	True
GSE92538__HG-U133A|PFC_DLPFC	GSM2431827	GSE92538__HG-U133A|PFC_DLPFC	GSM2432019	0.3276513530989283	3.7682263473148763	0.18494537978559264	GSE92538	BD	PFC_DLPFC	M	40.0	43.0	6.59	106851	DLPFC_Male_BipolarDisorder_UCDavis_106851	GSE92538	BD	PFC_DLPFC	M	40.0	43.0	6.59	106851	DLPFC_Male_BipolarDisorder_UMichigan_106851	True	True
GSE92538__HG-U133A|PFC_DLPFC	GSM2431828	GSE92538__HG-U133A|PFC_DLPFC	GSM2432020	0.4783628310213805	5.467267913755643	0.3133345545110188	GSE92538	MDD	PFC_DLPFC	M	84.0	14.5	6.44	106917	DLPFC_Male_MajorDepressiveDisorder_UCDavis_106917	GSE92538	MDD	PFC_DLPFC	M	84.0	14.5	6.44	106917	DLPFC_Male_MajorDepressiveDisorder_UMichigan_106917	True	True
GSE92538__HG-U133A|PFC_DLPFC	GSM2431832	GSE92538__HG-U133A|PFC_DLPFC	GSM2432023	0.2995137711420112	3.4510181161771345	0.23137882413294997	GSE92538	MDD	PFC_DLPFC	M	46.0	27.3	6.91	107061	DLPFC_Male_MajorDepressiveDisorder_UCDavis_107061	GSE92538	MDD	PFC_DLPFC	M	46.0	27.3	6.91	107061	DLPFC_Male_MajorDepressiveDisorder_UMichigan_107061	True	True
GSE92538__HG-U133A|PFC_DLPFC	GSM2431833	GSE92538__HG-U133A|PFC_DLPFC	GSM2432024	0.3395854899593722	3.9027655003044073	0.31544625347555544	GSE92538	CTL	PFC_DLPFC	M	70.0	28.0	7.03	107084	DLPFC_Male_Control_UCDavis_107084	GSE92538	CTL	PFC_DLPFC	M	70.0	28.0	7.03	107084	DLPFC_Male_Control_UMichigan_107084	True	True
GSE92538__HG-U133A|PFC_DLPFC	GSM2431834	GSE92538__HG-U133A|PFC_DLPFC	GSM2432025	0.5165967708814709	5.898297148997537	0.3213781913684542	GSE92538	CTL	PFC_DLPFC	F	73.0	15.5	7.51	107131	DLPFC_Female_Control_UCDavis_107131	GSE92538	CTL	PFC_DLPFC	F	73.0	15.5	7.51	107131	DLPFC_Female_Control_UMichigan_107131	True	True
GSE92538__HG-U133A|PFC_DLPFC	GSM2431836	GSE92538__HG-U133A|PFC_DLPFC	GSM2432028	0.4891598608531625	5.588987922949221	0.29289149307975804	GSE92538	CTL	PFC_DLPFC	F	70.0	23.0	6.9	107199	DLPFC_Female_Control_UCDavis_107199	GSE92538	CTL	PFC_DLPFC	F	70.0	23.0	6.9	107199	DLPFC_Female_Control_UMichigan_107199	True	True
GSE92538__HG-U133A|PFC_DLPFC	GSM2431839	GSE92538__HG-U133A|PFC_DLPFC	GSM2432032	0.30460306884307287	3.5083921692837228	0.24800626316878513	GSE92538	BD	PFC_DLPFC	M	63.0	54.75	6.87	107610	DLPFC_Male_BipolarDisorder_UCDavis_107610	GSE92538	BD	PFC_DLPFC	M	63.0	54.75	6.87	107610	DLPFC_Male_BipolarDisorder_UMichigan_107610	True	True
GSE92538__HG-U133A|PFC_DLPFC	GSM2431840	GSE92538__HG-U133A|PFC_DLPFC	GSM2432033	0.3204925086075958	3.6875213172393444	0.24220228205935712	GSE92538	MDD	PFC_DLPFC	M	52.0	16.0	6.82	107683	DLPFC_Male_MajorDepressiveDisorder_UCDavis_107683	GSE92538	MDD	PFC_DLPFC	M	52.0	16.0	6.82	107683	DLPFC_Male_MajorDepressiveDisorder_UMichigan_107683	True	True
GSE92538__HG-U133A|PFC_DLPFC	GSM2431841	GSE92538__HG-U133A|PFC_DLPFC	GSM2432034	0.5719886462226639	6.522755882633057	0.24438639141442228	GSE92538	BD	PFC_DLPFC	F	39.0	23.5	6.44	107706	DLPFC_Female_BipolarDisorder_UCDavis_107706	GSE92538	BD	PFC_DLPFC	F	39.0	23.5	6.44	107706	DLPFC_Female_BipolarDisorder_UMichigan_107706	True	True
GSE92538__HG-U133A|PFC_DLPFC	GSM2431844	GSE92538__HG-U133A|PFC_DLPFC	GSM2431895	0.5933848476093349	6.763965351354456	0.34976785878704086	GSE92538	CTL	PFC_DLPFC	F	48.0	27.0	7.1	107886	DLPFC_Female_Control_UCDavis_107886	GSE92538	CTL	PFC_DLPFC	F	48.0	27.0	7.1	107886	DLPFC_Female_Control_UCIrvine_107886	True	True
GSE92538__HG-U133A|PFC_DLPFC	GSM2431850	GSE92538__HG-U133A|PFC_DLPFC	GSM2432043	0.36621170765699435	4.202935409384844	0.2801436134086253	GSE92538	BD	PFC_DLPFC	M	49.0	29.5	6.87	108107	DLPFC_Male_BipolarDisorder_UCDavis_108107	GSE92538	BD	PFC_DLPFC	M	49.0	29.5	6.87	108107	DLPFC_Male_BipolarDisorder_r_UMichigan_108107	True	True
GSE92538__HG-U133A|PFC_DLPFC	GSM2431851	GSE92538__HG-U133A|PFC_DLPFC	GSM2432046	0.4183805977454698	4.791059910300477	0.19291788771000695	GSE92538	CTL	PFC_DLPFC	M	64.0	27.5		108396	DLPFC_Male_Control_UCDavis_108396	GSE92538	CTL	PFC_DLPFC	M	64.0	27.5		108396	DLPFC_Male_Control_UMichigan_108396	True	True
GSE92538__HG-U133A|PFC_DLPFC	GSM2431855	GSE92538__HG-U133A|PFC_DLPFC	GSM2432049	0.45623350946794033	5.217793635653384	0.292891493079758	GSE92538	SCZ	PFC_DLPFC	F	59.0	14.8	6.55	108583	DLPFC_Female_Schizophrenia_UCDavis_108583	GSE92538	SCZ	PFC_DLPFC	F	59.0	14.8	6.55	108583	DLPFC_Female_Schizophrenia_UMichigan_108583	True	True
GSE92538__HG-U133A|PFC_DLPFC	GSM2431857	GSE92538__HG-U133A|PFC_DLPFC	GSM2432051	0.47607830252187405	5.441513346592702	0.2206515134539722	GSE92538	CTL	PFC_DLPFC	F	45.0	32.0	6.6	108634	DLPFC_Female_Control_UCDavis_108634	GSE92538	CTL	PFC_DLPFC	F	45.0	32.0	6.6	108634	DLPFC_Female_Control_UMichigan_108634	True	True
GSE92538__HG-U133A|PFC_DLPFC	GSM2431859	GSE92538__HG-U133A|PFC_DLPFC	GSM2432053	0.6312981931650253	7.191380375809963	0.3208020447501192	GSE92538	CTL	PFC_DLPFC	M	60.0	30.0	6.8	108759	DLPFC_Male_Control_UCDavis_108759	GSE92538	CTL	PFC_DLPFC	M	60.0	30.0	6.8	108759	DLPFC_Male_Control_UMichigan_108759	True	True
GSE92538__HG-U133A|PFC_DLPFC	GSM2431860	GSE92538__HG-U133A|PFC_DLPFC	GSM2432056	0.418324926898951	4.790432306593193	0.20921792093429734	GSE92538	CTL	PFC_DLPFC	F	78.0	26.25		108858	DLPFC_Female_Control_UCDavis_108858	GSE92538	CTL	PFC_DLPFC	F	78.0	26.25		108858	DLPFC_Female_Control_UMichigan_108858	True	True
GSE92538__HG-U133A|PFC_DLPFC	GSM2431861	GSE92538__HG-U133A|PFC_DLPFC	GSM2432059	0.5622779981919777	6.413283167822966	0.29856316428373236	GSE92538	BD	PFC_DLPFC	M	52.0	28.75	7.05	108923	DLPFC_Male_BipolarDisorder_UCDavis_108923	GSE92538	BD	PFC_DLPFC	M	52.0	28.75	7.05	108923	DLPFC_Male_BipolarDisorder_UMichigan_108923	True	True
GSE92538__HG-U133A|PFC_DLPFC	GSM2431865	GSE92538__HG-U133A|PFC_DLPFC	GSM2432067	0.5280282203957478	6.027169270465414	0.2829835253191418	GSE92538	CTL	PFC_DLPFC	M	71.0	21.75	7.25	109170	DLPFC_Male_Control_UCDavis_109170	GSE92538	CTL	PFC_DLPFC	M	71.0	21.75	7.25	109170	DLPFC_Male_Control_UMichigan_109170	True	True
GSE92538__HG-U133A|PFC_DLPFC	GSM2431869	GSE92538__HG-U133A|PFC_DLPFC	GSM2432072	0.4760109653336967	5.440754222714031	0.26088440076317	GSE92538	BD	PFC_DLPFC	F	81.0	23.0		109377	DLPFC_Female_BipolarDisorder_UCDavis_109377	GSE92538	BD	PFC_DLPFC	F	81.0	23.0		109377	DLPFC_Female_BipolarDisorder_UMichigan_109377	True	True
GSE92538__HG-U133A|PFC_DLPFC	GSM2431871	GSE92538__HG-U133A|PFC_DLPFC	GSM2432075	0.5424917303312848	6.190223238987645	0.344412855805198	GSE92538	MDD	PFC_DLPFC	M	34.0	29.6	6.71	109430	DLPFC_Male_MajorDepressiveDisorder_UCDavis_109430	GSE92538	MDD	PFC_DLPFC	M	34.0	29.6	6.71	109430	DLPFC_Male_MajorDepressiveDisorder_UMichigan_109430	True	True
GSE92538__HG-U133A|PFC_DLPFC	GSM2431875	GSE92538__HG-U133A|PFC_DLPFC	GSM2432080	0.5811140116814489	6.6256304309897285	0.4711045996941154	GSE92538	CTL	PFC_DLPFC	M	43.0	26.0	7.1	109779	DLPFC_Male_Control_UCDavis_109779	GSE92538	CTL	PFC_DLPFC	M	43.0	26.0	7.1	109779	DLPFC_Male_Control_UMichigan_109779	True	True
GSE92538__HG-U133A|PFC_DLPFC	GSM2431878	GSE92538__HG-U133A|PFC_DLPFC	GSM2432085	0.48397500938176397	5.530536647126285	0.2793661423231633	GSE92538	MDD	PFC_DLPFC	M	35.0	34.5	7.04	109899	DLPFC_Male_MajorDepressiveDisorder_UCDavis_109899	GSE92538	MDD	PFC_DLPFC	M	35.0	34.5	7.04	109899	DLPFC_Male_MajorDepressiveDisorder_UMichigan_109899	True	True
GSE92538__HG-U133A|PFC_DLPFC	GSM2431879	GSE92538__HG-U133A|PFC_DLPFC	GSM2432086	0.5253805782872678	5.997321152343442	0.247155013703385	GSE92538	MDD	PFC_DLPFC	M	47.0	29.0	7.25	109923	DLPFC_Male_MajorDepressiveDisorder_UCDavis_109923	GSE92538	MDD	PFC_DLPFC	M	47.0	29.0	7.25	109923	DLPFC_Male_MajorDepressiveDisorder_UMichigan_109923	True	True
GSE92538__HG-U133A|PFC_DLPFC	GSM2431880	GSE92538__HG-U133A|PFC_DLPFC	GSM2432088	0.5072514267304068	5.792942677100433	0.20980379128869983	GSE92538	BD	PFC_DLPFC	M	26.0	19.0	6.92	109961	DLPFC_Male_BipolarDisorder_UCDavis_109961	GSE92538	BD	PFC_DLPFC	M	26.0	19.0	6.92	109961	DLPFC_Male_BipolarDisorder_r_UMichigan_109961	True	True
GSE92538__HG-U133A|PFC_DLPFC	GSM2431881	GSE92538__HG-U133A|PFC_DLPFC	GSM2432092	0.6399694301699479	7.289135319938396	0.5934033855590389	GSE92538	CTL	PFC_DLPFC	F	57.0	16.5	6.61	109991	DLPFC_Female_Control_UCDavis_109991	GSE92538	CTL	PFC_DLPFC	F	57.0	16.5	6.61	109991	DLPFC_Female_Control_UMichigan_109991	True	True
GSE92538__HG-U133A|PFC_DLPFC	GSM2431894	GSE92538__HG-U133A|PFC_DLPFC	GSM2432011	0.6479095102905172	7.37864758769453	0.5783973959228601	GSE92538	CTL	PFC_DLPFC	M	48.0	21.0	6.62	106589	DLPFC_Male_Control_UCIrvine_106589	GSE92538	CTL	PFC_DLPFC	M	48.0	21.0	6.62	106589	DLPFC_Male_Control_UMichigan_106589	True	True
GSE92538__HG-U133A|PFC_DLPFC	GSM2431897	GSE92538__HG-U133A|PFC_DLPFC	GSM2432073	0.5447856370497005	6.216083531235137	0.48951651276147234	GSE92538	CTL	PFC_DLPFC	M	54.0	11.0	6.97	109422	DLPFC_Male_Control_UCIrvine_109422	GSE92538	CTL	PFC_DLPFC	M	54.0	11.0	6.97	109422	DLPFC_Male_Control_UMichigan_109422	True	True
GSE92538__HG-U133A|PFC_DLPFC	GSM2431961	GSE92538__HG-U133A|PFC_DLPFC	GSM2432015	0.2815904721233966	3.2489603136782277	0.2601242860532782	GSE92538	CTL	PFC_DLPFC	M	54.0	25.0	6.61	103998	DLPFC_Male_Control_r_UMichigan_103998	GSE92538	CTL	PFC_DLPFC	M	50.0	29.0	6.6	106742	DLPFC_Male_Control_r_UMichigan_106742	False	True
GSE92538__HG-U133A|PFC_DLPFC	GSM2431979	GSE92538__HG-U133A|PFC_DLPFC	GSM2431980	0.5856374765413449	6.676625583630007	0.4889538410232794	GSE92538	CTL	PFC_DLPFC	F	60.0	24.0	6.99	105141	DLPFC_Female_Control_r_UMichigan_105141	GSE92538	CTL	PFC_DLPFC	F	60.0	24.0	6.99	105141	DLPFC_Female_Control_UMichigan_105141	True	True
GSE92538__HG-U133A|PFC_DLPFC	GSM2431988	GSE92538__HG-U133A|PFC_DLPFC	GSM2432022	0.31617950425953856	3.638898785202603	0.29699997646629944	GSE92538	CTL	PFC_DLPFC	M	39.0	30.0	7.02	105669	DLPFC_Male_Control_UMichigan_105669	GSE92538	BD	PFC_DLPFC	M	32.0	31.0	6.94	107029	DLPFC_Male_BipolarDisorder_UMichigan_107029	False	False
GSE92538__HG-U133A|PFC_DLPFC	GSM2431993	GSE92538__HG-U133A|PFC_DLPFC	GSM2431994	0.674478522238599	7.678172589382059	0.6153951423299308	GSE92538	CTL	PFC_DLPFC	M	18.0	22.0	6.97	105928	DLPFC_Male_Control_r_UMichigan_105928	GSE92538	CTL	PFC_DLPFC	M	18.0	22.0	6.97	105928	DLPFC_Male_Control_UMichigan_105928	True	True
GSE92538__HG-U133A|PFC_DLPFC	GSM2432026	GSE92538__HG-U133A|PFC_DLPFC	GSM2432027	0.44778308952756507	5.122528066431343	0.43779974664786486	GSE92538	MDD	PFC_DLPFC	M	58.0	24.0	6.93	107185	DLPFC_Male_MajorDepressiveDisorder_r_UMichigan_107185	GSE92538	MDD	PFC_DLPFC	M	58.0	24.0	6.93	107185	DLPFC_Male_MajorDepressiveDisorder_UMichigan_107185	True	True
GSE92538__HG-U133A|PFC_DLPFC	GSM2432030	GSE92538__HG-U133A|PFC_DLPFC	GSM2432031	0.5197806973536645	5.934191053664383	0.3448358128227718	GSE92538	BD	PFC_DLPFC	M	23.0	9.0	7.12	107366	DLPFC_Male_BipolarDisorder_r_UMichigan_107366	GSE92538	BD	PFC_DLPFC	M	23.0	9.0	7.12	107366	DLPFC_Male_BipolarDisorder_UMichigan_107366	True	True
GSE92538__HG-U133A|PFC_DLPFC	GSM2432035	GSE92538__HG-U133A|PFC_DLPFC	GSM2432036	0.6146950876334604	7.0042057370963375	0.26417151032148634	GSE92538	MDD	PFC_DLPFC	M	19.0	18.0	7.11	107727	DLPFC_Male_MajorDepressiveDisorder_r_UMichigan_107727	GSE92538	MDD	PFC_DLPFC	M	19.0	18.0	7.11	107727	DLPFC_Male_MajorDepressiveDisorder_UMichigan_107727	True	True
GSE92538__HG-U133A|PFC_DLPFC	GSM2432061	GSE92538__HG-U133A|PFC_DLPFC	GSM2432062	0.6350935968173703	7.234167751102463	0.6242650946559519	GSE92538	CTL	PFC_DLPFC	M	65.0	15.0	6.88	108925	DLPFC_Male_Control_r_UMichigan_108925	GSE92538	CTL	PFC_DLPFC	M	65.0	15.0	6.88	108925	DLPFC_Male_Control_UMichigan_108925	True	True
GSE92538__HG-U133A|PFC_DLPFC	GSM2431718	GSE92538__HG-U133_Plus_2|PFC_DLPFC	GSM2431716	0.49348260239697106	6.828697096855593	0.45471631814520086	GSE92538	SCZ	PFC_DLPFC	M	39.0	7.5	6.83	101078	DLPFC_Male_Schizophrenia_UCDavis_101078	GSE92538	SCZ	PFC_DLPFC	M	39.0	7.5	6.83	101078	DLPFC_Male_Schizophrenia_p_UCDavis_101078	True	True
GSE92538__HG-U133A|PFC_DLPFC	GSM2431721	GSE92538__HG-U133_Plus_2|PFC_DLPFC	GSM2431904	0.23913516860967954	3.317226139026571	0.21920743227006523	GSE92538	CTL	PFC_DLPFC	M	32.0	27.25	6.97	101244	DLPFC_Male_Control_UCDavis_101244	GSE92538	BD	PFC_DLPFC	F	51.0	16.8	6.81	101101	DLPFC_Female_BipolarDisorder_p_UMichigan_101101	False	False
GSE92538__HG-U133A|PFC_DLPFC	GSM2431743	GSE92538__HG-U133_Plus_2|PFC_DLPFC	GSM2431741	0.4473193401889181	6.1913761215718885	0.43750428491812354	GSE92538	SCZ	PFC_DLPFC	M	44.0	24.0	7.21	102118	DLPFC_Male_Schizophrenia_UCDavis_102118	GSE92538	SCZ	PFC_DLPFC	M	44.0	24.0	7.21	102118	DLPFC_Male_Schizophrenia_p_UCDavis_102118	True	True
GSE92538__HG-U133A|PFC_DLPFC	GSM2431763	GSE92538__HG-U133_Plus_2|PFC_DLPFC	GSM2432052	0.3607035380884744	4.995575287115146	0.2672439123354877	GSE92538	MDD	PFC_DLPFC	M	57.0	36.5	6.84	103091	DLPFC_Male_MajorDepressiveDisorder_UCDavis_103091	GSE92538	MDD	PFC_DLPFC	F	46.0	9.5	7.39	108700	DLPFC_Female_MajorDepressiveDisorder_p_UMichigan_108700	False	True
GSE92538__HG-U133A|PFC_DLPFC	GSM2431776	GSE92538__HG-U133_Plus_2|PFC_DLPFC	GSM2431774	0.599082843260363	8.286593382302913	0.5517466348968413	GSE92538	CTL	PFC_DLPFC	M	48.0	20.2	6.79	104126	DLPFC_Male_Control_UCDavis_104126	GSE92538	CTL	PFC_DLPFC	M	48.0	20.2	6.79	104126	DLPFC_Male_Control_p_UCDavis_104126	True	True
GSE92538__HG-U133A|PFC_DLPFC	GSM2431780	GSE92538__HG-U133_Plus_2|PFC_DLPFC	GSM2431778	0.598793392093377	8.282597276065681	0.492238384763759	GSE92538	SCZ	PFC_DLPFC	M	50.0	6.25	6.81	104259	DLPFC_Male_Schizophrenia_UCDavis_104259	GSE92538	SCZ	PFC_DLPFC	M	50.0	6.25	6.81	104259	DLPFC_Male_Schizophrenia_p_UCDavis_104259	True	True
GSE92538__HG-U133A|PFC_DLPFC	GSM2431783	GSE92538__HG-U133_Plus_2|PFC_DLPFC	GSM2431907	0.2306546034031983	3.2001451133401146	0.16715809046532193	GSE92538	SCZ	PFC_DLPFC	M	48.0	19.5	6.24	104655	DLPFC_Male_Schizophrenia_UCDavis_104655	GSE92538	MDD	PFC_DLPFC	M	77.0	21.5	6.33	101276	DLPFC_Male_MajorDepressiveDisorder_p_UMichigan_101276	False	False
GSE92538__HG-U133A|PFC_DLPFC	GSM2431811	GSE92538__HG-U133_Plus_2|PFC_DLPFC	GSM2431809	0.5523238494332225	7.641047852723782	0.16649890538900478	GSE92538	CTL	PFC_DLPFC	M	40.0	12.25	6.76	106229	DLPFC_Male_Control_UCDavis_106229	GSE92538	CTL	PFC_DLPFC	M	40.0	12.25	6.76	106229	DLPFC_Male_Control_p_UCDavis_106229	True	True
GSE92538__HG-U133A|PFC_DLPFC	GSM2431815	GSE92538__HG-U133_Plus_2|PFC_DLPFC	GSM2432005	0.21735600102256478	3.0165472081284452	0.18530575330678706	GSE92538	SCZ	PFC_DLPFC	M	64.0	8.5	6.24	106495	DLPFC_Male_Schizophrenia_UCDavis_106495	GSE92538	CTL	PFC_DLPFC	M	58.0	21.0	6.58	106276	DLPFC_Male_Control_p_UMichigan_106276	False	False
GSE92538__HG-U133A|PFC_DLPFC	GSM2431842	GSE92538__HG-U133_Plus_2|PFC_DLPFC	GSM2431725	0.26958346581165293	3.7375893789776806	0.20917964256791027	GSE92538	MDD	PFC_DLPFC	M	19.0	18.0	7.11	107727	DLPFC_Male_MajorDepressiveDisorder_UCDavis_107727	GSE92538	SCZ	PFC_DLPFC	M	45.0	20.0	7.05	101421	DLPFC_Male_Schizophrenia_p_UCDavis_101421	False	False
GSE92538__HG-U133A|PFC_DLPFC	GSM2431846	GSE92538__HG-U133_Plus_2|PFC_DLPFC	GSM2431877	0.2671109946434593	3.70345492528218	0.2236856212448417	GSE92538	CTL	PFC_DLPFC	F	64.0	27.0	6.15	108021	DLPFC_Female_Control_UCDavis_108021	GSE92538	CTL	PFC_DLPFC	M	32.0	10.0	7.04	109882	DLPFC_Male_Control_p_UCDavis_109882	False	True
GSE92538__HG-U133A|PFC_DLPFC	GSM2431847	GSE92538__HG-U133_Plus_2|PFC_DLPFC	GSM2431971	0.3247296165230106	4.498926357203053	0.25340425342636075	GSE92538	CTL	PFC_DLPFC	F	47.0	41.25	6.73	108030	DLPFC_Female_Control_UCDavis_108030	GSE92538	MDD	PFC_DLPFC	F	46.0	35.0	6.76	104630	DLPFC_Female_MajorDepressiveDisorder_p_UMichigan_104630	False	False
GSE92538__HG-U133A|PFC_DLPFC	GSM2431856	GSE92538__HG-U133_Plus_2|PFC_DLPFC	GSM2431984	0.3212612503398272	4.4510427715815455	0.2265564578160993	GSE92538	CTL	PFC_DLPFC	M	25.0	13.75	6.87	108632	DLPFC_Male_Control_UCDavis_108632	GSE92538	BD	PFC_DLPFC	M	33.0	23.5	6.41	105544	DLPFC_Male_BipolarDisorder_p_UMichigan_105544	False	False
GSE92538__HG-U133A|PFC_DLPFC	GSM2431875	GSE92538__HG-U133_Plus_2|PFC_DLPFC	GSM2431874	0.621680450866587	8.59857153613808	0.4807477611737518	GSE92538	CTL	PFC_DLPFC	M	43.0	26.0	7.1	109779	DLPFC_Male_Control_UCDavis_109779	GSE92538	CTL	PFC_DLPFC	M	43.0	26.0	7.1	109779	DLPFC_Male_Control_r_p_UCDavis_109779	True	True
GSE92538__HG-U133A|PFC_DLPFC	GSM2431891	GSE92538__HG-U133_Plus_2|PFC_DLPFC	GSM2431943	0.2584961053167975	3.5845194470466004	0.2499324216041396	GSE92538	SCZ	PFC_DLPFC	M	48.0	19.5	6.24	104655	DLPFC_Male_Schizophrenia_UCIrvine_104655	GSE92538	CTL	PFC_DLPFC	M	52.0	18.8	6.53	102579	DLPFC_Male_Control_p_UMichigan_102579	False	False
GSE92538__HG-U133A|PFC_DLPFC	GSM2431892	GSE92538__HG-U133_Plus_2|PFC_DLPFC	GSM2431917	0.21963651459864159	3.0480315328259198	0.20044823171728657	GSE92538	CTL	PFC_DLPFC	M	40.0	12.25	6.76	106229	DLPFC_Male_Control_UCIrvine_106229	GSE92538	BD	PFC_DLPFC	F	59.0	27.0	6.55	101677	DLPFC_Female_BipolarDisorder_p_UMichigan_101677	False	False
GSE92538__HG-U133A|PFC_DLPFC	GSM2431894	GSE92538__HG-U133_Plus_2|PFC_DLPFC	GSM2431817	0.596390073710534	8.249417532208595	0.573178280304716	GSE92538	CTL	PFC_DLPFC	M	48.0	21.0	6.62	106589	DLPFC_Male_Control_UCIrvine_106589	GSE92538	CTL	PFC_DLPFC	M	48.0	21.0	6.62	106589	DLPFC_Male_Control_p_UCDavis_106589	True	True
GSE92538__HG-U133A|PFC_DLPFC	GSM2431902	GSE92538__HG-U133_Plus_2|PFC_DLPFC	GSM2431717	0.48595350810767785	6.72475189268373	0.46805613516985795	GSE92538	SCZ	PFC_DLPFC	M	39.0	7.5	6.83	101078	DLPFC_Male_Schizophrenia_UMichigan_101078	GSE92538	SCZ	PFC_DLPFC	M	39.0	7.5	6.83	101078	DLPFC_Male_Schizophrenia_r_p_UCDavis_101078	True	True
GSE92538__HG-U133A|PFC_DLPFC	GSM2431914	GSE92538__HG-U133_Plus_2|PFC_DLPFC	GSM2431798	0.22725520048041392	3.1532136210125796	0.16891280079071194	GSE92538	MDD	PFC_DLPFC	M	66.0	32.0	7.05	101597	DLPFC_Male_MajorDepressiveDisorder_UMichigan_101597	GSE92538	BD	PFC_DLPFC	F	36.0	25.5	7.0	105687	DLPFC_Female_BipolarDisorder_p_UCDavis_105687	False	False
GSE92538__HG-U133A|PFC_DLPFC	GSM2431918	GSE92538__HG-U133_Plus_2|PFC_DLPFC	GSM2431910	0.22176814012748342	3.0774603382439243	0.20028953362457624	GSE92538	BD	PFC_DLPFC	M	69.0	11.25	6.91	101690	DLPFC_Male_BipolarDisorder_r_UMichigan_101690	GSE92538	CTL	PFC_DLPFC	M	77.0	23.0	6.76	101407	DLPFC_Male_Control_p_UMichigan_101407	False	False
GSE92538__HG-U133A|PFC_DLPFC	GSM2431955	GSE92538__HG-U133_Plus_2|PFC_DLPFC	GSM2431766	0.5208177823716086	7.206081248835055	0.5183614308271419	GSE92538	SCZ	PFC_DLPFC	M	48.0	27.0	6.93	103311	DLPFC_Male_Schizophrenia_UMichigan_103311	GSE92538	SCZ	PFC_DLPFC	M	48.0	27.0	6.93	103311	DLPFC_Male_Schizophrenia_p_UCDavis_103311	True	True
GSE92538__HG-U133A|PFC_DLPFC	GSM2431960	GSE92538__HG-U133_Plus_2|PFC_DLPFC	GSM2431802	0.2742851357765005	3.802499715555584	0.1859065976432505	GSE92538	CTL	PFC_DLPFC	M	19.0	6.5	6.59	103984	DLPFC_Male_Control_UMichigan_103984	GSE92538	MDD	PFC_DLPFC	M	56.0	13.0	6.9	105947	DLPFC_Male_MajorDepressiveDisorder_p_UCDavis_105947	False	False
GSE92538__HG-U133A|PFC_DLPFC	GSM2431975	GSE92538__HG-U133_Plus_2|PFC_DLPFC	GSM2431747	0.2175395675338759	3.0190814915049313	0.18468820282625784	GSE92538	BD	PFC_DLPFC	F	56.0	29.0	6.83	104808	DLPFC_Female_BipolarDisorder_r_UMichigan_104808	GSE92538	SCZ	PFC_DLPFC	M	59.0	35.75	6.42	102317	DLPFC_Male_Schizophrenia_p_UCDavis_102317	False	False
GSE92538__HG-U133A|PFC_DLPFC	GSM2431978	GSE92538__HG-U133_Plus_2|PFC_DLPFC	GSM2431928	0.29436321554594064	4.079693760526076	0.18590845096111525	GSE92538	MDD	PFC_DLPFC	F	80.0	15.0	6.68	105080	DLPFC_Female_MajorDepressiveDisorder_UMichigan_105080	GSE92538	CTL	PFC_DLPFC	M	55.0	23.0		102194	DLPFC_Male_Control_p_UMichigan_102194	False	False
GSE92538__HG-U133A|PFC_DLPFC	GSM2431982	GSE92538__HG-U133_Plus_2|PFC_DLPFC	GSM2431823	0.22288637458410346	3.0928984645894366	0.17681061460727068	GSE92538	CTL	PFC_DLPFC	M	40.0	45.5	7.07	105476	DLPFC_Male_Control_UMichigan_105476	GSE92538	SCZ	PFC_DLPFC	M	63.0	33.0	7.02	106725	DLPFC_Male_Schizophrenia_p_UCDavis_106725	False	False
GSE92538__HG-U133A|PFC_DLPFC	GSM2431992	GSE92538__HG-U133_Plus_2|PFC_DLPFC	GSM2432040	0.24184038535519825	3.3545738326717363	0.14584304385823524	GSE92538	BD	PFC_DLPFC	F	66.0	52.0	6.66	105867	DLPFC_Female_BipolarDisorder_UMichigan_105867	GSE92538	CTL	PFC_DLPFC	M	59.0	8.5	6.4	108022	DLPFC_Male_Control_p_UMichigan_108022	False	False
GSE92538__HG-U133A|PFC_DLPFC	GSM2432001	GSE92538__HG-U133_Plus_2|PFC_DLPFC	GSM2431957	0.22605231297745113	3.1366067912549744	0.20743098186954975	GSE92538	MDD	PFC_DLPFC	F	50.0	15.25	6.59	106149	DLPFC_Female_MajorDepressiveDisorder_UMichigan_106149	GSE92538	SCZ	PFC_DLPFC	F	58.0	31.25	6.59	103620	DLPFC_Female_Schizophrenia_p_UMichigan_103620	False	False
GSE92538__HG-U133A|PFC_DLPFC	GSM2432011	GSE92538__HG-U133_Plus_2|PFC_DLPFC	GSM2431818	0.6193072818645493	8.565808028739596	0.5495600543339267	GSE92538	CTL	PFC_DLPFC	M	48.0	21.0	6.62	106589	DLPFC_Male_Control_UMichigan_106589	GSE92538	CTL	PFC_DLPFC	M	48.0	21.0	6.62	106589	DLPFC_Male_Control_r_p_UCDavis_106589	True	True
GSE92538__HG-U133A|PFC_DLPFC	GSM2432022	GSE92538__HG-U133_Plus_2|PFC_DLPFC	GSM2431995	0.21654359074525628	3.0053312306281716	0.16841559480088275	GSE92538	BD	PFC_DLPFC	M	32.0	31.0	6.94	107029	DLPFC_Male_BipolarDisorder_UMichigan_107029	GSE92538	MDD	PFC_DLPFC	M	56.0	13.0	6.9	105947	DLPFC_Male_MajorDepressiveDisorder_p_UMichigan_105947	False	False
GSE92538__HG-U133_Plus_2|PFC_DLPFC	GSM2431716	GSE92538__HG-U133_Plus_2|PFC_DLPFC	GSM2431717	0.43395367823115927	4.754600598144744	0.23859886771269265	GSE92538	SCZ	PFC_DLPFC	M	39.0	7.5	6.83	101078	DLPFC_Male_Schizophrenia_p_UCDavis_101078	GSE92538	SCZ	PFC_DLPFC	M	39.0	7.5	6.83	101078	DLPFC_Male_Schizophrenia_r_p_UCDavis_101078	True	True
GSE92538__HG-U133_Plus_2|PFC_DLPFC	GSM2431719	GSE92538__HG-U133_Plus_2|PFC_DLPFC	GSM2431903	0.4828765414202034	5.281112450673323	0.16433845542953854	GSE92538	CTL	PFC_DLPFC	M	53.0	14.5	6.64	101091	DLPFC_Male_Control_p_UCDavis_101091	GSE92538	CTL	PFC_DLPFC	M	53.0	14.5	6.64	101091	DLPFC_Male_Control_p_UMichigan_101091	True	True
GSE92538__HG-U133_Plus_2|PFC_DLPFC	GSM2431724	GSE92538__HG-U133_Plus_2|PFC_DLPFC	GSM2431746	0.2797452711926964	3.094997116812024	0.25891011904519384	GSE92538	CTL	PFC_DLPFC	M	77.0	23.0	6.76	101407	DLPFC_Male_Control_p_UCDavis_101407	GSE92538	SCZ	PFC_DLPFC	M	42.0	8.5	7.04	102218	DLPFC_Male_Schizophrenia_p_UCDavis_102218	False	False
GSE92538__HG-U133_Plus_2|PFC_DLPFC	GSM2431725	GSE92538__HG-U133_Plus_2|PFC_DLPFC	GSM2431911	0.31180528221440074	3.440029575969163	0.23859886771269267	GSE92538	SCZ	PFC_DLPFC	M	45.0	20.0	7.05	101421	DLPFC_Male_Schizophrenia_p_UCDavis_101421	GSE92538	SCZ	PFC_DLPFC	M	45.0	20.0	7.05	101421	DLPFC_Male_Schizophrenia_p_UMichigan_101421	True	True
GSE92538__HG-U133_Plus_2|PFC_DLPFC	GSM2431732	GSE92538__HG-U133_Plus_2|PFC_DLPFC	GSM2431917	0.6073480959677746	6.620685494849319	0.14876139782995065	GSE92538	BD	PFC_DLPFC	F	59.0	27.0	6.55	101677	DLPFC_Female_BipolarDisorder_p_UCDavis_101677	GSE92538	BD	PFC_DLPFC	F	59.0	27.0	6.55	101677	DLPFC_Female_BipolarDisorder_p_UMichigan_101677	True	True
GSE92538__HG-U133_Plus_2|PFC_DLPFC	GSM2431736	GSE92538__HG-U133_Plus_2|PFC_DLPFC	GSM2431922	0.6579452275251841	7.165215960410657	0.3674648422672157	GSE92538	CTL	PFC_DLPFC	M	66.0	18.5	6.94	101772	DLPFC_Male_Control_p_UCDavis_101772	GSE92538	CTL	PFC_DLPFC	M	66.0	18.5	6.94	101772	DLPFC_Male_Control_p_UMichigan_101772	True	True
GSE92538__HG-U133_Plus_2|PFC_DLPFC	GSM2431741	GSE92538__HG-U133_Plus_2|PFC_DLPFC	GSM2431742	0.5709221442891601	6.22866642547648	0.27681388224480696	GSE92538	SCZ	PFC_DLPFC	M	44.0	24.0	7.21	102118	DLPFC_Male_Schizophrenia_p_UCDavis_102118	GSE92538	SCZ	PFC_DLPFC	M	44.0	24.0	7.21	102118	DLPFC_Male_Schizophrenia_r_p_UCDavis_102118	True	True
GSE92538__HG-U133_Plus_2|PFC_DLPFC	GSM2431744	GSE92538__HG-U133_Plus_2|PFC_DLPFC	GSM2431928	0.4548318015661812	4.979292668025565	0.28402980137054673	GSE92538	CTL	PFC_DLPFC	M	55.0	23.0		102194	DLPFC_Male_Control_p_UCDavis_102194	GSE92538	CTL	PFC_DLPFC	M	55.0	23.0		102194	DLPFC_Male_Control_p_UMichigan_102194	True	True
GSE92538__HG-U133_Plus_2|PFC_DLPFC	GSM2431747	GSE92538__HG-U133_Plus_2|PFC_DLPFC	GSM2431931	0.3431679147739522	3.777556791113849	0.22278508513341858	GSE92538	SCZ	PFC_DLPFC	M	59.0	35.75	6.42	102317	DLPFC_Male_Schizophrenia_p_UCDavis_102317	GSE92538	SCZ	PFC_DLPFC	M	59.0	35.75	6.42	102317	DLPFC_Male_Schizophrenia_p_UMichigan_102317	True	True
GSE92538__HG-U133_Plus_2|PFC_DLPFC	GSM2431748	GSE92538__HG-U133_Plus_2|PFC_DLPFC	GSM2431933	0.6205609810072749	6.762883643647615	0.13384726249255374	GSE92538	MDD	PFC_DLPFC	M	50.0	30.8	6.84	102362	DLPFC_Male_MajorDepressiveDisorder_p_UCDavis_102362	GSE92538	MDD	PFC_DLPFC	M	50.0	30.8	6.84	102362	DLPFC_Male_MajorDepressiveDisorder_p_UMichigan_102362	True	True
GSE92538__HG-U133_Plus_2|PFC_DLPFC	GSM2431754	GSE92538__HG-U133_Plus_2|PFC_DLPFC	GSM2431940	0.6314450989617306	6.880019410726419	0.17451295213076973	GSE92538	MDD	PFC_DLPFC	M	40.0	25.5	6.99	102482	DLPFC_Male_MajorDepressiveDisorder_p_UCDavis_102482	GSE92538	MDD	PFC_DLPFC	M	40.0	25.5	6.99	102482	DLPFC_Male_MajorDepressiveDisorder_p_UMichigan_102482	True	True
GSE92538__HG-U133_Plus_2|PFC_DLPFC	GSM2431757	GSE92538__HG-U133_Plus_2|PFC_DLPFC	GSM2431945	0.5714350650635625	6.234186520776042	0.25796719123768086	GSE92538	CTL	PFC_DLPFC	M	30.0	18.2	7.15	102623	DLPFC_Male_Control_p_UCDavis_102623	GSE92538	CTL	PFC_DLPFC	M	30.0	18.2	7.15	102623	DLPFC_Male_Control_p_UMichigan_102623	True	True
GSE92538__HG-U133_Plus_2|PFC_DLPFC	GSM2431760	GSE92538__HG-U133_Plus_2|PFC_DLPFC	GSM2431948	0.3964207356474967	4.350668002167852	0.23657349460211388	GSE92538	CTL	PFC_DLPFC	M	69.0	25.8	7.12	102854	DLPFC_Male_Control_p_UCDavis_102854	GSE92538	CTL	PFC_DLPFC	M	69.0	25.8	7.12	102854	DLPFC_Male_Control_p_UMichigan_102854	True	True
GSE92538__HG-U133_Plus_2|PFC_DLPFC	GSM2431766	GSE92538__HG-U133_Plus_2|PFC_DLPFC	GSM2431767	0.5494964406989397	5.99808125213075	0.17339733739504293	GSE92538	SCZ	PFC_DLPFC	M	48.0	27.0	6.93	103311	DLPFC_Male_Schizophrenia_p_UCDavis_103311	GSE92538	SCZ	PFC_DLPFC	M	48.0	27.0	6.93	103311	DLPFC_Male_Schizophrenia_r_p_UCDavis_103311	True	True
GSE92538__HG-U133_Plus_2|PFC_DLPFC	GSM2431769	GSE92538__HG-U133_Plus_2|PFC_DLPFC	GSM2431956	0.43556789000280827	4.771972877174699	0.23183080503604386	GSE92538	CTL	PFC_DLPFC	M	69.0	21.0	6.59	103610	DLPFC_Male_Control_p_UCDavis_103610	GSE92538	CTL	PFC_DLPFC	M	69.0	21.0	6.59	103610	DLPFC_Male_Control_p_UMichigan_103610	True	True
GSE92538__HG-U133_Plus_2|PFC_DLPFC	GSM2431770	GSE92538__HG-U133_Plus_2|PFC_DLPFC	GSM2431958	0.653368358728792	7.115959324316873	0.2683507993451449	GSE92538	MDD	PFC_DLPFC	M	24.0	34.5	7.16	103625	DLPFC_Male_MajorDepressiveDisorder_p_UCDavis_103625	GSE92538	MDD	PFC_DLPFC	M	24.0	34.5	7.16	103625	DLPFC_Male_MajorDepressiveDisorder_p_UMichigan_103625	True	True
GSE92538__HG-U133_Plus_2|PFC_DLPFC	GSM2431774	GSE92538__HG-U133_Plus_2|PFC_DLPFC	GSM2431775	0.6934829489322178	7.547675822998012	0.15686273963058206	GSE92538	CTL	PFC_DLPFC	M	48.0	20.2	6.79	104126	DLPFC_Male_Control_p_UCDavis_104126	GSE92538	CTL	PFC_DLPFC	M	48.0	20.2	6.79	104126	DLPFC_Male_Control_r_p_UCDavis_104126	True	True
GSE92538__HG-U133_Plus_2|PFC_DLPFC	GSM2431778	GSE92538__HG-U133_Plus_2|PFC_DLPFC	GSM2431779	0.7095851292530092	7.720968803780618	0.2618917997950675	GSE92538	SCZ	PFC_DLPFC	M	50.0	6.25	6.81	104259	DLPFC_Male_Schizophrenia_p_UCDavis_104259	GSE92538	SCZ	PFC_DLPFC	M	50.0	6.25	6.81	104259	DLPFC_Male_Schizophrenia_r_p_UCDavis_104259	True	True
GSE92538__HG-U133_Plus_2|PFC_DLPFC	GSM2431781	GSE92538__HG-U133_Plus_2|PFC_DLPFC	GSM2431968	0.5050843101753103	5.5201142732485	0.1596677173466165	GSE92538	SCZ	PFC_DLPFC	F	31.0	22.0	6.77	104344	DLPFC_Female_Schizophrenia_p_UCDavis_104344	GSE92538	SCZ	PFC_DLPFC	F	31.0	22.0	6.77	104344	DLPFC_Female_Schizophrenia_p_UMichigan_104344	True	True
GSE92538__HG-U133_Plus_2|PFC_DLPFC	GSM2431782	GSE92538__HG-U133_Plus_2|PFC_DLPFC	GSM2431969	0.5798605722305481	6.324862517596602	0.17046272660231393	GSE92538	MDD	PFC_DLPFC	M	19.0	30.5	7.06	104349	DLPFC_Male_MajorDepressiveDisorder_p_UCDavis_104349	GSE92538	MDD	PFC_DLPFC	M	19.0	30.5	7.06	104349	DLPFC_Male_MajorDepressiveDisorder_p_UMichigan_104349	True	True
GSE92538__HG-U133_Plus_2|PFC_DLPFC	GSM2431793	GSE92538__HG-U133_Plus_2|PFC_DLPFC	GSM2431984	0.4477727960320662	4.903323073473939	0.3323560881369929	GSE92538	BD	PFC_DLPFC	M	33.0	23.5	6.41	105544	DLPFC_Male_BipolarDisorder_p_UCDavis_105544	GSE92538	BD	PFC_DLPFC	M	33.0	23.5	6.41	105544	DLPFC_Male_BipolarDisorder_p_UMichigan_105544	True	True
GSE92538__HG-U133_Plus_2|PFC_DLPFC	GSM2431798	GSE92538__HG-U133_Plus_2|PFC_DLPFC	GSM2431990	0.5138700058029422	5.614666647723847	0.2035502492614937	GSE92538	BD	PFC_DLPFC	F	36.0	25.5	7.0	105687	DLPFC_Female_BipolarDisorder_p_UCDavis_105687	GSE92538	BD	PFC_DLPFC	F	36.0	25.5	7.0	105687	DLPFC_Female_BipolarDisorder_p_UMichigan_105687	True	True
GSE92538__HG-U133_Plus_2|PFC_DLPFC	GSM2431799	GSE92538__HG-U133_Plus_2|PFC_DLPFC	GSM2431991	0.5804585367896774	6.331297861058759	0.2032586645429519	GSE92538	CTL	PFC_DLPFC	F	68.0	33.5	6.55	105725	DLPFC_Female_Control_p_UCDavis_105725	GSE92538	CTL	PFC_DLPFC	F	68.0	33.5	6.55	105725	DLPFC_Female_Control_p_UMichigan_105725	True	True
GSE92538__HG-U133_Plus_2|PFC_DLPFC	GSM2431802	GSE92538__HG-U133_Plus_2|PFC_DLPFC	GSM2431995	0.41226908715622407	4.521229256527405	0.26974169626200306	GSE92538	MDD	PFC_DLPFC	M	56.0	13.0	6.9	105947	DLPFC_Male_MajorDepressiveDisorder_p_UCDavis_105947	GSE92538	MDD	PFC_DLPFC	M	56.0	13.0	6.9	105947	DLPFC_Male_MajorDepressiveDisorder_p_UMichigan_105947	True	True
GSE92538__HG-U133_Plus_2|PFC_DLPFC	GSM2431805	GSE92538__HG-U133_Plus_2|PFC_DLPFC	GSM2431998	0.5553129914647734	6.060679446909576	0.17182409849214778	GSE92538	CTL	PFC_DLPFC	M	55.0	35.5	7.18	106049	DLPFC_Male_Control_p_UCDavis_106049	GSE92538	CTL	PFC_DLPFC	M	55.0	35.5	7.18	106049	DLPFC_Male_Control_p_UMichigan_106049	True	True
GSE92538__HG-U133_Plus_2|PFC_DLPFC	GSM2431806	GSE92538__HG-U133_Plus_2|PFC_DLPFC	GSM2431999	0.4882610040146018	5.339060477232864	0.2840298013705468	GSE92538	CTL	PFC_DLPFC	M	75.0	19.0	7.18	106051	DLPFC_Male_Control_p_UCDavis_106051	GSE92538	CTL	PFC_DLPFC	M	75.0	19.0	7.18	106051	DLPFC_Male_Control_p_UMichigan_106051	True	True
GSE92538__HG-U133_Plus_2|PFC_DLPFC	GSM2431808	GSE92538__HG-U133_Plus_2|PFC_DLPFC	GSM2432002	0.5554736161689144	6.0624081031047865	0.27252923204618046	GSE92538	CTL	PFC_DLPFC	F	73.0	20.0	7.21	106172	DLPFC_Female_Control_p_UCDavis_106172	GSE92538	CTL	PFC_DLPFC	F	73.0	20.0	7.21	106172	DLPFC_Female_Control_p_UMichigan_106172	True	True
GSE92538__HG-U133_Plus_2|PFC_DLPFC	GSM2431817	GSE92538__HG-U133_Plus_2|PFC_DLPFC	GSM2431818	0.5465618145499817	5.9664985656433265	0.2800497993102527	GSE92538	CTL	PFC_DLPFC	M	48.0	21.0	6.62	106589	DLPFC_Male_Control_p_UCDavis_106589	GSE92538	CTL	PFC_DLPFC	M	48.0	21.0	6.62	106589	DLPFC_Male_Control_r_p_UCDavis_106589	True	True
GSE92538__HG-U133_Plus_2|PFC_DLPFC	GSM2431823	GSE92538__HG-U133_Plus_2|PFC_DLPFC	GSM2432014	0.6201292415538578	6.758237228360147	0.3013365347936439	GSE92538	SCZ	PFC_DLPFC	M	63.0	33.0	7.02	106725	DLPFC_Male_Schizophrenia_p_UCDavis_106725	GSE92538	SCZ	PFC_DLPFC	M	63.0	33.0	7.02	106725	DLPFC_Male_Schizophrenia_p_UMichigan_106725	True	True
GSE92538__HG-U133_Plus_2|PFC_DLPFC	GSM2431825	GSE92538__HG-U133_Plus_2|PFC_DLPFC	GSM2432017	0.6324201067736142	6.890512524493718	0.2398429042947355	GSE92538	SCZ	PFC_DLPFC	M	40.0	14.5	6.9	106753	DLPFC_Male_Schizophrenia_p_UCDavis_106753	GSE92538	SCZ	PFC_DLPFC	M	40.0	14.5	6.9	106753	DLPFC_Male_Schizophrenia_p_UMichigan_106753	True	True
GSE92538__HG-U133_Plus_2|PFC_DLPFC	GSM2431826	GSE92538__HG-U133_Plus_2|PFC_DLPFC	GSM2432018	0.6128201485492871	6.679576172009668	0.1731468731193204	GSE92538	CTL	PFC_DLPFC	M	63.0	22.7	7.25	106798	DLPFC_Male_Control_p_UCDavis_106798	GSE92538	CTL	PFC_DLPFC	M	63.0	22.7	7.25	106798	DLPFC_Male_Control_p_UMichigan_106798	True	True
GSE92538__HG-U133_Plus_2|PFC_DLPFC	GSM2431829	GSE92538__HG-U133_Plus_2|PFC_DLPFC	GSM2432021	0.5408969100429173	5.905532400296735	0.25286749261748176	GSE92538	CTL	PFC_DLPFC	M	56.0	20.3	7.14	106966	DLPFC_Male_Control_p_UCDavis_106966	GSE92538	CTL	PFC_DLPFC	M	56.0	20.3	7.14	106966	DLPFC_Male_Control_p_UMichigan_106966	True	True
GSE92538__HG-U133_Plus_2|PFC_DLPFC	GSM2431837	GSE92538__HG-U133_Plus_2|PFC_DLPFC	GSM2432029	0.605062481651567	6.596087526755296	0.1757240281439845	GSE92538	CTL	PFC_DLPFC	M	79.0	0.0	7.0	107309	DLPFC_Male_Control_p_UCDavis_107309	GSE92538	CTL	PFC_DLPFC	M	79.0	0.0	7.0	107309	DLPFC_Male_Control_p_UMichigan_107309	True	True
GSE92538__HG-U133_Plus_2|PFC_DLPFC	GSM2431843	GSE92538__HG-U133_Plus_2|PFC_DLPFC	GSM2432037	0.6264640001761356	6.826412418447626	0.17333273510153951	GSE92538	MDD	PFC_DLPFC	F	53.0	19.5	7.16	107845	DLPFC_Female_MajorDepressiveDisorder_p_UCDavis_107845	GSE92538	MDD	PFC_DLPFC	F	53.0	19.5	7.16	107845	DLPFC_Female_MajorDepressiveDisorder_p_UMichigan_107845	True	True
GSE92538__HG-U133_Plus_2|PFC_DLPFC	GSM2431848	GSE92538__HG-U133_Plus_2|PFC_DLPFC	GSM2432041	0.2999130282244773	3.312044166472992	0.2035502492614937	GSE92538	CTL	PFC_DLPFC	M	60.0	36.0	6.59	108066	DLPFC_Male_Control_p_UCDavis_108066	GSE92538	CTL	PFC_DLPFC	M	60.0	36.0	6.59	108066	DLPFC_Male_Control_p_UMichigan_108066	True	True
GSE92538__HG-U133_Plus_2|PFC_DLPFC	GSM2431849	GSE92538__HG-U133_Plus_2|PFC_DLPFC	GSM2432042	0.5230045615559997	5.712973483384376	0.15393537303293908	GSE92538	BD	PFC_DLPFC	M	36.0	25.5		108104	DLPFC_Male_BipolarDisorder_p_UCDavis_108104	GSE92538	BD	PFC_DLPFC	M	36.0	25.5		108104	DLPFC_Male_BipolarDisorder_p_UMichigan_108104	True	True
GSE92538__HG-U133_Plus_2|PFC_DLPFC	GSM2431852	GSE92538__HG-U133_Plus_2|PFC_DLPFC	GSM2432047	0.36541679341409783	4.017001041632079	0.20721838538964357	GSE92538	CTL	PFC_DLPFC	M	64.0	24.5	6.55	108425	DLPFC_Male_Control_p_UCDavis_108425	GSE92538	CTL	PFC_DLPFC	M	64.0	24.5	6.55	108425	DLPFC_Male_Control_p_UMichigan_108425	True	True
GSE92538__HG-U133_Plus_2|PFC_DLPFC	GSM2431853	GSE92538__HG-U133_Plus_2|PFC_DLPFC	GSM2432048	0.5981487199406261	6.521681058100702	0.2145525351925383	GSE92538	BD	PFC_DLPFC	M	70.0	27.5	6.96	108454	DLPFC_Male_BipolarDisorder_p_UCDavis_108454	GSE92538	BD	PFC_DLPFC	M	70.0	27.5	6.96	108454	DLPFC_Male_BipolarDisorder_p_UMichigan_108454	True	True
GSE92538__HG-U133_Plus_2|PFC_DLPFC	GSM2431858	GSE92538__HG-U133_Plus_2|PFC_DLPFC	GSM2432052	0.6738325673782519	7.336196810518854	0.2760764154811827	GSE92538	MDD	PFC_DLPFC	F	46.0	9.5	7.39	108700	DLPFC_Female_MajorDepressiveDisorder_p_UCDavis_108700	GSE92538	MDD	PFC_DLPFC	F	46.0	9.5	7.39	108700	DLPFC_Female_MajorDepressiveDisorder_p_UMichigan_108700	True	True
GSE92538__HG-U133_Plus_2|PFC_DLPFC	GSM2431864	GSE92538__HG-U133_Plus_2|PFC_DLPFC	GSM2432064	0.5847827520541491	6.3778354191904585	0.1614591275958439	GSE92538	CTL	PFC_DLPFC	F	62.0	20.0	7.11	109103	DLPFC_Female_Control_p_UCDavis_109103	GSE92538	CTL	PFC_DLPFC	F	62.0	20.0	7.11	109103	DLPFC_Female_Control_p_UMichigan_109103	True	True
GSE92538__HG-U133_Plus_2|PFC_DLPFC	GSM2431866	GSE92538__HG-U133_Plus_2|PFC_DLPFC	GSM2432068	0.48613335683172515	5.316162564339767	0.26189179979506755	GSE92538	MDD	PFC_DLPFC	M	28.0	33.0	7.07	109248	DLPFC_Male_MajorDepressiveDisorder_p_UCDavis_109248	GSE92538	MDD	PFC_DLPFC	M	28.0	33.0	7.07	109248	DLPFC_Male_MajorDepressiveDisorder_p_UMichigan_109248	True	True
GSE92538__HG-U133_Plus_2|PFC_DLPFC	GSM2431867	GSE92538__HG-U133_Plus_2|PFC_DLPFC	GSM2432070	0.5912703987014212	6.447656002699786	0.1655229568387166	GSE92538	MDD	PFC_DLPFC	M	39.0	29.0	7.18	109257	DLPFC_Male_MajorDepressiveDisorder_p_UCDavis_109257	GSE92538	MDD	PFC_DLPFC	M	39.0	29.0	7.18	109257	DLPFC_Male_MajorDepressiveDisorder_p_UMichigan_109257	True	True
GSE92538__HG-U133_Plus_2|PFC_DLPFC	GSM2431873	GSE92538__HG-U133_Plus_2|PFC_DLPFC	GSM2431874	0.44025693499567087	4.822436762664026	0.2517877027932761	GSE92538	CTL	PFC_DLPFC	M	43.0	26.0	7.1	109779	DLPFC_Male_Control_p_UCDavis_109779	GSE92538	CTL	PFC_DLPFC	M	43.0	26.0	7.1	109779	DLPFC_Male_Control_r_p_UCDavis_109779	True	True
GSE92538__HG-U133_Plus_2|PFC_DLPFC	GSM2431876	GSE92538__HG-U133_Plus_2|PFC_DLPFC	GSM2432081	0.5375195955913052	5.869185466111412	0.19177509754083602	GSE92538	MDD	PFC_DLPFC	M	36.0	36.0	6.87	109833	DLPFC_Male_MajorDepressiveDisorder_p_UCDavis_109833	GSE92538	MDD	PFC_DLPFC	M	36.0	36.0	6.87	109833	DLPFC_Male_MajorDepressiveDisorder_p_UMichigan_109833	True	True
GSE92538__HG-U133_Plus_2|PFC_DLPFC	GSM2431877	GSE92538__HG-U133_Plus_2|PFC_DLPFC	GSM2432083	0.7483687383867751	8.138361175397499	0.3674648422672157	GSE92538	CTL	PFC_DLPFC	M	32.0	10.0	7.04	109882	DLPFC_Male_Control_p_UCDavis_109882	GSE92538	CTL	PFC_DLPFC	M	32.0	10.0	7.04	109882	DLPFC_Male_Control_p_UMichigan_109882	True	True
GSE92538__HG-U133_Plus_2|PFC_DLPFC	GSM2431925	GSE92538__HG-U133_Plus_2|PFC_DLPFC	GSM2432065	0.48942807068065464	5.351620544087361	0.19890774597231747	GSE92538	MDD	PFC_DLPFC	M	52.0	23.0	6.58	101850	DLPFC_Male_MajorDepressiveDisorder_p_UMichigan_101850	GSE92538	MDD	PFC_DLPFC	M	29.0	19.0	6.3	109120	DLPFC_Male_MajorDepressiveDisorder_p_UMichigan_109120	False	True
