unit_a	gsm_a	unit_b	gsm_b	r	z	r_second	gse_a	dx_a	region_a	sex_reported_a	age_a	pmi_a	ph_a	donor_local_a	title_a	gse_b	dx_b	region_b	sex_reported_b	age_b	pmi_b	ph_b	donor_local_b	title_b	same_metadata_donor	dx_agree
GSE12649__HG-U133A|PFC_BA46	GSM317433	GSE12649__HG-U133A|PFC_BA46	GSM317441	0.7792364303954785	3.006643508946156	0.6672496150070754	GSE12649	BD	PFC_BA46					50	bipolar disorder, BA46-50	GSE12649	CTL	PFC_BA46					59	control, BA46-59	False	False
GSE12649__HG-U133A|PFC_BA46	GSM317396	GSE17612__HG-U133_Plus_2|PFC_BA10	GSM439821	0.7084158991081362	3.0528861666418265	0.6588504873913601	GSE12649	BD	PFC_BA46					13	bipolar disorder, BA46-13	GSE17612	SCZ	PFC_BA10	M	82.0	19.5	5.8	S010	S010_Scz_M_82	False	False
GSE12649__HG-U133A|PFC_BA46	GSM317390	GSE21138__HG-U133_Plus_2|PFC_BA46	GSM528877	0.6739196955448389	3.2097978189248066	0.508385963204141	GSE12649	SCZ	PFC_BA46					7	schizophrenia, BA46-7	GSE21138	SCZ	PFC_BA46	M	38.0	40.0	5.6	Scz-18	Scz-18	False	True
GSE12649__HG-U133A|PFC_BA46	GSM317396	GSE21138__HG-U133_Plus_2|PFC_BA46	GSM528873	0.695109205814483	3.31119399114037	0.6304054482169444	GSE12649	BD	PFC_BA46					13	bipolar disorder, BA46-13	GSE21138	SCZ	PFC_BA46	M	46.0	42.0	5.83	Scz-14	Scz-14	False	False
GSE12649__HG-U133A|PFC_BA46	GSM317431	GSE21138__HG-U133_Plus_2|PFC_BA46	GSM528866	0.6878855609018655	3.2766273619798487	0.6140330701763627	GSE12649	BD	PFC_BA46					48	bipolar disorder, BA46-48	GSE21138	SCZ	PFC_BA46	F	21.0	56.0	6.24	Scz-7	Scz-7	False	False
GSE12649__HG-U133A|PFC_BA46	GSM317453	GSE21138__HG-U133_Plus_2|PFC_BA46	GSM528842	0.6351926780797067	3.024481061608564	0.5474995035046424	GSE12649	CTL	PFC_BA46					71	control, BA46-71	GSE21138	CTL	PFC_BA46	M	36.0	42.0	6.46	Control-13	Control-13	False	True
GSE12649__HG-U133A|PFC_BA46	GSM317389	GSE35978__HuGene-1_0-st-v1|CB	GSM878267	0.5632669221207155	3.5191094211169114	0.35747975649823377	GSE12649	BD	PFC_BA46					6	bipolar disorder, BA46-6	GSE35978	BD	CB	F	30.0	62.0	6.74	k50	CC54_100909	False	True
GSE12649__HG-U133A|PFC_BA46	GSM317390	GSE35978__HuGene-1_0-st-v1|CB	GSM878279	0.6884374834074392	4.303035824641355	0.545887206270065	GSE12649	SCZ	PFC_BA46					7	schizophrenia, BA46-7	GSE35978	SCZ	CB	M	30.0	33.0	6.2	k61	CC66_110409	False	True
GSE12649__HG-U133A|PFC_BA46	GSM317393	GSE35978__HuGene-1_0-st-v1|CB	GSM878215	0.5158789008836787	3.2223246126395013	0.4008562059992164	GSE12649	SCZ	PFC_BA46					10	schizophrenia, BA46-10	GSE35978	SCZ	CB	M	40.0	34.0	6.18	k1	CC2_100909	False	True
GSE12649__HG-U133A|PFC_BA46	GSM317403	GSE35978__HuGene-1_0-st-v1|CB	GSM878232	0.568672703218384	3.5529651016425303	0.43927814792077874	GSE12649	BD	PFC_BA46					20	bipolar disorder, BA46-20	GSE35978	BD	CB	F	60.0	53.0	6.2	k16	CC19_102309	False	True
GSE12649__HG-U133A|PFC_BA46	GSM317404	GSE35978__HuGene-1_0-st-v1|CB	GSM878233	0.568083847652796	3.5492771783722223	0.48718889896851725	GSE12649	BD	PFC_BA46					21	bipolar disorder, BA46-21	GSE35978	BD	CB	M	55.0	44.0	6.5	k17	CC20_102309	False	True
GSE12649__HG-U133A|PFC_BA46	GSM317416	GSE35978__HuGene-1_0-st-v1|CB	GSM878291	0.4824057649892935	3.0126868610258275	0.45411757977139855	GSE12649	CTL	PFC_BA46					33	control, BA46-33	GSE35978	SCZ	CB	F	45.0	30.0	6.47	k73	CC78_111109	False	False
GSE12649__HG-U133A|PFC_BA46	GSM317420	GSE35978__HuGene-1_0-st-v1|CB	GSM878246	0.5141313884277999	3.211380176978522	0.348040087710692	GSE12649	SCZ	PFC_BA46					37	schizophrenia, BA46-37	GSE35978	SCZ	CB	M	40.0	80.0	6.6	k30	CC33_103009	False	True
GSE12649__HG-U133A|PFC_BA46	GSM317427	GSE35978__HuGene-1_0-st-v1|CB	GSM878230	0.5521749835612543	3.449642100577263	0.457823621306167	GSE12649	SCZ	PFC_BA46					44	schizophrenia, BA46-44	GSE35978	CTL	CB	M	50.0	46.0	6.5	k14	CC17_100909	False	False
GSE12649__HG-U133A|PFC_BA46	GSM317428	GSE35978__HuGene-1_0-st-v1|CB	GSM878254	0.5184321411363606	3.2383152132091824	0.4567090390422103	GSE12649	SCZ	PFC_BA46					45	schizophrenia, BA46-45	GSE35978	SCZ	CB	M	35.0	47.0	6.4	k38	CC41_111109	False	True
GSE12649__HG-U133A|PFC_BA46	GSM317432	GSE35978__HuGene-1_0-st-v1|CB	GSM878257	0.8069707983262626	5.045394046150738	0.3131650915245151	GSE12649	CTL	PFC_BA46					49	control, BA46-49	GSE35978	CTL	CB	M	35.0	22.0	6.48	k41	CC44_102309	False	True
GSE12649__HG-U133A|PFC_BA46	GSM317435	GSE35978__HuGene-1_0-st-v1|CB	GSM878295	0.5106593090350031	3.18963501035814	0.46645823267512243	GSE12649	CTL	PFC_BA46					53	control, BA46-53	GSE35978	CTL	CB	M	45.0	31.0	6.67	k77	CC82_111809	False	True
GSE12649__HG-U133A|PFC_BA46	GSM317437	GSE35978__HuGene-1_0-st-v1|CB	GSM878262	0.6856244935339845	4.285418447104821	0.4666166712280109	GSE12649	SCZ	PFC_BA46					55	schizophrenia, BA46-55	GSE35978	SCZ	CB	M	45.0	13.0	6.3	k46	CC49_111109	False	True
GSE12649__HG-U133A|PFC_BA46	GSM317453	GSE35978__HuGene-1_0-st-v1|CB	GSM878281	0.4949094648528192	3.090995852884622	0.4020888257222518	GSE12649	CTL	PFC_BA46					71	control, BA46-71	GSE35978	CTL	CB	F	50.0	45.0	6.72	k63	CC68_111109	False	True
GSE12649__HG-U133A|PFC_BA46	GSM317455	GSE35978__HuGene-1_0-st-v1|CB	GSM878283	0.5611284944065229	3.5057167357286594	0.3313173544955406	GSE12649	SCZ	PFC_BA46					73	schizophrenia, BA46-73	GSE35978	SCZ	CB	M	55.0	38.0	6.17	k65	CC70_111109	False	True
GSE12649__HG-U133A|PFC_BA46	GSM317459	GSE35978__HuGene-1_0-st-v1|CB	GSM878286	0.6703315280704422	4.189640659645703	0.4133921614240082	GSE12649	CTL	PFC_BA46					77	control, BA46-77	GSE35978	CTL	CB	F	35.0	29.0	6.52	k68	CC73_111109	False	True
GSE12649__HG-U133A|PFC_BA46	GSM317464	GSE35978__HuGene-1_0-st-v1|CB	GSM878292	0.49544193388063884	3.094330634846737	0.3991118542990654	GSE12649	SCZ	PFC_BA46					82	schizophrenia, BA46-82	GSE35978	SCZ	CB	M	40.0	26.0	6.8	k74	CC79_111809	False	True
GSE12649__HG-U133A|PFC_BA46	GSM317474	GSE35978__HuGene-1_0-st-v1|CB	GSM878303	0.4881165113717662	3.0484524981455428	0.3582371917645796	GSE12649	SCZ	PFC_BA46					93	schizophrenia, BA46-93	GSE35978	SCZ	CB	F	45.0	35.0	6.5	k85	CC90_103009	False	True
GSE12649__HG-U133A|PFC_BA46	GSM317480	GSE35978__HuGene-1_0-st-v1|CB	GSM878307	0.56569191479682	3.534296824349826	0.4896800969752986	GSE12649	CTL	PFC_BA46					99	control, BA46-99	GSE35978	CTL	CB	F	40.0	58.0	6.46	k89	CC94_111809	False	True
GSE12649__HG-U133A|PFC_BA46	GSM317482	GSE35978__HuGene-1_0-st-v1|CB	GSM878219	0.5412163257162572	3.3810094992405566	0.49347829059670706	GSE12649	SCZ	PFC_BA46					101	schizophrenia, BA46-101	GSE35978	SCZ	CB	M	50.0	16.0	6.52	k3	CC5_102309	False	True
GSE12649__HG-U133A|PFC_BA46	GSM317485	GSE35978__HuGene-1_0-st-v1|CB	GSM878222	0.5881144220603488	3.6747259739550153	0.36903701568509234	GSE12649	BD	PFC_BA46					104	bipolar disorder, BA46-104	GSE35978	BD	CB	M	20.0	12.0	5.978	k6	CC9_100909	False	True
GSE12649__HG-U133A|PFC_BA46	GSM317386	GSE35978__HuGene-1_0-st-v1|PARIETAL	GSM878380	0.7142246795370252	3.243939453724598	0.5291546800896159	GSE12649	BD	PFC_BA46					2	bipolar disorder, BA46-2	GSE35978	BD	PARIETAL	M	30.0	60.0	6.7	k15	CC149_40910	False	True
GSE12649__HG-U133A|PFC_BA46	GSM317387	GSE35978__HuGene-1_0-st-v1|PARIETAL	GSM878378	0.6954016926263896	3.1582980429415186	0.42062272751065893	GSE12649	SCZ	PFC_BA46					3	schizophrenia, BA46-3	GSE35978	SCZ	PARIETAL	M	45.0	26.0	6.42	k25	CC147_40910	False	True
GSE12649__HG-U133A|PFC_BA46	GSM317390	GSE35978__HuGene-1_0-st-v1|PARIETAL	GSM878473	0.7489297397329764	3.401841615087393	0.5842803758544576	GSE12649	SCZ	PFC_BA46					7	schizophrenia, BA46-7	GSE35978	SCZ	PARIETAL	M	30.0	33.0	6.2	k61	CC242_40910	False	True
GSE12649__HG-U133A|PFC_BA46	GSM317393	GSE35978__HuGene-1_0-st-v1|PARIETAL	GSM878467	0.7397423402182696	3.3600404992707165	0.43488618806776913	GSE12649	SCZ	PFC_BA46					10	schizophrenia, BA46-10	GSE35978	SCZ	PARIETAL	M	40.0	34.0	6.18	k1	CC236_40910	False	True
GSE12649__HG-U133A|PFC_BA46	GSM317395	GSE35978__HuGene-1_0-st-v1|PARIETAL	GSM878462	0.6752697849216943	3.0667012636540254	0.5125157044790297	GSE12649	SCZ	PFC_BA46					12	schizophrenia, BA46-12	GSE35978	SCZ	PARIETAL	M	20.0	28.0	6.73	k8	CC231_40810	False	True
GSE12649__HG-U133A|PFC_BA46	GSM317396	GSE35978__HuGene-1_0-st-v1|PARIETAL	GSM878461	0.8023967504055375	3.64510748176899	0.5758140481764865	GSE12649	BD	PFC_BA46					13	bipolar disorder, BA46-13	GSE35978	BD	PARIETAL	F	50.0	19.0	5.87	k139	CC230_40810	False	True
GSE12649__HG-U133A|PFC_BA46	GSM317397	GSE35978__HuGene-1_0-st-v1|PARIETAL	GSM878459	0.8013554531298477	3.640369755065038	0.4972360111710329	GSE12649	BD	PFC_BA46					14	bipolar disorder, BA46-14	GSE35978	BD	PARIETAL	F	50.0	18.0	6.5	k9	CC228_40810	False	True
GSE12649__HG-U133A|PFC_BA46	GSM317416	GSE35978__HuGene-1_0-st-v1|PARIETAL	GSM878428	0.6878741839833203	3.124049150194851	0.5895008531751685	GSE12649	CTL	PFC_BA46					33	control, BA46-33	GSE35978	CTL	PARIETAL	F	40.0	33.0	6.0	k136	CC197_40710	False	True
GSE12649__HG-U133A|PFC_BA46	GSM317419	GSE35978__HuGene-1_0-st-v1|PARIETAL	GSM878424	0.7115020146160534	3.231551788258504	0.5863134031968708	GSE12649	BD	PFC_BA46					36	bipolar disorder, BA46-36	GSE35978	AMBIG	PARIETAL	M	40.0	39.0	6.6	k135	CC193_40710	False	False
GSE12649__HG-U133A|PFC_BA46	GSM317428	GSE35978__HuGene-1_0-st-v1|PARIETAL	GSM878407	0.7527478198675114	3.4192132347329274	0.563191966296736	GSE12649	SCZ	PFC_BA46					45	schizophrenia, BA46-45	GSE35978	SCZ	PARIETAL	M	35.0	47.0	6.4	k38	CC176_40610	False	True
GSE12649__HG-U133A|PFC_BA46	GSM317430	GSE35978__HuGene-1_0-st-v1|PARIETAL	GSM878402	0.6917802148550666	3.1418209308376777	0.40411106417691045	GSE12649	SCZ	PFC_BA46					47	schizophrenia, BA46-47	GSE35978	SCZ	PARIETAL	M	45.0	32.0	6.67	k40	CC171_40610	False	True
GSE12649__HG-U133A|PFC_BA46	GSM317432	GSE35978__HuGene-1_0-st-v1|PARIETAL	GSM878395	0.7756962737138839	3.523624823181903	0.5781937124672428	GSE12649	CTL	PFC_BA46					49	control, BA46-49	GSE35978	CTL	PARIETAL	M	35.0	22.0	6.48	k41	CC164_40610	False	True
GSE12649__HG-U133A|PFC_BA46	GSM317437	GSE35978__HuGene-1_0-st-v1|PARIETAL	GSM878404	0.7781545962292886	3.534809775356529	0.5505687117802028	GSE12649	SCZ	PFC_BA46					55	schizophrenia, BA46-55	GSE35978	SCZ	PARIETAL	M	45.0	13.0	6.3	k46	CC173_40610	False	True
GSE12649__HG-U133A|PFC_BA46	GSM317452	GSE35978__HuGene-1_0-st-v1|PARIETAL	GSM878385	0.7008369361862649	3.1830274829941145	0.5751244333300208	GSE12649	CTL	PFC_BA46					70	control, BA46-70	GSE35978	CTL	PARIETAL	M	55.0	31.0	6.7	k62	CC154_40910	False	True
GSE12649__HG-U133A|PFC_BA46	GSM317456	GSE35978__HuGene-1_0-st-v1|PARIETAL	GSM878379	0.6762492430969427	3.071157632897097	0.5304854539457646	GSE12649	BD	PFC_BA46					74	bipolar disorder, BA46-74	GSE35978	BD	PARIETAL	F	35.0	24.0	6.51	k66	CC148_40910	False	True
GSE12649__HG-U133A|PFC_BA46	GSM317459	GSE35978__HuGene-1_0-st-v1|PARIETAL	GSM878472	0.8641642906593767	3.9261393558840654	0.49135615504301505	GSE12649	CTL	PFC_BA46					77	control, BA46-77	GSE35978	CTL	PARIETAL	F	35.0	29.0	6.52	k68	CC241_40910	False	True
GSE12649__HG-U133A|PFC_BA46	GSM317464	GSE35978__HuGene-1_0-st-v1|PARIETAL	GSM878457	0.6693697810789793	3.039857242823824	0.5996865480890122	GSE12649	SCZ	PFC_BA46					82	schizophrenia, BA46-82	GSE35978	SCZ	PARIETAL	M	40.0	26.0	6.8	k74	CC226_40810	False	True
GSE12649__HG-U133A|PFC_BA46	GSM317476	GSE35978__HuGene-1_0-st-v1|PARIETAL	GSM878420	0.6728087453357358	3.055503949267359	0.4942824323937598	GSE12649	CTL	PFC_BA46					95	control, BA46-95	GSE35978	CTL	PARIETAL	M	30.0	11.0	6.13	k87	CC189_40710	False	True
GSE12649__HG-U133A|PFC_BA46	GSM317480	GSE35978__HuGene-1_0-st-v1|PARIETAL	GSM878409	0.7378408938494174	3.351389239492979	0.6690110324499097	GSE12649	CTL	PFC_BA46					99	control, BA46-99	GSE35978	CTL	PARIETAL	F	40.0	58.0	6.46	k89	CC178_40610	False	True
GSE12649__HG-U133A|PFC_BA46	GSM317485	GSE35978__HuGene-1_0-st-v1|PARIETAL	GSM878469	0.7129971178164185	3.2383542552608695	0.5462510681961018	GSE12649	BD	PFC_BA46					104	bipolar disorder, BA46-104	GSE35978	CTL	PARIETAL	M	45.0	36.0	6.57	k5	CC238_40610	False	False
GSE12649__HG-U133A|PFC_BA46	GSM317419	GSE53987__HG-U133_Plus_2|PFC_BA46	GSM1304956	0.7099503301552146	3.175526224139948	0.7080605985842244	GSE12649	BD	PFC_BA46					36	bipolar disorder, BA46-36	GSE53987	MDD	PFC_BA46	M	51.0	24.6	6.5	k36	MDD_pfc_10	False	False
GSE12649__HG-U133A|PFC_BA46	GSM317464	GSE53987__HG-U133_Plus_2|PFC_BA46	GSM1304958	0.6838342970872282	3.058317427357867	0.6150311817198059	GSE12649	SCZ	PFC_BA46					82	schizophrenia, BA46-82	GSE53987	MDD	PFC_BA46	F	26.0	13.4	6.4	k38	MDD_pfc_12	False	False
GSE12649__HG-U133A|PFC_BA46	GSM317480	GSE53987__HG-U133_Plus_2|PFC_BA46	GSM1304972	0.6942987730462199	3.1052820116389284	0.6696948050764603	GSE12649	CTL	PFC_BA46					99	control, BA46-99	GSE53987	MDD	PFC_BA46	M	51.0	28.3	7.3	k52	MDD_pfc_9	False	False
GSE12649__HG-U133A|PFC_BA46	GSM317419	GSE53987__HG-U133_Plus_2|STR	GSM1305042	0.7013973986140015	3.135042644390374	0.6904171264536534	GSE12649	BD	PFC_BA46					36	bipolar disorder, BA46-36	GSE53987	SCZ	STR	M	47.0	28.9	6.58	k62	schiz_str_4	False	False
GSE12649__HG-U133A|PFC_BA46	GSM317486	GSE53987__HG-U133_Plus_2|STR	GSM1305037	0.6765885010389102	3.0231988659114473	0.5221157940559196	GSE12649	CTL	PFC_BA46					105	control, BA46-105	GSE53987	MDD	STR	F	49.0	23.4	6.4	k42	MDD_str_16	False	False
GSE12649__HG-U133A|PFC_BA46	GSM317419	GSE54567__HG-U133_Plus_2|PFC_BA9	GSM1319073	0.6917895059379872	3.0571868033560627	0.5925408632830022	GSE12649	BD	PFC_BA46					36	bipolar disorder, BA46-36	GSE54567	MDD	PFC_BA9	M				Mpair25_MDD	MDD matched sample pair brain dorsolateral prefrontal cortex BA9_M #25	False	False
GSE12649__HG-U133A|PFC_BA46	GSM317396	GSE54568__HG-U133_Plus_2|PFC_BA9	GSM1319095	0.6760628510419118	3.0015628631423152	0.5509819552237288	GSE12649	BD	PFC_BA46					13	bipolar disorder, BA46-13	GSE54568	MDD	PFC_BA9	F				Fpair6_MDD	MDD matched sample pair brain dorsolateral prefrontal cortex BA9_F #6	False	False
GSE12649__HG-U133A|PFC_BA46	GSM317433	GSE92538__HG-U133A|PFC_DLPFC	GSM2431937	0.767377383874049	3.1394206095006534	0.6955548465417816	GSE12649	BD	PFC_BA46					50	bipolar disorder, BA46-50	GSE92538	CTL	PFC_DLPFC	M	59.0	13.5	6.38	102440	DLPFC_Male_Control_UMichigan_102440	False	False
GSE12649__HG-U133A|PFC_BA46	GSM317396	GSE92538__HG-U133_Plus_2|PFC_DLPFC	GSM2431848	0.7022275911352064	3.269719395523434	0.5099704474000234	GSE12649	BD	PFC_BA46					13	bipolar disorder, BA46-13	GSE92538	CTL	PFC_DLPFC	M	60.0	36.0	6.59	108066	DLPFC_Male_Control_p_UCDavis_108066	False	False
GSE12649__HG-U133A|PFC_BA46	GSM317453	GSE92538__HG-U133_Plus_2|PFC_DLPFC	GSM2432068	0.6512859964674632	3.0316309729059543	0.5294379192421514	GSE12649	CTL	PFC_BA46					71	control, BA46-71	GSE92538	MDD	PFC_DLPFC	M	28.0	33.0	7.07	109248	DLPFC_Male_MajorDepressiveDisorder_p_UMichigan_109248	False	False
GSE17612__HG-U133_Plus_2|PFC_BA10	GSM439795	GSE21138__HG-U133_Plus_2|PFC_BA46	GSM528873	0.6520560096014668	3.4852943377640897	0.6392281730826005	GSE17612	SCZ	PFC_BA10	F	81.0	22.0		S008	S008_Scz_F_81	GSE21138	SCZ	PFC_BA46	M	46.0	42.0	5.83	Scz-14	Scz-14	False	True
GSE17612__HG-U133_Plus_2|PFC_BA10	GSM439821	GSE21138__HG-U133_Plus_2|PFC_BA46	GSM528866	0.6804554665779792	3.6367447718368933	0.6133868127781237	GSE17612	SCZ	PFC_BA10	M	82.0	19.5	5.8	S010	S010_Scz_M_82	GSE21138	SCZ	PFC_BA46	F	21.0	56.0	6.24	Scz-7	Scz-7	False	True
GSE17612__HG-U133_Plus_2|PFC_BA10	GSM439786	GSE35978__HuGene-1_0-st-v1|CB	GSM878286	0.5679659816871349	3.8983650244248693	0.3763414445489406	GSE17612	SCZ	PFC_BA10	M	77.0	3.0	6.1	S027	S027_Scz_M_77	GSE35978	CTL	CB	F	35.0	29.0	6.52	k68	CC73_111109	False	False
GSE17612__HG-U133_Plus_2|PFC_BA10	GSM439789	GSE35978__HuGene-1_0-st-v1|CB	GSM878292	0.4659169606078625	3.194418529168697	0.4499016696907227	GSE17612	CTL	PFC_BA10	M	54.0	12.0	6.6	C007	C007_Control_M_54	GSE35978	SCZ	CB	M	40.0	26.0	6.8	k74	CC79_111809	False	False
GSE17612__HG-U133_Plus_2|PFC_BA10	GSM439797	GSE35978__HuGene-1_0-st-v1|CB	GSM878262	0.557957413894359	3.8293247127614642	0.4485752396853143	GSE17612	CTL	PFC_BA10	M	91.0	9.5	6.3	C015	C015_Control_M_91	GSE35978	SCZ	CB	M	45.0	13.0	6.3	k46	CC49_111109	False	False
GSE17612__HG-U133_Plus_2|PFC_BA10	GSM439799	GSE35978__HuGene-1_0-st-v1|CB	GSM878257	0.4859996805840466	3.332951561557749	0.3787951321503647	GSE17612	CTL	PFC_BA10	M	58.0	15.0	6.5	C026	C026_Control_M_58	GSE35978	CTL	CB	M	35.0	22.0	6.48	k41	CC44_102309	False	True
GSE17612__HG-U133_Plus_2|PFC_BA10	GSM439805	GSE35978__HuGene-1_0-st-v1|CB	GSM878219	0.4496723487037575	3.0823612306689068	0.41987144324881126	GSE17612	SCZ	PFC_BA10	F	82.0	8.5	5.9	S020	S020_Scz_F_82	GSE35978	SCZ	CB	M	50.0	16.0	6.52	k3	CC5_102309	False	True
GSE17612__HG-U133_Plus_2|PFC_BA10	GSM439812	GSE35978__HuGene-1_0-st-v1|CB	GSM878283	0.4746929750072323	3.2549565383863954	0.2846991428596618	GSE17612	CTL	PFC_BA10	F	68.0	6.0	6.4	C022	C022_Control_F_68	GSE35978	SCZ	CB	M	55.0	38.0	6.17	k65	CC70_111109	False	False
GSE17612__HG-U133_Plus_2|PFC_BA10	GSM439821	GSE35978__HuGene-1_0-st-v1|CB	GSM878222	0.4686597174877273	3.2133383979974313	0.3913107149645866	GSE17612	SCZ	PFC_BA10	M	82.0	19.5	5.8	S010	S010_Scz_M_82	GSE35978	BD	CB	M	20.0	12.0	5.978	k6	CC9_100909	False	False
GSE17612__HG-U133_Plus_2|PFC_BA10	GSM439824	GSE35978__HuGene-1_0-st-v1|CB	GSM878267	0.4559275346016957	3.1255102598654627	0.35817129236654277	GSE17612	SCZ	PFC_BA10	M	44.0	4.0	6.3	S022	S022_Scz_M_44	GSE35978	BD	CB	F	30.0	62.0	6.74	k50	CC54_100909	False	False
GSE17612__HG-U133_Plus_2|PFC_BA10	GSM439821	GSE35978__HuGene-1_0-st-v1|PARIETAL	GSM878461	0.687466245760376	3.323303068575074	0.5562556461721889	GSE17612	SCZ	PFC_BA10	M	82.0	19.5	5.8	S010	S010_Scz_M_82	GSE35978	BD	PARIETAL	F	50.0	19.0	5.87	k139	CC230_40810	False	False
GSE17612__HG-U133_Plus_2|PFC_BA10	GSM439786	GSE53987__HG-U133_Plus_2|PFC_BA46	GSM1304930	0.6071965436112654	3.0595195018760135	0.36310877750604875	GSE17612	SCZ	PFC_BA10	M	77.0	3.0	6.1	S027	S027_Scz_M_77	GSE53987	BD	PFC_BA46	F	39.0	22.2	6.7	k11	bipolar_pfc_3	False	False
GSE17612__HG-U133_Plus_2|PFC_BA10	GSM439787	GSE53987__HG-U133_Plus_2|PFC_BA46	GSM1304952	0.6186867806654238	3.1173830974414933	0.5315063489678812	GSE17612	CTL	PFC_BA10	F	90.0	12.5	5.7	C010	C010_Control_F_90	GSE53987	CTL	PFC_BA46	M	68.0	11.8	6.8	k33	control_pfc_6	False	True
GSE17612__HG-U133_Plus_2|PFC_BA10	GSM439797	GSE53987__HG-U133_Plus_2|PFC_BA46	GSM1304956	0.6181592128861424	3.1147263229580924	0.5591350451959983	GSE17612	CTL	PFC_BA10	M	91.0	9.5	6.3	C015	C015_Control_M_91	GSE53987	MDD	PFC_BA46	M	51.0	24.6	6.5	k36	MDD_pfc_10	False	False
GSE17612__HG-U133_Plus_2|PFC_BA10	GSM439819	GSE54568__HG-U133_Plus_2|PFC_BA9	GSM1319095	0.6653515703521461	3.3690704969853296	0.4393252467181246	GSE17612	CTL	PFC_BA10	M	91.0	13.0	6.3	C005	C005_Control_M_91	GSE54568	MDD	PFC_BA9	F				Fpair6_MDD	MDD matched sample pair brain dorsolateral prefrontal cortex BA9_F #6	False	False
GSE17612__HG-U133_Plus_2|PFC_BA10	GSM439798	GSE54571__HG-U133_Plus_2|ACC_BA25	GSM1319154	0.577401293612227	3.0620374647273882	0.3115682968506594	GSE17612	SCZ	PFC_BA10	M	82.0	11.0	6.4	S005	S005_Scz_M_82	GSE54571	CTL	ACC_BA25	F				Fpair24_CTL	Control matched sample pair brain anterior cingulate cortex BA25_F #24	False	False
GSE17612__HG-U133_Plus_2|PFC_BA10	GSM439821	GSE54571__HG-U133_Plus_2|ACC_BA25	GSM1319142	0.6474349131815641	3.4355308799486335	0.5025132729562412	GSE17612	SCZ	PFC_BA10	M	82.0	19.5	5.8	S010	S010_Scz_M_82	GSE54571	CTL	ACC_BA25	F				Fpair3_CTL	Control matched sample pair brain anterior cingulate cortex BA25_F #3	False	False
GSE17612__HG-U133_Plus_2|PFC_BA10	GSM439787	GSE92538__HG-U133_Plus_2|PFC_DLPFC	GSM2431848	0.6241748291124221	3.1987403803415435	0.589137280587881	GSE17612	CTL	PFC_BA10	F	90.0	12.5	5.7	C010	C010_Control_F_90	GSE92538	CTL	PFC_DLPFC	M	60.0	36.0	6.59	108066	DLPFC_Male_Control_p_UCDavis_108066	False	True
GSE17612__HG-U133_Plus_2|PFC_BA10	GSM439789	GSE92538__HG-U133_Plus_2|PFC_DLPFC	GSM2431770	0.6091880385296923	3.1212364807315613	0.5664866682349711	GSE17612	CTL	PFC_BA10	M	54.0	12.0	6.6	C007	C007_Control_M_54	GSE92538	MDD	PFC_DLPFC	M	24.0	34.5	7.16	103625	DLPFC_Male_MajorDepressiveDisorder_p_UCDavis_103625	False	False
GSE17612__HG-U133_Plus_2|PFC_BA10	GSM439798	GSE92538__HG-U133_Plus_2|PFC_DLPFC	GSM2431852	0.6258415029848654	3.207359552256929	0.5784303345942765	GSE17612	SCZ	PFC_BA10	M	82.0	11.0	6.4	S005	S005_Scz_M_82	GSE92538	CTL	PFC_DLPFC	M	64.0	24.5	6.55	108425	DLPFC_Male_Control_p_UCDavis_108425	False	False
GSE21138__HG-U133_Plus_2|PFC_BA46	GSM528839	GSE21138__HG-U133_Plus_2|PFC_BA46	GSM528840	0.7610069107949622	3.2180487042948167	0.5720649194873251	GSE21138	CTL	PFC_BA46	M	38.0	44.0	6.19	Control-10	Control-10	GSE21138	CTL	PFC_BA46	M	42.0	26.0	6.21	Control-11	Control-11	False	True
GSE21138__HG-U133_Plus_2|PFC_BA46	GSM528842	GSE35978__HuGene-1_0-st-v1|CB	GSM878295	0.46810980855962725	3.175892109315181	0.44015064069122367	GSE21138	CTL	PFC_BA46	M	36.0	42.0	6.46	Control-13	Control-13	GSE35978	CTL	CB	M	45.0	31.0	6.67	k77	CC82_111809	False	True
GSE21138__HG-U133_Plus_2|PFC_BA46	GSM528852	GSE35978__HuGene-1_0-st-v1|CB	GSM878292	0.46332547890659714	3.143247162144488	0.42355490916711613	GSE21138	CTL	PFC_BA46	M	57.0	27.0	6.43	Control-23	Control-23	GSE35978	SCZ	CB	M	40.0	26.0	6.8	k74	CC79_111809	False	False
GSE21138__HG-U133_Plus_2|PFC_BA46	GSM528863	GSE35978__HuGene-1_0-st-v1|CB	GSM878256	0.4854454571540541	3.2941785514244404	0.28021830826966576	GSE21138	SCZ	PFC_BA46	M	22.0	37.0	6.17	Scz-4	Scz-4	GSE35978	SCZ	CB	M	45.0	32.0	6.67	k40	CC43_111109	False	True
GSE21138__HG-U133_Plus_2|PFC_BA46	GSM528877	GSE35978__HuGene-1_0-st-v1|CB	GSM878279	0.5156590709138312	3.5003352957447156	0.4971089930923435	GSE21138	SCZ	PFC_BA46	M	38.0	40.0	5.6	Scz-18	Scz-18	GSE35978	SCZ	CB	M	30.0	33.0	6.2	k61	CC66_110409	False	True
GSE21138__HG-U133_Plus_2|PFC_BA46	GSM528879	GSE35978__HuGene-1_0-st-v1|CB	GSM878286	0.46786496109828657	3.1742214400636835	0.4226638848644691	GSE21138	SCZ	PFC_BA46	M	35.0	47.0	6.27	Scz-20	Scz-20	GSE35978	CTL	CB	F	35.0	29.0	6.52	k68	CC73_111109	False	False
GSE21138__HG-U133_Plus_2|PFC_BA46	GSM528889	GSE35978__HuGene-1_0-st-v1|CB	GSM878257	0.5780184003356408	3.9258321076722758	0.3287964493526912	GSE21138	SCZ	PFC_BA46	M	67.0	21.0	6.46	Scz-30	Scz-30	GSE35978	CTL	CB	M	35.0	22.0	6.48	k41	CC44_102309	False	False
GSE21138__HG-U133_Plus_2|PFC_BA46	GSM528855	GSE35978__HuGene-1_0-st-v1|PARIETAL	GSM878432	0.6049693638753192	3.0918916014629376	0.5824211603521247	GSE21138	CTL	PFC_BA46	M	50.0	69.0	6.43	Control-26	Control-26	GSE35978	CTL	PARIETAL	M	50.0	22.0	6.71	k83	CC201_40710	False	True
GSE21138__HG-U133_Plus_2|PFC_BA46	GSM528863	GSE35978__HuGene-1_0-st-v1|PARIETAL	GSM878402	0.5872820080472039	3.001173890588278	0.38652526419078315	GSE21138	SCZ	PFC_BA46	M	22.0	37.0	6.17	Scz-4	Scz-4	GSE35978	SCZ	PARIETAL	M	45.0	32.0	6.67	k40	CC171_40610	False	True
GSE21138__HG-U133_Plus_2|PFC_BA46	GSM528866	GSE35978__HuGene-1_0-st-v1|PARIETAL	GSM878461	0.6598489639920248	3.373366783207768	0.6189148311344056	GSE21138	SCZ	PFC_BA46	F	21.0	56.0	6.24	Scz-7	Scz-7	GSE35978	BD	PARIETAL	F	50.0	19.0	5.87	k139	CC230_40810	False	False
GSE21138__HG-U133_Plus_2|PFC_BA46	GSM528877	GSE35978__HuGene-1_0-st-v1|PARIETAL	GSM878520	0.6065877050811868	3.100192006059145	0.5823425218929996	GSE21138	SCZ	PFC_BA46	M	38.0	40.0	5.6	Scz-18	Scz-18	GSE35978	BD	PARIETAL	M	55.0	39.0	5.8	k153	CC289_51310	False	False
GSE21138__HG-U133_Plus_2|PFC_BA46	GSM528879	GSE35978__HuGene-1_0-st-v1|PARIETAL	GSM878472	0.6012434445749565	3.072781516659005	0.5148130232584729	GSE21138	SCZ	PFC_BA46	M	35.0	47.0	6.27	Scz-20	Scz-20	GSE35978	CTL	PARIETAL	F	35.0	29.0	6.52	k68	CC241_40910	False	False
GSE21138__HG-U133_Plus_2|PFC_BA46	GSM528889	GSE35978__HuGene-1_0-st-v1|PARIETAL	GSM878395	0.7443328550349411	3.806681139275325	0.7051739556214176	GSE21138	SCZ	PFC_BA46	M	67.0	21.0	6.46	Scz-30	Scz-30	GSE35978	CTL	PARIETAL	M	35.0	22.0	6.48	k41	CC164_40610	False	False
GSE21138__HG-U133_Plus_2|PFC_BA46	GSM528846	GSE53987__HG-U133_Plus_2|HPC	GSM1304888	0.6669090936201132	3.2595023290411076	0.6210677087560442	GSE21138	CTL	PFC_BA46	M	42.0	63.0	6.34	Control-17	Control-17	GSE53987	MDD	HPC	M	51.0	24.6	6.5	k36	MDD_hip_10	False	False
GSE21138__HG-U133_Plus_2|PFC_BA46	GSM528889	GSE53987__HG-U133_Plus_2|HPC	GSM1304909	0.6485000005807253	3.1693035489692813	0.6200654921157942	GSE21138	SCZ	PFC_BA46	M	67.0	21.0	6.46	Scz-30	Scz-30	GSE53987	SCZ	HPC	F	44.0	24.5	6.63	k57	schiz_hip_18	False	True
GSE21138__HG-U133_Plus_2|PFC_BA46	GSM528842	GSE53987__HG-U133_Plus_2|PFC_BA46	GSM1304958	0.6457050723754522	3.1709363561618793	0.6454931331411599	GSE21138	CTL	PFC_BA46	M	36.0	42.0	6.46	Control-13	Control-13	GSE53987	MDD	PFC_BA46	F	26.0	13.4	6.4	k38	MDD_pfc_12	False	False
GSE21138__HG-U133_Plus_2|PFC_BA46	GSM528846	GSE53987__HG-U133_Plus_2|PFC_BA46	GSM1304956	0.6550145764199441	3.21690558213806	0.6484012126004154	GSE21138	CTL	PFC_BA46	M	42.0	63.0	6.34	Control-17	Control-17	GSE53987	MDD	PFC_BA46	M	51.0	24.6	6.5	k36	MDD_pfc_10	False	False
GSE21138__HG-U133_Plus_2|PFC_BA46	GSM528871	GSE53987__HG-U133_Plus_2|PFC_BA46	GSM1304930	0.6962970001180402	3.420753290324515	0.30400416245337314	GSE21138	SCZ	PFC_BA46	F	26.0	41.0	6.11	Scz-12	Scz-12	GSE53987	BD	PFC_BA46	F	39.0	22.2	6.7	k11	bipolar_pfc_3	False	False
GSE21138__HG-U133_Plus_2|PFC_BA46	GSM528873	GSE53987__HG-U133_Plus_2|PFC_BA46	GSM1304927	0.6562326876825559	3.2229204709686057	0.5078532546196077	GSE21138	SCZ	PFC_BA46	M	46.0	42.0	5.83	Scz-14	Scz-14	GSE53987	BD	PFC_BA46	F	56.0	24.5	6.1	k68	bipolar_pfc_17	False	False
GSE21138__HG-U133_Plus_2|PFC_BA46	GSM528889	GSE53987__HG-U133_Plus_2|PFC_BA46	GSM1304979	0.6956179086354468	3.4174000171885197	0.5703444566561422	GSE21138	SCZ	PFC_BA46	M	67.0	21.0	6.46	Scz-30	Scz-30	GSE53987	SCZ	PFC_BA46	F	44.0	24.5	6.63	k57	schiz_pfc_18	False	True
GSE21138__HG-U133_Plus_2|PFC_BA46	GSM528842	GSE53987__HG-U133_Plus_2|STR	GSM1305033	0.6021707393270057	3.0685848066639188	0.5814140459910018	GSE21138	CTL	PFC_BA46	M	36.0	42.0	6.46	Control-13	Control-13	GSE53987	MDD	STR	F	26.0	13.4	6.4	k38	MDD_str_12	False	False
GSE21138__HG-U133_Plus_2|PFC_BA46	GSM528866	GSE53987__HG-U133_Plus_2|STR	GSM1305037	0.6344961185232938	3.236047042556726	0.5444653231168709	GSE21138	SCZ	PFC_BA46	F	21.0	56.0	6.24	Scz-7	Scz-7	GSE53987	MDD	STR	F	49.0	23.4	6.4	k42	MDD_str_16	False	False
GSE21138__HG-U133_Plus_2|PFC_BA46	GSM528871	GSE53987__HG-U133_Plus_2|STR	GSM1304990	0.6694591528950556	3.4171737007759315	0.39112924362770807	GSE21138	SCZ	PFC_BA46	F	26.0	41.0	6.11	Scz-12	Scz-12	GSE53987	BD	STR	F	39.0	22.2	6.7	k11	bipolar_str_3	False	False
GSE21138__HG-U133_Plus_2|PFC_BA46	GSM528879	GSE53987__HG-U133_Plus_2|STR	GSM1305046	0.6872452662670367	3.509314996165807	0.46306352712142684	GSE21138	SCZ	PFC_BA46	M	35.0	47.0	6.27	Scz-20	Scz-20	GSE53987	SCZ	STR	M	38.0	28.8	6.56	k66	schiz_str_8	False	True
GSE21138__HG-U133_Plus_2|PFC_BA46	GSM528889	GSE53987__HG-U133_Plus_2|STR	GSM1305056	0.6409919771790213	3.269698960695916	0.485484728996897	GSE21138	SCZ	PFC_BA46	M	67.0	21.0	6.46	Scz-30	Scz-30	GSE53987	SCZ	STR	F	44.0	24.5	6.63	k57	schiz_str_18	False	True
GSE21138__HG-U133_Plus_2|PFC_BA46	GSM528842	GSE54567__HG-U133_Plus_2|PFC_BA9	GSM1319051	0.6482011234466615	3.1176191335269703	0.5407496827001802	GSE21138	CTL	PFC_BA46	M	36.0	42.0	6.46	Control-13	Control-13	GSE54567	CTL	PFC_BA9	M				Mpair2_CTL	Control matched sample pair brain dorsolateral prefrontal cortex BA9_M #2	False	True
GSE21138__HG-U133_Plus_2|PFC_BA46	GSM528846	GSE54567__HG-U133_Plus_2|PFC_BA9	GSM1319073	0.6538557041550659	3.1449610598965827	0.41894118043483525	GSE21138	CTL	PFC_BA46	M	42.0	63.0	6.34	Control-17	Control-17	GSE54567	MDD	PFC_BA9	M				Mpair25_MDD	MDD matched sample pair brain dorsolateral prefrontal cortex BA9_M #25	False	False
GSE21138__HG-U133_Plus_2|PFC_BA46	GSM528889	GSE54568__HG-U133_Plus_2|PFC_BA9	GSM1319095	0.6786820572876258	3.243875301905484	0.34853216061817577	GSE21138	SCZ	PFC_BA46	M	67.0	21.0	6.46	Scz-30	Scz-30	GSE54568	MDD	PFC_BA9	F				Fpair6_MDD	MDD matched sample pair brain dorsolateral prefrontal cortex BA9_F #6	False	False
GSE21138__HG-U133_Plus_2|PFC_BA46	GSM528866	GSE54571__HG-U133_Plus_2|ACC_BA25	GSM1319142	0.6815067929743625	3.316656062247623	0.5124826054997479	GSE21138	SCZ	PFC_BA46	F	21.0	56.0	6.24	Scz-7	Scz-7	GSE54571	CTL	ACC_BA25	F				Fpair3_CTL	Control matched sample pair brain anterior cingulate cortex BA25_F #3	False	False
GSE21138__HG-U133_Plus_2|PFC_BA46	GSM528832	GSE92538__HG-U133A|PFC_DLPFC	GSM2431994	0.6484914133107756	3.2273539733421246	0.6195189528456794	GSE21138	CTL	PFC_BA46	M	26.0	24.0	6.42	Control-2	Control-2	GSE92538	CTL	PFC_DLPFC	M	18.0	22.0	6.97	105928	DLPFC_Male_Control_UMichigan_105928	False	True
GSE21138__HG-U133_Plus_2|PFC_BA46	GSM528846	GSE92538__HG-U133A|PFC_DLPFC	GSM2431756	0.7210854084666319	3.591696522226406	0.6803086186327566	GSE21138	CTL	PFC_BA46	M	42.0	63.0	6.34	Control-17	Control-17	GSE92538	CTL	PFC_DLPFC	M	49.0	31.25	6.68	102539	DLPFC_Male_Control_UCDavis_102539	False	True
GSE21138__HG-U133_Plus_2|PFC_BA46	GSM528847	GSE92538__HG-U133A|PFC_DLPFC	GSM2432032	0.6622508959984893	3.296411544605528	0.5654427177752352	GSE21138	CTL	PFC_BA46	M	37.0	47.0	6.4	Control-18	Control-18	GSE92538	BD	PFC_DLPFC	M	63.0	54.75	6.87	107610	DLPFC_Male_BipolarDisorder_UMichigan_107610	False	False
GSE21138__HG-U133_Plus_2|PFC_BA46	GSM528866	GSE92538__HG-U133A|PFC_DLPFC	GSM2431752	0.699363943599615	3.4826784986535446	0.6781025179855237	GSE21138	SCZ	PFC_BA46	F	21.0	56.0	6.24	Scz-7	Scz-7	GSE92538	CTL	PFC_DLPFC	M	59.0	13.5	6.38	102440	DLPFC_Male_Control_UCDavis_102440	False	False
GSE21138__HG-U133_Plus_2|PFC_BA46	GSM528877	GSE92538__HG-U133A|PFC_DLPFC	GSM2431847	0.6107165708164138	3.03776553192146	0.6056723773718476	GSE21138	SCZ	PFC_BA46	M	38.0	40.0	5.6	Scz-18	Scz-18	GSE92538	CTL	PFC_DLPFC	F	47.0	41.25	6.73	108030	DLPFC_Female_Control_UCDavis_108030	False	False
GSE21138__HG-U133_Plus_2|PFC_BA46	GSM528889	GSE92538__HG-U133A|PFC_DLPFC	GSM2431902	0.6796450330135183	3.383711109839428	0.6701043922875854	GSE21138	SCZ	PFC_BA46	M	67.0	21.0	6.46	Scz-30	Scz-30	GSE92538	SCZ	PFC_DLPFC	M	39.0	7.5	6.83	101078	DLPFC_Male_Schizophrenia_UMichigan_101078	False	True
GSE21138__HG-U133_Plus_2|PFC_BA46	GSM528846	GSE92538__HG-U133_Plus_2|PFC_DLPFC	GSM2432052	0.6857027032395079	3.5606376257351906	0.6524818851755994	GSE21138	CTL	PFC_BA46	M	42.0	63.0	6.34	Control-17	Control-17	GSE92538	MDD	PFC_DLPFC	F	46.0	9.5	7.39	108700	DLPFC_Female_MajorDepressiveDisorder_p_UMichigan_108700	False	False
GSE21138__HG-U133_Plus_2|PFC_BA46	GSM528855	GSE92538__HG-U133_Plus_2|PFC_DLPFC	GSM2431798	0.588512046959527	3.054432529984523	0.5848224733345108	GSE21138	CTL	PFC_BA46	M	50.0	69.0	6.43	Control-26	Control-26	GSE92538	BD	PFC_DLPFC	F	36.0	25.5	7.0	105687	DLPFC_Female_BipolarDisorder_p_UCDavis_105687	False	False
GSE21138__HG-U133_Plus_2|PFC_BA46	GSM528869	GSE92538__HG-U133_Plus_2|PFC_DLPFC	GSM2432068	0.5808007478134734	3.0142692151968844	0.4418951596603223	GSE21138	SCZ	PFC_BA46	M	38.0	36.0	6.44	Scz-10	Scz-10	GSE92538	MDD	PFC_DLPFC	M	28.0	33.0	7.07	109248	DLPFC_Male_MajorDepressiveDisorder_p_UMichigan_109248	False	False
GSE21138__HG-U133_Plus_2|PFC_BA46	GSM528871	GSE92538__HG-U133_Plus_2|PFC_DLPFC	GSM2432083	0.7035357304523422	3.653518665881603	0.6279329381386325	GSE21138	SCZ	PFC_BA46	F	26.0	41.0	6.11	Scz-12	Scz-12	GSE92538	CTL	PFC_DLPFC	M	32.0	10.0	7.04	109882	DLPFC_Male_Control_p_UMichigan_109882	False	False
GSE21138__HG-U133_Plus_2|PFC_BA46	GSM528889	GSE92538__HG-U133_Plus_2|PFC_DLPFC	GSM2431716	0.7214474352930919	3.7468094883846397	0.6971694248904462	GSE21138	SCZ	PFC_BA46	M	67.0	21.0	6.46	Scz-30	Scz-30	GSE92538	SCZ	PFC_DLPFC	M	39.0	7.5	6.83	101078	DLPFC_Male_Schizophrenia_p_UCDavis_101078	False	True
GSE35978__HuGene-1_0-st-v1|CB	GSM878215	GSE35978__HuGene-1_0-st-v1|CB	GSM878287	0.46719682525633316	3.111831692328384	0.42567114016992286	GSE35978	SCZ	CB	M	40.0	34.0	6.18	k1	CC2_100909	GSE35978	SCZ	CB	F	45.0	26.0	6.58	k69	CC74_111109	False	True
GSE35978__HuGene-1_0-st-v1|CB	GSM878217	GSE35978__HuGene-1_0-st-v1|CB	GSM878219	0.7745311596275191	5.113056227681793	0.7083595589593698	GSE35978	SCZ	CB	M	50.0	16.0	6.52	k3	CC5_100909	GSE35978	SCZ	CB	M	50.0	16.0	6.52	k3	CC5_102309	True	True
GSE35978__HuGene-1_0-st-v1|CB	GSM878230	GSE35978__HuGene-1_0-st-v1|CB	GSM878295	0.4797123196269449	3.193327026905274	0.44552851125384	GSE35978	CTL	CB	M	50.0	46.0	6.5	k14	CC17_100909	GSE35978	CTL	CB	M	45.0	31.0	6.67	k77	CC82_111809	False	True
GSE35978__HuGene-1_0-st-v1|CB	GSM878232	GSE35978__HuGene-1_0-st-v1|CB	GSM878233	0.7245080434145248	4.78732793668202	0.21570013349338255	GSE35978	BD	CB	F	60.0	53.0	6.2	k16	CC19_102309	GSE35978	BD	CB	M	55.0	44.0	6.5	k17	CC20_102309	False	True
GSE35978__HuGene-1_0-st-v1|CB	GSM878246	GSE35978__HuGene-1_0-st-v1|CB	GSM878262	0.5243415191387785	3.483932530644388	0.4620680528499871	GSE35978	SCZ	CB	M	40.0	80.0	6.6	k30	CC33_103009	GSE35978	SCZ	CB	M	45.0	13.0	6.3	k46	CC49_111109	False	True
GSE35978__HuGene-1_0-st-v1|CB	GSM878265	GSE35978__HuGene-1_0-st-v1|CB	GSM878266	0.5401442633370861	3.5868329744892717	0.3721789710783786	GSE35978	BD	CB	F	65.0	32.0	6.97	k49	CC52_111109	GSE35978	BD	CB	F	65.0	32.0	6.97	k49	CC52_111809	True	True
GSE35978__HuGene-1_0-st-v1|CB	GSM878274	GSE35978__HuGene-1_0-st-v1|CB	GSM878307	0.461055344750406	3.0718411019603966	0.37683671603687274	GSE35978	SCZ	CB	M	45.0	35.0	6.66	k57	CC61_102109	GSE35978	CTL	CB	F	40.0	58.0	6.46	k89	CC94_111809	False	False
GSE35978__HuGene-1_0-st-v1|CB	GSM878279	GSE35978__HuGene-1_0-st-v1|CB	GSM878303	0.49602930845867266	3.2995760031543875	0.48995093179652893	GSE35978	SCZ	CB	M	30.0	33.0	6.2	k61	CC66_110409	GSE35978	SCZ	CB	F	45.0	35.0	6.5	k85	CC90_103009	False	True
GSE35978__HuGene-1_0-st-v1|CB	GSM878291	GSE35978__HuGene-1_0-st-v1|CB	GSM878343	0.46599255913115134	3.103990046774073	0.40603564245383533	GSE35978	SCZ	CB	F	45.0	30.0	6.47	k73	CC78_111109	GSE35978	MDD	CB	F	45.0	32.0	6.2	k118	CC130_111109	False	False
GSE35978__HuGene-1_0-st-v1|CB	GSM878299	GSE35978__HuGene-1_0-st-v1|CB	GSM878302	0.45315423279474504	3.0203925739767126	0.4084068737558	GSE35978	SCZ	CB	F	45.0	52.0	6.51	k81	CC86_103009	GSE35978	SCZ	CB	M	40.0	26.0	6.19	k84	CC89_103009	False	True
GSE35978__HuGene-1_0-st-v1|CB	GSM878308	GSE35978__HuGene-1_0-st-v1|CB	GSM878346	0.49996566938905895	3.325207835308817	0.49621441087916207	GSE35978	MDD	CB	M	55.0	23.0	6.5	k90	CC95_100909	GSE35978	SCZ	CB	M	35.0	35.0	6.5	k121	CC133_102109	False	False
GSE35978__HuGene-1_0-st-v1|CB	GSM878316	GSE35978__HuGene-1_0-st-v1|CB	GSM878317	0.6458414212633461	4.275085870775457	0.47247072652219757	GSE35978	MDD	CB	M	45.0	28.0	6.4	k98	CC103_100909	GSE35978	MDD	CB	M	45.0	28.0	6.4	k98	CC103_111809	True	True
GSE35978__HuGene-1_0-st-v1|CB	GSM878323	GSE35978__HuGene-1_0-st-v1|CB	GSM878324	0.6183781804953893	4.09625745787586	0.4175702268346813	GSE35978	SCZ	CB	M	50.0	61.0	6.0	k104	CC110_102309	GSE35978	SCZ	CB	M	50.0	61.0	6.0	k104	CC110_103009	True	True
GSE35978__HuGene-1_0-st-v1|CB	GSM878330	GSE35978__HuGene-1_0-st-v1|CB	GSM878331	0.7776811281319814	5.1335674220122876	0.7208735993927838	GSE35978	CTL	CB	F	55.0	26.0	6.0	k110	CC117_100909	GSE35978	CTL	CB	F	55.0	26.0	6.0	k110	CC117_102109	True	True
GSE35978__HuGene-1_0-st-v1|CB	GSM878347	GSE35978__HuGene-1_0-st-v1|CB	GSM878357	0.5053428685417733	3.3602217653271174	0.41431596065977677	GSE35978	CTL	CB	F	45.0	25.0	6.3	k122	CC134_100909	GSE35978	SCZ	CB	M	25.0	32.0	6.6	k131	CC144_100909	False	False
GSE35978__HuGene-1_0-st-v1|CB	GSM878215	GSE35978__HuGene-1_0-st-v1|PARIETAL	GSM878467	0.6105558775726864	3.679871616935113	0.4166403088307374	GSE35978	SCZ	CB	M	40.0	34.0	6.18	k1	CC2_100909	GSE35978	SCZ	PARIETAL	M	40.0	34.0	6.18	k1	CC236_40910	True	True
GSE35978__HuGene-1_0-st-v1|CB	GSM878217	GSE35978__HuGene-1_0-st-v1|PARIETAL	GSM878398	0.5815913445061428	3.50530631602172	0.4199715222449165	GSE35978	SCZ	CB	M	50.0	16.0	6.52	k3	CC5_100909	GSE35978	SCZ	PARIETAL	M	50.0	16.0	6.52	k3	CC167_40610	True	True
GSE35978__HuGene-1_0-st-v1|CB	GSM878222	GSE35978__HuGene-1_0-st-v1|PARIETAL	GSM878469	0.6380147992095268	3.8453628025613398	0.6137190546744564	GSE35978	BD	CB	M	20.0	12.0	5.978	k6	CC9_100909	GSE35978	CTL	PARIETAL	M	45.0	36.0	6.57	k5	CC238_40610	False	False
GSE35978__HuGene-1_0-st-v1|CB	GSM878232	GSE35978__HuGene-1_0-st-v1|PARIETAL	GSM878447	0.5594483194001854	3.371853315696327	0.3667176694345832	GSE35978	BD	CB	F	60.0	53.0	6.2	k16	CC19_102309	GSE35978	BD	PARIETAL	F	60.0	53.0	6.2	k16	CC216_40810	True	True
GSE35978__HuGene-1_0-st-v1|CB	GSM878235	GSE35978__HuGene-1_0-st-v1|PARIETAL	GSM878442	0.521075837170067	3.140587584883225	0.4020585932961081	GSE35978	BD	CB	F	35.0	17.0	6.1	k19	CC22_103009	GSE35978	BD	PARIETAL	F	35.0	17.0	6.1	k19	CC211_40810	True	True
GSE35978__HuGene-1_0-st-v1|CB	GSM878244	GSE35978__HuGene-1_0-st-v1|PARIETAL	GSM878505	0.5082898493539447	3.063528175519761	0.4535626960346102	GSE35978	BD	CB	F	60.0	35.0	6.5	k28	CC31_103009	GSE35978	SCZ	PARIETAL	F	55.0	12.0	6.4	k149	CC274_51210	False	False
GSE35978__HuGene-1_0-st-v1|CB	GSM878246	GSE35978__HuGene-1_0-st-v1|PARIETAL	GSM878421	0.6051784041392664	3.6474623160186406	0.5048504518270334	GSE35978	SCZ	CB	M	40.0	80.0	6.6	k30	CC33_103009	GSE35978	SCZ	PARIETAL	M	40.0	80.0	6.6	k30	CC190_40710	True	True
GSE35978__HuGene-1_0-st-v1|CB	GSM878254	GSE35978__HuGene-1_0-st-v1|PARIETAL	GSM878407	0.5888095168046042	3.548809258618129	0.42877455043583673	GSE35978	SCZ	CB	M	35.0	47.0	6.4	k38	CC41_111109	GSE35978	SCZ	PARIETAL	M	35.0	47.0	6.4	k38	CC176_40610	True	True
GSE35978__HuGene-1_0-st-v1|CB	GSM878256	GSE35978__HuGene-1_0-st-v1|PARIETAL	GSM878402	0.6179825318850929	3.7246310522709614	0.40217990878566273	GSE35978	SCZ	CB	M	45.0	32.0	6.67	k40	CC43_111109	GSE35978	SCZ	PARIETAL	M	45.0	32.0	6.67	k40	CC171_40610	True	True
GSE35978__HuGene-1_0-st-v1|CB	GSM878257	GSE35978__HuGene-1_0-st-v1|PARIETAL	GSM878395	0.723172375307491	4.358595930209003	0.5401913476565086	GSE35978	CTL	CB	M	35.0	22.0	6.48	k41	CC44_102309	GSE35978	CTL	PARIETAL	M	35.0	22.0	6.48	k41	CC164_40610	True	True
GSE35978__HuGene-1_0-st-v1|CB	GSM878262	GSE35978__HuGene-1_0-st-v1|PARIETAL	GSM878404	0.7335758942787143	4.421296523917781	0.5165301992537223	GSE35978	SCZ	CB	M	45.0	13.0	6.3	k46	CC49_111109	GSE35978	SCZ	PARIETAL	M	45.0	13.0	6.3	k46	CC173_40610	True	True
GSE35978__HuGene-1_0-st-v1|CB	GSM878279	GSE35978__HuGene-1_0-st-v1|PARIETAL	GSM878473	0.6901660319369654	4.159671188377694	0.5385405473826931	GSE35978	SCZ	CB	M	30.0	33.0	6.2	k61	CC66_110409	GSE35978	SCZ	PARIETAL	M	30.0	33.0	6.2	k61	CC242_40910	True	True
GSE35978__HuGene-1_0-st-v1|CB	GSM878283	GSE35978__HuGene-1_0-st-v1|PARIETAL	GSM878381	0.615031324627598	3.706844527565771	0.44490481161715595	GSE35978	SCZ	CB	M	55.0	38.0	6.17	k65	CC70_111109	GSE35978	SCZ	PARIETAL	M	55.0	38.0	6.17	k65	CC150_40910	True	True
GSE35978__HuGene-1_0-st-v1|CB	GSM878286	GSE35978__HuGene-1_0-st-v1|PARIETAL	GSM878472	0.7108104939994371	4.284092553080901	0.5781783184625594	GSE35978	CTL	CB	F	35.0	29.0	6.52	k68	CC73_111109	GSE35978	CTL	PARIETAL	F	35.0	29.0	6.52	k68	CC241_40910	True	True
GSE35978__HuGene-1_0-st-v1|CB	GSM878287	GSE35978__HuGene-1_0-st-v1|PARIETAL	GSM878470	0.5706778041950102	3.4395318930725756	0.44324088962091956	GSE35978	SCZ	CB	F	45.0	26.0	6.58	k69	CC74_111109	GSE35978	SCZ	PARIETAL	F	45.0	26.0	6.58	k69	CC239_40910	True	True
GSE35978__HuGene-1_0-st-v1|CB	GSM878292	GSE35978__HuGene-1_0-st-v1|PARIETAL	GSM878535	0.53451404057903	3.221577808907608	0.4737019178779033	GSE35978	SCZ	CB	M	40.0	26.0	6.8	k74	CC79_111809	GSE35978	CTL	PARIETAL	M	40.0	27.0	6.6	k112	CC304_51110	False	False
GSE35978__HuGene-1_0-st-v1|CB	GSM878294	GSE35978__HuGene-1_0-st-v1|PARIETAL	GSM878452	0.5523380632678021	3.329000769153656	0.3637230815411156	GSE35978	CTL	CB	M	45.0	11.0	6.6	k76	CC81_111109	GSE35978	CTL	PARIETAL	M	45.0	11.0	6.6	k76	CC221_40810	True	True
GSE35978__HuGene-1_0-st-v1|CB	GSM878299	GSE35978__HuGene-1_0-st-v1|PARIETAL	GSM878468	0.5322572283282577	3.20797630845338	0.4498378434899568	GSE35978	SCZ	CB	F	45.0	52.0	6.51	k81	CC86_103009	GSE35978	SCZ	PARIETAL	F	45.0	52.0	6.51	k81	CC237_40910	True	True
GSE35978__HuGene-1_0-st-v1|CB	GSM878307	GSE35978__HuGene-1_0-st-v1|PARIETAL	GSM878409	0.5116120622974633	3.0835507010288485	0.43987354468052914	GSE35978	CTL	CB	F	40.0	58.0	6.46	k89	CC94_111809	GSE35978	CTL	PARIETAL	F	40.0	58.0	6.46	k89	CC178_40610	True	True
GSE35978__HuGene-1_0-st-v1|CB	GSM878310	GSE35978__HuGene-1_0-st-v1|PARIETAL	GSM878490	0.5428549722721987	3.271847469653422	0.44879399613026594	GSE35978	CTL	CB	M	50.0	28.0	6.5	k92	CC97_103009	GSE35978	CTL	PARIETAL	M	50.0	28.0	6.5	k92	CC259_51210	True	True
GSE35978__HuGene-1_0-st-v1|CB	GSM878314	GSE35978__HuGene-1_0-st-v1|PARIETAL	GSM878494	0.5211260305787915	3.140890093730087	0.4173026044504413	GSE35978	CTL	CB	F	35.0	40.0	5.8	k96	CC101_102309	GSE35978	CTL	PARIETAL	F	35.0	40.0	5.8	k96	CC263_51210	True	True
GSE35978__HuGene-1_0-st-v1|CB	GSM878325	GSE35978__HuGene-1_0-st-v1|PARIETAL	GSM878499	0.7147083766665648	4.3075845617091435	0.5120902410144427	GSE35978	BD	CB	F	60.0	60.0	6.5	k105	CC112_102309	GSE35978	BD	PARIETAL	F	60.0	60.0	6.5	k105	CC268_51210	True	True
GSE35978__HuGene-1_0-st-v1|CB	GSM878327	GSE35978__HuGene-1_0-st-v1|PARIETAL	GSM878497	0.503473703808893	3.034501921432283	0.3777053921093821	GSE35978	SCZ	CB	F	60.0	40.0	6.2	k107	CC114_102309	GSE35978	SCZ	PARIETAL	F	60.0	40.0	6.2	k107	CC266_51210	True	True
GSE35978__HuGene-1_0-st-v1|CB	GSM878328	GSE35978__HuGene-1_0-st-v1|PARIETAL	GSM878507	0.5873924761396047	3.540268947282059	0.3987835814910696	GSE35978	SCZ	CB	M	30.0	32.0	5.8	k108	CC115_102309	GSE35978	SCZ	PARIETAL	M	30.0	32.0	5.8	k108	CC276_51210	True	True
GSE35978__HuGene-1_0-st-v1|CB	GSM878329	GSE35978__HuGene-1_0-st-v1|PARIETAL	GSM878503	0.6140195637129103	3.70074678215696	0.4570281884814625	GSE35978	BD	CB	M	50.0	13.0	6.1	k109	CC116_102109	GSE35978	BD	PARIETAL	M	50.0	13.0	6.1	k109	CC272_51210	True	True
GSE35978__HuGene-1_0-st-v1|CB	GSM878341	GSE35978__HuGene-1_0-st-v1|PARIETAL	GSM878530	0.5240145380184774	3.158298735162038	0.2913631736224439	GSE35978	SCZ	CB	M	60.0	31.0	6.2	k116	CC128_102109	GSE35978	SCZ	PARIETAL	M	60.0	31.0	6.2	k116	CC299_51310	True	True
GSE35978__HuGene-1_0-st-v1|CB	GSM878222	GSE53987__HG-U133_Plus_2|HPC	GSM1304857	0.5111597454459528	3.2302849280412946	0.4803327468201424	GSE35978	BD	CB	M	20.0	12.0	5.978	k6	CC9_100909	GSE53987	BD	HPC	M	28.0	27.4	6.2	k5	bipolar_hip_15	False	True
GSE35978__HuGene-1_0-st-v1|CB	GSM878246	GSE53987__HG-U133_Plus_2|HPC	GSM1304905	0.5152762345878469	3.256460564612394	0.4599305839736772	GSE35978	SCZ	CB	M	40.0	80.0	6.6	k30	CC33_103009	GSE53987	SCZ	HPC	M	49.0	21.5	5.97	k53	schiz_hip_10	False	True
GSE35978__HuGene-1_0-st-v1|CB	GSM878279	GSE53987__HG-U133_Plus_2|HPC	GSM1304918	0.4866181135918834	3.0742313556569756	0.44710125883289403	GSE35978	SCZ	CB	M	30.0	33.0	6.2	k61	CC66_110409	GSE53987	SCZ	HPC	M	38.0	28.8	6.56	k66	schiz_hip_8	False	True
GSE35978__HuGene-1_0-st-v1|CB	GSM878357	GSE53987__HG-U133_Plus_2|HPC	GSM1304904	0.47829254669166016	3.0212913366464202	0.3546524811433654	GSE35978	SCZ	CB	M	25.0	32.0	6.6	k131	CC144_100909	GSE53987	MDD	HPC	M	51.0	28.3	7.3	k52	MDD_hip_9	False	False
GSE35978__HuGene-1_0-st-v1|CB	GSM878246	GSE53987__HG-U133_Plus_2|PFC_BA46	GSM1304956	0.5786116014013611	3.6433506945695764	0.5356977343566885	GSE35978	SCZ	CB	M	40.0	80.0	6.6	k30	CC33_103009	GSE53987	MDD	PFC_BA46	M	51.0	24.6	6.5	k36	MDD_pfc_10	False	False
GSE35978__HuGene-1_0-st-v1|CB	GSM878257	GSE53987__HG-U133_Plus_2|PFC_BA46	GSM1304979	0.4839325060587106	3.046012376812149	0.3676315756777524	GSE35978	CTL	CB	M	35.0	22.0	6.48	k41	CC44_102309	GSE53987	SCZ	PFC_BA46	F	44.0	24.5	6.63	k57	schiz_pfc_18	False	False
GSE35978__HuGene-1_0-st-v1|CB	GSM878279	GSE53987__HG-U133_Plus_2|PFC_BA46	GSM1304927	0.5104834272619863	3.2135243555554673	0.4370779161695575	GSE35978	SCZ	CB	M	30.0	33.0	6.2	k61	CC66_110409	GSE53987	BD	PFC_BA46	F	56.0	24.5	6.1	k68	bipolar_pfc_17	False	False
GSE35978__HuGene-1_0-st-v1|CB	GSM878225	GSE53987__HG-U133_Plus_2|STR	GSM1305046	0.5559563765580505	3.5827931267938538	0.4043069048349854	GSE35978	BD	CB	F	50.0	18.0	6.5	k9	CC12_102109	GSE53987	SCZ	STR	M	38.0	28.8	6.56	k66	schiz_str_8	False	False
GSE35978__HuGene-1_0-st-v1|CB	GSM878257	GSE53987__HG-U133_Plus_2|STR	GSM1305056	0.520579892259483	3.3530909718878243	0.41704979204693804	GSE35978	CTL	CB	M	35.0	22.0	6.48	k41	CC44_102309	GSE53987	SCZ	STR	F	44.0	24.5	6.63	k57	schiz_str_18	False	False
GSE35978__HuGene-1_0-st-v1|CB	GSM878295	GSE53987__HG-U133_Plus_2|STR	GSM1305019	0.4809910276948417	3.0960375172812773	0.45234645216259833	GSE35978	CTL	CB	M	45.0	31.0	6.67	k77	CC82_111809	GSE53987	CTL	STR	M	22.0	20.1	6.8	k23	control_str_15	False	True
GSE35978__HuGene-1_0-st-v1|CB	GSM878310	GSE53987__HG-U133_Plus_2|STR	GSM1305030	0.4799953160463389	3.08957228717543	0.4153094801903474	GSE35978	CTL	CB	M	50.0	28.0	6.5	k92	CC97_103009	GSE53987	MDD	STR	M	51.0	28.3	7.3	k52	MDD_str_9	False	False
GSE35978__HuGene-1_0-st-v1|CB	GSM878230	GSE54567__HG-U133_Plus_2|PFC_BA9	GSM1319051	0.4951336758806724	3.1437909328874167	0.34359572985609815	GSE35978	CTL	CB	M	50.0	46.0	6.5	k14	CC17_100909	GSE54567	CTL	PFC_BA9	M				Mpair2_CTL	Control matched sample pair brain dorsolateral prefrontal cortex BA9_M #2	False	True
GSE35978__HuGene-1_0-st-v1|CB	GSM878262	GSE54567__HG-U133_Plus_2|PFC_BA9	GSM1319052	0.5702317963527187	3.624232692089863	0.4717986041991653	GSE35978	SCZ	CB	M	45.0	13.0	6.3	k46	CC49_111109	GSE54567	CTL	PFC_BA9	M				Mpair4_CTL	Control matched sample pair brain dorsolateral prefrontal cortex BA9_M #4	False	False
GSE35978__HuGene-1_0-st-v1|CB	GSM878292	GSE54567__HG-U133_Plus_2|PFC_BA9	GSM1319055	0.5216265404585385	3.3132795750011694	0.37714234822992987	GSE35978	SCZ	CB	M	40.0	26.0	6.8	k74	CC79_111809	GSE54567	CTL	PFC_BA9	M				Mpair15_CTL	Control matched sample pair brain dorsolateral prefrontal cortex BA9_M #15	False	False
GSE35978__HuGene-1_0-st-v1|CB	GSM878222	GSE54568__HG-U133_Plus_2|PFC_BA9	GSM1319095	0.4978727271695441	3.195305939820237	0.4233963629464468	GSE35978	BD	CB	M	20.0	12.0	5.978	k6	CC9_100909	GSE54568	MDD	PFC_BA9	F				Fpair6_MDD	MDD matched sample pair brain dorsolateral prefrontal cortex BA9_F #6	False	False
GSE35978__HuGene-1_0-st-v1|CB	GSM878222	GSE54571__HG-U133_Plus_2|ACC_BA25	GSM1319142	0.46973502037213033	3.0663621705222868	0.4395042967762191	GSE35978	BD	CB	M	20.0	12.0	5.978	k6	CC9_100909	GSE54571	CTL	ACC_BA25	F				Fpair3_CTL	Control matched sample pair brain anterior cingulate cortex BA25_F #3	False	False
GSE35978__HuGene-1_0-st-v1|CB	GSM878329	GSE54571__HG-U133_Plus_2|ACC_BA25	GSM1319154	0.5355070300444659	3.498907133338426	0.37138413324543823	GSE35978	BD	CB	M	50.0	13.0	6.1	k109	CC116_102109	GSE54571	CTL	ACC_BA25	F				Fpair24_CTL	Control matched sample pair brain anterior cingulate cortex BA25_F #24	False	False
GSE35978__HuGene-1_0-st-v1|CB	GSM878246	GSE54572__HG-U133_Plus_2|ACC_BA25	GSM1319188	0.5235296662159953	3.46771020719498	0.5153943540405238	GSE35978	SCZ	CB	M	40.0	80.0	6.6	k30	CC33_103009	GSE54572	MDD	ACC_BA25	M				Mpair25_MDD	MDD matched sample pair brain anterior cingulate cortex BA25_M #25	False	False
GSE35978__HuGene-1_0-st-v1|CB	GSM878262	GSE54572__HG-U133_Plus_2|ACC_BA25	GSM1319169	0.54668988147175	3.620936833697894	0.4375134678482677	GSE35978	SCZ	CB	M	45.0	13.0	6.3	k46	CC49_111109	GSE54572	CTL	ACC_BA25	M				Mpair4_CTL	Control matched sample pair brain anterior cingulate cortex BA25_M #4	False	False
GSE35978__HuGene-1_0-st-v1|CB	GSM878275	GSE54572__HG-U133_Plus_2|ACC_BA25	GSM1319178	0.46389979013720894	3.0732024425027253	0.24491258845603295	GSE35978	CTL	CB	M	30.0	24.0	7.03	k58	CC62_111109	GSE54572	CTL	ACC_BA25	M				Mpair29_CTL	Control matched sample pair brain anterior cingulate cortex BA25_M #29	False	True
GSE35978__HuGene-1_0-st-v1|CB	GSM878295	GSE54572__HG-U133_Plus_2|ACC_BA25	GSM1319168	0.4824756477483317	3.1960992275593143	0.26170827689670206	GSE35978	CTL	CB	M	45.0	31.0	6.67	k77	CC82_111809	GSE54572	CTL	ACC_BA25	M				Mpair2_CTL	Control matched sample pair brain anterior cingulate cortex BA25_M #2	False	True
GSE35978__HuGene-1_0-st-v1|CB	GSM878215	GSE92538__HG-U133A|PFC_DLPFC	GSM2431881	0.4494762326109329	3.006656998886525	0.4160525832299011	GSE35978	SCZ	CB	M	40.0	34.0	6.18	k1	CC2_100909	GSE92538	CTL	PFC_DLPFC	F	57.0	16.5	6.61	109991	DLPFC_Female_Control_UCDavis_109991	False	False
GSE35978__HuGene-1_0-st-v1|CB	GSM878222	GSE92538__HG-U133A|PFC_DLPFC	GSM2432034	0.5713818817176554	3.8283619323589364	0.5285695931640751	GSE35978	BD	CB	M	20.0	12.0	5.978	k6	CC9_100909	GSE92538	BD	PFC_DLPFC	F	39.0	23.5	6.44	107706	DLPFC_Female_BipolarDisorder_UMichigan_107706	False	True
GSE35978__HuGene-1_0-st-v1|CB	GSM878246	GSE92538__HG-U133A|PFC_DLPFC	GSM2431856	0.5248532363165027	3.5147356340366613	0.47576022401183576	GSE35978	SCZ	CB	M	40.0	80.0	6.6	k30	CC33_103009	GSE92538	CTL	PFC_DLPFC	M	25.0	13.75	6.87	108632	DLPFC_Male_Control_UCDavis_108632	False	False
GSE35978__HuGene-1_0-st-v1|CB	GSM878279	GSE92538__HG-U133A|PFC_DLPFC	GSM2431847	0.5296449519512428	3.547034189564764	0.5147043639266087	GSE35978	SCZ	CB	M	30.0	33.0	6.2	k61	CC66_110409	GSE92538	CTL	PFC_DLPFC	F	47.0	41.25	6.73	108030	DLPFC_Female_Control_UCDavis_108030	False	False
GSE35978__HuGene-1_0-st-v1|CB	GSM878286	GSE92538__HG-U133A|PFC_DLPFC	GSM2431730	0.5792328346577652	3.881281274576624	0.5674669267564518	GSE35978	CTL	CB	F	35.0	29.0	6.52	k68	CC73_111109	GSE92538	SCZ	PFC_DLPFC	F	59.0	13.25	6.38	101657	DLPFC_Female_Schizophrenia_UCDavis_101657	False	False
GSE35978__HuGene-1_0-st-v1|CB	GSM878292	GSE92538__HG-U133A|PFC_DLPFC	GSM2432036	0.48040894813494167	3.2151589439401524	0.43053444912791905	GSE35978	SCZ	CB	M	40.0	26.0	6.8	k74	CC79_111809	GSE92538	MDD	PFC_DLPFC	M	19.0	18.0	7.11	107727	DLPFC_Male_MajorDepressiveDisorder_UMichigan_107727	False	False
GSE35978__HuGene-1_0-st-v1|CB	GSM878314	GSE92538__HG-U133A|PFC_DLPFC	GSM2432092	0.4848916411137198	3.245374532494867	0.4355515871697346	GSE35978	CTL	CB	F	35.0	40.0	5.8	k96	CC101_102309	GSE92538	CTL	PFC_DLPFC	F	57.0	16.5	6.61	109991	DLPFC_Female_Control_UMichigan_109991	False	True
GSE35978__HuGene-1_0-st-v1|CB	GSM878217	GSE92538__HG-U133_Plus_2|PFC_DLPFC	GSM2431848	0.5020173633014756	3.6099893805988073	0.3383046426113923	GSE35978	SCZ	CB	M	50.0	16.0	6.52	k3	CC5_100909	GSE92538	CTL	PFC_DLPFC	M	60.0	36.0	6.59	108066	DLPFC_Male_Control_p_UCDavis_108066	False	False
GSE35978__HuGene-1_0-st-v1|CB	GSM878257	GSE92538__HG-U133_Plus_2|PFC_DLPFC	GSM2431716	0.45130079532082074	3.2438403946831538	0.4440284530914025	GSE35978	CTL	CB	M	35.0	22.0	6.48	k41	CC44_102309	GSE92538	SCZ	PFC_DLPFC	M	39.0	7.5	6.83	101078	DLPFC_Male_Schizophrenia_p_UCDavis_101078	False	False
GSE35978__HuGene-1_0-st-v1|CB	GSM878262	GSE92538__HG-U133_Plus_2|PFC_DLPFC	GSM2431971	0.5648241696058122	4.063424014537474	0.5475002244342695	GSE35978	SCZ	CB	M	45.0	13.0	6.3	k46	CC49_111109	GSE92538	MDD	PFC_DLPFC	F	46.0	35.0	6.76	104630	DLPFC_Female_MajorDepressiveDisorder_p_UMichigan_104630	False	False
GSE35978__HuGene-1_0-st-v1|CB	GSM878287	GSE92538__HG-U133_Plus_2|PFC_DLPFC	GSM2432029	0.4658659573931803	3.348993790010018	0.36110156755874173	GSE35978	SCZ	CB	F	45.0	26.0	6.58	k69	CC74_111109	GSE92538	CTL	PFC_DLPFC	M	79.0	0.0	7.0	107309	DLPFC_Male_Control_p_UMichigan_107309	False	False
GSE35978__HuGene-1_0-st-v1|CB	GSM878292	GSE92538__HG-U133_Plus_2|PFC_DLPFC	GSM2431866	0.4188944465519903	3.009882297529139	0.39049157951862545	GSE35978	SCZ	CB	M	40.0	26.0	6.8	k74	CC79_111809	GSE92538	MDD	PFC_DLPFC	M	28.0	33.0	7.07	109248	DLPFC_Male_MajorDepressiveDisorder_p_UCDavis_109248	False	False
GSE35978__HuGene-1_0-st-v1|CB	GSM878307	GSE92538__HG-U133_Plus_2|PFC_DLPFC	GSM2432068	0.41821328749840614	3.0049646600262965	0.39916008066749975	GSE35978	CTL	CB	F	40.0	58.0	6.46	k89	CC94_111809	GSE92538	MDD	PFC_DLPFC	M	28.0	33.0	7.07	109248	DLPFC_Male_MajorDepressiveDisorder_p_UMichigan_109248	False	False
GSE35978__HuGene-1_0-st-v1|PARIETAL	GSM878427	GSE35978__HuGene-1_0-st-v1|PARIETAL	GSM878438	0.7718073199321902	3.2765111894670222	0.5511684666078954	GSE35978	BD	PARIETAL	F	60.0	35.0	6.5	k28	CC196_40710	GSE35978	SCZ	PARIETAL	M	50.0	10.0	6.1	k21	CC207_40710	False	False
GSE35978__HuGene-1_0-st-v1|PARIETAL	GSM878483	GSE35978__HuGene-1_0-st-v1|PARIETAL	GSM878484	0.9306878390032985	3.9445283458603844	0.6732568018912332	GSE35978	SCZ	PARIETAL	M	30.0	14.0	5.8	k144	CC252_51110	GSE35978	SCZ	PARIETAL	M	30.0	14.0	5.8	k144	CC252_51210	True	True
GSE35978__HuGene-1_0-st-v1|PARIETAL	GSM878484	GSE53987__HG-U133_Plus_2|HPC	GSM1304909	0.6619326021436914	3.0389010534302483	0.5621538405482172	GSE35978	SCZ	PARIETAL	M	30.0	14.0	5.8	k144	CC252_51210	GSE53987	SCZ	HPC	F	44.0	24.5	6.63	k57	schiz_hip_18	False	True
GSE35978__HuGene-1_0-st-v1|PARIETAL	GSM878424	GSE53987__HG-U133_Plus_2|PFC_BA46	GSM1304956	0.6848834315830462	3.286226218207914	0.6701704096363212	GSE35978	AMBIG	PARIETAL	M	40.0	39.0	6.6	k135	CC193_40710	GSE53987	MDD	PFC_BA46	M	51.0	24.6	6.5	k36	MDD_pfc_10	False	False
GSE35978__HuGene-1_0-st-v1|PARIETAL	GSM878441	GSE53987__HG-U133_Plus_2|PFC_BA46	GSM1304972	0.6390011730262647	3.065893595049066	0.6081240820869896	GSE35978	SCZ	PARIETAL	M	45.0	65.0	6.67	k79	CC210_40810	GSE53987	MDD	PFC_BA46	M	51.0	28.3	7.3	k52	MDD_pfc_9	False	False
GSE35978__HuGene-1_0-st-v1|PARIETAL	GSM878461	GSE53987__HG-U133_Plus_2|PFC_BA46	GSM1304927	0.6738528192880537	3.2332557712758785	0.5518809466283557	GSE35978	BD	PARIETAL	F	50.0	19.0	5.87	k139	CC230_40810	GSE53987	BD	PFC_BA46	F	56.0	24.5	6.1	k68	bipolar_pfc_17	False	True
GSE35978__HuGene-1_0-st-v1|PARIETAL	GSM878484	GSE53987__HG-U133_Plus_2|PFC_BA46	GSM1304979	0.694478724297411	3.332304072268141	0.5722557526907306	GSE35978	SCZ	PARIETAL	M	30.0	14.0	5.8	k144	CC252_51210	GSE53987	SCZ	PFC_BA46	F	44.0	24.5	6.63	k57	schiz_pfc_18	False	True
GSE35978__HuGene-1_0-st-v1|PARIETAL	GSM878424	GSE53987__HG-U133_Plus_2|STR	GSM1305042	0.6368713266854577	3.1314213884400544	0.5982043309008933	GSE35978	AMBIG	PARIETAL	M	40.0	39.0	6.6	k135	CC193_40710	GSE53987	SCZ	STR	M	47.0	28.9	6.58	k62	schiz_str_4	False	False
GSE35978__HuGene-1_0-st-v1|PARIETAL	GSM878449	GSE53987__HG-U133_Plus_2|STR	GSM1305033	0.6180688159081937	3.0381870412722756	0.5350751801669192	GSE35978	CTL	PARIETAL	F	35.0	24.0	6.87	k44	CC218_40610	GSE53987	MDD	STR	F	26.0	13.4	6.4	k38	MDD_str_12	False	False
GSE35978__HuGene-1_0-st-v1|PARIETAL	GSM878472	GSE53987__HG-U133_Plus_2|STR	GSM1305046	0.665433264782779	3.2730489446688917	0.48880465120499583	GSE35978	CTL	PARIETAL	F	35.0	29.0	6.52	k68	CC241_40910	GSE53987	SCZ	STR	M	38.0	28.8	6.56	k66	schiz_str_8	False	False
GSE35978__HuGene-1_0-st-v1|PARIETAL	GSM878484	GSE53987__HG-U133_Plus_2|STR	GSM1305056	0.6267567299321981	3.081267032124205	0.47142614337182936	GSE35978	SCZ	PARIETAL	M	30.0	14.0	5.8	k144	CC252_51210	GSE53987	SCZ	STR	F	44.0	24.5	6.63	k57	schiz_str_18	False	True
GSE35978__HuGene-1_0-st-v1|PARIETAL	GSM878424	GSE54567__HG-U133_Plus_2|PFC_BA9	GSM1319073	0.6954833100602954	3.3174197678868595	0.5747923686493754	GSE35978	AMBIG	PARIETAL	M	40.0	39.0	6.6	k135	CC193_40710	GSE54567	MDD	PFC_BA9	M				Mpair25_MDD	MDD matched sample pair brain dorsolateral prefrontal cortex BA9_M #25	False	False
GSE35978__HuGene-1_0-st-v1|PARIETAL	GSM878520	GSE54567__HG-U133_Plus_2|PFC_BA9	GSM1319052	0.6307726431968466	3.0058519920812117	0.579659830818457	GSE35978	BD	PARIETAL	M	55.0	39.0	5.8	k153	CC289_51310	GSE54567	CTL	PFC_BA9	M				Mpair4_CTL	Control matched sample pair brain dorsolateral prefrontal cortex BA9_M #4	False	False
GSE35978__HuGene-1_0-st-v1|PARIETAL	GSM878483	GSE54568__HG-U133_Plus_2|PFC_BA9	GSM1319095	0.6918394456377709	3.4192388955714534	0.31467021952751667	GSE35978	SCZ	PARIETAL	M	30.0	14.0	5.8	k144	CC252_51110	GSE54568	MDD	PFC_BA9	F				Fpair6_MDD	MDD matched sample pair brain dorsolateral prefrontal cortex BA9_F #6	False	False
GSE35978__HuGene-1_0-st-v1|PARIETAL	GSM878461	GSE54571__HG-U133_Plus_2|ACC_BA25	GSM1319142	0.6229830602547125	3.124569855536547	0.6016321216102091	GSE35978	BD	PARIETAL	F	50.0	19.0	5.87	k139	CC230_40810	GSE54571	CTL	ACC_BA25	F				Fpair3_CTL	Control matched sample pair brain anterior cingulate cortex BA25_F #3	False	False
GSE35978__HuGene-1_0-st-v1|PARIETAL	GSM878424	GSE54572__HG-U133_Plus_2|ACC_BA25	GSM1319188	0.6526855369805312	3.2812684151369154	0.5501044557515868	GSE35978	AMBIG	PARIETAL	M	40.0	39.0	6.6	k135	CC193_40710	GSE54572	MDD	ACC_BA25	M				Mpair25_MDD	MDD matched sample pair brain anterior cingulate cortex BA25_M #25	False	False
GSE35978__HuGene-1_0-st-v1|PARIETAL	GSM878461	GSE92538__HG-U133A|PFC_DLPFC	GSM2431856	0.688503499374746	3.198073776700235	0.6444814532315348	GSE35978	BD	PARIETAL	F	50.0	19.0	5.87	k139	CC230_40810	GSE92538	CTL	PFC_DLPFC	M	25.0	13.75	6.87	108632	DLPFC_Male_Control_UCDavis_108632	False	False
GSE35978__HuGene-1_0-st-v1|PARIETAL	GSM878380	GSE92538__HG-U133_Plus_2|PFC_DLPFC	GSM2431958	0.5631517275546091	3.088828941747254	0.5436671669877817	GSE35978	BD	PARIETAL	M	30.0	60.0	6.7	k15	CC149_40910	GSE92538	MDD	PFC_DLPFC	M	24.0	34.5	7.16	103625	DLPFC_Male_MajorDepressiveDisorder_p_UMichigan_103625	False	False
GSE35978__HuGene-1_0-st-v1|PARIETAL	GSM878424	GSE92538__HG-U133_Plus_2|PFC_DLPFC	GSM2432052	0.5801337048502618	3.1817669711854477	0.5629257178694335	GSE35978	AMBIG	PARIETAL	M	40.0	39.0	6.6	k135	CC193_40710	GSE92538	MDD	PFC_DLPFC	F	46.0	9.5	7.39	108700	DLPFC_Female_MajorDepressiveDisorder_p_UMichigan_108700	False	False
GSE35978__HuGene-1_0-st-v1|PARIETAL	GSM878441	GSE92538__HG-U133_Plus_2|PFC_DLPFC	GSM2431770	0.6232851974195167	3.417924081566819	0.60142725058306	GSE35978	SCZ	PARIETAL	M	45.0	65.0	6.67	k79	CC210_40810	GSE92538	MDD	PFC_DLPFC	M	24.0	34.5	7.16	103625	DLPFC_Male_MajorDepressiveDisorder_p_UCDavis_103625	False	False
GSE35978__HuGene-1_0-st-v1|PARIETAL	GSM878461	GSE92538__HG-U133_Plus_2|PFC_DLPFC	GSM2431848	0.6316668526810395	3.463794742554901	0.5328102240807563	GSE35978	BD	PARIETAL	F	50.0	19.0	5.87	k139	CC230_40810	GSE92538	CTL	PFC_DLPFC	M	60.0	36.0	6.59	108066	DLPFC_Male_Control_p_UCDavis_108066	False	False
GSE35978__HuGene-1_0-st-v1|PARIETAL	GSM878468	GSE92538__HG-U133_Plus_2|PFC_DLPFC	GSM2431932	0.5495718735852737	3.0145098653525664	0.3421595040089221	GSE35978	SCZ	PARIETAL	F	45.0	52.0	6.51	k81	CC237_40910	GSE92538	CTL	PFC_DLPFC	M	64.0	10.5	7.13	102349	DLPFC_Male_Control_p_UMichigan_102349	False	False
GSE35978__HuGene-1_0-st-v1|PARIETAL	GSM878473	GSE92538__HG-U133_Plus_2|PFC_DLPFC	GSM2431971	0.6391386057412493	3.5046857409218846	0.3912578158569167	GSE35978	SCZ	PARIETAL	M	30.0	33.0	6.2	k61	CC242_40910	GSE92538	MDD	PFC_DLPFC	F	46.0	35.0	6.76	104630	DLPFC_Female_MajorDepressiveDisorder_p_UMichigan_104630	False	False
GSE35978__HuGene-1_0-st-v1|PARIETAL	GSM878483	GSE92538__HG-U133_Plus_2|PFC_DLPFC	GSM2431716	0.6977107186092187	3.825235972217628	0.6843759388414362	GSE35978	SCZ	PARIETAL	M	30.0	14.0	5.8	k144	CC252_51110	GSE92538	SCZ	PFC_DLPFC	M	39.0	7.5	6.83	101078	DLPFC_Male_Schizophrenia_p_UCDavis_101078	False	True
GSE35978__HuGene-1_0-st-v1|PARIETAL	GSM878493	GSE92538__HG-U133_Plus_2|PFC_DLPFC	GSM2431741	0.5664983621471648	3.107144219106707	0.5380506512381326	GSE35978	CTL	PARIETAL	M	50.0	22.0	6.2	k91	CC262_51210	GSE92538	SCZ	PFC_DLPFC	M	44.0	24.0	7.21	102118	DLPFC_Male_Schizophrenia_p_UCDavis_102118	False	False
GSE53987__HG-U133_Plus_2|HPC	GSM1304854	GSE53987__HG-U133_Plus_2|PFC_BA46	GSM1304922	0.7777326017286049	3.4428128860860503	0.45217068552385903	GSE53987	BD	HPC	F	28.0	22.3	6.3	k2	bipolar_hip_12	GSE53987	BD	PFC_BA46	F	28.0	22.3	6.3	k2	bipolar_pfc_12	True	True
GSE53987__HG-U133_Plus_2|HPC	GSM1304857	GSE53987__HG-U133_Plus_2|PFC_BA46	GSM1304925	0.819985857402424	3.6296921471254087	0.6120180009428825	GSE53987	BD	HPC	M	28.0	27.4	6.2	k5	bipolar_hip_15	GSE53987	BD	PFC_BA46	M	28.0	27.4	6.2	k5	bipolar_pfc_15	True	True
GSE53987__HG-U133_Plus_2|HPC	GSM1304858	GSE53987__HG-U133_Plus_2|PFC_BA46	GSM1304926	0.7345531685578223	3.2518372929779877	0.278239642240572	GSE53987	BD	HPC	F	49.0	21.5	6.7	k6	bipolar_hip_16	GSE53987	BD	PFC_BA46	F	49.0	21.5	6.7	k6	bipolar_pfc_16	True	True
GSE53987__HG-U133_Plus_2|HPC	GSM1304861	GSE53987__HG-U133_Plus_2|PFC_BA46	GSM1304928	0.6827631516749744	3.0227784919474328	0.47648887775222526	GSE53987	BD	HPC	M	50.0	12.1	6.7	k9	bipolar_hip_1	GSE53987	BD	PFC_BA46	M	50.0	12.1	6.7	k9	bipolar_pfc_1	True	True
GSE53987__HG-U133_Plus_2|HPC	GSM1304863	GSE53987__HG-U133_Plus_2|PFC_BA46	GSM1304930	0.7327134497596436	3.2437005166742185	0.23050895706976013	GSE53987	BD	HPC	F	39.0	22.2	6.7	k11	bipolar_hip_3	GSE53987	BD	PFC_BA46	F	39.0	22.2	6.7	k11	bipolar_pfc_3	True	True
GSE53987__HG-U133_Plus_2|HPC	GSM1304866	GSE53987__HG-U133_Plus_2|PFC_BA46	GSM1304933	0.757404276530572	3.352904017985975	0.397012644642416	GSE53987	BD	HPC	M	65.0	8.9	6.7	k14	bipolar_hip_6	GSE53987	BD	PFC_BA46	M	65.0	8.9	6.7	k14	bipolar_pfc_6	True	True
GSE53987__HG-U133_Plus_2|HPC	GSM1304872	GSE53987__HG-U133_Plus_2|PFC_BA46	GSM1304939	0.7249500552433649	3.2093642884422686	0.3920170454759614	GSE53987	CTL	HPC	F	36.0	14.5	6.4	k20	control_hip_12	GSE53987	CTL	PFC_BA46	F	36.0	14.5	6.4	k20	control_pfc_12	True	True
GSE53987__HG-U133_Plus_2|HPC	GSM1304878	GSE53987__HG-U133_Plus_2|PFC_BA46	GSM1304945	0.6942511013728173	3.0735878205104967	0.4396568644779504	GSE53987	CTL	HPC	F	40.0	16.6	6.8	k26	control_hip_18	GSE53987	CTL	PFC_BA46	F	40.0	16.6	6.8	k26	control_pfc_18	True	True
GSE53987__HG-U133_Plus_2|HPC	GSM1304883	GSE53987__HG-U133_Plus_2|PFC_BA46	GSM1304950	0.7026374163715363	3.1106791244777545	0.4046002679999441	GSE53987	CTL	HPC	M	48.0	24.5	6.5	k31	control_hip_4	GSE53987	CTL	PFC_BA46	M	48.0	24.5	6.5	k31	control_pfc_4	True	True
GSE53987__HG-U133_Plus_2|HPC	GSM1304885	GSE53987__HG-U133_Plus_2|PFC_BA46	GSM1304952	0.8194703952114082	3.62741234189349	0.3962971594239829	GSE53987	CTL	HPC	M	68.0	11.8	6.8	k33	control_hip_6	GSE53987	CTL	PFC_BA46	M	68.0	11.8	6.8	k33	control_pfc_6	True	True
GSE53987__HG-U133_Plus_2|HPC	GSM1304888	GSE53987__HG-U133_Plus_2|PFC_BA46	GSM1304956	0.8380321130645896	3.7095077937280556	0.6478600786134285	GSE53987	MDD	HPC	M	51.0	24.6	6.5	k36	MDD_hip_10	GSE53987	MDD	PFC_BA46	M	51.0	24.6	6.5	k36	MDD_pfc_10	True	True
GSE53987__HG-U133_Plus_2|HPC	GSM1304895	GSE53987__HG-U133_Plus_2|PFC_BA46	GSM1304957	0.724236962648396	3.206210396154556	0.3697264981180643	GSE53987	MDD	HPC	F	54.0	17.9	6.2	k43	MDD_hip_17	GSE53987	MDD	PFC_BA46	F	53.0	11.9	6.7	k37	MDD_pfc_11	False	True
GSE53987__HG-U133_Plus_2|HPC	GSM1304897	GSE53987__HG-U133_Plus_2|PFC_BA46	GSM1304965	0.6971272489959579	3.086308552531761	0.4121612900636353	GSE53987	MDD	HPC	M	42.0	14.3	6.4	k45	MDD_hip_1	GSE53987	MDD	PFC_BA46	M	42.0	14.3	6.4	k45	MDD_pfc_1	True	True
GSE53987__HG-U133_Plus_2|HPC	GSM1304904	GSE53987__HG-U133_Plus_2|PFC_BA46	GSM1304972	0.8544373142776311	3.7820653240533417	0.7103370000985673	GSE53987	MDD	HPC	M	51.0	28.3	7.3	k52	MDD_hip_9	GSE53987	MDD	PFC_BA46	M	51.0	28.3	7.3	k52	MDD_pfc_9	True	True
GSE53987__HG-U133_Plus_2|HPC	GSM1304905	GSE53987__HG-U133_Plus_2|PFC_BA46	GSM1304983	0.8718706173318912	3.859169981204624	0.7594354917107593	GSE53987	SCZ	HPC	M	49.0	21.5	5.97	k53	schiz_hip_10	GSE53987	SCZ	PFC_BA46	M	47.0	28.9	6.58	k62	schiz_pfc_4	False	True
GSE53987__HG-U133_Plus_2|HPC	GSM1304907	GSE53987__HG-U133_Plus_2|PFC_BA46	GSM1304975	0.7950355222619065	3.519340882604191	0.41199159966139015	GSE53987	SCZ	HPC	F	25.0	20.1	6.73	k55	schiz_hip_12	GSE53987	SCZ	PFC_BA46	F	25.0	20.1	6.73	k55	schiz_pfc_12	True	True
GSE53987__HG-U133_Plus_2|HPC	GSM1304909	GSE53987__HG-U133_Plus_2|PFC_BA46	GSM1304979	0.8947497578174217	3.9603606894463295	0.4664660758398937	GSE53987	SCZ	HPC	F	44.0	24.5	6.63	k57	schiz_hip_18	GSE53987	SCZ	PFC_BA46	F	44.0	24.5	6.63	k57	schiz_pfc_18	True	True
GSE53987__HG-U133_Plus_2|HPC	GSM1304910	GSE53987__HG-U133_Plus_2|PFC_BA46	GSM1304980	0.8682736900139814	3.8432613581065045	0.5428412678513921	GSE53987	SCZ	HPC	F	46.0	23.8	6.61	k58	schiz_hip_19	GSE53987	SCZ	PFC_BA46	F	46.0	23.8	6.61	k58	schiz_pfc_19	True	True
GSE53987__HG-U133_Plus_2|HPC	GSM1304913	GSE53987__HG-U133_Plus_2|PFC_BA46	GSM1304982	0.6804861055614966	3.0127074882282345	0.1665645208557423	GSE53987	SCZ	HPC	F	41.0	20.1	6.27	k61	schiz_hip_3	GSE53987	SCZ	PFC_BA46	F	41.0	20.1	6.27	k61	schiz_pfc_3	True	True
GSE53987__HG-U133_Plus_2|HPC	GSM1304914	GSE53987__HG-U133_Plus_2|PFC_BA46	GSM1304963	0.7800018739951584	3.4528495073477203	0.6238173971457461	GSE53987	SCZ	HPC	M	47.0	28.9	6.58	k62	schiz_hip_4	GSE53987	MDD	PFC_BA46	F	54.0	17.9	6.2	k43	MDD_pfc_17	False	False
GSE53987__HG-U133_Plus_2|HPC	GSM1304915	GSE53987__HG-U133_Plus_2|PFC_BA46	GSM1304984	0.7033097733020083	3.1136528495627815	0.4680345021528853	GSE53987	SCZ	HPC	M	37.0	5.98	6.07	k63	schiz_hip_5	GSE53987	SCZ	PFC_BA46	M	37.0	5.98	6.07	k63	schiz_pfc_5	True	True
GSE53987__HG-U133_Plus_2|HPC	GSM1304854	GSE53987__HG-U133_Plus_2|STR	GSM1304999	0.7383585243757461	3.0655906417662244	0.4290325650198333	GSE53987	BD	HPC	F	28.0	22.3	6.3	k2	bipolar_hip_12	GSE53987	BD	STR	F	28.0	22.3	6.3	k2	bipolar_str_12	True	True
GSE53987__HG-U133_Plus_2|HPC	GSM1304861	GSE53987__HG-U133_Plus_2|STR	GSM1304988	0.7419737526888635	3.0806167040011023	0.4844499710903232	GSE53987	BD	HPC	M	50.0	12.1	6.7	k9	bipolar_hip_1	GSE53987	BD	STR	M	50.0	12.1	6.7	k9	bipolar_str_1	True	True
GSE53987__HG-U133_Plus_2|HPC	GSM1304863	GSE53987__HG-U133_Plus_2|STR	GSM1304990	0.7441043476333986	3.089472148100647	0.27867295608326353	GSE53987	BD	HPC	F	39.0	22.2	6.7	k11	bipolar_hip_3	GSE53987	BD	STR	F	39.0	22.2	6.7	k11	bipolar_str_3	True	True
GSE53987__HG-U133_Plus_2|HPC	GSM1304865	GSE53987__HG-U133_Plus_2|STR	GSM1304992	0.7881709626256582	3.2726273023551107	0.43399578640370534	GSE53987	BD	HPC	M	42.0	12.5	6.7	k13	bipolar_hip_5	GSE53987	BD	STR	M	42.0	12.5	6.7	k13	bipolar_str_5	True	True
GSE53987__HG-U133_Plus_2|HPC	GSM1304867	GSE53987__HG-U133_Plus_2|STR	GSM1304994	0.7279427397259878	3.0222992601944187	0.35419540089782986	GSE53987	BD	HPC	F	51.0	21.5	6.7	k15	bipolar_hip_7	GSE53987	BD	STR	F	51.0	21.5	6.7	k15	bipolar_str_7	True	True
GSE53987__HG-U133_Plus_2|HPC	GSM1304872	GSE53987__HG-U133_Plus_2|STR	GSM1305016	0.7794809736596107	3.236508887772425	0.45231871116711564	GSE53987	CTL	HPC	F	36.0	14.5	6.4	k20	control_hip_12	GSE53987	CTL	STR	F	36.0	14.5	6.4	k20	control_str_12	True	True
GSE53987__HG-U133_Plus_2|HPC	GSM1304876	GSE53987__HG-U133_Plus_2|STR	GSM1305020	0.774191329451515	3.2145234096263238	0.46932363755946077	GSE53987	CTL	HPC	F	52.0	22.6	7.1	k24	control_hip_16	GSE53987	CTL	STR	F	52.0	22.6	7.1	k24	control_str_16	True	True
GSE53987__HG-U133_Plus_2|HPC	GSM1304878	GSE53987__HG-U133_Plus_2|STR	GSM1305022	0.7947033858517554	3.299778173458812	0.40051971696003935	GSE53987	CTL	HPC	F	40.0	16.6	6.8	k26	control_hip_18	GSE53987	CTL	STR	F	40.0	16.6	6.8	k26	control_str_18	True	True
GSE53987__HG-U133_Plus_2|HPC	GSM1304886	GSE53987__HG-U133_Plus_2|STR	GSM1305011	0.7400201315345352	3.0724968204126166	0.40445481866028865	GSE53987	CTL	HPC	F	58.0	18.8	6.6	k34	control_hip_7	GSE53987	CTL	STR	F	58.0	18.8	6.6	k34	control_str_7	True	True
GSE53987__HG-U133_Plus_2|HPC	GSM1304888	GSE53987__HG-U133_Plus_2|STR	GSM1305031	0.8153951958778186	3.385780051701408	0.6305263486030017	GSE53987	MDD	HPC	M	51.0	24.6	6.5	k36	MDD_hip_10	GSE53987	MDD	STR	M	51.0	24.6	6.5	k36	MDD_str_10	True	True
GSE53987__HG-U133_Plus_2|HPC	GSM1304892	GSE53987__HG-U133_Plus_2|STR	GSM1305029	0.737302216490979	3.0612002833597822	0.5143244114420945	GSE53987	MDD	HPC	M	62.0	26.0	6.5	k40	MDD_hip_14	GSE53987	MDD	STR	M	34.0	24.4	6.6	k51	MDD_str_8	False	True
GSE53987__HG-U133_Plus_2|HPC	GSM1304893	GSE53987__HG-U133_Plus_2|STR	GSM1305036	0.7442417002691246	3.090043030234164	0.5545502318259501	GSE53987	MDD	HPC	M	29.0	26.6	6.9	k41	MDD_hip_15	GSE53987	MDD	STR	M	29.0	26.6	6.9	k41	MDD_str_15	True	True
GSE53987__HG-U133_Plus_2|HPC	GSM1304904	GSE53987__HG-U133_Plus_2|STR	GSM1305030	0.8395956936735842	3.486365175101443	0.6137204447144452	GSE53987	MDD	HPC	M	51.0	28.3	7.3	k52	MDD_hip_9	GSE53987	MDD	STR	M	51.0	28.3	7.3	k52	MDD_str_9	True	True
GSE53987__HG-U133_Plus_2|HPC	GSM1304905	GSE53987__HG-U133_Plus_2|STR	GSM1305042	0.8373622424843004	3.4770822270654986	0.7000784498998727	GSE53987	SCZ	HPC	M	49.0	21.5	5.97	k53	schiz_hip_10	GSE53987	SCZ	STR	M	47.0	28.9	6.58	k62	schiz_str_4	False	True
GSE53987__HG-U133_Plus_2|HPC	GSM1304907	GSE53987__HG-U133_Plus_2|STR	GSM1305050	0.8311323462704086	3.451188756413281	0.506431815523083	GSE53987	SCZ	HPC	F	25.0	20.1	6.73	k55	schiz_hip_12	GSE53987	SCZ	STR	F	25.0	20.1	6.73	k55	schiz_str_12	True	True
GSE53987__HG-U133_Plus_2|HPC	GSM1304909	GSE53987__HG-U133_Plus_2|STR	GSM1305056	0.9013653866178513	3.7431000670700065	0.5509417092493563	GSE53987	SCZ	HPC	F	44.0	24.5	6.63	k57	schiz_hip_18	GSE53987	SCZ	STR	F	44.0	24.5	6.63	k57	schiz_str_18	True	True
GSE53987__HG-U133_Plus_2|HPC	GSM1304914	GSE53987__HG-U133_Plus_2|STR	GSM1305038	0.7297753944837576	3.0299163681777177	0.5009248047172226	GSE53987	SCZ	HPC	M	47.0	28.9	6.58	k62	schiz_hip_4	GSE53987	MDD	STR	F	54.0	17.9	6.2	k43	MDD_str_17	False	False
GSE53987__HG-U133_Plus_2|HPC	GSM1304915	GSE53987__HG-U133_Plus_2|STR	GSM1305043	0.7339265120921507	3.047169760253038	0.5767906811600585	GSE53987	SCZ	HPC	M	37.0	5.98	6.07	k63	schiz_hip_5	GSE53987	SCZ	STR	M	37.0	5.98	6.07	k63	schiz_str_5	True	True
GSE53987__HG-U133_Plus_2|HPC	GSM1304918	GSE53987__HG-U133_Plus_2|STR	GSM1305046	0.8158085093215801	3.387497916519499	0.4329002051568286	GSE53987	SCZ	HPC	M	38.0	28.8	6.56	k66	schiz_hip_8	GSE53987	SCZ	STR	M	38.0	28.8	6.56	k66	schiz_str_8	True	True
GSE53987__HG-U133_Plus_2|HPC	GSM1304885	GSE54567__HG-U133_Plus_2|PFC_BA9	GSM1319056	0.7352823190550465	3.2588337876084688	0.29852114877178476	GSE53987	CTL	HPC	M	68.0	11.8	6.8	k33	control_hip_6	GSE54567	CTL	PFC_BA9	M				Mpair18_CTL	Control matched sample pair brain dorsolateral prefrontal cortex BA9_M #18	False	True
GSE53987__HG-U133_Plus_2|HPC	GSM1304888	GSE54567__HG-U133_Plus_2|PFC_BA9	GSM1319073	0.8005572993137222	3.5479960633652388	0.5207725150159606	GSE53987	MDD	HPC	M	51.0	24.6	6.5	k36	MDD_hip_10	GSE54567	MDD	PFC_BA9	M				Mpair25_MDD	MDD matched sample pair brain dorsolateral prefrontal cortex BA9_M #25	False	True
GSE53987__HG-U133_Plus_2|HPC	GSM1304872	GSE54568__HG-U133_Plus_2|PFC_BA9	GSM1319092	0.6933310984889199	3.068481025579766	0.34903074435127057	GSE53987	CTL	HPC	F	36.0	14.5	6.4	k20	control_hip_12	GSE54568	CTL	PFC_BA9	F				Fpair28_CTL	Control matched sample pair brain dorsolateral prefrontal cortex BA9_F #28	False	True
GSE53987__HG-U133_Plus_2|HPC	GSM1304873	GSE54568__HG-U133_Plus_2|PFC_BA9	GSM1319091	0.7148527920971971	3.164004654332938	0.32768449311149395	GSE53987	CTL	HPC	F	65.0	18.5	6.5	k21	control_hip_13	GSE54568	CTL	PFC_BA9	F				Fpair24_CTL	Control matched sample pair brain dorsolateral prefrontal cortex BA9_F #24	False	True
GSE53987__HG-U133_Plus_2|HPC	GSM1304878	GSE54568__HG-U133_Plus_2|PFC_BA9	GSM1319089	0.7069685313339373	3.1290105125218504	0.35290535555811636	GSE53987	CTL	HPC	F	40.0	16.6	6.8	k26	control_hip_18	GSE54568	CTL	PFC_BA9	F				Fpair19_CTL	Control matched sample pair brain dorsolateral prefrontal cortex BA9_F #19	False	True
GSE53987__HG-U133_Plus_2|HPC	GSM1304895	GSE54568__HG-U133_Plus_2|PFC_BA9	GSM1319098	0.7020833220913452	3.107327603984789	0.3368073369048886	GSE53987	MDD	HPC	F	54.0	17.9	6.2	k43	MDD_hip_17	GSE54568	MDD	PFC_BA9	F				Fpair10_MDD	MDD matched sample pair brain dorsolateral prefrontal cortex BA9_F #10	False	True
GSE53987__HG-U133_Plus_2|HPC	GSM1304909	GSE54568__HG-U133_Plus_2|PFC_BA9	GSM1319095	0.6945109667574181	3.07371784850407	0.38175504553078	GSE53987	SCZ	HPC	F	44.0	24.5	6.63	k57	schiz_hip_18	GSE54568	MDD	PFC_BA9	F				Fpair6_MDD	MDD matched sample pair brain dorsolateral prefrontal cortex BA9_F #6	False	False
GSE53987__HG-U133_Plus_2|HPC	GSM1304914	GSE54568__HG-U133_Plus_2|PFC_BA9	GSM1319096	0.686537559313097	3.0383280308404554	0.6319639229319928	GSE53987	SCZ	HPC	M	47.0	28.9	6.58	k62	schiz_hip_4	GSE54568	MDD	PFC_BA9	F				Fpair8_MDD	MDD matched sample pair brain dorsolateral prefrontal cortex BA9_F #8	False	False
GSE53987__HG-U133_Plus_2|HPC	GSM1304873	GSE54571__HG-U133_Plus_2|ACC_BA25	GSM1319154	0.7049527166138339	3.112741711285825	0.26864997963734766	GSE53987	CTL	HPC	F	65.0	18.5	6.5	k21	control_hip_13	GSE54571	CTL	ACC_BA25	F				Fpair24_CTL	Control matched sample pair brain anterior cingulate cortex BA25_F #24	False	True
GSE53987__HG-U133_Plus_2|HPC	GSM1304895	GSE54571__HG-U133_Plus_2|ACC_BA25	GSM1319159	0.6992636394305665	3.087406179721912	0.28002511101969957	GSE53987	MDD	HPC	F	54.0	17.9	6.2	k43	MDD_hip_17	GSE54571	MDD	ACC_BA25	F				Fpair10_MDD	MDD matched sample pair brain anterior cingulate cortex BA25_F #10	False	True
GSE53987__HG-U133_Plus_2|HPC	GSM1304881	GSE54572__HG-U133_Plus_2|ACC_BA25	GSM1319173	0.6734990635166244	3.0217190278869626	0.4234278190570487	GSE53987	CTL	HPC	M	48.0	21.68	6.6	k29	control_hip_2	GSE54572	CTL	ACC_BA25	M				Mpair18_CTL	Control matched sample pair brain anterior cingulate cortex BA25_M #18	False	True
GSE53987__HG-U133_Plus_2|HPC	GSM1304888	GSE54572__HG-U133_Plus_2|ACC_BA25	GSM1319188	0.7652652464708505	3.434458657894361	0.4724662990089905	GSE53987	MDD	HPC	M	51.0	24.6	6.5	k36	MDD_hip_10	GSE54572	MDD	ACC_BA25	M				Mpair25_MDD	MDD matched sample pair brain anterior cingulate cortex BA25_M #25	False	True
GSE53987__HG-U133_Plus_2|HPC	GSM1304904	GSE92538__HG-U133_Plus_2|PFC_DLPFC	GSM2432068	0.6425773541392281	3.3767804310073144	0.6129552648660663	GSE53987	MDD	HPC	M	51.0	28.3	7.3	k52	MDD_hip_9	GSE92538	MDD	PFC_DLPFC	M	28.0	33.0	7.07	109248	DLPFC_Male_MajorDepressiveDisorder_p_UMichigan_109248	False	True
GSE53987__HG-U133_Plus_2|HPC	GSM1304905	GSE92538__HG-U133_Plus_2|PFC_DLPFC	GSM2432052	0.6347381995706428	3.3353863314133463	0.6303454970115815	GSE53987	SCZ	HPC	M	49.0	21.5	5.97	k53	schiz_hip_10	GSE92538	MDD	PFC_DLPFC	F	46.0	9.5	7.39	108700	DLPFC_Female_MajorDepressiveDisorder_p_UMichigan_108700	False	False
GSE53987__HG-U133_Plus_2|HPC	GSM1304909	GSE92538__HG-U133_Plus_2|PFC_DLPFC	GSM2431716	0.6670978502753819	3.5062591713833493	0.6577349502761618	GSE53987	SCZ	HPC	F	44.0	24.5	6.63	k57	schiz_hip_18	GSE92538	SCZ	PFC_DLPFC	M	39.0	7.5	6.83	101078	DLPFC_Male_Schizophrenia_p_UCDavis_101078	False	True
GSE53987__HG-U133_Plus_2|HPC	GSM1304914	GSE92538__HG-U133_Plus_2|PFC_DLPFC	GSM2431848	0.6272764875216974	3.2959852902687654	0.49987171795621227	GSE53987	SCZ	HPC	M	47.0	28.9	6.58	k62	schiz_hip_4	GSE92538	CTL	PFC_DLPFC	M	60.0	36.0	6.59	108066	DLPFC_Male_Control_p_UCDavis_108066	False	False
GSE53987__HG-U133_Plus_2|PFC_BA46	GSM1304942	GSE53987__HG-U133_Plus_2|PFC_BA46	GSM1304958	0.700310733368078	3.1505598332426414	0.6463515324214061	GSE53987	CTL	PFC_BA46	M	22.0	20.1	6.8	k23	control_pfc_15	GSE53987	MDD	PFC_BA46	F	26.0	13.4	6.4	k38	MDD_pfc_12	False	False
GSE53987__HG-U133_Plus_2|PFC_BA46	GSM1304956	GSE53987__HG-U133_Plus_2|PFC_BA46	GSM1304983	0.7603441650300723	3.413291010125752	0.6674901116558118	GSE53987	MDD	PFC_BA46	M	51.0	24.6	6.5	k36	MDD_pfc_10	GSE53987	SCZ	PFC_BA46	M	47.0	28.9	6.58	k62	schiz_pfc_4	False	False
GSE53987__HG-U133_Plus_2|PFC_BA46	GSM1304921	GSE53987__HG-U133_Plus_2|STR	GSM1304998	0.6684568109020446	3.0526641631908986	0.1851209547459005	GSE53987	BD	PFC_BA46	F	50.0	11.7	6.4	k1	bipolar_pfc_11	GSE53987	BD	STR	F	50.0	11.7	6.4	k1	bipolar_str_11	True	True
GSE53987__HG-U133_Plus_2|PFC_BA46	GSM1304922	GSE53987__HG-U133_Plus_2|STR	GSM1304999	0.71205411281955	3.2518560510359587	0.40378502832588464	GSE53987	BD	PFC_BA46	F	28.0	22.3	6.3	k2	bipolar_pfc_12	GSE53987	BD	STR	F	28.0	22.3	6.3	k2	bipolar_str_12	True	True
GSE53987__HG-U133_Plus_2|PFC_BA46	GSM1304924	GSE53987__HG-U133_Plus_2|STR	GSM1305001	0.7005102000096476	3.1991130214311854	0.2856448943624035	GSE53987	BD	PFC_BA46	M	58.0	27.7	6.8	k4	bipolar_pfc_14	GSE53987	BD	STR	M	58.0	27.7	6.8	k4	bipolar_str_14	True	True
GSE53987__HG-U133_Plus_2|PFC_BA46	GSM1304926	GSE53987__HG-U133_Plus_2|STR	GSM1305002	0.7617430514603762	3.478880042374041	0.35143687334503243	GSE53987	BD	PFC_BA46	F	49.0	21.5	6.7	k6	bipolar_pfc_16	GSE53987	BD	STR	F	49.0	21.5	6.7	k6	bipolar_str_16	True	True
GSE53987__HG-U133_Plus_2|PFC_BA46	GSM1304927	GSE53987__HG-U133_Plus_2|STR	GSM1305003	0.73779238202647	3.369451732596523	0.5251084932584537	GSE53987	BD	PFC_BA46	F	56.0	24.5	6.1	k68	bipolar_pfc_17	GSE53987	BD	STR	F	56.0	24.5	6.1	k68	bipolar_str_17	True	True
GSE53987__HG-U133_Plus_2|PFC_BA46	GSM1304930	GSE53987__HG-U133_Plus_2|STR	GSM1304990	0.8391841082959147	3.8327007980018957	0.400342379443445	GSE53987	BD	PFC_BA46	F	39.0	22.2	6.7	k11	bipolar_pfc_3	GSE53987	BD	STR	F	39.0	22.2	6.7	k11	bipolar_str_3	True	True
GSE53987__HG-U133_Plus_2|PFC_BA46	GSM1304932	GSE53987__HG-U133_Plus_2|STR	GSM1304992	0.6908017928045546	3.1547562407567695	0.3290435807903301	GSE53987	BD	PFC_BA46	M	42.0	12.5	6.7	k13	bipolar_pfc_5	GSE53987	BD	STR	M	42.0	12.5	6.7	k13	bipolar_str_5	True	True
GSE53987__HG-U133_Plus_2|PFC_BA46	GSM1304933	GSE53987__HG-U133_Plus_2|STR	GSM1304993	0.6593356307395308	3.0109903665099966	0.4539668773081891	GSE53987	BD	PFC_BA46	M	65.0	8.9	6.7	k14	bipolar_pfc_6	GSE53987	BD	STR	M	65.0	8.9	6.7	k14	bipolar_str_6	True	True
GSE53987__HG-U133_Plus_2|PFC_BA46	GSM1304935	GSE53987__HG-U133_Plus_2|STR	GSM1304995	0.7751493107443874	3.5401319542647243	0.42196098211560024	GSE53987	BD	PFC_BA46	M	39.0	24.2	6.6	k16	bipolar_pfc_8	GSE53987	BD	STR	M	39.0	24.2	6.6	k16	bipolar_str_8	True	True
GSE53987__HG-U133_Plus_2|PFC_BA46	GSM1304936	GSE53987__HG-U133_Plus_2|STR	GSM1304996	0.7592591530712404	3.4675313490470208	0.47807473018809327	GSE53987	BD	PFC_BA46	M	48.0	18.1	6.9	k17	bipolar_pfc_9	GSE53987	BD	STR	M	48.0	18.1	6.9	k17	bipolar_str_9	True	True
GSE53987__HG-U133_Plus_2|PFC_BA46	GSM1304939	GSE53987__HG-U133_Plus_2|STR	GSM1305016	0.7862765841659286	3.590971398494528	0.45788832571977317	GSE53987	CTL	PFC_BA46	F	36.0	14.5	6.4	k20	control_pfc_12	GSE53987	CTL	STR	F	36.0	14.5	6.4	k20	control_str_12	True	True
GSE53987__HG-U133_Plus_2|PFC_BA46	GSM1304940	GSE53987__HG-U133_Plus_2|STR	GSM1305017	0.6644561519679019	3.034385536517533	0.30588831345144857	GSE53987	CTL	PFC_BA46	F	65.0	18.5	6.5	k21	control_pfc_13	GSE53987	CTL	STR	F	65.0	18.5	6.5	k21	control_str_13	True	True
GSE53987__HG-U133_Plus_2|PFC_BA46	GSM1304941	GSE53987__HG-U133_Plus_2|STR	GSM1305018	0.7064503450729724	3.2262529740703667	0.48150497019574395	GSE53987	CTL	PFC_BA46	M	55.0	28.0	6.1	k22	control_pfc_14	GSE53987	CTL	STR	M	55.0	28.0	6.1	k22	control_str_14	True	True
GSE53987__HG-U133_Plus_2|PFC_BA46	GSM1304942	GSE53987__HG-U133_Plus_2|STR	GSM1305019	0.764023471142332	3.489299061018528	0.6824501803495064	GSE53987	CTL	PFC_BA46	M	22.0	20.1	6.8	k23	control_pfc_15	GSE53987	CTL	STR	M	22.0	20.1	6.8	k23	control_str_15	True	True
GSE53987__HG-U133_Plus_2|PFC_BA46	GSM1304943	GSE53987__HG-U133_Plus_2|STR	GSM1305020	0.7377134162072135	3.3690909453477462	0.471206033537115	GSE53987	CTL	PFC_BA46	F	52.0	22.6	7.1	k24	control_pfc_16	GSE53987	CTL	STR	F	52.0	22.6	7.1	k24	control_str_16	True	True
GSE53987__HG-U133_Plus_2|PFC_BA46	GSM1304944	GSE53987__HG-U133_Plus_2|STR	GSM1305021	0.7380225074238062	3.3705031534487406	0.3190644725669388	GSE53987	CTL	PFC_BA46	F	58.0	22.7	6.4	k25	control_pfc_17	GSE53987	CTL	STR	F	58.0	22.7	6.4	k25	control_str_17	True	True
GSE53987__HG-U133_Plus_2|PFC_BA46	GSM1304945	GSE53987__HG-U133_Plus_2|STR	GSM1305022	0.7251644384203264	3.3117558703326546	0.41481171070122025	GSE53987	CTL	PFC_BA46	F	40.0	16.6	6.8	k26	control_pfc_18	GSE53987	CTL	STR	F	40.0	16.6	6.8	k26	control_str_18	True	True
GSE53987__HG-U133_Plus_2|PFC_BA46	GSM1304947	GSE53987__HG-U133_Plus_2|STR	GSM1305005	0.6675667344558852	3.0485974893409344	0.3657246415329767	GSE53987	CTL	PFC_BA46	M	49.0	21.2	6.5	k28	control_pfc_1	GSE53987	CTL	STR	M	49.0	21.2	6.5	k28	control_str_1	True	True
GSE53987__HG-U133_Plus_2|PFC_BA46	GSM1304950	GSE53987__HG-U133_Plus_2|STR	GSM1305008	0.7338037650322007	3.3512281243906132	0.3427172448948668	GSE53987	CTL	PFC_BA46	M	48.0	24.5	6.5	k31	control_pfc_4	GSE53987	CTL	STR	M	48.0	24.5	6.5	k31	control_str_4	True	True
GSE53987__HG-U133_Plus_2|PFC_BA46	GSM1304951	GSE53987__HG-U133_Plus_2|STR	GSM1305009	0.7553492270422599	3.4496672723084916	0.37311428848153083	GSE53987	CTL	PFC_BA46	M	43.0	13.8	6.6	k32	control_pfc_5	GSE53987	CTL	STR	M	43.0	13.8	6.6	k32	control_str_5	True	True
GSE53987__HG-U133_Plus_2|PFC_BA46	GSM1304952	GSE53987__HG-U133_Plus_2|STR	GSM1305010	0.7689533673209064	3.511823283470378	0.4069967680877331	GSE53987	CTL	PFC_BA46	M	68.0	11.8	6.8	k33	control_pfc_6	GSE53987	CTL	STR	M	68.0	11.8	6.8	k33	control_str_6	True	True
GSE53987__HG-U133_Plus_2|PFC_BA46	GSM1304954	GSE53987__HG-U133_Plus_2|STR	GSM1305012	0.6843565877890726	3.1253087176735392	0.39153888930727926	GSE53987	CTL	PFC_BA46	M	43.0	22.3	6.7	k35	control_pfc_8	GSE53987	CTL	STR	M	43.0	22.3	6.7	k35	control_str_8	True	True
GSE53987__HG-U133_Plus_2|PFC_BA46	GSM1304955	GSE53987__HG-U133_Plus_2|STR	GSM1305013	0.6859783000007089	3.1327181651111	0.39922727107867245	GSE53987	CTL	PFC_BA46	M	46.0	22.0	6.3	k69	control_pfc_9	GSE53987	CTL	STR	M	46.0	22.0	6.3	k69	control_str_9	True	True
GSE53987__HG-U133_Plus_2|PFC_BA46	GSM1304956	GSE53987__HG-U133_Plus_2|STR	GSM1305031	0.8580450872244622	3.9188748003860834	0.7550855457080003	GSE53987	MDD	PFC_BA46	M	51.0	24.6	6.5	k36	MDD_pfc_10	GSE53987	MDD	STR	M	51.0	24.6	6.5	k36	MDD_str_10	True	True
GSE53987__HG-U133_Plus_2|PFC_BA46	GSM1304957	GSE53987__HG-U133_Plus_2|STR	GSM1305032	0.6943274522168597	3.170864640206915	0.3794849736890684	GSE53987	MDD	PFC_BA46	F	53.0	11.9	6.7	k37	MDD_pfc_11	GSE53987	MDD	STR	F	53.0	11.9	6.7	k37	MDD_str_11	True	True
GSE53987__HG-U133_Plus_2|PFC_BA46	GSM1304958	GSE53987__HG-U133_Plus_2|STR	GSM1305033	0.7886351304649842	3.6017473701536877	0.6517684048054337	GSE53987	MDD	PFC_BA46	F	26.0	13.4	6.4	k38	MDD_pfc_12	GSE53987	MDD	STR	F	26.0	13.4	6.4	k38	MDD_str_12	True	True
GSE53987__HG-U133_Plus_2|PFC_BA46	GSM1304963	GSE53987__HG-U133_Plus_2|STR	GSM1305038	0.7476200557871686	3.4143534307158947	0.5117756247715027	GSE53987	MDD	PFC_BA46	F	54.0	17.9	6.2	k43	MDD_pfc_17	GSE53987	MDD	STR	F	54.0	17.9	6.2	k43	MDD_str_17	True	True
GSE53987__HG-U133_Plus_2|PFC_BA46	GSM1304965	GSE53987__HG-U133_Plus_2|STR	GSM1305023	0.6810480282044371	3.1101922264980435	0.2756873557088388	GSE53987	MDD	PFC_BA46	M	42.0	14.3	6.4	k45	MDD_pfc_1	GSE53987	MDD	STR	M	42.0	14.3	6.4	k45	MDD_str_1	True	True
GSE53987__HG-U133_Plus_2|PFC_BA46	GSM1304967	GSE53987__HG-U133_Plus_2|STR	GSM1305025	0.8044151642196755	3.6738448297580315	0.5570527035060883	GSE53987	MDD	PFC_BA46	M	47.0	24.0	6.6	k48	MDD_pfc_4	GSE53987	MDD	STR	M	47.0	24.0	6.6	k48	MDD_str_4	True	True
GSE53987__HG-U133_Plus_2|PFC_BA46	GSM1304968	GSE53987__HG-U133_Plus_2|STR	GSM1305026	0.7075321451120725	3.2311956146142	0.35071280227874657	GSE53987	MDD	PFC_BA46	M	44.0	11.0	6.5	k70	MDD_pfc_5	GSE53987	MDD	STR	M	44.0	11.0	6.5	k70	MDD_str_5	True	True
GSE53987__HG-U133_Plus_2|PFC_BA46	GSM1304969	GSE53987__HG-U133_Plus_2|STR	GSM1305027	0.8296217953480794	3.7890115079662716	0.38307621844869266	GSE53987	MDD	PFC_BA46	M	59.0	13.0	6.6	k49	MDD_pfc_6	GSE53987	MDD	STR	M	59.0	13.0	6.6	k49	MDD_str_6	True	True
GSE53987__HG-U133_Plus_2|PFC_BA46	GSM1304972	GSE53987__HG-U133_Plus_2|STR	GSM1305030	0.8231603408107177	3.7594897423772564	0.5444210619019967	GSE53987	MDD	PFC_BA46	M	51.0	28.3	7.3	k52	MDD_pfc_9	GSE53987	MDD	STR	M	51.0	28.3	7.3	k52	MDD_str_9	True	True
GSE53987__HG-U133_Plus_2|PFC_BA46	GSM1304973	GSE53987__HG-U133_Plus_2|STR	GSM1305048	0.7692153645037179	3.5130203234512707	0.3820709603967492	GSE53987	SCZ	PFC_BA46	M	49.0	21.5	5.97	k53	schiz_pfc_10	GSE53987	SCZ	STR	M	49.0	21.5	5.97	k53	schiz_str_10	True	True
GSE53987__HG-U133_Plus_2|PFC_BA46	GSM1304974	GSE53987__HG-U133_Plus_2|STR	GSM1305049	0.6624699819231128	3.025310916222189	0.1987865317376071	GSE53987	SCZ	PFC_BA46	F	47.0	14.37	6.35	k54	schiz_pfc_11	GSE53987	SCZ	STR	F	47.0	14.37	6.35	k54	schiz_str_11	True	True
GSE53987__HG-U133_Plus_2|PFC_BA46	GSM1304975	GSE53987__HG-U133_Plus_2|STR	GSM1305050	0.8177080158812761	3.7345785931071664	0.45513779581650027	GSE53987	SCZ	PFC_BA46	F	25.0	20.1	6.73	k55	schiz_pfc_12	GSE53987	SCZ	STR	F	25.0	20.1	6.73	k55	schiz_str_12	True	True
GSE53987__HG-U133_Plus_2|PFC_BA46	GSM1304976	GSE53987__HG-U133_Plus_2|STR	GSM1305051	0.6797650084326724	3.1043302323094135	0.1995091897111739	GSE53987	SCZ	PFC_BA46	F	41.0	17.1	6.9	k71	schiz_pfc_13	GSE53987	SCZ	STR	F	41.0	17.1	6.9	k71	schiz_str_13	True	True
GSE53987__HG-U133_Plus_2|PFC_BA46	GSM1304978	GSE53987__HG-U133_Plus_2|STR	GSM1305054	0.6572351253742466	3.001393359109599	0.2532700606468918	GSE53987	SCZ	PFC_BA46	F	47.0	20.1	7.3	k72	schiz_pfc_16	GSE53987	SCZ	STR	F	47.0	20.1	7.3	k72	schiz_str_16	True	True
GSE53987__HG-U133_Plus_2|PFC_BA46	GSM1304979	GSE53987__HG-U133_Plus_2|STR	GSM1305056	0.8972215213190613	4.097868167478083	0.4998633449741482	GSE53987	SCZ	PFC_BA46	F	44.0	24.5	6.63	k57	schiz_pfc_18	GSE53987	SCZ	STR	F	44.0	24.5	6.63	k57	schiz_str_18	True	True
GSE53987__HG-U133_Plus_2|PFC_BA46	GSM1304981	GSE53987__HG-U133_Plus_2|STR	GSM1305039	0.7021507466952728	3.206608521772605	0.37797722650031557	GSE53987	SCZ	PFC_BA46	M	50.0	11.0	6.23	k59	schiz_pfc_1	GSE53987	SCZ	STR	M	50.0	11.0	6.23	k59	schiz_str_1	True	True
GSE53987__HG-U133_Plus_2|PFC_BA46	GSM1304983	GSE53987__HG-U133_Plus_2|STR	GSM1305042	0.8418596977739259	3.84492530951483	0.7009991147365922	GSE53987	SCZ	PFC_BA46	M	47.0	28.9	6.58	k62	schiz_pfc_4	GSE53987	SCZ	STR	M	47.0	28.9	6.58	k62	schiz_str_4	True	True
GSE53987__HG-U133_Plus_2|PFC_BA46	GSM1304984	GSE53987__HG-U133_Plus_2|STR	GSM1305043	0.6684472487490736	3.052620474631782	0.4147812124714183	GSE53987	SCZ	PFC_BA46	M	37.0	5.98	6.07	k63	schiz_pfc_5	GSE53987	SCZ	STR	M	37.0	5.98	6.07	k63	schiz_str_5	True	True
GSE53987__HG-U133_Plus_2|PFC_BA46	GSM1304985	GSE53987__HG-U133_Plus_2|STR	GSM1305044	0.7364040969741507	3.363108791444756	0.5359467578622598	GSE53987	SCZ	PFC_BA46	M	58.0	7.7	6.22	k64	schiz_pfc_6	GSE53987	SCZ	STR	M	58.0	7.7	6.22	k64	schiz_str_6	True	True
GSE53987__HG-U133_Plus_2|PFC_BA46	GSM1304987	GSE53987__HG-U133_Plus_2|STR	GSM1305047	0.6695428060218802	3.0576259706559545	0.32091642640841267	GSE53987	SCZ	PFC_BA46	M	52.0	27.1	6.68	k67	schiz_pfc_9	GSE53987	SCZ	STR	M	52.0	27.1	6.68	k67	schiz_str_9	True	True
GSE53987__HG-U133_Plus_2|PFC_BA46	GSM1304942	GSE54567__HG-U133_Plus_2|PFC_BA9	GSM1319051	0.8396151549091048	3.587198426663479	0.6099263108970571	GSE53987	CTL	PFC_BA46	M	22.0	20.1	6.8	k23	control_pfc_15	GSE54567	CTL	PFC_BA9	M				Mpair2_CTL	Control matched sample pair brain dorsolateral prefrontal cortex BA9_M #2	False	True
GSE53987__HG-U133_Plus_2|PFC_BA46	GSM1304952	GSE54567__HG-U133_Plus_2|PFC_BA9	GSM1319056	0.8504997615015705	3.6338219498372593	0.4493746202197053	GSE53987	CTL	PFC_BA46	M	68.0	11.8	6.8	k33	control_pfc_6	GSE54567	CTL	PFC_BA9	M				Mpair18_CTL	Control matched sample pair brain dorsolateral prefrontal cortex BA9_M #18	False	True
GSE53987__HG-U133_Plus_2|PFC_BA46	GSM1304955	GSE54567__HG-U133_Plus_2|PFC_BA9	GSM1319058	0.7710617858865731	3.2935544109509474	0.41586409878028713	GSE53987	CTL	PFC_BA46	M	46.0	22.0	6.3	k69	control_pfc_9	GSE54567	CTL	PFC_BA9	M				Mpair22_CTL	Control matched sample pair brain dorsolateral prefrontal cortex BA9_M #22	False	True
GSE53987__HG-U133_Plus_2|PFC_BA46	GSM1304956	GSE54567__HG-U133_Plus_2|PFC_BA9	GSM1319073	0.9246585184950399	3.951476290014981	0.6608974842698234	GSE53987	MDD	PFC_BA46	M	51.0	24.6	6.5	k36	MDD_pfc_10	GSE54567	MDD	PFC_BA9	M				Mpair25_MDD	MDD matched sample pair brain dorsolateral prefrontal cortex BA9_M #25	False	True
GSE53987__HG-U133_Plus_2|PFC_BA46	GSM1304965	GSE54567__HG-U133_Plus_2|PFC_BA9	GSM1319076	0.7372242921880814	3.1486136491335834	0.21888699498077194	GSE53987	MDD	PFC_BA46	M	42.0	14.3	6.4	k45	MDD_pfc_1	GSE54567	MDD	PFC_BA9	M				Mpair29_MDD	MDD matched sample pair brain dorsolateral prefrontal cortex BA9_M #29	False	True
GSE53987__HG-U133_Plus_2|PFC_BA46	GSM1304938	GSE54568__HG-U133_Plus_2|PFC_BA9	GSM1319084	0.735512588849088	3.2453390202607486	0.4997332288634626	GSE53987	CTL	PFC_BA46	F	51.0	7.8	6.6	k19	control_pfc_11	GSE54568	CTL	PFC_BA9	F				Fpair12_CTL	Control matched sample pair brain dorsolateral prefrontal cortex BA9_F #12	False	True
GSE53987__HG-U133_Plus_2|PFC_BA46	GSM1304939	GSE54568__HG-U133_Plus_2|PFC_BA9	GSM1319092	0.7551100359937385	3.3321873663548724	0.3454487386899065	GSE53987	CTL	PFC_BA46	F	36.0	14.5	6.4	k20	control_pfc_12	GSE54568	CTL	PFC_BA9	F				Fpair28_CTL	Control matched sample pair brain dorsolateral prefrontal cortex BA9_F #28	False	True
GSE53987__HG-U133_Plus_2|PFC_BA46	GSM1304940	GSE54568__HG-U133_Plus_2|PFC_BA9	GSM1319091	0.7474381862614344	3.298188679902738	0.22514497567591213	GSE53987	CTL	PFC_BA46	F	65.0	18.5	6.5	k21	control_pfc_13	GSE54568	CTL	PFC_BA9	F				Fpair24_CTL	Control matched sample pair brain dorsolateral prefrontal cortex BA9_F #24	False	True
GSE53987__HG-U133_Plus_2|PFC_BA46	GSM1304944	GSE54568__HG-U133_Plus_2|PFC_BA9	GSM1319081	0.7037741066224975	3.104686277657509	0.27984653715222974	GSE53987	CTL	PFC_BA46	F	58.0	22.7	6.4	k25	control_pfc_17	GSE54568	CTL	PFC_BA9	F				Fpair8_CTL	Control matched sample pair brain dorsolateral prefrontal cortex BA9_F #8	False	True
GSE53987__HG-U133_Plus_2|PFC_BA46	GSM1304945	GSE54568__HG-U133_Plus_2|PFC_BA9	GSM1319089	0.6982313476248964	3.0801229022246335	0.370919721718726	GSE53987	CTL	PFC_BA46	F	40.0	16.6	6.8	k26	control_pfc_18	GSE54568	CTL	PFC_BA9	F				Fpair19_CTL	Control matched sample pair brain dorsolateral prefrontal cortex BA9_F #19	False	True
GSE53987__HG-U133_Plus_2|PFC_BA46	GSM1304949	GSE54568__HG-U133_Plus_2|PFC_BA9	GSM1319082	0.7509039754911319	3.3135477243889078	0.37453947042140745	GSE53987	CTL	PFC_BA46	F	39.0	24.5	6.8	k30	control_pfc_3	GSE54568	CTL	PFC_BA9	F				Fpair9_CTL	Control matched sample pair brain dorsolateral prefrontal cortex BA9_F #9	False	True
GSE53987__HG-U133_Plus_2|PFC_BA46	GSM1304957	GSE54568__HG-U133_Plus_2|PFC_BA9	GSM1319098	0.8185985011851943	3.6135438184087514	0.3455335177812752	GSE53987	MDD	PFC_BA46	F	53.0	11.9	6.7	k37	MDD_pfc_11	GSE54568	MDD	PFC_BA9	F				Fpair10_MDD	MDD matched sample pair brain dorsolateral prefrontal cortex BA9_F #10	False	True
GSE53987__HG-U133_Plus_2|PFC_BA46	GSM1304958	GSE54568__HG-U133_Plus_2|PFC_BA9	GSM1319101	0.6975557172584211	3.077128768373105	0.48919818434811635	GSE53987	MDD	PFC_BA46	F	26.0	13.4	6.4	k38	MDD_pfc_12	GSE54568	MDD	PFC_BA9	F				Fpair14_MDD	MDD matched sample pair brain dorsolateral prefrontal cortex BA9_F #14	False	True
GSE53987__HG-U133_Plus_2|PFC_BA46	GSM1304959	GSE54568__HG-U133_Plus_2|PFC_BA9	GSM1319099	0.6966963874505646	3.0733205492713584	0.2703330185421666	GSE53987	MDD	PFC_BA46	F	52.0	10.3	6.5	k39	MDD_pfc_13	GSE54568	MDD	PFC_BA9	F				Fpair12_MDD	MDD matched sample pair brain dorsolateral prefrontal cortex BA9_F #12	False	True
GSE53987__HG-U133_Plus_2|PFC_BA46	GSM1304962	GSE54568__HG-U133_Plus_2|PFC_BA9	GSM1319100	0.7184679627631296	3.169803794961656	0.33375809256480443	GSE53987	MDD	PFC_BA46	F	49.0	23.4	6.4	k42	MDD_pfc_16	GSE54568	MDD	PFC_BA9	F				Fpair13_MDD	MDD matched sample pair brain dorsolateral prefrontal cortex BA9_F #13	False	True
GSE53987__HG-U133_Plus_2|PFC_BA46	GSM1304963	GSE54568__HG-U133_Plus_2|PFC_BA9	GSM1319096	0.7741669652954509	3.4166403453204595	0.4918985711048771	GSE53987	MDD	PFC_BA46	F	54.0	17.9	6.2	k43	MDD_pfc_17	GSE54568	MDD	PFC_BA9	F				Fpair8_MDD	MDD matched sample pair brain dorsolateral prefrontal cortex BA9_F #8	False	True
GSE53987__HG-U133_Plus_2|PFC_BA46	GSM1304964	GSE54568__HG-U133_Plus_2|PFC_BA9	GSM1319103	0.7114302386440756	3.138615309262721	0.35163915805757245	GSE53987	MDD	PFC_BA46	F	28.0	24.8	6.6	k44	MDD_pfc_19	GSE54568	MDD	PFC_BA9	F				Fpair17_MDD	MDD matched sample pair brain dorsolateral prefrontal cortex BA9_F #17	False	True
GSE53987__HG-U133_Plus_2|PFC_BA46	GSM1304970	GSE54568__HG-U133_Plus_2|PFC_BA9	GSM1319102	0.7963914778693622	3.515130834696221	0.3542085692907267	GSE53987	MDD	PFC_BA46	F	47.0	22.3	6.6	k50	MDD_pfc_7	GSE54568	MDD	PFC_BA9	F				Fpair16_MDD	MDD matched sample pair brain dorsolateral prefrontal cortex BA9_F #16	False	True
GSE53987__HG-U133_Plus_2|PFC_BA46	GSM1304979	GSE54568__HG-U133_Plus_2|PFC_BA9	GSM1319095	0.723099149207544	3.1903274315446333	0.3373275764051375	GSE53987	SCZ	PFC_BA46	F	44.0	24.5	6.63	k57	schiz_pfc_18	GSE54568	MDD	PFC_BA9	F				Fpair6_MDD	MDD matched sample pair brain dorsolateral prefrontal cortex BA9_F #6	False	False
GSE53987__HG-U133_Plus_2|PFC_BA46	GSM1304938	GSE54571__HG-U133_Plus_2|ACC_BA25	GSM1319147	0.6861033570851256	3.046023161080011	0.49586152978281167	GSE53987	CTL	PFC_BA46	F	51.0	7.8	6.6	k19	control_pfc_11	GSE54571	CTL	ACC_BA25	F				Fpair12_CTL	Control matched sample pair brain anterior cingulate cortex BA25_F #12	False	True
GSE53987__HG-U133_Plus_2|PFC_BA46	GSM1304949	GSE54571__HG-U133_Plus_2|ACC_BA25	GSM1319145	0.7175774477802501	3.186481200837832	0.3676465362950177	GSE53987	CTL	PFC_BA46	F	39.0	24.5	6.8	k30	control_pfc_3	GSE54571	CTL	ACC_BA25	F				Fpair9_CTL	Control matched sample pair brain anterior cingulate cortex BA25_F #9	False	True
GSE53987__HG-U133_Plus_2|PFC_BA46	GSM1304957	GSE54571__HG-U133_Plus_2|ACC_BA25	GSM1319159	0.6793015193553192	3.015668899108358	0.3116967033132569	GSE53987	MDD	PFC_BA46	F	53.0	11.9	6.7	k37	MDD_pfc_11	GSE54571	MDD	ACC_BA25	F				Fpair10_MDD	MDD matched sample pair brain anterior cingulate cortex BA25_F #10	False	True
GSE53987__HG-U133_Plus_2|PFC_BA46	GSM1304958	GSE54571__HG-U133_Plus_2|ACC_BA25	GSM1319162	0.7925849449331419	3.5212138582253725	0.41171366382353514	GSE53987	MDD	PFC_BA46	F	26.0	13.4	6.4	k38	MDD_pfc_12	GSE54571	MDD	ACC_BA25	F				Fpair14_MDD	MDD matched sample pair brain anterior cingulate cortex BA25_F #14	False	True
GSE53987__HG-U133_Plus_2|PFC_BA46	GSM1304959	GSE54571__HG-U133_Plus_2|ACC_BA25	GSM1319160	0.7510537780955494	3.3358745472546865	0.3388297996418527	GSE53987	MDD	PFC_BA46	F	52.0	10.3	6.5	k39	MDD_pfc_13	GSE54571	MDD	ACC_BA25	F				Fpair12_MDD	MDD matched sample pair brain anterior cingulate cortex BA25_F #12	False	True
GSE53987__HG-U133_Plus_2|PFC_BA46	GSM1304962	GSE54571__HG-U133_Plus_2|ACC_BA25	GSM1319161	0.7398713749520716	3.285971328746204	0.2604589689184331	GSE53987	MDD	PFC_BA46	F	49.0	23.4	6.4	k42	MDD_pfc_16	GSE54571	MDD	ACC_BA25	F				Fpair13_MDD	MDD matched sample pair brain anterior cingulate cortex BA25_F #13	False	True
GSE53987__HG-U133_Plus_2|PFC_BA46	GSM1304963	GSE54571__HG-U133_Plus_2|ACC_BA25	GSM1319157	0.7787693074635668	3.459559420746045	0.5462807606067246	GSE53987	MDD	PFC_BA46	F	54.0	17.9	6.2	k43	MDD_pfc_17	GSE54571	MDD	ACC_BA25	F				Fpair8_MDD	MDD matched sample pair brain anterior cingulate cortex BA25_F #8	False	True
GSE53987__HG-U133_Plus_2|PFC_BA46	GSM1304970	GSE54571__HG-U133_Plus_2|ACC_BA25	GSM1319163	0.7644998417336416	3.3958797038566497	0.33966789035106093	GSE53987	MDD	PFC_BA46	F	47.0	22.3	6.6	k50	MDD_pfc_7	GSE54571	MDD	ACC_BA25	F				Fpair16_MDD	MDD matched sample pair brain anterior cingulate cortex BA25_F #16	False	True
GSE53987__HG-U133_Plus_2|PFC_BA46	GSM1304948	GSE54572__HG-U133_Plus_2|ACC_BA25	GSM1319173	0.6498133212334951	3.1323450079917534	0.36608360316186206	GSE53987	CTL	PFC_BA46	M	48.0	21.68	6.6	k29	control_pfc_2	GSE54572	CTL	ACC_BA25	M				Mpair18_CTL	Control matched sample pair brain anterior cingulate cortex BA25_M #18	False	True
GSE53987__HG-U133_Plus_2|PFC_BA46	GSM1304956	GSE54572__HG-U133_Plus_2|ACC_BA25	GSM1319188	0.8931205480113588	4.315475252602171	0.6190345256091565	GSE53987	MDD	PFC_BA46	M	51.0	24.6	6.5	k36	MDD_pfc_10	GSE54572	MDD	ACC_BA25	M				Mpair25_MDD	MDD matched sample pair brain anterior cingulate cortex BA25_M #25	False	True
GSE53987__HG-U133_Plus_2|PFC_BA46	GSM1304965	GSE54572__HG-U133_Plus_2|ACC_BA25	GSM1319190	0.7046404124899768	3.398952748125926	0.24487434665310526	GSE53987	MDD	PFC_BA46	M	42.0	14.3	6.4	k45	MDD_pfc_1	GSE54572	MDD	ACC_BA25	M				Mpair29_MDD	MDD matched sample pair brain anterior cingulate cortex BA25_M #29	False	True
GSE53987__HG-U133_Plus_2|PFC_BA46	GSM1304927	GSE92538__HG-U133A|PFC_DLPFC	GSM2431854	0.6634611722829218	3.157488212847147	0.539178225590522	GSE53987	BD	PFC_BA46	F	56.0	24.5	6.1	k68	bipolar_pfc_17	GSE92538	CTL	PFC_DLPFC	M	50.0	16.5	6.27	108493	DLPFC_Male_Control_UCDavis_108493	False	False
GSE53987__HG-U133_Plus_2|PFC_BA46	GSM1304979	GSE92538__HG-U133A|PFC_DLPFC	GSM2431740	0.6405075168593637	3.0478445056742283	0.6143318978325643	GSE53987	SCZ	PFC_BA46	F	44.0	24.5	6.63	k57	schiz_pfc_18	GSE92538	CTL	PFC_DLPFC	F	73.0	24.0	6.54	102038	DLPFC_Female_Control_UCDavis_102038	False	False
GSE53987__HG-U133_Plus_2|PFC_BA46	GSM1304930	GSE92538__HG-U133_Plus_2|PFC_DLPFC	GSM2432083	0.620761136818982	3.3549042527331485	0.6185148493448713	GSE53987	BD	PFC_BA46	F	39.0	22.2	6.7	k11	bipolar_pfc_3	GSE92538	CTL	PFC_DLPFC	M	32.0	10.0	7.04	109882	DLPFC_Male_Control_p_UMichigan_109882	False	False
GSE53987__HG-U133_Plus_2|PFC_BA46	GSM1304958	GSE92538__HG-U133_Plus_2|PFC_DLPFC	GSM2432068	0.5894105913889214	3.185045801044827	0.5439447687794128	GSE53987	MDD	PFC_BA46	F	26.0	13.4	6.4	k38	MDD_pfc_12	GSE92538	MDD	PFC_DLPFC	M	28.0	33.0	7.07	109248	DLPFC_Male_MajorDepressiveDisorder_p_UMichigan_109248	False	True
GSE53987__HG-U133_Plus_2|PFC_BA46	GSM1304979	GSE92538__HG-U133_Plus_2|PFC_DLPFC	GSM2431716	0.7078847691887471	3.82694341813794	0.6973477420100177	GSE53987	SCZ	PFC_BA46	F	44.0	24.5	6.63	k57	schiz_pfc_18	GSE92538	SCZ	PFC_DLPFC	M	39.0	7.5	6.83	101078	DLPFC_Male_Schizophrenia_p_UCDavis_101078	False	True
GSE53987__HG-U133_Plus_2|PFC_BA46	GSM1304980	GSE92538__HG-U133_Plus_2|PFC_DLPFC	GSM2431852	0.6491677305582848	3.5088122617998923	0.5967647690360203	GSE53987	SCZ	PFC_BA46	F	46.0	23.8	6.61	k58	schiz_pfc_19	GSE92538	CTL	PFC_DLPFC	M	64.0	24.5	6.55	108425	DLPFC_Male_Control_p_UCDavis_108425	False	False
GSE53987__HG-U133_Plus_2|PFC_BA46	GSM1304983	GSE92538__HG-U133_Plus_2|PFC_DLPFC	GSM2432052	0.6493466826635366	3.5097818311361655	0.6386989821650754	GSE53987	SCZ	PFC_BA46	M	47.0	28.9	6.58	k62	schiz_pfc_4	GSE92538	MDD	PFC_DLPFC	F	46.0	9.5	7.39	108700	DLPFC_Female_MajorDepressiveDisorder_p_UMichigan_108700	False	False
GSE53987__HG-U133_Plus_2|STR	GSM1305031	GSE53987__HG-U133_Plus_2|STR	GSM1305042	0.7980037427588831	3.413148534201977	0.44115097493893546	GSE53987	MDD	STR	M	51.0	24.6	6.5	k36	MDD_str_10	GSE53987	SCZ	STR	M	47.0	28.9	6.58	k62	schiz_str_4	False	False
GSE53987__HG-U133_Plus_2|STR	GSM1305010	GSE54567__HG-U133_Plus_2|PFC_BA9	GSM1319056	0.7678283022535193	3.591997236076488	0.3460724286650173	GSE53987	CTL	STR	M	68.0	11.8	6.8	k33	control_str_6	GSE54567	CTL	PFC_BA9	M				Mpair18_CTL	Control matched sample pair brain dorsolateral prefrontal cortex BA9_M #18	False	True
GSE53987__HG-U133_Plus_2|STR	GSM1305013	GSE54567__HG-U133_Plus_2|PFC_BA9	GSM1319058	0.6987484251076769	3.266912039754203	0.3913804026836259	GSE53987	CTL	STR	M	46.0	22.0	6.3	k69	control_str_9	GSE54567	CTL	PFC_BA9	M				Mpair22_CTL	Control matched sample pair brain dorsolateral prefrontal cortex BA9_M #22	False	True
GSE53987__HG-U133_Plus_2|STR	GSM1305019	GSE54567__HG-U133_Plus_2|PFC_BA9	GSM1319051	0.8176416500144806	3.8264154574950675	0.4145689675174268	GSE53987	CTL	STR	M	22.0	20.1	6.8	k23	control_str_15	GSE54567	CTL	PFC_BA9	M				Mpair2_CTL	Control matched sample pair brain dorsolateral prefrontal cortex BA9_M #2	False	True
GSE53987__HG-U133_Plus_2|STR	GSM1305023	GSE54567__HG-U133_Plus_2|PFC_BA9	GSM1319076	0.6527378191816702	3.0503892623788906	0.37161584023535876	GSE53987	MDD	STR	M	42.0	14.3	6.4	k45	MDD_str_1	GSE54567	MDD	PFC_BA9	M				Mpair29_MDD	MDD matched sample pair brain dorsolateral prefrontal cortex BA9_M #29	False	True
GSE53987__HG-U133_Plus_2|STR	GSM1305031	GSE54567__HG-U133_Plus_2|PFC_BA9	GSM1319073	0.8089469320808782	3.7854987071591535	0.6079312970446741	GSE53987	MDD	STR	M	51.0	24.6	6.5	k36	MDD_str_10	GSE54567	MDD	PFC_BA9	M				Mpair25_MDD	MDD matched sample pair brain dorsolateral prefrontal cortex BA9_M #25	False	True
GSE53987__HG-U133_Plus_2|STR	GSM1305016	GSE54568__HG-U133_Plus_2|PFC_BA9	GSM1319092	0.672844601890059	3.1617717666750744	0.4130410188344876	GSE53987	CTL	STR	F	36.0	14.5	6.4	k20	control_str_12	GSE54568	CTL	PFC_BA9	F				Fpair28_CTL	Control matched sample pair brain dorsolateral prefrontal cortex BA9_F #28	False	True
GSE53987__HG-U133_Plus_2|STR	GSM1305017	GSE54568__HG-U133_Plus_2|PFC_BA9	GSM1319091	0.6658549558245713	3.128628760910956	0.24789011918003004	GSE53987	CTL	STR	F	65.0	18.5	6.5	k21	control_str_13	GSE54568	CTL	PFC_BA9	F				Fpair24_CTL	Control matched sample pair brain dorsolateral prefrontal cortex BA9_F #24	False	True
GSE53987__HG-U133_Plus_2|STR	GSM1305022	GSE54568__HG-U133_Plus_2|PFC_BA9	GSM1319089	0.696167872916315	3.272364391654772	0.3512227907364275	GSE53987	CTL	STR	F	40.0	16.6	6.8	k26	control_str_18	GSE54568	CTL	PFC_BA9	F				Fpair19_CTL	Control matched sample pair brain dorsolateral prefrontal cortex BA9_F #19	False	True
GSE53987__HG-U133_Plus_2|STR	GSM1305038	GSE54568__HG-U133_Plus_2|PFC_BA9	GSM1319096	0.7362487811993905	3.4624171871484144	0.38359612275440047	GSE53987	MDD	STR	F	54.0	17.9	6.2	k43	MDD_str_17	GSE54568	MDD	PFC_BA9	F				Fpair8_MDD	MDD matched sample pair brain dorsolateral prefrontal cortex BA9_F #8	False	True
GSE53987__HG-U133_Plus_2|STR	GSM1305044	GSE54568__HG-U133_Plus_2|PFC_BA9	GSM1319078	0.6574755489633539	3.088895886413563	0.36472816243190725	GSE53987	SCZ	STR	M	58.0	7.7	6.22	k64	schiz_str_6	GSE54568	CTL	PFC_BA9	F				Fpair3_CTL	Control matched sample pair brain dorsolateral prefrontal cortex BA9_F #3	False	False
GSE53987__HG-U133_Plus_2|STR	GSM1305020	GSE54571__HG-U133_Plus_2|ACC_BA25	GSM1319148	0.702963611801558	3.310928404346045	0.4209691917850283	GSE53987	CTL	STR	F	52.0	22.6	7.1	k24	control_str_16	GSE54571	CTL	ACC_BA25	F				Fpair13_CTL	Control matched sample pair brain anterior cingulate cortex BA25_F #13	False	True
GSE53987__HG-U133_Plus_2|STR	GSM1305033	GSE54571__HG-U133_Plus_2|ACC_BA25	GSM1319162	0.7296392392313191	3.437073309243751	0.44230495642217016	GSE53987	MDD	STR	F	26.0	13.4	6.4	k38	MDD_str_12	GSE54571	MDD	ACC_BA25	F				Fpair14_MDD	MDD matched sample pair brain anterior cingulate cortex BA25_F #14	False	True
GSE53987__HG-U133_Plus_2|STR	GSM1305038	GSE54571__HG-U133_Plus_2|ACC_BA25	GSM1319157	0.739106393386581	3.4818420129494814	0.3679607713964388	GSE53987	MDD	STR	F	54.0	17.9	6.2	k43	MDD_str_17	GSE54571	MDD	ACC_BA25	F				Fpair8_MDD	MDD matched sample pair brain anterior cingulate cortex BA25_F #8	False	True
GSE53987__HG-U133_Plus_2|STR	GSM1305019	GSE54572__HG-U133_Plus_2|ACC_BA25	GSM1319168	0.7621448874654829	3.853059407154763	0.33703415807438286	GSE53987	CTL	STR	M	22.0	20.1	6.8	k23	control_str_15	GSE54572	CTL	ACC_BA25	M				Mpair2_CTL	Control matched sample pair brain anterior cingulate cortex BA25_M #2	False	True
GSE53987__HG-U133_Plus_2|STR	GSM1305031	GSE54572__HG-U133_Plus_2|ACC_BA25	GSM1319188	0.795506813481122	4.023649820626458	0.5426394597283539	GSE53987	MDD	STR	M	51.0	24.6	6.5	k36	MDD_str_10	GSE54572	MDD	ACC_BA25	M				Mpair25_MDD	MDD matched sample pair brain anterior cingulate cortex BA25_M #25	False	True
GSE53987__HG-U133_Plus_2|STR	GSM1305046	GSE54572__HG-U133_Plus_2|ACC_BA25	GSM1319169	0.6174903171469158	3.1133933893820758	0.5053252391223274	GSE53987	SCZ	STR	M	38.0	28.8	6.56	k66	schiz_str_8	GSE54572	CTL	ACC_BA25	M				Mpair4_CTL	Control matched sample pair brain anterior cingulate cortex BA25_M #4	False	False
GSE53987__HG-U133_Plus_2|STR	GSM1304990	GSE92538__HG-U133_Plus_2|PFC_DLPFC	GSM2432083	0.6233021123033574	3.544694441583495	0.586463499638551	GSE53987	BD	STR	F	39.0	22.2	6.7	k11	bipolar_str_3	GSE92538	CTL	PFC_DLPFC	M	32.0	10.0	7.04	109882	DLPFC_Male_Control_p_UMichigan_109882	False	False
GSE53987__HG-U133_Plus_2|STR	GSM1305030	GSE92538__HG-U133_Plus_2|PFC_DLPFC	GSM2432068	0.5592394915761465	3.1774919191361786	0.5278463826644647	GSE53987	MDD	STR	M	51.0	28.3	7.3	k52	MDD_str_9	GSE92538	MDD	PFC_DLPFC	M	28.0	33.0	7.07	109248	DLPFC_Male_MajorDepressiveDisorder_p_UMichigan_109248	False	True
GSE53987__HG-U133_Plus_2|STR	GSM1305042	GSE92538__HG-U133_Plus_2|PFC_DLPFC	GSM2431971	0.623354324794523	3.5449937199808135	0.5200362224191467	GSE53987	SCZ	STR	M	47.0	28.9	6.58	k62	schiz_str_4	GSE92538	MDD	PFC_DLPFC	F	46.0	35.0	6.76	104630	DLPFC_Female_MajorDepressiveDisorder_p_UMichigan_104630	False	False
GSE53987__HG-U133_Plus_2|STR	GSM1305046	GSE92538__HG-U133_Plus_2|PFC_DLPFC	GSM2431852	0.6511664670304159	3.7044110005689856	0.5806516061842734	GSE53987	SCZ	STR	M	38.0	28.8	6.56	k66	schiz_str_8	GSE92538	CTL	PFC_DLPFC	M	64.0	24.5	6.55	108425	DLPFC_Male_Control_p_UCDavis_108425	False	False
GSE53987__HG-U133_Plus_2|STR	GSM1305056	GSE92538__HG-U133_Plus_2|PFC_DLPFC	GSM2431717	0.6338737850129169	3.605290540234652	0.6302383497450222	GSE53987	SCZ	STR	F	44.0	24.5	6.63	k57	schiz_str_18	GSE92538	SCZ	PFC_DLPFC	M	39.0	7.5	6.83	101078	DLPFC_Male_Schizophrenia_r_p_UCDavis_101078	False	True
GSE54567__HG-U133_Plus_2|PFC_BA9	GSM1319051	GSE54572__HG-U133_Plus_2|ACC_BA25	GSM1319168	0.819093129024678	3.6255759457019745	0.37736533237977393	GSE54567	CTL	PFC_BA9	M				Mpair2_CTL	Control matched sample pair brain dorsolateral prefrontal cortex BA9_M #2	GSE54572	CTL	ACC_BA25	M				Mpair2_CTL	Control matched sample pair brain anterior cingulate cortex BA25_M #2	False	True
GSE54567__HG-U133_Plus_2|PFC_BA9	GSM1319052	GSE54572__HG-U133_Plus_2|ACC_BA25	GSM1319169	0.92621129242183	4.096188155668831	0.5893423125918366	GSE54567	CTL	PFC_BA9	M				Mpair4_CTL	Control matched sample pair brain dorsolateral prefrontal cortex BA9_M #4	GSE54572	CTL	ACC_BA25	M				Mpair4_CTL	Control matched sample pair brain anterior cingulate cortex BA25_M #4	False	True
GSE54567__HG-U133_Plus_2|PFC_BA9	GSM1319053	GSE54572__HG-U133_Plus_2|ACC_BA25	GSM1319170	0.7424176247523143	3.2887103071253176	0.2667765549713016	GSE54567	CTL	PFC_BA9	M				Mpair7_CTL	Control matched sample pair brain dorsolateral prefrontal cortex BA9_M #7	GSE54572	CTL	ACC_BA25	M				Mpair7_CTL	Control matched sample pair brain anterior cingulate cortex BA25_M #7	False	True
GSE54567__HG-U133_Plus_2|PFC_BA9	GSM1319055	GSE54572__HG-U133_Plus_2|ACC_BA25	GSM1319172	0.7850690460089382	3.47609477096631	0.5085187594278674	GSE54567	CTL	PFC_BA9	M				Mpair15_CTL	Control matched sample pair brain dorsolateral prefrontal cortex BA9_M #15	GSE54572	CTL	ACC_BA25	M				Mpair15_CTL	Control matched sample pair brain anterior cingulate cortex BA25_M #15	False	True
GSE54567__HG-U133_Plus_2|PFC_BA9	GSM1319060	GSE54572__HG-U133_Plus_2|ACC_BA25	GSM1319177	0.7861312314700918	3.480761369341553	0.3197812245502519	GSE54567	CTL	PFC_BA9	M				Mpair26_CTL	Control matched sample pair brain dorsolateral prefrontal cortex BA9_M #26	GSE54572	CTL	ACC_BA25	M				Mpair26_CTL	Control matched sample pair brain anterior cingulate cortex BA25_M #26	False	True
GSE54567__HG-U133_Plus_2|PFC_BA9	GSM1319065	GSE54572__HG-U133_Plus_2|ACC_BA25	GSM1319180	0.7899646418855286	3.4976030485685388	0.28871211702424254	GSE54567	MDD	PFC_BA9	M				Mpair2_MDD	MDD matched sample pair brain dorsolateral prefrontal cortex BA9_M #2	GSE54572	MDD	ACC_BA25	M				Mpair2_MDD	MDD matched sample pair brain anterior cingulate cortex BA25_M #2	False	True
GSE54567__HG-U133_Plus_2|PFC_BA9	GSM1319067	GSE54572__HG-U133_Plus_2|ACC_BA25	GSM1319182	0.8706646322704651	3.852149837039417	0.28232327426036263	GSE54567	MDD	PFC_BA9	M				Mpair7_MDD	MDD matched sample pair brain dorsolateral prefrontal cortex BA9_M #7	GSE54572	MDD	ACC_BA25	M				Mpair7_MDD	MDD matched sample pair brain anterior cingulate cortex BA25_M #7	False	True
GSE54567__HG-U133_Plus_2|PFC_BA9	GSM1319072	GSE54572__HG-U133_Plus_2|ACC_BA25	GSM1319187	0.7945420094854513	3.5177132242260836	0.7326374892940535	GSE54567	MDD	PFC_BA9	M				Mpair22_MDD	MDD matched sample pair brain dorsolateral prefrontal cortex BA9_M #22	GSE54572	MDD	ACC_BA25	M				Mpair22_MDD	MDD matched sample pair brain anterior cingulate cortex BA25_M #22	False	True
GSE54567__HG-U133_Plus_2|PFC_BA9	GSM1319073	GSE54572__HG-U133_Plus_2|ACC_BA25	GSM1319188	0.9224419504735666	4.079627954409442	0.5972329399349371	GSE54567	MDD	PFC_BA9	M				Mpair25_MDD	MDD matched sample pair brain dorsolateral prefrontal cortex BA9_M #25	GSE54572	MDD	ACC_BA25	M				Mpair25_MDD	MDD matched sample pair brain anterior cingulate cortex BA25_M #25	False	True
GSE54567__HG-U133_Plus_2|PFC_BA9	GSM1319074	GSE54572__HG-U133_Plus_2|ACC_BA25	GSM1319189	0.818634212975466	3.6235597470549887	0.4654566793877228	GSE54567	MDD	PFC_BA9	M				Mpair26_MDD	MDD matched sample pair brain dorsolateral prefrontal cortex BA9_M #26	GSE54572	MDD	ACC_BA25	M				Mpair26_MDD	MDD matched sample pair brain anterior cingulate cortex BA25_M #26	False	True
GSE54567__HG-U133_Plus_2|PFC_BA9	GSM1319076	GSE54572__HG-U133_Plus_2|ACC_BA25	GSM1319190	0.8069428193652294	3.572194857945509	0.39569223147796484	GSE54567	MDD	PFC_BA9	M				Mpair29_MDD	MDD matched sample pair brain dorsolateral prefrontal cortex BA9_M #29	GSE54572	MDD	ACC_BA25	M				Mpair29_MDD	MDD matched sample pair brain anterior cingulate cortex BA25_M #29	False	True
GSE54567__HG-U133_Plus_2|PFC_BA9	GSM1319077	GSE54572__HG-U133_Plus_2|ACC_BA25	GSM1319191	0.7304145051389916	3.2359758831156498	0.3872192630036089	GSE54567	MDD	PFC_BA9	M				Mpair30_MDD	MDD matched sample pair brain dorsolateral prefrontal cortex BA9_M #30	GSE54572	MDD	ACC_BA25	M				Mpair30_MDD	MDD matched sample pair brain anterior cingulate cortex BA25_M #30	False	True
GSE54567__HG-U133_Plus_2|PFC_BA9	GSM1319052	GSE92538__HG-U133A|PFC_DLPFC	GSM2431856	0.6555192236025601	3.0482499730727897	0.5796956741816056	GSE54567	CTL	PFC_BA9	M				Mpair4_CTL	Control matched sample pair brain dorsolateral prefrontal cortex BA9_M #4	GSE92538	CTL	PFC_DLPFC	M	25.0	13.75	6.87	108632	DLPFC_Male_Control_UCDavis_108632	False	True
GSE54567__HG-U133_Plus_2|PFC_BA9	GSM1319052	GSE92538__HG-U133_Plus_2|PFC_DLPFC	GSM2431852	0.6445943531029136	3.423456020592156	0.6214943709403125	GSE54567	CTL	PFC_BA9	M				Mpair4_CTL	Control matched sample pair brain dorsolateral prefrontal cortex BA9_M #4	GSE92538	CTL	PFC_DLPFC	M	64.0	24.5	6.55	108425	DLPFC_Male_Control_p_UCDavis_108425	False	True
GSE54567__HG-U133_Plus_2|PFC_BA9	GSM1319067	GSE92538__HG-U133_Plus_2|PFC_DLPFC	GSM2432083	0.6021499626407777	3.195836360246642	0.5647632793421864	GSE54567	MDD	PFC_BA9	M				Mpair7_MDD	MDD matched sample pair brain dorsolateral prefrontal cortex BA9_M #7	GSE92538	CTL	PFC_DLPFC	M	32.0	10.0	7.04	109882	DLPFC_Male_Control_p_UMichigan_109882	False	False
GSE54568__HG-U133_Plus_2|PFC_BA9	GSM1319078	GSE54571__HG-U133_Plus_2|ACC_BA25	GSM1319142	0.8498589114041736	3.80623919627994	0.4581201453692204	GSE54568	CTL	PFC_BA9	F				Fpair3_CTL	Control matched sample pair brain dorsolateral prefrontal cortex BA9_F #3	GSE54571	CTL	ACC_BA25	F				Fpair3_CTL	Control matched sample pair brain anterior cingulate cortex BA25_F #3	False	True
GSE54568__HG-U133_Plus_2|PFC_BA9	GSM1319082	GSE54571__HG-U133_Plus_2|ACC_BA25	GSM1319145	0.7280164398307644	3.2610578098386576	0.3514674702946886	GSE54568	CTL	PFC_BA9	F				Fpair9_CTL	Control matched sample pair brain dorsolateral prefrontal cortex BA9_F #9	GSE54571	CTL	ACC_BA25	F				Fpair9_CTL	Control matched sample pair brain anterior cingulate cortex BA25_F #9	False	True
GSE54568__HG-U133_Plus_2|PFC_BA9	GSM1319083	GSE54571__HG-U133_Plus_2|ACC_BA25	GSM1319146	0.7084613640800254	3.173559065172033	0.3236727069335548	GSE54568	CTL	PFC_BA9	F				Fpair10_CTL	Control matched sample pair brain dorsolateral prefrontal cortex BA9_F #10	GSE54571	CTL	ACC_BA25	F				Fpair10_CTL	Control matched sample pair brain anterior cingulate cortex BA25_F #10	False	True
GSE54568__HG-U133_Plus_2|PFC_BA9	GSM1319084	GSE54571__HG-U133_Plus_2|ACC_BA25	GSM1319147	0.7508041636222678	3.363020965133056	0.3677474210505028	GSE54568	CTL	PFC_BA9	F				Fpair12_CTL	Control matched sample pair brain dorsolateral prefrontal cortex BA9_F #12	GSE54571	CTL	ACC_BA25	F				Fpair12_CTL	Control matched sample pair brain anterior cingulate cortex BA25_F #12	False	True
GSE54568__HG-U133_Plus_2|PFC_BA9	GSM1319086	GSE54571__HG-U133_Plus_2|ACC_BA25	GSM1319149	0.802902543736204	3.596133989968144	0.4550936711525469	GSE54568	CTL	PFC_BA9	F				Fpair14_CTL	Control matched sample pair brain dorsolateral prefrontal cortex BA9_F #14	GSE54571	CTL	ACC_BA25	F				Fpair14_CTL	Control matched sample pair brain anterior cingulate cortex BA25_F #14	False	True
GSE54568__HG-U133_Plus_2|PFC_BA9	GSM1319088	GSE54571__HG-U133_Plus_2|ACC_BA25	GSM1319151	0.7903001044913079	3.5397446602758706	0.405640531730576	GSE54568	CTL	PFC_BA9	F				Fpair17_CTL	Control matched sample pair brain dorsolateral prefrontal cortex BA9_F #17	GSE54571	CTL	ACC_BA25	F				Fpair17_CTL	Control matched sample pair brain anterior cingulate cortex BA25_F #17	False	True
GSE54568__HG-U133_Plus_2|PFC_BA9	GSM1319089	GSE54571__HG-U133_Plus_2|ACC_BA25	GSM1319152	0.7850934979966322	3.516447817140911	0.41873314172797904	GSE54568	CTL	PFC_BA9	F				Fpair19_CTL	Control matched sample pair brain dorsolateral prefrontal cortex BA9_F #19	GSE54571	CTL	ACC_BA25	F				Fpair19_CTL	Control matched sample pair brain anterior cingulate cortex BA25_F #19	False	True
GSE54568__HG-U133_Plus_2|PFC_BA9	GSM1319091	GSE54571__HG-U133_Plus_2|ACC_BA25	GSM1319154	0.6739936186707951	3.0193339170192584	0.29975381479824537	GSE54568	CTL	PFC_BA9	F				Fpair24_CTL	Control matched sample pair brain dorsolateral prefrontal cortex BA9_F #24	GSE54571	CTL	ACC_BA25	F				Fpair24_CTL	Control matched sample pair brain anterior cingulate cortex BA25_F #24	False	True
GSE54568__HG-U133_Plus_2|PFC_BA9	GSM1319093	GSE54571__HG-U133_Plus_2|ACC_BA25	GSM1319155	0.7257805878680899	3.251053540743099	0.20578230300665193	GSE54568	MDD	PFC_BA9	F				Fpair3_MDD	MDD matched sample pair brain dorsolateral prefrontal cortex BA9_F #3	GSE54571	MDD	ACC_BA25	F				Fpair3_MDD	MDD matched sample pair brain anterior cingulate cortex BA25_F #3	False	True
GSE54568__HG-U133_Plus_2|PFC_BA9	GSM1319096	GSE54571__HG-U133_Plus_2|ACC_BA25	GSM1319157	0.8376016835638976	3.751394507218768	0.4504476210812963	GSE54568	MDD	PFC_BA9	F				Fpair8_MDD	MDD matched sample pair brain dorsolateral prefrontal cortex BA9_F #8	GSE54571	MDD	ACC_BA25	F				Fpair8_MDD	MDD matched sample pair brain anterior cingulate cortex BA25_F #8	False	True
GSE54568__HG-U133_Plus_2|PFC_BA9	GSM1319098	GSE54571__HG-U133_Plus_2|ACC_BA25	GSM1319159	0.6885120695910895	3.0842963976673707	0.3402762355415374	GSE54568	MDD	PFC_BA9	F				Fpair10_MDD	MDD matched sample pair brain dorsolateral prefrontal cortex BA9_F #10	GSE54571	MDD	ACC_BA25	F				Fpair10_MDD	MDD matched sample pair brain anterior cingulate cortex BA25_F #10	False	True
GSE54568__HG-U133_Plus_2|PFC_BA9	GSM1319101	GSE54571__HG-U133_Plus_2|ACC_BA25	GSM1319162	0.73190442624481	3.278454517212549	0.29536455402515965	GSE54568	MDD	PFC_BA9	F				Fpair14_MDD	MDD matched sample pair brain dorsolateral prefrontal cortex BA9_F #14	GSE54571	MDD	ACC_BA25	F				Fpair14_MDD	MDD matched sample pair brain anterior cingulate cortex BA25_F #14	False	True
GSE54568__HG-U133_Plus_2|PFC_BA9	GSM1319102	GSE54571__HG-U133_Plus_2|ACC_BA25	GSM1319163	0.8450684943072542	3.784804583202865	0.3176468235972015	GSE54568	MDD	PFC_BA9	F				Fpair16_MDD	MDD matched sample pair brain dorsolateral prefrontal cortex BA9_F #16	GSE54571	MDD	ACC_BA25	F				Fpair16_MDD	MDD matched sample pair brain anterior cingulate cortex BA25_F #16	False	True
GSE54568__HG-U133_Plus_2|PFC_BA9	GSM1319095	GSE92538__HG-U133A|PFC_DLPFC	GSM2432009	0.7262777733908821	3.577702850289935	0.7152227895044784	GSE54568	MDD	PFC_BA9	F				Fpair6_MDD	MDD matched sample pair brain dorsolateral prefrontal cortex BA9_F #6	GSE92538	SCZ	PFC_DLPFC	M	64.0	8.5	6.24	106495	DLPFC_Male_Schizophrenia_UMichigan_106495	False	False
GSE54568__HG-U133_Plus_2|PFC_BA9	GSM1319095	GSE92538__HG-U133_Plus_2|PFC_DLPFC	GSM2431716	0.7129985259016633	3.733016995838401	0.7064780976163032	GSE54568	MDD	PFC_BA9	F				Fpair6_MDD	MDD matched sample pair brain dorsolateral prefrontal cortex BA9_F #6	GSE92538	SCZ	PFC_DLPFC	M	39.0	7.5	6.83	101078	DLPFC_Male_Schizophrenia_p_UCDavis_101078	False	False
GSE54571__HG-U133_Plus_2|ACC_BA25	GSM1319154	GSE54572__HG-U133_Plus_2|ACC_BA25	GSM1319169	0.6531878609741021	3.161975418399251	0.5217757853184259	GSE54571	CTL	ACC_BA25	F				Fpair24_CTL	Control matched sample pair brain anterior cingulate cortex BA25_F #24	GSE54572	CTL	ACC_BA25	M				Mpair4_CTL	Control matched sample pair brain anterior cingulate cortex BA25_M #4	False	True
GSE54571__HG-U133_Plus_2|ACC_BA25	GSM1319142	GSE92538__HG-U133A|PFC_DLPFC	GSM2432034	0.5990377464409189	3.0521301196303052	0.5848106276300369	GSE54571	CTL	ACC_BA25	F				Fpair3_CTL	Control matched sample pair brain anterior cingulate cortex BA25_F #3	GSE92538	BD	PFC_DLPFC	F	39.0	23.5	6.44	107706	DLPFC_Female_BipolarDisorder_UMichigan_107706	False	False
GSE54571__HG-U133_Plus_2|ACC_BA25	GSM1319154	GSE92538__HG-U133A|PFC_DLPFC	GSM2431856	0.6109884183141632	3.1136614220611216	0.5646176616490898	GSE54571	CTL	ACC_BA25	F				Fpair24_CTL	Control matched sample pair brain anterior cingulate cortex BA25_F #24	GSE92538	CTL	PFC_DLPFC	M	25.0	13.75	6.87	108632	DLPFC_Male_Control_UCDavis_108632	False	True
GSE54571__HG-U133_Plus_2|ACC_BA25	GSM1319161	GSE92538__HG-U133A|PFC_DLPFC	GSM2431854	0.5960391258953197	3.0366909016831025	0.4730888645321745	GSE54571	MDD	ACC_BA25	F				Fpair13_MDD	MDD matched sample pair brain anterior cingulate cortex BA25_F #13	GSE92538	CTL	PFC_DLPFC	M	50.0	16.5	6.27	108493	DLPFC_Male_Control_UCDavis_108493	False	False
GSE54571__HG-U133_Plus_2|ACC_BA25	GSM1319142	GSE92538__HG-U133_Plus_2|PFC_DLPFC	GSM2431799	0.5715635191783807	3.034538453141217	0.5475237205907266	GSE54571	CTL	ACC_BA25	F				Fpair3_CTL	Control matched sample pair brain anterior cingulate cortex BA25_F #3	GSE92538	CTL	PFC_DLPFC	F	68.0	33.5	6.55	105725	DLPFC_Female_Control_p_UCDavis_105725	False	True
GSE54571__HG-U133_Plus_2|ACC_BA25	GSM1319154	GSE92538__HG-U133_Plus_2|PFC_DLPFC	GSM2431848	0.5713513954355113	3.0334092383972813	0.5483000639855726	GSE54571	CTL	ACC_BA25	F				Fpair24_CTL	Control matched sample pair brain anterior cingulate cortex BA25_F #24	GSE92538	CTL	PFC_DLPFC	M	60.0	36.0	6.59	108066	DLPFC_Male_Control_p_UCDavis_108066	False	True
GSE54572__HG-U133_Plus_2|ACC_BA25	GSM1319169	GSE54572__HG-U133_Plus_2|ACC_BA25	GSM1319188	0.5944685525179503	3.255498685429286	0.19203885153557962	GSE54572	CTL	ACC_BA25	M				Mpair4_CTL	Control matched sample pair brain anterior cingulate cortex BA25_M #4	GSE54572	MDD	ACC_BA25	M				Mpair25_MDD	MDD matched sample pair brain anterior cingulate cortex BA25_M #25	False	False
GSE54572__HG-U133_Plus_2|ACC_BA25	GSM1319174	GSE54572__HG-U133_Plus_2|ACC_BA25	GSM1319186	0.774553384763156	4.172943149513664	0.37546332140039984	GSE54572	CTL	ACC_BA25	M				Mpair20_CTL	Control matched sample pair brain anterior cingulate cortex BA25_M #20	GSE54572	MDD	ACC_BA25	M				Mpair20_MDD	MDD matched sample pair brain anterior cingulate cortex BA25_M #20	False	False
GSE54572__HG-U133_Plus_2|ACC_BA25	GSM1319175	GSE54572__HG-U133_Plus_2|ACC_BA25	GSM1319187	0.7951624207876866	4.277936145176264	0.3917363065484505	GSE54572	CTL	ACC_BA25	M				Mpair22_CTL	Control matched sample pair brain anterior cingulate cortex BA25_M #22	GSE54572	MDD	ACC_BA25	M				Mpair22_MDD	MDD matched sample pair brain anterior cingulate cortex BA25_M #22	False	False
GSE54572__HG-U133_Plus_2|ACC_BA25	GSM1319169	GSE92538__HG-U133_Plus_2|PFC_DLPFC	GSM2431852	0.6688717333316151	3.409577535188828	0.5656245522287827	GSE54572	CTL	ACC_BA25	M				Mpair4_CTL	Control matched sample pair brain anterior cingulate cortex BA25_M #4	GSE92538	CTL	PFC_DLPFC	M	64.0	24.5	6.55	108425	DLPFC_Male_Control_p_UCDavis_108425	False	True
GSE54572__HG-U133_Plus_2|ACC_BA25	GSM1319182	GSE92538__HG-U133_Plus_2|PFC_DLPFC	GSM2432083	0.6374599325825143	3.249279824866552	0.5982420972719646	GSE54572	MDD	ACC_BA25	M				Mpair7_MDD	MDD matched sample pair brain anterior cingulate cortex BA25_M #7	GSE92538	CTL	PFC_DLPFC	M	32.0	10.0	7.04	109882	DLPFC_Male_Control_p_UMichigan_109882	False	False
GSE92538__HG-U133A|PFC_DLPFC	GSM2431718	GSE92538__HG-U133A|PFC_DLPFC	GSM2431902	0.9216970304176426	3.259127308013074	0.9159721649975828	GSE92538	SCZ	PFC_DLPFC	M	39.0	7.5	6.83	101078	DLPFC_Male_Schizophrenia_UCDavis_101078	GSE92538	SCZ	PFC_DLPFC	M	39.0	7.5	6.83	101078	DLPFC_Male_Schizophrenia_UMichigan_101078	True	True
GSE92538__HG-U133A|PFC_DLPFC	GSM2431730	GSE92538__HG-U133A|PFC_DLPFC	GSM2431916	0.8899205848695032	3.1476120817394886	0.8389963278342903	GSE92538	SCZ	PFC_DLPFC	F	59.0	13.25	6.38	101657	DLPFC_Female_Schizophrenia_UCDavis_101657	GSE92538	SCZ	PFC_DLPFC	F	59.0	13.25	6.38	101657	DLPFC_Female_Schizophrenia_UMichigan_101657	True	True
GSE92538__HG-U133A|PFC_DLPFC	GSM2431743	GSE92538__HG-U133A|PFC_DLPFC	GSM2431884	0.8796919052071953	3.11171588544232	0.8495011422072022	GSE92538	SCZ	PFC_DLPFC	M	44.0	24.0	7.21	102118	DLPFC_Male_Schizophrenia_UCDavis_102118	GSE92538	SCZ	PFC_DLPFC	M	44.0	24.0	7.21	102118	DLPFC_Male_Schizophrenia_UCIrvine_102118	True	True
GSE92538__HG-U133A|PFC_DLPFC	GSM2431749	GSE92538__HG-U133A|PFC_DLPFC	GSM2431934	0.8827640411409913	3.1224971395407835	0.5059042480971851	GSE92538	CTL	PFC_DLPFC	F	70.0	20.5	6.63	102420	DLPFC_Female_Control_UCDavis_102420	GSE92538	CTL	PFC_DLPFC	F	70.0	20.5	6.63	102420	DLPFC_Female_Control_UMichigan_102420	True	True
GSE92538__HG-U133A|PFC_DLPFC	GSM2431761	GSE92538__HG-U133A|PFC_DLPFC	GSM2431949	0.9334613443699283	3.300412609427771	0.92690674063309	GSE92538	SCZ	PFC_DLPFC	F	47.0	32.0	7.17	103037	DLPFC_Female_Schizophrenia_UCDavis_103037	GSE92538	SCZ	PFC_DLPFC	F	47.0	32.0	7.17	103037	DLPFC_Female_Schizophrenia_UMichigan_103037	True	True
GSE92538__HG-U133A|PFC_DLPFC	GSM2431771	GSE92538__HG-U133A|PFC_DLPFC	GSM2431838	0.9064216949858733	3.205520541815827	0.7270935395593062	GSE92538	CTL	PFC_DLPFC	M	19.0	6.5	6.59	103984	DLPFC_Male_Control_UCDavis_103984	GSE92538	BD	PFC_DLPFC	M	23.0	9.0	7.12	107366	DLPFC_Male_BipolarDisorder_UCDavis_107366	False	False
GSE92538__HG-U133A|PFC_DLPFC	GSM2431815	GSE92538__HG-U133A|PFC_DLPFC	GSM2431893	0.8829545170848869	3.1231655896338255	0.8794549204256505	GSE92538	SCZ	PFC_DLPFC	M	64.0	8.5	6.24	106495	DLPFC_Male_Schizophrenia_UCDavis_106495	GSE92538	SCZ	PFC_DLPFC	M	64.0	8.5	6.24	106495	DLPFC_Male_Schizophrenia_UCIrvine_106495	True	True
GSE92538__HG-U133A|PFC_DLPFC	GSM2431881	GSE92538__HG-U133A|PFC_DLPFC	GSM2431899	0.8695072922295063	3.075974335337375	0.841351252026904	GSE92538	CTL	PFC_DLPFC	F	57.0	16.5	6.61	109991	DLPFC_Female_Control_UCDavis_109991	GSE92538	CTL	PFC_DLPFC	F	57.0	16.5	6.61	109991	DLPFC_Female_Control_UCIrvine_109991	True	True
GSE92538__HG-U133A|PFC_DLPFC	GSM2431976	GSE92538__HG-U133A|PFC_DLPFC	GSM2432050	0.9473542592750367	3.3491679539138555	0.9397606345237299	GSE92538	BD	PFC_DLPFC	F	56.0	29.0	6.83	104808	DLPFC_Female_BipolarDisorder_UMichigan_104808	GSE92538	CTL	PFC_DLPFC	M	25.0	13.75	6.87	108632	DLPFC_Male_Control_UMichigan_108632	False	False
GSE92538__HG-U133A|PFC_DLPFC	GSM2431718	GSE92538__HG-U133_Plus_2|PFC_DLPFC	GSM2431716	0.8631605988345601	3.8488169751430714	0.8459136245872956	GSE92538	SCZ	PFC_DLPFC	M	39.0	7.5	6.83	101078	DLPFC_Male_Schizophrenia_UCDavis_101078	GSE92538	SCZ	PFC_DLPFC	M	39.0	7.5	6.83	101078	DLPFC_Male_Schizophrenia_p_UCDavis_101078	True	True
GSE92538__HG-U133A|PFC_DLPFC	GSM2431743	GSE92538__HG-U133_Plus_2|PFC_DLPFC	GSM2431741	0.7762006139356531	3.4613507770292875	0.704017175492816	GSE92538	SCZ	PFC_DLPFC	M	44.0	24.0	7.21	102118	DLPFC_Male_Schizophrenia_UCDavis_102118	GSE92538	SCZ	PFC_DLPFC	M	44.0	24.0	7.21	102118	DLPFC_Male_Schizophrenia_p_UCDavis_102118	True	True
GSE92538__HG-U133A|PFC_DLPFC	GSM2431796	GSE92538__HG-U133_Plus_2|PFC_DLPFC	GSM2431770	0.696708086663525	3.1071572090750816	0.6555410987176692	GSE92538	CTL	PFC_DLPFC	M	39.0	30.0	7.02	105669	DLPFC_Male_Control_UCDavis_105669	GSE92538	MDD	PFC_DLPFC	M	24.0	34.5	7.16	103625	DLPFC_Male_MajorDepressiveDisorder_p_UCDavis_103625	False	False
GSE92538__HG-U133A|PFC_DLPFC	GSM2431819	GSE92538__HG-U133_Plus_2|PFC_DLPFC	GSM2431818	0.8137490599850062	3.628654780735552	0.5378851497170353	GSE92538	CTL	PFC_DLPFC	M	48.0	21.0	6.62	106589	DLPFC_Male_Control_UCDavis_106589	GSE92538	CTL	PFC_DLPFC	M	48.0	21.0	6.62	106589	DLPFC_Male_Control_r_p_UCDavis_106589	True	True
GSE92538__HG-U133A|PFC_DLPFC	GSM2431882	GSE92538__HG-U133_Plus_2|PFC_DLPFC	GSM2431717	0.8662082527904016	3.8623963575775226	0.8514087681977281	GSE92538	SCZ	PFC_DLPFC	M	39.0	7.5	6.83	101078	DLPFC_Male_Schizophrenia_UCIrvine_101078	GSE92538	SCZ	PFC_DLPFC	M	39.0	7.5	6.83	101078	DLPFC_Male_Schizophrenia_r_p_UCDavis_101078	True	True
GSE92538__HG-U133A|PFC_DLPFC	GSM2431976	GSE92538__HG-U133_Plus_2|PFC_DLPFC	GSM2431952	0.7017471986608558	3.129609898892647	0.5903535077899771	GSE92538	BD	PFC_DLPFC	F	56.0	29.0	6.83	104808	DLPFC_Female_BipolarDisorder_UMichigan_104808	GSE92538	CTL	PFC_DLPFC	M	63.0	25.0	6.88	103166	DLPFC_Male_Control_p_UMichigan_103166	False	False
GSE92538__HG-U133_Plus_2|PFC_DLPFC	GSM2431716	GSE92538__HG-U133_Plus_2|PFC_DLPFC	GSM2431717	0.9694421233253986	4.064907768714871	0.624734198897003	GSE92538	SCZ	PFC_DLPFC	M	39.0	7.5	6.83	101078	DLPFC_Male_Schizophrenia_p_UCDavis_101078	GSE92538	SCZ	PFC_DLPFC	M	39.0	7.5	6.83	101078	DLPFC_Male_Schizophrenia_r_p_UCDavis_101078	True	True
GSE92538__HG-U133_Plus_2|PFC_DLPFC	GSM2431741	GSE92538__HG-U133_Plus_2|PFC_DLPFC	GSM2431742	0.9264305879668578	3.889734136318559	0.49892631584869485	GSE92538	SCZ	PFC_DLPFC	M	44.0	24.0	7.21	102118	DLPFC_Male_Schizophrenia_p_UCDavis_102118	GSE92538	SCZ	PFC_DLPFC	M	44.0	24.0	7.21	102118	DLPFC_Male_Schizophrenia_r_p_UCDavis_102118	True	True
GSE92538__HG-U133_Plus_2|PFC_DLPFC	GSM2431766	GSE92538__HG-U133_Plus_2|PFC_DLPFC	GSM2431767	0.810699159948503	3.4183932632389844	0.49160499427804527	GSE92538	SCZ	PFC_DLPFC	M	48.0	27.0	6.93	103311	DLPFC_Male_Schizophrenia_p_UCDavis_103311	GSE92538	SCZ	PFC_DLPFC	M	48.0	27.0	6.93	103311	DLPFC_Male_Schizophrenia_r_p_UCDavis_103311	True	True
GSE92538__HG-U133_Plus_2|PFC_DLPFC	GSM2431770	GSE92538__HG-U133_Plus_2|PFC_DLPFC	GSM2431866	0.7545255414443393	3.189614245791863	0.6613741547353895	GSE92538	MDD	PFC_DLPFC	M	24.0	34.5	7.16	103625	DLPFC_Male_MajorDepressiveDisorder_p_UCDavis_103625	GSE92538	MDD	PFC_DLPFC	M	28.0	33.0	7.07	109248	DLPFC_Male_MajorDepressiveDisorder_p_UCDavis_109248	False	True
GSE92538__HG-U133_Plus_2|PFC_DLPFC	GSM2431774	GSE92538__HG-U133_Plus_2|PFC_DLPFC	GSM2431775	0.8633516299300888	3.6328316538806416	0.5242014225954151	GSE92538	CTL	PFC_DLPFC	M	48.0	20.2	6.79	104126	DLPFC_Male_Control_p_UCDavis_104126	GSE92538	CTL	PFC_DLPFC	M	48.0	20.2	6.79	104126	DLPFC_Male_Control_r_p_UCDavis_104126	True	True
GSE92538__HG-U133_Plus_2|PFC_DLPFC	GSM2431778	GSE92538__HG-U133_Plus_2|PFC_DLPFC	GSM2431779	0.796764764212244	3.3616424707824795	0.5050109440940669	GSE92538	SCZ	PFC_DLPFC	M	50.0	6.25	6.81	104259	DLPFC_Male_Schizophrenia_p_UCDavis_104259	GSE92538	SCZ	PFC_DLPFC	M	50.0	6.25	6.81	104259	DLPFC_Male_Schizophrenia_r_p_UCDavis_104259	True	True
GSE92538__HG-U133_Plus_2|PFC_DLPFC	GSM2431782	GSE92538__HG-U133_Plus_2|PFC_DLPFC	GSM2431843	0.7237565844087553	3.064301119347075	0.6676926523992172	GSE92538	MDD	PFC_DLPFC	M	19.0	30.5	7.06	104349	DLPFC_Male_MajorDepressiveDisorder_p_UCDavis_104349	GSE92538	MDD	PFC_DLPFC	F	53.0	19.5	7.16	107845	DLPFC_Female_MajorDepressiveDisorder_p_UCDavis_107845	False	True
GSE92538__HG-U133_Plus_2|PFC_DLPFC	GSM2431802	GSE92538__HG-U133_Plus_2|PFC_DLPFC	GSM2431995	0.7590617209942054	3.208088802496897	0.4989757714526731	GSE92538	MDD	PFC_DLPFC	M	56.0	13.0	6.9	105947	DLPFC_Male_MajorDepressiveDisorder_p_UCDavis_105947	GSE92538	MDD	PFC_DLPFC	M	56.0	13.0	6.9	105947	DLPFC_Male_MajorDepressiveDisorder_p_UMichigan_105947	True	True
GSE92538__HG-U133_Plus_2|PFC_DLPFC	GSM2431823	GSE92538__HG-U133_Plus_2|PFC_DLPFC	GSM2432014	0.7206805716495303	3.0517734026813206	0.5023583492863186	GSE92538	SCZ	PFC_DLPFC	M	63.0	33.0	7.02	106725	DLPFC_Male_Schizophrenia_p_UCDavis_106725	GSE92538	SCZ	PFC_DLPFC	M	63.0	33.0	7.02	106725	DLPFC_Male_Schizophrenia_p_UMichigan_106725	True	True
GSE92538__HG-U133_Plus_2|PFC_DLPFC	GSM2431858	GSE92538__HG-U133_Plus_2|PFC_DLPFC	GSM2432052	0.7894357022784458	3.3317933061270253	0.6389309524974175	GSE92538	MDD	PFC_DLPFC	F	46.0	9.5	7.39	108700	DLPFC_Female_MajorDepressiveDisorder_p_UCDavis_108700	GSE92538	MDD	PFC_DLPFC	F	46.0	9.5	7.39	108700	DLPFC_Female_MajorDepressiveDisorder_p_UMichigan_108700	True	True
GSE92538__HG-U133_Plus_2|PFC_DLPFC	GSM2431877	GSE92538__HG-U133_Plus_2|PFC_DLPFC	GSM2432083	0.8114859544962053	3.4215976514971977	0.5141909204311179	GSE92538	CTL	PFC_DLPFC	M	32.0	10.0	7.04	109882	DLPFC_Male_Control_p_UCDavis_109882	GSE92538	CTL	PFC_DLPFC	M	32.0	10.0	7.04	109882	DLPFC_Male_Control_p_UMichigan_109882	True	True
GSE92538__HG-U133_Plus_2|PFC_DLPFC	GSM2431901	GSE92538__HG-U133_Plus_2|PFC_DLPFC	GSM2432010	0.8509953691885745	3.582508152083182	0.8196993923628821	GSE92538	SCZ	PFC_DLPFC	F	53.0	34.0	6.78	101057	DLPFC_Female_Schizophrenia_p_UMichigan_101057	GSE92538	SCZ	PFC_DLPFC	M	36.0	44.25	7.12	106564	DLPFC_Male_Schizophrenia_p_UMichigan_106564	False	True
GSE92538__HG-U133_Plus_2|PFC_DLPFC	GSM2431911	GSE92538__HG-U133_Plus_2|PFC_DLPFC	GSM2432039	0.8618204663166961	3.62659566416962	0.8458521546528238	GSE92538	SCZ	PFC_DLPFC	M	45.0	20.0	7.05	101421	DLPFC_Male_Schizophrenia_p_UMichigan_101421	GSE92538	CTL	PFC_DLPFC	M	56.0	27.5	6.85	108017	DLPFC_Male_Control_p_UMichigan_108017	False	False
GSE92538__HG-U133_Plus_2|PFC_DLPFC	GSM2431915	GSE92538__HG-U133_Plus_2|PFC_DLPFC	GSM2431931	0.8220384153508628	3.4645747943315834	0.807630086474499	GSE92538	SCZ	PFC_DLPFC	F	32.0	29.0	6.55	101618	DLPFC_Female_Schizophrenia_p_UMichigan_101618	GSE92538	SCZ	PFC_DLPFC	M	59.0	35.75	6.42	102317	DLPFC_Male_Schizophrenia_p_UMichigan_102317	False	True
GSE92538__HG-U133_Plus_2|PFC_DLPFC	GSM2431930	GSE92538__HG-U133_Plus_2|PFC_DLPFC	GSM2431952	0.8747616411014731	3.6793013529023715	0.8510714313336796	GSE92538	SCZ	PFC_DLPFC	M	42.0	8.5	7.04	102218	DLPFC_Male_Schizophrenia_p_UMichigan_102218	GSE92538	CTL	PFC_DLPFC	M	63.0	25.0	6.88	103166	DLPFC_Male_Control_p_UMichigan_103166	False	False
